-0.34462761827,0.0
-0.343626301376,0.0
-0.342619596326,0.0
-0.341575222688,0.0
-0.340537423828,0.0
-0.339499624968,0.0
-0.338461826107,0.0
-0.337424027247,0.0
-0.336386228387,0.0
-0.335367744417,0.0
-0.334327744417,0.0
-0.333287744417,0.0
-0.332247744417,0.0
-0.331207744417,0.0
-0.330167744417,0.0
-0.329127744417,0.0
-0.328087744417,0.0
-0.327047744417,0.0
-0.326007744417,0.0
-0.324967744417,0.0
-0.323927744417,0.0
-0.322887744417,0.0
-0.321847744417,0.0
-0.320807744417,0.0
-0.319767744417,0.0
-0.318727744417,0.0
-0.317687744417,0.0
-0.316647744417,0.0
-0.315607744417,0.0
-0.314567744417,0.0
-0.313527744417,0.0
-0.312487744417,0.0
-0.311447744417,0.0
-0.310407744417,0.0
-0.309367744417,0.0
-0.308327744417,0.0
-0.307287744417,0.0
-0.306247744417,0.0
-0.305207744417,0.0
-0.304167744417,0.0
-0.303127744417,0.0
-0.302087744417,0.0
-0.301047744417,0.0
-0.300007744417,0.0
-0.298967744417,0.0
-0.297927744417,0.0
-0.296887744417,0.0
-0.295847744417,0.0
-0.294807744417,0.0
-0.293767744417,0.0
-0.292727744417,0.0
-0.291687744417,0.0
-0.290647744417,0.0
-0.289607744417,0.0
-0.288567744417,0.0
-0.287527744417,0.0
-0.286487744417,0.0
-0.285447744417,0.0
-0.284407744417,0.0
-0.283927744417,0.0
-0.282887744417,0.0
-0.281847744417,0.0
-0.280807744417,0.0
-0.279767744417,0.0
-0.278727744417,0.0
-0.277687744417,0.0
-0.276647744417,0.0
-0.275607744417,0.0
-0.274567744417,0.0
-0.273527744417,0.0
-0.272487744417,0.0
-0.271447744417,0.0
-0.270407744417,0.0
-0.269367744417,0.0
-0.268327744417,0.0
-0.267287744417,0.0
-0.266247744417,0.0
-0.265207744417,0.0
-0.264167744417,0.0
-0.263127744417,0.0
-0.262087744417,0.0
-0.261047744417,0.0
-0.260007744417,0.0
-0.258967744417,0.0
-0.257927744417,0.0
-0.256887744417,0.0
-0.255847744417,0.0
-0.254807744417,0.0
-0.253767744417,0.0
-0.252727744417,0.0
-0.251687744417,0.0
-0.250647744417,0.0
-0.249607744417,0.0
-0.248567744417,0.0
-0.247527744417,0.0
-0.246487744417,0.0
-0.245447744417,0.0
-0.244407744417,0.0
-0.243367744417,0.0
-0.242327744417,0.0
-0.241287744417,0.0
-0.240247744417,0.0
-0.239207744417,0.0
-0.238167744417,0.0
-0.237127744417,0.0
-0.236087744417,0.0
-0.235047744417,0.0
-0.234007744417,0.0
-0.232967744417,0.0
-0.231927744417,0.0
-0.230887744417,0.0
-0.229847744417,0.0
-0.228807744417,0.0
-0.227767744417,0.0
-0.226727744417,0.0
-0.225687744417,0.0
-0.224647744417,0.0
-0.223607744417,0.0
-0.222567744417,0.0
-0.222487744417,0.0
-0.221447744417,0.0
-0.220407744417,0.0
-0.219367744417,0.0
-0.218327744417,0.0
-0.217287744417,0.0
-0.216247744417,0.0
-0.215207744417,0.0
-0.214167744417,0.0
-0.213127744417,0.0
-0.212087744417,0.0
-0.211047744417,0.0
-0.210007744417,0.0
-0.208967744417,0.0
-0.207927744417,0.0
-0.206887744417,0.0
-0.205847744417,0.0
-0.204807744417,0.0
-0.203767744417,0.0
-0.202727744417,0.0
-0.201687744417,0.0
-0.200647744417,0.0
-0.199607744417,0.0
-0.198567744417,0.0
-0.197527744417,0.0
-0.196487744417,0.0
-0.195447744417,0.0
-0.194407744417,0.0
-0.193367744417,0.0
-0.192327744417,0.0
-0.191287744417,0.0
-0.190247744417,0.0
-0.189207744417,0.0
-0.188167744417,0.0
-0.187127744417,0.0
-0.186087744417,0.0
-0.185047744417,0.0
-0.184007744417,0.0
-0.182967744417,0.0
-0.181927744417,0.0
-0.180887744417,0.0
-0.180487744417,0.0
-0.179447744417,0.0
-0.178407744417,0.0
-0.177367744417,0.0
-0.176327744417,0.0
-0.175287744417,0.0
-0.174247744417,0.0
-0.173207744417,0.0
-0.172167744417,0.0
-0.171127744417,1.1928940136082038e-08
-0.170087744417,2.693464176422535e-06
-0.169047744417,1.4137064646476749e-05
-0.168007744417,2.633590684450699e-05
-0.166967744417,3.0215134836451095e-05
-0.165927744417,3.060540803181988e-05
-0.164887744417,3.041075360238329e-05
-0.163847744417,3.0252757780834373e-05
-0.162807744417,3.019908981728075e-05
-0.161767744417,3.0227693011840785e-05
-0.160727744417,3.0362252309892754e-05
-0.159687744417,3.060801616334625e-05
-0.158647744417,3.0923682697576654e-05
-0.157607744417,3.131672664009417e-05
-0.156567744417,3.178403311187922e-05
-0.155527744417,3.2326728047208284e-05
-0.154487744417,3.2948182733233476e-05
-0.153447744417,3.364227440131881e-05
-0.152407744417,3.4391406624949576e-05
-0.151367744417,3.518014452399956e-05
-0.150327744417,3.511530006771512e-05
-0.149312832703,3.234783424145142e-05
-0.148397020284,3.6338677581739106e-05
-0.147391750068,3.729722132456087e-05
-0.146384175906,3.823071073292805e-05
-0.145376230618,3.918044210371292e-05
-0.144369870183,3.486578228255245e-05
-0.14349707319,4.311440816583787e-05
-0.142466849655,4.6091873868671194e-05
-0.14143628893,4.891319356992343e-05
-0.14042165182,5.2872570022786064e-05
-0.13938165182,5.3052288400633344e-05
-0.13836569976,5.186053016369811e-05
-0.137356785223,5.199013380204036e-05
-0.136336887662,5.566829026595714e-05
-0.135272343952,5.614494114775233e-05
-0.134231256705,5.62173508289445e-05
-0.133200531527,5.6280647083569266e-05
-0.132180902908,6.112861568514336e-05
-0.131102838698,6.111376839197107e-05
-0.130062838698,6.335142705456724e-05
-0.129022838698,6.334777206412124e-05
-0.128016824012,6.727373910505813e-05
-0.126981461833,6.988689251213165e-05
-0.125941461833,7.233358655224188e-05
-0.124901461833,7.483150898451225e-05
-0.123861461833,7.739834206498767e-05
-0.122821461833,4.270843668944208e-05
-0.122261461833,8.27437193341323e-05
-0.121208227259,8.541176639823418e-05
-0.120159698849,8.940209100017606e-05
-0.11910033387,8.959407030029859e-05
-0.118075435973,9.171324760177791e-05
-0.117061893726,9.741184034573479e-05
-0.116021893726,0.0001008982187206349
-0.114981893726,0.00010449911647730799
-0.113941893726,0.00010823327124550073
-0.112901893726,0.00011211619540025367
-0.111861893726,0.00011615840308504434
-0.110821893726,0.00012036168054530674
-0.109781893726,0.00012311706959291212
-0.108755138178,0.00012651250060546825
-0.10773626702,0.0001384221504805921
-0.106660126661,0.0001418896770905407
-0.105597598246,0.0001395642314821803
-0.104588689804,0.0001445560101110658
-0.103580811055,0.00015187175330416705
-0.102560004271,0.00015523301537074277
-0.101553661627,0.00016131045061264446
-0.100544826347,0.00016720754555555166
-0.099535991067,0.00016124217229869538
-0.098596030408,0.00017812340915694276
-0.097593724425,0.000193739540595306
-0.096542149144,0.00019212176997001715
-0.095534464014,0.0001986832852043067
-0.094526778883,0.0002053581362190315
-0.093519093753,0.00021216144815551906
-0.092511408622,0.0002236157170107195
-0.09148694375,0.00023479841510765394
-0.090456407448,0.00023805817443292915
-0.089451326906,0.00024622086591273226
-0.088444238874,0.0002647262579555518
-0.087395240715,0.00027173653935099
-0.0863465053,0.00022117748359906983
-0.085510800206,0.00027763384256780606
-0.084494313459,0.00029036557018771025
-0.083466029085,0.00029702706478341686
-0.08244919217,0.0003063735827619167
-0.081434360151,0.00031934459370984913
-0.080411369787,0.00032961737723611337
-0.079391494755,0.00034125398698897245
-0.078371619723,0.0003533270337771209
-0.077351744691,0.00016185997268279865
-0.076898466899,0.0003740868993014447
-0.075871828003,0.00039276288373985837
-0.074831828003,0.00040716677274972015
-0.073791828003,0.0004221580417890725
-0.072751828003,0.00043778285909618834
-0.071711828003,0.00045402548729408284
-0.070671828003,0.0004708707308644649
-0.069631828003,0.0004883984084185519
-0.068591828003,0.000506745742590454
-0.067551828003,0.0005259967650268237
-0.066511828003,0.0005452911166868547
-0.065471828003,0.0003467978916348662
-0.064831828003,0.0005805536242031243
-0.063791828003,0.0006033436367447829
-0.062751828003,0.0006275070967882345
-0.061711828003,0.0006532184786053295
-0.060671828003,0.0006806694181466867
-0.059631828003,0.0007098580733408392
-0.058591828003,0.0007407459365279977
-0.057551828003,0.0007733779429209182
-0.056511828003,0.0008078891001997939
-0.055471828003,0.0008445830094584028
-0.054431828003,0.0008837311271566631
-0.053391828003,0.0009256593510336625
-0.052351828003,0.0009697786419424219
-0.051311828003,0.0010090957082280604
-0.050279600875,0.0010610505512781419
-0.049245031222,0.0011595835149617506
-0.048169752591,0.001186754304216591
-0.047123773567,0.001240328686825554
-0.046083773567,0.0012576262919065107
-0.045080973341,0.0014153383349890354
-0.044011299186,0.001450535313612253
-0.042971299186,0.00046418751331709306
-0.042651299186,0.0015575066945711605
-0.041611299186,0.0016460043030587918
-0.040571299186,0.001741896056358
-0.039531299186,0.001845593323583039
-0.038491299186,0.0019576656863834097
-0.037451299186,0.0007768667352363579
-0.037051299186,0.0021239818786096035
-0.036011299186,0.0022642727285428783
-0.034971299186,0.002411110463086363
-0.033931299186,0.002581395804212237
-0.032891299186,0.0027532401059130866
-0.031851299186,0.0029490046661227757
-0.030811299186,0.0016718136117154646
-0.030251299186,0.0032898398198499767
-0.029211299186,0.0035242127633709876
-0.028171299186,0.003838915807496085
-0.027131299186,0.0031621357910968663
-0.026331299186,0.004399042574130363
-0.025291299186,0.004634439747902548
-0.024281835358,0.005078982518845584
-0.023257591096,0.0057682777492734545
-0.022200769851,0.0037584071611274604
-0.021560769851,0.006576279438667636
-0.020520769851,0.007189750506734317
-0.019480769851,0.0067708118894118955
-0.018600769851,0.008725919381895328
-0.017560769851,0.009702952351676224
-0.016520769851,0.0039072540499483395
-0.016120769851,0.011293531457340317
-0.015080769851,0.012675996667845708
-0.014040769851,0.006409530749726869
-0.013560769851,0.015113931410344957
-0.012520769851,0.015157475382251833
-0.011594743593,0.018813999263729928
-0.010574743593,0.009412457898125516
-0.010109743593,0.023232419043733032
-0.0090747624174,0.004382310912886186
-0.0088947624174,0.02486571632306153
-0.0079610124174,0.029632701033544675
-0.0069822624174,0.028236113593182614
-0.0061638288994,0.02752519135822722
-0.0054550788994,0.026840584585448166
-0.0048349226494,0.02530901105725569
-0.0043033601494,0.025578644684984837
-0.0038097663994,0.023329615557766914
-0.0033921101494,0.02291138204178094
-0.0030076765556,0.02064769250087911
-0.0026801960869,0.019761858262351318
-0.0023811921806,0.01839403431639907
-0.0021142244072,0.01639671921666236
-0.001884632122,0.015170928318241326
-0.001678399517,0.014062078433175789
-0.0014921894951,0.01252031480471572
-0.0013300065727,0.011456188229188419
-0.0011843422813,0.010444722013222453
-0.0010536949272,0.009496205236432017
-0.0009365628166,0.008128564273985213
-0.00083745103071,0.007558172407014389
-0.00074622313688,0.006633876848030256
-0.00066682108114,0.005971511543332656
-0.0005958660526,0.0052569901660087575
-0.00053378040264,0.004689961052109259
-0.00047866355012,0.0022733512839362784
-0.00045205541442,0.0007414775227728095
-0.00044339169287,0.000916218033495287
-0.00043268951893,0.0013568157113250923
-0.00041687278128,0.001865258591399735
-0.00039513696253,0.003204439195820269
-0.00035789984158,0.0017637526664835905
-0.00033745336778,0.0013078858465468942
-0.00032231074644,0.00011285933792093833
-0.00032100527965,0.0011673964445166427
-0.00030750496993,0.001224421301562421
-0.00029336102178,0.001115369534371991
-0.00028048828696,0.0012108856063775197
-0.00026652867838,0.0008873600668256645
-0.00025630746686,0.0008065621896633608
-0.0002470238337,0.0002884217177449079
-0.00024370531546,0.0007046601515425405
-0.00023560108269,0.0008063380736776254
-0.00022633271685,0.0007088739407912146
-0.00021818948968,0.0008123318357131059
-0.00020886421939,0.0006965542224811854
-0.00020087292399,0.0006881950981434096
-0.00019298163461,0.0007426490831491843
-0.00018447043752,0.0006108801605916887
-0.00017747236214,0.0007534247036837582
-0.00016884692562,0.000917487058750576
-0.00015834977216,0.00068467876329289
-0.0001505210835,0.0007328928250856142
-0.00014214426323,0.000783379245091989
-0.00013319671912,0.0009295085779024968
-0.00012258607676,0.0009604324447951247
-0.00011162949809,0.0009570813866145249
-0.00010071846713,0.0008818658060873307
-9.0671209344e-05,5.4488004816735156e-05
-9.0050543349e-05,0.0007481449447138452
-8.1532037134e-05,0.000727579996814025
-7.3251881046e-05,0.0006913476727739049
-6.5387890732e-05,0.0006325442931745256
-5.8195828375e-05,0.0006015285804487474
-5.1359094769e-05,0.0005550817389904626
-4.5052624198e-05,0.0005408508689299911
-3.8910038881e-05,0.0005343927203437356
-3.2842882269e-05,0.0005037879182448171
-2.712514728e-05,0.00045775004235085247
-2.1931275862e-05,0.00045766052922619166
-1.673995238e-05,0.0004564506589382076
-1.1563869484e-05,0.0004417369036280591
-6.5559664162e-06,0.0004428962788304813
-1.5362945708e-06,0.00040156347538924654
3.0138079706e-06,0.0003633078697260671
7.1294729131e-06,0.00037646089824112017
1.1393319291e-05,0.000374953403908211
1.563606687e-05,0.0003734124972243729
1.9860108949e-05,1.4629865254476952e-05
2.0025397552e-05,0.0008366813743686734
2.94788932e-05,0.0013444898570366326
4.4661540198e-05,0.0014950176057598906
6.1532177082e-05,0.0015225217630485607
7.8700945818e-05,0.0015679706239437369
9.6368642236e-05,0.0015572190966310565
0.00011390254192,0.0015409308635948049
0.00013124048485,0.0015172225033254065
0.00014830056393,0.0015128969587324575
0.00016530103551,0.0014920088893686312
0.0001820565819,0.0015330352599380664
0.00019926323608,0.0015663224303230782
0.00021683331327,0.0015564624569677306
0.00023428346721,0.0016635014382827406
0.00025292414567,0.00162704707494865
0.00027114724358,0.0017204560370576388
0.00029040732096,0.001826558715498522
0.00031084611508,0.0016922911822589697
0.00032977450312,0.0019211604125221123
0.00035125459379,0.0020498142993004387
0.00037416485736,0.0018711831852700309
0.00039507196208,0.0021313691190279036
0.00041888079012,0.002302423842298208
0.0004445943244,0.002479576813503492
0.00047228176029,0.0023172947298197378
0.00049815495614,0.002634849506029235
0.00052757355787,0.00280413516562363
0.00055888534537,0.0030126060017557806
0.00059253232535,0.003217216268600059
0.0006284782125,0.003221577070988214
0.00066449245576,0.003227671515068781
0.00070060032333,0.003541421016185405
0.0007402550099,0.0037899175150671437
0.00078274535546,0.004071172086589375
0.00082846176046,0.004392533806811971
0.00087789158436,0.004601459585432366
0.00092980131543,0.00487655509884494
0.0009850065406,0.005105123260792504
0.0010430338564,0.006433012593064459
0.0011165306549,0.007019946246510868
0.0011972848439,0.007305772466156258
0.0012820575473,0.007325257827802944
0.0013680112932,0.00850178447559722
0.0014690547594,0.009013585427144801
0.0015778859391,0.009322763830262825
0.0016927547392,0.010284986292289647
0.0018226931882,0.010507185807531304
0.0019594122304,0.010990692831471976
0.0021073702384,0.010501770381772888
0.0022539410504,0.01015081316528372
0.0024005118623,0.009859494201591597
0.0025470826743,0.009698963066336002
0.0026936534862,0.011376294390552471
0.0028642987729,0.01235577720791976
0.0030426222225,0.013597885179476377
0.0032209456721,0.01533297063862283
0.0033992691217,0.017812748269559555
0.0035775925713,0.021305344366108394
0.0037559160209,0.02530866141370844
0.0039342394705,0.03112958009126306
0.0041179569751,0.04260415714007054
0.0043247501145,0.052930334120189056
0.0045372414715,0.06277987212399681
0.0047497328284,0.07284432388724053
0.0049622241853,0.07605235850907562
0.0051589855616,0.1077941720596396
0.005409559138,0.10680706501859247
0.0056362740374,0.10744517280798394
0.0058514044296,0.12888742033330575
0.0060970012865,0.13639173825412793
0.0063485210426,0.13938233688611673
0.006600586146,0.14043983845699012
0.0068526512494,0.1394967117399616
0.0071034139329,0.13841596190872685
0.0073542865901,0.1374630875495895
0.0076065861543,0.1354541992539034
0.0078590571677,0.13249127764485444
0.0081102441952,0.12966515598834794
0.0083604390036,0.1288190048604071
0.0086134997751,0.12696041266844532
0.0088673887231,0.1251047764534633
0.0091220009678,0.12221272157810162
0.0093750334404,0.11982510602962504
0.0096271752907,0.11893791088298207
0.0098814194779,0.11528163873614389
0.010131553377,0.11469773024247348
0.010383960319,0.11316930188113124
0.010636367261,0.11172203386187539
0.010888774204,0.11034387012022709
0.011141181146,0.10915509194523984
0.011393588088,0.10806497630332083
0.01164599503,0.10615393418894607
0.011896411254,0.10637690453822252
0.012149601588,0.10550310830824378
0.012402791922,0.1046156480882965
0.012655982256,0.10384940007806363
0.01290917259,0.1032515705822152
0.013162362924,0.10270179051194261
0.013415553259,0.10222557004553591
0.013668743593,0.10189236253989203
0.013921933927,0.10156968806069783
0.014175124261,0.10113491130136922
0.014428314595,0.10072051060125317
0.014681504929,0.10044140406294269
0.014934695263,0.10003140529316155
0.015187885597,0.09953156272790079
0.015441075931,0.09924399100894461
0.015694266265,0.0990812513539193
0.015947456599,0.10181292901050941
0.01620812944,0.10014128046949645
0.01646524862,0.09993281459885198
0.0167223678,0.0998587947953927
0.01697948698,0.09974022595683937
0.017236606159,0.09958616031205718
0.017493725339,0.09949863291984551
0.017750844519,0.09953532316637712
0.018007963699,0.09965842728087053
0.018265082879,0.0997350529715636
0.018522202059,0.09972827766259705
0.018779321239,0.09974850415855231
0.019036440419,0.09995798175274502
0.019293559599,0.10036993674241264
0.019550678778,0.10075573889818888
0.019807797958,0.10093279392021909
0.020064917138,0.10098196811460028
0.020322036318,0.10102793138947719
0.020579155498,0.10115152921987505
0.020836274678,0.10133257350161247
0.021093393858,0.10145002430307706
0.021350513038,0.10154917771018798
0.021607632218,0.10165482143779841
0.021864751397,0.10175083299866262
0.022121870577,0.10183459843297742
0.022378989757,0.1018333252405725
0.022636108937,0.10181073571573326
0.022893228117,0.10188627798583819
0.023150347297,0.10204554946231546
0.023407466477,0.10219649784479519
0.023664585657,0.10224413823313791
0.023921704837,0.10216636570672231
0.024178824016,0.10207570359124768
0.024435943196,0.10046153364091731
0.024688929563,0.09993767633175012
0.024940279976,0.03166860098686878
0.025019857108,0.3993437609730809
0.026020887515,0.4058136736018145
0.02703460622,0.40825575075276893
0.02805123552,0.40826625509638326
0.029062655133,0.4090465792430675
0.030074074745,0.40429531056619084
0.031075852417,0.19874347218239818
0.03156881645,0.40533795930811406
0.032571436558,0.4078534577860823
0.033572867525,0.4147318483592489
0.034584338762,0.41556369144569577
0.035594304504,0.41508347334726853
0.036601171343,0.41528083695617096
0.037607369454,0.42787833259910246
0.038643132641,0.4136222817060565
0.039643192269,0.42393880727437155
0.040665258823,0.4250172828253849
0.041687325378,0.4249876806024235
0.042709391933,0.4252215071521991
0.043734650529,0.4253816005412427
0.044762948833,0.4280000189505846
0.045797340646,0.4201413700598397
0.046808828146,0.4266361560469367
0.047829268898,0.42477731914325934
0.048839696101,0.4315788966347789
0.049864707991,0.42496944209206455
0.050875610663,0.4368520038010132
0.051917846275,0.42540101755928594
0.052933840738,0.4234354907295516
0.053943350728,0.4311318111696477
0.054974777378,0.4277215495395962
0.05600831588,0.41836386475350773
0.057024494254,0.4304263320179842
0.058067610405,0.4191569100528637
0.059082548973,0.41803039883884163
0.060093040933,0.4320096341360467
0.061130150828,0.442712906633491
0.06218506191,0.4288982468067719
0.063203864441,0.42229710315801267
0.064206215077,0.43818324651716617
0.065244140974,0.42268160270811445
0.066245802477,0.42783079224144915
0.067264149841,0.42133876075007537
0.068270770805,0.4351831538131989
0.069310506667,0.4229123109136707
0.070319205732,0.43579474831268944
0.071356681217,0.4501726249560531
0.072429118084,0.42419389499679105
0.073443615324,0.41849285481229737
0.07444646983,0.4255720507426711
0.075466705589,0.423273301399118
0.076478568887,0.431249261454614
0.077508327487,0.4158340283499973
0.078509778137,0.4132218628123471
0.079517944334,0.42790783451667175
0.080573161195,0.4069481020693173
0.081581241195,0.42803067881650264
0.082644429675,0.40079854394209546
0.083644677609,0.40122563461348537
0.084651890069,0.4070158597623251
0.08567808928,0.3955181702907794
0.086678409632,0.40489458485581575
0.08770705651,0.41173066439778605
0.088758119386,0.39031869825318244
0.089758221572,0.08889835201139097
0.089986544372,0.39721469831130535
0.091009302035,0.41116140555391223
0.092071307199,0.40380242114228304
0.09311699354,0.3869788225925846
0.094122290037,0.3929736545571536
0.095148553763,0.3821391230153377
0.096153208303,0.391711250817769
0.097190654935,0.3758738074405226
0.09819259035,0.3789373347891974
0.099208557469,0.38149693143043584
0.100237047469,0.3809486224219074
0.101269208356,0.37162479927308867
0.102281987675,0.3649803685664726
0.103282904611,0.364778724837662
0.104289072803,0.3672873115234182
0.10530763961,0.36201026590044644
0.106316879962,0.359405546764114
0.107325041148,0.3603822438767519
0.108341838279,0.36161234310720963
0.109368164722,0.3601815388586437
0.110396876102,0.35825123985636137
0.111424468043,0.3539822827220143
0.112444327699,0.34599427223356816
0.113445184803,0.34467288694212167
0.114446126374,0.3471686998024693
0.115458698015,0.3519177716374818
0.11648911819,0.34578050557906315
0.117506251567,0.34319893220297243
0.118521227834,0.3391747490554822
0.11952859016,0.344248868816654
0.120554829677,0.341219220798916
0.121575251487,0.3346620600099492
0.122579847927,0.3421338862407129
0.123613000864,0.33135951884927184
0.124619147801,0.33161077860844046
0.125629349683,0.32936190628530404
0.126636396383,0.33312430606845556
0.127658107807,0.326386165708758
0.128661262772,0.3255155273199894
0.129663556825,0.3296295261426312
0.130681136666,0.3282061335538443
0.131696404822,0.3261724603608795
0.132707827687,0.3241256816482668
0.133715931934,0.32762651237546403
0.134736938065,0.3210549757187533
0.135739930299,0.32411313970669203
0.136754487357,0.3200914514767136
0.137758399957,0.3271590008325249
0.138788138572,0.31661253505114995
0.139788711061,0.31531940438759615
0.14078888625,0.3200974881589658
0.141807757009,0.3164986053121263
0.142818176551,0.3132520517446695
0.143820549058,0.3131394332980921
0.144824376585,0.3131377898884393
0.145830826163,0.3135758291680081
0.146841518554,0.31120656014342063
0.147846724329,0.3106434785526207
0.14885278243,0.31018111312118085
0.149861088286,0.3068248239081991
0.150862801778,0.30691751016063956
0.151869189551,0.3084187726493865
0.152884674229,0.3079659484577555
0.153902578594,0.3050270194626455
0.154914454424,0.30208925853093616
0.155920437559,0.30145121521611495
0.156928618328,0.14895436470038234
0.15742868591,0.3007624041204377
0.158440359056,0.29662279591890167
0.159440366456,0.29734689611347925
0.160444403459,0.297047028242797
0.161448648454,0.29777542455932426
0.16245739234,0.22998433350575972
0.163237975997,0.2880787626638273
0.164217431367,0.29554621025992955
0.165224274466,0.26961117953668634
0.166144396107,0.2948691757031896
0.167152801511,0.24774486349311986
0.168002069492,0.29557221617494045
0.16901810443,0.27974067570834166
0.169982770634,0.2907285767989541
0.170988925858,0.2896786478801062
0.171995081081,0.28866332273128026
0.173001236305,0.28776882867899173
0.174007618108,0.28506972235927025
0.175008081571,0.2840029924001962
0.176008457527,0.28691287630724144
0.17702162447,0.24087139503486157
0.177873286881,0.25303238918870113
0.178769259449,0.2825860029448438
0.17977072118,0.23720119775313547
0.180611526767,0.2488561926172888
0.181494119068,0.2485477193717919
0.18237671137,0.2483528579518556
0.183259303671,0.24809938841485324
0.184141895973,0.2819605018284037
0.185145966505,0.282835719209649
0.186154874029,0.28249684565180966
0.187163781552,0.20053865569811774
0.187880398975,0.2379246533466454
0.188731241035,0.2383531311752852
0.189584679647,0.27870378204513346
0.190584720327,0.21146066338121197
0.191345246923,0.1749734706813235
0.191976609559,0.22715760069044788
0.192798009489,0.11833399229559496
0.193226417363,0.2627089376832101
0.194180975621,0.1840485569184583
0.194851712101,0.13537765404803387
0.195345492484,0.2735826770665364
0.196346179946,0.2232230049330915
0.19716434592,0.2730970449617737
0.198165192543,0.23600148708778573
0.199030523436,0.1906280531448051
0.199730086185,0.14932390546169572
0.200278405124,0.19231351512717113
0.200985058615,0.2593308453002534
0.201938022751,0.16355326933741293
0.20253915972,0.2738078118517401
0.2035458648,0.21851828632576054
0.204349980969,0.2749125334838502
0.205363111339,0.27189969977508976
0.2063654704,0.27313007386214677
0.20737281956,0.2724400852102968
0.208379013003,0.2730576775951885
0.209388399007,0.27271495081000363
0.210395480765,0.25394058030581584
0.211332793878,0.1856907714923369
0.212018727196,0.2712627067339654
0.213021496525,0.20928523057554252
0.213796071139,0.25910276614135236
0.214756461343,0.2695732732732266
0.215757696262,0.2693457162141021
0.216759670953,0.25188458161782945
0.217698028767,0.21816055228606568
0.218511502122,0.2654836148275899
0.219502212384,0.11262783659433527
0.219923176955,0.2622946822109642
0.220905572528,0.24530247697288385
0.221826392235,0.12928645292553662
0.222312016494,0.1394725861061263
0.222836415957,0.24052970395638645
0.223741793654,0.26576003839413037
0.224742810765,0.24608604892602992
0.225669265226,0.10635762032912563
0.226069936436,0.2659523085973964
0.227072738629,0.09573436991767739
0.22743399929,0.2663124343404923
0.228439419549,0.08610460820325176
0.228764577607,0.18890388793938998
0.229477744947,0.20319423139123452
0.2302452764,0.12376911503594656
0.230713050747,0.18794802595569385
0.231423519753,0.203016936885345
0.232191911787,0.12464792710719877
0.232664001006,0.21034094447800356
0.233463601957,0.19994617218411842
0.234225026286,0.26330972983264717
0.235229851518,0.18740747343635525
0.235946352975,0.18859805766403623
0.236668300432,0.2637242336236215
0.23767827655,0.12453299643620407
0.238155523329,0.1407618883325957
0.238695017775,0.12696929444183794
0.239181940116,0.2471505214645308
0.240129910452,0.09743679647385665
0.240503690007,0.15025981887059622
0.241080146111,0.1378581109290077
0.241609073747,0.17406670968240245
0.242277060552,0.219299557038998
0.243119012709,0.01928748360639107
0.243193064969,0.13726493390390285
0.243719592533,0.1197387007583328
0.244178702329,0.20330265805443554
0.244957082969,0.09308786076781754
0.245313331339,0.170270726579497
0.245964370426,0.26311418019292737
0.24696978516,0.12106967387070279
0.24743304196,0.14617287376631782
0.247993278384,0.03266255503681144
0.248118469063,0.22067231533873602
0.248965256261,0.09925320326303474
0.249346590586,0.14985207699204486
0.249922504164,0.13101960634012608
0.250426166156,0.10047851523283788
0.250812553058,0.20369537991904835
0.251595773489,0.08625818630533418
0.251927398961,0.1908908038138126
0.25266105149,0.07445538719224037
0.252947132218,0.25426101548717833
0.253924246424,0.16178060282592044
0.254546555524,0.16168791011810257
0.255169654645,0.2603104935555621
0.256175129286,0.21020636051570718
0.256987756592,0.10849210253702565
0.257407346789,0.16344286842346778
0.258041138164,0.13814077911390055
0.258577598141,0.19505526940848394
0.259337041089,0.1545768468794929
0.259940081152,0.08770440030183631
0.260282293913,0.16398156024242144
0.26092305103,0.07820886570540488
0.261228739872,0.19946093187268185
0.26200889281,0.2584190479431032
0.263018993995,0.2572158526698781
0.264022365675,0.06808104205434573
0.264287691271,0.2278466328122624
0.265175079818,0.17481985602008768
0.265855960918,0.1589313019752385
0.266474793024,0.22630845070184238
0.267356791281,0.1809114479213355
0.26806339312,0.15583459471163072
0.268672454815,0.052274331582585806
0.268876739409,0.19432587794875864
0.26963642284,0.11392480190702774
0.270082248138,0.2559698692362516
0.271084417379,0.23378409799917832
0.272000147905,0.17172765989858235
0.272673829682,0.09356944735354022
0.273041293079,0.2149978898995019
0.27388628241,0.20989912029369368
0.274712128184,0.08197196144133156
0.275034900894,0.1685355104353697
0.275698576756,0.12830121278146153
0.276203581266,0.2545015432620574
0.277205165967,0.14543348843380463
0.277777799336,0.20528589866900024
0.278586862533,0.2543746349397637
0.279590748847,0.25406402865502475
0.280596694,0.25339500382232316
0.281603525582,0.25316739896801116
0.282610357164,0.2532776102468437
0.283617188746,0.25318235551542845
0.284624020328,0.25287639062657224
0.28563085191,0.25278864604756557
0.286637683492,0.2527377856364903
0.287644515074,0.2527172796968129
0.288651346656,0.2528430847975315
0.289658178238,0.2258517563794826
0.290557549466,0.253322129238457
0.29156645699,0.25308907417299015
0.292575364513,0.2526855596357111
0.293584272037,0.25275310097055514
0.29459317956,0.25285915841081474
0.295602087083,0.2168606727195288
0.296466370017,0.1313463638856054
0.296989713364,0.23570181575571267
0.297929138747,0.235126057612095
0.298868483645,0.23481401108702632
0.299807828543,0.23446791507809286
0.300747173441,0.23386656950255444
0.301686518338,0.23378485680105832
0.302625863236,0.23379183234251874
0.303565208134,0.2335606873322923
0.304504553032,0.1847558715322411
0.305248433094,0.2302190325056471
0.306177098816,0.23365865629206084
0.307122478882,0.232891387029636
0.308067858948,0.2324221629952987
0.309013239015,0.23211916112433612
0.309958619081,0.23219567517916984
0.310903999147,0.23255074201818035
0.311849379213,0.23303533640319177
0.312794759279,0.23331281735843631
0.313740139345,0.21713149003006427
0.314619569234,0.19556789449842596
0.315411366242,0.20181545757698335
0.316228581336,0.20157462065565313
0.31704579643,0.20124721332922652
0.317863011524,0.20118190571937722
0.318680226618,0.20082270336664884
0.319497441712,0.2007022930701615
0.320314656806,0.20075326096296986
0.3211318719,0.20068876001649855
0.321949086994,0.20064693121844046
0.322766302088,0.2005982017381994
0.323583517182,0.20023889174381523
0.324400732276,0.1687028540395223
0.325090264606,0.19967323843700022
0.3259074797,0.19958681194177652
0.326724690746,0.19941371503975952
0.327541673605,0.19921299816608254
0.328358166927,0.19938299681869212
0.329174188944,0.19800102132897
0.32998379256,0.17581929962294848
0.330702452072,0.1999127142512981
0.331519667166,0.19963778223499054
0.33233688226,0.199432249667284
0.333154097354,0.19920242195912136
0.333971312448,0.19887355160897105
0.334788527542,0.19843415499747608
0.335605742636,0.1978951169347562
0.33642295773,0.19746204833722092
0.337240172824,0.19722999006802738
0.338057387918,0.19707281344062866
0.338874603012,0.1969842172187103
0.339691818106,0.19702729116201612
0.3405090332,0.19726229133765147
0.341326248294,0.1973249433253073
0.342143463388,0.15551662538386352
0.342787242493,0.1693584490909706
0.343487872717,0.16916581046087487
0.344188502942,0.1689163568777605
0.344889133167,0.16892140986259355
0.345589763391,0.1690005508197394
0.346290393616,0.11980883010293679
0.346787841075,0.1685495317271065
0.3474884713,0.1686723778189128
0.348189101525,0.1685176335205306
0.348889731749,0.16854112054508386
0.349590361974,0.16877819493308524
0.350290992199,0.16886660707826037
0.350991622423,0.16891772512976003
0.351692252648,0.1687823569731292
0.352392882872,0.16859520972810618
0.353093513097,0.16848120545263304
0.353794143322,0.1683875390113447
0.354494773546,0.1683668613384188
0.355195403771,0.1683522160921384
0.355896033995,0.16820241987982915
0.35659666422,0.16797446106378627
0.357297162577,0.16771485649114976
0.357997600117,0.16761353044036154
0.358698037658,0.16760477618024797
0.359398475198,0.16058557158169037
0.360070202905,0.16737359510083238
0.36077083313,0.1672193899504549
0.361471463354,0.16690701033607377
0.362172093579,0.16656953691326945
0.362872723804,0.16621858003133252
0.363573354028,0.1658515220624541
0.364273984253,0.15698410855368763
0.364937541864,0.14822556356083572
0.365564022057,0.16579325520316532
0.366264652281,0.1658552263098223
0.366965282506,0.1660808353222206
0.36766591273,0.15790150335235545
0.368330449446,0.15443551461845204
0.368979181135,0.15159776401240227
0.369616124529,0.1780783220424408
0.370364792189,0.22514504494513482
0.371310723384,0.20154845223913612
0.372158035624,0.19041276575652916
0.372958938944,0.19055925191236267
0.373759842265,0.19030638106255676
0.374560745585,0.19042635643254435
0.375361648905,0.19050508201439706
0.376162552225,0.1902097046192638
0.376963455546,0.1902926912076962
0.377764358866,0.166117577980714
0.378463241275,0.13458945512037213
0.379030046087,0.14045343890532738
0.379622416508,0.14938716213846656
0.38025298371,0.1492775659972638
0.380883550913,0.1490915677921435
0.381514118115,0.14875561048956962
0.382144685317,0.14857654145385482
0.382775252519,0.14863711995049325
0.383405819721,0.14856101328581145
0.384036386923,0.1482982215031305
0.384666954126,0.14819989186150737
0.385297521328,0.14822089222360835
0.38592808853,0.14806649964132676
0.386558655732,0.14804544461670818
0.387189222934,0.1481542723123424
0.387819790136,0.02963238657721043
0.387945903577,0.1481876054939918
0.388576470779,0.14842807209946546
0.389207037981,0.14874331342997235
0.389837605183,0.14864820922122954
0.390468172385,0.15283983482563118
0.391117062173,0.16470306204817656
0.391817692398,0.16458440104807137
0.392518322622,0.16442855434487127
0.393218952847,0.1640921478808967
0.393919583072,0.1638709412643684
0.394620213296,0.1436614729307022
0.395234878995,0.14310787827735783
0.395847790315,0.1430004834682424
0.396460701636,0.1429507378368121
0.397073612956,0.14283634628596617
0.397686524277,0.1428238919578716
0.398299435597,0.14280929654210442
0.398912346918,0.14273983218813738
0.399525258238,0.14270043026971516
0.400138169559,0.14262678454837457
0.400751080879,0.14270327424335988
0.4013639922,0.14262908577247066
0.40197690352,0.13425379621096542
0.402553990416,0.13579614155616654
0.403137848936,0.1357444609501543
0.403721707457,0.1356220157269281
0.404305565977,0.13556004968771765
0.404889424498,0.13570430935664288
0.405473283018,0.13571858982646273
0.406057141539,0.13569764625724087
0.406641000059,0.029926826379925636
0.406769448934,0.10739160832965294
0.407230389677,0.1873429352819051
0.408034942136,0.18683989807144852
0.408839494595,0.18649229189783884
0.409644047055,0.1870779777615686
0.410448599514,0.18728710504370485
0.411253151974,0.18713359489773188
0.412057704433,0.18704797009257612
0.412862256893,0.1855440466161242
0.413660693103,0.13499299726078637
0.414241794514,0.1355776544882707
0.414825653034,0.1354932120732475
0.415409511555,0.1354407128086988
0.415993370075,0.13541809735784896
0.416577228596,0.13537942290139693
0.417161087116,0.1352810284154396
0.417744945637,0.13516205933159103
0.418328804157,0.1350862908686377
0.418912662678,0.1351076107264278
0.419496521198,0.13501889103032538
0.420080379719,0.13476047972670305
0.420664238239,0.13463407894967747
0.42124809676,0.13455885236720952
0.42183195528,0.13435893191082532
0.422415813801,0.13421373206466639
0.422999672322,0.13428330472821495
0.423583530842,0.1343607847544447
0.424167389363,0.13435131942473463
0.424751247883,0.1342797133792751
0.425335106404,0.13420838131771676
0.425918964924,0.13416554324764735
0.426502823445,0.13434032044810096
0.427086681965,0.13448687808153317
0.427670540486,0.13469803923918147
0.428254399006,0.1345309349602199
0.428838257527,0.13445292434964728
0.429422116047,0.1340796101685269
0.430005974568,0.13401485925631723
0.430589833088,0.13385496038269287
0.431173691609,0.13378567567877753
0.431757550129,0.13368885318455964
0.43234140865,0.13362729439029994
0.43292526717,0.1335653218657093
0.433509125691,0.13352136354886082
0.434092984211,0.13336752765646648
0.434676842732,0.13331808347811994
0.435260701252,0.13329150582873925
0.435844559773,0.13337901543120578
0.436428418293,0.13342259488890218
0.437012276814,0.1334067338825377
0.437596135334,0.1332737248013849
0.438179993855,0.13320181064883987
0.438763852375,0.13307486022955178
0.439347710896,0.1329539884642186
0.439931569416,0.1329634132793677
0.440515427937,0.13297692895513177
0.441099286457,0.1329038894195682
0.441683144978,0.13270223622702632
0.442267003498,0.1326479056708485
0.442850862019,0.13267887544178386
0.443434720539,0.11015857267722877
0.443919323111,0.13311410328149037
0.444503181632,0.13352395562489466
0.445087040152,0.13346260674103116
0.445670898673,0.13336199295588888
0.446254757193,0.13351125333172423
0.446838615714,0.13339711365491483
0.447422474234,0.1332147393952575
0.448006332755,0.13316649555113635
0.448590191275,0.13328308828371288
0.449174049796,0.1330899176387622
0.449757908316,0.13289489329176712
0.450341766837,0.1329307325460532
0.450925625357,0.13280556569756072
0.451509483878,0.13262801530082227
0.452093342398,0.13265466817508242
0.452677200919,0.13273211550723676
0.453261059439,0.13263340516331204
0.45384491796,0.13241938562595926
0.45442877648,0.13239321015978253
0.455012635001,0.13238039389653347
0.455596493522,0.12937243706357957
0.456168145294,0.12274501604821661
0.456711269989,0.12066960477789285
0.457245209896,0.12278489607566472
0.457788022349,0.12379770220572495
0.458335193134,0.1278334002225727
0.458900294473,0.12778177731594975
0.45946519661,0.1276866999753195
0.460029936505,0.12759370258417466
0.460594498867,0.12731116778370258
0.461158892343,0.12727740323274012
0.461723119278,0.12622447989115437
0.462282652464,0.12635281156470618
0.462842033247,0.1274437567610175
0.463405743769,0.1274117209373807
0.463969275797,0.1253295818908978
0.464523629496,0.1231975436653961
0.465068790688,0.12315939079968717
0.465613869199,0.1210430808089805
0.466149707665,0.1260412778357101
0.466707911581,0.12597840029973714
0.467265947743,0.1269434708629514
0.467828316136,0.12689242519729593
0.468390526601,0.12674333331312151
0.468952556056,0.12662856735206185
0.469514424588,0.12660952116103974
0.470076124363,0.12674783404780113
0.470637641246,0.12686629216000286
0.471199000398,0.12621641438969797
0.471760184261,0.12567715184534745
0.472321198863,0.12552041078647316
0.472882047431,0.1253454135785795
0.47344272178,0.12414485146045337
0.473998744282,0.11808758931494731
0.474527711241,0.11920124975953214
0.475061001761,0.12226524622834258
0.475607581528,0.12219919512931077
0.476153993694,0.12517847364579918
0.476713724634,0.12509312208048431
0.477273287198,0.12493541635248401
0.477832680709,0.11253867292973244
0.478336022058,0.12521567652465046
0.478895098294,0.12537844540497073
0.479454026698,0.1254680924495288
0.480012792199,0.12527282200801867
0.480571394159,0.12519851030928064
0.481129849136,0.12496665808399017
0.481688130274,0.12480864895705047
0.482246241356,0.12468785720866944
0.482804196492,0.12458166349116423
0.48336196857,0.12449785918685156
0.483919593705,0.098885606084561
0.484362624347,0.0829333376376526
0.484734193932,0.08292659486663483
0.485105691747,0.08291311239836822
0.485477118561,0.08289394661741378
0.485848460278,0.09033838529372261
0.486253158129,0.1242858242399693
0.486809933605,0.12420421928724273
0.487366551697,0.12415268083938055
0.48792302922,0.12402171563599339
0.48847931924,0.12391040756526836
0.489035459267,0.12374871215754918
0.489591467869,0.12358724467402978
0.490147276969,0.12346645447422058
0.49070294699,0.12128323303131798
0.491249016951,0.08903317031072658
0.491649936711,0.08949809916443435
0.492053073347,0.0864927920503895
0.492442778733,0.08573893691397977
0.492829087521,0.0863563134114694
0.49321863866,0.08780858214154731
0.493614758236,0.0907201942942799
0.494024119437,0.08771869669106276
0.494420070694,0.09125448296342223
0.494831982091,0.13791744971273523
0.495454299158,0.13188686379290124
0.496049585488,0.12266883120805876
0.496603610112,0.12254182696186801
0.497157450116,0.1224546386430571
0.497711132466,0.12244954214299533
0.498264697559,0.12227870346028935
0.498818099355,0.12217740220936243
0.499371324801,0.1222172049970807
0.499924425252,0.020764078951643006
0.500018426415,0.1098277226208004
0.500517751887,0.10863883281773896
0.501012250095,0.10999487406971102
0.501514732342,0.10914938324042295
0.502013034271,0.10928385030749406
0.502511207417,0.10953889731868041
0.50300926719,0.10991581083969891
0.503507198381,0.11002823941859548
0.504004992614,0.11152359037516747
0.504510772028,0.11022271674864205
0.505012353113,0.11098216583568182
0.505517861461,0.11095209615340551
0.506023239654,0.11096023400156634
0.506528477797,0.11115844486668881
0.507033600384,0.11163822204748905
0.507538605072,0.11191294551102832
0.50804346978,0.11190969458375391
0.508548220567,0.11187783601040686
0.509052824058,0.10632099279352723
0.509532501997,0.08944232213518617
0.509936030565,0.05000377751475456
0.510161557435,0.056842439316939886
0.510417927856,0.04776533783914369
0.510633358893,0.04741960570195488
0.510847355488,0.052379445386963375
0.511083782992,0.06082271108329528
0.511358665774,0.06067678224540817
0.51163327867,0.030097411543096773
0.51176997601,0.038212448288879174
0.511943680075,0.022747221347445085
0.512047083151,0.03182695953059506
0.51219196969,0.018234830500052344
0.512274985113,0.03060108974762255
0.512414298766,0.015648768718921416
0.512485491167,0.03295067744375476
0.512635072472,0.021097373978104537
0.512730844191,0.03384837891996965
0.512883933874,0.03568723154019095
0.513044773552,0.027960526632181362
0.513170261805,0.05072620965082516
0.513396480079,0.038997378298018845
0.513568923901,0.0635561742919879
0.51384693633,0.08068734518814649
0.514193680943,0.06950514924386239
0.51448801548,0.12787647039070996
0.515029903055,0.11003380458603447
0.515509052357,0.0995727564135669
0.515952908999,0.13055799393818265
0.516548658803,0.1161696853196552
0.517090075684,0.11508299842600331
0.517630685425,0.11255618813222654
0.518171295167,0.10478565963596549
0.518677373461,0.10534592648315655
0.519193066499,0.0967355684202571
0.519669426574,0.09801295672658215
0.520155975341,0.09725214557835084
0.520642524108,0.09659133828264482
0.521129072876,0.09601677846664253
0.521615621643,0.0954649409717547
0.52210217041,0.09517506368914795
0.522588719177,0.09481990635506621
0.523075267944,0.09463311231964038
0.523561816711,0.051878618034850034
0.523829418533,0.09428975743471933
0.5243159673,0.09387117935918797
0.524802516067,0.09385212761890642
0.525289064834,0.09367631093286723
0.525775613601,0.09367561195344688
0.526262162368,0.09362466703322776
0.526748711135,0.09362042998605749
0.527235259902,0.09354816229963596
0.52772180867,0.09354814307277311
0.528208357437,0.09354263351607385
0.528694906204,0.09359119616055961
0.529181454971,0.09365570185190554
0.529668003738,0.09375035508958433
0.530154552505,0.09381748360168274
0.530641101272,0.09403894745979419
0.531127650039,0.09425164795235665
0.531614198806,0.09449915029912061
0.532100747573,0.09477676041715477
0.53258729634,0.09517619171404704
0.533073845108,0.09526912782950378
0.533560393875,0.09576769212468861
0.534046942642,0.09593719996884933
0.534533491409,0.09653333489747631
0.535020040176,0.09670589562956189
0.535506588943,0.0972765290991581
0.53599313771,0.09766868618948502
0.536479686477,0.14238403633312482
0.537185413897,0.14823798883519873
0.5379154945,0.12533202329859477
0.538529905201,0.11068075430680552
0.539070514942,0.11079088288934126
0.539611124684,0.11082817624980568
0.540151734425,0.11081823707570265
0.540692344166,0.11072804247775975
0.541232953907,0.11060219918082785
0.541773563648,0.11052454239014013
0.54231417339,0.11026425894422243
0.542854783131,0.10989237461743984
0.543395392872,0.1095642069917295
0.543936002613,0.10931965903073831
0.544476612354,0.10894444976037754
0.545017222096,0.10870053081651748
0.545557831837,0.10843569354429004
0.546098441578,0.10799651929031669
0.546639051319,0.10780784880326086
0.54717966106,0.10755855338982785
0.547720270802,0.10741945162172524
0.548260880543,0.10699973634565593
0.548801490284,0.10673819374982305
0.549342100025,0.1064958882664686
0.549882709766,0.09884589860174428
0.550386005722,0.10873098264996309
0.550940472524,0.11383422450487045
0.551522320412,0.10557703937596444
0.552062755982,0.10548695914876634
0.552603103972,0.10541676548913656
0.553143336601,0.10534743928239756
0.553683436677,0.10517428344483072
0.554223448661,0.10500868256132363
0.55476335931,0.1288669210123803
0.555426962103,0.09834498331049077
0.555935521493,0.00633636571622509
0.55596834719,0.10549945555502223
0.556515442136,0.1053685909744165
0.557062537081,0.10718708786849035
0.557620625245,0.0965941077311447
0.558124265559,0.1051195946600901
0.55867265201,0.11299129198204422
0.559263244559,0.11561701411804226
0.559868608482,0.10228487213558424
0.56040433214,0.09377683949232998
0.560896354112,0.10584042510089468
0.561452362474,0.09598971149864281
0.56195712848,0.12067831475628565
0.562592363087,0.10210260060195313
0.56313097636,0.11713035421127942
0.563749653476,0.13133631928189982
0.564443999166,0.12435164568916014
0.565102337409,0.12276075542802811
0.565753321639,0.12014766143270604
0.56639158424,0.0848239420044973
0.566842318572,0.11252083716244762
0.567441390975,0.12962244530853567
0.568132338866,0.13476848380419185
0.568853151855,0.08254922633103484
0.569294976756,0.09622542220652641
0.569811900159,0.12691955690271062
0.570495753276,0.12277328605718021
0.571158055941,0.14657260338808178
0.571952389013,0.12827612719710546
0.572648523016,0.13998495296278518
0.573407797101,0.10245618319763218
0.573963381422,0.13220773174405714
0.574680753278,0.09734476687185424
0.575209283266,0.12532161177080992
0.575890800925,0.08153841093535434
0.576334364342,0.14412656919754924
0.577122150413,0.16068964379826348
0.578004742715,0.11932368617125153
0.578662713701,0.07801168618958206
0.579093983217,0.07984605300177951
0.579536028332,0.08573917634100119
0.580011626501,0.10513801562654347
0.580595480492,0.17796421946086463
0.581586136573,0.18011653027161653
0.582592291797,0.17953432482608433
0.58359844702,0.17910061611469544
0.584604606931,0.17813835147913376
0.58560832574,0.17812236346263227
0.586615287791,0.17657059025299066
0.587616796869,0.11372274648946076
0.588263837601,0.12177165369054992
0.588958803343,0.17583484425895052
0.589965635261,0.17454483248286687
0.590969399917,0.1738380342152199
0.5919731991,0.1733438683187928
0.592976998424,0.17520085699251853
0.593993611706,0.17329866409913125
0.595001682018,0.17270302923419634
0.596009752331,0.17341547462626689
0.597026464096,0.03927835144018996
0.597257301522,0.16966883729408572
0.598257597039,0.16891784396981716
0.599257892555,0.16829684551699273
0.600258188072,0.16804720534127132
0.601259669785,0.1692241404457598
0.602270263305,0.1709581307994638
0.603293053396,0.1706449949885705
0.604315843487,0.17041520827315754
0.605338633578,0.16914584997044382
0.606355554431,0.16832008368090995
0.607370367248,0.1674378572360671
0.608382867248,0.16594542513954344
0.609388617248,0.16755366543355407
0.610405487805,0.1653575225982115
0.611409911295,0.16483638871758383
0.612411758499,0.16924976592661134
0.613441414591,0.16848758222126736
0.614468762421,0.16398001679530327
0.615471584374,0.1667330993988584
0.616493854648,0.16597757282712325
0.61751340061,0.16540909541311266
0.618530411866,0.16605750523733154
0.619552285017,0.16535250403198662
0.62057330632,0.1636829197807528
0.621592570005,0.16201821278886072
0.622607741557,0.16189454357844568
0.623616268573,0.16565964697416408
0.624634973426,0.1651940710430821
0.625643634436,0.12342805376229318
0.626398511033,0.1656355674128612
0.627414228318,0.16443870276975928
0.628425236696,0.16274278450708934
0.62942856308,0.1622761569803497
0.630432446365,0.16143053398116786
0.631433767728,0.1628159765969985
0.632444461133,0.16603504772481012
0.633474775587,0.1629096914988458
0.634485642853,0.16214327164612996
0.635492710813,0.1628570286967673
0.63650621439,0.16341817380067145
0.63752527976,0.1630099067128672
0.638543295347,0.16295599183361095
0.639561841319,0.16028782759158397
0.640564581069,0.16328407974166384
0.641587670306,0.16331047910891217
0.642612227129,0.1630307208018632
0.643634849537,0.16209720017837997
0.644650754215,0.16124844155011103
0.645661128299,0.16248603495213038
0.646679253163,0.162514494599573
0.647697288316,0.16089841507768424
0.648705886037,0.1620718076291082
0.649723923594,0.15925172875928734
0.65072633691,0.16182468363158603
0.651745958633,0.1617466778203181
0.652765233249,0.16224971483801665
0.65378794315,0.16250026104767323
0.654813451205,0.1583807191197809
0.65581452375,0.16099313189700296
0.65683301792,0.15966528879043498
0.657842840591,0.1595036217315484
0.658850762451,0.159701337288457
0.659860207603,0.16489584958584574
0.660904269443,0.15854622443544197
0.661909456818,0.15806095939487566
0.66291132793,0.16082282785976978
0.663930232435,0.15831313510122969
0.664933737183,0.15897088438829934
0.665942421208,0.158504029599783
0.666949372617,0.16032003271608736
0.667969097682,0.15854838896849083
0.668978426506,0.1633551735500359
0.670018557898,0.15943165857891406
0.671033336235,0.15860782917276411
0.672042719213,0.15729803388405644
0.673044721732,0.15832636752366977
0.674055646012,0.1619370222050089
0.675092124647,0.16233482111700842
0.676132105298,0.16070165450283544
0.677161783648,0.15816763403949696
0.678175369857,0.15861013076920077
0.67919202396,0.15885290833109889
0.680210559634,0.16089622052278849
0.681242587582,0.1579337645068482
0.68225633763,0.15730574358228985
0.683267015988,0.15789999398298415
0.684282100058,0.1627915033455304
0.685328770632,0.15898868262635965
0.686350941699,0.15701064509037868
0.687360317715,0.15630860486449044
0.688365607849,0.15580882218433814
0.689368281221,0.15764649586277713
0.690382852481,0.1554016688274804
0.691383015513,0.15841515820379581
0.692403235406,0.15572252515489593
0.693407186268,0.1555098888353828
0.694410576141,0.1560345973802003
0.695417617143,0.15535110761185944
0.696419962034,0.1577389820654473
0.697437884439,0.15697492716570968
0.698451821875,0.15596804170301246
0.699459948827,0.15488880482365386
0.70046123291,0.159138737309677
0.701490126507,0.15640386466462908
0.702502147274,0.15768737557998908
0.703523984319,0.15674173433207159
0.704541172646,0.16004180095617498
0.705580785138,0.15511478681905672
0.706588962922,0.15516322410143574
0.707597887342,0.15520468061814613
0.70860767848,0.1550042730453871
0.709616848594,0.1544689149838996
0.710623132918,0.15474929729071518
0.711631661465,0.1554308383797553
0.71264478373,0.1595881412748853
0.713685355893,0.1550198992804439
0.714696882859,0.15626832935688306
0.715717409434,0.15564448685950036
0.716734774787,0.16084402703067008
0.717787637465,0.1541401447758748
0.718798284551,0.15692879434042364
0.71982865625,0.15547063992351662
0.720850660203,0.15325589737883122
0.72185889906,0.15270284544941595
0.72286407998,0.15227593850519097
0.723866995997,0.15303441785963773
0.724875281183,0.15383892887767459
0.725889188399,0.15356075123552299
0.726901649805,0.15808332381138168
0.72794438164,0.15321692128826173
0.728955272163,0.15421229948398318
0.72997266723,0.1277519137724874
0.730815425145,0.1521027529356473
0.731818906092,0.15604147067296867
0.732848601235,0.15341368280877443
0.733861320865,0.15355275539227622
0.734875610322,0.15465476219846788
0.735897872957,0.15129648950896235
0.73689827518,0.1525750205451402
0.73790724544,0.1520656745577525
0.738912948589,0.15383932240031925
0.739931038541,0.15320633640105114
0.740946345384,0.1513672733979494
0.741951008209,0.15141124914645543
0.742957591769,0.1590845134432545
0.74401670171,0.15167709842295463
0.745026788309,0.15222358992455248
0.746040277258,0.15058030088546365
0.747042674375,0.15097257277791903
0.748048071634,0.1530451805135891
0.749067851041,0.1521251261213585
0.75008202561,0.15173038835288633
0.751094590748,0.15186210829835747
0.752108882455,0.15117906479444915
0.753119561533,0.15216129337848996
0.754138962492,0.15118500814707644
0.755154082081,0.15038872176289209
0.756164878246,0.15005656451879162
0.757173904016,0.1499700568130872
0.758183112983,0.15078504662119935
0.759198628119,0.1495799778978634
0.760206291008,0.15014895583654925
0.761217793796,0.1499203623882356
0.762227731019,0.1489196740449009
0.763230636827,0.14951755302315692
0.764237319277,0.15034865562419897
0.765249649224,0.15112343420778324
0.766267739038,0.15008334797684722
0.767279784183,0.14860502608596085
0.768282244612,0.14862976372820216
0.769285024304,0.14958119358993216
0.770294675523,0.14978146551618027
0.77130595522,0.14951910918252242
0.772315666069,0.14978549736881616
0.773327818303,0.14871021454345415
0.774333656376,0.1492622148837763
0.775344103327,0.14789408455311878
0.776345998373,0.14759266428709966
0.777346636638,0.14823854925207394
0.778352210035,0.1478983198522519
0.77935581773,0.14904439929225666
0.78036809814,0.14727506382968344
0.781369535349,0.14813945476668522
0.78237795425,0.15040800632902093
0.783402641473,0.14753872011741614
0.78440835808,0.14835939737808723
0.785420234152,0.15049832618659034
0.786447229447,0.1471208735090833
0.787451547282,0.1477305183978315
0.788460008245,0.14844353953852227
0.78947302978,0.1477675025042404
0.790481574022,0.1494542316998185
0.791502553372,0.1502397115334942
0.792529844128,0.1470570117533564
0.793535893192,0.1472089722568488
0.79454367937,0.1471259290209735
0.7955516998,0.1475804034922764
0.796563288344,0.14819844959224207
0.797579613448,0.14857101678595958
0.798599271506,0.14836214812245385
0.799618145856,0.14712856457742385
0.800628898248,0.14085793091901344
0.801596829533,0.13387206554400105
0.802517063432,0.1467039637597115
0.803526208227,0.14653533942639896
0.804535249508,0.1456912680711576
0.805539863895,0.1478001998561793
0.806560503325,0.1451303735715139
0.807563404587,0.14573728938974087
0.808571142811,0.14547192317892685
0.809577855103,0.14471841466208035
0.810579806508,0.14572886923687112
0.81158901439,0.14632399816648026
0.812602635299,0.14586675494017537
0.813613218123,0.1449102436369631
0.814616846521,0.14631646591666694
0.815629843131,0.14513408301123093
0.816634594282,0.14611060678645527
0.817646746866,0.1455198268434939
0.818655870076,0.14565139274046046
0.81966677351,0.14491625933483224
0.820673303291,0.14400915525208371
0.821674319372,0.14425094726911847
0.822677926142,0.14471709715349512
0.823685318777,0.14461301110879723
0.824692166524,0.1445982315893951
0.82569925363,0.14514300559602156
0.826710597311,0.1445979793778641
0.827718149299,0.14472038838964976
0.828726638681,0.14483063248378922
0.829736799111,0.1456879612484863
0.83075417709,0.14791467301086328
0.831788192354,0.14367485236263458
0.832793133706,0.14384915785130478
0.8337997656,0.14396234495534713
0.834807795226,0.14483584789595974
0.835822386653,0.1446683056474
0.836837011614,0.1431366520799408
0.83784241989,0.14660255076220638
0.838872415345,0.14252618000655443
0.839873851166,0.14349909567159205
0.84088315351,0.14342293840687634
0.841893267757,0.14262577644579252
0.842898989311,0.1435291769235405
0.84391179454,0.1431829298199731
0.844922757397,0.14237565528465979
0.845929124944,0.14224095347233282
0.846935307089,0.1446778523348225
0.847958946752,0.14760729066287087
0.849003520316,0.14266713946596613
0.850013472909,0.14260953306842344
0.851022903401,0.14355440240496387
0.852038880715,0.10205356902482816
0.852761692485,0.141045193302668
0.85376125389,0.14223769277814458
0.854769676877,0.14113020834834952
0.855770310479,0.14129741209667007
0.856772095453,0.142889568400187
0.857785209442,0.14232490944981346
0.858794646385,0.14143676698719718
0.859798417052,0.1415158662738526
0.860803540962,0.14214103824197014
0.861813914246,0.14280637364250395
0.862829794912,0.14083691731470802
0.863832365076,0.1413799830180223
0.864839707068,0.14175888073903262
0.865850952698,0.14030674855126146
0.866852685845,0.1411209100706479
0.86786052964,0.14172122244279575
0.868872531328,0.1414766574629976
0.869882561365,0.14026880492470864
0.870884094011,0.14018011888453358
0.871885423468,0.14176099379029947
0.872898939069,0.14025064236161874
0.873903482115,0.14104547260217307
0.874915380148,0.13523434301544524
0.875886232061,0.1406423400350752
0.876895937045,0.1407811516385015
0.877906547226,0.1395062489185839
0.878908377484,0.1403281976048427
0.87991664589,0.14401830608331162
0.880951436667,0.14111246030001137
0.881965029211,0.13937825110324792
0.882966413626,0.14140883691710782
0.883983433908,0.14235697542782477
0.885007940961,0.14104855166181005
0.886023193798,0.13896927072623416
0.887023531217,0.14067545725032393
0.888036949611,0.13902825689583304
0.889040323845,0.13959518247933367
0.890049592345,0.13927387387015852
0.891057799358,0.13999173168544146
0.89207231062,0.13978161181345145
0.893086261554,0.13936166394772187
0.894097308129,0.14404022884701945
0.895141802042,0.13922008237633507
0.896150722279,0.13882111885170476
0.89715598144,0.1400658215692299
0.898169958095,0.13922192548404427
0.899178389912,0.13888539612026138
0.900185196623,0.1379461786654958
0.901186012807,0.1379312477901604
0.902187385232,0.13949032938052766
0.903200177186,0.13982744830313174
0.904215919238,0.13780715326622991
0.905218460155,0.13762951443129312
0.906221051775,0.13889928297972517
0.907233980271,0.13758227182346353
0.908238360455,0.13773027623444642
0.909244642627,0.13874916772281878
0.910259332607,0.13729182453288427
0.911264344453,0.1385327100501605
0.912278771382,0.13841472855458384
0.913291969744,0.13706330775271966
0.914294921263,0.13858108911677994
0.915308863902,0.1404808527558456
0.916336786993,0.13711680385869937
0.917340730978,0.13970516085256524
0.918364652717,0.13667413705528916
0.919367139027,0.13642960569946924
0.920368369268,0.13681321277178615
0.921373060841,0.1365800826850988
0.922376651723,0.13834390026251442
0.923394097632,0.14184891205781475
0.924438596001,0.13791374082826444
0.925454700984,0.13759428141593397
0.926467828598,0.13596204381431187
0.927468529594,0.13699246990385042
0.928477649422,0.13741731723126785
0.929491067277,0.1359824008260213
0.930494488815,0.13841522946885282
0.931516263557,0.13638210393128916
0.932523342434,0.136001695142013
0.933527780808,0.13640751048355929
0.934536231502,0.13537044173945698
0.935538219604,0.13585661304169006
0.936544273583,0.1382178015895186
0.937567915686,0.13766336174765983
0.938587763671,0.1349955403969417
0.939588024027,0.13505038643829337
0.940588573793,0.1365178809633706
0.941599895106,0.13626317745998587
0.942609605318,0.1354676564289767
0.943613592368,0.13642130815819276
0.944625078578,0.13502069639664793
0.945626941373,0.139233327631402
0.946660744046,0.13587087581810206
0.947670720527,0.13516442205707802
0.948676257408,0.13522001557523866
0.949682602387,0.13772172922208736
0.950707897704,0.06149503712766947
0.951165728038,0.13618752100836629
0.952179686737,0.13466746715303185
0.953182661713,0.13656882424560143
0.954200307255,0.1354770691582373
0.955210237852,0.13440010592064724
0.956212694458,0.13591572702101762
0.957227206507,0.13742989694885754
0.958253714327,0.13540449624896322
0.959265455027,0.13544156257873027
0.960277713102,0.1351697011047662
0.96128853785,0.13499046300057366
0.962298794572,0.13492422358933495
0.963309391454,0.13420208332854516
0.964315577971,0.1356029775578623
0.965333122186,0.1335321055849822
0.966335666401,0.13516010324058814
0.967350877769,0.13896673418053804
0.968395311855,0.13435645382102473
0.969405729317,0.13324094649628046
0.970408320211,0.13962544220791767
0.971459841057,0.1335259288539688
0.972466231821,0.13447988962637117
0.973480145913,0.13437102202041773
0.974493567636,0.13417693849771614
0.975506322393,0.136205849243159
0.976535397601,0.13237328966994918
0.977536169649,0.132963972660233
0.978541812994,0.1334326827901233
0.979551383318,0.13334736312357004
0.980560598311,0.13281741463438257
0.981566098532,0.132558604880022
0.982570045997,0.13279385389671552
0.98357614337,0.13704391518810483
0.984614546363,0.13367491647274976
0.98562754101,0.13222399009209743
0.986629997975,0.13354738459394447
0.987643155025,0.132899141448396
0.988652304287,0.13157984820736326
0.989652366868,0.13177233621767406
0.990654727852,0.13367251170086658
0.991672174896,0.13725555375098006
0.992717241646,0.132008104527668
0.993722695359,0.13136502639855155
0.994723375049,0.1323195738203265
0.995731440615,0.0018688814965610785
0.995745678896,0.0710524839886201
0.996287223586,0.04960894752648956
0.996665424895,0.010757260599238653
0.996747434491,0.08964094565150235
0.997431117794,0.13105625370067173
0.998431206906,0.13199688702803672
0.999439208186,0.13138304328678896
1.000443163499,0.13149708424438136
1.001448528448,0.1323773903728355
1.002460906869,0.13195561551893875
1.003470127026,0.1314828359817392
1.00447607516,0.1339558634628742
1.005501566244,0.13103247220649986
1.00650514349,0.13157317667396765
1.007513409174,0.13106370553110616
1.008518292066,0.1321440590254502
1.00953150316,0.1342900232751607
1.010560888315,0.1318760102040239
1.011571799715,0.131683717188648
1.012581852836,0.13066203072244365
1.013585046484,0.13023719881471169
1.014585813185,0.13232493180696145
1.015603383866,0.13132796145886944
1.01661427545,0.13167502991707533
1.017629178392,0.13017056286884074
1.018633797548,0.13143572465130599
1.019649048275,0.13066474452052612
1.020659091845,0.13021935828852388
1.021666506292,0.13019277459398568
1.022674284191,0.12939090928074323
1.023676280015,0.13104611043150347
1.024691581877,0.12970506538621465
1.025697071639,0.13003206263074568
1.026705533986,0.12990080333529122
1.027713452348,0.12955388924304156
1.028719542631,0.13061355043515796
1.029734417561,0.13093998499366272
1.030751887075,0.12895615536235513
1.031754162506,0.13026277291814772
1.032766908328,0.12926772002034356
1.03377242403,0.12911335107530514
1.034777415549,0.13016615785872848
1.035791376829,0.1289614182374203
1.036796704445,0.12852488452099553
1.037798941857,0.13010214905950832
1.038813691332,0.1293672308048223
1.039823227863,0.1292955858749794
1.04083308962,0.12945289771587773
1.041845346995,0.1281218989808315
1.042848498537,0.12896027220832676
1.043859374946,0.12774975866798532
1.044861739738,0.12868361273772455
1.045872338794,0.12807935817778732
1.046879077501,0.12775613021221108
1.047884096746,0.1283512584374142
1.048894270364,0.1273963986277666
1.049897224503,0.127321703328991
1.050899949085,0.1274531800913659
1.051903910066,0.127803325024633
1.052910280218,0.12801232279185018
1.05391755446,0.12764257694553083
1.05492126224,0.12737252858716475
1.05592275827,0.12813019011565677
1.056930564997,0.12968151161080224
1.057951210386,0.1270681560197433
1.058952812258,0.12858423623197085
1.059968338587,0.12667786229221747
1.060969961147,0.1296322820096812
1.061995296969,0.126950580317024
1.062999447213,0.02042375811785784
1.063160991849,0.12832869012840445
1.064176245522,0.12643444923994734
1.065176546821,0.1264585558297124
1.066176921736,0.1276011900728581
1.067186520533,0.12816528439656288
1.068200975072,0.12837211562109804
1.069217597573,0.1288024315038845
1.070238265551,0.12720713371881645
1.071246934485,0.1271673001934459
1.072255699496,0.12911439994105828
1.073280058743,0.1278468321408311
1.074294340587,0.12731392762544907
1.075304155616,0.1311383366706166
1.076344744726,0.12629117700542616
1.077348455863,0.12642928621246904
1.078354658425,0.12757565628057949
1.079370639449,0.1313487742627005
1.080416973589,0.12744949705456174
1.081432864196,0.12760635921791186
1.082450902775,0.12764758045086835
1.083469604371,0.12667905480114
1.084480750608,0.12918996387272838
1.08551282604,0.12620894846687603
1.086522164757,0.12838749439304745
1.08754937054,0.12590725683322046
1.08855699444,0.12492833710293001
1.089557261273,0.12497091087607223
1.090558132394,0.1268639801179327
1.091574167155,0.13008008077154537
1.092615962822,0.12611038744972286
1.093626417232,0.1250885207321269
1.094629697943,0.1258503617079832
1.095640183163,0.1254587065911648
1.096648459869,0.12598897405574314
1.097661472121,0.12520225176618344
1.098668340228,0.12446143166526957
1.099669401269,0.12437617782717743
1.100670049744,0.12508280836764804
1.101676789993,0.12423048343930396
1.102677049582,0.12544140803925305
1.103687488904,0.12468166068061892
1.104692279568,0.12464598244340289
1.105697068065,0.12406571325481427
1.106697227351,0.12634581549499846
1.107715915208,0.124926283693571
1.108723631454,0.12535536592225643
1.109735212006,0.12415266005721916
1.11073734172,0.12466318311408743
1.111744187028,0.12499342981817527
1.112754445711,0.12510624752858918
1.113766139283,0.12587429186152593
1.114784683997,0.12533842417439778
1.115799803759,0.1236755944299102
1.116802246716,0.12387210928730873
1.117806689693,0.12472402584979622
1.118818197024,0.12476092065103873
1.119830062505,0.12434602572075529
1.120838406257,0.12393113220999923
1.121843056023,0.12404406255700466
1.122848725807,0.1239167912500848
1.123853996743,0.12331467973148061
1.124854673951,0.12344220452249802
1.125856224178,0.1247555292645243
1.126868712048,0.09842709953069902
1.12766822323,0.12378843632634572
1.128674935055,0.12319202340650849
1.12967768022,0.12287285927716259
1.130678221073,0.12724756761589143
1.131714542023,0.12471253013723471
1.132730485141,0.12322145434289367
1.133734899503,0.12491733102096861
1.134753834828,0.12312778550909338
1.135758773243,0.12281816992795558
1.136761950971,0.12480347225420074
1.137781808439,0.12297755752772159
1.138787102308,0.12342617116910692
1.139796789014,0.12315573511411197
1.140804670713,0.12430507205385034
1.141822142252,0.12515471728479452
1.142847206837,0.12282378402075647
1.143853855504,0.12259842170630676
1.144858885653,0.12410480164018003
1.145876969801,0.12199540771942623
1.146879097052,0.06423664210571577
1.147407278769,0.12255081763109557
1.148415671515,0.122122091395117
1.149421072537,0.12253876767295432
1.150430251751,0.12172871511374754
1.15143316481,0.12223698093953024
1.152440514065,0.12166764287414124
1.153443218733,0.12250314074241368
1.15445283324,0.12189819268157737
1.155457447105,0.12165197549938922
1.156460377633,0.12279273171879111
1.157473626794,0.12251014516639447
1.158485286848,0.12139154868208887
1.159487640326,0.12158068530738858
1.160491351609,0.12412235694159081
1.161516464292,0.12190426367314737
1.162524002759,0.122264488134523
1.163535154991,0.1211052968321205
1.16453750572,0.12156934735632872
1.16554496287,0.12133403527916088
1.166551748383,0.12147417882592812
1.167560552652,0.12064651221180278
1.168562995254,0.12105101753373686
1.169569010986,0.1229505559168137
1.170590659811,0.12035342373195866
1.171590791274,0.12359937472187742
1.172618226533,0.1221837262501826
1.173634255934,0.12221897366876508
1.174650985617,0.12016343596740835
1.175651125678,0.12040410891512747
1.176653953465,0.12068655903913231
1.17765950853,0.12127635299357543
1.178670262461,0.12085335773821607
1.179678148114,0.12073038480562899
1.180685655735,0.12129307486718932
1.181698423574,0.12023700599171941
1.182703013807,0.12046889041552292
1.183710015426,0.11979151985403891
1.184711444158,0.11982662823981079
1.185713295846,0.11988037876387024
1.186716041,0.12001163641297581
1.187720245481,0.12010877372495378
1.18872553621,0.1196250357437444
1.189727139296,0.12094417315843578
1.190740003395,0.12074398056127632
1.19175147432,0.11986731428825828
1.192756266876,0.1206781245899119
1.193768861515,0.0999970813442947
1.194608520994,0.12051769124492823
1.19562103544,0.11900291569049837
1.19662107694,0.11992664288639646
1.197628538485,0.11959108090661959
1.198632980405,0.11960260811878144
1.199637973326,0.12197545640455378
1.200663574334,0.11987037931017884
1.201672332971,0.12170353193778038
1.202697546973,0.11915998421804168
1.203701778626,0.11910050084110169
1.204705357795,0.1192270798987505
1.205710193745,0.12012071102574687
1.20672340779,0.11979704655548569
1.20773450448,0.11998318422932344
1.208747344464,0.12029026167716406
1.20976331059,0.12000040645812377
1.210777623551,0.11832066687309037
1.211777994438,0.11853816098128495
1.212780351357,0.11931848261148642
1.213790036787,0.11908578918389467
1.214798594954,0.11834957875131898
1.215801612325,0.12036458632619863
1.216822226642,0.1201518217638144
1.217840990808,0.11884904413650584
1.218848676792,0.11817958390510774
1.219850822931,0.11922184255331825
1.220861886846,0.1184591941814861
1.221866793603,0.11952083465940744
1.222881142301,0.11849696375080912
1.223887052707,0.11985779770746281
1.224904611224,0.11876706162279017
1.225913122289,0.11979346649432365
1.226930512971,0.11802802109780793
1.2279330115,0.11802004856977832
1.228935990844,0.11829757745231043
1.229942309833,0.12022149970341016
1.230965564427,0.1182190545950844
1.231971955996,0.11947911446856647
1.232989335602,0.11834321179713515
1.233997565701,0.11787711207635947
1.235002857904,0.1173379745344758
1.236004229184,0.11749279699134624
1.23700719068,0.11727890259214557
1.238008515572,0.11890902048800109
1.23902362271,0.11774749203510636
1.240028486662,0.11805970583620326
1.2410364252,0.1175190225371151
1.242040566479,0.1173337851263498
1.243043814422,0.11769917801115642
1.244050871518,0.119228440716782
1.245071963542,0.11708159157523414
1.246075851913,0.11812348838119484
1.247089907536,0.11719608275440363
1.24809691033,0.11711095728429731
1.24910385553,0.11771181822602116
1.250116586397,0.11630176605476082
1.251117695942,0.11682282902313242
1.252123744017,0.11666625236683739
1.253128913064,0.11629329651635684
1.254131302051,0.11625032351217135
1.255133836891,0.11642085091457674
1.256138404539,0.11619882755346496
1.257141501523,0.1164015758525266
1.258146418766,0.11614576539232431
1.259149061082,0.11593088359206981
1.260150152582,0.11880893951213203
1.261176837719,0.11750446939143006
1.262193252814,0.08068289163430263
1.262891732561,0.11574150181527053
1.26389436834,0.11617976169937616
1.264901313773,0.11575804451099922
1.265904873245,0.1162204416987931
1.266912332522,0.117380047555381
1.267929793391,0.11549178781878056
1.268931136326,0.11597264136180528
1.269936888551,0.11629726092323878
1.270945747517,0.1164406085207563
1.271956183447,0.1159760741694786
1.272962751117,0.11586150575316875
1.273968264466,0.11787409201266862
1.27499129464,0.11561656508323966
1.275994954789,0.11616007945257684
1.277003648032,0.11519954427643685
1.278004380911,0.1156810511231214
1.279009624166,0.11578407912384696
1.280015877384,0.11583499250524894
1.28102253065,0.11679729699125169
1.28203768929,0.11720528394648567
1.283056716599,0.11685684670797544
1.284073225653,0.11593564411796521
1.285082430344,0.11502973624115768
1.286084317649,0.11586382974329565
1.287093720802,0.1161446294245637
1.28810579235,0.11662677057981523
1.289122415127,0.11538309925850315
1.290128502263,0.11581859516096608
1.291138970232,0.11488142557810141
1.29214220596,0.11662728542654595
1.29316187516,0.11534273304149914
1.294171304834,0.11540899425430017
1.295181875725,0.11675127611823238
1.29620485704,0.11431792315720733
1.297207265566,0.11478432915765453
1.298214338671,0.11574648372236004
1.299230582962,0.11500346769221247
1.300240452175,0.11779866625345925
1.301274757874,0.11474967042054803
1.302282261109,0.11460049949256858
1.303288513383,0.11597518344912786
1.304307409952,0.11546637743533787
1.305322469744,0.11395557553318997
1.306324593235,0.11425785527919244
1.307329754076,0.11400998614325247
1.308333251185,0.11395364387077003
1.309337043113,0.11446318257828741
1.310345904378,0.1137089007261207
1.311348339047,0.11603645556385421
1.312371794273,0.11594641561028313
1.313395124967,0.11375996426799734
1.314399910799,0.11444435309274996
1.315411466619,0.11337053354852948
1.316414032632,0.11418972403643621
1.317424327685,0.11302329199689774
1.318424582475,0.11360052165127098
1.319430497382,0.11353884559083302
1.320436632011,0.1133938807695564
1.321442349871,0.11360244157221659
1.322450824064,0.11373945763187455
1.323461158693,0.11375720889773812
1.324472429946,0.11416597892463286
1.325488024609,0.11453862307861497
1.326507053231,0.11255405457790103
1.327508365914,0.11377617840870796
1.328520576973,0.11452948606394793
1.329539904402,0.11384967056383292
1.330553830887,0.11320579848420359
1.331562505003,0.11302152058770544
1.332570281142,0.11253426457699924
1.333574758044,0.08105600360839475
1.334298822021,0.11438218499635809
1.335320994387,0.11271693218455028
1.336328581071,0.1140084972679533
1.337347870114,0.03949784883102014
1.337701015918,0.05311645787154145
1.338176053019,0.02598328991146566
1.338408444183,0.03567577065443821
1.338727523691,0.07548476992339918
1.339402722022,0.10802863213299546
1.340369084022,0.10507622618870062
1.341309260932,0.11200374042983333
1.342311697007,0.1117037396785095
1.343311814483,0.11333848287048216
1.344327164264,0.11325430739672399
1.34534228743,0.112432842009655
1.346350499292,0.11230175593055391
1.347357793757,0.10574855520529915
1.348306304025,0.10530456241957653
1.349250997977,0.11312381167937105
1.350266251973,0.1134479599070822
1.351284669833,0.11220173236312585
1.352292062414,0.11273873454540534
1.353304421541,0.11388876305656956
1.354327300975,0.11157872779001546
1.355329869329,0.1116488131506908
1.356333739762,0.11350874695401783
1.357355147016,0.11209000571598929
1.358364569849,0.11213243090424974
1.359374978256,0.11108697851567666
1.36037642457,0.11148064905116745
1.361381892797,0.0965686332760552
1.362253412763,0.10831286153303457
1.363231796009,0.11115762483523103
1.364236876496,0.11088030670403816
1.365240273099,0.11114631501665939
1.366246635181,0.11042261595652603
1.367246674432,0.11108622075095648
1.368252786114,0.11139219380238478
1.369261804465,0.10783303387703608
1.370238842312,0.10848004852687408
1.371221925325,0.11094272289351784
1.372227231069,0.1104804737380046
1.373228330789,0.11059580469479306
1.374230507554,0.11148076688935973
1.37524081533,0.11034033491214502
1.376241138028,0.11039446440816822
1.377242262262,0.1116925686271199
1.3782552905,0.11034625070237127
1.379256372715,0.07357765506723489
1.379924185121,0.11198459388132248
1.380941213268,0.11009264832702555
1.381941685751,0.11039962008592254
1.38294556734,0.11200243285668118
1.383964825761,0.10875173270501894
1.384955030378,0.11130426821763938
1.385968824144,0.10979157806703808
1.38696924489,0.11023312323115701
1.387974234243,0.1130126865133056
1.389004907461,0.11099627792117943
1.3900173213,0.11043353324555331
1.391024790753,0.10498253449484933
1.391983020941,0.11072424171262807
1.392994257714,0.10979368792715877
1.393997359923,0.10946640380490208
1.394997963707,0.10392694870018751
1.395948233187,0.11073710141113796
1.396961029654,0.10958021893698339
1.397963353185,0.10222648570380857
1.398898415339,0.1098902661605335
1.399903760198,0.10971693574937824
1.400907843347,0.1113599587974393
1.401927618649,0.1097009811445045
1.402932844399,0.10935771328124211
1.403935404654,0.10956950779510886
1.404940456788,0.11016575511529254
1.405951812594,0.10905574810188463
1.406953852287,0.10948535969975949
1.407960514725,0.10891408896153991
1.408962237446,0.10969319140218772
1.409971209955,0.1091162969404853
1.410974948458,0.10966550808084803
1.41198383337,0.10900722543922411
1.412986655911,0.10929719453239228
1.413992144863,0.10902606215148128
1.414995728365,0.10599084209221603
1.415971946863,0.11095794411482006
1.416994043275,0.09340145842496043
1.417854565022,0.0989753627362347
1.418766675779,0.10908584247456919
1.419772266856,0.10865347486395431
1.420774409829,0.10866885545777963
1.421777228919,0.10895803560834437
1.422782951666,0.10206552582815719
1.423725348033,0.10892305656594521
1.424731467144,0.10324562897024525
1.425685514009,0.07118954428129574
1.426343572154,0.09322876691356731
1.427205762355,0.10511907210660178
1.42817834404,0.10858020282297304
1.429183400987,0.10845815516318874
1.43018786422,0.10924738586587336
1.431199926373,0.10857174570167444
1.432205963327,0.10890196333277562
1.433215764708,0.10869134744133956
1.434224188051,0.10888176291366014
1.435234646709,0.10998796363051004
1.436255177465,0.109039718522739
1.437266800792,0.10822431213859961
1.438271127443,0.10835451188687666
1.43927685923,0.10793702743488647
1.440279005992,0.10779336160801534
1.441280219784,0.10849432280829728
1.442288824836,0.10788687881760599
1.443292626184,0.10802913224189013
1.444298021654,0.10329144017747868
1.445259982094,0.1078063548966689
1.446264979867,0.10822519957896867
1.447274590962,0.10785166020319563
1.448280951714,0.10746480442430913
1.449283903876,0.1073230887299565
1.4502858513,0.10811041167321957
1.45129533143,0.10707499807935293
1.452295683662,0.10853074709000846
1.453310675329,0.10689893222194267
1.454311421554,0.10800616870441626
1.45532344016,0.10678042385837519
1.456324462294,0.10729737149253882
1.457330413128,0.10867565607552099
1.458349189433,0.10711933294036213
1.459353359045,0.10330895993474762
1.460322209338,0.10811601759212418
1.46133672772,0.1092493440256535
1.462362465533,0.10715339789897485
1.463369408182,0.10644532511032068
1.464370502497,0.10708980170552189
1.465378047066,0.10640426161642176
1.466379132108,0.10656618653391227
1.46738167046,0.10714311415091088
1.46838983257,0.10709047468745951
1.469397986992,0.08987996542441747
1.470244525527,0.1046419868198628
1.471230100414,0.10638610453921568
1.472232079512,0.1063658531468061
1.473234524899,0.10612302525747629
1.474235534747,0.024225822512911038
1.474464240401,0.10719164882551872
1.475476662297,0.10597581935017719
1.476478624572,0.10610345450113033
1.477482361096,0.10660719094030663
1.478491053985,0.10684355146845503
1.479502205401,0.1061178213200448
1.480506803502,0.10674070425150269
1.481517576657,0.10599057993267522
1.482521387918,0.10572121854784025
1.483522614083,0.10578330314123327
1.484524518904,0.10596894527527978
1.485528710817,0.10646003506806583
1.486538282637,0.1053980321967013
1.487538575524,0.10567853340103815
1.488542334521,0.1053431943083857
1.489543225989,0.10557889790809499
1.490546226978,0.10586101910136628
1.491552007922,0.10396996375738146
1.492540325458,0.10692683541787137
1.493557354041,0.10626678415056892
1.494568444389,0.1051402247281878
1.495569046727,0.10552012157221086
1.496573658961,0.10661798261110746
1.497589397123,0.10522687332481503
1.498592479982,0.09342637105944084
1.499483387696,0.10488147262583555
1.50048387618,0.1052902895113087
1.501488454311,0.10485983352014555
1.502488955184,0.10559893449022127
1.503496348064,0.10597144296593262
1.504506916492,0.10676821583911758
1.505525007776,0.10591958677923476
1.506535838747,0.10531907586279379
1.507542429292,0.10542433786693388
1.508551261399,0.1049281676314442
1.509556270751,0.10508160060232204
1.510563731315,0.10503689164048247
1.511571563994,0.1046708412888127
1.512576234319,0.10477735037212359
1.513582227642,0.10497601777774423
1.514590239347,0.10426588865079743
1.515591684515,0.10440844176990355
1.516595065771,0.10577627797971687
1.517612186942,0.10396657636106871
1.518612529586,0.09534710659543448
1.519530561551,0.10453653398541209
1.520537759849,0.10396697315403924
1.521540001372,0.07335039142526284
1.522247286609,0.10477566656151961
1.523257798686,0.10379874816584146
1.524259026571,0.10381070992776634
1.525260446545,0.1043226362466492
1.526267109446,0.1044428351315322
1.527275142946,0.10375545762742044
1.52827633098,0.10450735161680393
1.529284771539,0.1049174452869491
1.530297811616,0.10398196013945003
1.531302992694,0.103798331582073
1.532307729071,0.10390198901212475
1.533314579177,0.10338010969521835
1.534317201939,0.1045195192766461
1.535331380709,0.1047355865713113
1.53634784917,0.10382986481946796
1.537355675846,0.10309000543219031
1.538356730391,0.10349831108710614
1.539362386352,0.10310927638224117
1.540365180284,0.10293020660081074
1.541366896991,0.10461437070168444
1.542385075949,0.10320641468655607
1.543389852629,0.10328312366181089
1.544395771508,0.10348922911353765
1.54540402576,0.08155084620031833
1.546198841521,0.10299101987716842
1.547203141,0.10264093000736237
1.54820462379,0.10366955512184649
1.549216361927,0.10394295613833159
1.55023119064,0.10367198775776719
1.551244149387,0.10337192278071153
1.55225467634,0.10303926092976512
1.553262078097,0.10280603632064042
1.554267391561,0.102577638156989
1.555271138849,0.10236148618634881
1.556273186187,0.10279465773351755
1.557279394801,0.10327949351341775
1.558290757619,0.10236149492121743
1.559293899074,0.10317678046800982
1.56030579398,0.10076587216942208
1.561294472489,0.10255110813827817
1.562300855331,0.10280651593154862
1.563310227481,0.10246790840644153
1.564316707157,0.0955729829473173
1.56525573715,0.07644585808319185
1.566006891509,0.10281264811243793
1.567017067239,0.1024115306076779
1.568023471854,0.10183910573664766
1.569024682972,0.10254426849883475
1.570033312845,0.10310342525894262
1.571048023234,0.1017888867108711
1.572050730198,0.10225182216862792
1.573058610456,0.10153562586298358
1.574059534851,0.10220906878709994
1.57506687082,0.10192535947021113
1.576071180253,0.10269583634206172
1.577083176651,0.10349104947412982
1.57810335423,0.10222174974431138
1.579111485827,0.10196342029548569
1.580117463754,0.101792383344109
1.581122304021,0.10138723824417635
1.582124034923,0.10131964782847387
1.583125438699,0.10181071596980343
1.58413177553,0.10180658805164483
1.585138523066,0.10163686032224768
1.586144332694,0.10138435256965371
1.587148305437,0.1015442216166798
1.588154052767,0.10120326662844845
1.589156569341,0.10174948896477938
1.590164731619,0.10128635431400561
1.591168347321,0.10126200878387573
1.592171816795,0.1019300485905603
1.593182203507,0.1011972454178582
1.594185574496,0.10153809974722129
1.595192216555,0.10090960055513727
1.596192536896,0.10156856073930301
1.597199751524,0.10198559844706717
1.5982117464,0.10115180486272465
1.599216208411,0.10090461669746316
1.600218811475,0.1009597942605261
1.601222383058,0.1021076634752529
1.602238005443,0.10187538365917025
1.60325194278,0.10234356944722864
1.604270665104,0.10189277650993538
1.605284968353,0.10170615113472184
1.606297785238,0.10135037803287272
1.607307492863,0.10087289736938194
1.608312784647,0.10063359300682528
1.609316301538,0.10106762525462078
1.610325013052,0.1002562374714806
1.611326125618,0.10050277785601618
1.612329869885,0.10093756119223647
1.613338391245,0.1011701907625388
1.61434977336,0.10068288261792013
1.615356383268,0.1002144159111038
1.616358380002,0.09032261154306037
1.617261452428,0.10058998255717805
1.61826679427,0.10080574829998332
1.619274029631,0.10120156481632023
1.62028514407,0.1002348167640203
1.621286894713,0.09979666374113469
1.622284924087,0.10037009417572892
1.623289207126,0.09997718761704504
1.624290001087,0.10063901787144723
1.625298066591,0.10107360271120165
1.626310915632,0.10026802963691084
1.627315861044,0.10094947102304241
1.628327981238,0.09976913357808963
1.629328653649,0.10051366851917985
1.630337217879,0.09999100872619503
1.63134089128,0.09564492437057351
1.632301247369,0.10017466784660511
1.633307279808,0.1005910959560146
1.634317589271,0.09954356935750235
1.635317595961,0.10000782764806473
1.636322889103,0.09997113665775752
1.637328478002,0.10071711513453015
1.63834208275,0.09959248988107622
1.63934477689,0.09985155982805258
1.64035018348,0.10030385155898444
1.641360358412,0.09995006513462919
1.64236753378,0.0999165927323026
1.643374762659,0.09965256418581787
1.644379608936,0.09975956213942286
1.645385952532,0.09984901638499256
1.646393525676,0.09977185242003975
1.647400658605,0.09918622033896231
1.648402164421,0.09299556870306273
1.649341559473,0.09966130368610997
1.650348752779,0.09934498438787916
1.651353029815,0.09958721718549438
1.652359815153,0.10010651804450658
1.653372411698,0.09950069305367175
1.654379932994,0.09898184748388995
1.65538306005,0.10050215971133131
1.656402031291,0.09966438519124865
1.657412781557,0.09975189462211399
1.658424619041,0.09893712484901415
1.659428288586,0.09937875841550678
1.660436406635,0.10006272656514953
1.661451505961,0.09869061998310921
1.662453155221,0.09904632257694401
1.663459034489,0.09865501115586585
1.664461563372,0.10007301975202532
1.665478877863,0.09865530052237911
1.666482213932,0.029643187072700205
1.666783772489,0.09851884908943905
1.667786268332,0.09943168904829355
1.668798354289,0.09968035521091642
1.6698134578,0.09849376767763399
1.670817220161,0.09833805184137417
1.671819947513,0.09889929773154554
1.672828629001,0.09850114200548307
1.673833356612,0.09894417666835385
1.674842815129,0.10000001267324682
1.675863727956,0.09811820531311209
1.676865955484,0.09839794420709978
1.677871329725,0.09816977272809879
1.678874549292,0.17653989354188507
1.680679938336,0.09764415151167014
1.681680761167,0.09795622971772157
1.682685961523,0.09746898679574165
1.683686546681,0.09865539848985183
1.684699535211,0.09748369408682724
1.685700731524,0.09748535769454117
1.686702259896,0.09738235355594932
1.687702987435,0.09770216109973769
1.688707469188,0.09965347920210915
1.689733015714,0.09721785443153394
1.690734509332,0.09783420519505909
1.691742688826,0.09826838139551805
1.692755312327,0.09797639796144578
1.693764788336,0.09733153794400205
1.694767383689,0.0981626842655929
1.695778511645,0.09791038961944036
1.696787222397,0.09710534488285874
1.69778798744,0.09749617866473705
1.698793327111,0.09753569152394607
1.699799738643,0.09832579585506293
1.700815028134,0.09725577001174
1.701820087602,0.09677425584731172
1.702820941779,0.09852585846629687
1.703840428158,0.0975229458983566
1.704850097103,0.09718160648855771
1.705856892231,0.09688919159478922
1.706860945435,0.09745947732191695
1.707871002655,0.09732153847820928
1.708880291902,0.09711647443827053
1.709888256384,0.09682586865061678
1.710893820531,0.0974627740676992
1.71190654546,0.09642354700499221
1.712908837112,0.09728329532246426
1.713920401873,0.09808329425925803
1.714940686668,0.09614810177966752
1.715941181434,0.0961992630107002
1.716942610198,0.09669019606217309
1.717949521893,0.09630425991188996
1.718952409559,0.09812267140190077
1.719974115782,0.09609454937291534
1.720974821094,0.09629919752703713
1.721978153262,0.0966548301633092
1.722986188783,0.09052839266994403
1.723930936196,0.0964840520145715
1.724938040726,0.0992138658474027
1.725973851815,0.09609297249311499
1.726977346778,0.09629864489946315
1.727983271132,0.09612460983516107
1.728987646362,0.09587022351765045
1.72998981323,0.09690776857858344
1.731003508093,0.09619681936906127
1.732010320935,0.09642345805362214
1.733019857345,0.09625113511410517
1.734027829311,0.09564902221271998
1.73502967065,0.09668997017273402
1.736042712352,0.095753094830584
1.737046275586,0.09641215182898936
1.738057147859,0.09637434197343829
1.739068086169,0.09751651452422636
1.740091387155,0.09601458095358696
1.741099281138,0.09542612978198659
1.742101173565,0.09656176838018651
1.74311504476,0.09610121145023356
1.744124374063,0.09579297932240026
1.745130885391,0.09550357589004287
1.746134943992,0.09580928297301582
1.747142945399,0.09507883580402862
1.748143897034,0.09528098710892191
1.749147488961,0.09546534200294489
1.750153340311,0.09581880855403505
1.751163010717,0.09506318733260107
1.752164841571,0.09566505382930884
1.753173319955,0.09481911779313755
1.754173541086,0.09474695186891759
1.755173914151,0.09560480839387205
1.756184161985,0.09462802938780364
1.757184630298,0.09518886337055278
1.758191265948,0.09473388523703398
1.759193234012,0.09508823900805484
1.760199361749,0.09463936458269752
1.76120157752,0.09462743773169233
1.762204563878,0.09465587615085064
1.763208418756,0.09441885707363552
1.764209919623,0.09563847645343904
1.765224125396,0.09563727718803829
1.766238445549,0.09554226221873749
1.767252526755,0.09592186694898737
1.768271249535,0.09470709338227397
1.769277299482,0.09462983302107796
1.770282644658,0.0946467811357583
1.771288136961,0.09454567020945806
1.772292408216,0.094637044126612
1.773297776329,0.09593600600990608
1.774317411079,0.09618003601312919
1.775340082627,0.09402198525619143
1.77634028231,0.0945729251283136
1.777346947045,0.08498216844089831
1.778251834304,0.09474032265529164
1.779260650811,0.09462128177853416
1.78026816387,0.09403156676597318
1.781269509858,0.09460312299671172
1.782277185911,0.0938739828297155
1.783277461782,0.09401602947854536
1.784279685199,0.09538067349550089
1.78529680376,0.0948673821607093
1.786308676121,0.09384230199423245
1.787309850342,0.09454844965029069
1.788319182291,0.09401210804758656
1.789323757798,0.0939657029384181
1.790328564893,0.09381928750965045
1.791332162299,0.09565011772327163
1.792355743792,0.09355953092028554
1.793357622546,0.09612824022273046
1.794387699561,0.09420977202741013
1.795397774999,0.09394704697918996
1.796405507262,0.09446830830126662
1.797419187178,0.09487518563685093
1.798437445443,0.0932272216817569
1.799438217378,0.09316553610263216
1.800438648095,0.0940951317929928
1.801449350423,0.09414570405999004
1.802460871647,0.09373702496897837
1.803468328329,0.09343131434563387
1.804472783961,0.09334184019368501
1.805476753906,0.09345648422681802
1.806482894181,0.09295711990771234
1.807484757241,0.09366457036151597
1.808494788691,0.09276647613924631
1.809495124471,0.09404926152301069
1.810509267641,0.09295744501673033
1.811511899625,0.09402582673262318
1.812526592899,0.09319589273119097
1.813532736873,0.09380470786088829
1.814545868144,0.09342156280144231
1.815555480315,0.09348122263566282
1.816566487585,0.09330053345932995
1.817575818358,0.09391775687088441
1.818591980417,0.0944422649521892
1.819614351123,0.09247800895151032
1.820616044826,0.09320697633666208
1.821625957754,0.05794321678339508
1.822253878116,0.047909309357459455
1.822773115448,0.04541842722794459
1.823265475093,0.06910232271277308
1.824014828582,0.06342773937037814
1.824702892652,0.07965018246834792
1.825567314918,0.09264231960898028
1.826573134663,0.08132345937739759
1.827456654564,0.07881677126985635
1.828313440309,0.07484581200859103
1.829127422211,0.0822102271163844
1.830021824737,0.09151459245075207
1.831017797616,0.08102746156196242
1.831899838376,0.09181668094835976
1.832899317793,0.08529302423959588
1.833827669648,0.07326805582681685
1.83462505291,0.09205573210741534
1.835626920653,0.09229062844393099
1.836631478815,0.07744146480760461
1.837474504,0.09201353496651377
1.838476406497,0.09182624204741321
1.839476726312,0.08577962344616624
1.840411566398,0.08048960223244238
1.841289012699,0.07644752894808415
1.842122732146,0.08314080785569661
1.843029983438,0.09160981090863257
1.844030289486,0.09183965992396056
1.845033783848,0.0924192793819653
1.846044169054,0.09187298503438174
1.847048691098,0.08887376579487583
1.848020512392,0.0914285210851771
1.849020652886,0.08135333402915329
1.849910958288,0.08658992660359915
1.85085897044,0.0772459761532795
1.85170515083,0.08380698129060378
1.852623736668,0.08809727401326314
1.853589748083,0.07826857745741023
1.854448181443,0.0822179867016472
1.855349837088,0.09203257443778916
1.856358995735,0.08819770641236163
1.857326444749,0.08107767040695248
1.858216439136,0.08675877543377711
1.859169526952,0.0924873341176546
1.860186355164,0.09089035849195266
1.861186405154,0.008470747843575452
1.861279652931,0.09092737158103945
1.862280761583,0.09143230959488217
1.863287693575,0.09164039573727677
1.864297068141,0.09103699394840509
1.865299876487,0.0922407330697119
1.866315672798,0.09114686274502717
1.867319256721,0.09088702979215774
1.868320242701,0.08679268139627679
1.869276549411,0.08772392139348308
1.870243417741,0.09119162567269874
1.871248756929,0.08596721859824445
1.872196914818,0.08690139692357308
1.873155965718,0.09080521051283617
1.874158811687,0.09085067959016084
1.875162871688,0.09130959359601523
1.876172657031,0.0850863196163612
1.877114060887,0.08769792260203324
1.878084678246,0.09063326564098353
1.87908818409,0.09124627978412377
1.880099005843,0.09245730554586386
1.881123891883,0.09024784692291418
1.882125004923,0.08123653786456875
1.883026650171,0.09035380636335177
1.884029842202,0.07909548930934716
1.884908257964,0.0901925172427197
1.88591002709,0.09150638530320493
1.886926371593,0.09112554197958471
1.887938829435,0.08995502203611
1.888938904745,0.08627180851801577
1.889898506761,0.0904263666742547
1.890904438372,0.09001780016550821
1.891905677054,0.09022529369088142
1.892909503674,0.08983750940612908
1.893909822091,0.08227393821413209
1.89482655904,0.08998700495382982
1.895829685877,0.08068199903700748
1.896729351245,0.07873138387851514
1.897607586192,0.08981650916674233
1.898609944021,0.0903031489430623
1.899618303965,0.08973356262058992
1.900620658298,0.05895071406449855
1.901279475872,0.08372289108457996
1.902215707967,0.08975330192606971
1.903220251207,0.09056488065676732
1.904234428735,0.08448421490338659
1.905180686368,0.07851815795807772
1.906060166619,0.08985071845245116
1.907066786597,0.08085526707414732
1.907972974337,0.08175121626588548
1.908889650897,0.08953888913786796
1.909894185614,0.07793813018161797
1.910768819948,0.0831137415221477
1.911701671484,0.08986035003357587
1.912710306432,0.08938967303319625
1.913713761768,0.08931239166881484
1.914716462719,0.0890737102740388
1.915716873812,0.08298727473655436
1.916649674869,0.08951377718606822
1.917656304987,0.07710719329981967
1.918523390531,0.07499433253300213
1.919366935676,0.08817594013124017
1.92035948002,0.08736611525644897
1.921343925944,0.08922845297157257
1.92235009858,0.08987115528878173
1.923363985486,0.08832288655458143
1.9243609077,0.08934952109971132
1.925369858871,0.0892099004491176
1.926377506337,0.08340904152514514
1.927319985468,0.07852300826244807
1.928207758289,0.08854457402597161
1.929209262342,0.08909663653345204
1.93021726904,0.0893196260600552
1.931228200867,0.08896157574778411
1.932235713891,0.08917770564652339
1.933246272771,0.08883960208891149
1.934253451849,0.08859822624876174
1.935258332259,0.08854441060549194
1.936263028285,0.08108584742231471
1.937183455435,0.08823412372243253
1.938185482075,0.07457703933474044
1.939032643872,0.08432400113834537
1.939990388404,0.0870258948638395
1.940978490519,0.08110056816268615
1.941899449642,0.080716682783817
1.942816470137,0.08627727026716142
1.943797061143,0.08827366376150222
1.944800844909,0.07592437914304512
1.945664652591,0.016523740332809612
1.945852713544,0.08880887709133754
1.94686359859,0.08122642715067169
1.947788469196,0.08863793200502887
1.948798344586,0.08521294509533071
1.949769990058,0.07985026235642298
1.950680892474,0.07964952174359811
1.951589669461,0.08641693629144906
1.952576092598,0.08073833853990385
1.953497957669,0.0880001603411915
1.954502727108,0.08807952007180304
1.955508291015,0.08859253971148322
1.956519651402,0.08818732447570803
1.957526840369,0.0876824421119819
1.95852903905,0.08785076734589872
1.959533535417,0.08835606431202292
1.960543690347,0.08777204312935584
1.961547135861,0.08466153331717792
1.962515544913,0.08740901183869638
1.963516175391,0.07922351821381621
1.964423600428,0.0816394706329497
1.965359076344,0.08742212713739983
1.966361348458,0.08491945740231757
1.967335305427,0.07778795690160524
1.968227457816,0.08719570439095858
1.969227514342,0.08727019236501567
1.970228777506,0.08622681079727838
1.971218211509,0.08594066748174065
1.972204059507,0.08524745108714174
1.973181968405,0.08269567584944403
1.974130951706,0.08266359642171983
1.975080164866,0.07971476129606411
1.975996185512,0.08542168352708406
1.976978025579,0.08770526700286045
1.977986091183,0.0871457772974065
1.978988092037,0.08760127971635845
1.979996040636,0.08779422156998565
1.9810068371,0.08701606271639095
1.982009102674,0.08748550969091565
1.983017026246,0.08151838162900993
1.983956365254,0.08747259276562067
1.984964627207,0.08137722500736141
1.985903162231,0.0849632249838952
1.986883786464,0.08706764532109063
1.987889574017,0.08655465882737866
1.988890117478,0.07534480170074459
1.989761476829,0.07489237291174698
1.990628071876,0.06759568777453438
1.991410718765,0.08028471970941353
1.992340890565,0.008222957712197915
1.992436190949,0.08663733490306325
1.993440292687,0.08715483176694219
1.994450459031,0.0867692403150876
1.995456141084,0.06416837198785273
1.996199850947,0.08633287563187268
1.997200771677,0.0810221241963427
1.998140855347,0.07815243517744382
1.999048317863,0.08714048417907914
2.000060825925,0.08110588620278628
2.001003724036,0.0842579965260921
2.001983833354,0.08342214227590185
2.002954892231,0.08241343677759685
2.003914576534,0.08619279164532116
2.004918385253,0.0861847944881383
2.005922181097,0.07340051643109867
2.00677711884,0.08081730047688347
2.007718571607,0.08214868555961563
2.008676045796,0.08478872112606733
2.009665278717,0.07746617040951366
2.010569862881,0.08265106851281802
2.011535310819,0.07559595527466753
2.012418361229,0.07092743717274086
2.01324707081,0.08216162418554904
2.014207510348,0.07246048658856692
2.015054803154,0.08604404838481426
2.016061148733,0.0846504487809195
2.017051557511,0.08549689003974213
2.0180521977,0.08140675889996205
2.019005215261,0.08584764094806001
2.020010448594,0.06842976956704776
2.020811980827,0.08325980563497198
2.021787583258,0.08605058276734569
2.022796173369,0.08570275029158216
2.023801020606,0.08557759247117981
2.024805058798,0.08550285005885219
2.025808785341,0.08626657816948413
2.026821883677,0.0852006408165714
2.027823088009,0.08548141031560741
2.02882835901,0.06840309841604451
2.029633129199,0.07523267767759581
2.030518259462,0.08511578951191467
2.031519497851,0.07413262358549118
2.032391740601,0.08115112659044016
2.033347159405,0.08520128600949507
2.034351032539,0.08575652135981308
2.035362580991,0.08488652068248267
2.0363649122,0.01958071024708145
2.036596200793,0.08492148477794091
2.037599405374,0.08157666990332753
2.038563445263,0.08555185210227005
2.039574994213,0.08471978689641356
2.04057717428,0.08558277635064271
2.041589945291,0.0783734321713608
2.042517517384,0.08485920172053446
2.043521842995,0.08092246824895753
2.04447964783,0.08562670513581094
2.045493127026,0.0849890772789736
2.04649891785,0.08471591374070425
2.04750144623,0.08466499172693281
2.048503668972,0.06929596915037602
2.049324493097,0.07895360171116367
2.050260551066,0.08167825801597985
2.051229956018,0.07868807374345552
2.052164667244,0.0843980712974498
2.05316793336,0.08512625355555145
2.054180705136,0.07992076385068311
2.055132119417,0.07992017662244813
2.056083634408,0.08524177090681757
2.057098345748,0.0845282401855429
2.058104440859,0.08454208455718389
2.059110879134,0.08257786751187526
2.060094407579,0.08418426922041745
2.061097539558,0.08394600844366643
2.062098361729,0.08486220242388125
2.063110877496,0.08549973459995758
2.064131577967,0.08468426390155123
2.065142701106,0.08437633508659259
2.066150202879,0.0802387415147204
2.067108417378,0.08203760216403927
2.068088268778,0.07675032850264744
2.069005163355,0.07687950387707461
2.069923891266,0.08284644080656191
2.070914357794,0.08365798980487998
2.071914971693,0.08383208166158929
2.072918112784,0.08387277892379025
2.073922310311,0.036649090947871804
2.074361255848,0.08118357328599415
2.075333768573,0.08394410798373832
2.076339709545,0.08350780743347208
2.077340829573,0.07801698881997887
2.078276595106,0.08415018731640772
2.079286468705,0.08390844686263374
2.080293703864,0.07838660804141849
2.081234645275,0.08381841071283057
2.082240900495,0.0840567523431009
2.083250719753,0.08402000013046204
2.084260933537,0.08450883498538898
2.085277805172,0.08469437329419799
2.0862976457,0.08331440020004408
2.087301551058,0.08346470583150585
2.088307613576,0.08377374341765445
2.089317686385,0.08295104853501858
2.09031829479,0.0840919872364696
2.09133270838,0.08356379881374576
2.092340885307,0.08343765653525811
2.093348100865,0.08288766665020317
2.094349156069,0.08388364401205721
2.095362544214,0.08338905939942147
2.096370223318,0.08283232164944497
2.097371570276,0.08309834788632164
2.098376764581,0.05869492044124755
2.099087465186,0.07399916969854892
2.099984007491,0.08428204518142429
2.101005671045,0.08251789591318757
2.102006276073,0.07220868299447868
2.102882027647,0.08326447737891683
2.103892024777,0.08080986800633057
2.104872529685,0.07340174918914141
2.105763462855,0.07810741039002042
2.106711872048,0.0839917879770296
2.107732228053,0.08261021857124856
2.108736185733,0.0829842867351631
2.109745089831,0.08274690327208081
2.110752009786,0.08279801483796775
2.111760659621,0.08327596776385104
2.112775900981,0.08261136126099125
2.113783568215,0.08233288653449414
2.114788240639,0.07604053370614905
2.11571620639,0.07422196200128106
2.116621968871,0.08233986286517109
2.117627074611,0.08208498178817006
2.118629436722,0.08191193057501488
2.119629966007,0.04565360092804258
2.120187786084,0.08187459054392306
2.121188329136,0.0822357567773525
2.122193546089,0.08198784116529369
2.123196102545,0.08185014186435627
2.124197406402,0.08171698928555551
2.125197592404,0.08169777518828515
2.126198070528,0.07855769042323857
2.127160633017,0.08230205597124113
2.128169723177,0.08171490830760131
2.129172145708,0.08176269587924286
2.130175712793,0.07633434548783964
2.131113302717,0.08161362152711858
2.132116439847,0.08152357296102139
2.133119291007,0.07880171233374034
2.134089223971,0.08134221871711449
2.135090445781,0.08143766299581097
2.136092671749,0.08068334015857383
2.137085507987,0.07715940076840536
2.13803479555,0.07778469976045466
2.138991641634,0.0801395750974544
2.139977642003,0.081578254213119
2.140981851504,0.08128316375410045
2.141982972319,0.08159767694209558
2.142988320847,0.06638179004135823
2.143806403994,0.08200609107526728
2.144817670923,0.08186178439167839
2.145827997942,0.08202684650762757
2.146840789246,0.08104554732939649
2.147841363697,0.07937498232593519
2.148821093141,0.08104176986420049
2.149821715579,0.07588847351307083
2.150759418898,0.08224037469426636
2.151776344366,0.0815005392472338
2.152784861814,0.06952688599670273
2.153645661015,0.07921217200500207
2.154626487806,0.08106630087609332
2.155630092205,0.08103573312631919
2.156633488863,0.08151356222515556
2.157643516756,0.0811731519951433
2.158649849588,0.080955214982633
2.159654032899,0.08095155672225408
2.160658943506,0.08082551115513922
2.161663069845,0.0798097240034192
2.162655423356,0.07783871805824195
2.163624009568,0.08064264747206346
2.164627754321,0.08044397640639973
2.165629439032,0.07429091474695973
2.166555245906,0.015828174458228882
2.166752543287,0.07972716257020314
2.167746659832,0.08057689304673912
2.168751760608,0.08085686495518773
2.169760893553,0.08011062216239524
2.170761394087,0.08021803852252933
2.171763994348,0.08045406450408939
2.172769916182,0.08052964522846355
2.173776971474,0.08020221677508564
2.174780185526,0.081216369394127
2.175796436269,0.08118392819155915
2.176812800192,0.07984779406551858
2.177813073608,0.0744668623405678
2.17874664474,0.07593858970195429
2.179699294164,0.07612537011783746
2.180654797389,0.0805508435546633
2.181666261532,0.08014202915813544
2.182672793903,0.0796927105494572
2.183673757971,0.07988774235977134
2.184677349848,0.07999269874104628
2.185682522257,0.0713661807230098
2.186579457281,0.05540260447918841
2.187275873056,0.07966036729887058
2.188277523958,0.08022171126977859
2.189286811689,0.08015498519676452
2.19029606039,0.08047152598519786
2.191310141575,0.08051457265359224
2.192325382068,0.07958628023074403
2.193329102912,0.07470631021950844
2.194271132232,0.07984681484352629
2.195278087334,0.07967886111817912
2.196283362215,0.07964124916505602
2.197288763182,0.07924996189206132
2.198290056026,0.07130501065828161
2.199191645509,0.07898872909485652
2.200190661456,0.07973418979480118
2.201199193785,0.07947555658986372
2.20220462129,0.07947494427525942
2.203210124385,0.07922975444443259
2.204212743455,0.07565549330484397
2.205170716948,0.07944396916076957
2.206177399907,0.07734480787372033
2.207157993626,0.07958842732862202
2.208167032905,0.08008415767721667
2.209182282009,0.07948137706026245
2.210190092019,0.07896764949382105
2.211191626771,0.07641886619870535
2.212161266251,0.07894945305385775
2.213163634765,0.025441283463782428
2.213486719765,0.0792808962453049
2.214493933823,0.07924009600563703
2.215501098781,0.07866923839055265
2.216501328758,0.07926155046698943
2.217509177273,0.07866661093886178
2.21851000904,0.07917743801825536
2.219518140771,0.07895859309863874
2.220523458302,0.07578519013070281
2.221488588688,0.07868921887581067
2.222491194834,0.07846521086407579
2.223491337426,0.07902207790964805
2.224498996635,0.07916689957056201
2.225508839683,0.07886077065375072
2.226515050261,0.0786533511613068
2.227519281369,0.07570452461615787
2.228486687306,0.07413646622725965
2.229434862641,0.07835518740895182
2.230437830853,0.07651589889873746
2.23141776055,0.07561547649568677
2.232386526886,0.07931465927162559
2.233403396766,0.07870396483834588
2.234413142362,0.07825752778751824
2.235417671898,0.07869859732853095
2.236428069389,0.07801552382775691
2.237429862559,0.07823013674845145
2.238434761901,0.07798000714824158
2.239436623491,0.078353415146915
2.240443613779,0.07797677890621192
2.241446358845,0.0792152545496022
2.242465706131,0.07808326354999773
2.243471034395,0.07814847030758723
2.244477810564,0.07781918545295001
2.245480976492,0.07834446968198257
2.246491444297,0.0773879616809198
2.247490171482,0.0725412753723719
2.248426832467,0.07284758625766799
2.249367848871,0.07740039400528245
2.250368001129,0.07482066155109307
2.251335113742,0.07579502945198707
2.252315441598,0.07749990380140957
2.253318708002,0.07802444752675156
2.254329343891,0.07734885320725153
2.255331497286,0.07197618043378812
2.256264269571,0.07199827227804424
2.257197509203,0.0783694868195268
2.258213629275,0.07784695167262513
2.259223506589,0.04316690493777733
2.259783672759,0.07482635487261105
2.260754993573,0.07771233034712502
2.261764185173,0.07751485877363729
2.262771291334,0.07805468630736842
2.263785828575,0.07809516001332956
2.264801213597,0.07758499555901657
2.265810660088,0.0738876259754944
2.266772778602,0.07711187821552513
2.267777468,0.07737029382471983
2.268785750157,0.07698021830061229
2.269789274549,0.07699222995057696
2.270793373998,0.07745633929620037
2.271804267494,0.0767607913247115
2.272806943536,0.07727758273098964
2.273817030489,0.07725404810998512
2.27482724841,0.07702612015901611
2.275834859306,0.0769128929555642
2.276841154117,0.07745822897352297
2.277854706557,0.07693571649979902
2.278862070383,0.07699889355693479
2.279870852695,0.07690152799465559
2.280878727572,0.07635650631546206
2.281879674197,0.0775412849931192
2.282896363334,0.07694090591341923
2.283905556759,0.07638266875731868
2.284907957893,0.07698863639127825
2.285918881685,0.07645072079250473
2.286923114572,0.07621446994660788
2.287924475264,0.07651884448801526
2.288930205693,0.07692988642381712
2.28994149314,0.07539171179322846
2.290932820176,0.0763218567927396
2.291936827649,0.07436170672753907
2.29291526292,0.07669582135901275
2.293924460887,0.07663930339451566
2.294933170229,0.07615485931383273
2.295935988406,0.07615175345922652
2.296939160162,0.07610113732975057
2.297941862554,0.07595639322425217
2.298942967003,0.0764243352005373
2.299950946305,0.07614609408881642
2.300955984931,0.013192126441795718
2.301130157288,0.07531806939233679
2.302124757077,0.07689325331389382
2.303140497436,0.07571152233277252
2.304140783144,0.07621089057767982
2.305147935566,0.07657328022372113
2.306160373701,0.07576650786017593
2.307162570499,0.0761069732123809
2.308169542106,0.07633611622062031
2.309180021771,0.07602191007010124
2.310186970613,0.0755555512858156
2.311188245451,0.07549320089840957
2.312189114018,0.07627281562413654
2.313200725023,0.07636566535469874
2.314213902556,0.075931591412999
2.315221651001,0.07630899674176521
2.316234907331,0.07248284131657845
2.317197831446,0.07577825633860139
2.318204856495,0.07562586030751627
2.319210033905,0.07096232318617154
2.320153406163,0.0752471747309389
2.321153990654,0.07553900606733217
2.322158712891,0.07524883985011081
2.323159955773,0.07571681409782054
2.324167815621,0.07624979542252233
2.325182999005,0.07551020382174019
2.326188717584,0.07556245237326946
2.327195803268,0.07533223387422897
2.32820054954,0.07496544249363805
2.329201015562,0.07553958389626309
2.330209760889,0.06955839384608753
2.331139238655,0.07494248380407188
2.332141351875,0.07645205058401598
2.333164172495,0.07506458534669645
2.334169103557,0.07126380742697663
2.335123857261,0.0749006843557162
2.336127817685,0.07558592397859418
2.337141305085,0.07508013768420214
2.338148171626,0.06721446240217022
2.339049611469,0.07454390940101634
2.340049831082,0.07447127244429781
2.341049953371,0.07486217704560745
2.342056008392,0.07465302375083
2.343059832167,0.07483369101471841
2.344066637066,0.07509946258357277
2.345077394675,0.0719191429327202
2.346045581968,0.07662260149254733
2.347077336103,0.07515814195954588
2.348089777687,0.07451321862043774
2.349093859466,0.07506770176498058
2.350105550564,0.07439016633916547
2.351108314988,0.07503579424937389
2.352119926523,0.07475377392208854
2.353128033607,0.07484210436891298
2.354137938104,0.07432320093826829
2.355141127137,0.07450628788990668
2.356147118606,0.07439992329201087
2.357152204679,0.07341773414545005
2.358144589998,0.07444728080330351
2.359151518,0.07445533085779409
2.360158984851,0.07414342976408068
2.361162633991,0.0739513536731279
2.362164283841,0.06684991835931212
2.3630702068,0.07437532348851454
2.364078401725,0.07458809264070813
2.365090077508,0.07418123060949558
2.36609710975,0.07421608689115583
2.367105337105,0.07508696315568772
2.368125905281,0.07141329460810371
2.369096843969,0.07381104322141924
2.3701008229,0.07397966485312917
2.371107726586,0.07434588297064332
2.372120122287,0.07411523882221056
2.37312990592,0.0740891837252338
2.374139672916,0.07443380365397151
2.375154187199,0.07375351698344257
2.376159902808,0.07375798542359642
2.377166531516,0.06652288499238616
2.378075235333,0.07325774157716536
2.379076989545,0.07377434710095536
2.38008630592,0.07321464176393193
2.381088113541,0.07330454601758289
2.382091483048,0.07327616712841871
2.383094960286,0.0738062365272217
2.384106000704,0.07375777416359482
2.385116478477,0.07387357833337146
2.386128428561,0.07347903559802549
2.387134921403,0.07390730115054646
2.388147597757,0.07339153031071886
2.389153696602,0.07341355090780911
2.390160829189,0.07362248142231123
2.391171768213,0.07342425831853526
2.392180541454,0.07288287176366605
2.39318227468,0.07279406965758145
2.394183264054,0.05332047335945957
2.394916883334,0.07299489632110631
2.395921762868,0.07284976461723436
2.396925298597,0.07285978234483993
2.397929631545,0.07252034069326853
2.398930132395,0.07304200959112168
2.399938778492,0.07317818335817071
2.400950136979,0.07265569699653043
2.401954818833,0.07317239298577174
2.402966660043,0.07305032035623688
2.403976502392,0.07259323327731061
2.40497979381,0.07313821396920647
2.405990794023,0.07260600578597759
2.406994998238,0.07261893626047064
2.407999923052,0.07241750817429529
2.409002350329,0.07243146193338429
2.410005055066,0.0731757413162681
2.411018297417,0.07220242610973693
2.412018733128,0.07260394291923697
2.413025924202,0.07274525556124799
2.414036127952,0.07245916322743538
2.415042855815,0.07195027192970302
2.416042867398,0.07233618080798909
2.417048908391,0.07219659118850567
2.418053725078,0.07215409295447554
2.419058343758,0.07250887674777845
2.420068123143,0.07229042913234274
2.42107502334,0.06975946761347532
2.422046911984,0.07276367171711817
2.423061059773,0.0724939894700047
2.424071836477,0.05108699404688592
2.424784390668,0.05152720285765179
2.425503516929,0.05593449247675392
2.426284498605,0.07220096439885336
2.427293039574,0.07251850242729554
2.428306424503,0.06449147477149468
2.429207828642,0.06158515362134962
2.430068900878,0.06455336971747362
2.430971970274,0.06545119471766142
2.431888184975,0.06002761453802548
2.432728862017,0.0684044933355618
2.433687143643,0.06332005894812662
2.434574269219,0.06706302148242038
2.435513924754,0.06297693077894212
2.436396766214,0.06289096440955724
2.437278886983,0.05975014731870068
2.438117409981,0.06475365097768966
2.439026577972,0.07094484521248211
2.440023074168,0.06324899895415342
2.440911810641,0.07182307234959405
2.441921511651,0.06763171929734603
2.442872693435,0.06019994684643208
2.443719636979,0.060580603038814386
2.444572243899,0.0585433725992905
2.445396354856,0.07105639368941742
2.446396757122,0.06865193839908552
2.447363556949,0.060802872825601345
2.448220020949,0.06886637772472733
2.449190382419,0.05744965023903256
2.450000226196,0.06234972455312184
2.450879462172,0.06259702269052848
2.451762417729,0.05873783739120011
2.4525912742,0.05465557698226937
2.453363078546,0.061573134973722195
2.454232941908,0.05594511505090779
2.455023664329,0.058106184191961535
2.455845141047,0.06991892016848376
2.456833700046,0.06324950502379327
2.457727839739,0.059821725716590106
2.458573549453,0.05653543097482076
2.459372993094,0.06932076317566725
2.460353671402,0.06004669285405968
2.461203441226,0.05913325477193295
2.462040439402,0.03066363066757525
2.46247451137,0.05782349112819042
2.463293260315,0.059270366803364796
2.464132969157,0.06610337420764764
2.465070266803,0.059898414347782376
2.465920167427,0.06092591336737457
2.466785250483,0.0611918839211978
2.467654608392,0.05823781082634207
2.468482384168,0.05813073334523685
2.469308870276,0.05877419375939822
2.470144817391,0.0628791611565035
2.471039730443,0.06339977800316751
2.471942918051,0.06536174793505599
2.472875018793,0.059017755354250634
2.473717401141,0.05156251982474426
2.474453872657,0.060049391786073644
2.475312063867,0.06977121189091652
2.476309701405,0.05677716027759808
2.477121730458,0.05860256397655419
2.477959909989,0.07013592912245516
2.478963011262,0.05330751509849634
2.479725335013,0.06102638483319214
2.480598073938,0.0701901895843075
2.481602144215,0.057418716306235386
2.482423779689,0.05217803080160893
2.483170608394,0.06114914449332047
2.484046078668,0.06719225166625234
2.485008322525,0.05474221525741787
2.485792336833,0.05464305710139544
2.48657496486,0.05141605356336072
2.487311396638,0.05942379882506884
2.488162699765,0.06454146971938127
2.489087850746,0.06049073657889194
2.489955657372,0.062476464322215555
2.490852586657,0.06020797111850952
2.491717422425,0.06292264027216124
2.492621727117,0.058472889864516125
2.49346253574,0.058654222538762846
2.494306221243,0.044219134491837966
2.494942335707,0.06562264973983274
2.495886288953,0.062287994670541115
2.496782426929,0.05874032833756032
2.497627846208,0.0687202800293959
2.498617413213,0.06751674545851048
2.499590150293,0.05825388121412288
2.500429650686,0.054836990854170486
2.501220045612,0.06550065735248049
2.502164389028,0.06519649983791242
2.503104743312,0.060547909737532185
2.503978499662,0.0633243595398111
2.504892766822,0.060777055877089925
2.505770455873,0.052131128182518055
2.506523707607,0.05274353643557148
2.507286302023,0.05889483410010728
2.508138498676,0.06323116078244853
2.509054165654,0.058763201714438947
2.509905682066,0.05844836057363878
2.510753324283,0.05774962934397287
2.511591293728,0.052995906397258485
2.512360618506,0.06971946015593257
2.513373215955,0.06890046544712455
2.514374456608,0.055260744381424635
2.515177805626,0.06038125643937472
2.516055906255,0.06555344050554723
2.517009506874,0.05794811946941377
2.517852688579,0.06366898343676006
2.51877935189,0.05593959896166033
2.519593611619,0.05447201610840316
2.520386669132,0.058846249507495535
2.521243704236,0.05433804614646375
2.522035437832,0.05660277142391658
2.522860669744,0.06483834640508619
2.523806457534,0.0641720384372526
2.524742807587,0.05529768682915717
2.525549954157,0.056846425323970225
2.526379948133,0.05118163079336771
2.527127437387,0.05784968814708564
2.527972616861,0.05712395759969043
2.528807668733,0.055090222939671335
2.529613153751,0.06017415421863644
2.530493186724,0.05110180848164032
2.531240730202,0.058238384866466854
2.532092924266,0.04945231337297666
2.532816840969,0.052481048743103303
2.533585289557,0.06396994171493603
2.534522113451,0.060197679442749105
2.535404021394,0.05943106836291425
2.536275160649,0.05955886277446657
2.537148764713,0.059532527292711065
2.538022682368,0.05809367746967477
2.538876132247,0.057552669019072515
2.539722110071,0.06160249173663627
2.540627767187,0.055499296378181955
2.541443851619,0.054963471016791415
2.54225229241,0.057637877675052754
2.543100406171,0.05800835043760475
2.543954274467,0.05291075409000977
2.544733565262,0.055463745587690454
2.545550752325,0.06822977680394877
2.546556224823,0.06529269460824312
2.547518399275,0.05785021750573848
2.548371057668,0.05858586513596996
2.549235148693,0.06117220313914973
2.550138224531,0.06504342293074798
2.551099307437,0.06222111572061699
2.552019286953,0.05847682642712743
2.552884343305,0.055437083586520705
2.553704877599,0.06066358573377457
2.554603137947,0.0551290393878013
2.555419592824,0.05956969330442997
2.556301906748,0.05641656209195482
2.557137572923,0.058637283913618894
2.558006196062,0.058332517622364986
2.558870499932,0.04039086304886983
2.559469379654,0.05842189774649912
2.560335981554,0.05439893790190099
2.561143243281,0.06061580390985208
2.562042922564,0.05784212741518679
2.562901495256,0.05812414032705331
2.56376451711,0.05034635746992668
2.564512347214,0.05149793571348358
2.565277571996,0.05640357569553527
2.56611603542,0.05233654709784053
2.566894305014,0.05430842814804157
2.567702024111,0.05576197269022767
2.568531573862,0.05078524538488975
2.569287338474,0.059732264042136204
2.570176513991,0.0612949537144566
2.571089332099,0.06284329958132466
2.572025647204,0.06325056235969384
2.572968374995,0.0550605648725659
2.573789442078,0.05553406516652186
2.574617866235,0.053288102951416436
2.575413002404,0.06421920887928417
2.576371535593,0.0669211782839022
2.577370785394,0.05896131598619355
2.578251584657,0.06035692335073458
2.579153631227,0.05849872705111842
2.58002820873,0.060848053809669435
2.580938192402,0.06726279218179465
2.581944732081,0.06560340163380575
2.582927026412,0.058164074700023154
2.583798174815,0.05179146565430359
2.584574016345,0.05989300008967685
2.585471561259,0.054265226325908605
2.586285232487,0.049099013422785824
2.587021871961,0.05723079828514817
2.587881276905,0.060717938420972804
2.588793774636,0.0581717073944748
2.58966824467,0.05807827510456415
2.590541597712,0.059225781301391535
2.591432500731,0.056280564349983415
2.592279340521,0.05106696899629934
2.59304790642,0.056671060427787585
2.593901056529,0.03825601102476912
2.594477192874,0.06651206931745524
2.595479166554,0.05961114274421184
2.596377598382,0.06180520852514632
2.597309551182,0.0666621963369318
2.598315308634,0.062195267435265725
2.599254106881,0.05300736798975763
2.600054514879,0.056770879996904305
2.600912153582,0.05350221104054826
2.601720954741,0.05736266242942647
2.602588501359,0.05110581851071516
2.603361723409,0.06262366882541914
2.604309628447,0.05548401906897776
2.605149827808,0.05440642643294732
2.605973922223,0.05652333707061831
2.606830310745,0.06470991889239358
2.607811166695,0.06690658287611614
2.608825648201,0.0643437151256542
2.609801748695,0.05452923256473972
2.610629464162,0.05543414296177237
2.61147139536,0.05929612298179074
2.612372460774,0.06090239457786707
2.613298309805,0.06008442687225005
2.614212005319,0.05846356690497116
2.615101247388,0.06132300670292602
2.616034334806,0.06483574143754665
2.617021369298,0.06093245794846353
2.617949271321,0.05748119092432703
2.618824730357,0.05052320726879714
2.619594381221,0.059250246031091025
2.62049717303,0.06018937290838524
2.621414737325,0.06388379555528807
2.622389245038,0.06406006161514806
2.623367028869,0.05704909083599936
2.624238273813,0.05393870958678884
2.625062412393,0.0565785025293844
2.625927291721,0.05475382742716146
2.626764630009,0.057784319001191346
2.627648570132,0.06003061396788668
2.628567399637,0.0617155039121891
2.629512530758,0.048241998306626795
2.63025172845,0.05829039478825847
2.631145143218,0.0616753914365537
2.632090576318,0.056506496878723216
2.63295705964,0.05834780469133788
2.633852332508,0.053363120294903484
2.634671663701,0.06273377279406765
2.635635422778,0.0549049945026292
2.636479261745,0.0642148216914364
2.637466596215,0.06539797839641884
2.638472638867,0.06326131118976644
2.639446272595,0.0551155045490065
2.640294715418,0.05374393074601418
2.641122088906,0.05247029426455051
2.641929944613,0.06118143976789485
2.642872076339,0.055624798767944295
2.643728797289,0.05466634891702163
2.644571028,0.05436256759320839
2.645409082494,0.06215212375485449
2.646367556976,0.058661846012088605
2.647272472283,0.05730337901313741
2.648156709672,0.060037984479882615
2.649083534281,0.06132754230115153
2.65003070152,0.0631599012403094
2.651006611178,0.054344097598775835
2.651846683256,0.05911913570963068
2.652760957713,0.06089522489522451
2.653703239153,0.05805594568805802
2.654602162928,0.05906205409115969
2.655517062225,0.05366151963230449
2.656348444391,0.05640541433726678
2.657222429678,0.06283232787800756
2.658196346179,0.05830047281338461
2.659100512917,0.05888930011469205
2.660014308052,0.0596928610656589
2.660941104948,0.06482210280803764
2.661948241026,0.0580692034432643
2.662850983419,0.05178422495231279
2.663656390307,0.04591225994114148
2.664370842251,0.05586414901378632
2.665240474776,0.06061812114075426
2.666184536656,0.055093334760392625
2.667043026312,0.056553154192496874
2.667924782581,0.0592673229502942
2.668849360896,0.05230242175371157
2.669665579444,0.05377990622398873
2.670505219716,0.05583183841782922
2.671377014623,0.057718178573585084
2.672278504248,0.059396710377365956
2.673206630237,0.05870266909092652
2.674124250438,0.06401833854168018
2.675125101301,0.05411918752201319
2.675971276883,0.05643253035884126
2.676853845823,0.05950838104039661
2.677784962626,0.05574059361794676
2.678657416944,0.056071972815034975
2.679535279202,0.056839180562548365
2.680425414776,0.05631243326734709
2.681307741366,0.06298919851946358
2.682295376409,0.05797599122665629
2.683204959181,0.05622861268348138
2.684087526378,0.063767327918853
2.685088978776,0.05566731886008294
2.685964112523,0.05598196495289255
2.686844937495,0.05887651781220063
2.687771994359,0.061414978272488416
2.688739578761,0.06307866623165313
2.689733806632,0.06153313512460019
2.690703999451,0.05495216596460917
2.691570680665,0.05851280613401309
2.692493863359,0.06348863589026882
2.693496112928,0.06347963808404566
2.69449899133,0.05845632267282892
2.695423220233,0.05484995959551737
2.696290932714,0.041974048598903
2.696955217902,0.05286759563354084
2.697792166705,0.053055524702286055
2.698632294474,0.05278759792776024
2.699468404938,0.05531591545159202
2.700344841055,0.05927915844229085
2.701284458691,0.057594124183882954
2.702197763224,0.059101795418288014
2.703135306161,0.059789379716042756
2.704084003119,0.06093995078633128
2.705051387396,0.05341176139534729
2.705899810653,0.062481673847751475
2.706892828506,0.05313259766691971
2.707737314854,0.0525389706113653
2.708572372686,0.052494486828143914
2.70940710501,0.05505925819105852
2.710283202051,0.058274696800555546
2.711211187158,0.06284244791820302
2.712212558677,0.058915895186687134
2.713151757667,0.06223164999507401
2.714144362664,0.06298017189799024
2.715149717289,0.057688581536093284
2.716071324745,0.0579814186778292
2.71699823983,0.055233485936485714
2.717881635863,0.058251643739981845
2.71881348959,0.0567466720645082
2.719721312427,0.06286611943524378
2.72072700204,0.06285149946140459
2.721732797671,0.05952339000927402
2.72268590417,0.06321791950605801
2.723698759546,0.0610146057186944
2.7246769054,0.0545718241712098
2.725552251594,0.053167154427106456
2.726405847167,0.053607755015543726
2.727267290755,0.05712979150199992
2.728185811031,0.05814631317202479
2.729120952169,0.05477004768566473
2.730002031613,0.053951738334659806
2.730870124254,0.06249319466697802
2.731875922848,0.0626125367986049
2.732884186256,0.055282581439044666
2.733775012575,0.014160296642599388
2.734003287869,0.05888801368228254
2.734953017146,0.059622442165018996
2.735915184489,0.054681844886390114
2.736798075362,0.057299609351057
2.73772360558,0.06038244177844206
2.738699316612,0.05763018228569386
2.739631121149,0.044242787186871836
2.740346738312,0.05348532619109164
2.741212130515,0.0575936128540376
2.742144203389,0.05467723125033663
2.743029240831,0.05852390402901597
2.743976783591,0.05780103963778311
2.744912808504,0.06061676664561671
2.745894881015,0.061832130026072483
2.746897266438,0.06017352593523045
2.747873233491,0.054642963104763874
2.748759897992,0.05545623807815453
2.749660286556,0.06073700590797477
2.750646878659,0.061951202420148926
2.751653503322,0.05611172649202287
2.752565705708,0.0616778843746913
2.753568995056,0.056349009920083834
2.754486007074,0.059565186054427254
2.755455576691,0.05401257383248602
2.756334829834,0.06153332717501808
2.757336500699,0.05213665110071287
2.758185293642,0.05352899734379223
2.759057086753,0.055800582723205594
2.759966276558,0.05350542351157987
2.760838344071,0.05935653133958761
2.761806110989,0.061403970511676294
2.762807577658,0.0604674977462725
2.763794029178,0.06008679026733139
2.764774581943,0.060785032140350394
2.765767080727,0.05673142280942957
2.766694009365,0.0594684154394261
2.767666161121,0.05727505632750119
2.768602903452,0.05936617670462762
2.769574174085,0.05891780984072186
2.770538275758,0.06124033016899366
2.771540670804,0.05987208465311836
2.772521190051,0.05524656908109227
2.773426424803,0.061216737024254606
2.774429940065,0.06184139901512879
2.775444290532,0.016316398085508513
2.775712004077,0.05906593329372881
2.776681698766,0.04905439380424909
2.777487550594,0.05414484321304427
2.778377439425,0.05678283896014556
2.779311149485,0.06058781323796482
2.780308038398,0.05491442290291639
2.781212400314,0.05555411667092864
2.782127996334,0.05117934840876749
2.78297218517,0.060522600065306804
2.783971314451,0.05927185466832297
2.784950675443,0.05938425910210243
2.785932746083,0.04859763897157482
2.786736912634,0.058555636946849204
2.787706266717,0.05454110819990192
2.788609428678,0.060615919928773354
2.789613538379,0.060455483042896094
2.790615423747,0.06123859175737319
2.791630501198,0.0607836386858796
2.792638318836,0.060456516453256684
2.793641341528,0.04888251523769153
2.794452833175,0.048454593036721054
2.795257558402,0.05359169784455159
2.796148056929,0.05604102292955562
2.797079741519,0.05351010867543829
2.797969613491,0.058719256609798924
2.798946131738,0.055794449710981256
2.799874209713,0.05771118937539738
2.800834613101,0.05182730234945277
2.801697552876,0.05894116223924963
2.802679482896,0.06031611490767014
2.803684970119,0.05422582957748173
2.804589516855,0.05640349427586817
2.805530758748,0.05541782333046062
2.806455704597,0.059897132313639356
2.807455949741,0.06015562284417677
2.808461371904,0.052502790037272214
2.809339372341,0.051868710940736286
2.810207058729,0.05140051270993509
2.811067204902,0.052007485960149605
2.811937775715,0.05607780494223883
2.812876801036,0.054178965300313055
2.813784342565,0.05505909981563079
2.814706871415,0.05092676703762686
2.815560319812,0.05741709965029361
2.816522736157,0.0019401971506612927
2.816555271297,0.06011587562948191
2.817563655747,0.05958382856186471
2.818563776418,0.05947021016820013
2.819562473156,0.05981370404258477
2.820567778408,0.04914510135396185
2.821394238045,0.053600921640869326
2.822296094733,0.05555100002434444
2.823231516407,0.055639280169716934
2.82416880411,0.05886104907752385
2.825160725452,0.054994114202642365
2.826088063019,0.053165405038089385
2.826984942601,0.04526105733666256
2.82774866159,0.04918628177577379
2.828578805597,0.05847816799835003
2.82956609519,0.05338640835197002
2.83046763657,0.05390770136674181
2.831378300686,0.05925575892725529
2.832379802,0.05532344342409077
2.833315395635,0.059425004484816704
2.834320951384,0.05908917077048037
2.835321265305,0.05054316408278099
2.836177448027,0.055988704284635454
2.837126927886,0.05687215498476696
2.838092195262,0.05302027045168126
2.838992725181,0.05556100221728016
2.839937168179,0.047793285855980805
2.84074999895,0.05637079958140363
2.841709005779,0.058893452635417044
2.842711011846,0.05493382431064576
2.843645676601,0.056815822136338935
2.844612749962,0.059280002237818825
2.845622451611,0.05908758433664829
2.846629427676,0.058423410873455525
2.847625526301,0.0510235744327472
2.848495801412,0.0498719266970572
2.849346837763,0.058766175845845814
2.850350242527,0.05900553354042895
2.851358417187,0.057694140784179976
2.852344976116,0.05782628395933584
2.853334306477,0.05492017279615778
2.854274070087,0.056155973106407575
2.85523526825,0.05603878733772082
2.85619466033,0.04719293947849624
2.857002679803,0.03465154215667987
2.857596143317,0.05813322795007291
2.858592148727,0.05845701171039507
2.859594318346,0.05885968045981913
2.860604056323,0.05169385733970918
2.86149126982,0.05347251002118177
2.862409122649,0.05646341160708923
2.863378389903,0.053100077041221036
2.86429011799,0.05522760246718344
2.865238948006,0.05602899633492032
2.866202069111,0.05821495887450057
2.867203081286,0.0586407759909473
2.868211946,0.05836939174366433
2.869216873867,0.05839923736998658
2.870223359356,0.058292040174519374
2.871228824682,0.05786148278404619
2.872227380594,0.05808771471968062
2.873230426538,0.057908356749388844
2.874231129915,0.05011856673526153
2.875097640825,0.057955771465589986
2.876099968158,0.05369883766489397
2.877028960821,0.05782723159638362
2.878029813584,0.05793205475401573
2.879032805315,0.05126975853721623
2.879920810098,0.056639865386567546
2.880902510844,0.05794576150076782
2.881907429348,0.05298814738586954
2.882826970637,0.053623752496027244
2.883758281848,0.054586473938196045
2.884707021139,0.05197504703976416
2.885610891312,0.0545613426151534
2.886560138864,0.05494862622135065
2.88751632335,0.052162887683969025
2.888424247871,0.053911717672128434
2.889362939181,0.05798442873297682
2.890372868279,0.05759872234536697
2.891376572277,0.05255385999896718
2.89229294803,0.05747055245531146
2.893295568496,0.05747570427621292
2.89429873003,0.054639116774272904
2.895252782589,0.05756941683737369
2.896258624,0.058023641876335914
2.897273028061,0.027291393020038253
2.897750327355,0.05731979118500536
2.898753126755,0.05338943698611324
2.899687684925,0.053259204403764804
2.900620583917,0.057824710338629653
2.901634080574,0.04976629223431131
2.902506706834,0.04608056188143977
2.903314913983,0.05134726126804989
2.904215842073,0.056379720660311196
2.905205529866,0.056260341915672425
2.906193696412,0.050043176563236064
2.907073139762,0.057136598201601045
2.908077784466,0.05327756071907509
2.909015043975,0.05203719798006646
2.909931075637,0.05591186730537818
2.910915905284,0.05067212212029214
2.911808780822,0.049382378954232004
2.912679124493,0.054859355965175785
2.913646196771,0.05222369364767712
2.914567075935,0.05207563162627104
2.915485672853,0.05492175005566498
2.916454926659,0.05695909173620301
2.91746062066,0.057117900888014606
2.918469467945,0.056720716702544006
2.919471550098,0.05651457794360594
2.920470384873,0.05690911160623444
2.921476879962,0.05680885979845398
2.922482463549,0.051375441040427655
2.923392556629,0.05676092804106255
2.924398599504,0.056470411847904946
2.925400161087,0.05261074214026299
2.92633382761,0.04612627461038036
2.927152713716,0.053887061536952774
2.92810968705,0.05311725172170654
2.929053427747,0.04525474228841231
2.929857849915,0.04606185444944753
2.930676987599,0.056560798079776015
2.931683388059,0.048606496454117784
2.932548787634,0.05418481006707959
2.933513912555,0.0518214335826539
2.934437337431,0.05459619968087146
2.935410555199,0.0543144804213696
2.936379175194,0.029862906494630703
2.93691190644,0.053200432493628075
2.937861435664,0.0567094434933203
2.938874078742,0.054333298109936895
2.939844680748,0.053196805601586246
2.940795423736,0.05178411936361762
2.941721506218,0.0482495019110236
2.942584940401,0.053034796506685335
2.943534668932,0.056639166617468414
2.944549619347,0.05196977112438357
2.94548131417,0.05588225321547582
2.946483482034,0.05282898755425816
2.94743123569,0.05510234988080381
2.948420204878,0.056123912404014424
2.949428142849,0.05622018327611204
2.950438568087,0.05591806549030019
2.951444168899,0.055843119285276355
2.952449000139,0.05619612332229158
2.953461004897,0.055528386972808444
2.954461812529,0.055628718300652455
2.955465147598,0.054566811793940226
2.956449962551,0.05141439109201986
2.957378314628,0.051975840475269486
2.958317185961,0.05643967297517852
2.95933725622,0.0554195669250686
2.960339516635,0.055189221467436045
2.961338330381,0.055394160686225526
2.962341551178,0.0469088783930323
2.963191605725,0.0499920580447513
2.96409811097,0.04989417621652535
2.965003142503,0.04712855990862536
2.96585834186,0.0494439591844411
2.966755979078,0.05565422023753577
2.967766932956,0.05524079013873969
2.968771008053,0.05542672510818334
2.969779076998,0.05504097387834638
2.970780799138,0.0552586388850815
2.971787237684,0.052586786295447094
2.972745656221,0.05459521508907467
2.973741365262,0.05500699632712803
2.974745305337,0.05119183024224975
2.975680239352,0.0549610892301648
2.976684763148,0.053037506915088746
2.977654910843,0.054816664301439666
2.978658339765,0.05475858701537294
2.979661299872,0.05144551468022386
2.980603964925,0.05407313502203927
2.981595235459,0.05464021487721537
2.982597425474,0.054738304177797355
2.983601900123,0.05460116600605
2.984604476519,0.051504031471798085
2.985551018422,0.04986453038642118
2.986468232345,0.05449540238154956
2.987471210679,0.05473739235232756
2.988479071977,0.05463220236133794
2.989485523823,0.05486443003129951
2.990496835777,0.05295557097952144
2.991473545408,0.052233966585691856
2.992437601777,0.05010663803852672
2.99336307022,0.05303275381473611
2.994343344147,0.05168126868617398
2.995299175847,0.05306018880659001
2.996280981603,0.05460279913007951
2.997291980008,0.05160508406876698
2.998248047085,0.05412527201364756
2.999251281155,0.05396244574387155
3.000252014465,0.054280555788856266
3.001259392859,0.054220920569967905
3.002266604681,0.05425388138254718
3.003275246238,0.05396356765839493
3.004279112813,0.05115529525589677
3.005231378235,0.05310043711448387
3.006220652839,0.05366183122408009
3.007221165296,0.053986258394055214
3.00822825612,0.049134319710240036
3.009145276238,0.048641369068202274
3.010053737078,0.04707111968005527
3.010933574627,0.04101715442345699
3.011700859532,0.0436404896962418
3.012517698493,0.04754070003373433
3.013408031308,0.009901825401557767
3.013593549441,0.048044657431857395
3.014493847552,0.05060447320309513
3.015442443932,0.053438037855715666
3.01644440037,0.050840397725400596
3.017397942041,0.053775016635017166
3.018407065743,0.0486172496475195
3.019319832075,0.05334967157110628
3.02032176332,0.044996714673403874
3.021167121095,0.05018692803677617
3.022110260481,0.053476359425767186
3.023115408274,0.04699648048336851
3.023999133706,0.04990733133613579
3.024938012482,0.04582153331383205
3.025800324235,0.05020429685738826
3.026745471052,0.05179331776193132
3.027721103998,0.04962570226947831
3.028656518811,0.05329723731758194
3.029661712523,0.05330943181416715
3.030667613444,0.053123858899108416
3.031670399289,0.047530959750102214
3.032567956814,0.047986467375730174
3.033474552455,0.049703917444937136
3.034414118208,0.05296359375053773
3.035415939218,0.04841801728302634
3.036332263493,0.05281194895197052
3.037332612116,0.052783945529585784
3.038333598606,0.05270810271567078
3.039333933757,0.050787883794675893
3.040298316209,0.052877991490172575
3.041302964184,0.05251065060711375
3.042301008903,0.05343047252764944
3.043316631754,0.05321412270359337
3.04432822261,0.05304158326885787
3.045336456366,0.05291274744633587
3.046342428947,0.053356599105570966
3.047357050441,0.05266911674502072
3.048359048193,0.04820777736041859
3.049276841062,0.04447990597986224
3.050124063739,0.04604509747638507
3.051001405519,0.051699799176218475
3.05198698626,0.05243045476334983
3.052987210413,0.050136403388276844
3.053944307761,0.05002431548545132
3.054899809076,0.00975327233289977
3.055086175403,0.05235767817568184
3.056087072606,0.04941328732480768
3.057032505911,0.051197311021050074
3.05801305373,0.04846312742711193
3.058942345466,0.047284615617278154
3.059850200114,0.04575304342178354
3.060729627108,0.052812173616182484
3.061745718423,0.051958376564740984
3.062745887413,0.0519956684416603
3.063747169721,0.05215863579560556
3.064752190204,0.04792976970308408
3.065676278,0.04844930119864608
3.066611337598,0.049967201793706326
3.067576625737,0.05172875730761488
3.068576744718,0.05203238034126428
3.069583633435,0.05173447677192631
3.070585655565,0.04687866750646908
3.071494582343,0.04980101391941795
3.072461229252,0.04973679149775045
3.073427552444,0.04232953296148603
3.074250389876,0.04560682817245801
3.075137236853,0.05021977740113685
3.076114345636,0.051893705888825664
3.077125054422,0.051288416238770215
3.078125075741,0.05150330674384164
3.079130210719,0.05167833162082817
3.080139679298,0.04917503609610943
3.081101177085,0.05134231796222795
3.082105985581,0.051143029887891565
3.083107880829,0.05159513903422643
3.084119664028,0.04616258855895495
3.085025698969,0.04561043339583431
3.085921679984,0.0472934296292261
3.086851597089,0.050877596569535236
3.087853022123,0.04971968076657314
3.088832612749,0.05121585630274858
3.089842567053,0.05103966212486584
3.090849628935,0.050975977018740994
3.091855832363,0.0509827959397043
3.092862929151,0.0507318179116309
3.093866051511,0.050993134143797636
3.094875116117,0.04502629069226306
3.095766466809,0.050671699076527174
3.096770056925,0.05065006860114414
3.097773843399,0.050770425979753904
3.098780631159,0.04668362053120784
3.099707188763,0.05066109132550514
3.100713663617,0.050424508961018126
3.101716480621,0.050658683144980156
3.102724964039,0.0508025131193836
3.10373712263,0.05058506876254048
3.104745799829,0.05016173585629916
3.105746830532,0.04845334750075737
3.106714312422,0.050345137321494884
3.107720314423,0.048055919479063285
3.108681528053,0.04877808098642166
3.10965815481,0.05045421576625925
3.110669281824,0.050035468062237416
3.111672909848,0.05030730569373561
3.112682894491,0.05001491738201524
3.113687727016,0.0500712301348418
3.114694230032,0.009410287002274443
3.114883464495,0.049109436903638524
3.115871422032,0.04710864835766416
3.116819871355,0.041024967325401014
3.117646324042,0.049987155790278806
3.118653831246,0.04979101178907518
3.119658080681,0.046727548632462396
3.120601212319,0.047563740614644565
3.121561775606,0.049553518744467666
3.122563286119,0.04969308470001777
3.123568441485,0.04906571921000839
3.124561657033,0.05001748820340383
3.125574805767,0.022357412939670578
3.126027887347,0.027819146975130594
3.126591778608,0.031676526087405114
3.127234364549,0.03899326331406631
3.128026021814,0.04119055216894555
3.128862851253,0.039832650061299754
3.129672543462,0.035102587841382524
3.130386503695,0.03755748479078278
3.131151005806,0.03872454888779957
3.131939718304,0.03781966979713818
3.132710445403,0.035117905267602806
3.133426555896,0.039142554833407076
3.134225472423,0.039859387435166094
3.135039705018,0.037232054588602105
3.135800855539,0.03728438369894696
3.136563565294,0.035757227454042764
3.13729545017,0.03585084093231606
3.138029559558,0.041321612506043416
3.138876244601,0.035971738308413166
3.139613917415,0.03585711616874275
3.1403503075,0.035345863764302855
3.141076855295,0.03557156046035983
3.141808466003,0.034426359909313343
3.142516840539,0.035598438814255465
3.143249791477,0.03802310185533896
3.144033174915,0.035616415232975464
3.144767477294,0.035893033270755506
3.145508088376,0.03609147976512271
3.146253352592,0.04022362614196399
3.147084407843,0.03301944148978874
3.147766946519,0.035863523613008326
3.14850863986,0.0379024403612707
3.149292896484,0.03933984749260068
3.150107310086,0.038830003830276544
3.150911660516,0.035052032114502925
3.151638240992,0.037472760725766295
3.152415366988,0.038744762805451166
3.1532193398,0.03794493447925997
3.154007244916,0.03945392768880231
3.154827216487,0.03863826221432838
3.155630970565,0.0450398891728318
3.156568466528,0.04353092235065377
3.157475243703,0.041605252974165625
3.158342804375,0.03781174664573165
3.159132220402,0.036115170413888974
3.159887204611,0.034553177192399795
3.160610554569,0.03542293043697333
3.161352512591,0.031214834698115593
3.162006586015,0.03569568522838754
3.162754820514,0.034711513502642496
3.16348275481,0.03601713658470068
3.164238398922,0.0340118789504664
3.164952313114,0.04113735106887426
3.165816402107,0.03710882616222086
3.166596468844,0.03418910228093615
3.167315644375,0.03594342616895664
3.168072217968,0.03237695204253196
3.168754276701,0.037916195670773936
3.169553444173,0.036332171146149776
3.170319732806,0.03729417487258974
3.171106939222,0.03334184408545305
3.171811634041,0.02891220203997135
3.172423233358,0.03301596102336845
3.17312207393,0.027197161996122255
3.173698236927,0.034743614292081365
3.174434544844,0.027094155086094567
3.175008942513,0.032697392647712736
3.175702527501,0.03426024155529149
3.176429521191,0.035706628283578845
3.177187522083,0.03779356201196968
3.177990375407,0.03532605526694098
3.178741212557,0.040543821054698996
3.179603424782,0.03817873101226185
3.180415916407,0.03922653334519073
3.181251379649,0.04420510908275234
3.182193792256,0.03878294694851849
3.183021426243,0.035401340425255313
3.183777467314,0.03450270879590937
3.184514688722,0.03703163232348527
3.185306312883,0.030366596781998163
3.185955748165,0.03852996949381145
3.186780200442,0.0347304092553063
3.187523862223,0.03845441826823733
3.188347882002,0.036787097777564226
3.18913671012,0.03561662231680247
3.189900831397,0.03582338374662278
3.190669802849,0.03918620265727701
3.191511478598,0.02765379411507149
3.192105786715,0.027833339384255685
3.192704204711,0.034667434363400564
3.193449742052,0.033883215758375274
3.194178661527,0.033364594920059394
3.194897063507,0.03462437161303581
3.195643005232,0.03476452899591683
3.19639241664,0.034419368063280914
3.197134939254,0.034590877057339556
3.19788181514,0.039668790608243715
3.198738783915,0.03743147524434423
3.199547806011,0.03486024565220862
3.200301522737,0.03465891919562894
3.201051234167,0.027863453433245356
3.201654070258,0.02872825015226874
3.202275695864,0.03491157818386398
3.20303136493,0.038918299283326095
3.203874198045,0.04217332227497084
3.204788371037,0.03726783915489824
3.205596994116,0.03431170863560847
3.206342050369,0.037359544324736045
3.207153965552,0.035290160743240824
3.207921572017,0.03989207295637369
3.208789986048,0.032387628187426645
3.209495427512,0.03846839402564179
3.210333961451,0.03682755642281668
3.211137348305,0.03135559119765545
3.211821768232,0.033842505859371305
3.212560863203,0.03209674620562443
3.213262418331,0.028259399525695218
3.213880336808,0.0343578633173476
3.214631913945,0.03412836032548017
3.215378949788,0.03748394737992286
3.216200195861,0.03625579833085561
3.21699529621,0.03696129212333652
3.217806578053,0.03278614229274356
3.218526724268,0.0359772269676763
3.21931773455,0.036419677686735465
3.220119105231,0.038348229337340625
3.220963419905,0.03782064755860554
3.221796492235,0.037228446001978305
3.22261691572,0.037443967133719974
3.22344267731,0.013539675879340834
3.223741345839,0.039047144882265086
3.224603052185,0.0383294335546731
3.225449443187,0.04031040612560743
3.226340048016,0.03768756686769286
3.227173308503,0.03680818807491298
3.227987775457,0.03680167646318674
3.228802813722,0.03460493927700965
3.229570011756,0.020687040089573002
3.23002900018,0.02768391804184777
3.230643360883,0.03913407518599848
3.231512491669,0.04062263022267104
3.232415451158,0.03933814849572892
3.233290710833,0.03568981154286324
3.234085522716,0.035169364661658924
3.234869346517,0.03662692265860675
3.235686237377,0.030367535738918656
3.236364227656,0.03401641440779728
3.237124275001,0.036079612661606024
3.237931199162,0.03627968785980356
3.238743396835,0.03565513890295765
3.239542754651,0.035395303628034225
3.240337078996,0.03725523726335117
3.241173673829,0.029922944061864448
3.241845850279,0.03508217603964191
3.24263413921,0.035955395474318357
3.243442269328,0.035284732589533116
3.244235563828,0.0351165334376134
3.245025274402,0.03383029989280672
3.24578618711,0.03397080936229002
3.246550340409,0.03567466430708098
3.247353103933,0.038864836322420375
3.248227951632,0.027089742000544977
3.24883787261,0.035305409193649294
3.249632928094,0.03679612089058071
3.250461679566,0.037446895175623336
3.251305268039,0.03785733805854541
3.252158535181,0.0364514176372133
3.252980783293,0.037542854363920866
3.253828507,0.010471466138124783
3.254065244453,0.03781845200931833
3.254920307064,0.016581996962118768
3.255295483223,0.024825324284123866
3.255857171337,0.0324525541519778
3.256591580257,0.03840599659114376
3.257461111086,0.03716985771751284
3.258303520935,0.026323365269043553
3.258901024432,0.02979502252889189
3.259578112634,0.0345982091729615
3.260365250272,0.037084557227771174
3.261210119669,0.030618352399972782
3.261908746208,0.040066015086076066
3.262823983365,0.03814011138733414
3.263696218203,0.04053589141513604
3.26462409628,0.038731460092553245
3.265511521817,0.039048158813738
3.266407168754,0.02490550811545535
3.266978936311,0.01985177239952651
3.26743484079,0.03111487968912179
3.268149673753,0.03719647223811444
3.269004502842,0.033150769219746516
3.269766699394,0.03293235750945643
3.270524375762,0.029228541721728948
3.271197357499,0.03773423413951857
3.272067365918,0.03682532180154587
3.272917198908,0.027407018341248916
3.273550047927,0.036610245387385616
3.27439589974,0.039884182763740526
3.275318306186,0.040062158520021415
3.276245842271,0.03428444156028559
3.277040391125,0.0336550259702903
3.277821027082,0.03647546253001085
3.278667804,0.03310714994481393
3.27943693245,0.03363131899657108
3.28021861408,0.03665291589590053
3.281070555665,0.03282924629127844
3.281833777801,0.033639373365073576
3.282616076778,0.03543543849024129
3.283440559046,0.03412072072379831
3.284235109641,0.04133715117373051
3.285198935034,0.037286805197978674
3.286069070695,0.03649058372735209
3.286921126325,0.03734730560941434
3.287793927465,0.018374303148731723
3.288223582022,0.028991412199038488
3.288902452628,0.037117084759241414
3.28977232772,0.033913253050768775
3.290567722062,0.028799538634064266
3.291243545038,0.03357026035897908
3.29203190134,0.03628033418190873
3.292884186578,0.03172604804792421
3.293629658161,0.03350431450948602
3.294417100227,0.033686240054848694
3.295209313431,0.03553900125359601
3.296045234252,0.023860201824322722
3.296606490379,0.03112722077106586
3.297338702652,0.03710704589306698
3.298211889438,0.035916973802256474
3.299057592127,0.03586842303547234
3.299902807119,0.035653545330068766
3.300743720294,0.03487295339362732
3.301567047716,0.03396756934062357
3.302369958621,0.03416225189066398
3.303178178222,0.033965991799054386
3.303982173797,0.03505506069801917
3.304812327715,0.03700579808438171
3.305689063243,0.024077021116301014
3.306259696667,0.027541833876980473
3.306912646336,0.03141472723853265
3.307657624299,0.031807112041948596
3.308412260609,0.04088892192691751
3.309382797062,0.037193739726265954
3.310266025975,0.03968791891599901
3.311209150206,0.03903823382113405
3.312137635359,0.031608747891200065
3.312889976509,0.03507341192131966
3.313725432657,0.03801496143309834
3.314632063058,0.027794998946619225
3.315295677461,0.038380496759731486
3.316212351669,0.03761898932713301
3.317111226577,0.00026178077060510173
3.317117482899,0.03836923402952412
3.318034688486,0.03656027251161832
3.318909027343,0.03692331132886587
3.319792389118,0.03402045027192893
3.320606634736,0.0359544139877942
3.321467590846,0.0355660033455418
3.322319672161,0.028147402653241903
3.322994829462,0.02208864459262273
3.323524921367,0.024333779905020614
3.324109659951,0.029286748587852844
3.324813934039,0.02962485709411996
3.325526832349,0.03479450778543281
3.326364667062,0.02766929970687923
3.32703144953,0.027289519776365692
3.327689325135,0.030619379949800768
3.32842783118,0.02979874310986858
3.329146717298,0.030893709944027348
3.329892040123,0.034446502399438
3.330723252717,0.03696106921377415
3.331615757317,0.03711109185635066
3.332513022932,0.03414592641695093
3.333339770319,0.030894827714055825
3.334088668763,0.02942261161043748
3.334802660172,0.030489853695925034
3.335543430894,0.027540617342173855
3.336213524924,0.035380114028379324
3.337074795962,0.031331624515315334
3.337838100894,0.035400685010461265
3.338701356766,0.028412778509034505
3.339394980138,0.03241944609093696
3.340186963108,0.03667327915071637
3.341083630272,0.034410987031446086
3.341925834811,0.03256900254185092
3.342723682409,0.030367875794197807
3.343468286777,0.02872338463685353
3.344173010933,0.03406415746651234
3.345009354014,0.03493882193404632
3.345868189477,0.03504627686595139
3.346731238994,0.034412224602786506
3.347580343508,0.03418961524217142
3.3484251612,0.025985515816534466
3.349067990239,0.027598748524703853
3.349751236663,0.03852724467332573
3.350706030922,0.03666115297645993
3.351615399804,0.033815505065854255
3.352454689938,0.034077689249317804
3.353300851537,0.024319647830867826
3.353904876801,0.023401304543936796
3.354486260746,0.0264007986405041
3.355142512772,0.03441846244740119
3.355998648368,0.028966256797834145
3.356719794416,0.02969683922044242
3.357459566535,0.03428115727622184
3.358313809661,0.033988128006294416
3.35916106366,0.03398108069930473
3.36000840152,0.03387925141669327
3.360853348329,0.030960770408417316
3.361625644581,0.02474259124892759
3.362243190713,0.02562404140579383
3.362882933285,0.02776946597782297
3.363576848003,0.03464425337340956
3.364442841501,0.03225847142349105
3.365249673978,0.03219718791555508
3.366055596943,0.034230767185884366
3.366913402493,0.03025211286794571
3.367672529307,0.028965077740356365
3.36839986335,0.02844311208510769
3.369114498294,0.024189379444238927
3.36972270848,0.029452879486383136
3.370463776799,0.03225730538043805
3.371275966977,0.03170548351989958
3.372074770434,0.026801861003038028
3.372750379463,0.0340833566779239
3.373609902342,0.034112975685840374
3.374470696265,0.0372179604204875
3.375410446063,0.03496396380815188
3.376293646438,0.03625996223985381
3.377209659127,0.02794968346723453
3.377915734555,0.020995096278753223
3.378446169136,0.021996757689252473
3.379001942971,0.03163109423486157
3.379801457286,0.03382664579161366
3.380656856666,0.0347538768266486
3.381536318579,0.006180049225729315
3.381692795631,0.026622317715237733
3.382367122718,0.038712190093752166
3.3833488056,0.034867360207556
3.384234096215,0.032811020854658375
3.385068444264,0.03332229849163944
3.385916591617,0.03607219308932199
3.386835190623,0.0373750383241592
3.387787379126,0.029334719339628862
3.388535273474,0.013658313762584591
3.38888375671,0.019292133686240182
3.389376250791,0.026132575330693235
3.390044148763,0.03217793747671758
3.390867446481,0.0343051374474912
3.391745889117,0.03433192997064557
3.392625580405,0.03254951340590982
3.393460115974,0.03502320966687176
3.394358939297,0.034947315777360426
3.395256949778,0.03714559767647587
3.396212911544,0.03564743738817369
3.397131633567,0.015323186677194121
3.397526895706,0.023874734922812717
3.398143041501,0.025401876424959963
3.398799340104,0.0259494877583646
3.399470301719,0.03307548240054737
3.400326851179,0.0334091893132872
3.401192935549,0.027116142980494307
3.401896470947,0.024823948725794943
3.402541046158,0.026278217447016524
3.403223820051,0.02619323927796904
3.403905430815,0.03324876546959514
3.404771262597,0.033736343066571514
3.405650269503,0.03486243267977375
3.406558969351,0.034545346070586895
3.40745976703,0.03237716101957043
3.408304480218,0.034422762481217374
3.409203705841,0.03388798507661746
3.410091082383,0.031987145297517804
3.410930558331,0.03209193497572062
3.411774227332,0.020013544453556784
3.412300835079,0.029807603641948364
3.413086070753,0.02321612301491895
3.413698061146,0.030703910427601195
3.414507754703,0.03186936651849365
3.415348566384,0.017120310180655143
3.415800495696,0.03546902720337164
3.416737262391,0.03136823025425452
3.41756652893,0.03313625644916873
3.418443350183,0.03094358012621919
3.419262671385,0.029890883418381427
3.42005440362,0.031633412863296004
3.42089247938,0.03299778054246362
3.421766884655,0.032073017561823416
3.422616888533,0.03494869748334704
3.423543133631,0.018423146672982036
3.424031477637,0.018558035317252825
3.424523516027,0.024308015036647392
3.425168381175,0.032833929658977155
3.426040065871,0.03200650146355005
3.426890317591,0.03306671976933889
3.427769385796,0.03378981085089002
3.428668646771,0.018075457774580552
3.4291501862,0.022891195159034913
3.429760267042,0.025441073920468116
3.430438499368,0.024664216400501555
3.431096211068,0.019806422223940384
3.431624492587,0.027953700400593473
3.432370300594,0.03218244514546509
3.433229686457,0.02857358083548054
3.433993329829,0.03283211645683615
3.43487119515,0.030984677661280588
3.435699856366,0.032072118380222704
3.436557755131,0.027485173715000207
3.437293278096,0.03438772766390273
3.438213997584,0.03597586283786047
3.439177925547,0.03021701962482815
3.43998827585,0.03535155573062601
3.440937361151,0.026216642839344204
3.441641870669,0.02222054439466438
3.442239554237,0.028365235019958274
3.443002963499,0.03363326353533123
3.443908845439,0.03294335596489597
3.444796718983,0.02754845512748201
3.445539438341,0.03630349628214828
3.446518541919,0.021673643896558327
3.447103396089,0.017254983826504783
3.447569071024,0.03556430029499057
3.448529670155,0.033278370925521245
3.449429697389,0.03180543529319483
3.450290866139,0.02895988332313055
3.451075379411,0.031058687856531386
3.451916833543,0.03056704752454837
3.45274487893,0.027755905410379547
3.453496779792,0.028619882363526642
3.45427254468,0.031378933787362846
3.455123730811,0.03309596844105392
3.456022234295,0.03332669075433959
3.456927616352,0.03475447022848811
3.457872593652,0.03682615885703991
3.458874974213,0.03170280171423849
3.459738655087,0.02923336353312391
3.460535702828,0.01397990723276354
3.460917004892,0.027880031106027763
3.461677843044,0.03404219734422339
3.462607742837,0.03191658562695673
3.46348039888,0.030714282686065107
3.464320783226,0.017952770353950865
3.464812149215,0.02425399006370962
3.465476401025,0.033600711130006886
3.466397089557,0.025277796043434594
3.46709020447,0.02979306595507609
3.467907877867,0.032174930513675454
3.468792604502,0.031131751983349935
3.469649897627,0.03543659807645289
3.470626794984,0.030319537448564533
3.471463188384,0.025343391031280475
3.472162514163,0.028470097823248785
3.472948338725,0.029365941088087693
3.473759422009,0.02467557523049708
3.474441338749,0.0309776684530379
3.475298182855,0.03269039971367335
3.476203072068,0.03414846642593996
3.477148948257,0.03306639681531901
3.478065853163,0.03635523300641731
3.479075208896,0.03187299186827442
3.479961027811,0.03560283332296811
3.480951557022,0.032801086493660786
3.481865248493,0.013070507258936733
3.482229589253,0.031461180980799947
3.483107368685,0.03426483462677658
3.48406448399,0.03168305234120455
3.484950635174,0.025829181383389216
3.48567376365,0.03416885163448236
3.486631248218,0.03208829373062361
3.487530966837,0.03471833272425978
3.488505102712,0.03268135186676738
3.489422490659,0.02805163158132172
3.490210272155,0.029478076217798854
3.491038687607,0.028032698908311927
3.491827186084,0.03191386508258534
3.492725915853,0.0318759566316793
3.493624525448,0.02778903984392859
3.494408400764,0.03398363315116299
3.495367562046,0.023261619837205465
3.496024458025,0.024372585608085168
3.49671298749,0.03183735084444222
3.497612881324,0.03419226314067191
3.498580069727,0.02809405919649063
3.499375812463,0.03256863152026853
3.500299424812,0.030940360163797746
3.501177987067,0.031472751894970966
3.502072765173,0.03265338360700549
3.503002405004,0.030120098777087777
3.503860961905,0.028136304146647553
3.504663824194,0.02080531489388908
3.505258015646,0.030423328343591148
3.506127444446,0.03081358138522089
3.507008622197,0.019239993362075474
3.507559001475,0.024644539780445094
3.508264310688,0.030216959375083535
3.509129684328,0.034167231247620576
3.510109162885,0.030263501728907228
3.510977598107,0.031838476432943776
3.511892364754,0.02756696228231305
3.512685225973,0.027517314396920373
3.513477274927,0.030467464633303125
3.514354851852,0.02828526294167274
3.51517000525,0.03233778009635223
3.516102364893,0.022127198301750185
3.516740771331,0.028271640810400837
3.517557017755,0.02794400156045002
3.518364493143,0.027773432530954618
3.519167720743,0.030973403690520606
3.520064377575,0.027564725825534545
3.520863463059,0.030501573414688513
3.521748553729,0.03109281358437215
3.522651622684,0.032072425119559766
3.523583847788,0.025848144391714154
3.524335601405,0.0329776519376323
3.525295406957,0.03449084898633556
3.526300195738,0.033776348841617204
3.52728551092,0.026698734385588535
3.528065526001,0.026845516461122088
3.528850935848,0.031097682772371286
3.529761722058,0.029301117086312452
3.530620765666,0.029969016065443277
3.53150016583,0.032455782358821364
3.532453334918,0.032351312940843424
3.533404214053,0.03252770794652863
3.534361108231,0.03129285659429711
3.535282380178,0.03136846374805765
3.536206401832,0.030614663592141548
3.537108590895,0.0305246001774372
3.538008717682,0.027634794740695294
3.538824062666,0.030916842995367535
3.539736722918,0.028889095452678176
3.540590102851,0.032265800789399224
3.541544222033,0.032321578928356624
3.542501004953,0.031547789465271085
3.543435809265,0.030417358034626515
3.544338206256,0.03280782732132626
3.545313175355,0.03364664869722218
3.546315161032,0.029636517328574814
3.547199306574,0.029157538116466587
3.54807018918,0.028642015028847397
3.548926527235,0.029966295802826663
3.549823361416,0.03243446744123928
3.550795046216,0.028525974523059223
3.551650120261,0.033346696454418255
3.552650152675,0.030193034633864982
3.55355609014,0.030126757621829165
3.554460603254,0.033352474200825384
3.555462833444,0.03232358978634628
3.556435016958,0.027048225201980018
3.557249104538,0.01588066751625367
3.557727190427,0.030615407934497494
3.558649123134,0.033240222655309355
3.559650669499,0.031150124931791884
3.560590298457,0.031057566167597493
3.561528565151,0.02981459897143188
3.562430813544,0.031241906594471198
3.563377276978,0.03266865927389107
3.564367820723,0.030722392951654017
3.56530009423,0.02891242773492402
3.566177928241,0.02946400089138509
3.567073062916,0.03041873502322362
3.567998067733,0.03009298560366381
3.568914275251,0.02927014883420156
3.569806529535,0.03077517961865945
3.570745864217,0.030964042828960835
3.571692004507,0.031988128671301505
3.572670359165,0.02830746968502312
3.573537072135,0.029218922369793586
3.57443267727,0.03274120102852409
3.575437452441,0.03207664708218469
3.576423128972,0.03159173890308995
3.577395002801,0.03236882147503559
3.578391706205,0.03247615377680621
3.579392682866,0.031548222019200614
3.580366160452,0.030604799812498498
3.581311685782,0.03079807981433531
3.582264262723,0.032344115492131044
3.583265501958,0.03235337775378715
3.584267714094,0.03227196998985637
3.585268230519,0.03251610915198752
3.586277240532,0.03222322880702274
3.58727816601,0.03176512523751665
3.588266330341,0.030713927254020543
3.589223447138,0.03069506106731544
3.590181183975,0.03104624571623197
3.591150835254,0.03119301324419862
3.59212627663,0.02918719784286519
3.593039844113,0.031786266918141445
3.59403520458,0.031970001579320055
3.595036440943,0.032033141735325725
3.59603966571,0.032467009938880007
3.597056354332,0.02935594887633652
3.597975731522,0.031408108731206114
3.598959873645,0.03220538399321015
3.599969895356,0.00671986968321841
3.600180787311,0.03192599759185956
3.601183286827,0.029911477007827023
3.602123408598,0.03063327380756131
3.60308739628,0.03044015292535468
3.604046431895,0.030201036836565134
3.604998627051,0.032015875693193294
3.606008468448,0.0319385496055873
3.60701641667,0.03094724396813222
3.607993742192,0.03178062363063793
3.608998326862,0.030762872096021784
3.60997196934,0.031954400795376925
3.610984344326,0.03184988703971777
3.611994309142,0.031660173132707296
3.612999056511,0.031543054898855456
3.614000881963,0.03146928253874558
3.615001198047,0.030060857873002802
3.615957249214,0.03155703891178848
3.616961137417,0.031527308481082345
3.617964310015,0.03162677870543451
3.61897101266,0.027157923811348947
3.61983580318,0.028829916302010677
3.62075421368,0.029941437522076786
3.621708498398,0.029621599968562496
3.622653083107,0.030862313000536358
3.62363791955,0.03073745317418674
3.624619612446,0.029425749942588127
3.625560384179,0.03142289002220582
3.626566131286,0.029514515271823097
3.627512026587,0.029679872660724194
3.628464491918,0.028255573194495304
3.629372475735,0.03133699391130989
3.630380852602,0.02611843515776567
3.631222426195,0.028128815982457887
3.632129896869,0.02947454979822692
3.633082098769,0.031050174626526428
3.634086633191,0.031091199970827304
3.635093438944,0.028278072250005188
3.636009739852,0.029464797741365317
3.636965215118,0.029770569699868615
3.637931529579,0.030448108236985617
3.638920865483,0.03096228043948026
3.63992778233,0.027812055302146525
3.640833062063,0.029844473979964894
3.641805477505,0.029309956448598514
3.642761876373,0.028601889632735418
3.643696542085,0.013330078765625107
3.644132502522,0.02933495399858129
3.645093170181,0.03027905959412316
3.646086354881,0.030480346356354878
3.64708725808,0.02845090201847203
3.648022403,0.030796056917632497
3.649035716803,0.030763495759117045
3.650049029246,0.030457268631245673
3.651053066817,0.030530091442566746
3.652060441234,0.029641735204569215
3.653039528756,0.02955260302868658
3.654016370538,0.029898451298136865
3.655005193353,0.028619618487432188
3.655952135366,0.02963924458341628
3.656933109302,0.02975624507227559
3.657918071199,0.030282408582543278
3.658920458348,0.030222091318789335
3.659920953616,0.029999204716933944
3.660914340255,0.028877166642144434
3.661871064345,0.030311131816528426
3.662876237595,0.03024271405738274
3.663880186433,0.030224849882713338
3.664884507225,0.028081277863401335
3.665818501648,0.027539868242376763
3.666735283529,0.030069096048658723
3.667737123193,0.028606389834305187
3.668690896126,0.030004190740583782
3.669692103778,0.030055440313335253
3.670696068957,0.030025103963605127
3.671700112506,0.030033745973393373
3.672705464124,0.02998486010983921
3.673710385256,0.029433197137443162
3.674698253703,0.02974764342549568
3.675698400294,0.02980503230510704
3.676702352195,0.029913552604062667
3.677711656455,0.029679689448916614
3.678714500484,0.029988955078471075
3.679729111343,0.029083593659527947
3.680714410918,0.02962137684016039
3.681719082793,0.028632815790560543
3.682691244559,0.029562063476301668
3.6836961188,0.029475641030164857
3.684699472708,0.028422313421929947
3.685668419367,0.0274454275754197
3.686605200317,0.028690131396754023
3.687585543344,0.029242173275774472
3.688586058074,0.0035199561675766993
3.688706602197,0.029261494754388186
3.68970958607,0.0294379597027116
3.690720042571,0.028753733973251094
3.691708457546,0.029090162920720846
3.692710156146,0.029276608775931585
3.693719960042,0.02902132297437296
3.694722196237,0.029184393802767383
3.695730977576,0.029005519041560717
3.696734350235,0.028779336674391625
3.69773073531,0.027949156486454706
3.698699197626,0.028452392866861683
3.699685618522,0.02866130762679049
3.700679552324,0.028170883937648786
3.701656722909,0.028377689416282402
3.70264132868,0.029042905785171567
3.703649159401,0.02854501332204417
3.70463988391,0.028712598006105688
3.705636823176,0.027989534961172166
3.706609285416,0.02876970906784092
3.707609693103,0.028899166036027824
3.708615362617,0.028784424326727103
3.709617681366,0.028897334133084162
3.710624782228,0.028803000905419228
3.711629984698,0.028702229670026225
3.712633372438,0.028392866567895
3.713627340777,0.02886165179825964
3.714638622732,0.028651038642313307
3.715643258488,0.028844831541685753
3.716655286249,0.028635858398795313
3.717660529224,0.02881548276285309
3.718672617345,0.02861054993236283
3.719678083754,0.0285454603954098
3.72068196626,0.028650209597413195
3.721690330619,0.02854959648514478
3.722696067915,0.02841621778165811
3.723698186049,0.028461175560830047
3.724703191902,0.02790647852358349
3.725690023113,0.028722845258093925
3.726707212839,0.02820544277631404
3.727707706623,0.028187178546152703
3.728709419482,0.020807385389281858
3.729450095562,0.02804071874541349
3.730450621179,0.028104568568365813
3.731455421662,0.027939608241967742
3.732456197151,0.0280065116822221
3.733460966497,0.027987855703467363
3.734466826575,0.02779117760007561
3.735467325456,0.027851689399649333
3.73647139649,0.027956388591597815
3.737480406473,0.027950043220804854
3.738490284688,0.027919377246166006
3.739499971672,0.027837955218999715
3.74050750825,0.027803761308770016
3.741514579339,0.027684753480694636
3.74251812903,0.02766167388767661
3.743521632117,0.027579586485521786
3.744523105867,0.027512247759613424
3.745523166147,0.02769995192221186
3.746531033458,0.02787337464695046
3.747546111443,0.02747927369558452
3.748547658523,0.027434349821944457
3.749548549689,0.027616130075874507
3.750557215568,0.027607165130464746
3.751566767612,0.027624440528945766
3.752578291136,0.027339018462075385
3.753580617426,0.027657918659315335
3.754596051645,0.027228186926286726
3.755597069662,0.027132644040834146
3.756595676463,0.027269320870776027
3.757600136355,0.02718966907208507
3.758602602933,0.02728340301850204
3.759609805189,0.02727271584932924
3.760617831387,0.02723120229293129
3.761625492603,0.027206478250709046
3.762633040641,0.027018710621962313
3.763633971333,0.02699529809143899
3.764634294748,0.027209752850614114
3.765642998163,0.026985408747187
3.76664415182,0.006530553075444525
3.766886616029,0.021227946544665113
3.76767482319,0.0226566464595381
3.768516781314,0.02257028516353192
3.769356077439,0.023827862879259306
3.770242571506,0.023002079479601818
3.771098681006,0.02336159276517276
3.771968532873,0.023063613476132016
3.772827691649,0.023464588371038875
3.773702300585,0.02365321131570081
3.774584528013,0.023613803002628626
3.77546598956,0.023123159153586047
3.77632985365,0.022815987530045424
3.777183012953,0.02303324397173155
3.778045103313,0.02390449403441365
3.778941124237,0.0221258951718191
3.77977157676,0.0238939188690808
3.780669516241,0.022669908092704413
3.781522674279,0.022471120751079713
3.782369572775,0.022871626642576953
3.783233395878,0.020155078499601065
3.783995433345,0.02073157449855036
3.784780064068,0.022818896385319264
3.785644683358,0.022428945772741897
3.786495396031,0.023482215821338605
3.787386995886,0.0226158268228129
3.788246676306,0.023065572328828693
3.789124595718,0.022892796641043055
3.78999723054,0.02247758762489959
3.790855860998,0.023057483812669376
3.791738384759,0.023059052390062264
3.792621991885,0.024266627905505947
3.793552512999,0.020805150167847595
3.794350661226,0.022450532443208816
3.795212231803,0.022732227501333992
3.796084815838,0.023172076457636907
3.79697448797,0.020751479071675648
3.797771367738,0.02316366423754255
3.798660971133,0.02326037959350245
3.799554436959,0.020894784649177156
3.800357196171,0.021907198245214587
3.801199037094,0.017294945202354802
3.801863858779,0.02312099473302159
3.802752964117,0.02317446214011824
3.803644548766,0.020518652217930346
3.804434287478,0.021050435703390765
3.805244816803,0.02235651372622835
3.806106148439,0.020821289149054678
3.806908787782,0.02178711673672199
3.807749107602,0.021930832013814443
3.808595608741,0.021366938269990754
3.809421073798,0.02203163155896169
3.810273142189,0.022364147284590602
3.811139412604,0.022596559536989455
3.812015914139,0.022413970799208722
3.812886232894,0.021768772223433545
3.813732181074,0.02203414912180178
3.814588997406,0.020914897546566526
3.815402761758,0.0228423263692198
3.81629211547,0.023511640824842195
3.817208083359,0.02267288703301274
3.818091824616,0.02223814077308482
3.81895903898,0.02214496717359786
3.81982305972,0.021920988448775217
3.820678816933,0.020760703379432994
3.821489776302,0.02232265590559174
3.822362323353,0.020493030504382264
3.823163882906,0.022917349418396255
3.824060880186,0.02214670569111487
3.824928473209,0.024266422208330876
3.825880171338,0.021090133262836742
3.826708156466,0.02220596615338794
3.827580964998,0.022695490090025583
3.828473959482,0.022016968948524063
3.829341080793,0.023131457115762397
3.830252922603,0.021648351333632174
3.831106937681,0.022754817289101205
3.832005121502,0.022444591291959918
3.832891487119,0.022887368398601594
3.833795835834,0.023432662283127636
3.834722398558,0.020313279862501084
3.835526280295,0.02057153889606201
3.836340893264,0.020304306098546724
3.837145666717,0.022356905695304505
3.838032223668,0.020077651681400695
3.838828840501,0.0226558822427043
3.839728311655,0.02256126826757159
3.840624479087,0.022184827504327504
3.841506117103,0.02278118672511386
3.842411853119,0.022091392032016627
3.843290593497,0.022361533436502944
3.844180539375,0.02211040742510714
3.845060974463,0.022817684905676986
3.84597006174,0.024188818107098338
3.846934469162,0.02298938484507787
3.847851712855,0.023350242929421384
3.848784117705,0.022351854813632426
3.849677422268,0.021462852513885685
3.85053598327,0.020939812102513652
3.851374271799,0.021237688028582627
3.852225085363,0.02137084480364802
3.853081808341,0.021995146570441226
3.853964262223,0.020888876543722873
3.854802882639,0.02139587043677147
3.855662522813,0.021968905605061203
3.856546026886,0.020800396966566805
3.857383074423,0.02234040238695542
3.858282490154,0.022646896772955696
3.859194657225,0.022196428148515798
3.860089210401,0.022049015344805994
3.860978549853,0.02337212474412151
3.861922234109,0.020261306471988122
3.862741103994,0.0227524932526565
3.86366132423,0.021216432981164116
3.864520023771,0.023414506937287326
3.865468337968,0.021804816102714567
3.866352091628,0.021276036522043577
3.867215006527,0.01964036375807764
3.868012381038,0.022884419571000788
3.868942084368,0.021408017772332165
3.86981238222,0.024268481179855146
3.870799628494,0.022763079306114365
3.871726297142,0.021759473806839586
3.872612629478,0.024699840757598526
3.873619397698,0.023014394432367826
3.874558148394,0.009882079981896613
3.874961509403,0.022325232336444956
3.875873106072,0.023609218158861765
3.876837877194,0.02423834892891114
3.877829228197,0.020843643244516177
3.87868244976,0.022418761913232273
3.879600976204,0.021887107929318077
3.880498671337,0.022133908221085952
3.881407456829,0.022284447325986726
3.882323261732,0.02085263079036594
3.883180992864,0.023416994915179384
3.884145138581,0.022770141774763074
3.885083697395,0.022690161759480503
3.886020046172,0.02248427989713916
3.886949037722,0.024349582144042124
3.887956108398,0.022402135947348245
3.888883169277,0.022214174145978812
3.889803185389,0.021279739426191064
3.890685170488,0.02278581406249818
3.891630289484,0.02202418953553677
3.892544581517,0.020757215528410398
3.893406921585,0.021744237218819847
3.894310902078,0.022905193531718136
3.895263890307,0.0226260400191485
3.896206076434,0.024144344844809783
3.89721241911,0.02178487028621332
3.898121267406,0.02146505124049261
3.899017636608,0.02172025866922803
3.899925554575,0.02277484957063737
3.900878581725,0.021599026928546743
3.901783378126,0.020885259966595557
3.902659101155,0.01991899208719541
3.903495042586,0.02130923668645188
3.904390188758,0.021509627661051425
3.905294676591,0.020743391314988275
3.906167740644,0.02182198696986434
3.907086935191,0.022865964683013634
3.908051101537,0.02277170218341978
3.90901224152,0.020504316460662943
3.909878594167,0.022318166474010324
3.910823004089,0.023123478892293877
3.911802375015,0.00967160011923533
3.91221223276,0.021477317420599114
3.913123251035,0.020865905642097615
3.91400922611,0.02172136326044921
3.914932489246,0.02127481140755258
3.915837759447,0.021246296945447014
3.916742664146,0.023131422756441304
3.917728635964,0.021894710217425097
3.918662677812,0.021844893740186062
3.919595506728,0.022308410232877524
3.920549155684,0.021665994473752514
3.9214763169,0.0217408924057753
3.922407539896,0.02069367956015864
3.923294573264,0.020454818138330343
3.924171988051,0.022246923092505325
3.925127008449,0.022220982936489053
3.926081651118,0.021466612086305036
3.927004570799,0.019316098315488667
3.927835634371,0.022440096212726468
3.928801926322,0.02200479928388455
3.929750155238,0.02217744638782809
3.930706613906,0.020456451232978203
3.93158967023,0.020382181045867143
3.932470239257,0.020830936337327476
3.933370854462,0.021009158456933224
3.934279837043,0.0214018600408257
3.935206541477,0.020003471636038737
3.936073414757,0.020671556742889927
3.936969936299,0.02007648407886598
3.937841287741,0.022262630004046272
3.938808207746,0.019658291083181904
3.939662663034,0.020397687535806674
3.940549859747,0.02035884549198408
3.941435960446,0.022069661501188814
3.942397198783,0.021738449819437296
3.943344690613,0.02298078890297796
3.944347080307,0.022689740228237578
3.945337653172,0.022331298373155662
3.946313449647,0.022913446331333825
3.947315748159,0.018335759922026667
3.948118422805,0.02181765115777152
3.949074503258,0.02235700006249918
3.950055051265,0.021063432250503947
3.950979525223,0.02044616790840748
3.951877583403,0.020321710762630868
3.952770817656,0.021992810763655286
3.953738294176,0.020828547791627607
3.954655382452,0.021453217840540443
3.955600769082,0.02189066578185374
3.956566147605,0.022946259104073694
3.957578959377,0.020481179093078887
3.958483926872,0.021674195387145226
3.959442333735,0.020537496632107473
3.960351460651,0.021773029858507726
3.961316357005,0.02265312079249411
3.962321513449,0.022678398520930742
3.963329090137,0.02242979587161497
3.96432682225,0.02084213667015225
3.965254829253,0.02146131894905502
3.966211299686,0.02012165003207555
3.967108823607,0.021791446010186545
3.968081636855,0.022566511635963467
3.969089981511,0.022533161853527918
3.970097781358,0.021866184460827092
3.971076543995,0.02248629336674548
3.972083864893,0.021915539991802645
3.973066322647,0.019720498714375364
3.973950988663,0.021912980412552283
3.974934616157,0.020551423219833127
3.975857749446,0.020016291728102487
3.97675741906,0.022230186715079762
3.977757239453,0.02193720512971333
3.978744559394,0.021910316303427626
3.979731329169,0.022222117743897655
3.980732854673,0.02098744566577499
3.981679415595,0.021681178768264805
3.982658133877,0.020710579507442355
3.983593873614,0.004267842858446149
3.983786726968,0.021245841950404326
3.984747756519,0.022079912722819457
3.985747594562,0.022304160178432956
3.986758519205,0.021130438309495694
3.987717123141,0.020859551209721428
3.988664353162,0.020562293891368166
3.989599041538,0.020580361494248623
3.990535570591,0.022073642627492354
3.991541090885,0.021900374883615525
3.992539672722,0.02197735879275421
3.993542683024,0.02205624003698318
3.994550216927,0.021495770341362547
3.995533032085,0.02102344423705076
3.996495162084,0.020733131652270916
3.997444879449,0.02202456124502066
3.998454600044,0.020801725975619016
3.999409038263,0.02189309227247891
4.000414434983,0.021820241261810834
4.001417339096,0.02089815162256921
4.002378629873,0.0215536184372991
4.003370961659,0.02047573683050829
4.004314350719,0.020462029613168137
4.00525768368,0.02170670656838058
4.006259046816,0.021379042388716553
4.007245977093,0.021687628308363228
4.008247861068,0.021680755191796623
4.009250172181,0.020128941002192365
4.010181432776,0.02192643208756993
4.011196669762,0.021671340198976183
4.012200953596,0.021480329400978763
4.013197141056,0.021668900203675834
4.014202747785,0.021592683239487712
4.015205445343,0.02163633272520623
4.016210826087,0.021517026448149006
4.017211401859,0.020216195969344115
4.018152171124,0.021554713714469362
4.019155988695,0.021491588219481477
4.020157601931,0.020705689468700796
4.021123354015,0.013687810731795293
4.021762290088,0.020889145577527274
4.022737982945,0.020646428110424535
4.023702912716,0.021466291497606996
4.024706739946,0.021062159121891424
4.025692298904,0.021399615625290996
4.026694397923,0.02104049402360388
4.027680587323,0.01987746172730964
4.02861301447,0.02087634347609423
4.02959292091,0.02085926818055851
4.030572582157,0.021337866538231928
4.031575403549,0.02029965364961005
4.032530067834,0.021566216852147074
4.033544987566,0.021370831148320574
4.034551383598,0.020634569181954228
4.035523745491,0.02133411327173661
4.036529832872,0.02131565332875637
4.037535746439,0.021299125431807318
4.038541524229,0.020913613151759332
4.039529777814,0.02019038280871153
4.040484586962,0.021041743558011486
4.041480501119,0.02115263774684779
4.042482618029,0.020906530698560164
4.04347399704,0.020945956494708623
4.044468156832,0.020947229393962933
4.045463297142,0.021057632072970605
4.046464635454,0.02123075412698838
4.047475245537,0.02110015215400146
4.048480646038,0.020830083218180768
4.049474156388,0.020222229094110557
4.050439592426,0.020926557358048013
4.051439613659,0.020639608244647896
4.052426984662,0.01843121201517149
4.053309614404,0.02041324360731972
4.054288338375,0.020896664989470144
4.055291677152,0.020917578311805785
4.056297445533,0.020446007458810582
4.057281868744,0.02078683610791526
4.058284209236,0.020899867723760897
4.059293403905,0.019599912989052098
4.060240876123,0.02077402259803883
4.06124630503,0.014540716601877668
4.061950532181,0.020359102105960668
4.06293741873,0.020889386277219042
4.063950979143,0.019929255298751357
4.064918757979,0.020615496638903386
4.065920658395,0.020491411041518956
4.066917351972,0.020649801405681928
4.0679225704,0.020316864082440995
4.068912305784,0.020630546487971278
4.069918071805,0.02043461090160592
4.070915088221,0.019864516403111335
4.071885001215,0.02058279311218095
4.072890750277,0.020456347583542367
4.073891165345,0.018475423994688375
4.074795440899,0.020617611860556447
4.07580552713,0.018305960334928574
4.076703088797,0.018413447372262068
4.077606497319,0.020598802115205258
4.078617804292,0.019098236339613713
4.079556188422,0.019079411866927593
4.080494436545,0.02066627701763362
4.081511464401,0.020413987645326568
4.082516942331,0.019193648590340517
4.083463115573,0.019222586664031725
4.084411479042,0.020378469200699936
4.085417625467,0.019287915757742004
4.086370673688,0.020368058612043275
4.087377948281,0.018990280229307602
4.088317909218,0.020335089311184024
4.089325338875,0.02024081421537061
4.090328948223,0.020326746322727598
4.091337716593,0.02038319044186126
4.092350267753,0.020286647643858124
4.093359011239,0.020141787799950458
4.094361501612,0.02028584392810571
4.095372095809,0.019926637006984986
4.096365662741,0.019254357540423143
4.097326572422,0.020131576345235908
4.098332293057,0.02006544145454972
4.099335788791,0.009695318555679696
4.099821097204,0.02008069255158685
4.100826676044,0.019977374270774704
4.101827885972,0.019982871680516313
4.102830217267,0.019876115650621758
4.103827991267,0.020020763677205296
4.104833752505,0.01990291029253465
4.105834295843,0.01964055276644151
4.106822354319,0.01988485170159978
4.107823365994,0.020109031484772655
4.108836370989,0.019886912839213594
4.109838897601,0.020034945189913948
4.110849446755,0.019831288103017094
4.111850305186,0.01996727842133712
4.112858737308,0.019899892723616787
4.113864461928,0.020096770684971135
4.114880809359,0.01996237292611015
4.1158910226,0.019865586420734927
4.116897023986,0.01994998795232639
4.117908021564,0.01982895170347455
4.118913586054,0.01989163173972205
4.119922971602,0.01986702755660859
4.120931726145,0.019326045935895497
4.121913615202,0.01973023670123539
4.122916650728,0.019792867321623157
4.123923534384,0.01982995892849273
4.124933037682,0.01971374949870783
4.125937395512,0.019668252017350344
4.126940161023,0.01930925446584333
4.127925279606,0.019804380328376572
4.128936329714,0.019772776182923047
4.129946509166,0.01888434123974563
4.130912046936,0.019584293984994314
4.131914184773,0.01973975680185653
4.132925164946,0.01808074798536764
4.133851896232,0.019739315836686738
4.134864368013,0.019275102257040908
4.135853915423,0.01959692539074955
4.136860959939,0.0194975636407064
4.137863938214,0.019522355794730422
4.138869258026,0.019601231034785598
4.139879845944,0.01867164461857305
4.14084383932,0.019496141255559814
4.14185173251,0.01946478705166852
4.142859150749,0.018997426763953783
4.143843379519,0.019334048955799415
4.144846054132,0.01949403073430266
4.145858208533,0.018925480289693757
4.146842192375,0.01925702985589282
4.147844845935,0.01886134126036984
4.148828089031,0.019219044589009814
4.149831019676,0.019192922841083402
4.150833477491,0.01925215265653911
4.151839783126,0.01928100402168318
4.152848300255,0.01910501615190586
4.153848315675,0.01919269464237287
4.154853678884,0.01917905469409263
4.155859064318,0.01918053193820092
4.156865254755,0.019239121497234432
4.157875309189,0.019076688682968905
4.158877616646,0.01748330202532688
4.159796843905,0.019169765315060525
4.160805414894,0.019042350308243645
4.161807862674,0.01902995502331329
4.162810271368,0.018973237908018557
4.163810337961,0.019068129985074542
4.164815925486,0.018952410041099994
4.165815955237,0.018985990756439898
4.166818325864,0.019043560591362124
4.16782420324,0.019031750831459887
4.168829951284,0.019031367700591283
4.169836275841,0.018936545634627388
4.170838105763,0.018898530074913943
4.17183843355,0.019039343678816077
4.172846844182,0.019030599295288563
4.173855506043,0.01892835847265177
4.174859418061,0.018990073174829165
4.175867282656,0.01910652125935926
4.176882104175,0.018925626787322104
4.177888116163,0.018926865107443794
4.178894971706,0.018882658901135004
4.179900250181,0.018951578888749297
4.180909963201,0.018755553150160288
4.181910076009,0.01889794869835008
4.182918619449,0.018821471256602933
4.183923812783,0.01875069797103657
4.184925845069,0.018728642167033727
4.185927410039,0.018733230091239627
4.186930005805,0.0189564051223529
4.187945475661,0.012461291391800635
4.188613469355,0.01845756747201664
4.18960383859,0.018691636159677328
4.190607742943,0.018868491258667158
4.191622292393,0.018687592899185132
4.19262828396,0.018694264003344375
4.193635448557,0.01870155808725048
4.19464387717,0.018699993373859185
4.195653170228,0.018635925771793335
4.196659987748,0.018493358157148018
4.197660040596,0.018520991228072735
4.198662627744,0.018520262330320218
4.199666234957,0.01853127198766756
4.200671332153,0.018532133964297242
4.201677125047,0.018422934956265073
4.202677390729,0.018511384800911756
4.203682744853,0.018520567598501462
4.204688861534,0.0185085649344414
4.205694605741,0.01842021459104702
4.206695798947,0.018405897244617293
4.207696364469,0.018488210108614723
4.208701469483,0.018487241861943535
4.209706613591,0.01841534860247606
4.210708103424,0.018399303702984104
4.211708923898,0.01839059910339529
4.212709385151,0.018444268627227877
4.213712987347,0.018533850503370055
4.214721727471,0.018380217998511583
4.215722498854,0.018483680730225906
4.216729221327,0.018479903378672176
4.217735904227,0.01837479601990258
4.218737113922,0.01848043409671093
4.219744356098,0.018398985292673475
4.22074748769,0.018478634667817066
4.221755498431,0.01833861323496357
4.222756406009,0.018513558897539042
4.223767173193,0.01839742559469852
4.224771906145,0.018442031385545274
4.225779666384,0.01830291004750466
4.22678055901,0.018294014404539535
4.227781752386,0.018418437622234263
4.228790647808,0.018282949333892927
4.229793024111,0.018373973368841813
4.230801332101,0.018366513485588067
4.231810191045,0.018245192464627327
4.232813333443,0.018245097476359995
4.233817364943,0.004279538284553512
4.234052981078,0.01835315284300658
4.235064121144,0.01821639025524612
4.236068727336,0.01814457896414653
4.237071512344,0.01808962808489457
4.238075503767,0.018031654765631285
4.239080758423,0.018106566196265286
4.240092667032,0.018021666572605864
4.24110094911,0.017878634484283958
4.24210226481,0.0179960299020121
4.243111189429,0.017857373073969427
4.244113243609,0.017889845050945458
4.245117926457,0.017812812910803128
4.246119115307,0.01785294505210413
4.24712349398,0.0178710264399085
4.248129874584,0.017845668526716502
4.249135773655,0.018019564320129456
4.250152393149,0.0178256239197875
4.251158914056,0.01789528810569317
4.252170216458,0.017682622450928727
4.253170406011,0.017727144848996065
4.254173912421,0.017798797341963817
4.255182000163,0.01798278246022052
4.256200893601,0.01776704279664955
4.257208155064,0.01770414968353671
4.25821260317,0.01763392774253353
4.259213574275,0.0178773962026656
4.260228719862,0.017952265569524405
4.261248564364,0.017708454509409215
4.262254911579,0.01761661912733801
4.263256296588,0.017613042326403146
4.264257840184,0.017652341368912673
4.265262218069,0.01761430968164335
4.266264995302,0.017648214258136175
4.267269918133,0.01761735560659229
4.268273228202,0.017712798099612174
4.26928223311,0.01764694302246797
4.270287802548,0.017551381255825987
4.271288358796,0.017622081138414753
4.272293419421,0.0177249494950449
4.273304742755,0.017602491177252384
4.2743094029,0.017726220169012197
4.2753214682,0.01758165783858205
4.276325648975,0.01769467519451956
4.277336566634,0.017696501941897955
4.278347769225,0.017684364494537558
4.279358528413,0.017564067783820934
4.280362756024,0.01757141695959171
4.28136776825,0.01756149705340689
4.282372646318,0.01766011451469131
4.283383629154,0.007544441041631168
4.283815691632,0.017491292042058793
4.284818028845,0.017529646064900855
4.285823931261,0.01769052806937001
4.286840553544,0.01752096910782319
4.287848589081,0.01742687496444166
4.288852917452,0.017329682259174625
4.289855441785,0.017218876560216863
4.290856261301,0.01726059267987256
4.291862360176,0.017343845605671444
4.292874373902,0.017128313051494714
4.293874550472,0.01717531567096366
4.294878131773,0.017201101437775538
4.29588386842,0.017165593527897857
4.296888147677,0.01711399348636627
4.29789001145,0.017077498516945858
4.298890344487,0.017151995044514153
4.299895640814,0.017113764044550922
4.300899275751,0.01716929997887673
4.301906788576,0.017122144692414316
4.302912145259,0.01712222393703451
4.303918048493,0.017220351027871908
4.304930281485,0.017164438330826443
4.305939698789,0.017035099543953464
4.306941938458,0.017110175431352945
4.307949091237,0.017050294847578723
4.308953183317,0.017134559845500115
4.309962747113,0.017087156408461812
4.310970039338,0.017128414843562405
4.311980297173,0.017052816601149254
4.312986594931,0.017167257533889403
4.314000052097,0.01706670564037576
4.315008151836,0.016968538782833782
4.31601109334,0.017120463279200828
4.317023504661,0.017069959883616977
4.318033282105,0.0169530958214828
4.319036311268,0.016982400779657743
4.320041191911,0.016942211496604413
4.321043866478,0.01703499975495423
4.322052247551,0.01705040009809883
4.323061837462,0.016929881079824214
4.324064512773,0.016911974193762253
4.325066251521,0.017019147879332917
4.326074495091,0.01693688464921641
4.327078118052,0.01688592737785577
4.328078989769,0.017021909645697574
4.329088087634,0.015384728265451841
4.330000232584,0.0168852367381861
4.331001532386,0.01558124744956698
4.331925741507,0.01683181981001879
4.332924421714,0.01688814921767137
4.333926731491,0.017022030329857336
4.334937260153,0.016886126979701755
4.335940011069,0.01689485337835502
4.336943598323,0.017206228918599617
4.337966032913,0.017076023907309848
4.33898109578,0.016903339568433536
4.339986335938,0.016923958726685537
4.340993238754,0.016959304327457014
4.342002701397,0.016882729154783345
4.343008094018,0.016805296650868492
4.344009427668,0.017037611985447135
4.345025167279,0.01685114736036748
4.346030313905,0.016991137038963915
4.347044327643,0.016757887512447833
4.348044949498,0.016756715237599962
4.349046059753,0.016811013600586306
4.350051060208,0.016684639637257376
4.351052159011,0.016937556216333357
4.352073702659,0.01655389744035392
4.35307483488,0.016585195036333513
4.354078769587,0.01657513899875107
4.355082572718,0.016516288963197998
4.356083173256,0.016581461403564743
4.357089037935,0.01669335866176631
4.358104740698,0.016494203697493368
4.359111407336,0.016372424216102167
4.360112342484,0.01644968060066801
4.361118879551,0.016430755069171205
4.362125002451,0.01657796087998022
4.363140911906,0.016621200496851046
4.364160131038,0.016503866624297488
4.365172694397,0.01635107681403507
4.366176444208,0.016428268355072606
4.367185526547,0.01635712919375532
4.368190881873,0.016599944179251452
4.369211802856,0.01639083309157498
4.370220457482,0.016262169997124636
4.371221752269,0.016383949934375
4.372231111266,0.016436355033251283
4.373244273482,0.016315491063880975
4.374250567897,0.016229063050159663
4.375252040346,0.0008353893210568382
4.375303611652,0.016391994311868833
4.37631567718,0.016309421377604744
4.377323197388,0.01620980641694013
4.378325094129,0.016321471945048703
4.379334375923,0.01623764863596258
4.380338905791,0.01629565735552926
4.381347414109,0.01622799265097197
4.38235195472,0.01633055392493474
4.383363070478,0.01617274911663774
4.384364716252,0.016360242371310684
4.385378261908,0.016152540639197722
4.386379241777,0.0163296008569297
4.387391478614,0.016165141189873403
4.388393786481,0.01624780212234748
4.389401456575,0.016251654285727453
4.390409597418,0.01619509756841106
4.391414655146,0.016066835018858593
4.392412193069,0.016117047546025255
4.39341306109,0.016232043917682584
4.394421261592,0.016196579593128018
4.395427569845,0.016213359606732054
4.396435273794,0.01616813649381887
4.397440493648,0.016126396855833787
4.398443479549,0.016077800262035386
4.399443913598,0.01611944057915986
4.400447384891,0.016234719969866425
4.401458332469,0.016065725028371055
4.402459012232,0.016123640549274777
4.403463802179,0.016215231685084402
4.404474758324,0.016130996424739218
4.405480915526,0.016157826168470113
4.40648925525,0.01638680337570009
4.407512477606,0.016095324933884346
4.408518089197,0.016005247026402485
4.40952076909,0.01605121018222001
4.41053131083,0.01586217388965879
4.411533761997,0.015840265476259
4.412536333485,0.016107930388494993
4.413556478178,0.015813264314877364
4.414558461323,0.015827999557871994
4.415561781205,0.01583551110039937
4.416565928109,0.015850382000299958
4.417571428098,0.015782677634269344
4.41857305069,0.015908601706508728
4.419582995645,0.01579448582357838
4.420585956342,0.01431539810496244
4.421495225574,0.01583625503136973
4.422501322316,0.0158295868885019
4.423507142828,0.01598387819255581
4.424522953642,0.015768729762197075
4.425525284082,0.01578574000319633
4.426528835384,0.015752054484581092
4.42753066251,0.01582966258701308
4.428542240072,0.015613321857042284
4.429545790193,0.015691958335539737
4.430556733153,0.01565607276484821
4.431566580499,0.015691793293633755
4.432579708791,0.015523270421186761
4.433582826021,0.015612559462598407
4.434592479673,0.01550727864571337
4.435596050969,0.015571799505890634
4.436604501167,0.015529757281526505
4.437610922742,0.015486548288271803
4.438615269516,0.015417887964278423
4.43961588206,0.015438554765445539
4.440618420837,0.01546700259056473
4.441623309796,0.015438660198486363
4.44262688446,0.015625959777001482
4.443643196561,0.015664174808691603
4.44466246883,0.015486225137533154
4.445670580236,0.015515284168156411
4.446681055644,0.015433877663271495
4.447686728298,0.015678591709898066
4.44870878838,0.015340471405353967
4.449709211535,0.01543548323625132
4.450716277451,0.015368542824290397
4.45171940102,0.015413898912967267
4.452725846361,0.015327310337708094
4.453727038994,0.015418049699547456
4.454734547049,0.0155177243174789
4.455748858914,0.015346259405043135
4.456752312268,0.015333905361650748
4.457755408225,0.010779712501741645
4.458460875833,0.009097948325818147
4.459056465062,0.009869084380371672
4.459702629015,0.00887247371661743
4.460283774819,0.009320225138844946
4.460894327004,0.013504954322758892
4.461779294426,0.015265080034720161
4.4627800942,0.015356199942564359
4.463787424705,0.015342511386894797
4.464794449138,0.015403812394315434
4.465806091263,0.008824112123332273
4.466385936436,0.008989409304655955
4.466976724954,0.00854220819646129
4.467538458652,0.008189512097597775
4.468077058891,0.007959005806834408
4.468600780055,0.00818882118572465
4.469139700653,0.00818879406822864
4.469678903739,0.008370314924510963
4.470230155354,0.011819857543466556
4.47100890394,0.012022324922479538
4.471801448804,0.00794210283935743
4.472325220314,0.00766249735190104
4.472830781538,0.007609606338716272
4.473333015863,0.007549369315801415
4.473831497592,0.007618102176793202
4.474334680959,0.007655520417108475
4.474840560011,0.007108146561471387
4.475310650562,0.007582853450591257
4.475812919666,0.007628655849628399
4.47631916798,0.006768943530383335
4.476770184592,0.005568532838945066
4.477141217475,0.005546654900988881
4.477512247146,0.005542575587896842
4.477883272096,0.0058538421317581345
4.478275168589,0.0055351887761675225
4.47864618537,0.005971622378051848
4.479046455782,0.006097899502361964
4.47945529281,0.007747654145127573
4.479974927325,0.007516934153507747
4.480479121265,0.007341068034210361
4.480971596812,0.007281985627497222
4.481460137439,0.001409187927075146
4.481554702269,0.0067318110254079135
4.48200644687,0.0055282337663883265
4.482377424252,0.005482130802560293
4.482745434496,0.005526038080593457
4.483116403851,0.00541856159519147
4.483480173563,0.005523267487343149
4.483851136054,0.006843508015593839
4.484310770729,0.005522309152472316
4.484681727583,0.008378632244585387
4.485244637812,0.01392919317096452
4.486180554951,0.004546366661203524
4.486486044111,0.004545794010513112
4.486791530616,0.012611355284957845
4.487639081107,0.014904080902334834
4.488640885076,0.014949499914925642
4.489645901607,0.014921793461376846
4.49064915419,0.014968762290936117
4.491655725478,0.01492626819117168
4.492659583654,0.014936291607581142
4.493664174983,0.015084503944828933
4.494678723808,0.014946239878729723
4.495683980766,0.015122479573893597
4.496701067716,0.014913409815820412
4.497704093922,0.01487798100503807
4.498704841969,0.014902128130397532
4.499707320255,0.015006915327334506
4.500716997876,0.015003810439226009
4.501726691666,0.014908795615542871
4.502730316631,0.01510618603991805
4.503747580835,0.015060322821800459
4.50476208669,0.015007927597341372
4.505773417193,0.014905803770483776
4.506779158818,0.014830684857087294
4.507784187492,0.014794825390299362
4.508792606994,0.014650588268164021
4.509794589992,0.014693030015040541
4.510800474091,0.014925249157774122
4.511822951523,0.014654105160373496
4.512827462654,0.0076797971290337545
4.513354116695,0.01460378066625206
4.514356157363,0.014657678819553654
4.515362464512,0.01481486474991523
4.516379975741,0.014816481554026484
4.517398035515,0.014660060238222965
4.518405808432,0.01462302053834455
4.519411516235,0.014651892799432678
4.520419633623,0.014602768176394595
4.521424705464,0.014637078818589718
4.522432551125,0.01460015262549472
4.523438319948,0.014589697690051294
4.524443775619,0.014619720787020183
4.525451739937,0.014506565884386622
4.526452334512,0.014602090813787489
4.527459832034,0.014598104715625605
4.528467415463,0.01453399876828713
4.529471078814,0.014572794767280708
4.530477908738,0.014469337902448396
4.531478011746,0.014472284874347091
4.532478808521,0.014476404173896548
4.533480535457,0.014489596052748936
4.534483598889,0.014451844496228326
4.535484414111,0.014700724745710067
4.536503058599,0.014626994040551611
4.537517088493,0.014579004813085288
4.538528339665,0.014630575060467412
4.539543762251,0.014429008150734822
4.540545718783,0.014410354178730137
4.5415469813,0.014598783789677765
4.542561882996,0.01445661206309492
4.543567439006,0.01439639056445814
4.544569385518,0.014533666491389378
4.545581473383,0.01435347155377156
4.54658157707,0.014379080926221215
4.547584004389,0.014507184448762351
4.548595893826,0.01445137844262111
4.549604374296,0.014324253500522868
4.550604486938,0.014319244694835932
4.551604788119,0.014401024826879874
4.552611418404,0.014326757243356743
4.553613538476,0.01434703006474962
4.554617834293,0.014342019254954192
4.555623337844,0.014367396175596233
4.556634681008,0.014917086852318765
4.557690449363,0.014150490868541324
4.558695165447,0.01425403310023819
4.559708152635,0.014760757434876154
4.560757776985,0.014268034714076505
4.561772825378,0.01419856946631608
4.562783266001,0.01415440105713475
4.563790844823,0.014388417701499557
4.564815426599,0.014261855799983942
4.565831352535,0.014339061414304785
4.566853018699,0.014064309288248582
4.567855182188,0.0032510359640781704
4.568086844932,0.014110106386988886
4.569092333782,0.01406511497362017
4.570094694195,0.014107579226821211
4.571100151515,0.014188967231921285
4.572111439526,0.014031406086431893
4.573111505593,0.01412945794079155
4.57411858872,0.014296204789911485
4.575137648903,0.014178322711800329
4.57614846081,0.01403013196702219
4.577148920716,0.014126445586522223
4.578156541282,0.014034698599775798
4.579157876957,0.01406970068814026
4.580162050801,0.014259384004893776
4.581180192325,0.014070496669817386
4.58218524302,0.01417954664363324
4.583198510758,0.014098785040747994
4.584206420442,0.014085410168158985
4.585213795508,0.01400154207095805
4.586215570845,0.01416294014166446
4.58722921554,0.014013631183633397
4.58823252037,0.014000584371272088
4.589235303447,0.013985728668879503
4.590237429556,0.01400417749449577
4.591241296211,0.0140524742083293
4.592249068578,0.01426643927976531
4.593272697788,0.013989355012325344
4.594277028282,0.014005982125386162
4.595283207783,0.013999131352600249
4.596289600907,0.014318660604724347
4.597320547816,0.013851405312965004
4.598322787664,0.013811519734811607
4.599328679307,0.01395257704395591
4.600348833132,0.013719711508646367
4.601353111184,0.0137945279946054
4.60236371783,0.013741470322407398
4.603371174004,0.013660567905959403
4.604373401961,0.013735916488797533
4.605381824855,0.013910824425494033
4.606403719853,0.01375706495152424
4.607414945143,0.013718682498356748
4.608423879642,0.013812540977894472
4.60944020179,0.013640842534720999
4.610444399239,0.01367746380364419
4.611451781844,0.01364088140598887
4.612456894221,0.013661783928348891
4.613464001578,0.01357414944013924
4.61446519613,0.01362918365593467
4.615470935497,0.013821609324116316
4.616491196851,0.013687201070533835
4.617501999296,0.013658790145616067
4.618511256683,0.013685110332765293
4.619523019326,0.013707615836462723
4.620537025749,0.013748521578733394
4.621554734627,0.013816126623040643
4.622578104318,0.01366781610586282
4.623591179594,0.013606313400690302
4.62460041848,0.013524822437640329
4.625604277928,0.013776495485093082
4.626627553156,0.01351284475021629
4.627632459912,0.01401140918035091
4.628677695352,0.013378950090579309
4.629680409742,0.005454036316678984
4.630090152871,0.013476668711985884
4.631104247204,0.01344380723912122
4.63211699737,0.013407267590282884
4.633127695927,0.013287887058796468
4.634129953671,0.013313631946550799
4.635134651465,0.013524549740577799
4.636155705304,0.013506636103929168
4.637175797617,0.013244279140325978
4.63817647974,0.013322796735302218
4.639183458168,0.013377994687196722
4.640194951232,0.013359276425103903
4.641205347822,0.013368905301078648
4.642216763556,0.01333650933989909
4.643226019482,0.013211972000850914
4.644226127352,0.013213470443829868
4.645226664924,0.013306413589037322
4.646234591255,0.013366598874676762
4.647247426458,0.013295379498032056
4.648255213596,0.013629688206543485
4.649288686297,0.013247214980921494
4.650293469163,0.013221764890404261
4.651296603389,0.013327806074570903
4.652308000313,0.013413722673485418
4.653326153266,0.013392754637961822
4.654343015204,0.013269378057850554
4.655350757954,0.01329359512419746
4.656360539464,0.01323138084395219
4.657365820764,0.013306554942811182
4.658377037366,0.013206288322069491
4.659380835022,0.013231451848248787
4.660386777167,0.013231352005335883
4.661392974059,0.01322212852681921
4.662398646071,0.013768297298392967
4.663445891539,0.013239876511993796
4.664452981039,0.013199569385066662
4.665457091648,0.01335588183064217
4.66647320129,0.013328070645977314
4.667487348132,0.013262560923715236
4.668496739984,0.013350048390617063
4.669513011101,0.013397791641434302
4.670533098845,0.01321252687300716
4.671539409481,0.013140838318680927
4.67254072077,0.013141254126641563
4.67354253983,0.013612151130990909
4.674580801465,0.013255808856570113
4.67559242014,0.013180099459085446
4.676598719756,0.013206931658732931
4.677607502206,0.013210230423900262
4.678616979909,0.013267618931419506
4.679631315655,0.013088661237517977
4.68063240885,0.013451911800682535
4.681661717296,0.013134111290178465
4.68266715311,0.013250540189626292
4.683681954793,0.013104798496777101
4.684686025916,0.013215286478064319
4.685699010406,0.013453191371258997
4.686730702045,0.013250129941838426
4.687747271659,0.013036787280326268
4.688747954736,0.013150782822222642
4.689757983066,0.013289451108081109
4.690779258278,0.013040850196772397
4.691781994147,0.013081457675690493
4.692788553589,0.013082718737617844
4.693796061383,0.01308404065248817
4.694804511966,0.013033377443047556
4.695809868442,0.013321405166663573
4.696838368875,0.013061946645866686
4.697848173187,0.01293413282428963
4.698850093592,0.005452287760187261
4.699273276451,0.01298247881189428
4.700284454033,0.012928127445862267
4.701294295756,0.013278094086161209
4.702333096779,0.012797193859046397
4.703334618341,0.013042463470606912
4.70435609134,0.013053410299249136
4.705379693703,0.013100933054226407
4.706408619975,0.013139038665930153
4.707442119755,0.01274946669660657
4.708446099928,0.012701916570326242
4.709447194914,0.012772900419140469
4.710454824371,0.012728711638922323
4.711460086464,0.012747589995507163
4.712467927585,0.013145468147893385
4.713508139237,0.012640005528275704
4.71450906073,0.012630441691468486
4.715509807695,0.013074358162723227
4.716546329189,0.01295244714922367
4.717573792724,0.012670983488077612
4.718579621193,0.012900418100956157
4.719604401769,0.012669030240907602
4.720611417664,0.012690884149443724
4.721620740265,0.012786229253297473
4.722638258078,0.012653201913090344
4.723645760927,0.012613345741694716
4.724650582256,0.012615105830416235
4.725656028598,0.012627465036032706
4.726662994351,0.012534436232455265
4.727663063897,0.012741527065365474
4.728680404174,0.012953456137665968
4.72971534146,0.012537137196201793
4.730717345475,0.013001248808441689
4.731756823702,0.012519117747553186
4.732758214365,0.012522325167083029
4.733760313781,0.012736431727818963
4.734780036206,0.01307213507785467
4.735827172263,0.01260641438770005
4.736837560782,0.012668245597380761
4.737853495213,0.012597263439209918
4.738864350149,0.012467865973827534
4.739865394597,0.012735620008321997
4.740888524758,0.012838197301743603
4.741920634215,0.012498573482610058
4.742926338547,0.012475840290610284
4.743931880995,0.012683347515224331
4.744957539846,0.012519913881567975
4.745973173452,0.01257501076432397
4.746995073425,0.01231976457916433
4.747997176029,0.012288077187027633
4.748997446477,0.012347862656428862
4.750003309202,0.012423407106028518
4.751016180627,0.012704539369689145
4.752053110633,0.01303768825724345
4.753118462598,0.012254906907541671
4.754120891801,0.012313514346132117
4.755129144601,0.012672947653829513
4.756167997834,0.012874676971154308
4.757224528422,0.012221878697801159
4.758228427581,0.012163380040766981
4.759228472009,0.012240197307386935
4.760235826465,0.012390174770069087
4.761256360001,0.012158890162237234
4.762258485448,0.01215124990959358
4.763260701131,0.012252617385657876
4.764272015463,0.012231347457367706
4.765282323189,0.012184003985328656
4.766289480052,0.012345355737376138
4.767310661419,0.012220684931810501
4.768322257855,0.012284861650370316
4.769339836235,0.012437505429185033
4.770370728655,0.012069335829060892
4.771371724419,0.012845709380862023
4.772437678665,0.01236392693479241
4.773464342232,0.012155053576611811
4.774474315842,0.00047568763730091465
4.77451384694,0.012229957727945218
4.775530729672,0.012128691196964391
4.77653990369,0.012092578160869857
4.777546826074,0.012441473472308258
4.778583620845,0.012033935165773522
4.779587086971,0.012121561797822032
4.78059852826,0.012172376328624428
4.781614983186,0.01220176008574945
4.782634635873,0.012213449646983147
4.783655941716,0.012073114140634377
4.784666488861,0.012052093342780557
4.785677658918,0.011951466148153806
4.786683320722,0.011940882933483561
4.787690113553,0.012071056428809311
4.78870887844,0.012522582433115562
4.789766571874,0.012318671474293892
4.790807754116,0.01224690338895518
4.79184356696,0.011933206351971565
4.792853498738,0.01190136616410598
4.79386133319,0.011834915713109498
4.794864102789,0.012195536367262625
4.795898038058,0.011823502610726906
4.796901026488,0.011840239876863865
4.7979059964,0.012019075933955565
4.798926760434,0.012586577730106727
4.799996424641,0.011826112850118432
4.801002109829,0.01247202340163021
4.802063435717,0.011864776021352061
4.803073709084,0.011937241794296206
4.804090686247,0.011822648772114697
4.805098484872,0.01214579624862712
4.806134481103,0.01178160007717626
4.807140016698,0.012552240414848653
4.80821199612,0.011875509382811431
4.809226764903,0.01176857087802092
4.810232933101,0.011762032269823721
4.811239057656,0.011740726544300611
4.812243889742,0.011973144423318885
4.81326922038,0.011874454123216435
4.814286679944,0.011843257609841779
4.815302052507,0.011784579927525166
4.816312997945,0.011846248141903815
4.817329865132,0.011688742999820912
4.818333815751,0.011931878204993812
4.81935926187,0.011671161206596834
4.820362960814,0.011757680358823517
4.821374682801,0.011617500335324762
4.822374829207,0.011633065586914364
4.823376929344,0.011740089868490131
4.824388871206,0.01168898565342974
4.825397042039,0.011718226007746496
4.82640843666,0.011775094014493637
4.827425390765,0.011734242954582318
4.828439521494,0.012217922787927485
4.829496141193,0.012354378502647567
4.830565295332,0.011831194335175974
4.83158990573,0.011543017935877028
4.832590210567,0.012089047886119938
4.833638512768,0.011803417636956283
4.834662755506,0.011912560838461601
4.835697178253,0.011853036754033435
4.836727270656,0.012242326019038461
4.837792073576,0.011717311688260693
4.838811979311,0.011684074638216047
4.839829747231,0.011693242735919616
4.840849100445,0.011507826675379378
4.841853016544,0.011801818246433206
4.842883422632,0.0116555590937557
4.843901953801,0.011703642460017406
4.844925564693,0.011438776420865134
4.845926743649,0.011579070412514077
4.846940949185,0.011554400687911612
4.847953804171,0.012281379234925543
4.849031382978,0.01141949364738318
4.850034094341,0.012009583861052059
4.851089323727,0.011484615860917204
4.852099130896,0.01143037144461973
4.853104830382,0.011365527301323447
4.854105547427,0.011411113476212332
4.855110938078,0.011406041006730865
4.856116575337,0.011496539214594701
4.857130918997,0.007828218120815338
4.857822048843,0.011626847525154613
4.858849081036,0.01133618978729712
4.859851066524,0.011557642240045136
4.860873275532,0.011546615017502008
4.861895225856,0.01144165495702868
4.862908603162,0.011352302641416036
4.863914793149,0.011446710210950093
4.864930066923,0.011471568385944044
4.86594818653,0.011415076048306943
4.866961926416,0.011728479174912302
4.868004170719,0.011627504505903311
4.86903817527,0.011375401823175884
4.870050471642,0.011318136128605603
4.871058393383,0.011264240587253017
4.872062242523,0.011425467983528434
4.873081142291,0.011545685090403211
4.874111490567,0.011229365064776342
4.875114304753,0.011244230097411793
4.876119228661,0.011721748505454958
4.877167745389,0.011363054018984086
4.878184972894,0.011355249493984327
4.879202199362,0.011347137600133214
4.880219414859,0.011947015945311673
4.881291358535,0.011691319717160078
4.882341840759,0.01139719827106026
4.883367705237,0.011127443512529315
4.884370827862,0.01113062734652557
4.885375339781,0.01113258077621986
4.886380890408,0.011126318713094767
4.88738661299,0.011607917618822093
4.888436718549,0.011188147805222187
4.889449684255,0.011135770075763413
4.890458691523,0.011105713647335305
4.891465773445,0.011790179166760959
4.892535782456,0.011449689130121458
4.893575782456,0.01176702013192666
4.894645588916,0.011394909490220456
4.895682617427,0.011398966128689592
4.896721026023,0.011048301401367838
4.897728250829,0.011275577771440518
4.898756802956,0.011006604979031878
4.89976149772,0.010961561771030102
4.900762825834,0.010983276784734552
4.901766853064,0.011021878543975246
4.902775153721,0.011037324720912199
4.903785636302,0.011049649798988393
4.904798160735,0.011327981366166334
4.905837149647,0.011065230624327831
4.906852708513,0.011264152835533666
4.907887109282,0.011196521243230909
4.90891600205,0.010888602769195097
4.909917328011,0.011029413648951289
4.910932376227,0.010924658871102189
4.91193854504,0.01094321561487943
4.912947204347,0.010952574873524844
4.913957564543,0.011008067522631278
4.914973883346,0.011028504668894303
4.915992929492,0.011101607930257919
4.917019574289,0.010890205562342322
4.918027376754,0.0015236774282812154
4.91816844983,0.0108367713935116
4.919172043154,0.010799473687210468
4.920172889723,0.011072571888384017
4.921199791585,0.010818399921067146
4.922203818828,0.010818528880355829
4.923208581653,0.010996817802407289
4.92423060887,0.01092815645272209
4.925246979005,0.011197261277493013
4.92628911674,0.011284793019784495
4.927340125368,0.011157734538106147
4.928380125368,0.011168850552989166
4.929421970007,0.011239248658207815
4.9304711379,0.010781533164169847
4.931478393624,0.011100272415286007
4.932516260171,0.011398134556098992
4.933582729076,0.011239597209925808
4.934635226286,0.010681864265470171
4.935636341853,0.01077015524140418
4.936646533957,0.011014494462800029
4.937680685866,0.01084048083977924
4.93869946422,0.010787323815347413
4.939714041757,0.011168698504418338
4.94076543894,0.011042779601984807
4.941805916257,0.011035169379692152
4.94284662787,0.010677456543115645
4.943854500544,0.011048153233161922
4.944898314966,0.010703515131462244
4.945910577549,0.01116476983213353
4.946967612122,0.010591593096393157
4.947971395019,0.011023133305731032
4.949017173542,0.010683140343815801
4.950031705909,0.011111762526461223
4.951087971243,0.011317388634048712
4.952164835523,0.010624027971237071
4.953176601889,0.01065543772650949
4.954192235227,0.011087240264964939
4.955249983814,0.010536538031351114
4.956256105755,0.010713646113064242
4.957280033593,0.010869843518403425
4.958319770537,0.010728922217834
4.959346726941,0.01069790017041363
4.960371457507,0.010568193899235613
4.961384552929,0.010890933580086522
4.962429381443,0.010423275255777836
4.963430142008,0.010436705161169115
4.964432919264,0.010709330086035787
4.965462638514,0.010803453311521107
4.966502181896,0.011090700701797006
4.967570181896,0.010641975113387162
4.968596047868,0.010585344189553961
4.969617278746,0.011075462083548782
4.970686315645,0.01094154669116414
4.971743145639,0.010517542847707884
4.972759797035,0.010411636500388927
4.973766989573,0.010558359065356493
4.974789153388,0.010322041501421566
4.975789200292,0.010471631951375958
4.97680446384,0.010716488649010893
4.977844189364,0.010575878373246774
4.978870952646,0.010592184408618185
4.979899988459,0.010328332395744043
4.980904083705,0.010751561118026524
4.981950018258,0.010687833946031523
4.982990498594,0.010893261314605747
4.984051792608,0.010711383841009964
4.985096104708,0.010585534504504796
4.98612886554,0.010468826164280182
4.98715091782,0.010277639994776358
4.988154964232,0.010270711712483283
4.989159033099,0.010253965439343565
4.990162120694,0.010808263038067723
4.991220091811,0.010736801068302637
4.992271803554,0.01026627529278645
4.993278122457,0.010284072510882078
4.99428681034,0.010242056810509746
4.995291987044,0.0057540012757118335
4.995856921255,0.004106973246580401
4.996260365699,0.0102201885471012
4.997264651732,0.01035058942692374
4.99828244394,0.010233333929692699
4.999289462841,0.010286212811037369
5.000302546344,0.010212990059280946
5.001309250148,0.010528748095741395
5.002347797465,0.01015630471748677
5.003350285674,0.010171749800492987
5.004355023054,0.010186598644262598
5.005361955281,0.010280611858932235
5.006378890699,0.010223958384356567
5.007390913611,0.010164108041123613
5.008397777459,0.010118241344581716
5.009400856361,0.010241184848030573
5.010416878715,0.010474374599134577
5.011456878715,0.010462695882132654
5.012496878715,0.010450049380501062
5.013536878715,0.01033696095977075
5.014567471825,0.010155683229225476
5.015581726366,0.01014326915198433
5.016595924447,0.01013306290810706
5.017610092627,0.0103304856549795
5.018645005193,0.010023416968734714
5.019650067963,0.01015844110395285
5.020669525453,0.010299552987220661
5.021703953386,0.010212060918758306
5.022730303272,0.01034076646875679
5.023770303272,0.01030575119608061
5.024807531345,0.010122163136480717
5.025827040589,0.01026060143464362
5.026861220246,0.010416891932684453
5.027911884858,0.009975326365970792
5.028918721607,0.010104136946762127
5.029939258179,0.010067442188438788
5.030956820774,0.009920807993229086
5.031960289315,0.010087122533983355
5.032981299274,0.009971974405755602
5.03399135188,0.010568779763357638
5.035062583694,0.010520376500572134
5.036129708425,0.009856135267705193
5.037130275346,0.009939918582407394
5.03814009093,0.01015486537526426
5.039172356435,0.009845024431888392
5.04017366528,0.009989785836863364
5.041190293604,0.009883460596546842
5.042196703015,0.01002683148443754
5.043218311413,0.010120978198798964
5.044250156841,0.009918083042298837
5.045261933577,0.009807535299412785
5.046263016181,0.007061695948628173
5.04698414957,0.010195223232734519
5.048025926891,0.009836610588763351
5.049031631168,0.00984243737546242
5.050038536602,0.009955602344484105
5.051057625581,0.01023822447299486
5.052106311741,0.009780484941241592
5.053108763811,0.0103693748878051
5.054172152076,0.010330963259956737
5.055232269908,0.010156704781048914
5.05627514183,0.010363243220651488
5.057339875512,0.009884940921541154
5.058356135685,0.00986984261093717
5.059371435988,0.009962183742529957
5.060396833351,0.009908820808757013
5.061417343997,0.009861148262669922
5.062433530945,0.010066687805718903
5.06347153655,0.010211545567469239
5.064525145483,0.009785022296951025
5.065535426604,0.010440781775549333
5.066614098232,0.009689438096335315
5.067615770867,0.010054927564868397
5.068655770867,0.009969396593574046
5.069687514285,0.009860959043799165
5.070708661859,0.010401724803433935
5.071786427205,0.009779590280847636
5.072800364843,0.009650736378880885
5.073801549082,0.009851986721022991
5.074824212451,0.009850284613032757
5.075847307779,0.010104361397404235
5.076897382051,0.009687564266582151
5.077904786624,0.010324499869496049
5.078979169808,0.009653497375023372
5.079984413136,0.008711306197404789
5.080892105025,0.009859766890812607
5.081920009569,0.009939477289588598
5.082956872839,0.009666705764412122
5.083965928522,0.009919262726267223
5.085001922511,0.009921085269518695
5.086038675309,0.005179650580534995
5.0865801692,0.009738476303456568
5.087598747163,0.009670879374814959
5.088610837264,0.009921466417423976
5.089649826084,0.009573205583985049
5.090652996628,0.009553479644174244
5.09165468679,0.00967525960115373
5.092669794651,0.01012872417520872
5.093733190075,0.009656091263547599
5.094747667223,0.010112050441568408
5.09581084976,0.009564329186359482
5.096817095264,0.009558151030547435
5.097823305277,0.009878457199586759
5.098863811675,0.009611241296407742
5.099876855775,0.009671141006089191
5.100897013139,0.009488959305746853
5.101898554016,0.010023339272492342
5.102957035657,0.009759651360606874
5.10398844982,0.009479084829548205
5.104991129819,0.00944347638913118
5.105991455349,0.009495913476914685
5.107000589223,0.009452351166473411
5.108008911718,0.009825852837857507
5.109059310891,0.00974896129033145
5.110102729091,0.009365170450008262
5.11110587038,0.009440451571356989
5.112117913812,0.009354633578930936
5.113121553838,0.009909540806346463
5.114185461348,0.0068389066683628525
5.114920181554,0.00940357522578425
5.115931015851,0.009519686178700979
5.116955036893,0.009729299984307507
5.118002351919,0.009420567276575406
5.119017168561,0.009319286019311016
5.12002178195,0.009887995529318757
5.121088408284,0.00963491053095274
5.122128408284,0.00927190097088765
5.123129899946,0.009306232553095787
5.124135754645,0.009832104621706519
5.125199173697,0.009939746801113624
5.12627501789,0.009354390004054521
5.127288166088,0.009300954493843659
5.128296157955,0.009255118562422823
5.129299848452,0.009482811694280346
5.130328889526,0.009493051611266234
5.131359737433,0.009230705437897467
5.132362791731,0.009226181814720841
5.133365978477,0.009406026053595024
5.134389302631,0.009553542808287407
5.135429302631,0.009398370390463501
5.136453087717,0.00935250259083133
5.137472529058,0.009560841946513635
5.138515321335,0.00939514555990051
5.139540639704,0.009721282553061362
5.140602233365,0.009505342442831678
5.141640902125,0.009282212262796805
5.142655796244,0.009469210121424099
5.143691837381,0.009330772452992665
5.144713441068,0.009313614679340266
5.145733827495,0.00938135672154524
5.146762260815,0.009508625157780613
5.147805245448,0.00935063064316664
5.148831493207,0.009191984200137634
5.149840951096,0.009446123438226647
5.150879007081,0.009375486340606662
5.15190996296,0.009294309968469706
5.152932598092,0.009230522419451688
5.153948814733,0.009536638983707168
5.1549993958,0.009503679753207308
5.156047035503,0.009419100925534232
5.15708602758,0.009388407070956058
5.158122320965,0.009106347554737347
5.159128092104,0.009164880940988523
5.160140916809,0.009190750591565591
5.16115724943,0.00934071265711586
5.162190866165,0.009198421986203225
5.163209449979,0.009492325125188859
5.164261246344,0.009131369885717515
5.165273647705,0.003533825373279597
5.165665640049,0.009032438891873964
5.166667844992,0.009482231423016903
5.167720593269,0.009656203644439247
5.168793336916,0.00911247455634462
5.169806288697,0.009349767773057446
5.170846288697,0.009087605658846486
5.171857760424,0.008994717594053148
5.172859533685,0.009332197475109424
5.173899533685,0.009326581494651669
5.174939533685,0.009395334359519104
5.175987823747,0.009302847223320905
5.177026416098,0.009516387805468863
5.178089561707,0.00930295459695258
5.179129561707,0.009013287701040222
5.180137795754,0.008958882518492273
5.181140476042,0.009254969994232722
5.182176927755,0.0090410851015584
5.18319004378,0.00946890828615909
5.184251744727,0.00926974995554526
5.185291744727,0.009263689113830364
5.186331744727,0.009000034295964115
5.187342745772,0.008896263850030929
5.188342757408,0.008960452415797043
5.189350628216,0.009029950972670007
5.190366950542,0.009426768415492764
5.191428601137,0.009229033749392594
5.192468601137,0.00894739932746394
5.19347750574,0.008952062203051446
5.194487540388,0.00888197039573277
5.195490368083,0.008884180837186676
5.196494142559,0.008881389000755292
5.197498181977,0.008696047485795172
5.198481829687,0.009051170180728773
5.199506233157,0.008943294572389465
5.200519058038,0.008830574414005145
5.20151975071,0.009320267715749968
5.202576592495,0.009070203028929068
5.203605785565,0.009029811633284783
5.20463117107,0.008959534279700442
5.205649273121,0.008809225881279916
5.206650835191,0.00907616889283449
5.207683264669,0.009146985107484452
5.208724302525,0.00892311222786157
5.209740461748,0.008961055456633778
5.210761580004,0.008813713731947828
5.211766528792,0.009210733289357788
5.212817429626,0.009251568851451028
5.213873682791,0.008816315392397476
5.21488082667,0.009111784889960003
5.21592229863,0.008986418475023912
5.216950028952,0.00892230723252097
5.217970995112,0.009136209856087854
5.219017020401,0.00893875924668882
5.220041055567,0.00875340911829399
5.221044453701,0.0087468715013136
5.22204765445,0.008731967145949187
5.223049702552,0.008909562988268636
5.224072729444,0.00905216971001834
5.225112729444,0.009046725648365691
5.226152729444,0.008770874032759567
5.227161604698,0.008759580104948489
5.228169755723,0.00876151423639196
5.229178740712,0.008974922088506811
5.230212941089,0.00901958121578949
5.231252941089,0.008701876566682806
5.232256905071,0.008710241213791822
5.233262440135,0.009003372540963957
5.234302440135,0.009331735435668464
5.235381053806,0.00899196458711169
5.236421053806,0.008784458624034642
5.237437648781,0.008734034313737258
5.238449004011,0.008975917044194634
5.239489004011,0.008970624373987024
5.240529004011,0.008965220978318476
5.241569004011,0.009013960377414884
5.242615328093,0.008781602928528162
5.243635328093,0.008742075485104044
5.244651328093,0.008836220461886932
5.245678894854,0.00883114583980921
5.246706458047,0.009015696036208559
5.247756077849,0.008888627661925004
5.248791556041,0.009168175435444351
5.249860290267,0.008916062600040678
5.250900290267,0.008910746492425506
5.251940290267,0.008905749835118607
5.252980290267,0.008900369119852765
5.254020290267,0.008894755177376099
5.255060290267,0.00854852809251888
5.256060385136,0.008884038109472008
5.257100385136,0.008878054666602993
5.258140385136,0.008872582915866595
5.259180385136,0.008867381835520322
5.260220385136,0.008585945341146966
5.261227900562,0.008634847311560443
5.26224171213,0.00874576863288116
5.263269222452,0.009071769797770449
5.264335771369,0.008522316502244803
5.265338301911,0.008532660211741282
5.266342611417,0.008830659642189358
5.267382611417,0.008571115728872935
5.268392630749,0.008674920287215362
5.269415471948,0.008960148499687286
5.270472546505,0.008879414865075128
5.271520756612,0.008804493739863911
5.272560756612,0.008798728356923573
5.273600756612,0.008792872555759829
5.274640756612,0.008617664487323644
5.275660593917,0.00878315050848406
5.276700593917,0.00892218809319384
5.27775765679,0.008917003470103619
5.278814717418,0.000674508428010785
5.278894717418,0.008767513246673578
5.279934717418,0.008871077242926795
5.280987595098,0.008757630124406744
5.282027595098,0.008677574673422844
5.283058680433,0.008951900061894216
5.284122974483,0.008468460558954614
5.285130385632,0.008774406582746192
5.286174896207,0.008595643806685606
5.28719876341,0.008956165202635138
5.288266198373,0.008863552759944347
5.289323244911,0.008715296016748843
5.290363244911,0.008419565140784142
5.291368527609,0.008507878413558784
5.292384945525,0.008700178196911412
5.293424945525,0.008694959944492296
5.294464945525,0.00841782462676791
5.295472364606,0.008686385526949692
5.296512554932,0.008803634900901672
5.297567494966,0.008673469954034112
5.298607494966,0.008668573902743204
5.299647494966,0.008663133856036963
5.300687494966,0.008657701106615795
5.301727494966,0.008651424860213128
5.302767494966,0.008645722944254359
5.303807494966,0.008641732650259432
5.304847494966,0.008785190787469824
5.305905325144,0.008336913142578936
5.306909760842,0.008626971959981569
5.307949760842,0.00862193477040027
5.308989760842,0.008616745899076992
5.310029760842,0.008611566466474017
5.311069760842,0.008606449379291071
5.312109760842,0.008887784342238138
5.313184384784,0.00829395786919971
5.314187840643,0.008747807612511038
5.315246886941,0.008288660103408053
5.316250905061,0.008257591064260652
5.31725173777,0.008600033330808164
5.318294711321,0.008569832344262425
5.319334711321,0.00856373066038863
5.320374711321,0.00831811149233669
5.32138554091,0.008257539629732125
5.322389665728,0.008689718213983443
5.323446902048,0.008543863522220908
5.324486902048,0.008538988364908467
5.325526902048,0.008735370873442444
5.326591413075,0.008797023517036338
5.327664093067,0.00825126757932023
5.328670815751,0.008524688533439235
5.329711488402,0.008519486325864129
5.330752157692,0.008724797257150625
5.331818566892,0.008306037070478878
5.332834392326,0.00869954269719195
5.333899049344,0.00816648913235716
5.334899088647,0.008382470934243297
5.335926196345,0.008453141425091555
5.336962584452,0.00843309547159242
5.337997081105,0.008523218546709857
5.339043239604,0.008204292305625445
5.340050824839,0.008402307249933589
5.341083343689,0.008339031265377165
5.342109054588,0.008378714100931214
5.343140427952,0.008426457539268158
5.344178100834,0.008725367899618978
5.345253087872,0.008344536791737217
5.346284844797,0.008398422227818317
5.347329542197,0.008089721410012298
5.348339295612,0.008323881370396378
5.349379614107,0.008062073283933078
5.350388086353,0.008178793275260133
5.351411923704,0.008153557507650188
5.352433317153,0.008284886103443303
5.353471857206,0.008106962030875669
5.354488774365,0.008080770933771315
5.355502978657,0.00797442459880467
5.356504343863,0.008006908018067619
5.357510318355,0.008533571244127743
5.358583078658,0.008202048068921036
5.359614761509,0.007970920029485672
5.360617913414,0.008493135945069894
5.36168738224,0.008254281549052759
5.36272738224,0.008466150560383438
5.363794687451,0.008244902029088367
5.364834687451,0.00823996580149452
5.365874687451,0.007925748913789074
5.366875588038,0.008231067015096145
5.367915588038,0.008384673342584926
5.368975588038,0.008222092949100705
5.370015588038,0.008217380893169651
5.371055588038,0.008111114233971314
5.372082869153,0.008031389840606277
5.37310077064,0.00797921605595995
5.374112541932,0.008160046741330097
5.375147616017,0.008156680495876752
5.376182769154,0.00819013617402037
5.377222769154,0.008185405947097069
5.378262769154,0.00824428343897691
5.379310894182,0.008293057880572784
5.380365869684,0.008234176519104302
5.381413992113,0.00799715524879246
5.38243252697,0.008161198783185908
5.38347252697,0.008156426793604336
5.38451252697,0.008417181061106279
5.385586363632,0.008317326789133125
5.386648038955,0.00814258324044326
5.387688038955,0.00791579937194769
5.388699672917,0.007884739445831974
5.389707910034,0.0079255584781851
5.39072198021,0.007952748865069942
5.391740228206,0.008223123587140857
5.392793819689,0.007845514356235593
5.393799610724,0.007853412152822953
5.394806889726,0.007918836800312423
5.395823017745,0.007899921469997039
5.396837215736,0.007788172619087895
5.39783761337,0.007824088986109368
5.398843179995,0.008087593013885388
5.399883179995,0.008082784963366608
5.400923175857,0.008226800339242923
5.401982302166,0.00807366716487387
5.403022299393,0.00785143078072378
5.404034267121,0.008002177737914217
5.405066267121,0.008059149736563131
5.406106267121,0.008054258548144441
5.407146267121,0.007925432622722706
5.408170267121,0.007912792067650408
5.409193226712,0.007786011845882981
5.410200287884,0.008161265416109745
5.41125648453,0.008031794528103485
5.41229648453,0.008027079182210795
5.41333648453,0.008022378025105619
5.41437648453,0.008018018612638367
5.41541648453,0.008013022263729836
5.41645648453,0.008065144717577345
5.417503872108,0.008003765728549337
5.418543872108,0.008265411237652094
5.419618504443,0.007764573062168061
5.42062862139,0.008009179308863643
5.421671194979,0.007985110312106079
5.422711194979,0.008241773755723198
5.423785169796,0.008100667500089153
5.424841337496,0.008034076559896373
5.425889421099,0.008204850516890646
5.426960403627,0.007962944858551823
5.428000403627,0.007807046436810976
5.429020611019,0.00795417601822683
5.430060611019,0.00794970816510162
5.431100611019,0.0012225397488150865
5.431260611019,0.0079443126995068
5.432300578979,0.008001773754385075
5.433348660765,0.007940232880288686
5.43438926612,0.007820941547690703
5.435414810504,0.007838854210026655
5.436443272674,0.007922395737534768
5.437483272674,0.00791785055328958
5.438523272674,0.007913236979476688
5.439563272674,0.007908775302621945
5.440603272674,0.00790446692934562
5.441643272674,0.007900151374347726
5.442683272674,0.00789585703367715
5.443723272674,0.007891547075249288
5.444763272674,0.00788710325701464
5.445803272674,0.007882601332577921
5.446843272674,0.007878227750955657
5.447883272674,0.007873966344589648
5.448923272674,0.007869833981139569
5.449963272674,0.008016887215104575
5.451023272674,0.007669148635581101
5.452037847185,0.007644655191242146
5.453049716855,0.007879687584349497
5.454093242545,0.00810841932943774
5.455167659694,0.00781672459819076
5.456204072382,0.007838877406668858
5.457244072382,0.007834293314159907
5.458284072382,0.007830015177023622
5.459324072382,0.007560151304656949
5.460328712262,0.007724145118303597
5.461355614114,0.007554419751359163
5.462360417281,0.008049416522673781
5.463431613205,0.008052623894271867
5.464503819268,0.007623474728396229
5.46551942701,0.007615353752056007
5.466534483394,0.007799708658392655
5.467574680572,0.0076725621255244545
5.468598521045,0.007647667701266257
5.469619553988,0.0076317189384837135
5.470639021343,0.007609059480869173
5.471656038142,0.00769456874950148
5.472685061234,0.007705300576509917
5.473716121525,0.00770197043792737
5.474747174391,0.007662612103929768
5.475773446162,0.00763249468196755
5.476796248209,0.008048331651575402
5.477875284832,0.007686613862579797
5.478906316993,0.007682396247641676
5.47993734399,0.007467330020534041
5.480940049313,0.007718762651615803
5.481977006082,0.007635030032221445
5.483003242237,0.007777378596841332
5.484049216277,0.007673935387702052
5.485081883055,0.007687443466145496
5.486117660325,0.007581424455096068
5.487143873339,0.007896928892319905
5.488219271896,0.007398858855066712
5.489229432302,0.0075252650462395675
5.49025790671,0.007508201462248412
5.491284810019,0.007310295532899496
5.492285340021,0.007358359379905264
5.493293030461,0.007371957894473222
5.494303162531,0.007484545865582754
5.495329288162,0.007363731033061422
5.496339408301,0.007528850598058893
5.497372726031,0.007375879135794902
5.498385541944,0.007363181419739743
5.499397154307,0.007332354078286778
5.500405052996,0.007524961266002384
5.501439890213,0.007417052230361145
5.502460364662,0.007447049337268871
5.503485505903,0.007560286703048971
5.504526791683,0.007271975223289967
5.505528907406,0.007359744088649201
5.506543593116,0.0073017997499312546
5.507550728813,0.00744358853189075
5.50857794895,0.007532261686708976
5.50961794895,0.007366690383736166
5.510635594936,0.005210071744410038
5.511355594936,0.0026085766767747817
5.511716243255,0.007601448072542127
5.51276742095,0.00738598251074193
5.513789569658,0.0077603790477270215
5.514864975265,0.00777293142912894
5.515943389795,0.007248761361160449
5.51694994038,0.007447337622258925
5.517984877636,0.007378017451293964
5.519010820114,0.007449007806530686
5.520047235001,0.007438517622301721
5.521082879826,0.007197661973195965
5.522085898685,0.007223722757436823
5.523093515946,0.007366780731245768
5.524121994085,0.007422373209884516
5.525158928974,0.007606853496415533
5.526222208457,0.0072988112411791605
5.527243010546,0.007217951170497419
5.528253053076,0.007783823124099904
5.529342892029,0.007852087901328516
5.530442892029,0.007216355236566101
5.531454366102,0.007461710057636884
5.532500792873,0.00783609042809528
5.533600356005,0.007170186362984993
5.534607022682,0.007193311151568659
5.535617417924,0.007218818042570761
5.536631902464,0.007596405355590645
5.537700021251,0.0072251087370003445
5.538716527461,0.007290317338361355
5.53974282067,0.007306677839398057
5.540771939613,0.007214634477957692
5.541788606362,0.00739431070881351
5.542831186482,0.007149985658823974
5.543839871051,0.0076811254525483074
5.544924055302,0.007194598270027178
5.545940055302,0.007408930400489297
5.54698685741,0.007254032128334187
5.548012307345,0.007083091373936218
5.549014089532,0.00741465349096101
5.550063327249,0.0071921468110633276
5.551081602594,0.007147210431154681
5.552094024781,0.00735170741256868
5.553135952775,0.007199113384543679
5.554156755008,0.007239738894241937
5.555183809969,0.007195078809543615
5.556205039996,0.007581417370440876
5.557281646242,0.0074404410073299395
5.558338789314,0.007055206707290014
5.559341712591,0.007155079159878152
5.560359330589,0.007309681446445432
5.561399468017,0.0073372910594774856
5.562444054734,0.007092344660786855
5.563454281097,0.007086346076303522
5.564464183138,0.007156800505436547
5.565484629039,0.007710709805165775
5.566584629039,0.007087173046126439
5.567596175418,0.007702726556668162
5.568696175418,0.007502498420439797
5.569768183832,0.007694132688367703
5.570868183832,0.007062296930134044
5.57187839875,0.0071300086771845265
5.572898825197,0.007021433147567456
5.573904221424,0.007270233859682712
5.574945795802,0.0070189002192340135
5.57595190213,0.007338158769207837
5.577004313413,0.007192418092636222
5.578036295048,0.007091656774686636
5.579054281707,0.007502624342661863
5.580131787802,0.007448074539203692
5.581201993427,0.007098144027685197
5.582222401491,0.0071096663809429176
5.583244969816,0.007274536606338756
5.584291745465,0.00707289647270663
5.585310009178,0.007047234982263632
5.586325080587,0.007026729526944353
5.587337703675,0.007629088937079429
5.588437703675,0.007625438095245906
5.589537703675,0.00749306418983128
5.590619182415,0.007291539088817506
5.591672165035,0.007612808154067481
5.592772165035,0.007471009100984432
5.59385222815,0.0076053421280704095
5.59495222815,0.007601937294840801
5.59605222815,0.007425690285621279
5.59712722815,0.007586965249486696
5.598226106269,0.007591008135236715
5.599326106269,0.006923816041097001
5.600329936519,0.007049833588140493
5.601352528012,0.007033329861127007
5.602373247529,0.0070974032331916365
5.603403787061,0.007231572305177776
5.604454324174,0.007022537710188142
5.605475036398,0.0070866322221731165
5.606505565768,0.007148112420688241
5.607545583955,0.007108171800089725
5.608580352487,0.007420191673778654
5.609661047527,0.0070718246972274025
5.610691566162,0.0072051498687621725
5.61174208115,0.0069970570577459175
5.61276276514,0.00706078174866739
5.613793274679,0.0071940482506136
5.614843781096,0.007190522192655213
5.615894284967,0.007290262396409774
5.61695988971,0.00704639853392755
5.617990386927,0.007179561897318164
5.619040881491,0.007381954516001862
5.620121538416,0.007509736293626764
5.621221538416,0.006979646939567799
5.62224583278,0.007032046804176438
5.623279949651,0.007472948777079955
5.624379949651,0.00739146537696429
5.625468695238,0.007463411075195345
5.626568695238,0.0068409153973484575
5.627577584798,0.0073437032458335
5.628661183311,0.007450836325290725
5.629761183311,0.007054001038536987
5.63080321933,0.007442439794459379
5.63190321933,0.007439264778992881
5.63300321933,0.0068282673621297
5.634013368053,0.007431681196595723
5.635113368053,0.0068211576537872114
5.636123489562,0.007052456174804515
5.637168368956,0.007311874449768531
5.638252252826,0.007416593559188432
5.639352252826,0.006744939174462169
5.640353117791,0.007409294498953108
5.641453117791,0.007405341246217024
5.642553117791,0.007098654833501115
5.643608100541,0.006942674362527833
5.644640390597,0.007168100235054728
5.645706716004,0.006994631498882034
5.64674779109,0.0073722233003931424
5.647845688934,0.007382125079577952
5.648945688934,0.00689622494012096
5.649973852461,0.007250385146141862
5.651055404064,0.00709324733533981
5.652114108754,0.006782288109031769
5.653126956312,0.006893531391129696
5.654156955776,0.0068548104429568164
5.655181696318,0.00670476417476101
5.656184492267,0.007350920549292903
5.657284492267,0.007346832271699905
5.658384492267,0.00734068260994831
5.659484492267,0.007326157329333382
5.660584492267,0.0073112640646390975
5.661684492267,0.007304798986952641
5.662784492267,0.00729981019029863
5.663884492267,0.0068972406242019425
5.664924456162,0.0012730027331785405
5.665116502888,0.006846459397603306
5.666149518915,0.006968849771774367
5.66720162193,0.006759664989178898
5.66822270229,0.006812912440687259
5.669252353285,0.006674111665905909
5.670261562031,0.006711185356945955
5.671276892427,0.006833719508404931
5.672311292265,0.006817028159154099
5.673343702284,0.007056122013330419
5.674412854484,0.007169503111307392
5.675499772256,0.006600318515886279
5.676500899852,0.006843520183045576
5.677539457895,0.007188874786665187
5.678630996059,0.007240203193307735
5.679730996059,0.007236057696473965
5.680830996059,0.007071651702079341
5.681906542823,0.007156389236219711
5.682995580936,0.007224595433245785
5.684095580936,0.007220727781038035
5.685195580936,0.007216951970692858
5.686295580936,0.007212780346058625
5.687395580936,0.0066586954799304895
5.688411637912,0.007205020836321836
5.689511637912,0.00666161545765549
5.690529217026,0.0071973016150398
5.691629217026,0.006548401245605978
5.69263057238,0.006958106174815384
5.693695116782,0.006636217493690214
5.694710977727,0.00672429292116297
5.695740831692,0.007178487708355771
5.696840831692,0.007174546440419532
5.697940831692,0.0067388312629906326
5.698974630203,0.006989977581878885
5.700047559294,0.007162542383731136
5.701147559294,0.007158932523232885
5.702247559294,0.006706086453818667
5.7032786208,0.007150342981182105
5.7043786208,0.007146897462629778
5.7054786208,0.006571880931602836
5.706490641639,0.006639462365831257
5.707513569946,0.006552430011277089
5.708523618677,0.006773848477091651
5.709568391951,0.007127769165561642
5.710668391951,0.0071237263723075905
5.711768391951,0.007119625619686186
5.712868391951,0.00654197812514392
5.713879698733,0.007111821448788127
5.714979698733,0.007107686044204377
5.716079698733,0.007103660978163492
5.717179698733,0.006492295050726224
5.718185557407,0.007095777271078892
5.719285557407,0.00661393284883237
5.720311493361,0.006500492210501805
5.721320440417,0.006857762039318697
5.722385440417,0.006598890254611927
5.723410769838,0.006492240956412823
5.724420048684,0.006776479292440323
5.72547406491,0.0064971370159587535
5.726485167632,0.0064703185269508
5.727492658392,0.006834136800701622
5.728557388712,0.006695557966206358
5.729601164125,0.006666231086049778
5.730642111239,0.006504496079134846
5.731660113189,0.006604515208851509
5.732695085437,0.006604964315665819
5.733730893877,0.006402619740154114
5.73473559082,0.006505417958849778
5.735757036868,0.006614277415287204
5.736796221079,0.0066618887694263945
5.737843447584,0.006561979706259145
5.738875537627,0.006603272205352835
5.739914697296,0.006599702724666093
5.740953857874,0.006596178284401391
5.741993010697,0.006482272372549029
5.743014784966,0.006786025232586534
5.744085000987,0.006590253284876909
5.745124869364,0.006769740347024673
5.746193602952,0.006503238783368715
5.747220845737,0.0065743945632346125
5.748259877028,0.006515142215629917
5.74929003713,0.006566281381981393
5.750328765024,0.006615697106284452
5.751375837372,0.006317710310250181
5.752376318837,0.006608033741590115
5.753423377721,0.006417014829100903
5.754440696464,0.0065502889090605886
5.755479702307,0.00646113445964244
5.756505151094,0.006374506729282223
5.757517366762,0.006590443538483376
5.758564400831,0.006408728823733757
5.759583115093,0.006658688449120216
5.76064210318,0.006391586712625886
5.761659150218,0.006544122714253845
5.762701038658,0.006707078073025997
5.763769499954,0.006518226203706666
5.764808471226,0.006323673732963269
5.765816921429,0.006512010762495699
5.766855884339,0.0065200487547428625
5.767896696577,0.0066019385794696735
5.768951114341,0.006350511465605409
5.76996592404,0.00650876372662293
5.771006553747,0.006498345778919193
5.772046111649,0.006393310890963047
5.77306942092,0.0063495394272700964
5.774086188035,0.006865799715065397
5.775186188035,0.006309086837571402
5.776197491412,0.00654138708379438
5.777246657203,0.006854134936290589
5.778346657203,0.006503627357009847
5.779390929789,0.006579590392419084
5.780448034725,0.006624437667616836
5.781512899102,0.006412896322135968
5.782544234654,0.006568345509936068
5.783601241305,0.006307184043750349
5.784616826378,0.006827563327104454
5.785716826378,0.006379113797163354
5.786745127498,0.006603115213013217
5.787810127498,0.006816345778832353
5.788910127498,0.006220731602338284
5.789914522171,0.006808533812521324
5.791014522171,0.006282059805777481
5.792030142947,0.006201823279185441
5.793033187815,0.006308867982854437
5.794053910201,0.006692308746995395
5.795137183108,0.006477423049725009
5.796186169772,0.00635733771741156
5.797216198456,0.006786365342279278
5.798316198456,0.006194193441125852
5.799320633054,0.006681885016427093
5.800404687184,0.006769282594123216
5.801504686955,0.006140080999425671
5.802504686955,0.006496405518436788
5.803564164509,0.0061271067010423095
5.804564164509,0.006122697103267205
5.805564164509,0.006294434113280442
5.806593016241,0.006130109816072229
5.80759569963,0.006126824042799751
5.808598377224,0.006225013741549869
5.809617610736,0.006119997333744299
5.810620276734,0.006237611280179319
5.81164293416,0.006379616508480484
5.812689386436,0.006282526452541302
5.813720369434,0.006106289143598689
5.814723006857,0.006103327144599555
5.815725636463,0.006100059707139708
5.816728261958,0.006324483707001155
5.817768343344,0.006437983686048369
5.818827500031,0.006216169827479441
5.819850731816,0.006396517978353598
5.820904291873,0.006209322204834557
5.821927506638,0.00639009056818077
5.82298105189,0.001057583872391059
5.82315546788,0.006221130002782538
5.824181838048,0.00619884113898419
5.825205032923,0.006149629928618005
5.826220608324,0.006278405088090101
5.827257955161,0.006189327327535053
5.828281131112,0.006369316601659435
5.829334630892,0.006063137925700627
5.8303380038,0.006333486600263669
5.831386677799,0.006051714987641586
5.832389218482,0.006317136345981739
5.83343627929,0.0061105935892104436
5.834449661186,0.006339354395369428
5.835501572197,0.006061205831526674
5.836507889433,0.006083038827151014
5.837518395652,0.006096719712937216
5.838531753986,0.006193959936960871
5.839561874149,0.006068873659115373
5.840571808327,0.006109938587734046
5.84158920837,0.00611257295929765
5.842607694188,0.006118267199197281
5.843627650055,0.006026094512405451
5.844632819724,0.006149878168904723
5.845659093982,0.006176956378422394
5.846690195195,0.006156073039670869
5.847718219556,0.006084288674609547
5.848734656086,0.0059868890412396345
5.849735245606,0.006023522343654311
5.850742524327,0.0062068537449092385
5.851781276568,0.0061572043558069285
5.852812521519,0.006026453881725543
5.853822482792,0.006034149895473995
5.854834433324,0.00606036178472785
5.855851314446,0.006148087590971124
5.856883299933,0.006027279255545298
5.857895410141,0.006183687397916356
5.858934230541,0.006207296073989403
5.859977476803,0.006074955100581231
5.860998887825,0.006156060712950283
5.862034381559,0.005939977668195918
5.863034381559,0.005994537898885931
5.864045701831,0.00591553882590775
5.865045701831,0.005910274636670477
5.866045701831,0.005905099802734137
5.867045701831,0.005900435530457426
5.868045701831,0.005896412094959455
5.869045701831,0.005892292824448209
5.870045701831,0.0058885441343634985
5.871045701831,0.005885123623136882
5.872045701831,0.005880953880772752
5.873045701831,0.006244474935778637
5.874108990055,0.005860070662934764
5.875108990055,0.006185465529846228
5.876166179908,0.006148331734995004
5.877218087036,0.005852024445866425
5.878220144761,0.00631408725202553
5.879302222826,0.005827892862071955
5.880302222826,0.005819736953992253
5.881302222826,0.006228389674522353
5.882373655714,0.005809274338551512
5.883373655714,0.005806621230648664
5.884373655714,0.0061807057527159875
5.885438655714,0.005800017937513865
5.886438655714,0.005796813126438042
5.887438655714,0.0058319852295594995
5.888445237651,0.006099791149436752
5.889498571619,0.005787916593996488
5.890498571619,0.005784991467015066
5.891498571619,0.0057821017244117255
5.892498571619,0.005844544815397139
5.893509894026,0.00600097964024635
5.894548841719,0.005785483753520534
5.895551012803,0.005782505355621611
5.896553180141,0.005779412583381307
5.897555340601,0.005795921257616025
5.898560898658,0.0057730034859700356
5.89956305105,0.0059588853830368415
5.900598053289,0.005766864659109905
5.9016001954,0.005764652462871469
5.902602334639,0.005762709407184042
5.903604464045,0.005761371025269316
5.904606673718,0.00613177848816874
5.905673731577,0.006070120425218131
5.906730473454,0.006004769352541517
5.907776264153,0.00611698362946356
5.908842046807,0.005814607481301268
5.909855550079,0.005921855376835993
5.910888205304,0.00603111883753821
5.911940433989,0.005929988901962675
5.912975541336,0.005927029616802895
5.914010635074,0.005912385173587602
5.915043632419,0.005951450341922443
5.916083861104,0.005868136511268849
5.9171099512,0.0058710180187717485
5.918137036233,0.006051123785199267
5.91919611978,0.005848809757130659
5.920220263936,0.0061412968712903715
5.921296120484,0.005810249912876621
5.922314440556,0.005902910363625468
5.923349447203,0.005777789699994441
5.924362957993,0.005796360641948405
5.925380184753,0.005697821251347569
5.926380566607,0.0057689196243896745
5.927393906214,0.005758050088584698
5.928405840316,0.005719719612221833
5.92941157558,0.005755529546846488
5.930424137177,0.0057135628795233605
5.931429845963,0.00583586906468056
5.932457651761,0.005889539101556
5.933495478248,0.00602432140708126
5.934557668829,0.005704442708553435
5.935563955384,0.005701603827071253
5.936570233776,0.005807171490927765
5.937595728992,0.005660015543911905
5.938595728992,0.005788130890887439
5.939618790801,0.005739145542483392
5.940633688436,0.005744989525513638
5.941650112425,0.005745256771265691
5.942667102911,0.00564580557245903
5.943667102911,0.005642481075421957
5.944667102911,0.005636311052140939
5.945667102911,0.005624846944301306
5.946667102911,0.002246598849460448
5.947067102911,0.00561299509321369
5.948067102911,0.005973318592965291
5.949132102911,0.005664780271656644
5.950143226548,0.006089287658350398
5.951231431834,0.005797679234604714
5.952268832382,0.005908127292094467
5.953327595676,0.005569722248486962
5.954327595676,0.005851541022212457
5.955379858512,0.005648047520117185
5.956396503574,0.005819075425201574
5.95744465321,0.005632618475635098
5.958459906934,0.005595185736183799
5.959469089899,0.005542245842620666
5.96046929742,0.005900190631868088
5.961534587938,0.005546168365051884
5.962536427038,0.0055434981156162475
5.963538259311,0.0055405467748832595
5.964540079929,0.005537441255468458
5.965541896347,0.005534497797939297
5.966543710337,0.005531473368957822
5.96754551934,0.0055723203643579895
5.968555309788,0.0056200416575203135
5.969574309505,0.005872706468058557
5.970639738071,0.005784392485831597
5.971689785626,0.005523832764971855
5.972693158367,0.0058174500200157495
5.973750532007,0.005894301894352557
5.974822569569,0.0058046159033077385
5.975878959766,0.005545067141603037
5.976888749972,0.005623039853064833
5.977913363211,0.005897729422186275
5.978988696454,0.005774469269979424
5.980042124224,0.005838869078793429
5.981107933559,0.005700324152054483
5.982149265068,0.0055336191426728605
5.983161256717,0.005685283140621374
5.984202578964,0.005814214971175522
5.985268889873,0.005720417694810782
5.986318867145,0.005444604056688164
5.987319068208,0.005457194806312991
5.988322372532,0.005864719271567744
5.989401385409,0.005655329430602898
5.990442687056,0.005491921942352821
5.991454636399,0.005432295671137005
5.992456313295,0.005428413893499271
5.993457984761,0.005425238131350527
5.994459650543,0.005422141850443576
5.995461311317,0.00541904671890487
5.996462966868,0.005468712434287749
5.997474317718,0.005413651333557524
5.99847596344,0.005408596847590796
5.999477130656,0.005495311749473031
6.000494801984,0.005406214705739716
6.001496431619,0.00540386016747058
6.002498055384,0.005573353741411008
6.003531498265,0.0055822860880475125
6.004567064797,0.005564568197016664
6.005599849392,0.005393273124289783
6.006601448853,0.005468791842879226
6.00761780083,0.005524242324232799
6.00864519968,0.0054123508907655965
6.009652488047,0.005428916734813161
6.010663397667,0.005450141984034219
6.011678834076,0.005390484897572848
6.01268392839,0.0054113223393748786
6.013693475648,0.005424118124002414
6.0147058684,0.0055600880245194485
6.015744274329,0.005592902254811816
6.016789340689,0.005844843445610297
6.0178820517,0.005387788272921688
6.018889889113,0.005399825602138813
6.019900412826,0.005341274525867398
6.020900412826,0.005356845987672647
6.021903862112,0.005779791201150994
6.022987111291,0.0053329608052229485
6.023987111291,0.005330182158816857
6.024987111291,0.005327460966032225
6.025987111291,0.005325320502301639
6.026987111291,0.005370535622600334
6.027996134394,0.0055137092515521085
6.029032623089,0.005792141250677875
6.030121942838,0.005314152375610191
6.031121942838,0.005311579910925125
6.032121942838,0.00530886517214327
6.033121942838,0.005305821945531014
6.034121942838,0.005329251686141343
6.03512686269,0.005706274435499901
6.036203475428,0.005459429525375931
6.037234040033,0.005549757175659158
6.03828218217,0.00574394410316147
6.039367542303,0.00529708557295726
6.040368949933,0.005472785292615791
6.041404105032,0.005291804310168891
6.042405502759,0.005289420404618946
6.0434068995,0.005286653946556922
6.044408291139,0.005284244826627684
6.045409677844,0.005299768400924582
6.046414525587,0.005320784405226342
6.047423880508,0.005334129732250455
6.04843608513,0.005437771016864642
6.049468252184,0.00541135756284784
6.050495782795,0.005358272655377462
6.0515136187,0.005487407033614786
6.052556379443,0.005676914102520457
6.053635613057,0.005417846698721972
6.054666350528,0.005391910645395142
6.055693280026,0.005351354056097454
6.056714064122,0.005317704167890459
6.057730529995,0.0053251046355179115
6.05875062869,0.005338064443547329
6.059775050821,0.005463691464283029
6.060824675168,0.005321287869931817
6.061847612714,0.005292217000110185
6.062865510474,0.00545480333280994
6.063915118261,0.00567897254600668
6.065008202367,0.00550853804956365
6.06606886953,0.005354600655405524
6.067100366529,0.0054014275460836985
6.068141379215,0.005245699879295252
6.069152893083,0.005646900959038039
6.070242381118,0.005342723719101603
6.071273860401,0.005286194191262705
6.072295117324,0.005230692439672878
6.073306231817,0.005197700084883351
6.074311556268,0.005309494426244575
6.075339072134,0.005171442674867301
6.076340290177,0.005169565645213735
6.077341503749,0.005167382399788555
6.078342711663,0.0051648145997936715
6.079343915853,0.005465078307317122
6.080403868726,0.0056647051122996755
6.08150309096,0.0005152144409996692
6.08160309096,0.0051506528505901915
6.08260309096,0.005148216057710928
6.08360309096,0.005622415592595757
6.084695776079,0.005142887683898615
6.085695776079,0.005140448258590028
6.086695776079,0.005390127043280913
6.087744921551,0.005641034773117562
6.088843535977,0.005519607220519579
6.089919122912,0.0051286630352002024
6.090919122912,0.005582685082847392
6.092008250869,0.005122984697622907
6.093008250869,0.005120194416538202
6.094008250869,0.005117406187079329
6.095008250869,0.005114596726445354
6.096008250869,0.005111820897513107
6.097008250869,0.005109061765304775
6.098008250869,0.005106400455211229
6.099008250869,0.005103546320528526
6.100008250869,0.0051005851485069935
6.101008250869,0.005098180473408391
6.102008250869,0.005095683386148134
6.103008250869,0.005333305206372118
6.104055487316,0.005089819716701939
6.105055487316,0.0050869391656181385
6.106055487316,0.00529922285276443
6.107097750116,0.005318820635096551
6.108144465861,0.00507838606386358
6.109144465861,0.00509942858609415
6.11014915044,0.005315451146485073
6.111196977037,0.005069522269150105
6.112196977037,0.005308304239810888
6.113244676478,0.0050636850450744555
6.114244676478,0.005113673796823653
6.115255115805,0.0050580100548404455
6.116255115805,0.005055118916254953
6.117255115805,0.005052387736179843
6.118255115805,0.0053649621401905935
6.119317608031,0.005157488708067803
6.120339654308,0.0052920807529254635
6.121389002114,0.005207202267012181
6.122422130939,0.005197377176998171
6.123453988272,0.00504027147885363
6.124455352849,0.005030542013056962
6.125455352849,0.00502811978043221
6.126455352849,0.005025433970841208
6.127455352849,0.005022439362709291
6.128455352849,0.005019409486593357
6.129455352849,0.005183288366605067
6.130488635619,0.005013347012673281
6.131488635619,0.005010422254871679
6.132488635619,0.0050073686488186255
6.133488635619,0.005004265380200172
6.134488635619,0.005000990359139756
6.135488635619,0.004995959755473115
6.136488635619,0.005285910676274901
6.137548503046,0.004978533366731826
6.138548503046,0.0049713352698817406
6.139548503046,0.004965041881364664
6.140548503046,0.004959757014966529
6.141548503046,0.004955171056670571
6.142548503046,0.005280625359056307
6.143614956535,0.005023632706857933
6.144630154474,0.004994722994603305
6.145640145828,0.004988501370323867
6.146649508991,0.005193649862940391
6.147700987181,0.005062595719995828
6.148726564361,0.005093888968212017
6.149759068856,0.005058312014541577
6.150784925257,0.004935029205598299
6.151786371611,0.004967989171547446
6.152795059231,0.005095107871213316
6.153830185073,0.005078636278820821
6.154862543705,0.0049477190060567
6.155868818726,0.005013717744072948
6.15688906607,0.00491147294603456
6.15788906607,0.0049086441298446925
6.15888906607,0.004905732284127649
6.15988906607,0.004963652146092986
6.160901483783,0.005136200585498552
6.161949740099,0.0048968115897595685
6.162949740099,0.005008524709980593
6.163973155268,0.004890991823842358
6.164973155268,0.004888038132446525
6.165973155268,0.004885247377091342
6.166973155268,0.004882839261963718
6.167973155268,0.004880488801338544
6.168973155268,0.00487786897130339
6.169973155268,0.004875163299305534
6.170973155268,0.00048733945392648027
6.171073155268,0.004956351233792834
6.172090416419,0.005026594830970798
6.173122665361,0.004886576909624551
6.17412672647,0.00490657530580838
6.175135461565,0.004917552315013792
6.176147039145,0.005100376628549997
6.177196841142,0.0048642253387211325
6.178198605767,0.0051071789333719
6.179251035873,0.004987165450084444
6.180279334264,0.0049196391283847975
6.181294311071,0.004922224351371982
6.18231042429,0.00509688340776985
6.183363256076,0.004893939742465007
6.184374775483,0.00487475920474224
6.185382964269,0.004843312996189182
6.186385301495,0.004870183259540123
6.187393794348,0.0049312752667265355
6.18841554622,0.00502832192902023
6.189458001414,0.004861571824057415
6.190466469525,0.004922417177197606
6.191488197628,0.00487256371952401
6.19250018321,0.0050335703058402605
6.193546309629,0.004827706535541826
6.194550293337,0.004974531961547712
6.195585480722,0.004872129235655158
6.196600019819,0.00485599412130036
6.197611836227,0.004981490654297526
6.198650304744,0.005125737866783224
6.199719300181,0.005104105919790908
6.200784300181,0.005008410063037005
6.201829975042,0.004786848346978275
6.202829975042,0.0047842046076621335
6.203829975042,0.004781490456030086
6.204829975042,0.004778849773713234
6.205829975042,0.004776115556848145
6.206829975042,0.004773319225530502
6.207829975042,0.004770636180881538
6.208829975042,0.004767735606941486
6.209829975042,0.0047648729774809745
6.210829975042,0.004930963402536036
6.211865464497,0.005080188855434299
6.212933015508,0.004755780062538407
6.213933015508,0.0047527863446616015
6.214933015508,0.004817846563442343
6.215947338212,0.004895111049730927
6.21697859134,0.00474378000523859
6.21797859134,0.0047409651582919175
6.21897859134,0.004738166399256364
6.21997859134,0.004735452363360853
6.22097859134,0.004732649487036056
6.22197859134,0.005113874570356103
6.223059834778,0.004844960169227824
6.224084834778,0.004724083380941754
6.225084834778,0.004723505733011621
6.226085345092,0.004720944551076136
6.227085851197,0.004718275604261108
6.228086353076,0.004715305746661701
6.22908685281,0.004713021428591918
6.230087349498,0.004710542270274514
6.231087839256,0.005085328389028397
6.232168546693,0.004705294973866364
6.233169029334,0.004731727051556603
6.234175657459,0.004700446796674763
6.235176132585,0.004697958242252847
6.236176603222,0.004695722506633775
6.237177069598,0.004694615756092055
6.238177531726,0.004766856902950445
6.239193595386,0.00492124888938932
6.240243028579,0.004798408716895273
6.241266910483,0.004685475088309152
6.242267346112,0.004783550254065355
6.243289373536,0.0049748785536311456
6.244352991017,0.004727811140725574
6.245364440154,0.004770590389001373
6.246385701596,0.004925779948403674
6.247440891146,0.00486222313274575
6.248483124796,0.004709806648161999
6.249493330947,0.004853785556022595
6.250535121203,0.004876025308432139
6.251582498312,0.004670098139684162
6.252587120957,0.004838213560181352
6.253630288992,0.004754294383524789
6.254657375641,0.0046923217745692865
6.25567242257,0.00462733342071565
6.256674561714,0.0048574983473635425
6.257727576141,0.004707260494806814
6.258748920249,0.004738929605622095
6.259777945811,0.004677459651736733
6.260794316122,0.004600851945404785
6.261794661922,0.004607032246280937
6.262796939325,0.004636998875260312
6.263806355605,0.004719642850117098
6.264834411358,0.004651660954897721
6.265848327914,0.004680961629121106
6.266869279795,0.004957476404116084
6.2679512501,0.004633995290387463
6.268963306397,0.004584804652686776
6.269965228658,0.0046993659099424595
6.270992827997,0.004635854313222782
6.272007207559,0.0047098568089902456
6.273038457379,0.004591159598416281
6.274044375239,0.0045691884402805725
6.275046095058,0.00469934583000517
6.276077002007,0.004661905447399425
6.277100315447,0.004882867505665764
6.278172779433,0.0049314088469189
6.279256692299,0.00466861112199813
6.280283536512,0.004692115313830593
6.281316156894,0.0046846458352607576
6.282347781864,0.004538124067566499
6.283347781864,0.004758571280302647
6.284397083132,0.004532042821936343
6.285397083132,0.004529094310973199
6.286397083132,0.0045261223500613155
6.287397083132,0.004523235238724275
6.288397083132,0.004520336212782896
6.289397083132,0.004517411400898168
6.290397083132,0.004545037492677803
6.291403819237,0.004604246339062319
6.2924243445,0.004508743909513091
6.2934243445,0.004505947831067965
6.2944243445,0.00450297071866427
6.2954243445,0.004627783794664375
6.296452712302,0.004508003300703103
6.297455096478,0.0044953539910755095
6.298455265021,0.004492515995039079
6.299455426437,0.004807947843934206
6.300526574489,0.004711362960163116
6.301577012853,0.002018889376920376
6.302027314503,0.004504669191561315
6.303032799008,0.00450865499880748
6.304039890837,0.004688514024852251
6.305087867195,0.004497615314820889
6.306093876941,0.00448217518249348
6.307097160655,0.004488714352015006
6.308102613328,0.004733142883849345
6.30916354728,0.0044582284613585215
6.31016354728,0.00445536090939744
6.31116354728,0.0044522536667102545
6.31216354728,0.004449145343007541
6.31316354728,0.004446023183449202
6.31416354728,0.004442898691175313
6.31516354728,0.0044402956584628575
6.316163632569,0.004636582417057437
6.317208672406,0.004433737744625416
6.318208751921,0.004430553641282941
6.319208825696,0.004542322500196858
6.320234806103,0.00464622180674549
6.321284976512,0.004498505479215602
6.322302440246,0.004449161365191457
6.323309376744,0.004663105841212466
6.324365362653,0.004502455248021744
6.325385585043,0.004499566350221526
6.326405796426,0.004577948654103423
6.327444414339,0.004457928723680051
6.328456441086,0.004479003757684731
6.32947386762,0.004497903590414191
6.330496209384,0.004449833595561812
6.331508225019,0.004563880758834095
6.332546822754,0.004444294514110701
6.333558829522,0.004610441565686602
6.334609083108,0.004477820256332467
6.33562925666,0.004607329283192686
6.336679348036,0.004473234541155641
6.337699511896,0.004601458191249033
6.338749588637,0.0044233537270319985
6.339759659865,0.004464128771743035
6.340779801368,0.004592584010161709
6.341829857713,0.0044588673149661626
6.342849991243,0.004375368587263161
6.343851710656,0.004453594216557388
6.344871836118,0.004581312907007935
6.345921873465,0.004435702066317938
6.346939209191,0.004530545890580233
6.347978908034,0.004655060320113467
6.349047811879,0.0047870110624870146
6.350147763578,0.00450235724565848
6.351182981394,0.004371391864551804
6.352188611755,0.004531030418799589
6.353231601541,0.00461463213608029
6.354294585694,0.004372526822510636
6.355302478478,0.004472870051509434
6.356334180522,0.004588493523166521
6.357393228159,0.004332318064671495
6.358393777532,0.004548823722545212
6.359445011086,0.004368111634602876
6.360455087911,0.004333712000060583
6.361457880271,0.00438092483385509
6.362472277523,0.004445458874854684
6.363502294172,0.004370289725353323
6.364515614337,0.004313750010641915
6.365516873488,0.004316360599597668
6.366521062037,0.004370070896080317
6.36754047544,0.004497346635650382
6.368591360565,0.0043322040089712
6.369604827808,0.004413970660193357
6.370638426194,0.00427479138413482
6.37164034978,0.004300928070604478
6.372649312951,0.004294128151243153
6.373657566356,0.004510169710878522
6.374717416967,0.004481726242222937
6.37577141536,0.004401494065110262
6.376807358323,0.004332599352838307
6.377827857901,0.004585936087671051
6.378908855125,0.0043694324506685575
6.37993959959,0.004409702007494539
6.380980586886,0.004321774232358695
6.382001573043,0.004360084677486071
6.383032310631,0.004441585032203709
6.38408304665,0.00431288375108356
6.385104025284,0.004351212537373463
6.386134757359,0.004432645697343872
6.387185487688,0.0043400144210709
6.388214929244,0.004296260161660677
6.389234686042,0.004210136128242894
6.390234686042,0.004207192554612684
6.391234686042,0.004204140991829485
6.392234686042,0.004201238649458148
6.393234686042,0.00419858471419476
6.394234686042,0.0041959878640250685
6.395234686042,0.004193361352760759
6.396234686042,0.004190731166572053
6.397234686042,0.004188036739757211
6.398234686042,0.0041853020265123185
6.399234686042,0.004212320949679563
6.400241822044,0.004179655662511083
6.401241822044,0.004264287359770204
6.402262762385,0.004173950424457556
6.403262762385,0.004171067122090983
6.404262762385,0.004168112159459855
6.405262762385,0.004224443904159195
6.406277007668,0.0042083252097149405
6.407288081421,0.004159178251296905
6.408288081421,0.004387025302927098
6.409343659722,0.004224826248574006
6.410360931622,0.004150318715154173
6.411360931622,0.004147516021137602
6.412360931622,0.004144590810067199
6.413360931622,0.004150386057133486
6.414363006222,0.004215394551321519
6.415381481928,0.0043366936747533166
6.416429991817,0.004251588573723851
6.417458653248,0.004161495684841506
6.418466230873,0.0041285770945244694
6.419466519779,0.004161142365103418
6.420475455411,0.004149510902309408
6.421482323355,0.004142068235796976
6.422488119328,0.004186767618102919
6.423505493628,0.002642414939405035
6.424148002817,0.004376234625685554
6.425212625954,0.00428718524956854
6.426256338181,0.004155281877850312
6.4272686359,0.004209243042092404
6.428294785385,0.00425795910306581
6.429333553143,0.004155252187483295
6.430347934461,0.004155796923992123
6.43136311082,0.00411602900087002
6.432369221842,0.0041721542263526345
6.433389723567,0.004140920515877163
6.434403291837,0.004138488513040265
6.435416967227,0.004080560046080697
6.436417138955,0.004148578826313563
6.437434712757,0.004150767380534677
6.438453595682,0.0040866901824581775
6.439457498519,0.00408421546107737
6.440461496543,0.004178881507624
6.441489481062,0.004097919141637741
6.442498219706,0.004060886958843577
6.443498512424,0.004095242365323522
6.444508031964,0.004063023089913904
6.445510370136,0.004142674692874062
6.446533128801,0.004208886615717117
6.44757306861,0.004110593653364683
6.448589547657,0.004056162246231676
6.449593305256,0.004090691085605364
6.450606371032,0.004179795984842209
6.45164224884,0.0041614674771627645
6.452674353545,0.004096951287098101
6.453691254463,0.004078847103323783
6.454704472039,0.004059423976562609
6.45571362429,0.0040314773294800755
6.456716641549,0.004045954998322315
6.457724028768,0.004121232593578404
6.458750882765,0.004024762879867863
6.459754559865,0.004006769691021012
6.460754565792,0.004014059697614768
6.46175716401,0.004017990937475569
6.462761558979,0.004014666791118103
6.463765938592,0.004190930369751462
6.464815301039,0.004239339182875832
6.465877670635,0.00413547504994463
6.466914879598,0.004044254875191877
6.467930124215,0.003994202421630801
6.468933774368,0.0040486678350451525
6.469952189941,0.0040767741594434906
6.470978984287,0.004024671451665091
6.471994185903,0.003972323375471243
6.472997790235,0.0040395451318307385
6.474019986505,0.003990031616042917
6.475031142091,0.0040535806358898635
6.476059787862,0.004326937284400496
6.477159178123,0.004314150739914026
6.478256548774,0.0040034901040606995
6.479275919925,0.003924520849831926
6.480276141018,0.003920507804112864
6.481276358703,0.003973841055726015
6.482291152079,0.004009707481019708
6.483316075322,0.0039107728226057716
6.4843166471,0.004096994626230909
6.485365849903,0.003909934440583685
6.48636806825,0.00425280843863843
6.487459157876,0.004148751617572869
6.488524552344,0.00402917922783918
6.489560203822,0.00400867081309461
6.490591510881,0.0040408551131266785
6.491632058752,0.003921845509297172
6.492642877116,0.004052554554616289
6.493688347836,0.0040746742324931345
6.494740529303,0.004142733079738494
6.495811328774,0.004021630066495477
6.496851859183,0.0039027379406985164
6.497862650916,0.004012984489838024
6.498903176365,0.0038941649933489056
6.499913960995,0.004005076208629054
6.500954481756,0.0038874054292116996
6.501965259247,0.003998558568008727
6.503005774702,0.0038810728839302248
6.504016544204,0.003992083273721312
6.505057054668,0.0038748423059660492
6.5060678167,0.003985511211652959
6.507108322441,0.004015060707430863
6.508157437047,0.003951510082616904
6.509190790829,0.0024347557300104586
6.509827846379,0.003883159343468129
6.510844834762,0.0038589929392404926
6.5118565473,0.003868735697636494
6.512871605798,0.003902167431246026
6.513896186126,0.00391627022931115
6.514925232614,0.0038124859330794193
6.515927779412,0.003873168283075299
6.516947060499,0.003982490608662469
6.517995950517,0.0039401425636552455
6.519034526851,0.0038579266831947844
6.52005224333,0.003821361885579594
6.521061081528,0.003930928887216841
6.522099639802,0.0037946154400251195
6.523102971764,0.003779562701374372
6.524103077728,0.003919441800655344
6.525141001433,0.0037913951280213482
6.526145853843,0.003775679849163151
6.527147361488,0.003872365917947772
6.52817534145,0.003853770012481587
6.529199180226,0.00389964928873342
6.530235977685,0.003895357330044712
6.531272441272,0.003853191787782277
6.532298474626,0.003924078721354662
6.533344144879,0.003872928265640345
6.534376948236,0.0037914986645818335
6.535388798934,0.003888396802600204
6.536427231014,0.003917968494346524
6.53747432114,0.003846794984248427
6.538503146946,0.00391791176590564
6.539551774618,0.00375883425611043
6.54055855573,0.003807495158038245
6.541579081296,0.00389229826057897
6.54262313232,0.003738440156600705
6.543626677489,0.0039731222782825
6.544694043598,0.0038201808821987436
6.545721086193,0.003813075093049113
6.546746939033,0.0038510421603015705
6.5477837612,0.003841995391854172
6.548818935645,0.003747935246209905
6.549829559533,0.0038136577471127404
6.550858741697,0.003729759481337638
6.551866168585,0.0037129596788544558
6.55286996305,0.0037229775206818754
6.5538773225,0.0037652245106275855
6.554896996415,0.003792886277569211
6.555925054942,0.0037036840494438384
6.556929816313,0.0038193762256272853
6.557966862105,0.003812137226793207
6.559002801792,0.003696530307701846
6.560008142038,0.0037475573081656444
6.561028172487,0.00368863031686189
6.562032981605,0.003787427642535109
6.563065534981,0.0037322108737615194
6.564083832769,0.003808683806036112
6.565123840177,0.003775640735500629
6.566155689724,0.0038417936315678705
6.567206521497,0.003661492006535777
6.568208835786,0.0038571216827459863
6.56926561576,0.003819215320028506
6.57031290919,0.0036509339950625825
6.571314860789,0.003818695767405593
6.572363774422,0.0036447241049830195
6.573365720588,0.0038122968577127647
6.574414628527,0.0036385694743738743
6.575416569427,0.0037412647360107027
6.57644768121,0.003811579377992817
6.577499094895,0.0037011968846442007
6.57852097726,0.003732386891884641
6.579552387235,0.003800828952395276
6.580603795718,0.003690422425555097
6.581625671362,0.0037218189246212906
6.582657076361,0.0037562284667658997
6.583698947419,0.0036399640256451495
6.584709423325,0.003744542637298013
6.585749738275,0.0036708320875146966
6.586770050721,0.0036341080775504045
6.587780515891,0.0036916189627552135
6.588807555352,0.0037936950587616042
6.589863729999,0.0016875141319966029
6.590333880124,0.0037259861790968673
6.591372532809,0.0037599949975081846
6.592421383952,0.0035893158827590907
6.593423271418,0.0036382557062148136
6.594439916169,0.0038278160985821047
6.595510351138,0.003717187485312873
6.596550638943,0.0036076083862602577
6.597561067418,0.0037109907623930254
6.598601350858,0.003601302561533542
6.599611772588,0.003704340913125731
6.600652051488,0.0035946740788445697
6.601662466473,0.003697494910930035
6.602702740794,0.0037054357716833773
6.603746188245,0.003656990784233881
6.604776914488,0.003581578922925464
6.605787315948,0.0036841596858471783
6.6068275814,0.0035749244437987206
6.607837976162,0.0038031696117281416
6.608913889372,0.0037035354168363
6.609962691589,0.00375669736314735
6.611027701848,0.003623087678889617
6.612055841209,0.003521108296837146
6.613056002363,0.0035186687321272373
6.614056507009,0.003599113525493363
6.615081017757,0.003597153066974062
6.616106063259,0.0036609826716990372
6.617150354869,0.003545289282814062
6.618162548451,0.0036612374352891297
6.619208672161,0.003539595118001285
6.620220854859,0.0035282445286549517
6.621230645408,0.00363185415938676
6.622270995951,0.003581581659194974
6.623297837322,0.003562824148961846
6.624320204011,0.003484452427559467
6.62532089638,0.003484208547477339
6.62632242075,0.0036165967288651294
6.627362953769,0.0035456201897781084
6.62838395136,0.0035403354315584616
6.629404327916,0.003502028993430634
6.630414555383,0.003522486078454101
6.63143157688,0.0035390949564085435
6.632454282929,0.0036203422271597523
6.633501376712,0.0034664753681396196
6.634504833637,0.003457199470611322
6.63550645373,0.0035011034637661745
6.63652166144,0.003483650669967697
6.637532664719,0.0034484727943634177
6.638534263028,0.0034924642082963097
6.639549455673,0.0035145684662721073
6.640571901941,0.0034867136592604906
6.641587042197,0.0035088454663733328
6.6426094217,0.0035633715302192627
6.643648504179,0.0035963663378765017
6.644698070717,0.003537278902488052
6.645731250708,0.003498407926304585
6.646753956827,0.0035036049061070284
6.647779113537,0.0034818625331995406
6.648798818089,0.003463850875820102
6.649814081266,0.0034126207387003907
6.650815160075,0.0034554037487013792
6.651829626627,0.0035343048679227986
6.652868087226,0.0034047075400605712
6.653869307426,0.0034654797152024446
6.654889240772,0.0034270350193722865
6.655898668493,0.003407945735480636
6.65690326732,0.003518280590191826
6.657941265003,0.0033887680213703962
6.658941894663,0.003441117602456726
6.659958804393,0.003465301419002618
6.660983741982,0.0035504886040895254
6.662034833217,0.0035411630412010417
6.663084271356,0.003396925079728677
6.66409216685,0.003523920869857111
6.665139127522,0.00341612173369913
6.66615558763,0.003423931973464746
6.667176416824,0.0033888810221514042
6.66818942556,0.0034261710134520017
6.669216132408,0.003505144707745876
6.670268443889,0.0034243745852877146
6.67129760769,0.003353245007755541
6.672306297468,0.003434936734722361
6.673340228328,0.002435401179518514
6.674073584506,0.0033581067036738545
6.675085197365,0.0033291486607875016
6.676088618591,0.003391825801263795
6.677111515853,0.0033776595357217012
6.678130742762,0.003533826969826563
6.679197749147,0.0034791165629185364
6.680248966073,0.0033710438244587463
6.681268154576,0.0034405935163195327
6.682309032164,0.0034210710129489574
6.68334479931,0.0034203546269269565
6.684381063749,0.003466199033862624
6.685431976359,0.003352581077468508
6.686449205968,0.003445022852503101
6.687495245186,0.0034252652809913034
6.688536083194,0.0034225366282505595
6.689576918315,0.0034199016896778274
6.690617750256,0.0034171659144301334
6.691658578986,0.003414845149066356
6.692699404711,0.0011832364791118368
6.693060201044,0.003307172132299304
6.694068960867,0.0035061173174204133
6.695138998964,0.0034376084058196335
6.696189034376,0.003396053355628245
6.697227543261,0.0033913915636753574
6.698265639389,0.0033020765485906596
6.699277199356,0.00342482308945209
6.700327222921,0.003383358010755573
6.701365717282,0.003349391939795498
6.702395077596,0.003278234256678805
6.703403484951,0.0033398194313199697
6.704431332691,0.00328538148257904
6.705442870426,0.003250591875941393
6.706444478762,0.003329532814523408
6.707471456535,0.0033501724081180656
6.708506324565,0.0033801134161513505
6.709551896579,0.0034997198413422165
6.710635339859,0.00354981837345541
6.711735339859,0.0035449855112308928
6.712835339859,0.0035418523771632263
6.713935339859,0.0035385163445856883
6.715035339859,0.003533714324203271
6.716135339859,0.0035306844817132393
6.717235339859,0.00352683229032905
6.718335339859,0.0033410127812031677
6.719378245438,0.003521663839141957
6.720478245438,0.0035174093095356727
6.721578245438,0.0035139511133201115
6.722678245438,0.0035116507749203686
6.723778245438,0.003268126903105499
6.724803245438,0.003504164500916048
6.725903245438,0.003502163405684878
6.727003245438,0.003244358941289351
6.728023245438,0.003465207640708931
6.72911362477,0.0034919545622210117
6.73021362477,0.0034887888376175053
6.73131362477,0.003382027500691335
6.732381032598,0.0034811008683191505
6.733481032598,0.0034775593400855477
6.734581032598,0.0034733892133148353
6.735681032598,0.0034694696519534996
6.736781032598,0.003466139190661353
6.737881032598,0.0034627900140719614
6.738981032598,0.0034595265638332384
6.740081032598,0.0034561665666139048
6.741181032598,0.003215542544060626
6.742205427379,0.003449881761343516
6.743305427379,0.0033214727264496134
6.744365427379,0.0032052476631693806
6.745389279228,0.00324418954629853
6.746426365934,0.0031270323127204265
6.747426525241,0.0032021685675277575
6.748450984677,0.0032324711346807897
6.749485573892,0.0031903053739117497
6.750507336396,0.0031873417124282195
6.751528874671,0.003287040922801758
6.752583228671,0.0032842978487667546
6.753637563354,0.003145689522166046
6.75464818555,0.0031583606956304138
6.755663616244,0.003178881249993637
6.756686449268,0.0031886226664717566
6.757713244412,0.003103431107067052
6.758713334266,0.0032207803382622666
6.759751956182,0.0033298027714691158
6.760826433118,0.0031558873402577144
6.761845413514,0.003207065012526891
6.762881629065,0.0031135302271725483
6.763888407915,0.0031987971954415472
6.764923533842,0.0032555091952369193
6.76597780901,0.00320451439446414
6.767016397272,0.0033124955060668186
6.768090839504,0.0031147591662835272
6.769101953422,0.0031319795643720886
6.770119480032,0.0032186245209978735
6.771166087088,0.003154378945291246
6.772192816929,0.003137302798502388
6.773214934651,0.0030911011591205325
6.774222874389,0.003165356533097052
6.77525598042,0.0032123190683478495
6.776305480389,0.003079956362043437
6.777312732794,0.0032017181415399773
6.778360945143,0.0031566348330152915
6.77939559834,0.0030776315025154706
6.780405407516,0.003052093205534967
6.781407745141,0.003082999038504699
6.782421207136,0.003181100579694313
6.783468032735,0.0031679089882277888
6.784511474128,0.0030454261149701063
6.785515343508,0.0030898820757216386
6.786534579265,0.003287944132438076
6.787619878309,0.0030848220913365487
6.788638825804,0.0031265070719776107
6.789672245328,0.0032155306654990945
6.79073589541,0.0030775620025211476
6.791754657504,0.0031275252158482793
6.792790703593,0.00303126757756044
6.793795525538,0.0030907313308202954
6.794820820616,0.0030447064629720603
6.79583165452,0.0030307048382415785
6.796838748996,0.003022876673525636
6.797844209786,0.0030228290611383148
6.798850551902,0.0030650806002234265
6.799871823319,0.00310649310315377
6.80090783838,0.0031073636960345986
6.80194513195,0.003240227415779627
6.803027767087,0.003195452253799836
6.804096531538,0.0029922367488554582
6.805098242964,0.0030995053437810993
6.806136840395,0.0029868073857263902
6.807138541488,0.0030943775173483162
6.808177129074,0.002981932957565994
6.809178822128,0.003089411442424638
6.810217400838,0.002977410156887857
6.811219086213,0.0030960385213695445
6.812261441439,0.00022082815071804718
6.812335841439,0.003059537043775281
6.813366854918,0.0030851098625519196
6.814407360285,0.00325899685700899
6.815507360285,0.003022741425018309
6.816528454812,0.0030196775189044026
6.817549359098,0.0032287144515187978
6.81864181546,0.0032482865813318286
6.81974181546,0.002971556448800976
6.82074890428,0.003091229313879924
6.82179732735,0.0029713414979380642
6.822805846873,0.003237852527691521
6.823905846873,0.00323459960017769
6.825005846873,0.0032314806487652443
6.826105846873,0.003228392965376255
6.827205846873,0.003225358798630841
6.828305846873,0.0032222041830209766
6.829405846873,0.003219077640701073
6.830505846873,0.002982511341050849
6.831525846873,0.003068556060466045
6.83257616907,0.0030664581377729296
6.833626490948,0.0032072835335193073
6.834726490948,0.003195396115648811
6.835826490948,0.0031885460238313184
6.836926490948,0.003102996585975237
6.837997279808,0.003048002717687081
6.839049879433,0.0031824634241033292
6.840149879433,0.0031792786744484335
6.841249879433,0.003176236198411726
6.842349879433,0.0031730737479973435
6.843449879433,0.002944581431169086
6.844471680852,0.003008962071411933
6.84551680156,0.00295614728247512
6.846544608162,0.002940329852897332
6.847568115163,0.00302009015835704
6.848620518211,0.002947597423970346
6.849648407672,0.002933142899181775
6.850671901158,0.0029258316694590423
6.851693619134,0.0028869919739315
6.852702710083,0.002973262317278134
6.853742952365,0.0029966459003167873
6.854791980617,0.003028054445605356
6.85585263489,0.0028945353803132884
6.856867250531,0.0028650616747858434
6.857872278018,0.002914116550435891
6.858895165985,0.002850529843207576
6.8598964325,0.002878447069321978
6.860908485245,0.002875218365045015
6.861920235731,0.002881583307530205
6.862934829193,0.002947477990071733
6.863973713659,0.002886036204981245
6.864992179488,0.002897123854302373
6.866015544342,0.003000290255635633
6.867076143346,0.002867667293419825
6.868090717147,0.0029340330361788784
6.869129581535,0.00287363561562629
6.870148023616,0.002878433034167141
6.871168828005,0.0028591762693143253
6.872183222719,0.0028439277286158213
6.873192571732,0.0028561156540392865
6.874206497309,0.0029166376455245285
6.875242146743,0.0028480147952043514
6.876253357722,0.0028320558662287584
6.877258629854,0.0028314959059561615
6.878264112673,0.002837052469156546
6.879271747718,0.0028420804939465216
6.880281494597,0.0028672318700079663
6.881300593435,0.00286423366871929
6.882319687318,0.0028616795744934626
6.883338776467,0.0028159206281908305
6.884342209627,0.002862046079279685
6.885362627716,0.0029647305742843623
6.886420545348,0.0028069374101208524
6.887422973047,0.0028168678982352603
6.888429573954,0.0028172869649320514
6.88943716134,0.0027989062937157677
6.890438116705,0.0028183723961042214
6.891446686518,0.0028179660294103764
6.892456983053,0.0028125265705753765
6.893466635591,0.0028139017099759714
6.894477599204,0.0028697771524111215
6.895510132029,0.0028297816401105964
6.896529119083,0.0027941798715611084
6.897535762251,0.0027919190551985943
6.898543646225,0.002797331339564171
6.899555193678,0.002902251668425247
6.900606030288,0.0028523573821366815
6.901638163909,0.0027932300345775694
6.902653476145,0.0028771204157729967
6.903702405345,0.0028150284524034526
6.904726719689,0.002775178123658184
6.905738605649,0.0027530592218592905
6.906742274285,0.0029637171116628325
6.907821638943,0.0027487307330987054
6.90882562404,0.002802861575502801
6.909847890045,0.0028651960334756432
6.910895777663,0.003001699495743779
6.911995777663,0.003005175488471494
6.913095777663,0.003004954848153101
6.914195777663,0.0029969272745952735
6.915295777663,0.0029929580280648087
6.916395777663,0.0029700847335097243
6.917485777663,0.0029598539195106466
6.918573628385,0.002988710375322075
6.919673628385,0.002987256742669913
6.920773628385,0.0029872810232187603
6.921873628385,0.0028290628359080422
6.922918590734,0.0029741463396541663
6.924018590734,0.0029790968638005342
6.925118590734,0.0027988500161419414
6.926153579085,0.002969654289357675
6.927253579085,0.0029064019321167842
6.928331419939,0.0027817361921875353
6.929363849924,0.0012657851395114937
6.92983412975,0.0027907612945018935
6.930873088359,0.0028203019003431593
6.931923924996,0.0027432943836533867
6.932945039095,0.0027664555485547126
6.933975873231,0.002818375036580516
6.935026706164,0.0027390731710423416
6.936047814884,0.0027639751811900782
6.937078645053,0.002896494898207426
6.93815974982,0.0027074126152244605
6.939170765237,0.0027883488757804095
6.940212418405,0.002788280618481804
6.941253518706,0.0028140690024442503
6.942304342681,0.0027097060069303505
6.943315703154,0.002872679690965646
6.944387067538,0.0027395257408298628
6.945408156921,0.002718457434633156
6.946419516649,0.002767010628357763
6.94745033094,0.0027868255511277694
6.948491414729,0.0027026656703738614
6.949502767294,0.002706301073052192
6.950514117124,0.0027424033990134235
6.951534656545,0.002771274179201304
6.952562979324,0.0028423397579884716
6.953615118564,0.002818174387066711
6.954655783968,0.002801689983414713
6.955689271972,0.002856547439287763
6.956741187476,0.002833281545949859
6.957781628577,0.002744802107850859
6.958788853067,0.002823060674361417
6.959820991861,0.002745126071991032
6.960826248313,0.0028239843431660913
6.961866865808,0.002858331112265097
6.962927657665,0.002690168717995353
6.963933792308,0.00270608453037463
6.964952312348,0.0027687636455629564
6.966000980442,0.0026643963871003317
6.967014950411,0.0027167739574136137
6.968053765806,0.002640743580223397
6.969067948489,0.0026940708191287434
6.970106409365,0.002636150386314299
6.971124398969,0.0026490512506870097
6.972147348825,0.002744047081953219
6.973207450313,0.002620557413832665
6.974221614316,0.0026793285808874947
6.975260056011,0.0026285839693997518
6.976278024182,0.002645359836665197
6.977300955414,0.0027405308508289426
6.978361034625,0.002620488986688203
6.979375179597,0.0026809938542928548
6.98041360223,0.0026229729530901375
6.981431549023,0.0026329386203049025
6.982454461346,0.002610844292109504
6.9834681545,0.002579620345062823
6.984468593941,0.002599545919147116
6.985478125965,0.00259152591000988
6.986486127921,0.0026470480696182156
6.987516173614,0.0026292345884924317
6.988539674657,0.0026728502731019604
6.989580326728,0.0026318369085660018
6.990606220875,0.0027393410392601756
6.991675386073,0.0025593053837182273
6.992675407964,0.0025817285095790935
6.993685671137,0.00257790631347348
6.994694628935,0.002554395280072203
6.995696318174,0.002556922856919025
6.996699533423,0.0025668112375840453
6.997706946708,0.002554764181031878
6.998710365546,0.0026103607139031054
6.9997352535,0.002618451675323042
7.000765561026,0.0025695972402050593
7.001779270283,0.00258728902969403
7.00279925996,0.0025837361307488923
7.003816533563,0.002569442269368749
7.004828134978,0.002562712421900904
7.005837591324,0.0025356381056022186
7.006840315476,0.002562931495216037
7.007854654251,0.0025960038276017683
7.008879103448,0.00255774601486184
7.009891227077,0.002531463658028409
7.010893475378,0.002541428841822544
7.011900211153,0.0025318382142942805
7.01290517332,0.002535149643569953
7.01391013126,0.002529294354051978
7.014913173989,0.0011901912610222745
7.015386170989,0.002519924447193986
7.016388227402,0.0025325273798319074
7.017393807731,0.0025222129219097905
7.018397685315,0.002519597681912048
7.019401558804,0.002528778944688583
7.020409391527,0.002537019022409843
7.021419271985,0.002545471969017467
7.022437248147,0.0027162296443716642
7.023523565282,0.002572530603013949
7.024554274122,0.0025094500880673797
7.025560865885,0.0025186712054001757
7.026572043953,0.0026638594867281922
7.02764368701,0.0025188543676734564
7.02865784898,0.0026835842211191206
7.029739394077,0.0026012216595081845
7.030790092676,0.0025279398641625873
7.03181102281,0.0025519937624378106
7.032841719277,0.002695539987956038
7.033932608868,0.0025922563749368067
7.03498330342,0.002515899286708797
7.036004227876,0.002463631374898856
7.037004316469,0.0025205536945442867
7.038025238527,0.002542200009906072
7.039055928818,0.0025847811477978104
7.04010661806,0.0025081117634205953
7.041127535372,0.00252953520054354
7.042158222154,0.002580231948936252
7.043208907944,0.0025082336239691493
7.044229820801,0.002528122377117748
7.045260504228,0.002574746345461365
7.046311186629,0.0025005401342920795
7.047332094946,0.0025232990820956975
7.048362775048,0.00257043837755493
7.049413454135,0.0025702925599445504
7.050464583881,0.002645111729719429
7.051545486106,0.0025233177626390207
7.05257616154,0.0025583052013947918
7.053626835962,0.0024786066968477878
7.054647733607,0.0025103894000584916
7.055678405605,0.0025657910883983732
7.056729076595,0.002492567428637736
7.057749969617,0.002509997890186512
7.05878063816,0.002547626467239375
7.059831305709,0.0025626722504897633
7.060888313629,0.0025066400423033684
7.061918978683,0.0026191338743384025
7.062999642648,0.002536092054011925
7.06405030546,0.0024658721047966024
7.065071187602,0.002487027559548654
7.066101847986,0.0025039824216397263
7.067143657105,0.0023986721832112592
7.068144577763,0.002397512372421601
7.0691450531,0.0024328644130659177
7.070161020656,0.0023957455781704684
7.071162803703,0.0025001563659270993
7.072207957686,0.002400590361717809
7.073211529318,0.0024208598981302373
7.074224012295,0.002406851511975707
7.075231325783,0.0023907453284353715
7.076232549864,0.002385227241218391
7.077235326485,0.0023809589287295454
7.07823590549,0.0024013425090623508
7.079243980545,0.00240464127354272
7.080252051453,0.0023965036300530275
7.081254361402,0.0023938250560950752
7.082262211886,0.002391763425152914
7.083271940091,0.002380644716181866
7.084276597324,0.0023796707443830495
7.085280400741,0.0023748069219201883
7.086283138251,0.0023666516941342843
7.087283677918,0.002394835620246334
7.088296170703,0.002380035078738599
7.089302928159,0.0023717780560810354
7.090309681319,0.0023593033467591406
7.091314944321,0.002365849496073965
7.092320203019,0.0023827771001088552
7.093331985757,0.0018221444954382977
7.094108918329,0.0023552195381341674
7.095115337931,0.002349336668934773
7.096118033372,0.0023481138726596986
7.097120724613,0.0023390752068332475
7.098121218357,0.0023565088756407945
7.099129207518,0.002353700811336675
7.100137192471,0.0023509194485379446
7.101143900724,0.002354658087836667
7.102150604469,0.002367764752901936
7.103163600531,0.0023600657650755747
7.104175813933,0.0023732217722572733
7.10519460272,0.002350145684882044
7.106203977643,0.0023499183745617864
7.107214481997,0.0023628350360567424
7.108231987876,0.0023441714652858046
7.10924227265,0.0023218475512023756
7.110243567875,0.0023618154655795963
7.111262333294,0.0023363025591903526
7.112271684881,0.002330776050544624
7.113282164038,0.0023463080326822793
7.114299642804,0.002340325905673188
7.115309901177,0.0023126080449277836
7.116311170117,0.0023067235575856293
7.117315371512,0.0023132138179110147
7.118324272065,0.0023035101070429487
7.119327225757,0.0023144363356227614
7.120332102808,0.002310279433803563
7.12133347177,0.002334476125152468
7.122350916922,0.0023085569025385415
7.123361141712,0.0022886621878045795
7.124362377908,0.0023335106392561224
7.125381084751,0.0023195795293042523
7.126393717093,0.0023295879199758595
7.127412202464,0.002323693167920437
7.128428915307,0.0023311728301391634
7.129448666144,0.0023163628908954782
7.130460277195,0.002292055125641439
7.131467003393,0.0022995437024369014
7.132479526918,0.0022779315490579657
7.133481224097,0.002507804569028791
7.134581224097,0.0023279042072570904
7.135601612445,0.002354675037636909
7.136632193907,0.002345658884581032
7.137662773773,0.0023825413494641006
7.138713353198,0.0023139074981229648
7.139734124082,0.002341620006082792
7.140764700963,0.002391942947215084
7.141815276763,0.002384822969866284
7.142866233521,0.002450871006535528
7.143946997902,0.0023404682410782356
7.144977569806,0.0024289619338314907
7.146047950251,0.0023738783956822112
7.147098519734,0.0023024298149019037
7.14811927742,0.0023185924339857162
7.149149844475,0.002359624395034297
7.150200410505,0.0022972190418106297
7.151221163606,0.002319075942389404
7.152251727268,0.0023568518053246994
7.153302289925,0.002258373993028197
7.154309929299,0.0006621506562417175
7.154605386558,0.0023449170441496216
7.155654346328,0.0023016805804391073
7.156684905097,0.0023443963145999887
7.157735462872,0.0022520579386818705
7.15874639055,0.0023033938090352
7.159776945924,0.002347485956504661
7.160827500251,0.0022723369336493213
7.161848237159,0.0022880211889268086
7.162878789089,0.0023257558430400532
7.163929339999,0.0022649312815962077
7.164950072891,0.0022954632650673303
7.16598062129,0.002336787956772742
7.167031168585,0.002261761318988948
7.168051896715,0.002283740799182742
7.169082441532,0.0023270702963824165
7.170132361224,0.0022473216979762727
7.171146671375,0.002251238932632207
7.172164422527,0.0022729897365267133
7.173192546257,0.002322365905388975
7.174243444385,0.0023236980446553106
7.175294340764,0.002323521292134473
7.176345235246,0.0023086098414959043
7.177396127731,0.002303486716773631
7.178447018413,0.0023090422432521553
7.179497907292,0.00231812899096331
7.180548793823,0.0022172967225454446
7.181554587811,0.002214118189196892
7.182563788269,0.0022228692347317693
7.183580622849,0.002208042762449055
7.184591653655,0.0022408116905878045
7.185614289766,0.0022489957187609958
7.186641225419,0.0021857870106921466
7.187643461134,0.0022107403497384653
7.188658153055,0.0022287440226352304
7.189679273071,0.0021986227660600547
7.190689076878,0.002169606365313112
7.19168978689,0.002231898764562316
7.192716202481,0.0021989812706890753
7.193724862684,0.002208295782144265
7.194740874222,0.0022050913673201124
7.195757560569,0.002196936479710155
7.196771300922,0.002195229134675076
7.197787724867,0.0021770885034846405
7.198797496774,0.002192449988769723
7.199812710061,0.002204339115925867
7.200831879915,0.0022110385618262615
7.20185451161,0.0022135738101515465
7.202881198514,0.002191531512735687
7.203901063836,0.0022054831810625307
7.204927907429,0.0021951613677596822
7.205947552549,0.002175199995907844
7.206957434239,0.0021770200134405083
7.20796922107,0.0021939383044325285
7.208989490268,0.0021690974837322127
7.210000420773,0.002170865953088727
7.211015590537,0.002154966071043833
7.212024250196,0.002187459731065466
7.21304704966,0.0021623528535206857
7.21405817667,0.0021785162978838007
7.215078280709,0.0021745481019057955
7.216097602679,0.002171049145641222
7.217116142619,0.0021630188854689144
7.218131920517,0.0021614173896566786
7.21914769414,0.0021569710270149243
7.220160917664,0.0021636365359794783
7.221174137078,0.0021670137031224606
7.222185018827,0.002181962068482134
7.223206928232,0.0021564159175024296
7.224220135996,0.002159209801391728
7.225232562167,0.0021533662242069103
7.226240671955,0.0021660446761985336
7.227253869467,0.0021570878757134764
7.22826706358,0.0021582581988442043
7.22928025478,0.002156985048354357
7.230293442951,0.002132762564350642
7.231294959834,0.00215645004597692
7.232308140809,0.002173606996305068
7.233329723482,0.0017010871460054035
7.234129910214,0.002142176406285348
7.235136568712,0.0021433624276368008
7.236141674216,0.002190736605238635
7.237172444833,0.002137655751709652
7.23818114978,0.0021602930201437974
7.23920146224,0.002135128609692804
7.240211220656,0.002143379855030006
7.241223945258,0.00214471579482447
7.242236666107,0.0021668227235135374
7.243262606057,0.002152253248984594
7.244282107431,0.0021464562549965566
7.245298635199,0.00222950642534491
7.246354464191,0.0023232160134581035
7.247454464191,0.002318594479123379
7.248554464191,0.0023157011709951957
7.249654464191,0.0023159518992723113
7.250754464191,0.002316849843594189
7.251854464191,0.002179679912985527
7.252891510852,0.0021555995015453307
7.253916480555,0.002119631756048608
7.254927570147,0.002119231406095998
7.255937103831,0.0021205179573110427
7.256946409893,0.0021608535301622656
7.257979009038,0.002138831486324251
7.259002042536,0.002123216323955674
7.260017344087,0.0021328248061278153
7.261037530005,0.002147447057062697
7.262066080054,0.0020907083578824413
7.263067884266,0.0020904349733656294
7.264071213627,0.00208220653985847
7.265071739662,0.002085882029841185
7.266074387638,0.0020982538059420046
7.267081431179,0.002110884492056774
7.268096396423,0.0021743425803607956
7.269143234462,0.0021143078438358477
7.270161411098,0.002121557806884089
7.271183692638,0.002122279563406435
7.272205495923,0.002152339653006051
7.273244782324,0.0020697847221849345
7.274247272426,0.002143123179127003
7.275284348253,0.0021134347378126838
7.276306492794,0.002134279598417333
7.277339579684,0.0020780440315383247
7.278347324097,0.00212601067842589
7.279378571299,0.002068736738352041
7.280382459156,0.0021476477831846087
7.281428028171,0.0021009521256084643
7.282450445751,0.0021227823788701207
7.283482370679,0.00206959652050452
7.284489750032,0.00215087550108242
7.285536381247,0.0021517250931902773
7.286584295003,0.0020825502290851483
7.287602811915,0.002102719430966701
7.288634130019,0.002109625143096864
7.289668724981,0.002069099561965167
7.290682102904,0.0022056045863492746
7.291762939566,0.002049998162109112
7.292771404718,0.002106370029054618
7.293810131107,0.0020553643378375137
7.294823295526,0.0020764766289814982
7.295847031143,0.0020282732169359563
7.296847520832,0.002064056621064833
7.297863503634,0.0020338870854580346
7.298864650765,0.002024856870314507
7.299865143711,0.0020752879365277203
7.300889216949,0.0020726324975892402
7.301909440872,0.0020732271013664725
7.302934157262,0.0020461708342634603
7.303949934071,0.0020419748602646687
7.304962222601,0.002027454708137884
7.305963584643,0.0014140381411904901
7.306660112899,0.0020541781582392523
7.307677190004,0.002065048742586046
7.30870291133,0.002052905597933787
7.309723233631,0.0020210738046202606
7.310726953719,0.0020807855728485164
7.311756122166,0.0020144441085014372
7.312757092134,0.0020221497474255156
7.313764762794,0.0020562271408621434
7.31478356844,0.002025503466855072
7.315790451616,0.0020294214988256305
7.316803311679,0.002039409109301386
7.317818019909,0.0020290860901841755
7.318826546004,0.0020338362826011714
7.31984315491,0.0020307781802047426
7.320858659472,0.0020464308403773343
7.321879107518,0.002046877729190087
7.322899382116,0.0020095546418201935
7.323905355361,0.002004284643159318
7.32490942582,0.0020440916297879796
7.325931276512,0.002013588890102089
7.326943371804,0.0020396400061860904
7.327970393463,0.002030038978877468
7.328990024505,0.0019999792984447926
7.32999303563,0.00200447926808727
7.330998107298,0.0020248687908513254
7.33201623807,0.0019935246658706438
7.333021727796,0.002000097829844303
7.334030849814,0.002004683117331621
7.335037535489,0.0020102559502422285
7.33604671891,0.001984874830998135
7.337049366957,0.0020034013358832064
7.338063688117,0.0019990754116382204
7.339077468503,0.001993731903160034
7.340088969197,0.001979066836411092
7.341091667303,0.0019887861821677117
7.342100785473,0.0020342611720356382
7.343134935877,0.0019972860992219323
7.344147932242,0.002005374333434493
7.345166875434,0.0020001524948809104
7.346183649242,0.0019631166208325355
7.347184035082,0.001966178704132612
7.348187421425,0.001998185884699233
7.349207666722,0.001966785408646859
7.350208238906,0.0019877015388398175
7.351216398308,0.001979353287483678
7.352227607124,0.0019718141844193983
7.353237667067,0.0019703174037951163
7.354242365557,0.00196481324736422
7.355245346285,0.002001677365788771
7.356271634023,0.0019880094107696776
7.357291180423,0.00198639741874592
7.35830661469,0.001959857780602864
7.359307951408,0.0020116787087780413
7.360339139243,0.001975689528602407
7.361352881352,0.002052533566054002
7.362405220938,0.0020689373211858217
7.363464042391,0.002041088583054777
7.364512277525,0.0021341002829971182
7.365612277525,0.002134283872804299
7.366712277525,0.001982999695471986
7.367732501919,0.002145809710632109
7.368832501919,0.0019623469343598983
7.369842613494,0.002072397092840946
7.370909957174,0.0021333227242034763
7.372009957174,0.0021221394469741126
7.373109957174,0.0021218990218528078
7.374209957174,0.002127168351998494
7.375309957174,0.0021217556035587302
7.376409957174,0.0020848101899116726
7.377491416996,0.0019673426646327715
7.37851079998,0.0008547076091900703
7.378954182726,0.0019600165883836007
7.379971977947,0.0019963219925641777
7.381006535722,0.001960933202240557
7.382020251825,0.001955928241672128
7.383038490882,0.0020998590522543627
7.384135723882,0.00200532994780458
7.385183272902,0.0020092483124569396
7.386230820585,0.0019265682148114321
7.387232952911,0.0019574251703132566
7.388251240215,0.00194515720361945
7.389266076775,0.001967336731793491
7.390292911616,0.0021030681735961488
7.391390988293,0.002081710397279249
7.392477819633,0.001939411900369872
7.393491319573,0.001998291054826957
7.394536888858,0.0020024255676334576
7.395585576518,0.002095175492595395
7.396683960427,0.0019451624006134002
7.397704132935,0.0019898365525472623
7.398748364924,0.0020136778982902045
7.399805252482,0.0019815503309978957
7.400845807895,0.0019234241184928546
7.401855983029,0.0020300455989967887
7.402924919078,0.0019380726589453996
7.403946470033,0.001993241502427219
7.404996460913,0.0019251104081974728
7.406008641361,0.0019177061853084668
7.407019418457,0.0019672304749478457
7.408053927214,0.001976598078041786
7.409095581598,0.001979375784369643
7.410144993649,0.0019362586966228895
7.411172637632,0.0019187990040325236
7.412188026986,0.0018988769482379552
7.413190937345,0.0019552333966125356
7.414224769141,0.0019652962686583695
7.415265875028,0.0019492908235815977
7.416298760026,0.0019496989295394711
7.417333633903,0.00197921322243726
7.418384111685,0.0019412327137297467
7.419412687487,0.0019071325856935815
7.420429104072,0.0019134145976840902
7.421450991118,0.001896616865695263
7.422461830316,0.001946628164304179
7.423494096351,0.001933856495270921
7.424520906965,0.001966465418932793
7.425572168429,0.0019017617499454448
7.42659155484,0.0019178346889563381
7.427618318975,0.0019122246251633008
7.428641674577,0.0018845693816104863
7.429648744004,0.0020045721528366934
7.430718994791,0.0019096452176809008
7.431744869313,0.00188240014577344
7.432758187389,0.0019046977270370836
7.433779783299,0.001877081299234827
7.434787535428,0.0019119208327767687
7.435819906587,0.0018727029911304977
7.436826986683,0.00187128243893265
7.437836555233,0.0018752446536453437
7.438853632034,0.0018663805107242317
7.439864611314,0.0018699548788096655
7.440873354014,0.0018482189845024056
7.441873429152,0.001992821034260585
7.442954081251,0.0018778666302164504
7.443971580582,0.0018985575726716097
7.444999563529,0.0018991178945089867
7.44602821506,0.0018957929071013785
7.447054095657,0.001871071295046058
7.448070566798,0.0018405618293872244
7.449073192025,0.0018429725537652077
7.450075678252,0.0018789906732391314
7.451097073243,0.0018854953948620383
7.452122706253,0.0018810917090711682
7.453149654314,0.0019395156860968286
7.454209920255,0.0018594593860176754
7.455225608649,0.0018639348628001016
7.456243753412,0.0018614116110929665
7.457261671717,0.0019497481494949497
7.458328332822,0.0018686029806860075
7.459352605,0.0018296653782817762
7.460357239448,0.0018867443257008687
7.461392681503,0.0019213902952749324
7.462443557044,0.0018304122000566403
7.4634474782,0.0018830929997150666
7.464481490423,0.00187470782871074
7.46551083327,0.0018299448327345307
7.466514418652,0.0019162388669809966
7.467566347263,0.001873809862512602
7.468595843462,0.001975201896379609
7.469682727842,0.0018175645414035286
7.470682727842,0.0019121497565430944
7.471734652729,0.0018170211849418611
7.472734652729,0.0013972814895434648
7.47350472906,0.0018981584822388455
7.474553205028,0.0019297662584235877
7.475621258443,0.0018227030838671003
7.476631333525,0.001971614695031031
7.47772478549,0.0018946549124783981
7.478775009135,0.0018393228458933638
7.47979530616,0.0018875741482113368
7.480845527864,0.0018325076522902291
7.481865822151,0.0018697318399347302
7.482906114864,0.001885752817174484
7.483956479082,0.0017929922921040547
7.484956768985,0.0018071914773139012
7.485965018434,0.001827534035440076
7.486985305928,0.001790366818215297
7.487985592136,0.00179194545769161
7.488985876517,0.0018427752354545095
7.490016229919,0.0018553133457760676
7.491056511118,0.0017827969455919714
7.49205679156,0.00185507897221003
7.493097070166,0.0018684579528340014
7.494144382044,0.0018552363672955739
7.495184226578,0.0018711518308562073
7.496234570264,0.001833841389756482
7.497264645989,0.0017795927190591683
7.498264918358,0.0019202625589372982
7.499345057592,0.001777276739275916
7.500345326775,0.0018832844030217673
7.50140599362,0.0017868095957262044
7.502413016226,0.0018289630558063984
7.503444463879,0.0017726016362885095
7.504444728123,0.0019294010403278282
7.505534306059,0.0018812273915915223
7.506597522884,0.0017900032094451115
7.507609876754,0.0018111829159488213
7.50863489752,0.0017737187012384092
7.509639353219,0.001816427928805611
7.510668698275,0.0018299382842847912
7.51170630408,0.0018208924823490782
7.512739512117,0.001802347937703239
7.513762813194,0.0018107065636181858
7.514791507045,0.0018437211012049496
7.515839695423,0.0018600962526597103
7.516897837236,0.0018141456048469406
7.517930469147,0.0018764757004037544
7.518999391032,0.0018196071923537542
7.520036661222,0.00184375684986238
7.521088486397,0.0018047818928693434
7.522118749593,0.0017847503054643186
7.523138317726,0.0018042755869255636
7.524169926407,0.0017623608016455433
7.525178112076,0.001756076763733158
7.526183164297,0.0017597847046545905
7.527191180281,0.0018290372090563373
7.528239571102,0.0017601319193568056
7.529249229942,0.001752562014416343
7.530255294894,0.0017500408898394916
7.531260595295,0.001819073478095091
7.53230631505,0.001759438751823799
7.533318450583,0.0018000288294608017
7.534354628905,0.0018209364167965645
7.535403518269,0.0017738877239424219
7.536426006553,0.001818757269385405
7.537475116044,0.0017640420739767472
7.538493281972,0.0018662880756850455
7.539571174801,0.001748982035258912
7.5405821897,0.0018014551240932682
7.541624258129,0.0017460962644203948
7.542635114281,0.0018202990262805286
7.54368973856,0.0017728705706395768
7.54471770788,0.001783832583761585
7.545752756756,0.0017365708666047613
7.546761175268,0.0018860130292938178
7.547857209351,0.001751336221870707
7.54887563615,0.0017207473953850787
7.549876986577,0.0017296371652173919
7.550884229225,0.0017429139461549565
7.551899896985,0.0017191634770621915
7.552902418558,0.0017373239740699625
7.553916197587,0.0017241323280182312
7.554922969768,0.0017562371851031022
7.555949174946,0.0017110132905156982
7.556949644748,0.0005231754602542358
7.557255694529,0.0001826500581029268
7.557362556025,0.00017444344691600145
7.557464626173,0.0002761713769780431
7.55762622434,0.0006661979466496077
7.558016073636,0.000541160771037064
7.558332802151,0.0017272965045922243
7.559344238342,0.0017232196930232534
7.560354049258,0.0017414956077173725
7.561375201471,0.0017393613560187373
7.562395876652,0.0017261318826298202
7.563409410623,0.0017388321634006158
7.564431278831,0.0018223669636261766
7.565502817563,0.0017379322100560225
7.566525348211,0.0017703989582236318
7.567567626602,0.0017000487983332585
7.568569152503,0.001785165020563952
7.569621621122,0.0017688908920611584
7.570665177368,0.0017237907429228632
7.57168286204,0.00171442655704283
7.572695653778,0.0017315201032408595
7.573719193961,0.001691721571803138
7.574719998681,0.0017387991039494756
7.5757494424,0.001735785249482166
7.576777846374,0.0017207486065161203
7.5777980592,0.0017444063896679177
7.578833038726,0.0016948649234241398
7.579839369863,0.0017305644148383986
7.580867696009,0.001683544222259168
7.581868773164,0.0017010479079965233
7.582881001871,0.0017428960225529108
7.583918992957,0.0016906605617954295
7.584926625312,0.001733403914643658
7.585960592469,0.0016955182992593463
7.58697271876,0.0016914517171671888
7.587982988098,0.0016740141074927048
7.588983530099,0.0016810066267951755
7.58998890462,0.0016783075335057517
7.590993381689,0.001758688470363155
7.592046704665,0.0017084441508048221
7.593070664217,0.0016683786417493734
7.594071439311,0.0017178317199713503
7.595102590396,0.0016694313045477688
7.596105370073,0.0017007017017650586
7.597127604205,0.0016807649337232979
7.598138501065,0.001696913759558959
7.599159869213,0.001701522549072355
7.600184770344,0.0004875170167933907
7.601228467683,0.0
7.602266183937,0.0
7.603277704233,0.0
7.603985090662,0.0
7.604986278741,0.0
7.605992671379,0.0
7.607004668565,0.0
7.60802015924,0.0
7.609061974794,0.0
7.610076228448,0.0
7.611078597763,0.0
7.612079844385,0.0
7.613102531834,0.0
7.614115621191,0.0
7.615136745704,0.0
7.616158614951,0.0
7.617162499382,0.0
7.618179892131,0.0
7.619188456983,0.0
7.62024654627,0.0
7.621282024844,0.0
7.622303522915,0.0
7.623316887416,0.0
7.624326125826,0.0
7.625352906276,0.0
7.626371581349,0.0
7.627393121636,0.0
7.628400866529,0.0
7.629407434611,0.0
7.63040859512,0.0
7.631417277091,0.0
7.632420994568,0.0
7.633432001342,0.0
7.63443954211,0.0
7.635440528526,0.0
7.636463566262,0.0
7.637474267631,0.0
7.63849853966,0.0
7.639505845861,0.0
7.640508646303,0.0
7.641536618355,0.0
7.642556036386,0.0
7.643559768161,0.0
7.644566796843,0.0
7.645046119042,0.0
7.646061817548,0.0
7.647083167699,0.0
7.648097403346,0.0
7.649098642292,0.0
7.650186430367,0.0
7.651187407186,0.0
7.6522712799,0.0
7.65327666915,0.0
7.654316130121,0.0
7.655369946848,0.0
7.656370590183,0.0
7.657429588042,0.0
7.658485710634,0.0
7.65950666004,0.0
7.660534557272,0.0
7.661577306219,0.0
7.662633171375,0.0
7.663681599804,0.0
7.664683631587,0.0
7.665748068154,0.0
7.666836824359,0.0
7.667877298845,0.0
7.668884807551,0.0
7.669911371312,0.0
7.670927623779,0.0
7.671942019271,0.0
7.672995387067,0.0
7.673999326902,0.0
7.675060787942,0.0
7.676087179736,0.0
7.677095851115,0.0
7.678110647601,0.0
7.679144017139,0.0
7.680188539643,0.0
7.681236518297,0.0
7.68226147605,0.0
7.683269771039,0.0
7.684270037155,0.0
7.685274780662,0.0
7.686293309842,0.0
7.687294301909,0.0
7.688314383239,0.0
7.689317898838,0.0
7.690353087119,0.0
7.691375709972,0.0
7.692381912151,0.0
7.69338635112,0.0
7.694387270188,0.0
7.69541234745,0.0
7.696444458603,0.0
7.696704045418,0.0
7.697732349772,0.0
7.698736089814,0.0
7.699766943687,0.0
7.700781629854,0.0
7.701788473104,0.0
7.702790924592,0.0
7.703791550473,0.0
7.704814048087,0.0
7.70582414867,0.0
7.706847134406,0.0
7.707859312867,0.0
7.708862380825,0.0
7.709884392801,0.0
7.710886877622,0.0
7.71191056012,0.0
7.712935844019,0.0
7.714012577942,0.0
7.715043171141,0.0
7.716067563057,0.0
7.717090569274,0.0
7.718096857316,0.0
7.719114590271,0.0
7.72011875402,0.0
7.721147417595,0.0
7.722169382042,0.0
7.723178956544,0.0
7.724181852604,0.0
7.725242864856,0.0
7.726246468541,0.0
7.727248987434,0.0
7.728255794292,0.0
7.729257007876,0.0
7.730257819995,0.0
7.731272247669,0.0
7.732302628069,0.0
7.733318201027,0.0
7.734340197876,0.0
7.735343761142,0.0
7.736361112012,0.0
7.737421261709,0.0
7.738440108759,0.0
7.73907375481,0.0
7.740086407667,0.0
7.741087375789,0.0
7.742110306167,0.0
7.743146413941,0.0
7.744174919839,0.0
7.745239283221,0.0
7.746255803267,0.0
7.747277669389,0.0
7.748288051473,0.0
7.749290137378,0.0
7.750311308283,0.0
7.751319170832,0.0
7.752324109505,0.0
7.753330311982,0.0
7.754340848481,0.0
7.75535365836,0.0
7.756362872404,0.0
7.757366769249,0.0
7.758402039681,0.0
7.759454123836,0.0
7.760484959422,0.0
7.761498404487,0.0
7.762515232352,0.0
7.763525523984,0.0
7.764591763722,0.0
7.76567929212,0.0
7.766729815206,0.0
7.767760259408,0.0
7.768820838107,0.0
7.769869142054,0.0
7.770915848582,0.0
7.771917975816,0.0
7.772922654515,0.0
7.773957514414,0.0
7.775024225075,0.0
7.776054944864,0.0
7.777105693301,0.0
7.778196778491,0.0
7.779247593593,0.0
7.780268723571,0.0
7.781299603726,0.0
7.782350511543,0.0
7.783371765716,0.0
7.784412830445,0.0
7.785463830871,0.0
7.786474859982,0.0
7.787484899,0.0
7.788505391905,0.0
7.78951576539,0.0
7.79061575789,0.0
7.791632747249,0.0
7.792643324866,0.0
7.793653921334,0.0
7.794660745692,0.0
7.795662132493,0.0
7.795907739495,0.0
7.796925733059,0.0
7.79794199483,0.0
7.798945642522,0.0
7.799950538255,0.0
7.800959410915,0.0
7.801964416366,0.0
7.802973016561,0.0
7.803979083665,0.0
7.805009540107,0.0
7.806036116731,0.0
7.807055405399,0.0
7.808083654805,0.0
7.809088106227,0.0
7.810095658127,0.0
7.811103860169,0.0
7.812111664391,0.0
7.813120092678,0.0
7.814126553089,0.0
7.815145907927,0.0
7.816157745739,0.0
7.8171602214,0.0
7.818194358197,0.0
7.819209808456,0.0
7.820212625414,0.0
7.82124711547,0.0
7.82226291178,0.0
7.823266071483,0.0
7.824300914234,0.0
7.825317058789,0.0
7.826320561558,0.0
7.827355758324,0.0
7.828372918249,0.0
7.829396911213,0.0
7.830407845527,0.0
7.831427655574,0.0
7.83244041006,0.0
7.833449440787,0.0
7.834456338188,0.0
7.835458497643,0.0
7.836460768548,0.0
7.83746669804,0.0
7.838470791681,0.0
7.839471685551,0.0
7.840498183436,0.0
7.841110563805,0.0
7.842127225882,0.0
7.843135682856,0.0
7.84417561476,0.0
7.845209862899,0.0
7.846244230143,0.0
7.847245921567,0.0
7.848249608702,0.0
7.849272564469,0.0
7.850280042037,0.0
7.851284198817,0.0
7.85228846552,0.0
7.853291049827,0.0
7.854322395786,0.0
7.855348104125,0.0
7.856368085672,0.0
7.857389195502,0.0
7.858413520505,0.0
7.859437192949,0.0
7.860443836723,0.0
7.861482517308,0.0
7.862507112701,0.0
7.863512076834,0.0
7.86453876411,0.0
7.865552444283,0.0
7.86656267488,0.0
7.867580104543,0.0
7.868584462227,0.0
7.869585842632,0.0
7.870587329888,0.0
7.871612073216,0.0
7.872631941199,0.0
7.873647408773,0.0
7.874652536506,0.0
7.875673804249,0.0
7.876709615787,0.0
7.877716591688,0.0
7.878735677126,0.0
7.879744774972,0.0
7.880795090796,0.0
7.881815552563,0.0
7.88284593142,0.0
7.883846743458,0.0
7.884927324127,0.0
7.885957791552,0.0
7.886967953453,0.0
7.887967953453,0.0
7.888967953453,0.0
7.889967953453,0.0
7.890967953453,0.0
7.891967953453,0.0
7.892967953453,0.0
7.893986880816,0.0
7.894986880816,0.0
7.895997131275,0.0
7.897038176037,0.0
7.898068980846,0.0
7.899059821715,0.0
7.900108823284,0.0
7.901139723239,0.0
7.902190649942,0.0
7.90321192621,0.0
7.904242915775,0.0
7.905293933157,0.0
7.906315328759,0.0
7.90736283421,0.0
7.908444312457,0.0
7.909475452574,0.0
7.910526217282,0.0
7.91155820317,0.0
7.912575520498,0.0
7.913584958505,0.0
7.914596057187,0.0
7.915612155436,0.0
7.916614171284,0.0
7.917636455738,0.0
7.918672097402,0.0
7.91969019485,0.0
7.920700406984,0.0
7.921712279617,0.0
7.922729156075,0.0
7.923731937648,0.0
7.924748318518,0.0
7.925762064825,0.0
7.926815725444,0.0
7.927843477787,0.0
7.928851152964,0.0
7.929877641856,0.0
7.930892541234,0.0
7.931913209366,0.0
7.93294748258,0.0
7.933972874991,0.0
7.934990729174,0.0
7.936001999665,0.0
7.937007162689,0.0
7.938037297622,0.0
7.939052958676,0.0
7.94007136101,0.0
7.941081053491,0.0
7.942118179554,0.0
7.943144564179,0.0
7.944163402666,0.0
7.945166353806,0.0
7.946186326337,0.0
7.947217458623,0.0
7.948225485388,0.0
7.949235174961,0.0
7.950241230902,0.0
7.950467002073,0.0
7.951495640749,0.0
7.952518247151,0.0
7.953540959775,0.0
7.954560191543,0.0
7.955560447803,0.0
7.956562995755,0.0
7.957593075244,0.0
7.95859876576,0.0
7.959606467441,0.0
7.960610084262,0.0
7.961617583252,0.0
7.96263264112,0.0
7.963632982661,0.0
7.964657710496,0.0
7.965685477481,0.0
7.966692252933,0.0
7.967721338256,0.0
7.968765022548,0.0
7.96980882528,0.0
7.970837948371,0.0
7.971867504828,0.0
7.972892695689,0.0
7.97391799793,0.0
7.974939450257,0.0
7.975961012894,0.0
7.976979082373,0.0
7.977997260216,0.0
7.97901230281,0.0
7.9800274512,0.0
7.98105800136,0.0
7.982084178991,0.0
7.98311046847,0.0
7.984132904438,0.0
7.985155451197,0.0
7.986174504632,0.0
7.987175086237,0.0
7.988196955648,0.0
7.989222967693,0.0
7.990226080829,0.0
7.991255236901,0.0
7.992263854245,0.0
7.993276325922,0.0
7.99430707695,0.0
7.995366382737,0.0
7.996377287753,0.0
7.997402879964,0.0
7.998424253329,0.0
7.999432469546,0.0
8.000193436333,0.0
8.001217987013,0.0
8.002231329237,0.0
8.00325472583,0.0
8.00426065055,0.0
8.005279827727,0.0
8.006314715319,0.0
8.007343048489,0.0
8.008372233482,0.0
8.009402581963,0.0
8.01040333371,0.0
8.011408145134,0.0
8.012417803136,0.0
8.013457957472,0.0
8.014483185772,0.0
8.015506534579,0.0
8.01655325932,0.0
8.017606480436,0.0
8.018612128384,0.0
8.019642078886,0.0
8.020645063048,0.0
8.021670775742,0.0
8.022769931953,0.0
8.023814742374,0.0
8.024835055126,0.0
8.025840929253,0.0
8.026864044579,0.0
8.02788864116,0.0
8.028942654231,0.0
8.029946141955,0.0
8.030966940479,0.0
8.031969301987,0.0
8.032978129236,0.0
8.03398351817,0.0
8.035001124344,0.0
8.03601883448,0.0
8.037034111873,0.0
8.038049493113,0.0
8.039062077547,0.0
8.040074764916,0.0
8.041091980176,0.0
8.04210348039,0.0
8.043116238195,0.0
8.044126803064,0.0
8.045137470972,0.0
8.046159766963,0.0
8.047171703166,0.0
8.048181313762,0.0
8.049188729374,0.0
8.049430834209,0.0
8.050449156412,0.0
8.051475433869,0.0
8.052499034483,0.0
8.053522740768,0.0
8.054544011679,0.0
8.055557763367,0.0
8.056567746472,0.0
8.057589331191,0.0
8.058614894719,0.0
8.059636203975,0.0
8.060652424662,0.0
8.061662823311,0.0
8.062667501401,0.0
8.063702317242,0.0
8.064709020535,0.0
8.065725637653,0.0
8.066736908969,0.0
8.067742106697,0.0
8.068777453631,0.0
8.069784675097,0.0
8.070800899256,0.0
8.07180651349,0.0
8.072813641279,0.0
8.073831992309,0.0
8.074842648012,0.0
8.07585468516,0.0
8.076857649975,0.0
8.077900762465,0.0
8.0789245385,0.0
8.079931301487,0.0
8.080967932139,0.0
8.081976416677,0.0
8.082994869407,0.0
8.084012131927,0.0
8.085033178472,0.0
8.086049265455,0.0
8.087060631724,0.0
8.088085724801,0.0
8.089090795605,0.0
8.090094853127,0.0
8.091102505981,0.0
8.092110641893,0.0
8.09271902073,0.0
8.093731321189,0.0
8.094748371078,0.0
8.095752263016,0.0
8.09676499745,0.0
8.097771169456,0.0
8.098773118099,0.0
8.099787537879,0.0
8.100808247937,0.0
8.101808632377,0.0
8.102814139515,0.0
8.103830143281,0.0
8.104833055891,0.0
8.105835795405,0.0
8.106846890948,0.0
8.107865741933,0.0
8.108871635254,0.0
8.109875476971,0.0
8.110881080386,0.0
8.111896205277,0.0
8.112941668137,0.0
8.113959407207,0.0
8.114962308352,0.0
8.115970764296,0.0
8.117004151561,0.0
8.118038612595,0.0
8.119070332204,0.0
8.120094144276,0.0
8.121097933215,0.0
8.122166183661,0.0
8.123206759787,0.0
8.124222181441,0.0
8.125249655373,0.0
8.126275157505,0.0
8.127287146529,0.0
8.128328232909,0.0
8.129329706141,0.0
8.130401876218,0.0
8.131440423941,0.0
8.132448311881,0.0
8.13301762595,0.0
8.134054284957,0.0
8.135101166831,0.0
8.136161122392,0.0
8.137229336074,0.0
8.138268190482,0.0
8.139276541069,0.0
8.140296727211,0.0
8.141305214376,0.0
8.142344255449,0.0
8.14334430066,0.0
8.144394932191,0.0
8.14546370353,0.0
8.1465029302,0.0
8.147506721186,0.0
8.148576918262,0.0
8.149624654504,0.0
8.150625416135,0.0
8.151629923172,0.0
8.15268419393,0.0
8.153693541029,0.0
8.154733153186,0.0
8.155742645682,0.0
8.156747333763,0.0
8.157793892756,0.0
8.158815770778,0.0
8.159835594414,0.0
8.160853094512,0.0
8.161866841033,0.0
8.162882989689,0.0
8.163904180818,0.0
8.164917851925,0.0
8.165924732464,0.0
8.16694295803,0.0
8.167952374878,0.0
8.168998015082,0.0
8.170066561287,0.0
8.171086511424,0.0
8.172091128382,0.0
8.173113658009,0.0
8.174151529775,0.0
8.175168551146,0.0
8.176191302225,0.0
8.177191546625,0.0
8.178204278756,0.0
8.179212571323,0.0
8.180216914893,0.0
8.181220753933,0.0
8.182234776739,0.0
8.183259442645,0.0
8.184268698795,0.0
8.185278827471,0.0
8.186290719934,0.0
8.186732849372,0.0
8.187740471711,0.0
8.188767872027,0.0
8.189779849963,0.0
8.190794213031,0.0
8.191795044883,0.0
8.192830773281,0.0
8.193842931787,0.0
8.194847383595,0.0
8.195855908015,0.0
8.19686343804,0.0
8.197867579423,0.0
8.19887901139,0.0
8.199899421546,0.0
8.200919831702,0.0
8.201924529914,0.0
8.202930821079,0.0
8.20301835627,0.0
8.20309287505,0.0
8.203143199147,0.0
8.203261832297,0.0
8.203465397437,0.0
8.203829122782,0.0
8.204413271113,0.0
8.205167717171,0.0
8.205987791076,0.0
8.206744908358,0.0
8.207435116871,0.0
8.208148441,0.0
8.20888917983,0.0
8.209768341901,0.0
8.210612447917,0.0
8.21156630176,0.0
8.212572386784,0.0
8.213580694322,0.0
8.214599564766,0.0
8.215267906552,0.0
8.215880043259,0.0
8.216645975058,0.0
8.217472321673,0.0
8.218135592563,0.0
8.219137893741,0.0
8.219812053043,0.0
8.220026120935,0.0
8.220859473371,0.0
8.221256476879,0.0
8.222231039492,0.0
8.223234976914,0.0
8.223593478879,0.0
8.224130311927,0.0
8.224240395923,0.0
8.224548926081,0.0
8.22499751138,0.0
8.225358893461,0.0
8.225704570575,0.0
8.226030605868,0.0
8.226135836819,0.0
8.226762413967,0.0
8.227060310039,0.0
8.227936494208,0.0
8.228247258741,0.0
8.228487944799,0.0
8.22949461118,0.0
8.230158124138,0.0
8.231165846695,0.0
8.231605918252,0.0
8.23260967874,0.0
8.23289270589,0.0
8.233559745466,0.0
8.234411989054,0.0
8.234852724956,0.0
8.235356658944,0.0
8.235999621778,0.0
8.236781009386,0.0
8.237639243948,0.0
8.238282033474,0.0
8.238617742283,0.0
8.239346065694,0.0
8.23983373562,0.0
8.240540757902,0.0
8.241390574053,0.0
8.241541594867,0.0
8.241831186701,0.0
8.241910789588,0.0
8.242483604581,0.0
8.243292286786,0.0
8.243716188221,0.0
8.244723326894,0.0
8.245330531447,0.0
8.245928263568,0.0
8.246934704691,0.0
8.247400837664,0.0
8.248405358089,0.0
8.249029997022,0.0
8.249898036804,0.0
8.250653517749,0.0
8.251608913314,0.0
8.252157619068,0.0
8.25262773071,0.0
8.253539128489,0.0
8.254319911296,0.0
8.255320588243,0.0
8.25600658741,0.0
8.256614017344,0.0
8.257156261754,0.0
8.257585685604,0.0
8.25859349669,0.0
8.259377453466,0.0
8.25975593879,0.0
8.260262928473,0.0
8.261009852594,0.0
8.262060873593,0.0
8.263071207855,0.0
8.264008845939,0.0
8.264921218057,0.0
8.265566266894,0.0
8.266091451667,0.0
8.266767463349,0.0
8.267442607605,0.0
8.26821810028,0.0
8.268436196691,0.0
8.268884448959,0.0
8.269749881885,0.0
8.270455782303,0.0
8.271466366144,0.0
8.271806059511,0.0
8.272575521501,0.0
8.272968805463,0.0
8.273973724329,0.0
8.274980492026,0.0
8.275258220357,0.0
8.276182061449,0.0
8.277187461296,0.0
8.278193370503,0.0
8.278707372766,0.0
8.279163346108,0.0
8.279849408347,0.0
8.280554708866,0.0
8.281448856923,0.0
8.281968256458,0.0
8.282425432381,0.0
8.282936605019,0.0
8.283187626794,0.0
8.28358509214,0.0
8.283884791832,0.0
8.284254971218,0.0
8.284693611766,0.0
8.285665304401,0.0
8.28620637392,0.0
8.286436113034,0.0
8.287436959348,0.0
8.288477194945,0.0
8.289482101449,0.0
8.290485139626,0.0
8.291131560829,0.0
8.292146230294,0.0
8.293042155394,0.0
8.293921530765,0.0
8.294329394713,0.0
8.295331546258,0.0
8.296335996848,0.0
8.297241044484,0.0
8.298179195901,0.0
8.298870960339,0.0
8.29946104988,0.0
8.300086663128,0.0
8.300247621129,0.0
8.300780078868,0.0
8.300849384094,0.0
8.301867541711,0.0
8.302262340372,0.0
8.302543440085,0.0
8.302928177473,0.0
8.303693451062,0.0
8.304611364856,0.0
8.30504793289,0.0
8.305614526674,0.0
8.306207373854,0.0
8.306881225302,0.0
8.307569217912,0.0
8.308220888801,0.0
8.308654301999,0.0
8.309593587419,0.0
8.310268533635,0.0
8.310839077992,0.0
8.31130364106,0.0
8.31161607958,0.0
8.312400705131,0.0
8.312631855821,0.0
8.312826851421,0.0
8.313413758056,0.0
8.313933149991,0.0
8.314696867831,0.0
8.315386917108,0.0
8.315655141644,0.0
8.315922458829,0.0
8.316705494503,0.0
8.31709210111,0.0
8.317937171544,0.0
8.318747552801,0.0
8.319254814705,0.0
8.319906078279,0.0
8.320539894496,0.0
8.321009672256,0.0
8.32165944564,0.0
8.321876217763,0.0
8.322684863836,0.0
8.323685866462,0.0
8.324690184026,0.0
8.325170558209,0.0
8.325321016065,0.0
8.325756048411,0.0
8.326421395629,0.0
8.32683718247,0.0
8.327494788782,0.0
8.328501141593,0.0
8.329509374024,0.0
8.330516551408,0.0
8.331515444991,0.0
8.332520381767,0.0
8.333370480053,0.0
8.334026439176,0.0
8.334750877204,0.0
8.335020209113,0.0
8.335412929673,0.0
8.335705612468,0.0
8.3357069416,0.0
8.335708270732,0.0
8.335709865691,0.0
8.335711779642,0.0
8.335713693592,0.0
8.335715607543,0.0
8.335717521493,0.0
8.335719435444,0.0
8.335721349394,0.0
8.335723646135,0.0
8.335725942875,0.0
8.335728239616,0.0
8.335730991507,0.0
8.335734298814,0.0
8.33573760612,0.0
8.335740913427,0.0
8.335744882194,0.0
8.335748850962,0.0
8.335753608989,0.0
8.33575837151,0.0
8.335764086536,0.0
8.335769801561,0.0
8.335775516587,0.0
8.335782374618,0.0
8.335790604254,0.0
8.335800479819,0.0
8.335810355383,0.0
8.335820230947,0.0
8.335830106511,0.0
8.335845031317,0.0
8.335858497724,0.0
8.33587194536,0.0
8.335892134176,0.0
8.335900090415,0.0
8.335903769432,0.0
8.335907448449,0.0
8.335913061263,0.0
8.33592151337,0.0
8.335928031838,0.0
8.335933512414,0.0
8.335941755735,0.0
8.335954124949,0.0
8.33597273692,0.0
8.335983890196,0.0
8.33599128482,0.0
8.336002380912,0.0
8.336013476273,0.0
8.336024554711,0.0
8.336033599939,0.0
8.336042645166,0.0
8.336051522753,0.0
8.33606040034,0.0
8.336073730232,0.0
8.336093730615,0.0
8.336105283775,0.0
8.336115547806,0.0
8.336125811837,0.0
8.33614126853,0.0
8.336155188804,0.0
8.336169109077,0.0
8.336190053484,0.0
8.33621099789,0.0
8.336239410518,0.0
8.33625954529,0.0
8.336273481774,0.0
8.336287418259,0.0
8.336300004264,0.0
8.336307555867,0.0
8.336315107471,0.0
8.336326553989,0.0
8.336335613554,0.0
8.336341049294,0.0
8.336346485033,0.0
8.33635475765,0.0
8.336367165578,0.0
8.33637275203,0.0
8.336376216065,0.0
8.336379385532,0.0
8.336382554345,0.0
8.336387314375,0.0
8.336392074405,0.0
8.336395859169,0.0
8.336399284061,0.0
8.336402708954,0.0
8.336407993702,0.0
8.336415920425,0.0
8.336427875578,0.0
8.336445843449,0.0
8.336453018533,0.0
8.336456079206,0.0
8.336460734139,0.0
8.336467715098,0.0
8.336478190737,0.0
8.336493959861,0.0
8.336509708576,0.0
8.336514354241,0.0
8.336518198816,0.0
8.33652412568,0.0
8.336533019066,0.0
8.336546367164,0.0
8.336563666676,0.0
8.33657664131,0.0
8.33658442609,0.0
8.33659221087,0.0
8.33659950675,0.0
8.336604980424,0.0
8.336610454098,0.0
8.336615927771,0.0
8.336621401445,0.0
8.336627969853,0.0
8.336635851943,0.0
8.336645310451,0.0
8.336656648615,0.0
8.336670268866,0.0
8.336673537727,0.0
8.336676806587,0.0
8.336681788182,0.0
8.336689312813,0.0
8.336700622322,0.0
8.336709210389,0.0
8.336714802718,0.0
8.336718158115,0.0
8.336721513512,0.0
8.336726602278,0.0
8.336734235266,0.0
8.336745684604,0.0
8.336755990008,0.0
8.336766295411,0.0
8.336781879924,0.0
8.336791012301,0.0
8.336798024404,0.0
8.336805841833,0.0
8.336811704905,0.0
8.336816102209,0.0
8.336819400187,0.0
8.33682187367,0.0
8.336823728783,0.0
8.336825583895,0.0
8.336827439008,0.0
8.33682929412,0.0
8.336831149233,0.0
8.336833004345,0.0
8.336834859458,0.0
8.336837085591,0.0
8.336839311726,0.0
8.336841537861,0.0
8.336843763874,0.0
8.336845990009,0.0
8.336848661371,0.0
8.336851332733,0.0
8.336854004095,0.0
8.336857209729,0.0
8.336861056491,0.0
8.336864903252,0.0
8.336868750013,0.0
8.336873366127,0.0
8.336877982241,0.0
8.336882598354,0.0
8.33688813769,0.0
8.336893677027,0.0
8.33690032423,0.0
8.336908300875,0.0
8.336917872848,0.0
8.336929359216,0.0
8.336943129576,0.0
8.336959669945,0.0
8.336976210315,0.0
8.336981926667,0.0
8.336987643018,0.0
8.336992790719,0.0
8.336997938419,0.0
8.33700577638,0.0
8.337017534138,0.0
8.337035222136,0.0
8.337061770287,0.0
8.33707793677,0.0
8.337089626569,0.0
8.337101316367,0.0
8.337119004098,0.0
8.337136691829,0.0
8.337163281546,0.0
8.337185950834,0.0
8.337205604948,0.0
8.337234891676,0.0
8.337245239535,0.0
8.337254306277,0.0
8.337267962582,0.0
8.337280290972,0.0
8.337292619362,0.0
8.337303796013,0.0
8.337314972663,0.0
8.337331819782,0.0
8.337345155559,0.0
8.337358491337,0.0
8.337378536617,0.0
8.337408615943,0.0
8.337430770336,0.0
8.337442638561,0.0
8.337453327107,0.0
8.337464015652,0.0
8.337474704198,0.0
8.337485392743,0.0
8.337496081289,0.0
8.337511908572,0.0
8.337524370732,0.0
8.337535611461,0.0
8.33754685219,0.0
8.337557078476,0.0
8.337567304762,0.0
8.337576242635,0.0
8.337585180509,0.0
8.337594118382,0.0
8.337607669488,0.0
8.337619877782,0.0
8.337632086075,0.0
8.337643149019,0.0
8.337654211963,0.0
8.337664261308,0.0
8.337674310652,0.0
8.33768947908,0.0
8.337704647508,0.0
8.337710144808,0.0
8.337715642108,0.0
8.337723912822,0.0
8.337736308813,0.0
8.3377455902,0.0
8.337754871587,0.0
8.337763270316,0.0
8.337771669045,0.0
8.337779304186,0.0
8.337786936872,0.0
8.337798179626,0.0
8.337805769524,0.0
8.337817213014,0.0
8.337834351459,0.0
8.337851489904,0.0
8.337859665091,0.0
8.337866216106,0.0
8.337876058769,0.0
8.33788495256,0.0
8.337893844629,0.0
8.337904647935,0.0
8.337912757081,0.0
8.337918838941,0.0
8.337923395884,0.0
8.337925448512,0.0
8.33792750114,0.0
8.337930678907,0.0
8.337933244692,0.0
8.337935810477,0.0
8.337938376261,0.0
8.337940942046,0.0
8.33794350783,0.0
8.337946586771,0.0
8.337949665713,0.0
8.337952744654,0.0
8.337955823596,0.0
8.337958902537,0.0
8.337962597267,0.0
8.337966291997,0.0
8.337970725672,0.0
8.337975159348,0.0
8.337979593023,0.0
8.337984913434,0.0
8.337990233845,0.0
8.337995554256,0.0
8.338001938749,0.0
8.33800960014,0.0
8.33801879381,0.0
8.33802981857,0.0
8.338040835136,0.0
8.338051856047,0.0
8.338060118908,0.0
8.33806507544,0.0
8.338070031973,0.0
8.338074988505,0.0
8.338082479744,0.0
8.338089970982,0.0
8.338099622129,0.0
8.338111203505,0.0
8.338122669631,0.0
8.338131355663,0.0
8.338140041696,0.0
8.338152537494,0.0
8.33816504538,0.0
8.338172550112,0.0
8.338180054844,0.0
8.338189435758,0.0
8.338196471445,0.0
8.338201748209,0.0
8.338205705782,0.0
8.338208673962,0.0
8.338210898175,0.0
8.338212567777,0.0
8.338213819978,0.0
8.338214759128,0.0
8.338215698279,0.0
8.33821663743,0.0
8.338217576581,0.0
8.338218515731,0.0
8.338219454882,0.0
8.338220394033,0.0
8.338221333183,0.0
8.338222460164,0.0
8.338223587145,0.0
8.338224714126,0.0
8.338225841107,0.0
8.338226968088,0.0
8.338228320465,0.0
8.338229672842,0.0
8.338231025219,0.0
8.338232377596,0.0
8.338233729973,0.0
8.33823508235,0.0
8.338236705202,0.0
8.338238328055,0.0
8.338239950907,0.0
8.33824157376,0.0
8.338243196612,0.0
8.338244819465,0.0
8.338246766887,0.0
8.33824871431,0.0
8.338251051218,0.0
8.338253388125,0.0
8.338255725033,0.0
8.33825806194,0.0
8.338260866229,0.0
8.338263670518,0.0
8.338267035665,0.0
8.338271073841,0.0
8.338275112018,0.0
8.338279150194,0.0
8.338282057681,0.0
8.338284965167,0.0
8.338289409838,0.0
8.338296082812,0.0
8.338304446244,0.0
8.338314494518,0.0
8.338326552448,0.0
8.338335234157,0.0
8.338343915866,0.0
8.338352597575,0.0
8.338365636696,0.0
8.338378674392,0.0
8.338390438346,0.0
8.3384022023,0.0
8.33841396594,0.0
8.338431469477,0.0
8.338448973013,0.0
8.33846647655,0.0
8.338483980087,0.0
8.338493291782,0.0
8.338501373077,0.0
8.338513652823,0.0
8.338525956333,0.0
8.338535183965,0.0
8.338542104689,0.0
8.338547294702,0.0
8.338551187609,0.0
8.33855410729,0.0
8.33855702697,0.0
8.338559946651,0.0
8.338563450268,0.0
8.338566953884,0.0
8.338571158224,0.0
8.338575362564,0.0
8.338578389689,0.0
8.338581416814,0.0
8.338586075316,0.0
8.338593061427,0.0
8.33860352317,0.0
8.338616077262,0.0
8.338631142173,0.0
8.338646170909,0.0
8.338659186992,0.0
8.338672203075,0.0
8.338685219157,0.0
8.338704813894,0.0
8.338719651287,0.0
8.338728552813,0.0
8.338733893729,0.0
8.338739234645,0.0
8.338747395912,0.0
8.338755557178,0.0
8.338763718444,0.0
8.338775904435,0.0
8.338788090269,0.0
8.338800275023,0.0
8.338818583915,0.0
8.338833302527,0.0
8.338843059679,0.0
8.33885281683,0.0
8.338867631485,0.0
8.338882446139,0.0
8.338887571921,0.0
8.338892697702,0.0
8.338897399792,0.0
8.338902101881,0.0
8.338908859503,0.0
8.33891392772,0.0
8.338917728882,0.0
8.338920579753,0.0
8.338922717907,0.0
8.338924856061,0.0
8.338926994215,0.0
8.338929132369,0.0
8.338931698153,0.0
8.338934777094,0.0
8.338937856036,0.0
8.338940934977,0.0
8.338944013919,0.0
8.33894709286,0.0
8.338950171802,0.0
8.338953250743,0.0
8.338956945473,0.0
8.338960640202,0.0
8.338964334932,0.0
8.338968029662,0.0
8.338971724391,0.0
8.338976158067,0.0
8.338980591743,0.0
8.338985912154,0.0
8.338991232564,0.0
8.338996552975,0.0
8.339002937468,0.0
8.339009321961,0.0
8.339015706454,0.0
8.339022090947,0.0
8.339029752338,0.0
8.339038946008,0.0
8.339044172213,0.0
8.339046697357,0.0
8.339049222501,0.0
8.339053038446,0.0
8.339058761428,0.0
8.339067326564,0.0
8.339075888618,0.0
8.339088756814,0.0
8.339101619389,0.0
8.339111259646,0.0
8.33911193279,0.0
8.339111995634,0.0
8.339112137103,0.0
8.339112455939,0.0
8.339112986732,0.0
8.33911383556,0.0
8.339115109221,0.0
8.339117019833,0.0
8.339119885453,0.0
8.339124235323,0.0
8.339128583064,0.0
8.34012952908,0.0
8.341134820741,0.0
8.342141565599,0.0
8.343156399619,0.0
8.344157164596,0.0
8.345157410762,0.0
8.346164047482,0.0
8.347171422445,0.0
8.348178181303,0.0
8.349191283867,0.0
