-0.34462761827,2.707449310430893e-06
-0.343626301376,1.0842750160331704e-05
-0.342619596326,2.055880869237739e-05
-0.341575222688,2.5569736750232706e-05
-0.340537423828,2.7464173917684907e-05
-0.339499624968,2.82054088734304e-05
-0.338461826107,2.856268381132643e-05
-0.337424027247,2.8594582688540103e-05
-0.336386228387,2.8140279100504337e-05
-0.335367744417,2.8935188842141614e-05
-0.334327744417,2.913128476911989e-05
-0.333287744417,2.9361295358874977e-05
-0.332247744417,2.962968746934069e-05
-0.331207744417,2.9906369030138263e-05
-0.330167744417,3.0185242001175765e-05
-0.329127744417,3.046699032825643e-05
-0.328087744417,3.075070103863127e-05
-0.327047744417,3.103906675981614e-05
-0.326007744417,3.133590215691145e-05
-0.324967744417,3.1641259296125794e-05
-0.323927744417,3.1952963649082875e-05
-0.322887744417,3.2268643963936907e-05
-0.321847744417,3.258782185015773e-05
-0.320807744417,3.291127178686092e-05
-0.319767744417,3.3239339383181116e-05
-0.318727744417,3.357918425237974e-05
-0.317687744417,3.394489035293466e-05
-0.316647744417,3.433490892433778e-05
-0.315607744417,3.473511731095379e-05
-0.314567744417,3.5142373853482483e-05
-0.313527744417,3.556308423497915e-05
-0.312487744417,3.600292342325072e-05
-0.311447744417,3.645656193192255e-05
-0.310407744417,3.692003156305461e-05
-0.309367744417,3.739496329304778e-05
-0.308327744417,3.787846572588989e-05
-0.307287744417,3.837141141852476e-05
-0.306247744417,3.887588391659046e-05
-0.305207744417,3.938925093140453e-05
-0.304167744417,3.990822562114918e-05
-0.303127744417,4.043056326790399e-05
-0.302087744417,4.0957373186647e-05
-0.301047744417,4.1492521274659277e-05
-0.300007744417,4.203706847683987e-05
-0.298967744417,4.258902945690826e-05
-0.297927744417,4.3146708316610846e-05
-0.296887744417,4.3712904755859836e-05
-0.295847744417,4.429088714930863e-05
-0.294807744417,4.487845086418789e-05
-0.293767744417,4.547044301999278e-05
-0.292727744417,4.606313614267231e-05
-0.291687744417,4.6656570531883376e-05
-0.290647744417,4.725509662111147e-05
-0.289607744417,4.786098887937527e-05
-0.288567744417,4.847437466898434e-05
-0.287527744417,4.9100223355381446e-05
-0.286487744417,4.9741037677990594e-05
-0.285447744417,5.039192075691975e-05
-0.284407744417,2.3478543902676825e-05
-0.283927744417,5.1348360864834715e-05
-0.282887744417,5.200155336535434e-05
-0.281847744417,5.2653818890835775e-05
-0.280807744417,5.330857913696133e-05
-0.279767744417,5.3971428339214116e-05
-0.278727744417,5.464566179353344e-05
-0.277687744417,5.5329814296329366e-05
-0.276647744417,5.6020608661576444e-05
-0.275607744417,5.6722204103088776e-05
-0.274567744417,5.74314151251098e-05
-0.273527744417,5.813075515718868e-05
-0.272487744417,5.8812408601841786e-05
-0.271447744417,5.948327880805637e-05
-0.270407744417,6.015173985912652e-05
-0.269367744417,6.082037720222113e-05
-0.268327744417,6.149022627194935e-05
-0.267287744417,6.216128432102364e-05
-0.266247744417,6.283608260565041e-05
-0.265207744417,6.351938041012033e-05
-0.264167744417,6.421113603438917e-05
-0.263127744417,6.490788951931638e-05
-0.262087744417,6.560766504128991e-05
-0.261047744417,6.631553930652943e-05
-0.260007744417,6.705115424252264e-05
-0.258967744417,6.782412324854456e-05
-0.257927744417,6.861978865946932e-05
-0.256887744417,6.942626482728899e-05
-0.255847744417,7.02413187938966e-05
-0.254807744417,7.106376855949662e-05
-0.253767744417,7.189132836978748e-05
-0.252727744417,7.272264557921716e-05
-0.251687744417,7.355756762762717e-05
-0.250647744417,7.439390181354636e-05
-0.249607744417,7.523378064227295e-05
-0.248567744417,7.608057271816455e-05
-0.247527744417,7.693202117737018e-05
-0.246487744417,7.778732187006555e-05
-0.245447744417,7.864509114639999e-05
-0.244407744417,7.95014817919934e-05
-0.243367744417,8.035380911649548e-05
-0.242327744417,8.120206854977594e-05
-0.241287744417,8.204685894626528e-05
-0.240247744417,8.288695451930522e-05
-0.239207744417,8.372079350874674e-05
-0.238167744417,8.454306643863425e-05
-0.237127744417,8.53505532217893e-05
-0.236087744417,8.615009672514564e-05
-0.235047744417,8.694766730228563e-05
-0.234007744417,8.774243721563226e-05
-0.232967744417,8.853235286821487e-05
-0.231927744417,8.931743801829538e-05
-0.230887744417,9.009943614721407e-05
-0.229847744417,9.088568368212305e-05
-0.228807744417,9.168586320372782e-05
-0.227767744417,9.249928824983485e-05
-0.226727744417,9.331627426128294e-05
-0.225687744417,9.412810475710934e-05
-0.224647744417,9.493524535990087e-05
-0.223607744417,9.575600018134028e-05
-0.222567744417,7.400542255747209e-06
-0.222487744417,9.667898895086776e-05
-0.221447744417,9.751937377356745e-05
-0.220407744417,9.83021020584989e-05
-0.219367744417,9.9067832121132e-05
-0.218327744417,9.984650771195183e-05
-0.217287744417,0.00010063340039279876
-0.216247744417,0.00010141657931138972
-0.215207744417,0.00010220053550842744
-0.214167744417,0.00010299178322057594
-0.213127744417,0.00010378754121279232
-0.212087744417,0.00010458792530871895
-0.211047744417,0.00010539332242613662
-0.210007744417,0.00010619830956079391
-0.208967744417,0.00010699825744460998
-0.207927744417,0.00010779643380796528
-0.206887744417,0.0001086031139907914
-0.205847744417,0.00010942216847410366
-0.204807744417,0.00011024879334670985
-0.203767744417,0.00011108326711737644
-0.202727744417,0.00011193182663406623
-0.201687744417,0.00011279773802589507
-0.200647744417,0.00011368132633422522
-0.199607744417,0.00011458341620477854
-0.198567744417,0.00011550043445854462
-0.197527744417,0.00011643006044249447
-0.196487744417,0.00011738535619181529
-0.195447744417,0.0001184014505629412
-0.194407744417,0.00011948666006392314
-0.193367744417,0.00012061514604326575
-0.192327744417,0.00012177545732058721
-0.191287744417,0.00012296659255893827
-0.190247744417,0.00012418631756325584
-0.189207744417,0.0001254395069697454
-0.188167744417,0.0001267364799552872
-0.187127744417,0.0001280785237249195
-0.186087744417,0.00012946109631868768
-0.185047744417,0.00013087902884461306
-0.184007744417,0.00013232583158444722
-0.182967744417,0.00013379845292252356
-0.181927744417,0.00013529696088115343
-0.180887744417,5.244088790194468e-05
-0.180487744417,0.00013741297086195594
-0.179447744417,0.00013897684556454253
-0.178407744417,0.00014057739998866753
-0.177367744417,0.0001422230497663974
-0.176327744417,0.00014395294059479626
-0.175287744417,0.00014575627289806664
-0.174247744417,0.0001475531240455478
-0.173207744417,0.00014933675871685187
-0.172167744417,0.00015115132492322976
-0.171127744417,0.0001530136599644002
-0.170087744417,0.0001549184758654173
-0.169047744417,0.00015686277124879512
-0.168007744417,0.00015885419273641078
-0.166967744417,0.00016089071539395996
-0.165927744417,0.00016296546678777412
-0.164887744417,0.00016507192909425637
-0.163847744417,0.00016720772136098703
-0.162807744417,0.0001693828758482052
-0.161767744417,0.0001716034898783228
-0.160727744417,0.00017387083590775023
-0.159687744417,0.00017619196841977506
-0.158647744417,0.00017856762739669455
-0.157607744417,0.00018099603769534804
-0.156567744417,0.00018348947775935796
-0.155527744417,0.0001860626426271242
-0.154487744417,0.00018872043655603204
-0.153447744417,0.00019145546768435618
-0.152407744417,0.0001942634976502524
-0.151367744417,0.00019714902312940982
-0.150327744417,0.0001952524449908318
-0.149312832703,0.00017864316779157716
-0.148397020284,0.00019614879459978004
-0.147391750068,0.00019636207463853716
-0.146384175906,0.00020265416796244934
-0.145376230618,0.00021112013600634234
-0.144369870183,0.00018663337332880235
-0.14349707319,0.00022065343295197412
-0.142466849655,0.00022263012302475358
-0.14143628893,0.0002231705343654885
-0.14042165182,0.00023255058886352377
-0.13938165182,0.00023148019909043216
-0.13836569976,0.00023196551835015297
-0.137356785223,0.00023724517909156232
-0.136336887662,0.00025413789319300316
-0.135272343952,0.00025358010923719264
-0.134231256705,0.000254339292418606
-0.133200531527,0.0002549656147863899
-0.132180902908,0.00027395023639535817
-0.131102838698,0.0002688701357959183
-0.130062838698,0.0002738117620005733
-0.129022838698,0.00026927813089404356
-0.128016824012,0.00028127487880466503
-0.126981461833,0.00028702848162647616
-0.125941461833,0.0002919259176129868
-0.124901461833,0.00029701154073738425
-0.123861461833,0.0003021698805603552
-0.122821461833,0.00016487973281375227
-0.122261461833,0.00031438617855092616
-0.121208227259,0.00031864121108960596
-0.120159698849,0.00032783258784706916
-0.11910033387,0.00032297695784960095
-0.118075435973,0.0003251555912379264
-0.117061893726,0.00033980560333542827
-0.116021893726,0.0003463239742589672
-0.114981893726,0.00035309823465623735
-0.113941893726,0.00036010255556117595
-0.112901893726,0.0003673145899914479
-0.111861893726,0.00037474426506129506
-0.110821893726,0.0003824593492253472
-0.109781893726,0.0003854571044223169
-0.108755138178,0.0003902312465586061
-0.10773626702,0.0004206994006800462
-0.106660126661,0.00042441605184548943
-0.105597598246,0.0004121998233469876
-0.104588689804,0.00042119151472665535
-0.103580811055,0.0004355901409081719
-0.102560004271,0.0004381653576563604
-0.101553661627,0.0004392037727197237
-0.100544826347,0.0004469575738415324
-0.099535991067,0.0004362955715569496
-0.098596030408,0.00048057221489278555
-0.097593724425,0.0005128863214463876
-0.096542149144,0.0004987457725964276
-0.095534464014,0.0005100619479791208
-0.094526778883,0.0005221362073855899
-0.093519093753,0.000534444330505865
-0.092511408622,0.0005560648463891927
-0.09148694375,0.000572343821735164
-0.090456407448,0.0005713955234556186
-0.089451326906,0.0005861930490119401
-0.088444238874,0.0006249220020550163
-0.087395240715,0.0006407308747667283
-0.0863465053,0.0005224489770924926
-0.085510800206,0.0006390651260039916
-0.084494313459,0.0006627806355918031
-0.083466029085,0.0006874213752242933
-0.08244919217,0.0007080659318174618
-0.081434360151,0.0007278834866805361
-0.080411369787,0.0007413269499489163
-0.079391494755,0.0007620669299166823
-0.078371619723,0.0007837764422554871
-0.077351744691,0.0003554251440345458
-0.076898466899,0.0008209986639551365
-0.075871828003,0.000854707783353499
-0.074831828003,0.0008792269875255549
-0.073791828003,0.0009052384578958935
-0.072751828003,0.0009324365930470414
-0.071711828003,0.0009608377553776839
-0.070671828003,0.0009904942260557928
-0.069631828003,0.0010214024038509586
-0.068591828003,0.0010536910506269506
-0.067551828003,0.0010873205440214135
-0.066511828003,0.0011221397888343833
-0.065471828003,0.0007084316322472417
-0.064831828003,0.0011817337012006903
-0.063791828003,0.0012209507122679655
-0.062751828003,0.0012619962927151156
-0.061711828003,0.0013050698505080163
-0.060671828003,0.0013502053398830563
-0.059631828003,0.0013975571954560283
-0.058591828003,0.0014477485439285793
-0.057551828003,0.0015011673369654554
-0.056511828003,0.001557931302356184
-0.055471828003,0.0016182468149520772
-0.054431828003,0.0016817561670025723
-0.053391828003,0.0017481012598257943
-0.052351828003,0.0018175627117966928
-0.051311828003,0.0018762199062592692
-0.050279600875,0.0019549990401500723
-0.049245031222,0.0021172174180994503
-0.048169752591,0.0021526963708900235
-0.047123773567,0.0022368815858198263
-0.046083773567,0.0022498449256375054
-0.045080973341,0.002501555379619333
-0.044011299186,0.002541850388395854
-0.042971299186,0.0008058882120398074
-0.042651299186,0.0026992945352444907
-0.041611299186,0.002823228269106275
-0.040571299186,0.0029519763280553895
-0.039531299186,0.003089626691994432
-0.038491299186,0.003237173389174947
-0.037451299186,0.001286157818864464
-0.037051299186,0.003458228980339213
-0.036011299186,0.0036309277230394234
-0.034971299186,0.0038148462182143947
-0.033931299186,0.0040099345317231765
-0.032891299186,0.004217836478654674
-0.031851299186,0.004441605160546526
-0.030811299186,0.0024898688112090553
-0.030251299186,0.00482114817601269
-0.029211299186,0.0050941001221552935
-0.028171299186,0.005391493299181268
-0.027131299186,0.0043663770671319106
-0.026331299186,0.005988364228690292
-0.025291299186,0.006177192827963227
-0.024281835358,0.006664789061910628
-0.023257591096,0.007325576788705917
-0.022200769851,0.0046793774649617065
-0.021560769851,0.008051851438959203
-0.020520769851,0.008650803274193538
-0.019480769851,0.00783830781800729
-0.018600769851,0.009959071314364309
-0.017560769851,0.010807441851779516
-0.016520769851,0.004402695861751176
-0.016120769851,0.012173481603679615
-0.015080769851,0.013328195373466079
-0.014040769851,0.006582529508627508
-0.013560769851,0.015350603841186385
-0.012520769851,0.015064880288653958
-0.011594743593,0.01837359443981677
-0.010574743593,0.009065366387846547
-0.010109743593,0.022016572008826066
-0.0090747624174,0.004102755200137804
-0.0088947624174,0.022835839523524273
-0.0079610124174,0.02705331925260607
-0.0069822624174,0.02551842922230569
-0.0061638288994,0.024628469051447378
-0.0054550788994,0.023774935953610604
-0.0048349226494,0.022226276390319846
-0.0043033601494,0.022306587834943516
-0.0038097663994,0.020209405811578058
-0.0033921101494,0.01972274921974476
-0.0030076765556,0.017655012839639966
-0.0026801960869,0.01679846726269868
-0.0023811921806,0.015534465362616144
-0.0021142244072,0.013752202285179834
-0.001884632122,0.01265068362207246
-0.001678399517,0.011653484105984133
-0.0014921894951,0.010319708456341989
-0.0013300065727,0.009396376867181096
-0.0011843422813,0.008524802303742703
-0.0010536949272,0.007716371085531572
-0.0009365628166,0.006580135817889701
-0.00083745103071,0.006095292934474327
-0.00074622313688,0.005333376274082618
-0.00066682108114,0.004786815860380892
-0.0005958660526,0.004203601777319194
-0.00053378040264,0.0037428805658303796
-0.00047866355012,0.0018104794505224115
-0.00045205541442,0.0005899793767361631
-0.00044339169287,0.0007291166446684143
-0.00043268951893,0.0010781929485030432
-0.00041687278128,0.0014828974650030473
-0.00039513696253,0.002543599213885285
-0.00035789984158,0.0013982868756401087
-0.00033745336778,0.001036293760207177
-0.00032231074644,8.936332066843441e-05
-0.00032100527965,0.0009244397072001145
-0.00030750496993,0.0009690079987463049
-0.00029336102178,0.0008823369973430336
-0.00028048828696,0.0009572834848002291
-0.00026652867838,0.0007012099309157499
-0.00025630746686,0.0006371005157313792
-0.0002470238337,0.0002277814247274834
-0.00024370531546,0.0005563734419529766
-0.00023560108269,0.0006364739981711866
-0.00022633271685,0.0005593566348737441
-0.00021818948968,0.0006407258314189034
-0.00020886421939,0.0005492112894563356
-0.00020087292399,0.0005424650601645865
-0.00019298163461,0.0005852163524560969
-0.00018447043752,0.00048127653099871434
-0.00017747236214,0.0005933333435362915
-0.00016884692562,0.000722263952071511
-0.00015834977216,0.0005387922852184937
-0.0001505210835,0.000576634244356846
-0.00014214426323,0.0006160605247606088
-0.00013319671912,0.0007307360974684777
-0.00012258607676,0.0007547575722624716
-0.00011162949809,0.00075180476453869
-0.00010071846713,0.0006924535925915998
-9.0671209344e-05,4.27832092700457e-05
-9.0050543349e-05,0.0005872140870588711
-8.1532037134e-05,0.000570879428983163
-7.3251881046e-05,0.0005422788760862158
-6.5387890732e-05,0.000496019341961545
-5.8195828375e-05,0.00047157098679456694
-5.1359094769e-05,0.0004350523313321223
-4.5052624198e-05,0.00042379297865570713
-3.8910038881e-05,0.0004186286019075533
-3.2842882269e-05,0.0003945664375719652
-2.712514728e-05,0.0003584392662745398
-2.1931275862e-05,0.0003582967003992295
-1.673995238e-05,0.00035727669116074925
-1.1563869484e-05,0.0003456937293484702
-6.5559664162e-06,0.0003465341542837829
-1.5362945708e-06,0.0003141372100630706
3.0138079706e-06,0.00028416381506684115
7.1294729131e-06,0.0002944062259020155
1.1393319291e-05,0.0002929729913712095
1.563606687e-05,0.00029169101325339405
1.9860108949e-05,1.1415221165627118e-05
2.0025397552e-05,0.0006534886840711754
2.94788932e-05,0.0010506484472184584
4.4661540198e-05,0.001167640243438031
6.1532177082e-05,0.0011884275236124324
7.8700945818e-05,0.0012231092659673968
9.6368642236e-05,0.0012139553976199043
0.00011390254192,0.0012004657285988657
0.00013124048485,0.0011812622488911202
0.00014830056393,0.0011771323979214887
0.00016530103551,0.001160152520944059
0.0001820565819,0.0011913136683070556
0.00019926323608,0.0012163738886716723
0.00021683331327,0.0012079270983232663
0.00023428346721,0.0012901223342674157
0.00025292414567,0.0012609770428556454
0.00027114724358,0.0013324148050342492
0.00029040732096,0.0014135411961265219
0.00031084611508,0.0013086487250478726
0.00032977450312,0.001484495292203801
0.00035125459379,0.0015825946206296762
0.00037416485736,0.0014434821822322313
0.00039507196208,0.0016428840490177736
0.00041888079012,0.0017730916857084664
0.0004445943244,0.0019076641701294898
0.00047228176029,0.0017810916109021802
0.00049815495614,0.0020231588062212327
0.00052757355787,0.0021508326628791774
0.00055888534537,0.002308113457714457
0.00059253232535,0.002461924283702052
0.0006284782125,0.002462244409316072
0.00066449245576,0.002463889451029447
0.00070060032333,0.002699988781906023
0.0007402550099,0.0028856097225131334
0.00078274535546,0.003095353103652489
0.00082846176046,0.0033349486250073843
0.00087789158436,0.003487898501168538
0.00092980131543,0.0036918021306527834
0.0009850065406,0.0038594492032872907
0.0010430338564,0.004854575957167363
0.0011165306549,0.005286738301150666
0.0011972848439,0.005492055373551072
0.0012820575473,0.005503219739847015
0.0013680112932,0.006378319501383396
0.0014690547594,0.00675188195072457
0.0015778859391,0.006985575642683159
0.0016927547392,0.007720309281408747
0.0018226931882,0.007911049228821155
0.0019594122304,0.008318901541538812
0.0021073702384,0.008006946747239502
0.0022539410504,0.007808449322636532
0.0024005118623,0.0076732524176713985
0.0025470826743,0.007636941778034774
0.0026936534862,0.009030561713125575
0.0028642987729,0.009859226906151914
0.0030426222225,0.010608672508595466
0.0032209456721,0.011702489831130305
0.0033992691217,0.013154886325688077
0.0035775925713,0.014973508312592575
0.0037559160209,0.017149114059531494
0.0039342394705,0.020284450236529836
0.0041179569751,0.02636059223320778
0.0043247501145,0.03124093255973959
0.0045372414715,0.03555887848400608
0.0047497328284,0.03979740250357987
0.0049622241853,0.04041686088128198
0.0051589855616,0.05589565036084439
0.005409559138,0.05426269227715607
0.0056362740374,0.0541279478798128
0.0058514044296,0.06421790168556936
0.0060970012865,0.06770151684177678
0.0063485210426,0.06905323205406547
0.006600586146,0.06954172749279681
0.0068526512494,0.06902924461713054
0.0071034139329,0.0684220711885941
0.0073542865901,0.06787505609035785
0.0076065861543,0.06683178509843483
0.0078590571677,0.06541030845610239
0.0081102441952,0.0641607498657983
0.0083604390036,0.06394715802967649
0.0086134997751,0.06326891630934549
0.0088673887231,0.06260933419302596
0.0091220009678,0.06143629515874412
0.0093750334404,0.060493525439976555
0.0096271752907,0.06028785380996436
0.0098814194779,0.058632801628112345
0.010131553377,0.05853993794882688
0.010383960319,0.05803470670170829
0.010636367261,0.057594601656291725
0.010888774204,0.05722390788195697
0.011141181146,0.056998792108850845
0.011393588088,0.056824324678598326
0.01164599503,0.05623401269219088
0.011896411254,0.05684301807014291
0.012149601588,0.056893477760922274
0.012402791922,0.056907977810268955
0.012655982256,0.05696032242659294
0.01290917259,0.057123135072857364
0.013162362924,0.057289240157103856
0.013415553259,0.0573959721334912
0.013668743593,0.05752264490863494
0.013921933927,0.05771131412063899
0.014175124261,0.05789157934420224
0.014428314595,0.05796131909776169
0.014681504929,0.05797487296328156
0.014934695263,0.0580813953684861
0.015187885597,0.058240315685310864
0.015441075931,0.058313758902310706
0.015694266265,0.05832955586602482
0.015947456599,0.060129336491803714
0.01620812944,0.05944413576912953
0.01646524862,0.05950587792179282
0.0167223678,0.059475271842226854
0.01697948698,0.05950072911294433
0.017236606159,0.05962702796857067
0.017493725339,0.05974694318223499
0.017750844519,0.059805363236679725
0.018007963699,0.05986673453612742
0.018265082879,0.05998775980500172
0.018522202059,0.06015201493550358
0.018779321239,0.06030014167760112
0.019036440419,0.06043049570598389
0.019293559599,0.06060273676751419
0.019550678778,0.06083641740922109
0.019807797958,0.061099452005574026
0.020064917138,0.061359203907358925
0.020322036318,0.06158827814921738
0.020579155498,0.06177812035781978
0.020836274678,0.06197319256633975
0.021093393858,0.062212624771673705
0.021350513038,0.06248315403045902
0.021607632218,0.06277342990158366
0.021864751397,0.06308251610227207
0.022121870577,0.06335904835751069
0.022378989757,0.06354933287444124
0.022636108937,0.06369217216285789
0.022893228117,0.0638622546332196
0.023150347297,0.06409362063112237
0.023407466477,0.0643826924213382
0.023664585657,0.06469403882188594
0.023921704837,0.06496955640966406
0.024178824016,0.06515676581788897
0.024435943196,0.0642099008770372
0.024688929563,0.06386328483768978
0.024940279976,0.020234341669979523
0.025019857108,0.2559870161342006
0.026020887515,0.2615180228365964
0.02703460622,0.2649743787766524
0.02805123552,0.26723657574368936
0.029062655133,0.27124437072880614
0.030074074745,0.2727900224887659
0.031075852417,0.13568577362281808
0.03156881645,0.27861580788475604
0.032571436558,0.280642902656083
0.033572867525,0.28532347674270286
0.034584338762,0.2865861502459348
0.035594304504,0.28624629692564657
0.036601171343,0.28598136640765937
0.037607369454,0.2939913432319652
0.038643132641,0.2839270621482714
0.039643192269,0.2912377298183822
0.040665258823,0.29332356299137835
0.041687325378,0.29607302533539587
0.042709391933,0.2994726940085968
0.043734650529,0.30181450417955824
0.044762948833,0.30444338508355273
0.045797340646,0.2985077368565664
0.046808828146,0.3027954887215653
0.047829268898,0.3005954753283901
0.048839696101,0.30416798328420236
0.049864707991,0.30100089135183783
0.050875610663,0.31103046958331526
0.051917846275,0.30230054005475165
0.052933840738,0.3010075732298621
0.053943350728,0.30811796957059967
0.054974777378,0.3081748350372578
0.05600831588,0.30350280221440756
0.057024494254,0.3124540211203527
0.058067610405,0.3041731541564099
0.059082548973,0.3027444320446983
0.060093040933,0.31052302648360774
0.061130150828,0.31546284619604137
0.06218506191,0.3048145040812676
0.063203864441,0.30084318185119907
0.064206215077,0.3119946439501139
0.065244140974,0.3005686534681079
0.066245802477,0.3052718243075076
0.067264149841,0.3018526229165338
0.068270770805,0.3114447736137888
0.069310506667,0.3018623130513702
0.070319205732,0.31102402837838183
0.071356681217,0.32224281427787616
0.072429118084,0.3052408058086297
0.073443615324,0.30207579723636785
0.07444646983,0.3073567177066747
0.075466705589,0.3045121822209317
0.076478568887,0.31031317790907653
0.077508327487,0.30295535715476524
0.078509778137,0.30556586740657093
0.079517944334,0.3200008235552062
0.080573161195,0.3063547009685411
0.081581241195,0.3241140527815375
0.082644429675,0.3055601339102557
0.083644677609,0.3077120339667433
0.084651890069,0.31313974468581196
0.08567808928,0.30483936342740403
0.086678409632,0.3130635735537368
0.08770705651,0.31945991455884143
0.088758119386,0.30335395170336027
0.089758221572,0.0691409277483981
0.089986544372,0.3095839951416371
0.091009302035,0.3214344595340052
0.092071307199,0.3162018103137723
0.09311699354,0.30355076457941105
0.094122290037,0.3090093733565471
0.095148553763,0.3014198608520935
0.096153208303,0.31102380975622873
0.097190654935,0.30032623039194706
0.09819259035,0.30373945000850255
0.099208557469,0.3064578232272587
0.100237047469,0.30697475706309124
0.101269208356,0.30090687255784615
0.102281987675,0.296680926850468
0.103282904611,0.29726200032284195
0.104289072803,0.30027198672985733
0.10530763961,0.2970549803816782
0.106316879962,0.29632182826696685
0.107325041148,0.2986527164939967
0.108341838279,0.301103291356811
0.109368164722,0.30122426943136366
0.110396876102,0.3005955254542164
0.111424468043,0.2981822175350271
0.112444327699,0.29192274702880583
0.113445184803,0.290729919958946
0.114446126374,0.29304940572909427
0.115458698015,0.29770352072768663
0.11648911819,0.2935069173889787
0.117506251567,0.29179962435066586
0.118521227834,0.2884997254411007
0.11952859016,0.29353523554570043
0.120554829677,0.2917105096749877
0.121575251487,0.2864071942134721
0.122579847927,0.2933721596391233
0.123613000864,0.28497769870347056
0.124619147801,0.2856226103800858
0.125629349683,0.2837876832005763
0.126636396383,0.2872032672022749
0.127658107807,0.28157341558819854
0.128661262772,0.28032025741503513
0.129663556825,0.2833608254276089
0.130681136666,0.2812654720191725
0.131696404822,0.27870301802453096
0.132707827687,0.2759920190281416
0.133715931934,0.27761107774691857
0.134736938065,0.2716557870084614
0.135739930299,0.2737216961970617
0.136754487357,0.2696186338088182
0.137758399957,0.27554000737129114
0.138788138572,0.2666922439420715
0.139788711061,0.2655077336997312
0.14078888625,0.269134600177464
0.141807757009,0.2655830672737901
0.142818176551,0.26238488546830263
0.143820549058,0.26134544536675325
0.144824376585,0.2609521728044373
0.145830826163,0.2613394746578543
0.146841518554,0.25890773412940626
0.147846724329,0.2579384327210821
0.14885278243,0.2572963113378886
0.149861088286,0.25445062755772724
0.150862801778,0.2544758232501893
0.151869189551,0.2559304733020603
0.152884674229,0.25540153954635736
0.153902578594,0.252684780823592
0.154914454424,0.2502650485023188
0.155920437559,0.2498278542583743
0.156928618328,0.12369202260357354
0.15742868591,0.24959576029085961
0.158440359056,0.24547203182637273
0.159440366456,0.24499650653437674
0.160444403459,0.2439738834978801
0.161448648454,0.2438912600081418
0.16245739234,0.1877429623735782
0.163237975997,0.23430102735053143
0.164217431367,0.23968413840901714
0.165224274466,0.21837270140482487
0.166144396107,0.23823063143164683
0.167152801511,0.20019746664611443
0.168002069492,0.23867786865986715
0.16901810443,0.2260738728621526
0.169982770634,0.23574638659412614
0.170988925858,0.23552065496925462
0.171995081081,0.23493632252297456
0.173001236305,0.23350251904749647
0.174007618108,0.2309432658757869
0.175008081571,0.23059394781503786
0.176008457527,0.2333225259517155
0.17702162447,0.19599472568778414
0.177873286881,0.205989111743511
0.178769259449,0.23021516861309538
0.17977072118,0.192973980448783
0.180611526767,0.20220793076715413
0.181494119068,0.20201674381568932
0.18237671137,0.20182904814846997
0.183259303671,0.20106010763102175
0.184141895973,0.22731919865476954
0.185145966505,0.22750450889128576
0.186154874029,0.22657860663720739
0.187163781552,0.16034501456229977
0.187880398975,0.18964057975838053
0.188731241035,0.18935196098904938
0.189584679647,0.22055397547526007
0.190584720327,0.16699640598232038
0.191345246923,0.13770330413544238
0.191976609559,0.17753828517234604
0.192798009489,0.09198884777058915
0.193226417363,0.20291585696447903
0.194180975621,0.14096940837783445
0.194851712101,0.10298997476756856
0.195345492484,0.2075157689714481
0.196346179946,0.1683910050980971
0.19716434592,0.2041497252910767
0.198165192543,0.1751494462569155
0.199030523436,0.14054801451851087
0.199730086185,0.10979297824762972
0.200278405124,0.14056819885128521
0.200985058615,0.18771795371910915
0.201938022751,0.11748493176060153
0.20253915972,0.19440437447319514
0.2035458648,0.15333138337576302
0.204349980969,0.19133617812922443
0.205363111339,0.18714194978671522
0.2063654704,0.18618055321800198
0.20737281956,0.1846977676444854
0.208379013003,0.18449788124189956
0.209388399007,0.18343101952577634
0.210395480765,0.16989662024263347
0.211332793878,0.12382955348565267
0.212018727196,0.18037087747149042
0.213021496525,0.13839885895317486
0.213796071139,0.17040542518953863
0.214756461343,0.1777818328989998
0.215757696262,0.17802495858477776
0.216759670953,0.16597923280175345
0.217698028767,0.14326389051194788
0.218511502122,0.17368867790433293
0.219502212384,0.07355238708935971
0.219923176955,0.17120545195279102
0.220905572528,0.15981921008216762
0.221826392235,0.08394899660366525
0.222312016494,0.09056550354173218
0.222836415957,0.15614954433255182
0.223741793654,0.17255150643481257
0.224742810765,0.15988116338781733
0.225669265226,0.06921275255186175
0.226069936436,0.17289028830720865
0.227072738629,0.06207580936160289
0.22743399929,0.17256535121125485
0.228439419549,0.055711461805809
0.228764577607,0.1222541069279294
0.229477744947,0.13121360277081595
0.2302452764,0.07980505816911278
0.230713050747,0.12109174558722922
0.231423519753,0.13067463661535825
0.232191911787,0.08050937044108132
0.232664001006,0.1363217546831999
0.233463601957,0.12985888459627445
0.234225026286,0.17138741093089527
0.235229851518,0.12189581364765761
0.235946352975,0.12260298534193995
0.236668300432,0.17105891762820807
0.23767827655,0.08064875638733716
0.238155523329,0.09137154060306717
0.238695017775,0.08279286907269942
0.239181940116,0.16145181159373662
0.240129910452,0.06378129406835369
0.240503690007,0.09811123240990961
0.241080146111,0.08987374235397114
0.241609073747,0.11362057477307812
0.242277060552,0.14294475902017975
0.243119012709,0.012554409033250908
0.243193064969,0.0892359697734372
0.243719592533,0.07764163452585106
0.244178702329,0.13160963627583214
0.244957082969,0.0602688065983314
0.245313331339,0.1098422697175298
0.245964370426,0.1696018831377985
0.24696978516,0.07829389822331843
0.24743304196,0.09498200439088349
0.247993278384,0.021293684535804287
0.248118469063,0.14384399856604144
0.248965256261,0.06473821402548384
0.249346590586,0.09783278494213211
0.249922504164,0.08538353805881971
0.250426166156,0.0654518607802608
0.250812553058,0.13261133422028223
0.251595773489,0.05603434649228315
0.251927398961,0.12410577392873776
0.25266105149,0.048436429015591344
0.252947132218,0.16532933473942363
0.253924246424,0.10521238013888885
0.254546555524,0.10511217835630267
0.255169654645,0.16939790032026397
0.256175129286,0.13705868455537223
0.256987756592,0.07097454711880732
0.257407346789,0.1074217484012485
0.258041138164,0.09106694602281626
0.258577598141,0.1288590001087702
0.259337041089,0.10219257068848242
0.259940081152,0.058035104005052296
0.260282293913,0.1084771541255537
0.26092305103,0.05163112245495998
0.261228739872,0.13184306500154616
0.26200889281,0.17074806070821383
0.263018993995,0.16987512080732067
0.264022365675,0.04506743630340368
0.264287691271,0.15080960857517886
0.265175079818,0.11571379916365551
0.265855960918,0.10515543759862425
0.266474793024,0.14971150175741246
0.267356791281,0.1197310694698169
0.26806339312,0.10303135084595892
0.268672454815,0.03457417430941281
0.268876739409,0.12841583355473501
0.26963642284,0.07520076122145812
0.270082248138,0.16881844494454837
0.271084417379,0.15451980737056595
0.272000147905,0.1137206257883982
0.272673829682,0.06193089375181866
0.273041293079,0.1423208723442529
0.27388628241,0.13911160181519666
0.274712128184,0.054416469578143584
0.275034900894,0.11148664633356654
0.275698576756,0.08462616803231021
0.276203581266,0.16746202486131345
0.277205165967,0.09573344412762078
0.277777799336,0.1356054357443932
0.278586862533,0.16817772109588164
0.279590748847,0.1691042132742388
0.280596694,0.17000547778905392
0.281603525582,0.17007508975164112
0.282610357164,0.1701688561899657
0.283617188746,0.17040896485924936
0.284624020328,0.17036996262517518
0.28563085191,0.17001312128462762
0.286637683492,0.16987156321547733
0.287644515074,0.16986718853060817
0.288651346656,0.16961245207329204
0.289658178238,0.1512206618831086
0.290557549466,0.16966900011969321
0.29156645699,0.1701893942083622
0.292575364513,0.17041809640017944
0.293584272037,0.17014514220165985
0.29459317956,0.16989632453507486
0.295602087083,0.14520240927204503
0.296466370017,0.08777330747672753
0.296989713364,0.15788630162292192
0.297929138747,0.15826253151873437
0.298868483645,0.15827630132124165
0.299807828543,0.15814838123087432
0.300747173441,0.15785487684364558
0.301686518338,0.1575003155379261
0.302625863236,0.15729568282237755
0.303565208134,0.1570858030891794
0.304504553032,0.12413689503463732
0.305248433094,0.154718319282219
0.306177098816,0.15771644583889363
0.307122478882,0.158263526446157
0.308067858948,0.15826604919826923
0.309013239015,0.15791255908651985
0.309958619081,0.15774657482812401
0.310903999147,0.15744678018990438
0.311849379213,0.15713208065969092
0.312794759279,0.15697703291556836
0.313740139345,0.14581276374199428
0.314619569234,0.13100096850158338
0.315411366242,0.13512757041530327
0.316228581336,0.13552058937603456
0.31704579643,0.13584611274163727
0.317863011524,0.13577812982366155
0.318680226618,0.1355965625776099
0.319497441712,0.1354408659514908
0.320314656806,0.13537517647133046
0.3211318719,0.13524255035888863
0.321949086994,0.13502444427272497
0.322766302088,0.13490038725007772
0.323583517182,0.1348142520196034
0.324400732276,0.11360002368016855
0.325090264606,0.13437999163546413
0.3259074797,0.1345042767195589
0.326724690746,0.13498060405223042
0.327541673605,0.13510260108332034
0.328358166927,0.1348596093777089
0.329174188944,0.13354741617809354
0.32998379256,0.11828635685324272
0.330702452072,0.1342650614756479
0.331519667166,0.13453172885873071
0.33233688226,0.13492406406121382
0.333154097354,0.13487660657860145
0.333971312448,0.1345614560639929
0.334788527542,0.13429968746849807
0.335605742636,0.13420416975551244
0.33642295773,0.1340547425026188
0.337240172824,0.1339779017850754
0.338057387918,0.1339431803549736
0.338874603012,0.1337904081711803
0.339691818106,0.13368339692287723
0.3405090332,0.13365664410508207
0.341326248294,0.1335308667874746
0.342143463388,0.10501896139536292
0.342787242493,0.11414841468323232
0.343487872717,0.11430440882661792
0.344188502942,0.11473464113742358
0.344889133167,0.1149754724628039
0.345589763391,0.11497579416844764
0.346290393616,0.08160649749650883
0.346787841075,0.1148700285982812
0.3474884713,0.11479188564292016
0.348189101525,0.1146865849755278
0.348889731749,0.1146180376466398
0.349590361974,0.1145545965043914
0.350290992199,0.11449782930578262
0.350991622423,0.11448710699041292
0.351692252648,0.11440306103563087
0.352392882872,0.11435773218183025
0.353093513097,0.11433587153086619
0.353794143322,0.11425620460760316
0.354494773546,0.11415886842515784
0.355195403771,0.11403804321905187
0.355896033995,0.11390777158961234
0.35659666422,0.11372433046587661
0.357297162577,0.11355955232819649
0.357997600117,0.11333727390387208
0.358698037658,0.11326450889236905
0.359398475198,0.10864561835588908
0.360070202905,0.11301367487114106
0.36077083313,0.11301527292634125
0.361471463354,0.11348422130489702
0.362172093579,0.11362314077699391
0.362872723804,0.11357014167769017
0.363573354028,0.11352324505943846
0.364273984253,0.10738622494080376
0.364937541864,0.1012695717969629
0.365564022057,0.11308764688941984
0.366264652281,0.113331681330977
0.366965282506,0.1138782870091052
0.36766591273,0.10818904318534914
0.368330449446,0.10558706989371394
0.368979181135,0.10332164205638145
0.369616124529,0.12080344531967196
0.370364792189,0.15226038051374644
0.371310723384,0.1368041559364538
0.372158035624,0.12976092200425238
0.372958938944,0.1297642744154607
0.373759842265,0.12981331361186021
0.374560745585,0.12972931820087436
0.375361648905,0.12952293036270202
0.376162552225,0.12944914088194698
0.376963455546,0.1293795581465341
0.377764358866,0.11279574937523618
0.378463241275,0.09142459424875926
0.379030046087,0.09544655169667011
0.379622416508,0.10146566568623605
0.38025298371,0.10151691460003717
0.380883550913,0.10186514100523317
0.381514118115,0.1021686387158308
0.382144685317,0.10214523477730987
0.382775252519,0.10206720848491116
0.383405819721,0.10198543553365783
0.384036386923,0.10189522999174014
0.384666954126,0.10184163013932869
0.385297521328,0.10176081941722553
0.38592808853,0.10172429431098172
0.386558655732,0.10166604718871268
0.387189222934,0.10162364368407308
0.387819790136,0.020327560061858846
0.387945903577,0.10161062575619528
0.388576470779,0.1015591988395613
0.389207037981,0.10147655017510922
0.389837605183,0.10137257164149918
0.390468172385,0.10418903079532012
0.391117062173,0.1123772566119878
0.391817692398,0.11245767174514526
0.392518322622,0.11281568211242392
0.393218952847,0.11303845224607206
0.393919583072,0.1129304040280044
0.394620213296,0.09894156172056173
0.395234878995,0.09856912164285507
0.395847790315,0.09845773381264539
0.396460701636,0.09838644910555705
0.397073612956,0.09829385434718842
0.397686524277,0.09818162401337377
0.398299435597,0.09820597881744864
0.398912346918,0.09826542296980845
0.399525258238,0.09829525476911795
0.400138169559,0.09827107670762922
0.400751080879,0.09820994452900031
0.4013639922,0.09813495590063138
0.40197690352,0.0922859552018653
0.402553990416,0.09324575572647811
0.403137848936,0.09314326712533247
0.403721707457,0.09335041611570052
0.404305565977,0.0937551138686065
0.404889424498,0.09393436712657291
0.405473283018,0.09393191956911182
0.406057141539,0.09382884384505634
0.406641000059,0.020622081666066806
0.406769448934,0.07395346381610049
0.407230389677,0.128875749970801
0.408034942136,0.12830215883500828
0.408839494595,0.1276564961603023
0.409644047055,0.1275489650854291
0.410448599514,0.12768911178146808
0.411253151974,0.12760906258867255
0.412057704433,0.12771925461204903
0.412862256893,0.12706159140616263
0.413660693103,0.09260620841050773
0.414241794514,0.09299199313247794
0.414825653034,0.09276736410161758
0.415409511555,0.09246922172587897
0.415993370075,0.09216590882924235
0.416577228596,0.09210623313011301
0.417161087116,0.09224045174959276
0.417744945637,0.09258343965899782
0.418328804157,0.09305361135285033
0.418912662678,0.09314787041146493
0.419496521198,0.09292027552114632
0.420080379719,0.09264999734871139
0.420664238239,0.09257442956991876
0.42124809676,0.09268376449039437
0.42183195528,0.09271552948018773
0.422415813801,0.09280052794840761
0.422999672322,0.09278854393123734
0.423583530842,0.09271440256322207
0.424167389363,0.09272435083943596
0.424751247883,0.09268793949243323
0.425335106404,0.09272572041987169
0.425918964924,0.09274196772933986
0.426502823445,0.09273088554630937
0.427086681965,0.09272098944729482
0.427670540486,0.09260708577847639
0.428254399006,0.0924955477656427
0.428838257527,0.09239575568563092
0.429422116047,0.09238882991503031
0.430005974568,0.09242884016100814
0.430589833088,0.09247448566530726
0.431173691609,0.09251890910291034
0.431757550129,0.09248286974959731
0.43234140865,0.09248651393221512
0.43292526717,0.09243461470636251
0.433509125691,0.09235409729180323
0.434092984211,0.09233657992009674
0.434676842732,0.09224391487177812
0.435260701252,0.09218710220210223
0.435844559773,0.09213715945326238
0.436428418293,0.09204006921330642
0.437012276814,0.0919638577476991
0.437596135334,0.09182798615103059
0.438179993855,0.09173013603130369
0.438763852375,0.0918176341686779
0.439347710896,0.09204086568243093
0.439931569416,0.09222424339967575
0.440515427937,0.09227386126377222
0.441099286457,0.09227439646594482
0.441683144978,0.09226253106977922
0.442267003498,0.09219537138109732
0.442850862019,0.09211558450411773
0.443434720539,0.07640314964470322
0.443919323111,0.0919813029257349
0.444503181632,0.09193690832094174
0.445087040152,0.09191726586482446
0.445670898673,0.09190688160329441
0.446254757193,0.09190405603413725
0.446838615714,0.09189560514165628
0.447422474234,0.09195389207986755
0.448006332755,0.09194604194740885
0.448590191275,0.09180735983549532
0.449174049796,0.09170511424998483
0.449757908316,0.0916214210696701
0.450341766837,0.09159656790723075
0.450925625357,0.09166584967804403
0.451509483878,0.09172139185349912
0.452093342398,0.09183781592266341
0.452677200919,0.09198033543807474
0.453261059439,0.09201536975160639
0.45384491796,0.09200727636045514
0.45442877648,0.09195431845443328
0.455012635001,0.0918761136650748
0.455596493522,0.08991957771119434
0.456168145294,0.08540848273060431
0.456711269989,0.08393495946849636
0.457245209896,0.08528866656475192
0.457788022349,0.08590630859286959
0.458335193134,0.08863261081505887
0.458900294473,0.08853167651489512
0.45946519661,0.08846065604083178
0.460029936505,0.08837797101721517
0.460594498867,0.08830721069722487
0.461158892343,0.08822927526017463
0.461723119278,0.08742432840416217
0.462282652464,0.08734059703874421
0.462842033247,0.08797690606633489
0.463405743769,0.08807252349600933
0.463969275797,0.08689407075513428
0.464523629496,0.08562978440973414
0.465068790688,0.08566461479755393
0.465613869199,0.08416663984809733
0.466149707665,0.08756132506469089
0.466707911581,0.08729470905774152
0.467265947743,0.08768564812075247
0.467828316136,0.08746382480502947
0.468390526601,0.08742109840559523
0.468952556056,0.08766687781501042
0.469514424588,0.08795747455068795
0.470076124363,0.08810401359160147
0.470637641246,0.08814073701541043
0.471199000398,0.08801883103134985
0.471760184261,0.0878507900877488
0.472321198863,0.08772582021083587
0.472882047431,0.0876400155542106
0.47344272178,0.08687694914062602
0.473998744282,0.08262908806793783
0.474527711241,0.08331918332130221
0.475061001761,0.08543138471055349
0.475607581528,0.08543885437773965
0.476153993694,0.0875612702979166
0.476713724634,0.08757815671265737
0.477273287198,0.08756482571404481
0.477832680709,0.07877288608945672
0.478336022058,0.08747287771774748
0.478895098294,0.08735715365955805
0.479454026698,0.08724153232288678
0.480012792199,0.08724718233229677
0.480571394159,0.08724836592005544
0.481129849136,0.08720662226794178
0.481688130274,0.0871842895575511
0.482246241356,0.08713509701617994
0.482804196492,0.08704324524501347
0.48336196857,0.08696678009104647
0.483919593705,0.06905811579168364
0.484362624347,0.05789730448578151
0.484734193932,0.05787854513378924
0.485105691747,0.057878172010090906
0.485477118561,0.0579001879600903
0.485848460278,0.06310937797998034
0.486253158129,0.08679386261283016
0.486809933605,0.08674150531150028
0.487366551697,0.08665822936150416
0.48792302922,0.08657969243611059
0.48847931924,0.0865687328057484
0.489035459267,0.08653037226609812
0.489591467869,0.08644227557843444
0.490147276969,0.08644303489281187
0.49070294699,0.08512387926440561
0.491249016951,0.06263348551304988
0.491649936711,0.06303541804733244
0.492053073347,0.06097293861288182
0.492442778733,0.06042405923145223
0.492829087521,0.06072458222954927
0.49321863866,0.06143081331867893
0.493614758236,0.06324778046492749
0.494024119437,0.061116792492641125
0.494420070694,0.06358754087468153
0.494831982091,0.09605994338229115
0.495454299158,0.0919086190406221
0.496049585488,0.08562806522612687
0.496603610112,0.08588751844403843
0.497157450116,0.08620942943322261
0.497711132466,0.08627833937903139
0.498264697559,0.08608925179595457
0.498818099355,0.08587563368055219
0.499371324801,0.0857421549804726
0.499924425252,0.014568236980898087
0.500018426415,0.07730800638185428
0.500517751887,0.07650434063046348
0.501012250095,0.0777844023281664
0.501514732342,0.07723494542358832
0.502013034271,0.07731883728267204
0.502511207417,0.0773269792430671
0.50300926719,0.07737642638887585
0.503507198381,0.07743412882742048
0.504004992614,0.07868845755650569
0.504510772028,0.07808754503810413
0.505012353113,0.07883943493586232
0.505517861461,0.0789222178940385
0.506023239654,0.0788772188213389
0.506528477797,0.07873191016547752
0.507033600384,0.07860757284306702
0.507538605072,0.078550198273085
0.50804346978,0.07856290753261054
0.508548220567,0.07867549093568633
0.509052824058,0.07487898165929609
0.509532501997,0.06297770772905326
0.509936030565,0.03518902207147665
0.510161557435,0.04000630949401529
0.510417927856,0.03360845039904229
0.510633358893,0.03334391620895686
0.510847355488,0.03677010695870309
0.511083782992,0.04269459699280176
0.511358665774,0.04270207434575507
0.51163327867,0.021319889476770545
0.51176997601,0.02720976738552999
0.511943680075,0.016276791781033778
0.512047083151,0.022931250099300738
0.51219196969,0.013211715240032958
0.512274985113,0.022306175688853663
0.512414298766,0.011466808115241376
0.512485491167,0.02424455314672749
0.512635072472,0.01562783671306053
0.512730844191,0.025132145190226815
0.512883933874,0.026574476894851616
0.513044773552,0.020826222216664775
0.513170261805,0.03763692835471163
0.513396480079,0.028685166091002284
0.513568923901,0.045980300457282165
0.51384693633,0.05658099313427755
0.514193680943,0.047166762028135564
0.51448801548,0.08437355942697022
0.515029903055,0.07218658517011582
0.515509052357,0.06543684748042355
0.515952908999,0.08631876985795675
0.516548658803,0.07719422432437642
0.517090075684,0.07604176115455435
0.517630685425,0.07521517558627414
0.518171295167,0.06985923582530372
0.518677373461,0.07082728479649222
0.519193066499,0.06532879363870828
0.519669426574,0.06688053594257601
0.520155975341,0.06732557507935645
0.520642524108,0.06800267091679135
0.521129072876,0.06873305329752866
0.521615621643,0.06935507948475866
0.52210217041,0.06973872677709274
0.522588719177,0.06979592030796189
0.523075267944,0.06945651331787715
0.523561816711,0.03797010360459184
0.523829418533,0.06881879422120335
0.5243159673,0.06876269140328621
0.524802516067,0.068826958928572
0.525289064834,0.06887694611789752
0.525775613601,0.06880191687268356
0.526262162368,0.06844286962947183
0.526748711135,0.06787013006882357
0.527235259902,0.0674563325430639
0.52772180867,0.06723764945267671
0.528208357437,0.06712157397023301
0.528694906204,0.06706827604413224
0.529181454971,0.06685061243391063
0.529668003738,0.06654540355232469
0.530154552505,0.06640618701129715
0.530641101272,0.06646008142434223
0.531127650039,0.06662617285549988
0.531614198806,0.06673017068617312
0.532100747573,0.06655648149570241
0.53258729634,0.0663141600281106
0.533073845108,0.06627639719443983
0.533560393875,0.06637926015013762
0.534046942642,0.06650111855893509
0.534533491409,0.06648303866254221
0.535020040176,0.06617172898716661
0.535506588943,0.0658266217102848
0.53599313771,0.06575295698340539
0.536479686477,0.09567601877510588
0.537185413897,0.09925334078459293
0.5379154945,0.08323119626868813
0.538529905201,0.07289092421613913
0.539070514942,0.0727662834860512
0.539611124684,0.07269621896659043
0.540151734425,0.0726719897521219
0.540692344166,0.07260268982706192
0.541232953907,0.07235824316322072
0.541773563648,0.072110738527021
0.54231417339,0.07193110805322185
0.542854783131,0.07177047327959621
0.543395392872,0.07173976814092066
0.543936002613,0.0717038785268735
0.544476612354,0.07168609976981466
0.545017222096,0.07175541315616965
0.545557831837,0.07164488745517247
0.546098441578,0.0714527702038122
0.546639051319,0.0712779672823268
0.54717966106,0.07111876154129583
0.547720270802,0.07112471762685373
0.548260880543,0.07110755748762378
0.548801490284,0.07087624943798132
0.549342100025,0.07053366619136671
0.549882709766,0.06546861010953828
0.550386005722,0.07204992054956111
0.550940472524,0.07560997772015997
0.551522320412,0.07007498420140208
0.552062755982,0.06965972896591498
0.552603103972,0.06942007362061552
0.553143336601,0.06930298020779373
0.553683436677,0.06906060694191421
0.554223448661,0.0688381090271903
0.55476335931,0.08442643175597406
0.555426962103,0.06460527176699422
0.555935521493,0.004169132595324178
0.55596834719,0.06948400572138556
0.556515442136,0.06939246284544091
0.557062537081,0.07045582844083627
0.557620625245,0.06327072590465006
0.558124265559,0.06875627345862544
0.55867265201,0.0739306711558544
0.559263244559,0.07567864753550459
0.559868608482,0.06688729369319675
0.56040433214,0.061397773312246696
0.560896354112,0.06936595352514571
0.561452362474,0.06284986737634261
0.56195712848,0.07871100497105052
0.562592363087,0.06642096885723132
0.56313097636,0.07579240048754748
0.563749653476,0.08446196996060351
0.564443999166,0.0796475627420231
0.565102337409,0.07823558382313356
0.565753321639,0.07635654187036162
0.56639158424,0.05380730058522793
0.566842318572,0.07154349489821547
0.567441390975,0.08241301675446534
0.568132338866,0.08563669524071152
0.568853151855,0.05226575683896599
0.569294976756,0.06083945155821596
0.569811900159,0.07998232152961776
0.570495753276,0.07695864113037969
0.571158055941,0.09187052446691556
0.571952389013,0.0802192482520249
0.572648523016,0.087184898754059
0.573407797101,0.06370395450406371
0.573963381422,0.08220742488530994
0.574680753278,0.060417510073497424
0.575209283266,0.07760175088355292
0.575890800925,0.05030411520245269
0.576334364342,0.08890651070705746
0.577122150413,0.09895669200651411
0.578004742715,0.07334909998579583
0.578662713701,0.047929500267279844
0.579093983217,0.04902082697415604
0.579536028332,0.05263295038484201
0.580011626501,0.06444422199269555
0.580595480492,0.1089043194798271
0.581586136573,0.11011405352029895
0.582592291797,0.1094903030444643
0.58359844702,0.10873699526163137
0.584604606931,0.10780663580719287
0.58560832574,0.1075985529340397
0.586615287791,0.10635325555927105
0.587616796869,0.06830818498297492
0.588263837601,0.07305975646540795
0.588958803343,0.10543640813476855
0.589965635261,0.10465498035764471
0.590969399917,0.10427005542952578
0.5919731991,0.10410091237434235
0.592976998424,0.10529134699619633
0.593993611706,0.10418489044465823
0.595001682018,0.10398114800472004
0.596009752331,0.10471181394820912
0.597026464096,0.023746848625588925
0.597257301522,0.10280003697166946
0.598257597039,0.1025633517507208
0.599257892555,0.10225777768824308
0.600258188072,0.10218546569998203
0.601259669785,0.10302315770378287
0.602270263305,0.10416032648027539
0.603293053396,0.10390977563459543
0.604315843487,0.10364742882076444
0.605338633578,0.1028849729267136
0.606355554431,0.10253300945306
0.607370367248,0.10221107403203158
0.608382867248,0.10142049977912462
0.609388617248,0.10237810809887694
0.610405487805,0.10096891083794045
0.611409911295,0.10062593938533128
0.612411758499,0.10339375916777001
0.613441414591,0.1032015613940676
0.614468762421,0.1007141280815747
0.615471584374,0.10251618315876342
0.616493854648,0.1021401066096658
0.61751340061,0.10176181525384545
0.618530411866,0.10203464224897484
0.619552285017,0.10176465669273008
0.62057330632,0.10142919819988626
0.621592570005,0.10093280840614957
0.622607741557,0.10025103904147194
0.623616268573,0.10122285851824137
0.624634973426,0.10012462969960649
0.625643634436,0.07484578018064633
0.626398511033,0.10061465275198943
0.627414228318,0.10010594235007707
0.628425236696,0.09929217029253316
0.62942856308,0.09921123000848185
0.630432446365,0.09876552738209685
0.631433767728,0.09946134972472724
0.632444461133,0.10118743920013973
0.633474775587,0.09917447041804654
0.634485642853,0.09872561616168833
0.635492710813,0.09926013607125594
0.63650621439,0.09942166936579533
0.63752527976,0.09806548808465118
0.638543295347,0.09720021621428751
0.639561841319,0.09705054338251422
0.640564581069,0.1007491997300926
0.641587670306,0.10096281417341917
0.642612227129,0.10038520003354463
0.643634849537,0.09959593253583611
0.644650754215,0.09910299708334269
0.645661128299,0.09968511847106629
0.646679253163,0.09931354316803553
0.647697288316,0.09830860538161733
0.648705886037,0.0992670528941339
0.649723923594,0.09773258967348973
0.65072633691,0.0993177591448658
0.651745958633,0.09910414202047
0.652765233249,0.09931887967628529
0.65378794315,0.09962217330049937
0.654813451205,0.097313957402553
0.65581452375,0.0989602384968481
0.65683301792,0.0980156573584302
0.657842840591,0.09774827841987041
0.658850762451,0.09785617237185792
0.659860207603,0.10118270677320461
0.660904269443,0.09726501775942767
0.661909456818,0.09674086427951095
0.66291132793,0.09830155090326624
0.663930232435,0.09672491339067371
0.664933737183,0.0969742681838091
0.665942421208,0.0966383792815628
0.666949372617,0.09785339290849315
0.667969097682,0.09688621656577073
0.668978426506,0.09982197303652601
0.670018557898,0.09724424323569998
0.671033336235,0.09662089215988988
0.672042719213,0.0959015403465332
0.673044721732,0.09676056917745945
0.674055646012,0.09921921238791592
0.675092124647,0.09952302181654699
0.676132105298,0.09845157360374378
0.677161783648,0.09689770072590502
0.678175369857,0.09717792540388942
0.67919202396,0.09730432431932896
0.680210559634,0.09859861358181093
0.681242587582,0.09686318568799208
0.68225633763,0.09647420609141223
0.683267015988,0.09672954189473087
0.684282100058,0.09958736241480481
0.685328770632,0.09719247843068658
0.686350941699,0.09600571053651406
0.687360317715,0.09564724025398734
0.688365607849,0.09538723058373648
0.689368281221,0.09641828424276067
0.690382852481,0.09488028441127774
0.691383015513,0.09663930721353457
0.692403235406,0.09509328933246193
0.693407186268,0.09510711570777339
0.694410576141,0.09551210669734672
0.695417617143,0.09500784192519635
0.696419962034,0.09630780494305942
0.697437884439,0.0957703056911373
0.698451821875,0.09507811475120534
0.699459948827,0.09430523783614969
0.70046123291,0.09688761167406236
0.701490126507,0.09534640577787468
0.702502147274,0.09629149201026824
0.703523984319,0.0958909492316984
0.704541172646,0.09792949707251868
0.705580785138,0.09474867102872471
0.706588962922,0.09470598394843434
0.707597887342,0.09478036042033391
0.70860767848,0.09461101633249663
0.709616848594,0.09421539940064623
0.710623132918,0.0943906093875292
0.711631661465,0.09482527909943161
0.71264478373,0.09731417003650551
0.713685355893,0.0944675199122964
0.714696882859,0.09529457702010341
0.715717409434,0.09503721730676887
0.716734774787,0.09830420872877828
0.717787637465,0.0942862114093286
0.718798284551,0.09602362943919501
0.71982865625,0.09510461011272707
0.720850660203,0.09370974093526278
0.72185889906,0.09339352981084803
0.72286407998,0.09320097114924107
0.723866995997,0.09373022805359334
0.724875281183,0.0942695433612515
0.725889188399,0.0941002458676641
0.726901649805,0.0969125593657471
0.72794438164,0.09387135354131265
0.728955272163,0.09430518622455304
0.72997266723,0.07803469933776615
0.730815425145,0.09281987424992946
0.731818906092,0.09515091514558319
0.732848601235,0.09354991356743247
0.733861320865,0.09369549075941777
0.734875610322,0.09437704057997172
0.735897872957,0.09226997303272455
0.73689827518,0.09298053835511383
0.73790724544,0.09262941968338631
0.738912948589,0.09374747168645502
0.739931038541,0.09348361542817524
0.740946345384,0.09254103657672172
0.741951008209,0.09268185503073272
0.742957591769,0.09735604659522083
0.74401670171,0.09269584412734462
0.745026788309,0.09297468444750707
0.746040277258,0.09196872655610958
0.747042674375,0.0921051170755054
0.748048071634,0.09315144222273486
0.749067851041,0.09241570553910464
0.75008202561,0.09220182049367785
0.751094590748,0.09238176089097387
0.752108882455,0.09201962411995977
0.753119561533,0.09268066471988064
0.754138962492,0.09213978617023487
0.755154082081,0.09173623552836072
0.756164878246,0.09161586760721432
0.757173904016,0.09159551965703149
0.758183112983,0.09214418936138824
0.759198628119,0.091454868993616
0.760206291008,0.0918081415487782
0.761217793796,0.09162610137746946
0.762227731019,0.09093469318596432
0.763230636827,0.09122578354878558
0.764237319277,0.09170678102304178
0.765249649224,0.09218751997226636
0.766267739038,0.09157454375477651
0.767279784183,0.09066526465920365
0.768282244612,0.09063965202741585
0.769285024304,0.09115425683986864
0.770294675523,0.0911791306933779
0.77130595522,0.09099419974344315
0.772315666069,0.09118117014581321
0.773327818303,0.09049041903171941
0.774333656376,0.09086105184374248
0.775344103327,0.09010225512166126
0.776345998373,0.08995332693019054
0.777346636638,0.0903649731825413
0.778352210035,0.09013587107363917
0.77935581773,0.09079502046030721
0.78036809814,0.08972905629208455
0.781369535349,0.09032072647005748
0.78237795425,0.09173154115805403
0.783402641473,0.08998666391711937
0.78440835808,0.09052528483535609
0.785420234152,0.09188581263300119
0.786447229447,0.08987494553907384
0.787451547282,0.09020709094408919
0.788460008245,0.09051351387934242
0.78947302978,0.0900515699954627
0.790481574022,0.09103859300059824
0.791502553372,0.09140007453289699
0.792529844128,0.08945027017071143
0.793535893192,0.08961652692710236
0.79454367937,0.0895534103298406
0.7955516998,0.08976228858551887
0.796563288344,0.0901301978091805
0.797579613448,0.0904044245186664
0.798599271506,0.09033249001323773
0.799618145856,0.08959041236423085
0.800628898248,0.08576380182944106
0.801596829533,0.08152481688704673
0.802517063432,0.08940810578468462
0.803526208227,0.08936883146435037
0.804535249508,0.088915928584683
0.805539863895,0.09023783637275498
0.806560503325,0.08847450899899115
0.807563404587,0.08872827194852234
0.808571142811,0.08862546652214354
0.809577855103,0.08824947930932714
0.810579806508,0.08883195660559015
0.81158901439,0.08910938918022171
0.812602635299,0.08876696433921315
0.813613218123,0.0882237680672633
0.814616846521,0.08908530470659994
0.815629843131,0.08830436477949224
0.816634594282,0.0888776529363196
0.817646746866,0.08848019845981323
0.818655870076,0.08856908313741288
0.81966677351,0.0881650324522285
0.820673303291,0.08765534214592274
0.821674319372,0.08783249696291588
0.822677926142,0.08807343445183086
0.823685318777,0.08791119014945598
0.824692166524,0.0879561126934722
0.82569925363,0.08841995831993191
0.826710597311,0.08804695019422418
0.827718149299,0.08804516635679467
0.828726638681,0.08807385548362934
0.829736799111,0.08864536268666857
0.83075417709,0.09009629975465293
0.831788192354,0.08748954628199998
0.832793133706,0.0876169005219496
0.8337997656,0.08776870105556019
0.834807795226,0.08830212353428125
0.835822386653,0.08824130393201461
0.836837011614,0.08735887603270008
0.83784241989,0.08936593427904993
0.838872415345,0.0867501969791083
0.839873851166,0.0874122319620238
0.84088315351,0.08752837266061717
0.841893267757,0.08712242770513313
0.842898989311,0.0877169136654936
0.84391179454,0.08754365429151278
0.844922757397,0.08706432840129721
0.845929124944,0.08691146482056229
0.846935307089,0.08831273688924489
0.847958946752,0.0900422976339194
0.849003520316,0.08699252909973618
0.850013472909,0.08694185314891006
0.851022903401,0.08755398348948863
0.852038880715,0.062284922389465446
0.852761692485,0.08604489503155414
0.85376125389,0.0867500325109139
0.854769676877,0.0860411554071752
0.855770310479,0.08604087763395915
0.856772095453,0.08687729060508143
0.857785209442,0.08646382284628651
0.858794646385,0.08595675340295497
0.859798417052,0.08609258162304825
0.860803540962,0.08647961921227182
0.861813914246,0.08683626546586438
0.862829794912,0.08567603082789649
0.863832365076,0.08607991904382438
0.864839707068,0.08641494151007091
0.865850952698,0.08559340499031354
0.866852685845,0.08607657919330639
0.86786052964,0.08634211653651697
0.868872531328,0.08604761538146022
0.869882561365,0.08526238823841528
0.870884094011,0.08519541734422122
0.871885423468,0.08619244947193322
0.872898939069,0.08540738598089612
0.873903482115,0.08604068198461638
0.874915380148,0.0825765703589459
0.875886232061,0.08584057925422835
0.876895937045,0.08578473189276971
0.877906547226,0.08489151663557429
0.878908377484,0.08539287171033595
0.87991664589,0.08767055946093705
0.880951436667,0.08587415171459915
0.881965029211,0.08481112291060318
0.882966413626,0.0861141621175487
0.883983433908,0.08675440487971918
0.885007940961,0.08596378823510616
0.886023193798,0.08466147067938115
0.887023531217,0.0856084002171472
0.888036949611,0.08454633003546658
0.889040323845,0.08489465759667877
0.890049592345,0.08472300948674848
0.891057799358,0.08521629580319313
0.89207231062,0.08514827992381113
0.893086261554,0.08493292805671071
0.894097308129,0.08776512339400784
0.895141802042,0.0847103782302457
0.896150722279,0.08438532700052569
0.89715598144,0.08518281115155074
0.898169958095,0.0847310140581306
0.899178389912,0.08454439060654464
0.900185196623,0.08388470224834839
0.901186012807,0.08383446766752885
0.902187385232,0.08486858895937414
0.903200177186,0.08512506782380533
0.904215919238,0.08394840392611409
0.905218460155,0.08385046399694053
0.906221051775,0.08459188009067087
0.907233980271,0.08382160965189184
0.908238360455,0.08393034840741477
0.909244642627,0.08454324182043695
0.910259332607,0.0836820033300451
0.911264344453,0.08444975413061744
0.912278771382,0.08434110488764242
0.913291969744,0.08347475097976484
0.914294921263,0.08433994241535943
0.915308863902,0.08544070533225026
0.916336786993,0.08336694935908535
0.917340730978,0.08494503368017442
0.918364652717,0.08310594467111866
0.919367139027,0.0830080059903622
0.920368369268,0.08329105390434516
0.921373060841,0.08308058151919664
0.922376651723,0.08405399433324844
0.923394097632,0.08608855738427723
0.924438596001,0.08362006128518178
0.925454700984,0.08336955729505026
0.926467828598,0.08238891103193571
0.927468529594,0.08309903280397352
0.928477649422,0.08345786162591866
0.929491067277,0.08265341111254497
0.930494488815,0.08415517530083216
0.931516263557,0.08292465613062501
0.932523342434,0.08268375965138015
0.933527780808,0.0829724206119807
0.934536231502,0.08240883006932045
0.935538219604,0.08271382597134223
0.936544273583,0.08401850445821166
0.937567915686,0.08360113637086242
0.938587763671,0.08202121710410143
0.939588024027,0.08209128884570323
0.940588573793,0.08301029916516342
0.941599895106,0.0828022183562348
0.942609605318,0.08219882123927733
0.943613592368,0.082656106218762
0.944625078578,0.08171654129733152
0.945626941373,0.08428597068373622
0.946660744046,0.08234656698178608
0.947670720527,0.0819723236952531
0.948676257408,0.08204769198725914
0.949682602387,0.08360535636835613
0.950707897704,0.03733795949233934
0.951165728038,0.0826498961603393
0.952179686737,0.08166239366027636
0.953182661713,0.08281142264311994
0.954200307255,0.08212699968150329
0.955210237852,0.08149628774293695
0.956212694458,0.08255372280407576
0.957227206507,0.08357287590725809
0.958253714327,0.08232106903729726
0.959265455027,0.08227391343865668
0.960277713102,0.08206561155427657
0.96128853785,0.08189215060520032
0.962298794572,0.08185016476796085
0.963309391454,0.08149603036275557
0.964315577971,0.08240497399657701
0.965333122186,0.08113966891565914
0.966335666401,0.08210803007392513
0.967350877769,0.0844623984415919
0.968395311855,0.08173583673422322
0.969405729317,0.0810732197647888
0.970408320211,0.08490618718153813
0.971459841057,0.08115587847984497
0.972466231821,0.08176495374450797
0.973480145913,0.08173193696016062
0.974493567636,0.08155825439236611
0.975506322393,0.0827772818033915
0.976535397601,0.08045627232510068
0.977536169649,0.08078986948814884
0.978541812994,0.08105695608340216
0.979551383318,0.08088000236676346
0.980560598311,0.08043711406438558
0.981566098532,0.0802722464955588
0.982570045997,0.08044046136672671
0.98357614337,0.08305398983949892
0.984614546363,0.08102036829908388
0.98562754101,0.08021978226649809
0.986629997975,0.08110700814890053
0.987643155025,0.08066455045730944
0.988652304287,0.07976281800992484
0.989652366868,0.0798377062477537
0.990654727852,0.08102064109304818
0.991672174896,0.0831954059630892
0.992717241646,0.07995824071640853
0.993722695359,0.07953553461365881
0.994723375049,0.08015333570097216
0.995731440615,0.0011323889562143592
0.995745678896,0.04307438945023977
0.996287223586,0.030077863025346555
0.996665424895,0.006520169777697344
0.996747434491,0.05439817033773024
0.997431117794,0.07971660001064262
0.998431206906,0.08034880403551281
0.999439208186,0.0798700112625917
1.000443163499,0.0798478750180684
1.001448528448,0.08036047757833947
1.002460906869,0.08008471356905247
1.003470127026,0.079755747547814
1.00447607516,0.08125178287338555
1.005501566244,0.07954017141598768
1.00650514349,0.0799156759288799
1.007513409174,0.0795718475123087
1.008518292066,0.08016940641085292
1.00953150316,0.08138193788232509
1.010560888315,0.07985091411741008
1.011571799715,0.07978060027040002
1.012581852836,0.07926354853763802
1.013585046484,0.07905695279804849
1.014585813185,0.08041806395963075
1.015603383866,0.07995567062163238
1.01661427545,0.08025935851107459
1.017629178392,0.07940500060244432
1.018633797548,0.08021867407325678
1.019649048275,0.07977365105482849
1.020659091845,0.07944908217061658
1.021666506292,0.07931361879466867
1.022674284191,0.07874584236716321
1.023676280015,0.0797200894207486
1.024691581877,0.07892519383251433
1.025697071639,0.07917028378169157
1.026705533986,0.07908859325289606
1.027713452348,0.07883154676221671
1.028719542631,0.07949372039097072
1.029734417561,0.07974922719627552
1.030751887075,0.07856983712378868
1.031754162506,0.07940045162595243
1.032766908328,0.07879618767609382
1.03377242403,0.07865730035703106
1.034777415549,0.07927007985307394
1.035791376829,0.07851124816383045
1.036796704445,0.07824629984843458
1.037798941857,0.07923031182884899
1.038813691332,0.07877198671420224
1.039823227863,0.07872221901154587
1.04083308962,0.07888330967047599
1.041845346995,0.07817560791513029
1.042848498537,0.07879919246422913
1.043859374946,0.07816115840991247
1.044861739738,0.07883932973989703
1.045872338794,0.07849592411034526
1.046879077501,0.0782434344386789
1.047884096746,0.07854089859415356
1.048894270364,0.07791623242507736
1.049897224503,0.07784062843526568
1.050899949085,0.07786903828996863
1.051903910066,0.07799522046295557
1.052910280218,0.07792361862788492
1.05391755446,0.07746514418047248
1.05492126224,0.07715404106804245
1.05592275827,0.07759333547202082
1.056930564997,0.0785783655662304
1.057951210386,0.0771618009795407
1.058952812258,0.07829283156427722
1.059968338587,0.0772208404468098
1.060969961147,0.07901430225742405
1.061995296969,0.07730930932773189
1.062999447213,0.012428066005433409
1.063160991849,0.07790664105629962
1.064176245522,0.0764402635530312
1.065176546821,0.07629604190075748
1.066176921736,0.07699037019579005
1.067186520533,0.07732445362036439
1.068200975072,0.07741351402139877
1.069217597573,0.077759403769367
1.070238265551,0.07695507601521168
1.071246934485,0.07705484438098864
1.072255699496,0.07833311783493455
1.073280058743,0.07758593586482877
1.074294340587,0.07727873581383991
1.075304155616,0.07977089963248354
1.076344744726,0.07719225356641454
1.077348455863,0.07771046216912335
1.078354658425,0.07866997939238626
1.079370639449,0.08110002886034845
1.080416973589,0.07877763109055294
1.081432864196,0.07887959257704386
1.082450902775,0.07887508748024981
1.083469604371,0.07822994011221526
1.084480750608,0.07979131200287135
1.08551282604,0.07806244564311371
1.086522164757,0.07945637884734955
1.08754937054,0.07796192360153711
1.08855699444,0.07750612339462337
1.089557261273,0.07766461422016548
1.090558132394,0.07887126196503583
1.091574167155,0.0808452102488639
1.092615962822,0.07829949248435268
1.093626417232,0.07759532694230736
1.094629697943,0.07804599557584443
1.095640183163,0.07778344298617072
1.096648459869,0.07800748837493707
1.097661472121,0.07735018102634297
1.098668340228,0.07673868090629891
1.099669401269,0.0765757194239554
1.100670049744,0.0769352525248774
1.101676789993,0.0763162127261732
1.102677049582,0.0768748515182534
1.103687488904,0.07616735806140748
1.104692279568,0.07593927981808143
1.105697068065,0.07540036810549577
1.106697227351,0.07672331930213899
1.107715915208,0.07588174719493673
1.108723631454,0.07605869455550227
1.109735212006,0.07522936279375753
1.11073734172,0.07549616089837148
1.111744187028,0.0756408932014924
1.112754445711,0.07560091754782242
1.113766139283,0.07600799154939845
1.114784683997,0.0756491702695405
1.115799803759,0.07459267491378369
1.116802246716,0.07466319792979507
1.117806689693,0.07509809745484544
1.118818197024,0.07503161454306581
1.119830062505,0.0746732635618808
1.120838406257,0.07432955105218564
1.121843056023,0.0743451938510422
1.122848725807,0.07430856841000641
1.123853996743,0.07398285053620207
1.124854673951,0.07400980540500957
1.125856224178,0.07476742316983556
1.126868712048,0.05902434309528198
1.12766822323,0.07430323409424705
1.128674935055,0.0739458391845392
1.12967768022,0.07370899304917634
1.130678221073,0.0763271857326498
1.131714542023,0.07489192763635201
1.132730485141,0.07407651297380598
1.133734899503,0.07515318124143076
1.134753834828,0.07412720314655141
1.135758773243,0.07393617460136674
1.136761950971,0.0751488823357841
1.137781808439,0.07411569056047315
1.138787102308,0.0744063605550798
1.139796789014,0.07419586731170606
1.140804670713,0.07480290526519659
1.141822142252,0.07535252427249284
1.142847206837,0.0739988144587542
1.143853855504,0.0737898275511279
1.144858885653,0.07472375037539894
1.145876969801,0.07353852906418415
1.146879097052,0.03873809200767646
1.147407278769,0.07396599525580255
1.148415671515,0.07378019075188638
1.149421072537,0.07396715889719441
1.150430251751,0.07333334021649318
1.15143316481,0.07354229661141372
1.152440514065,0.07314256059413478
1.153443218733,0.07359462713056336
1.15445283324,0.07322453461828511
1.155457447105,0.07315234277300954
1.156460377633,0.07384746890430836
1.157473626794,0.07361073823478086
1.158485286848,0.07287594620348434
1.159487640326,0.07298407819050703
1.160491351609,0.07457359610901573
1.161516464292,0.07330556971413042
1.162524002759,0.07354575047756988
1.163535154991,0.07287557330176761
1.16453750572,0.07321446810668707
1.16554496287,0.07314703945833143
1.166551748383,0.07331404708309905
1.167560552652,0.07286752542177229
1.168562995254,0.07309560237495895
1.169569010986,0.07415421680344268
1.170590659811,0.07251363670319276
1.171590791274,0.07444036340576933
1.172618226533,0.07355510851632062
1.173634255934,0.07352078993570277
1.174650985617,0.07226393299773852
1.175651125678,0.07246167595420477
1.176653953465,0.0726735186704452
1.17765950853,0.07306940613607991
1.178670262461,0.07287701748683137
1.179678148114,0.07280418773096077
1.180685655735,0.0731569883007734
1.181698423574,0.07255867264341696
1.182703013807,0.07272111270291363
1.183710015426,0.07234079927957107
1.184711444158,0.07234584807044307
1.185713295846,0.07228631951169659
1.186716041,0.07229129371718382
1.187720245481,0.07230171683899815
1.18872553621,0.07195644125055366
1.189727139296,0.072711838472893
1.190740003395,0.07260244432678027
1.19175147432,0.072111892429551
1.192756266876,0.07265115190074041
1.193768861515,0.06024319329406017
1.194608520994,0.0725987834517957
1.19562103544,0.07161011421535379
1.19662107694,0.07205912090640285
1.197628538485,0.07180439393435571
1.198632980405,0.07178757510355964
1.199637973326,0.07327426008889587
1.200663574334,0.07213622281229105
1.201672332971,0.07329068210838474
1.202697546973,0.07180523746458486
1.203701778626,0.071803175341694
1.204705357795,0.07182823685413625
1.205710193745,0.07231946417637522
1.20672340779,0.0721364673526318
1.20773450448,0.07225613606798355
1.208747344464,0.0724661540934915
1.20976331059,0.07228286399022125
1.210777623551,0.07122619080031971
1.211777994438,0.07129124488009561
1.212780351357,0.07169749315566755
1.213790036787,0.07160943807757938
1.214798594954,0.071252543943721
1.215801612325,0.07249307352972875
1.216822226642,0.07232066188671407
1.217840990808,0.0714789463662754
1.218848676792,0.07106948180554108
1.219850822931,0.07172007271286558
1.220861886846,0.07128249547279648
1.221866793603,0.07195069997516965
1.222881142301,0.071338249415142
1.223887052707,0.07212319015792776
1.224904611224,0.0714114350962898
1.225913122289,0.07198811418050882
1.226930512971,0.07091660439926377
1.2279330115,0.07091936518042466
1.228935990844,0.07115272423537876
1.229942309833,0.07237815174749615
1.230965564427,0.07115763461647863
1.231971955996,0.07184877869278515
1.232989335602,0.0711229180404964
1.233997565701,0.07080965011216186
1.235002857904,0.0704137268221874
1.236004229184,0.07045954422120557
1.23700719068,0.07030294822264507
1.238008515572,0.07123116854087941
1.23902362271,0.07055860563240096
1.240028486662,0.07085206904213014
1.2410364252,0.07057318907548307
1.242040566479,0.07050719318666902
1.243043814422,0.07078726255064512
1.244050871518,0.07177613419793444
1.245071963542,0.07055573074910604
1.246075851913,0.07124044731916825
1.247089907536,0.07073057427014241
1.24809691033,0.07064684998726631
1.24910385553,0.07098800702810122
1.250116586397,0.07017464653097372
1.251117695942,0.07057366382114102
1.252123744017,0.0705706838078093
1.253128913064,0.0703630562124404
1.254131302051,0.0703122416209618
1.255133836891,0.07034368288448245
1.256138404539,0.07019622240981978
1.257141501523,0.07027221675451958
1.258146418766,0.06996854683638316
1.259149061082,0.06981099746774036
1.260150152582,0.07158598520760313
1.261176837719,0.07080916935874976
1.262193252814,0.04862731489379398
1.262891732561,0.06978901165293083
1.26389436834,0.07009406542615279
1.264901313773,0.06987667848652794
1.265904873245,0.07018477699584133
1.266912332522,0.07090085650198046
1.267929793391,0.0697697387727844
1.268931136326,0.07002101564561129
1.269936888551,0.07016011805441597
1.270945747517,0.07026243086888795
1.271956183447,0.06997318374089614
1.272962751117,0.06982547273939589
1.273968264466,0.07103660059839743
1.27499129464,0.0696624072134014
1.275994954789,0.06992427659732038
1.277003648032,0.06936327184466602
1.278004380911,0.06966307323233005
1.279009624166,0.069675802692364
1.280015877384,0.06961770406645017
1.28102253065,0.07010337602390021
1.28203768929,0.07032166085274295
1.283056716599,0.07013929226707469
1.284073225653,0.06960367060752583
1.285082430344,0.06906679024004697
1.286084317649,0.06959868790040134
1.287093720802,0.06976135539491927
1.28810579235,0.07005218867366067
1.289122415127,0.06938671477283118
1.290128502263,0.06976245182750365
1.291138970232,0.06927746073298809
1.29214220596,0.07040237782991378
1.29316187516,0.06966392677177163
1.294171304834,0.0697162462364506
1.295181875725,0.07058690757788674
1.29620485704,0.06915023006131824
1.297207265566,0.06945157027707208
1.298214338671,0.07010152629558478
1.299230582962,0.069609224841341
1.300240452175,0.07113945187940722
1.301274757874,0.06917965582231073
1.302282261109,0.06906186021143174
1.303288513383,0.06989220726785901
1.304307409952,0.0695718650117877
1.305322469744,0.06864551897871823
1.306324593235,0.0688504327010139
1.307329754076,0.06875883586455402
1.308333251185,0.06877346525832229
1.309337043113,0.0691362399506348
1.310345904378,0.06868548029784989
1.311348339047,0.07008062403447575
1.312371794273,0.07003381693325764
1.313395124967,0.06874623375553675
1.314399910799,0.06922802351304201
1.315411466619,0.0686200574343714
1.316414032632,0.06915091812331398
1.317424327685,0.068467327094106
1.318424582475,0.06881747601060324
1.319430497382,0.06872843523167145
1.320436632011,0.06856717599034953
1.321442349871,0.06866756229709256
1.322450824064,0.06873712198552018
1.323461158693,0.06875285900462438
1.324472429946,0.06901871192133069
1.325488024609,0.06922482029370404
1.326507053231,0.06798132779704463
1.327508365914,0.06872560843563212
1.328520576973,0.06926783297937648
1.329539904402,0.06892055152993193
1.330553830887,0.06856123882244985
1.331562505003,0.06846934655374798
1.332570281142,0.06819440753453856
1.333574758044,0.049128300099419056
1.334298822021,0.06928083991140602
1.335320994387,0.0682305946304742
1.336328581071,0.06909050586615713
1.337347870114,0.02396509104570477
1.337701015918,0.03221907550080816
1.338176053019,0.015747407165616404
1.338408444183,0.021606800685037248
1.338727523691,0.04570215798940787
1.339402722022,0.06543704753128912
1.340369084022,0.0637018384956729
1.341309260932,0.0678807795591232
1.342311697007,0.06761533658457523
1.343311814483,0.06858858755723003
1.344327164264,0.06856972305915814
1.34534228743,0.06810575531720449
1.346350499292,0.06805243064766923
1.347357793757,0.06403859962971671
1.348306304025,0.0637907654142728
1.349250997977,0.06857393957389586
1.350266251973,0.06871768670211885
1.351284669833,0.06791441094073564
1.352292062414,0.06821960487102492
1.353304421541,0.06892568575956368
1.354327300975,0.06753979976685728
1.355329869329,0.06759417286669114
1.356333739762,0.06872769239792995
1.357355147016,0.0678636780735628
1.358364569849,0.06790005315508671
1.359374978256,0.06730503983361688
1.36037642457,0.06764459126766804
1.361381892797,0.05869208635959918
1.362253412763,0.06588615207205731
1.363231796009,0.06762490369693727
1.364236876496,0.06740767513787005
1.365240273099,0.06751526949214859
1.366246635181,0.06704665953858718
1.367246674432,0.06743010292726273
1.368252786114,0.06758803696150069
1.369261804465,0.0654012387448277
1.370238842312,0.06577460060851584
1.371221925325,0.06723195352679728
1.372227231069,0.0669099898434161
1.373228330789,0.06695453825775158
1.374230507554,0.06749606547665873
1.37524081533,0.06682980036246162
1.376241138028,0.06687625701659834
1.377242262262,0.06765355956853271
1.3782552905,0.0668143401379589
1.379256372715,0.044543548012042085
1.379924185121,0.06784804317079404
1.380941213268,0.06674381477748005
1.381941685751,0.0669021595952359
1.38294556734,0.06787045971575992
1.383964825761,0.06593391792612238
1.384955030378,0.06753039727581267
1.385968824144,0.06666071661401282
1.38696924489,0.06695365611793364
1.387974234243,0.06859637950473557
1.389004907461,0.06727224376315082
1.3900173213,0.06685831883679733
1.391024790753,0.06357380922236172
1.391983020941,0.06710652293043122
1.392994257714,0.0665321430743237
1.393997359923,0.06631063368491703
1.394997963707,0.06294572652008953
1.395948233187,0.06704200914675099
1.396961029654,0.0663050113791018
1.397963353185,0.061818169656158335
1.398898415339,0.06644094794574028
1.399903760198,0.06636293962369
1.400907843347,0.06740086891357953
1.401927618649,0.06645144358202473
1.402932844399,0.06631006226853506
1.403935404654,0.0664786669959142
1.404940456788,0.06685384395412429
1.405951812594,0.06620161204377936
1.406953852287,0.06648472770109605
1.407960514725,0.06615435245504053
1.408962237446,0.06665874710358471
1.409971209955,0.0663129411637548
1.410974948458,0.06662062728100945
1.41198383337,0.06619208495602981
1.412986655911,0.06635201115898688
1.413992144863,0.06619521959660474
1.414995728365,0.06432140953703895
1.415971946863,0.06729942459224768
1.416994043275,0.05665234162921218
1.417854565022,0.060034987590602
1.418766675779,0.06615648133687962
1.419772266856,0.0658266554157046
1.420774409829,0.06575303438132046
1.421777228919,0.06591094895173406
1.422782951666,0.06177250893063711
1.423725348033,0.06597169502777922
1.424731467144,0.06251534740549694
1.425685514009,0.04307883720969467
1.426343572154,0.05640804408432246
1.427205762355,0.06355598741510529
1.42817834404,0.06560770850087434
1.429183400987,0.06551396255298227
1.43018786422,0.06599600501607357
1.431199926373,0.06562870386470025
1.432205963327,0.06589817047005944
1.433215764708,0.06583344879684772
1.434224188051,0.06598411822640564
1.435234646709,0.0666502307348824
1.436255177465,0.06607614083150189
1.437266800792,0.06558070862692342
1.438271127443,0.06563141702340981
1.43927685923,0.06538595222178714
1.440279005992,0.06530531431469622
1.441280219784,0.06574801899238962
1.442288824836,0.06542774114798355
1.443292626184,0.06552322298549997
1.444298021654,0.06265100808319438
1.445259982094,0.06539873060453055
1.446264979867,0.06564728456134188
1.447274590962,0.06541210188888712
1.448280951714,0.06518003519255199
1.449283903876,0.06509616081555043
1.4502858513,0.06559669828480008
1.45129533143,0.06503221076289437
1.452295683662,0.06598706101624373
1.453310675329,0.06503457300420026
1.454311421554,0.06573161656125094
1.45532344016,0.06500088854000792
1.456324462294,0.06532620493125066
1.457330413128,0.06616230813592297
1.458349189433,0.06519639394647339
1.459353359045,0.06286709373520243
1.460322209338,0.06581440190895903
1.46133672772,0.06655094805886617
1.462362465533,0.06529057399093141
1.463369408182,0.06483226053261835
1.464370502497,0.06521087578139693
1.465378047066,0.06476750807868076
1.466379132108,0.06483210035211023
1.46738167046,0.06518410072657543
1.46838983257,0.06514143608706176
1.469397986992,0.054671009056412825
1.470244525527,0.06367566994694364
1.471230100414,0.06475588197384616
1.472232079512,0.06474262370485817
1.473234524899,0.06457674261139369
1.474235534747,0.014745573922624827
1.474464240401,0.06528126854987307
1.475476662297,0.06461942574254276
1.476478624572,0.06469188104575499
1.477482361096,0.06498778658344141
1.478491053985,0.06513959084948767
1.479502205401,0.06469151560862597
1.480506803502,0.06507237427826738
1.481517576657,0.06462544025308896
1.482521387918,0.06448609258678326
1.483522614083,0.06451095435470311
1.484524518904,0.0645970489421364
1.485528710817,0.06492252603669149
1.486538282637,0.064322001885345
1.487538575524,0.06451508258048967
1.488542334521,0.06429261229558672
1.489543225989,0.06439074864595523
1.490546226978,0.06453851818139954
1.491552007922,0.0633957054212865
1.492540325458,0.06523156735915775
1.493557354041,0.06481769641113418
1.494568444389,0.06410195189165754
1.495569046727,0.06436731948799193
1.496573658961,0.06508602396599898
1.497589397123,0.06425827744995756
1.498592479982,0.05705602755067136
1.499483387696,0.06409164376005096
1.50048387618,0.06437863300249802
1.501488454311,0.06403314974237177
1.502488955184,0.06437906879166394
1.503496348064,0.06456926593737147
1.504506916492,0.06507354624678063
1.505525007776,0.06462758264653931
1.506535838747,0.06435207741561193
1.507542429292,0.06450172186221183
1.508551261399,0.06424994760262219
1.509556270751,0.06435523754283136
1.510563731315,0.06429140632615583
1.511571563994,0.06401185049668676
1.512576234319,0.0640478998151181
1.513582227642,0.06414367265704773
1.514590239347,0.06369966435471917
1.515591684515,0.06379310271420625
1.516595065771,0.06465463361200723
1.517612186942,0.06359231904189361
1.518612529586,0.05835008418930464
1.519530561551,0.0640109230352193
1.520537759849,0.06369897009866644
1.521540001372,0.04494076622928553
1.522247286609,0.06415740712959735
1.523257798686,0.06353194651728256
1.524259026571,0.06353943614114228
1.525260446545,0.06384287791647975
1.526267109446,0.06392321868037466
1.527275142946,0.06349074156447476
1.52827633098,0.06395192636566337
1.529284771539,0.06422262314666628
1.530297811616,0.06367918454793482
1.531302992694,0.06363049722184905
1.532307729071,0.06373630330607925
1.533314579177,0.06343185008272517
1.534317201939,0.06416037568232115
1.535331380709,0.06429702608592143
1.53634784917,0.06370348474109307
1.537355675846,0.06328012518765351
1.538356730391,0.06358847912230042
1.539362386352,0.06336628499419562
1.540365180284,0.06322242730235643
1.541366896991,0.06422029758721569
1.542385075949,0.06337947166074993
1.543389852629,0.06346014751311112
1.544395771508,0.06361365604995513
1.54540402576,0.0501648767089869
1.546198841521,0.06341402239346847
1.547203141,0.06314787935052993
1.54820462379,0.06363151314954506
1.549216361927,0.06374351882034238
1.55023119064,0.06362275323581554
1.551244149387,0.06350147005614606
1.55225467634,0.06331371770970623
1.553262078097,0.06315895806842382
1.554267391561,0.06302133212791035
1.555271138849,0.06291591864654494
1.556273186187,0.06318009882592053
1.557279394801,0.06343572864621257
1.558290757619,0.0628678891433348
1.559293899074,0.06341149555532936
1.56030579398,0.06197662873644294
1.561294472489,0.06308350782444322
1.562300855331,0.06323115258112647
1.563310227481,0.06301637196690271
1.564316707157,0.058787582751717436
1.56525573715,0.04703868602056109
1.566006891509,0.06326755862045902
1.567017067239,0.06297784362307157
1.568023471854,0.06259989263150961
1.569024682972,0.06304076702216799
1.570033312845,0.06337613970575032
1.571048023234,0.06259741948825244
1.572050730198,0.06290595042879944
1.573058610456,0.06246195831042011
1.574059534851,0.06285090568121868
1.57506687082,0.06265981791684298
1.576071180253,0.0631540323222965
1.577083176651,0.06366164471927763
1.57810335423,0.0628804130503225
1.579111485827,0.06273745974758412
1.580117463754,0.06269334682767268
1.581122304021,0.06251754795221759
1.582124034923,0.0625220992598494
1.583125438699,0.06278286796700074
1.58413177553,0.06271285292032575
1.585138523066,0.06263842927995418
1.586144332694,0.06250869562736
1.587148305437,0.06259410243453692
1.588154052767,0.06237877666479329
1.589156569341,0.06271780587038354
1.590164731619,0.06244968851382445
1.591168347321,0.06243691924422802
1.592171816795,0.06284109854534123
1.593182203507,0.06236782158609342
1.594185574496,0.06252544013975787
1.595192216555,0.06209391936554768
1.596192536896,0.06249578518204328
1.597199751524,0.06275968440473013
1.5982117464,0.06227281942926302
1.599216208411,0.062177562518802194
1.600218811475,0.06225670476008618
1.601222383058,0.0630154816345685
1.602238005443,0.06290227886640115
1.60325194278,0.06316255981823936
1.604270665104,0.06284048727277673
1.605284968353,0.06271173030372863
1.606297785238,0.06250964317088084
1.607307492863,0.062250043595323955
1.608312784647,0.062137551381246076
1.609316301538,0.06242404533096288
1.610325013052,0.06192762256454099
1.611326125618,0.06208799987968369
1.612329869885,0.062380671278207594
1.613338391245,0.06250807598363364
1.61434977336,0.06213883704722442
1.615356383268,0.061834242587477446
1.616358380002,0.055733089842728144
1.617261452428,0.06201634341192248
1.61826679427,0.06210593616421418
1.619274029631,0.06229640490341605
1.62028514407,0.0616511708632382
1.621286894713,0.06142925266214854
1.622284924087,0.06183388178417769
1.623289207126,0.0615665319095925
1.624290001087,0.06192725577470368
1.625298066591,0.06217486233096719
1.626310915632,0.06165307227087277
1.627315861044,0.06207897890636236
1.628327981238,0.06140547492723999
1.629328653649,0.06189412635361782
1.630337217879,0.06160751910902646
1.63134089128,0.05893362950125622
1.632301247369,0.06164656318049817
1.633307279808,0.0617968899958656
1.634317589271,0.06108156751255478
1.635317595961,0.0613792999117168
1.636322889103,0.06141783286006391
1.637328478002,0.06190263557974163
1.63834208275,0.061233326081471424
1.63934477689,0.0614250871720046
1.64035018348,0.061716436572496314
1.641360358412,0.061479439448644646
1.64236753378,0.06147126082232634
1.643374762659,0.06135216269297881
1.644379608936,0.06144001003205413
1.645385952532,0.061520139773723996
1.646393525676,0.06146449329386335
1.647400658605,0.061114620961676455
1.648402164421,0.05738185192458843
1.649341559473,0.06153578996505721
1.650348752779,0.06130034258871053
1.651353029815,0.061352256777783415
1.652359815153,0.06161632218706579
1.653372411698,0.06126645304915025
1.654379932994,0.06100465887038634
1.65538306005,0.0620410173985195
1.656402031291,0.0615843456023358
1.657412781557,0.06159952812311262
1.658424619041,0.061039665101741226
1.659428288586,0.06128474319415505
1.660436406635,0.061675936875095934
1.661451505961,0.060758747719605946
1.662453155221,0.060916574814519266
1.663459034489,0.060704410105955876
1.664461563372,0.061633787240100754
1.665478877863,0.060825301050966264
1.666482213932,0.01828869986985243
1.666783772489,0.06083097002365982
1.667786268332,0.06145818573212287
1.668798354289,0.06162389180188518
1.6698134578,0.060835796812734586
1.670817220161,0.06068459006440178
1.671819947513,0.06105274716721682
1.672828629001,0.06082209134210392
1.673833356612,0.06107920108596525
1.674842815129,0.061771515765922644
1.675863727956,0.06063018671802271
1.676865955484,0.06082753531367143
1.677871329725,0.06074372608480681
1.678874549292,0.10925556504422858
1.680679938336,0.06047402194725442
1.681680761167,0.06069389674006713
1.682685961523,0.06039308836683184
1.683686546681,0.06106347554988726
1.684699535211,0.060289792922726314
1.685700731524,0.06030868407211778
1.686702259896,0.06025762882619421
1.687702987435,0.060480176946480356
1.688707469188,0.06173241867606911
1.689733015714,0.060306670399994836
1.690734509332,0.06073850140666087
1.691742688826,0.060968520043971866
1.692755312327,0.060763461502437326
1.693764788336,0.06037784068009342
1.694767383689,0.06087882780164753
1.695778511645,0.06071856366879504
1.696787222397,0.060246096673497174
1.69778798744,0.06046350099986573
1.698793327111,0.06045094136749231
1.699799738643,0.06094186114545804
1.700815028134,0.06030628064736206
1.701820087602,0.06003055810250893
1.702820941779,0.0611460175158166
1.703840428158,0.06059552986125239
1.704850097103,0.060435213725118925
1.705856892231,0.060264303074482745
1.706860945435,0.06060585050957332
1.707871002655,0.06054314957190411
1.708880291902,0.06040778296132799
1.709888256384,0.06015180044875137
1.710893820531,0.0604832286802629
1.71190654546,0.05980622951202257
1.712908837112,0.06035914798391609
1.713920401873,0.06092702283464195
1.714940686668,0.059826642120614386
1.715941181434,0.05992201922994608
1.716942610198,0.060247943614631254
1.717949521893,0.05997952346125777
1.718952409559,0.06105243308527661
1.719974115782,0.059758376711316334
1.720974821094,0.059877442183855455
1.721978153262,0.060110620736807806
1.722986188783,0.05628117182711132
1.723930936196,0.05993762794212508
1.724938040726,0.06163828533403871
1.725973851815,0.0597204054445933
1.726977346778,0.059843253908643375
1.727983271132,0.059763992576298046
1.728987646362,0.05965642971346147
1.72998981323,0.06031748499715048
1.731003508093,0.05988832867901601
1.732010320935,0.06007171653707635
1.733019857345,0.0599799455668561
1.734027829311,0.05960393632643634
1.73502967065,0.060248970985323794
1.736042712352,0.0596672207009902
1.737046275586,0.06010688893142099
1.738057147859,0.06011265939413034
1.739068086169,0.06081851188071904
1.740091387155,0.05985641043657771
1.741099281138,0.059493569304686134
1.742101173565,0.06018412864441923
1.74311504476,0.05986330584456406
1.744124374063,0.059651094003414715
1.745130885391,0.05947986112857285
1.746134943992,0.05964475528118174
1.747142945399,0.059122837956710465
1.748143897034,0.05923460953282099
1.749147488961,0.05935979403088291
1.750153340311,0.05956580907655166
1.751163010717,0.05909694732456385
1.752164841571,0.05950370306456525
1.753173319955,0.05903971387232698
1.754173541086,0.059089179753907345
1.755173914151,0.05969849802312835
1.756184161985,0.05913936521807615
1.757184630298,0.05952068902918813
1.758191265948,0.059237493080004006
1.759193234012,0.059459751463239424
1.760199361749,0.059163495501397864
1.76120157752,0.05914071448104841
1.762204563878,0.059161819932402375
1.763208418756,0.05900720687538215
1.764209919623,0.059788319394301924
1.765224125396,0.05986808956320457
1.766238445549,0.059859363665791344
1.767252526755,0.06004427784721759
1.768271249535,0.059194101815974835
1.769277299482,0.059086250248520066
1.770282644658,0.05907623568678034
1.771288136961,0.05897779359108379
1.772292408216,0.059006180335852
1.773297776329,0.05983503238954537
1.774317411079,0.06002150234394166
1.775340082627,0.05869427657194762
1.77634028231,0.05903378358526304
1.777346947045,0.05302172131590235
1.778251834304,0.05908861713393929
1.779260650811,0.05902681605001379
1.78026816387,0.05868606849742138
1.781269509858,0.059045098188876
1.782277185911,0.05858670472322785
1.783277461782,0.0586602695038168
1.784279685199,0.05950102909698985
1.78529680376,0.05920466552524348
1.786308676121,0.05857451364231425
1.787309850342,0.059051404788824306
1.788319182291,0.05876032255455711
1.789323757798,0.05874571866807704
1.790328564893,0.05866979494712371
1.791332162299,0.05983427564552669
1.792355743792,0.05852532679872744
1.793357622546,0.06011078726004993
1.794387699561,0.05892825030522551
1.795397774999,0.05877184119076434
1.796405507262,0.059097488206156894
1.797419187178,0.059348218735059244
1.798437445443,0.0583021527651649
1.799438217378,0.058252078083716734
1.800438648095,0.0588104587232002
1.801449350423,0.05884457045534805
1.802460871647,0.058590581854855474
1.803468328329,0.05835695788383171
1.804472783961,0.058246815923572365
1.805476753906,0.05832687290881706
1.806482894181,0.05808373954052443
1.807484757241,0.05858073347187556
1.808494788691,0.05803143088803416
1.809495124471,0.058808427849827156
1.810509267641,0.058072765728777516
1.811511899625,0.05873062431862897
1.812526592899,0.058261465529565654
1.813532736873,0.05866366636988039
1.814545868144,0.05845886373973614
1.815555480315,0.058533218582901586
1.816566487585,0.05838798652756855
1.817575818358,0.05874713878500859
1.818591980417,0.059071399488275986
1.819614351123,0.0578678078493569
1.820616044826,0.058353290296042144
1.821625957754,0.03628270994924752
1.822253878116,0.02999605751768093
1.822773115448,0.028436061163096726
1.823265475093,0.04327793251672644
1.824014828582,0.039747248022992426
1.824702892652,0.04994302281165404
1.825567314918,0.05808062672194282
1.826573134663,0.05096579503860685
1.827456654564,0.04939194306396089
1.828313440309,0.04691863774681476
1.829127422211,0.05154394217415464
1.830021824737,0.05736177240769957
1.831017797616,0.050777285403272886
1.831899838376,0.057528331493281765
1.832899317793,0.053416399113795934
1.833827669648,0.04586266798736688
1.83462505291,0.057621528186205376
1.835626920653,0.057760809846972606
1.836631478815,0.0484482711934656
1.837474504,0.05758897198337767
1.838476406497,0.05752216281461609
1.839476726312,0.053754519592580506
1.840411566398,0.05043870234340569
1.841289012699,0.04791215605913577
1.842122732146,0.052100287464014156
1.843029983438,0.057394021169926875
1.844030289486,0.0575452543066429
1.845033783848,0.057913360719494246
1.846044169054,0.05757016716113294
1.847048691098,0.05571829350343983
1.848020512392,0.05738231756054747
1.849020652886,0.05110289800331739
1.849910958288,0.0544226436768005
1.85085897044,0.04856927985438582
1.85170515083,0.052717965994796064
1.852623736668,0.05542980977189145
1.853589748083,0.04921725475643284
1.854448181443,0.05165201224035383
1.855349837088,0.05777884788073829
1.856358995735,0.055362155515779006
1.857326444749,0.05090966912355985
1.858216439136,0.05450671180376962
1.859169526952,0.05812836859690109
1.860186355164,0.05714202938908605
1.861186405154,0.005326874601716489
1.861279652931,0.05717683941894167
1.862280761583,0.05749187083405604
1.863287693575,0.057624892979255195
1.864297068141,0.0572412293416545
1.865299876487,0.05796733493754564
1.866315672798,0.05726670926822279
1.867319256721,0.05712076146807844
1.868320242701,0.05456872818393656
1.869276549411,0.05516363837668166
1.870243417741,0.05733874768133883
1.871248756929,0.054041569174762896
1.872196914818,0.054655371546405714
1.873155965718,0.057150684266269444
1.874158811687,0.05718616469416687
1.875162871688,0.057479284393237615
1.876172657031,0.053568518393931126
1.877114060887,0.055214429197106826
1.878084678246,0.057075850663744064
1.87908818409,0.057502288555322516
1.880099005843,0.058290139073563216
1.881123891883,0.05691627802463443
1.882125004923,0.05124396310636514
1.883026650171,0.05701848225706061
1.884029842202,0.04993376078129317
1.884908257964,0.056912023697116926
1.88591002709,0.05769604485387204
1.886926371593,0.05742794365604037
1.887938829435,0.056679343573223184
1.888938904745,0.054358761863409745
1.889898506761,0.05695993159775668
1.890904438372,0.05667067920202015
1.891905677054,0.05679012746030941
1.892909503674,0.056578579249739386
1.893909822091,0.05186524721822997
1.89482655904,0.05675072339785835
1.895829685877,0.05085666008423989
1.896729351245,0.049609594022225506
1.897607586192,0.05659095436725328
1.898609944021,0.056898924852074866
1.899618303965,0.056542839504182416
1.900620658298,0.037149606947664365
1.901279475872,0.05277390874712413
1.902215707967,0.05662862575108751
1.903220251207,0.0571452543172107
1.904234428735,0.05327329310622759
1.905180686368,0.049511517273526914
1.906060166619,0.05667042065880901
1.907066786597,0.05099975584632328
1.907972974337,0.05156214915415358
1.908889650897,0.056458628235358126
1.909894185614,0.04911495619600689
1.910768819948,0.05235674742934831
1.911701671484,0.056619657846181254
1.912710306432,0.056325380020515056
1.913713761768,0.05625691791256295
1.914716462719,0.05612077063771289
1.915716873812,0.052355612938249516
1.916649674869,0.05653890407578769
1.917656304987,0.04869882189792397
1.918523390531,0.047353385842251544
1.919366935676,0.0556812922302615
1.92035948002,0.05518127683825513
1.921343925944,0.056360170370050366
1.92235009858,0.05678149304946599
1.923363985486,0.05581730850871471
1.9243609077,0.05647118296463928
1.925369858871,0.056382675245171654
1.926377506337,0.05273434351761663
1.927319985468,0.04968754355704196
1.928207758289,0.056049337490195736
1.929209262342,0.056376062509772715
1.93021726904,0.05650351170627069
1.931228200867,0.05627799180488389
1.932235713891,0.05642316529534201
1.933246272771,0.056227558284558235
1.934253451849,0.0560901045070253
1.935258332259,0.05606048136676021
1.936263028285,0.05133220624925604
1.937183455435,0.05588774813045987
1.938185482075,0.04723596701328415
1.939032643872,0.05335183858025242
1.939990388404,0.05499562424903369
1.940978490519,0.05121882414522922
1.941899449642,0.05097658232652649
1.942816470137,0.05448550914934205
1.943797061143,0.05572891554220932
1.944800844909,0.047929867656834504
1.945664652591,0.0104348374927416
1.945852713544,0.05610559290183801
1.94686359859,0.051317979553915434
1.947788469196,0.05599488866341238
1.948798344586,0.053847707906475445
1.949769990058,0.05046626673795588
1.950680892474,0.05036503348651219
1.951589669461,0.05469453966161497
1.952576092598,0.05109365257860005
1.953497957669,0.05564040654181097
1.954502727108,0.05563991045530039
1.955508291015,0.05592855560586248
1.956519651402,0.05569639418752188
1.957526840369,0.05541263543082405
1.95852903905,0.05554366047019726
1.959533535417,0.05587902075986508
1.960543690347,0.05552242888748402
1.961547135861,0.05358964026333616
1.962515544913,0.05537122915208313
1.963516175391,0.050220074234337664
1.964423600428,0.051765185168572654
1.965359076344,0.05543802653426052
1.966361348458,0.053839326232427404
1.967335305427,0.049273696455878306
1.968227457816,0.05519792220604636
1.969227514342,0.05521484018179636
1.970228777506,0.054529738777772785
1.971218211509,0.054349822815984966
1.972204059507,0.053937698701691204
1.973181968405,0.05232741347897101
1.974130951706,0.05231158267466081
1.975080164866,0.05047594010747204
1.975996185512,0.05407838326127035
1.976978025579,0.055482485765779924
1.977986091183,0.05513011553590421
1.978988092037,0.05545727730569322
1.979996040636,0.0556053704585562
1.9810068371,0.055137887191640575
1.982009102674,0.05546082879090663
1.983017026246,0.051686958740295316
1.983956365254,0.05547445048712418
1.984964627207,0.0516043246953319
1.985903162231,0.05386711481613011
1.986883786464,0.05525136581384925
1.987889574017,0.0549871426346997
1.988890117478,0.04787766571098141
1.989761476829,0.047600943628723
1.990628071876,0.04297876442283513
1.991410718765,0.05104647823456028
1.992340890565,0.0052271430688182715
1.992436190949,0.05502568773565998
1.993440292687,0.055271314774968154
1.994450459031,0.054976406349999125
1.995456141084,0.040661373082227004
1.996199850947,0.05477790156756373
1.997200771677,0.05146685855307317
1.998140855347,0.04964475448575163
1.999048317863,0.05536207942403208
2.000060825925,0.05154574555698041
2.001003724036,0.053575563831461365
2.001983833354,0.05307232839281253
2.002954892231,0.052419201692378625
2.003914576534,0.054799493173706394
2.004918385253,0.054790746331044936
2.005922181097,0.04665648732222528
2.00677711884,0.051369576573101164
2.007718571607,0.05225609603954145
2.008676045796,0.053996741668763296
2.009665278717,0.04935742735749468
2.010569862881,0.052673895762989004
2.011535310819,0.048169460206959204
2.012418361229,0.04517399355060708
2.01324707081,0.052332684561089096
2.014207510348,0.04614405502215208
2.015054803154,0.054753830903954324
2.016061148733,0.05383829779575378
2.017051557511,0.05436873324169921
2.0180521977,0.051776289386017076
2.019005215261,0.054630084763809185
2.020010448594,0.0435637693649566
2.020811980827,0.05302000069352346
2.021787583258,0.05479723766360272
2.022796173369,0.054553222080127535
2.023801020606,0.05448183645546602
2.024805058798,0.05443491183208246
2.025808785341,0.05492854534662612
2.026821883677,0.05430542603184979
2.027823088009,0.054545549971930764
2.02882835901,0.043673972676024284
2.029633129199,0.04805527578372543
2.030518259462,0.05436657777800136
2.031519497851,0.04731811270040323
2.032391740601,0.051772178273140054
2.033347159405,0.05435624957166759
2.034351032539,0.054733349649950726
2.035362580991,0.05422635956136876
2.0363649122,0.012515002471938574
2.036596200793,0.05428391277818017
2.037599405374,0.05217403441995313
2.038563445263,0.05475961107367925
2.039574994213,0.05424788866922248
2.04057717428,0.054804126799089053
2.041589945291,0.0501642683654749
2.042517517384,0.05429207605622898
2.043521842995,0.051780944805141026
2.04447964783,0.05477076174971794
2.045493127026,0.05432382061087275
2.04649891785,0.05414423431243988
2.04750144623,0.054137242185041456
2.048503668972,0.044324300347327594
2.049324493097,0.05053750932184977
2.050260551066,0.05234681470314066
2.051229956018,0.050432760321207595
2.052164667244,0.05406929244111166
2.05316793336,0.054551169934643054
2.054180705136,0.05122392013207733
2.055132119417,0.05122044069741668
2.056083634408,0.05463073864353927
2.057098345748,0.05413793431043055
2.058104440859,0.054119272547336277
2.059110879134,0.05290284219481878
2.060094407579,0.05397925392977419
2.061097539558,0.053850613920025624
2.062098361729,0.05449251102574339
2.063110877496,0.0549556935292694
2.064131577967,0.05444439354785423
2.065142701106,0.05423159436403179
2.066150202879,0.051566357614972295
2.067108417378,0.05273999844655976
2.068088268778,0.04935492882976473
2.069005163355,0.04944037515574969
2.069923891266,0.05324702899604971
2.070914357794,0.05372456343518073
2.071914971693,0.05383070865327357
2.072918112784,0.05389489680713648
2.073922310311,0.023562757383445362
2.074361255848,0.052213819883765916
2.075333768573,0.05401438274266851
2.076339709545,0.05374565868626985
2.077340829573,0.05020712106240354
2.078276595106,0.05417029991180598
2.079286468705,0.054019525526274176
2.080293703864,0.05043324045053148
2.081234645275,0.05393888571083013
2.082240900495,0.054136004497877775
2.083250719753,0.05414553615729319
2.084260933537,0.054502427552980896
2.085277805172,0.05464426857159958
2.0862976457,0.0537622374572227
2.087301551058,0.053867727902543974
2.088307613576,0.05407799657627866
2.089317686385,0.053555418286669376
2.09031829479,0.05428116409916565
2.09133270838,0.053948298018597095
2.092340885307,0.053898995844620386
2.093348100865,0.05355080564855441
2.094349156069,0.05417373767023712
2.095362544214,0.05383278159028217
2.096370223318,0.05348080920234428
2.097371570276,0.05370152150767864
2.098376764581,0.03798023971525186
2.099087465186,0.04793466348954414
2.099984007491,0.05459066966101269
2.101005671045,0.05334916375841631
2.102006276073,0.046634680154989366
2.102882027647,0.05379509242627802
2.103892024777,0.05220027486922914
2.104872529685,0.047383799826929834
2.105763462855,0.05042985589788166
2.106711872048,0.05425124887798333
2.107732228053,0.05336408438566779
2.108736185733,0.053612001465719115
2.109745089831,0.05348988670339691
2.110752009786,0.05359023504559698
2.111760659621,0.05396330274328732
2.112775900981,0.05356386767029186
2.113783568215,0.05339629837761205
2.114788240639,0.04931432800898679
2.11571620639,0.04815020696484139
2.116621968871,0.05342409482521469
2.117627074611,0.053215376794073156
2.118629436722,0.05307450043949917
2.119629966007,0.029591397869281312
2.120187786084,0.053080449082552605
2.121188329136,0.05332876154051613
2.122193546089,0.053193532332010324
2.123196102545,0.05313106844515465
2.124197406402,0.053085256876593136
2.125197592404,0.05310058407046381
2.126198070528,0.05108290525714195
2.127160633017,0.05354894842669371
2.128169723177,0.05316627354578852
2.129172145708,0.05319296980690261
2.130175712793,0.04965844799194708
2.131113302717,0.05310332781395693
2.132116439847,0.053073980283058785
2.133119291007,0.051307635447275145
2.134089223971,0.052943378986084866
2.135090445781,0.05298770569031295
2.136092671749,0.052477563256762005
2.137085507987,0.050163466971021205
2.13803479555,0.05056856353445037
2.138991641634,0.052108503073075546
2.139977642003,0.05302910104847079
2.140981851504,0.052830009727669665
2.141982972319,0.05303444994887624
2.142988320847,0.04313420750785305
2.143806403994,0.05331116872521701
2.144817670923,0.053265352751552614
2.145827997942,0.0533742238333788
2.146840789246,0.052685475394708456
2.147841363697,0.051570739176825926
2.148821093141,0.05268997630228198
2.149821715579,0.049380363130644346
2.150759418898,0.0535331897363944
2.151776344366,0.05303729314721079
2.152784861814,0.04522136905505776
2.153645661015,0.05155273979760909
2.154626487806,0.052787232043935615
2.155630092205,0.052761773472336036
2.156633488863,0.053072617008773075
2.157643516756,0.05288483321622894
2.158649849588,0.052775586614537254
2.159654032899,0.052772985990442944
2.160658943506,0.0527164958158039
2.161663069845,0.05211183018703866
2.162655423356,0.050876198813487095
2.163624009568,0.052718857904018895
2.164627754321,0.052577145412906964
2.165629439032,0.0485404047232232
2.166555245906,0.010338890348345587
2.166752543287,0.05210250068627865
2.167746659832,0.05266521874120099
2.168751760608,0.052842373973032424
2.169760893553,0.05236183313404101
2.170761394087,0.05245044712877465
2.171763994348,0.05263649991781745
2.172769916182,0.052703607107976634
2.173776971474,0.05249776954435953
2.174780185526,0.05319251071482397
2.175796436269,0.05322593520027914
2.176812800192,0.052414838011191206
2.177813073608,0.048926370990639026
2.17874664474,0.049918585368462005
2.179699294164,0.050045817702411295
2.180654797389,0.052929385510182975
2.181666261532,0.05261233126327083
2.182672793903,0.05228687658110779
2.183673757971,0.052411040075037024
2.184677349848,0.052493073808555966
2.185682522257,0.046845929064198814
2.186579457281,0.03637615265841574
2.187275873056,0.05231493053014801
2.188277523958,0.052688624208615274
2.189286811689,0.052652163599675596
2.19029606039,0.05288851022301809
2.191310141575,0.05293269942763134
2.192325382068,0.05227908723051872
2.193329102912,0.04903281670463598
2.194271132232,0.052419019377647494
2.195278087334,0.05232624713105919
2.196283362215,0.05232638142401502
2.197288763182,0.052123587534017364
2.198290056026,0.04692573332450785
2.199191645509,0.05198817096866313
2.200190661456,0.05250649508969469
2.201199193785,0.05232418520996897
2.20220462129,0.05225844086283365
2.203210124385,0.05207639696578683
2.204212743455,0.04976053339642456
2.205170716948,0.052278385525838016
2.206177399907,0.05088719680168967
2.207157993626,0.052351652234277145
2.208167032905,0.05266332426170727
2.209182282009,0.05226931066607679
2.210190092019,0.05194432803145997
2.211191626771,0.050292970483317614
2.212161266251,0.052009481641350594
2.213163634765,0.016767698297392518
2.213486719765,0.05226935582826515
2.214493933823,0.0522459972054468
2.215501098781,0.051858498854553826
2.216501328758,0.05223727659375796
2.217509177273,0.051896658047711375
2.21851000904,0.05229920776755283
2.219518140771,0.05213253190789891
2.220523458302,0.05002495031366053
2.221488588688,0.05197892266260588
2.222491194834,0.05184238466397836
2.223491337426,0.05218910916043855
2.224498996635,0.05226307976592043
2.225508839683,0.05204675225005301
2.226515050261,0.05192595512347353
2.227519281369,0.05002056344553519
2.228486687306,0.049046222867046796
2.229434862641,0.05188611956995739
2.230437830853,0.050655418531437374
2.23141776055,0.050040832797429054
2.232386526886,0.05251924180510759
2.233403396766,0.05213805537434466
2.234413142362,0.05183289322268239
2.235417671898,0.052108917970532236
2.236428069389,0.051647278400676566
2.237429862559,0.051781865690552466
2.238434761901,0.051602716940517046
2.239436623491,0.05182814647630468
2.240443613779,0.05158344377767345
2.241446358845,0.05244667574444298
2.242465706131,0.05173590879956611
2.243471034395,0.05180505419022251
2.244477810564,0.05165514829357326
2.245480976492,0.052068552195117475
2.246491444297,0.051450779971484374
2.247490171482,0.04824274413868033
2.248426832467,0.04845135697258378
2.249367848871,0.05147317431926047
2.250368001129,0.0497193854116619
2.251335113742,0.050335038185072525
2.252315441598,0.05147272689902501
2.253318708002,0.05180558395402411
2.254329343891,0.05133684964399584
2.255331497286,0.047778507154844274
2.256264269571,0.04782133280840615
2.257197509203,0.05208180156573783
2.258213629275,0.051703660933487605
2.259223506589,0.028642684388267226
2.259783672759,0.049689367224878093
2.260754993573,0.05166934500149346
2.261764185173,0.051552761573361486
2.262771291334,0.05189408962643441
2.263785828575,0.05191976488100463
2.264801213597,0.05162088999296339
2.265810660088,0.0492240693213308
2.266772778602,0.05144457984818081
2.267777468,0.051629864876142365
2.268785750157,0.05134466258167741
2.269789274549,0.05132275278213621
2.270793373998,0.05162957898622441
2.271804267494,0.05119478629244168
2.272806943536,0.05153518611284232
2.273817030489,0.05153154518612574
2.27482724841,0.05140624121250821
2.275834859306,0.05130139801760841
2.276841154117,0.051635670092650965
2.277854706557,0.051332065123547224
2.278862070383,0.051460407600382445
2.279870852695,0.05145559216264575
2.280878727572,0.051106335036877934
2.281879674197,0.05189268499045275
2.282896363334,0.05146942765490661
2.283905556759,0.05108366945951461
2.284907957893,0.0515228032773776
2.285918881685,0.051179759974107224
2.286923114572,0.05100039259959693
2.287924475264,0.05119517822298618
2.288930205693,0.051444829153510764
2.28994149314,0.05040513769640719
2.290932820176,0.0510400416328349
2.291936827649,0.04970653181767447
2.29291526292,0.05121636349137949
2.293924460887,0.05114772281057115
2.294933170229,0.05080918161149499
2.295935988406,0.050820910361388465
2.296939160162,0.05080886079556307
2.297941862554,0.05073603759184319
2.298942967003,0.05108739216479003
2.299950946305,0.050944171782987095
2.300955984931,0.008832213000811507
2.301130157288,0.050449891364591604
2.302124757077,0.051554357488159515
2.303140497436,0.05078863469906332
2.304140783144,0.05110713965828679
2.305147935566,0.05135589366025492
2.306160373701,0.05082096066113011
2.307162570499,0.051046818949417115
2.308169542106,0.051221099033283396
2.309180021771,0.05102431081969151
2.310186970613,0.050730678879895665
2.311188245451,0.05068689611763635
2.312189114018,0.051183632646419196
2.313200725023,0.05123475597755188
2.314213902556,0.05095276017868268
2.315221651001,0.05124103529433332
2.316234907331,0.04868661886525909
2.317197831446,0.05088903282327178
2.318204856495,0.05077722729783572
2.319210033905,0.047632615086981044
2.320153406163,0.05051822396489452
2.321153990654,0.05071348449075526
2.322158712891,0.05048089848583193
2.323159955773,0.05077961619373934
2.324167815621,0.051122647512601135
2.325182999005,0.050628761350240935
2.326188717584,0.05072104397063771
2.327195803268,0.05062582572999652
2.32820054954,0.050399621818810254
2.329201015562,0.05078863987409852
2.330209760889,0.04680004948938582
2.331139238655,0.050491777809248475
2.332141351875,0.051506080759914905
2.333164172495,0.050521986830715696
2.334169103557,0.04797417423112578
2.335123857261,0.05047747658508007
2.336127817685,0.050976773084699535
2.337141305085,0.05062366627715425
2.338148171626,0.045315304846093064
2.339049611469,0.05028538274740167
2.340049831082,0.05025206236395847
2.341049953371,0.0504867095414866
2.342056008392,0.05032600161857472
2.343059832167,0.050468008771304335
2.344066637066,0.0506655235597942
2.345077394675,0.04851650900016852
2.346045581968,0.0516935442660793
2.347077336103,0.05072548117892884
2.348089777687,0.05029553311957192
2.349093859466,0.0506826369972629
2.350105550564,0.05024691746553221
2.351108314988,0.050685954669154314
2.352119926523,0.05051928185491073
2.353128033607,0.05061415734203235
2.354137938104,0.05026101984029944
2.355141127137,0.05038649412218587
2.356147118606,0.050337195165902654
2.357152204679,0.04970385120537121
2.358144589998,0.05043290278687464
2.359151518,0.050435219961691015
2.360158984851,0.05018665275361074
2.361162633991,0.050040469130550845
2.362164283841,0.045228339129432485
2.3630702068,0.05030876665897212
2.364078401725,0.05045968707319516
2.365090077508,0.05020876848728552
2.36609710975,0.05025845785848298
2.367105337105,0.050878654092210894
2.368125905281,0.048404956964361534
2.369096843969,0.050045409049405146
2.3701008229,0.050187597775747064
2.371107726586,0.05043073367418553
2.372120122287,0.05027902962952587
2.37312990592,0.05026049715136801
2.374139672916,0.05049888251912475
2.375154187199,0.05008202114878449
2.376159902808,0.05012728059511908
2.377166531516,0.04526336368308256
2.378075235333,0.04993758689133919
2.379076989545,0.05030945718269418
2.38008630592,0.04989217924291771
2.381088113541,0.049957925359455
2.382091483048,0.04997208372910004
2.383094960286,0.05034356402794929
2.384106000704,0.05027412398312961
2.385116478477,0.05032386567849519
2.386128428561,0.050058824845398926
2.387134921403,0.050349963228578536
2.388147597757,0.05000596043768915
2.389153696602,0.05001473824968264
2.390160829189,0.050150757339407014
2.391171768213,0.0500276886110172
2.392180541454,0.049667139673554295
2.39318227468,0.049615981610923565
2.394183264054,0.03636017768663667
2.394916883334,0.049819054907327354
2.395921762868,0.04975320073092401
2.396925298597,0.04977454026277098
2.397929631545,0.04958527456894198
2.398930132395,0.04999973802638889
2.399938778492,0.05010565297183202
2.400950136979,0.049735038950958974
2.401954818833,0.05009007039920153
2.402966660043,0.04997644846216786
2.403976502392,0.04961021903994367
2.40497979381,0.04997742293003168
2.405990794023,0.04965494803375216
2.406994998238,0.049706084726946397
2.407999923052,0.04956550194028443
2.409002350329,0.04953637816363996
2.410005055066,0.05003633377125825
2.411018297417,0.04940822828297704
2.412018733128,0.04977652058870074
2.413025924202,0.04991179046884378
2.414036127952,0.049670894338801855
2.415042855815,0.0492952407340929
2.416042867398,0.049569512046015625
2.417048908391,0.04950258027014282
2.418053725078,0.04951808094656979
2.419058343758,0.04981874712045687
2.420068123143,0.04969024428289175
2.42107502334,0.04792138924595671
2.422046911984,0.04992169622835985
2.423061059773,0.04969033728570452
2.424071836477,0.035012053618319404
2.424784390668,0.035345888526228636
2.425503516929,0.03841690351445687
2.426284498605,0.04963649404422495
2.427293039574,0.04984965061079327
2.428306424503,0.04431220377735434
2.429207828642,0.042326536876339006
2.430068900878,0.044391300284235054
2.430971970274,0.04501405646842978
2.431888184975,0.04126170661487832
2.432728862017,0.04698843079940417
2.433687143643,0.043457927109714155
2.434574269219,0.0459953401732088
2.435513924754,0.04319961500420733
2.436396766214,0.04316998792709537
2.437278886983,0.041032183492960166
2.438117409981,0.044473561449368794
2.439026577972,0.04873935196888333
2.440023074168,0.04345745989052298
2.440911810641,0.04936255180925333
2.441921511651,0.04649823095994953
2.442872693435,0.04139943746728637
2.443719636979,0.04168254660277962
2.444572243899,0.04029250192973783
2.445396354856,0.048894195960028135
2.446396757122,0.047212250455860784
2.447363556949,0.04179478578590527
2.448220020949,0.047341841252574283
2.449190382419,0.03949669664495599
2.450000226196,0.04285271280522959
2.450879462172,0.04301372664960045
2.451762417729,0.04036992847205031
2.4525912742,0.0375846312222068
2.453363078546,0.04236491219483318
2.454232941908,0.03851103753637538
2.455023664329,0.039988733153586975
2.455845141047,0.04810822968047339
2.456833700046,0.043500753481631044
2.457727839739,0.04112416654809938
2.458573549453,0.0388741574680114
2.459372993094,0.04770152484939861
2.460353671402,0.041353775022030075
2.461203441226,0.04073931496243875
2.462040439402,0.021119657248173437
2.46247451137,0.03982345485657594
2.463293260315,0.04082135042412175
2.464132969157,0.0455293746542264
2.465070266803,0.04125942669509398
2.465920167427,0.04199849963236539
2.466785250483,0.04221354565491819
2.467654608392,0.04018674286097053
2.468482384168,0.0401175417961618
2.469308870276,0.04056926383827152
2.470144817391,0.04341329866255425
2.471039730443,0.043799898091468614
2.471942918051,0.04520389423266168
2.472875018793,0.040841676836221676
2.473717401141,0.03569402736729669
2.474453872657,0.04159479961156839
2.475312063867,0.048358660156096585
2.476309701405,0.039343191031594935
2.477121730458,0.04057557917564451
2.477959909989,0.048556597041170706
2.478963011262,0.03689838549508272
2.479725335013,0.04223015718369376
2.480598073938,0.048570019415851796
2.481602144215,0.03972687278523867
2.482423779689,0.03609984047473257
2.483170608394,0.0423147136790489
2.484046078668,0.04648849728062447
2.485008322525,0.037851627092966154
2.485792336833,0.03777393774491367
2.48657496486,0.035545456110445434
2.487311396638,0.04109224560291817
2.488162699765,0.044627192623124874
2.489087850746,0.041811440760633714
2.489955657372,0.04318138510816773
2.490852586657,0.04164449836078402
2.491717422425,0.04356045652323236
2.492621727117,0.04049827721079772
2.49346253574,0.04064068078088233
2.494306221243,0.03064262197008178
2.494942335707,0.045458729396604926
2.495886288953,0.04314569218608301
2.496782426929,0.04070773899165586
2.497627846208,0.04765338750782707
2.498617413213,0.046832668521971786
2.499590150293,0.04040997406412579
2.500429650686,0.03804348740581504
2.501220045612,0.04546827275323971
2.502164389028,0.04528414798460806
2.503104743312,0.04206320979594312
2.503978499662,0.04399251585005916
2.504892766822,0.042204016653032875
2.505770455873,0.036204609966119725
2.506523707607,0.03665435482808374
2.507286302023,0.04097771340588296
2.508138498676,0.044037083404319395
2.509054165654,0.040933198590649006
2.509905682066,0.040721900423225606
2.510753324283,0.040240002354252805
2.511591293728,0.03693880808891204
2.512360618506,0.048618874530566056
2.513373215955,0.04806163687125817
2.514374456608,0.03855214269716856
2.515177805626,0.04214334220799353
2.516055906255,0.04576881283199557
2.517009506874,0.0404590836091088
2.517852688579,0.044458973972112306
2.51877935189,0.03905947191842191
2.519593611619,0.03803803514138663
2.520386669132,0.04110140734679403
2.521243704236,0.03796443640115567
2.522035437832,0.03957341880210306
2.522860669744,0.045339679022136925
2.523806457534,0.04484784823474696
2.524742807587,0.03863426529438954
2.525549954157,0.039713391802194006
2.526379948133,0.03576757357345797
2.527127437387,0.04046013054899482
2.527972616861,0.039980676570033874
2.528807668733,0.03855418185312876
2.529613153751,0.042084148893604956
2.530493186724,0.03570800303965568
2.531240730202,0.040688231530284495
2.532092924266,0.034575376343535996
2.532816840969,0.036712986001767964
2.533585289557,0.04474760977830418
2.534522113451,0.04207908585773824
2.535404021394,0.04152177623713047
2.536275160649,0.04163802738666303
2.537148764713,0.041665760957664805
2.538022682368,0.040690793276756204
2.538876132247,0.040322634126638016
2.539722110071,0.04317304466019842
2.540627767187,0.038904006327655866
2.541443851619,0.038520277806389606
2.54225229241,0.04040323747242303
2.543100406171,0.040686497967163344
2.543954274467,0.03713015123393585
2.544733565262,0.0389347826969714
2.545550752325,0.047909902479031284
2.546556224823,0.045824099643040496
2.547518399275,0.04058850265155093
2.548371057668,0.041126072902284566
2.549235148693,0.04298310503480626
2.550138224531,0.045738527564772036
2.551099307437,0.04376706052043276
2.552019286953,0.041148013691582566
2.552884343305,0.039040804370172516
2.553704877599,0.042762468805799855
2.554603137947,0.038882052076242055
2.555419592824,0.04200526795125016
2.556301906748,0.039755944588996416
2.557137572923,0.04129993457588938
2.558006196062,0.0410732811883688
2.558870499932,0.028446974100865146
2.559469379654,0.04115425908966139
2.560335981554,0.0383324554975724
2.561143243281,0.042720186286302135
2.562042922564,0.04077006424499267
2.562901495256,0.04097319952710978
2.56376451711,0.03549583439899133
2.564512347214,0.03631115143207962
2.565277571996,0.03976904326134978
2.56611603542,0.03687688836560534
2.566894305014,0.03823973600508268
2.567702024111,0.03926185248587068
2.568531573862,0.03574433365772856
2.569287338474,0.04204351058620146
2.570176513991,0.04316801609116508
2.571089332099,0.04428320261959763
2.572025647204,0.044584782162470644
2.572968374995,0.03882923627568975
2.573789442078,0.039189100913932115
2.574617866235,0.037630939875286686
2.575413002404,0.045366291327846496
2.576371535593,0.047269626399873296
2.577370785394,0.041653474438727515
2.578251584657,0.04267230772013831
2.579153631227,0.04138011502359583
2.58002820873,0.043048278622578394
2.580938192402,0.04759117994240244
2.581944732081,0.04639629426824224
2.582927026412,0.041127834074784125
2.583798174815,0.03663627325905794
2.584574016345,0.04240517124096188
2.585471561259,0.03843957649779192
2.586285232487,0.034783888466784194
2.587021871961,0.040569959223653515
2.587881276905,0.04305528192721456
2.588793774636,0.041236097747736025
2.58966824467,0.041165906195708236
2.590541597712,0.04198289570777233
2.591432500731,0.03989565137220845
2.592279340521,0.03619412579967313
2.59304790642,0.04016433518102446
2.593901056529,0.02712087097269
2.594477192874,0.0471333158914633
2.595479166554,0.04221935845511724
2.596377598382,0.04378687921075675
2.597309551182,0.04727893274307359
2.598315308634,0.04415340702398433
2.599254106881,0.03766466446577823
2.600054514879,0.04038536945847248
2.600912153582,0.03809570539458711
2.601720954741,0.040840863370325144
2.602588501359,0.03636367502147645
2.603361723409,0.04455065951654089
2.604309628447,0.039467425306365655
2.605149827808,0.038698004776655005
2.605973922223,0.04023384432313085
2.606830310745,0.046081344633949764
2.607811166695,0.047626425207599056
2.608825648201,0.04580010136955193
2.609801748695,0.03883616653727439
2.610629464162,0.03950825912189373
2.61147139536,0.04229616265976272
2.612372460774,0.04347093324521664
2.613298309805,0.04288424924053707
2.614212005319,0.04171180070306178
2.615101247388,0.04374175367970498
2.616034334806,0.04625449059523751
2.617021369298,0.043479443195083844
2.617949271321,0.041025803061398684
2.618824730357,0.036077717811867645
2.619594381221,0.04232294957983221
2.62049717303,0.043002222333428985
2.621414737325,0.04562246375645698
2.622389245038,0.04572984465047378
2.623367028869,0.04073868690310095
2.624238273813,0.03854820094555516
2.625062412393,0.0404848748513788
2.625927291721,0.03919318966049556
2.626764630009,0.04133742595106152
2.627648570132,0.04294855846117981
2.628567399637,0.044135940436269165
2.629512530758,0.03448601445131915
2.63025172845,0.04167040353428941
2.631145143218,0.044094663718152016
2.632090576318,0.040443461670653116
2.63295705964,0.0418098984943421
2.633852332508,0.03825455513551734
2.634671663701,0.044970575275905214
2.635635422778,0.039339012729589916
2.636479261745,0.045991711930870524
2.637466596215,0.04685306657179331
2.638472638867,0.04535573076098132
2.639446272595,0.039527069248950344
2.640294715418,0.038566107173173
2.641122088906,0.03767726150843406
2.641929944613,0.043920082563463636
2.642872076339,0.039899991568932244
2.643728797289,0.03919689421938545
2.644571028,0.03899262457069033
2.645409082494,0.044608414689039796
2.646367556976,0.042122857464640694
2.647272472283,0.041140156824127395
2.648156709672,0.04309035773516467
2.649083534281,0.04400432915219394
2.65003070152,0.04532513398714561
2.651006611178,0.03902498960971871
2.651846683256,0.04247437202526639
2.652760957713,0.043763118180404625
2.653703239153,0.04172395185129385
2.654602162928,0.042454112213789044
2.655517062225,0.03857413952703903
2.656348444391,0.040538210543679364
2.657222429678,0.04517530311661752
2.658196346179,0.041925444272581526
2.659100512917,0.04234890953148575
2.660014308052,0.04294276905724183
2.660941104948,0.04667266080919319
2.661948241026,0.04184083995116032
2.662850983419,0.03732787554416615
2.663656390307,0.03310664098366332
2.664370842251,0.04027169099506712
2.665240474776,0.04368100319473953
2.666184536656,0.03969425561095072
2.667043026312,0.0407614779702026
2.667924782581,0.042752202810857884
2.668849360896,0.03775180196824023
2.669665579444,0.03883824353328645
2.670505219716,0.040310444070942864
2.671377014623,0.0416364096395265
2.672278504248,0.04281931654183044
2.673206630237,0.042316823575062834
2.674124250438,0.0461532422474368
2.675125101301,0.0390269491680608
2.675971276883,0.040717021610312897
2.676853845823,0.042963232906446595
2.677784962626,0.04024377073451266
2.678657416944,0.04047561193206491
2.679535279202,0.041038723507187874
2.680425414776,0.040671996568871584
2.681307741366,0.04551093333592342
2.682295376409,0.04190405074717426
2.683204959181,0.04065263132433923
2.684087526378,0.04612903464430403
2.685088978776,0.0403013331642215
2.685964112523,0.040547791971622574
2.686844937495,0.042669775435271604
2.687771994359,0.044523655698831335
2.688739578761,0.04574654982668463
2.689733806632,0.044628007920838396
2.690703999451,0.039844509495084425
2.691570680665,0.042432294679384835
2.692493863359,0.046065164204187964
2.693496112928,0.046080106335250635
2.69449899133,0.0424543861583944
2.695423220233,0.039858476767029305
2.696290932714,0.03051667480484666
2.696955217902,0.03845912376870394
2.697792166705,0.03860956983125487
2.698632294474,0.03840237624706329
2.699468404938,0.04021226193537572
2.700344841055,0.04306932622846834
2.701284458691,0.04183821975140079
2.702197763224,0.04293241939023879
2.703135306161,0.043425331548131024
2.704084003119,0.04426674665830869
2.705051387396,0.03879970402322272
2.705899810653,0.04538906836259378
2.706892828506,0.03860688465792813
2.707737314854,0.03818980720538658
2.708572372686,0.03818001332513829
2.70940710501,0.040067392120996206
2.710283202051,0.04242458638709605
2.711211187158,0.04576516222818242
2.712212558677,0.04291370254809835
2.713151757667,0.04535723759558262
2.714144362664,0.045935926013429794
2.715149717289,0.04209075580672975
2.716071324745,0.042330256723301075
2.71699823983,0.04035503851580931
2.717881635863,0.04258427136266197
2.71881348959,0.0414813871575551
2.719721312427,0.045924321693153844
2.72072700204,0.04590848437097635
2.721732797671,0.0434908533847458
2.72268590417,0.04620477931074207
2.723698759546,0.044610825660504776
2.7246769054,0.03991842049031999
2.725552251594,0.03892345706542769
2.726405847167,0.03927253871283978
2.727267290755,0.041848245466109484
2.728185811031,0.042561109073176805
2.729120952169,0.04008054293593706
2.730002031613,0.03949498856657622
2.730870124254,0.04574850439450377
2.731875922848,0.045832198746448345
2.732884186256,0.04047536681526117
2.733775012575,0.0103709712585174
2.734003287869,0.043163325299807896
2.734953017146,0.043718286418127396
2.735915184489,0.04009431816278945
2.736798075362,0.042030793774519355
2.73772360558,0.04431719718873068
2.738699316612,0.04230532144233743
2.739631121149,0.032463730419171555
2.740346738312,0.03925970617739561
2.741212130515,0.042288868681216826
2.742144203389,0.04010539972350415
2.743029240831,0.04289865919314453
2.743976783591,0.04238565478107335
2.744912808504,0.04447170070029479
2.745894881015,0.04538380284625398
2.746897266438,0.04419532904533176
2.747873233491,0.04017736213055678
2.748759897992,0.04081689098578133
2.749660286556,0.04471589592160919
2.750646878659,0.045584975592684984
2.751653503322,0.04128202564074881
2.752565705708,0.04539515179579291
2.753568995056,0.04148639954353127
2.754486007074,0.04387489526216935
2.755455576691,0.039794782969598014
2.756334829834,0.045324702478767485
2.757336500699,0.03838906102226763
2.758185293642,0.039417549045121215
2.759057086753,0.041114094380598334
2.759966276558,0.039439269005255864
2.760838344071,0.04373976782009998
2.761806110989,0.04520777461346581
2.762807577658,0.04448674129004656
2.763794029178,0.044205519696932705
2.764774581943,0.04472317335705791
2.765767080727,0.04175479016191548
2.766694009365,0.04380408915780057
2.767666161121,0.04222193508941092
2.768602903452,0.04378248029139839
2.769574174085,0.043456682338258314
2.770538275758,0.04517742783435017
2.771540670804,0.04417182244256533
2.772521190051,0.04076035871121764
2.773426424803,0.045173562311135895
2.774429940065,0.04565029791145266
2.775444290532,0.012047893054418946
2.775712004077,0.04363335415145801
2.776681698766,0.036257548468869555
2.777487550594,0.04005109895323423
2.778377439425,0.04203687424587288
2.779311149485,0.04484179211809023
2.780308038398,0.040623576710755414
2.781212400314,0.04111448676784618
2.782127996334,0.03790602222300059
2.78297218517,0.04484334245793699
2.783971314451,0.043920193876651345
2.784950675443,0.04400129532296576
2.785932746083,0.036007986708458506
2.786736912634,0.04339926520694438
2.787706266717,0.040427297767140935
2.788609428678,0.0449150981358369
2.789613538379,0.04478870225374477
2.790615423747,0.04536125520393587
2.791630501198,0.04502983807800642
2.792638318836,0.044820632574786946
2.793641341528,0.03627738662011396
2.794452833175,0.036000776511506606
2.795257558402,0.039873856144520055
2.796148056929,0.04172457666943117
2.797079741519,0.03981327266422831
2.797969613491,0.043658002514958785
2.798946131738,0.04147453584707849
2.799874209713,0.04290998299788964
2.800834613101,0.038556628638433094
2.801697552876,0.04385266293095298
2.802679482896,0.04488087587717478
2.803684970119,0.040380194920392895
2.804589516855,0.04201977652709511
2.805530758748,0.04128569859783583
2.806455704597,0.04462643265891007
2.807455949741,0.04481615675138422
2.808461371904,0.0391209676154815
2.809339372341,0.038662675132956334
2.810207058729,0.03833183438881289
2.811067204902,0.03880962726390536
2.811937775715,0.041851202312957136
2.812876801036,0.04041592000881517
2.813784342565,0.04106052900981109
2.814706871415,0.03797819094737122
2.815560319812,0.04281747024907554
2.816522736157,0.0014471034109731027
2.816555271297,0.044850674765157944
2.817563655747,0.044464369322594614
2.818563776418,0.04438809912327351
2.819562473156,0.044698080533307614
2.820567778408,0.03675263928576865
2.821394238045,0.04011054041377274
2.822296094733,0.041623964330769814
2.823231516407,0.04169995227437209
2.82416880411,0.044088757925620906
2.825160725452,0.04118103833736991
2.826088063019,0.03980003197479883
2.826984942601,0.03388026052711464
2.82774866159,0.0368307610827524
2.828578805597,0.04380261180121974
2.82956609519,0.039960598302768095
2.83046763657,0.04032579460269419
2.831378300686,0.04434093879320602
2.832379802,0.04143631592112536
2.833315395635,0.04455643176064544
2.834320951384,0.04432169034341389
2.835321265305,0.03793323340968868
2.836177448027,0.0420785032642322
2.837126927886,0.04277646676035907
2.838092195262,0.039885528877559966
2.838992725181,0.041806826568109856
2.839937168179,0.035965664525676504
2.84074999895,0.04240979788686887
2.841709005779,0.04428170271990268
2.842711011846,0.0412932810593847
2.843645676601,0.042733914426446216
2.844612749962,0.044608672639044646
2.845622451611,0.04446706817121465
2.846629427676,0.043985419706471726
2.847625526301,0.038454595853092466
2.848495801412,0.03762840475997236
2.849346837763,0.04435939470840939
2.850350242527,0.044522917427398334
2.851358417187,0.04351916370316772
2.852344976116,0.04362871186667467
2.853334306477,0.04144501067491489
2.854274070087,0.04239173890890005
2.85523526825,0.04229883747660643
2.85619466033,0.035612894071262016
2.857002679803,0.02616211053281787
2.857596143317,0.04388890941118206
2.858592148727,0.044109439900520804
2.859594318346,0.04441473834253845
2.860604056323,0.0390211500691955
2.86149126982,0.04038790193708667
2.862409122649,0.042665167901062416
2.863378389903,0.04012438444179203
2.86429011799,0.04173487736667108
2.865238948006,0.04233084456715602
2.866202069111,0.04395101877101159
2.867203081286,0.044271007017963375
2.868211946,0.044106757518866245
2.869216873867,0.0441735177931776
2.870223359356,0.04413018976483639
2.871228824682,0.043848151311908445
2.872227380594,0.04406836492018661
2.873230426538,0.04396119789491348
2.874231129915,0.038036906747594454
2.875097640825,0.04398294061609693
2.876099968158,0.04076310530519521
2.877028960821,0.04389905398543491
2.878029813584,0.04396169287485943
2.879032805315,0.038894921479632534
2.879920810098,0.04299426422646689
2.880902510844,0.04399617147847731
2.881907429348,0.04022823028089791
2.882826970637,0.04073551629046989
2.883758281848,0.04151013364146108
2.884707021139,0.03955244965224769
2.885610891312,0.041515759684393604
2.886560138864,0.041798745272257444
2.88751632335,0.03969073211132039
2.888424247871,0.0410281327239218
2.889362939181,0.04411306470056999
2.890372868279,0.04379214219471671
2.891376572277,0.03996380489678766
2.89229294803,0.04373505120842819
2.893295568496,0.04375743896035154
2.89429873003,0.04163219901600243
2.895252782589,0.04390017819762246
2.896258624,0.04424528126262846
2.897273028061,0.020808433820198036
2.897750327355,0.043707916963679316
2.898753126755,0.0407285595634405
2.899687684925,0.040661010033705994
2.900620583917,0.04418529767917675
2.901634080574,0.038055941600492124
2.902506706834,0.03524334050103332
2.903314913983,0.0392908679696115
2.904215842073,0.043154596690275084
2.905205529866,0.04301407441064166
2.906193696412,0.038222037719519965
2.907073139762,0.0436464719330336
2.908077784466,0.040719677384551796
2.909015043975,0.039806810789761435
2.909931075637,0.04278207824690448
2.910915905284,0.03876570479084965
2.911808780822,0.03778577860445456
2.912679124493,0.04198247076469197
2.913646196771,0.039934589450228423
2.914567075935,0.03979941351311039
2.915485672853,0.0419842747145106
2.916454926659,0.04353434429517336
2.91746062066,0.04365861415743782
2.918469467945,0.04337607228818665
2.919471550098,0.04323936825756103
2.920470384873,0.04358600122760733
2.921476879962,0.04356853633054939
2.922482463549,0.039443945881151854
2.923392556629,0.04361581644679301
2.924398599504,0.04342073441510801
2.925400161087,0.04047554269209515
2.92633382761,0.03551257867245971
2.927152713716,0.04151169159106517
2.92810968705,0.0409198906568661
2.929053427747,0.034848556026399455
2.929857849915,0.035463310712961764
2.930676987599,0.04353282928749802
2.931683388059,0.037373146570016676
2.932548787634,0.04163632183784162
2.933513912555,0.03983065656354273
2.934437337431,0.04198089069247115
2.935410555199,0.04177160250489435
2.936379175194,0.022961454915702183
2.93691190644,0.040912635876281724
2.937861435664,0.04363226603674527
2.938874078742,0.04181921961656029
2.939844680748,0.040956467657994274
2.940795423736,0.03989597873447274
2.941721506218,0.03719916669307629
2.942584940401,0.040923293091092744
2.943534668932,0.043719271585372435
2.944549619347,0.040080667221713974
2.94548131417,0.04308444749260516
2.946483482034,0.0407628224654083
2.94743123569,0.0425437699250968
2.948420204878,0.04336295855440538
2.949428142849,0.04344369505703277
2.950438568087,0.043206704452937034
2.951444168899,0.043201486111192455
2.952449000139,0.04353595973008265
2.953461004897,0.043039557865263214
2.954461812529,0.0431247108659912
2.955465147598,0.042335444241867796
2.956449962551,0.039913701248424145
2.957378314628,0.04037153375579169
2.958317185961,0.043853425693293646
2.95933725622,0.04303510365390714
2.960339516635,0.04286197476534969
2.961338330381,0.043045174152311114
2.962341551178,0.03645630770375212
2.963191605725,0.038870273049863964
2.96409811097,0.038824703684688884
2.965003142503,0.036681431411242554
2.96585834186,0.03847288373019989
2.966755979078,0.04329872417690479
2.967766932956,0.042948798672467335
2.968771008053,0.0430721289276033
2.969779076998,0.042790776443741844
2.970780799138,0.04299989823388915
2.971787237684,0.04096732954271703
2.972745656221,0.0425655656921039
2.973741365262,0.04290219393259508
2.974745305337,0.039963543933923464
2.975680239352,0.04295091364870992
2.976684763148,0.041453992734083636
2.977654910843,0.04284239180383615
2.978658339765,0.042820882445374985
2.979661299872,0.04026480001850515
2.980603964925,0.042365905766584055
2.981595235459,0.042843010358657625
2.982597425474,0.04290651199183982
2.983601900123,0.04277608681414589
2.984604476519,0.04036723826742532
2.985551018422,0.03910985447283732
2.986468232345,0.042771381141026986
2.987471210679,0.042969134818442896
2.988479071977,0.04285671908919445
2.989485523823,0.04301864166921256
2.990496835777,0.04152527457140924
2.991473545408,0.040992858494741005
2.992437601777,0.03935923516200385
2.99336307022,0.041691047918698404
2.994343344147,0.040642190717973314
2.995299175847,0.041714642378404915
2.996280981603,0.04292306161308505
2.997291980008,0.040559857895518484
2.998248047085,0.04254786662216756
2.999251281155,0.04244208707609015
3.000252014465,0.042719438289702934
3.001259392859,0.042710194850626
3.002266604681,0.04278178683579887
3.003275246238,0.04258218652915252
3.004279112813,0.040372855566520524
3.005231378235,0.04192878552589332
3.006220652839,0.042392471746384566
3.007221165296,0.04265192107129711
3.00822825612,0.03882763242281008
3.009145276238,0.03846066378391567
3.010053737078,0.03723428745594114
3.010933574627,0.03245138967750405
3.011700859532,0.034518376887933376
3.012517698493,0.03759358820338973
3.013408031308,0.007830995365567849
3.013593549441,0.037998686964035834
3.014493847552,0.04002363838559026
3.015442443932,0.04224448262442786
3.01644440037,0.04018469608593729
3.017397942041,0.042530228794838844
3.018407065743,0.038489863264084434
3.019319832075,0.04228000167310542
3.02032176332,0.03566992848673705
3.021167121095,0.03977603288087552
3.022110260481,0.04239581771178694
3.023115408274,0.037276246796965236
3.023999133706,0.03958944791811889
3.024938012482,0.036336662771197716
3.025800324235,0.0397954913721922
3.026745471052,0.04103523564842512
3.027721103998,0.03929353173021107
3.028656518811,0.04222125692522564
3.029661712523,0.04226214350819071
3.030667613444,0.0421385432823037
3.031670399289,0.03772730650801031
3.032567956814,0.03811725147304632
3.033474552455,0.03951744532718169
3.034414118208,0.04212709448479858
3.035415939218,0.03851140278284762
3.036332263493,0.04202480826720812
3.037332612116,0.04202209090054747
3.038333598606,0.041953411568386105
3.039333933757,0.040422936522237704
3.040298316209,0.042095086259410434
3.041302964184,0.04180102353261313
3.042301008903,0.04252521756467203
3.043316631754,0.04236793084603057
3.04432822261,0.042255083563892605
3.045336456366,0.042169156779173725
3.046342428947,0.04251510266976078
3.047357050441,0.041973472786966955
3.048359048193,0.038455158752581105
3.049276841062,0.03550599276034616
3.050124063739,0.03678225058851684
3.051001405519,0.04132504378333749
3.05198698626,0.04187176635801891
3.052987210413,0.039999956189918716
3.053944307761,0.03991677740252778
3.054899809076,0.0077846947991282315
3.055086175403,0.041810432255102406
3.056087072606,0.03949821863256397
3.057032505911,0.04097012447184081
3.05801305373,0.03881150652310969
3.058942345466,0.03787820846672731
3.059850200114,0.036673412151475925
3.060729627108,0.04238745098973942
3.061745718423,0.04171359004891781
3.062745887413,0.0417193924635098
3.063747169721,0.04185656118863846
3.064752190204,0.03848054212569189
3.065676278,0.038948062335420565
3.066611337598,0.04021897802998167
3.067576625737,0.0416530781167815
3.068576744718,0.041909008285396496
3.069583633435,0.04168340330647783
3.070585655565,0.03779651510091969
3.071494582343,0.040219103498681685
3.072461229252,0.04023422918352268
3.073427552444,0.0342536322814419
3.074250389876,0.03691789703474438
3.075137236853,0.04067447019811419
3.076114345636,0.04203951221462102
3.077125054422,0.04155263539127503
3.078125075741,0.04173640371575591
3.079130210719,0.04189501598634241
3.080139679298,0.03989386097309973
3.081101177085,0.04172565471572966
3.082105985581,0.04161029595550414
3.083107880829,0.04197540601093085
3.084119664028,0.03757586217989541
3.085025698969,0.03716590987630501
3.085921679984,0.038582209336479587
3.086851597089,0.041508716580424945
3.087853022123,0.04055715813176309
3.088832612749,0.04181278413039813
3.089842567053,0.04169602935470284
3.090849628935,0.04167535661187951
3.091855832363,0.04172980309092116
3.092862929151,0.04155865511211363
3.093866051511,0.041769807566090916
3.094875116117,0.03685845764621938
3.095766466809,0.041485258500508444
3.096770056925,0.0415006141052772
3.097773843399,0.04162167267627624
3.098780631159,0.03831938483321565
3.099707188763,0.04166101291044431
3.100713663617,0.041509659724273285
3.101716480621,0.04171860568538611
3.102724964039,0.04185441479187661
3.10373712263,0.04168615873272312
3.104745799829,0.041352721159186395
3.105746830532,0.039964053753186596
3.106714312422,0.04152957150754422
3.107720314423,0.03965760834018632
3.108681528053,0.04028591766463499
3.10965815481,0.04168746495499606
3.110669281824,0.041374828750709636
3.111672909848,0.041633229079764265
3.112682894491,0.04140775918087941
3.113687727016,0.041479151206002034
3.114694230032,0.007798768551342794
3.114883464495,0.04070883811330048
3.115871422032,0.039049057021848174
3.116819871355,0.03399939702640446
3.117646324042,0.04143836464022774
3.118653831246,0.041319195309705216
3.119658080681,0.038805140160077925
3.120601212319,0.039479467382735785
3.121561775606,0.04112041104627682
3.122563286119,0.04123135104304518
3.123568441485,0.04068742763469184
3.124561657033,0.0414717254479765
3.125574805767,0.018550658952661205
3.126027887347,0.02308865917295536
3.126591778608,0.02630396407826336
3.127234364549,0.03241686694536924
3.128026021814,0.03428926460158562
3.128862851253,0.033188064190447085
3.129672543462,0.02925713260938249
3.130386503695,0.031314147768781386
3.131151005806,0.032288417857630355
3.131939718304,0.0315351799201941
3.132710445403,0.02929504505375139
3.133426555896,0.032668349925652075
3.134225472423,0.033265543769605325
3.135039705018,0.03108239702385161
3.135800855539,0.031139361624830757
3.136563565294,0.029884706558744294
3.13729545017,0.029984992010994114
3.138029559558,0.034583766279171396
3.138876244601,0.030139964470815378
3.139613917415,0.03009358699952849
3.1403503075,0.029687050069659812
3.141076855295,0.029884360747385156
3.141808466003,0.028916699560373245
3.142516840539,0.02989515185753391
3.143249791477,0.031913160508234034
3.144033174915,0.029873760893620694
3.144767477294,0.030107564823043585
3.145508088376,0.030286256999160086
3.146253352592,0.033763194024499545
3.147084407843,0.02772512905867244
3.147766946519,0.030119408279198307
3.14850863986,0.03183508514635598
3.149292896484,0.03304417859481361
3.150107310086,0.03262632892748244
3.150911660516,0.029474829106261917
3.151638240992,0.03153615157381462
3.152415366988,0.032634530102401645
3.1532193398,0.03197313162311745
3.154007244916,0.033264537375895215
3.154827216487,0.03260735508235957
3.155630970565,0.03802067581065574
3.156568466528,0.03675551616776632
3.157475243703,0.03515325683573071
3.158342804375,0.03198860730151111
3.159132220402,0.030602499037631004
3.159887204611,0.029318190659085683
3.160610554569,0.030067723153865633
3.161352512591,0.026504777085181036
3.162006586015,0.030311707313625015
3.162754820514,0.029474067068979863
3.16348275481,0.03058539765089405
3.164238398922,0.02888980110200561
3.164952313114,0.034961143599851606
3.165816402107,0.03155412089962543
3.166596468844,0.029079506644297617
3.167315644375,0.030579315397988985
3.168072217968,0.027559827551361653
3.168754276701,0.0322732567657577
3.169553444173,0.03092078904813209
3.170319732806,0.03175355948021487
3.171106939222,0.02842141897205212
3.171811634041,0.024661049417069328
3.172423233358,0.02817541792838636
3.17312207393,0.023230438021354497
3.173698236927,0.029678554477472203
3.174434544844,0.023147147884338817
3.175008942513,0.027946218772973277
3.175702527501,0.029277532668699587
3.176429521191,0.030517416602968077
3.177187522083,0.03232300014325554
3.177990375407,0.03023267156582853
3.178741212557,0.03469962728294663
3.179603424782,0.032674104275292784
3.180415916407,0.03360108070594449
3.181251379649,0.0379110578192453
3.182193792256,0.03329021170391158
3.183021426243,0.030403252871299417
3.183777467314,0.02964884600833253
3.184514688722,0.03184606675982353
3.185306312883,0.026122621536668528
3.185955748165,0.033148777302469956
3.186780200442,0.0298904644763393
3.187523862223,0.033120690693873064
3.188347882002,0.0317065286325193
3.18913671012,0.03069918016743053
3.189900831397,0.03088227358516388
3.190669802849,0.03380918771028593
3.191511478598,0.02387962342999858
3.192105786715,0.024044658661270795
3.192704204711,0.029957006558411145
3.193449742052,0.02929457241208684
3.194178661527,0.02887617408244909
3.194897063507,0.029980199995438033
3.195643005232,0.030098244743848895
3.19639241664,0.029780805116559624
3.197134939254,0.029916330430146517
3.19788181514,0.034297430209856095
3.198738783915,0.032363988942164676
3.199547806011,0.030148608890969087
3.200301522737,0.02998994028367308
3.201051234167,0.024116300549124448
3.201654070258,0.02486944772902316
3.202275695864,0.030235583347109674
3.20303136493,0.03371734714842188
3.203874198045,0.03654360789066234
3.204788371037,0.032304558761123606
3.205596994116,0.029770681670436464
3.206342050369,0.03246733515555759
3.207153965552,0.03070835569071528
3.207921572017,0.03472558384181546
3.208789986048,0.02819942955151591
3.209495427512,0.03352244413303362
3.210333961451,0.032118448524511296
3.211137348305,0.027367218892402793
3.211821768232,0.029553062219422607
3.212560863203,0.028050657786948336
3.213262418331,0.024714897754354138
3.213880336808,0.0300720510658665
3.214631913945,0.02988264876987824
3.215378949788,0.032815874353770924
3.216200195861,0.031737514332586786
3.21699529621,0.03236717232594582
3.217806578053,0.028720959782124945
3.218526724268,0.03152802772951552
3.21931773455,0.03191886819666086
3.220119105231,0.033603771211727446
3.220963419905,0.033142199747232134
3.221796492235,0.03264012919639378
3.22261691572,0.032852992820115196
3.22344267731,0.011883432665346092
3.223741345839,0.03428745914062905
3.224603052185,0.033668384113214996
3.225449443187,0.03542284855439228
3.226340048016,0.033148977214188025
3.227173308503,0.03241011394146506
3.227987775457,0.032437644026538336
3.228802813722,0.03052920701394374
3.229570011756,0.018263169544689296
3.23002900018,0.024440020292905252
3.230643360883,0.03456141094664062
3.231512491669,0.03590698332485541
3.232415451158,0.034814632824712255
3.233290710833,0.03161677284083573
3.234085522716,0.031172090934300817
3.234869346517,0.032478093618949336
3.235686237377,0.026952461200241952
3.236364227656,0.030193039409274154
3.237124275001,0.03202559317760735
3.237931199162,0.032223362226659995
3.238743396835,0.03170976628661559
3.239542754651,0.03150529596778071
3.240337078996,0.033175475135581306
3.241173673829,0.026642317432664164
3.241845850279,0.031222564584577017
3.24263413921,0.032002210223835176
3.243442269328,0.03142204323976029
3.244235563828,0.03128127508417236
3.245025274402,0.030126812726936382
3.24578618711,0.030240545146318236
3.246550340409,0.03175059900062906
3.247353103933,0.034567128163138
3.248227951632,0.024081822926480898
3.24883787261,0.031378788352870154
3.249632928094,0.03270913585933274
3.250461679566,0.033314063362192926
3.251305268039,0.03371191339428846
3.252158535181,0.03248921566621902
3.252980783293,0.03349380554785932
3.253828507,0.009354271167340021
3.254065244453,0.03378173369471212
3.254920307064,0.01481615858713102
3.255295483223,0.022170225302745494
3.255857171337,0.028972956681302984
3.256591580257,0.03429201210622432
3.257461111086,0.033224852169200195
3.258303520935,0.023574412110341638
3.258901024432,0.026716724833087457
3.259578112634,0.031045454762599185
3.260365250272,0.033273581123793604
3.261210119669,0.027474909463994363
3.261908746208,0.03597491791626141
3.262823983365,0.034281581185426735
3.263696218203,0.036483996385815794
3.26462409628,0.03491674183511221
3.265511521817,0.03525700542243575
3.266407168754,0.022515835533708648
3.266978936311,0.017959645511404415
3.26743484079,0.02816335217031185
3.268149673753,0.033688332206420174
3.269004502842,0.03003584245652977
3.269766699394,0.02983304106365884
3.270524375762,0.0264815118236266
3.271197357499,0.034232148874058836
3.272067365918,0.033430988203190855
3.272917198908,0.024887632397004728
3.273550047927,0.033252915317306335
3.27439589974,0.036252459954097475
3.275318306186,0.036454325403787964
3.276245842271,0.031220498543709937
3.277040391125,0.03066624311990364
3.277821027082,0.033261423085849194
3.278667804,0.030199356058293537
3.27943693245,0.030667643168451143
3.28021861408,0.03341327202855565
3.281070555665,0.029931001548853642
3.281833777801,0.03066802559259343
3.282616076778,0.032302798213400395
3.283440559046,0.031090411363277188
3.284235109641,0.037666853804888226
3.285198935034,0.03399579061560701
3.286069070695,0.03329889496165786
3.286921126325,0.03411960533019905
3.287793927465,0.016797538625069
3.288223582022,0.02653484335456847
3.288902452628,0.03399860198509196
3.28977232772,0.031100808674104155
3.290567722062,0.02643933429091765
3.291243545038,0.030854013842703407
3.29203190134,0.033356899925842454
3.292884186578,0.02916818048986475
3.293629658161,0.03079014050287817
3.294417100227,0.030954964427903225
3.295209313431,0.03263769822370456
3.296045234252,0.02189253116202667
3.296606490379,0.028541689287033493
3.297338702652,0.03403661166392367
3.298211889438,0.03297634832042882
3.299057592127,0.032958292879812195
3.299902807119,0.03278361892968936
3.300743720294,0.03208423378859113
3.301567047716,0.03127160298769753
3.302369958621,0.031466455296539964
3.303178178222,0.031288712923607284
3.303982173797,0.032283631479610456
3.304812327715,0.03407782444452293
3.305689063243,0.02217927311959839
3.306259696667,0.025374242065360538
3.306912646336,0.028944094267521942
3.307657624299,0.029331295877851556
3.308412260609,0.03774297073653393
3.309382797062,0.03435000504138583
3.310266025975,0.03667753080696144
3.311209150206,0.03609951693882502
3.312137635359,0.029236415393685093
3.312889976509,0.03246525453508305
3.313725432657,0.03521917241423297
3.314632063058,0.025755994862937316
3.315295677461,0.03556388427672696
3.316212351669,0.03488106992272956
3.317111226577,0.00024283225645837448
3.317117482899,0.03560106842758474
3.318034688486,0.033933215359282634
3.318909027343,0.03428199606768934
3.319792389118,0.03160082085805188
3.320606634736,0.0334186598092727
3.321467590846,0.03306575945806442
3.322319672161,0.026182742007497428
3.322994829462,0.020552224680214552
3.323524921367,0.022667343399805112
3.324109659951,0.027301440391261884
3.324813934039,0.02764286387088908
3.325526832349,0.032493483003379335
3.326364667062,0.025860864196792222
3.32703144953,0.02550537887366008
3.327689325135,0.028614412211831294
3.32842783118,0.027844886799333345
3.329146717298,0.028853310705764298
3.329892040123,0.03215964451903189
3.330723252717,0.03452491936460103
3.331615757317,0.034701764194093265
3.332513022932,0.031960474964842604
3.333339770319,0.02894071837231966
3.334088668763,0.02758764365394939
3.334802660172,0.028610076600133396
3.335543430894,0.025857245623603243
3.336213524924,0.03320875907509529
3.337074795962,0.029423195101537278
3.337838100894,0.03327716061297761
3.338701356766,0.026740291945187136
3.339394980138,0.03053010999645338
3.340186963108,0.0345645212413767
3.341083630272,0.032471454568901464
3.341925834811,0.030764843375134878
3.342723682409,0.02871011773086879
3.343468286777,0.027168401989023188
3.344173010933,0.03222057698771414
3.345009354014,0.03306305805956476
3.345868189477,0.03321128230507235
3.346731238994,0.032659906483316084
3.347580343508,0.032486155625125926
3.3484251612,0.02471151088541367
3.349067990239,0.02625189773905833
3.349751236663,0.036677961031718456
3.350706030922,0.03494365008253668
3.351615399804,0.03226252104255833
3.352454689938,0.032529667736980385
3.353300851537,0.02321585570565235
3.353904876801,0.02234492801931247
3.354486260746,0.0252240795904383
3.355142512772,0.03290626820052625
3.355998648368,0.02771712976231201
3.356719794416,0.02842710490300421
3.357459566535,0.03281795254112751
3.358313809661,0.03254169479534065
3.35916106366,0.03252770940050179
3.36000840152,0.03241291739960115
3.360853348329,0.02960939368432352
3.361625644581,0.023668031255839727
3.362243190713,0.024514870541721127
3.362882933285,0.026578736726255107
3.363576848003,0.0331446235256126
3.364442841501,0.030865661704806254
3.365249673978,0.03082111898971041
3.366055596943,0.03278662457443841
3.366913402493,0.029000828655353493
3.367672529307,0.02777869902080823
3.36839986335,0.02729272955321182
3.369114498294,0.023236705977508293
3.36972270848,0.028326946368639503
3.370463776799,0.031040020111541958
3.371275966977,0.030495909384147583
3.372074770434,0.025773109652424922
3.372750379463,0.032783086097006364
3.373609902342,0.03282961981569902
3.374470696265,0.03584437204805211
3.375410446063,0.033684728015694866
3.376293646438,0.03492385798717476
3.377209659127,0.026911812340416032
3.377915734555,0.020214094806834407
3.378446169136,0.021182491266647046
3.379001942971,0.03048010760026452
3.379801457286,0.03260978462253684
3.380656856666,0.03350559877599267
3.381536318579,0.005957976464318522
3.381692795631,0.025669472410285273
3.382367122718,0.037360061989117344
3.3833488056,0.03369294324829604
3.384234096215,0.03175643655174582
3.385068444264,0.03228217311624863
3.385916591617,0.03495632111403727
3.386835190623,0.036210774547131744
3.387787379126,0.028429297706984324
3.388535273474,0.01324698157080547
3.38888375671,0.0187268334812323
3.389376250791,0.025397788957827478
3.390044148763,0.031295265725845525
3.390867446481,0.033378445622607514
3.391745889117,0.033408189026166546
3.392625580405,0.03167514586922232
3.393460115974,0.03411106904122365
3.394358939297,0.03408429628282968
3.395256949778,0.0362852139703736
3.396212911544,0.03486775877886755
3.397131633567,0.01499834488584718
3.397526895706,0.02337454176629959
3.398143041501,0.024892932972356025
3.398799340104,0.02544621674949641
3.399470301719,0.03248936181418888
3.400326851179,0.03285443959084585
3.401192935549,0.026679072535273053
3.401896470947,0.024432226897976767
3.402541046158,0.025869862354487527
3.403223820051,0.025805192138068245
3.403905430815,0.03274012393667866
3.404771262597,0.03320844957750519
3.405650269503,0.034315097036245475
3.406558969351,0.03402222328561728
3.40745976703,0.03192010790959929
3.408304480218,0.033987236529997744
3.409203705841,0.03353720601833948
3.410091082383,0.031719259916782844
3.410930558331,0.03187061082548778
3.411774227332,0.019892249481549572
3.412300835079,0.029648246070116204
3.413086070753,0.023096056246407915
3.413698061146,0.03055875544702325
3.414507754703,0.03173325875074847
3.415348566384,0.017055664942979977
3.415800495696,0.03536193029885193
3.416737262391,0.031302957218853525
3.41756652893,0.033085849104541674
3.418443350183,0.030896729294654614
3.419262671385,0.02983725958538203
3.42005440362,0.031566235641921396
3.42089247938,0.032911588404353
3.421766884655,0.03198034493536987
3.422616888533,0.03484557498678476
3.423543133631,0.01837110258587655
3.424031477637,0.01850994025737931
3.424523516027,0.024261671096492656
3.425168381175,0.032810908027792796
3.426040065871,0.03201410076335849
3.426890317591,0.03308063482804261
3.427769385796,0.03380826385463079
3.428668646771,0.018091947410434087
3.4291501862,0.022918580487727446
3.429760267042,0.025481353277448077
3.430438499368,0.024705941337171047
3.431096211068,0.019834721185767207
3.431624492587,0.027988050640808455
3.432370300594,0.032237142550874044
3.433229686457,0.028643396887470855
3.433993329829,0.03292618126899096
3.43487119515,0.03106490182236967
3.435699856366,0.03214157811570915
3.436557755131,0.027554896413908576
3.437293278096,0.034490401624640316
3.438213997584,0.036087827594621084
3.439177925547,0.030318973181918216
3.43998827585,0.035506666579943814
3.440937361151,0.026359698655122932
3.441641870669,0.02236129922990569
3.442239554237,0.0285598274544087
3.443002963499,0.03390093974002493
3.443908845439,0.03323493256323265
3.444796718983,0.027791071466615243
3.445539438341,0.03661581455652348
3.446518541919,0.02186797184643015
3.447103396089,0.017414861978203244
3.447569071024,0.035929784982896874
3.448529670155,0.033672041552711536
3.449429697389,0.032218681335069624
3.450290866139,0.029348640415681887
3.451075379411,0.03147100257507077
3.451916833543,0.030945285111410092
3.45274487893,0.028078294458208117
3.453496779792,0.02894724586748747
3.45427254468,0.031736879035969084
3.455123730811,0.03350204462921688
3.456022234295,0.033768970559862395
3.456927616352,0.03524123332771265
3.457872593652,0.03735973197772623
3.458874974213,0.03218095177746743
3.459738655087,0.02970522684851275
3.460535702828,0.014213159405579726
3.460917004892,0.02836029203654498
3.461677843044,0.03464366292196998
3.462607742837,0.032491018389022484
3.46348039888,0.031282214312243706
3.464320783226,0.01828587861447591
3.464812149215,0.0247105068851664
3.465476401025,0.03422576675225045
3.466397089557,0.025751203491377037
3.46709020447,0.030368047951247704
3.467907877867,0.03284388119160484
3.468792604502,0.031820082630623414
3.469649897627,0.036259507770685595
3.470626794984,0.03103973719398313
3.471463188384,0.02594322460598816
3.472162514163,0.02914622798362645
3.472948338725,0.030070090771825084
3.473759422009,0.02525303369543825
3.474441338749,0.03170711504317207
3.475298182855,0.03348443644935608
3.476203072068,0.034992360475234255
3.477148948257,0.033912784184716355
3.478065853163,0.03732948928366126
3.479075208896,0.03275849926977315
3.479961027811,0.0366345051351476
3.480951557022,0.033800812919597814
3.481865248493,0.013482190590586174
3.482229589253,0.03247922139096858
3.483107368685,0.035415674845599036
3.48406448399,0.032787237847937134
3.484950635174,0.02674136433737779
3.48567376365,0.03540352417033353
3.486631248218,0.033273893801458405
3.487530966837,0.036028216728194194
3.488505102712,0.033922279854562115
3.489422490659,0.02911365657300721
3.490210272155,0.030607077166752632
3.491038687607,0.029137694109531136
3.491827186084,0.033202066579384217
3.492725915853,0.03315595310962734
3.493624525448,0.028893493970263195
3.494408400764,0.035335407284666734
3.495367562046,0.024189498806944053
3.496024458025,0.025355297526859794
3.49671298749,0.03314537575820166
3.497612881324,0.03561258514516344
3.498580069727,0.029280427772866456
3.499375812463,0.033977261147913815
3.500299424812,0.03231360312630853
3.501177987067,0.032895205122879176
3.502072765173,0.034167083946181766
3.503002405004,0.03154910376198846
3.503860961905,0.029495307730555767
3.504663824194,0.02182910133375834
3.505258015646,0.03192773997929302
3.506127444446,0.032333840161158374
3.507008622197,0.020184550043757764
3.507559001475,0.025863047027985094
3.508264310688,0.03173745618273331
3.509129684328,0.035914091903051865
3.510109162885,0.03182611465979083
3.510977598107,0.03352488074170977
3.511892364754,0.029059406784796595
3.512685225973,0.029017839362976982
3.513477274927,0.032134501763153155
3.514354851852,0.02983119525078803
3.51517000525,0.03410567177717346
3.516102364893,0.023349430787720782
3.516740771331,0.029853585383549538
3.517557017755,0.029533695569020676
3.518364493143,0.029379039615865403
3.519167720743,0.032780709380098444
3.520064377575,0.029201990585356326
3.520863463059,0.03234860173607027
3.521748553729,0.032996426606438325
3.522651622684,0.034038725790103884
3.523583847788,0.027435329233908016
3.524335601405,0.0350186214158888
3.525295406957,0.03664096907487098
3.526300195738,0.03592439314714083
3.52728551092,0.028455145409129943
3.528065526001,0.0286598234052846
3.528850935848,0.03322948236015918
3.529761722058,0.03132011608979478
3.530620765666,0.03204513248192303
3.53150016583,0.0347150844143887
3.532453334918,0.03460529350650213
3.533404214053,0.03482273295122692
3.534361108231,0.03352922775582787
3.535282380178,0.033635418392157154
3.536206401832,0.032839859637275266
3.537108590895,0.03275052579580578
3.538008717682,0.029663885128550328
3.538824062666,0.033203926028808776
3.539736722918,0.03102154223739183
3.540590102851,0.03464601648956462
3.541544222033,0.03471405906087449
3.542501004953,0.033901163377821716
3.543435809265,0.03272666318777395
3.544338206256,0.03536163614391398
3.545313175355,0.036340664961334784
3.546315161032,0.03205417652651627
3.547199306574,0.03156994961889006
3.54807018918,0.03104227229421222
3.548926527235,0.032485658885400025
3.549823361416,0.035169544833755007
3.550795046216,0.030933146302375158
3.551650120261,0.03616103411389448
3.552650152675,0.03274975202645649
3.55355609014,0.03269973435649776
3.554460603254,0.03623384872480289
3.555462833444,0.0351417720894311
3.556435016958,0.029433362689805145
3.557249104538,0.017293365778162456
3.557727190427,0.03334961136890963
3.558649123134,0.03620958400130982
3.559650669499,0.033946214708058364
3.560590298457,0.033883920583677264
3.561528565151,0.03257734971847739
3.562430813544,0.034157487522237025
3.563377276978,0.03571942180733506
3.564367820723,0.033608749118306684
3.56530009423,0.03165615287755883
3.566177928241,0.03228400856472179
3.567073062916,0.03334926267990176
3.567998067733,0.033006124108976916
3.568914275251,0.032105613724959355
3.569806529535,0.03377395755207945
3.570745864217,0.03400542842658838
3.571692004507,0.0351446924770534
3.572670359165,0.031123931852485624
3.573537072135,0.03215661716552746
3.57443267727,0.03604979794848771
3.575437452441,0.035345328254179215
3.576423128972,0.03485587669329486
3.577395002801,0.03575175763992463
3.578391706205,0.03591601416251476
3.579392682866,0.034928847680755465
3.580366160452,0.03392239055367012
3.581311685782,0.03418048369418997
3.582264262723,0.0359187838848474
3.583265501958,0.03593000461866122
3.584267714094,0.035844530914057524
3.585268230519,0.03612941123403664
3.586277240532,0.03584611239115768
3.58727816601,0.03540213741231861
3.588266330341,0.034278200819383244
3.589223447138,0.03428245350156531
3.590181183975,0.03469176564576434
3.591150835254,0.0348838135956982
3.59212627663,0.032665573141713235
3.593039844113,0.03558384054198058
3.59403520458,0.03577986220764312
3.595036440943,0.03583906556972056
3.59603966571,0.03631591684538476
3.597056354332,0.03283955991580251
3.597975731522,0.03515359254394776
3.598959873645,0.03606494127903506
3.599969895356,0.007526937504488274
3.600180787311,0.03576530751075868
3.601183286827,0.03352758437774341
3.602123408598,0.034359063073973684
3.60308739628,0.034157106405085416
3.604046431895,0.033910462226965116
3.604998627051,0.03595965248451561
3.606008468448,0.03587428960642276
3.60701641667,0.03476872420279718
3.607993742192,0.03573260091418373
3.608998326862,0.034630250570952974
3.60997196934,0.035993120643345235
3.610984344326,0.03588652346669719
3.611994309142,0.03568973387437497
3.612999056511,0.035584286024460496
3.614000881963,0.03551799798061367
3.615001198047,0.0339249482673646
3.615957249214,0.035612350127362684
3.616961137417,0.035582954077948696
3.617964310015,0.03570497903615632
3.61897101266,0.03066807638025718
3.61983580318,0.032561322621128264
3.62075421368,0.03381273503956232
3.621708498398,0.033446230568864775
3.622653083107,0.034847609755026765
3.62363791955,0.034705089704487414
3.624619612446,0.033242090952311856
3.625560384179,0.03553611804540452
3.626566131286,0.03342024937242755
3.627512026587,0.03364447997937911
3.628464491918,0.032071968808036144
3.629372475735,0.0356113180015851
3.630380852602,0.02970907744290283
3.631222426195,0.03204025575893664
3.632129896869,0.03360774116327532
3.633082098769,0.03541511795462539
3.634086633191,0.03546354494423789
3.635093438944,0.032278441781039245
3.636009739852,0.03366435822533535
3.636965215118,0.03402457539950222
3.637931529579,0.03482036448432903
3.638920865483,0.03542613349540326
3.63992778233,0.031832632936737625
3.640833062063,0.034192221047069225
3.641805477505,0.0336145460054379
3.642761876373,0.032820225249008246
3.643696542085,0.015302092425218105
3.644132502522,0.03370060702668576
3.645093170181,0.03482548174348064
3.646086354881,0.035090542015277094
3.64708725808,0.03277811635684231
3.648022403,0.03550955274880115
3.649035716803,0.03549859115393313
3.650049029246,0.03515414088363254
3.651053066817,0.03524631887962053
3.652060441234,0.03425851687678807
3.653039528756,0.034198357891525935
3.654016370538,0.03461861034071151
3.655005193353,0.03314105102369941
3.655952135366,0.03432138940385237
3.656933109302,0.03445081489857735
3.657918071199,0.0350481866922498
3.658920458348,0.03496313714799674
3.659920953616,0.03469214970456564
3.660914340255,0.033397716983712966
3.661871064345,0.035084042112840406
3.662876237595,0.035034877910465376
3.663880186433,0.03504287146224637
3.664884507225,0.03259422177959287
3.665818501648,0.031998421589820525
3.666735283529,0.03494633107246193
3.667737123193,0.033227987379582484
3.668690896126,0.034842659975703
3.669692103778,0.034915190001400996
3.670696068957,0.03489905551829092
3.671700112506,0.03493128686487228
3.672705464124,0.0349198173913275
3.673710385256,0.03434334617138991
3.674698253703,0.03477378830639829
3.675698400294,0.03488902012227858
3.676702352195,0.03505721679489367
3.677711656455,0.03480997094179298
3.678714500484,0.035201473564889944
3.679729111343,0.034176932076898404
3.680714410918,0.034844231028891434
3.681719082793,0.03371199164055865
3.682691244559,0.03482724215663027
3.6836961188,0.03474848669957587
3.684699472708,0.03354581359537966
3.685668419367,0.0324346552916424
3.686605200317,0.03393188448043848
3.687585543344,0.034600952265475576
3.688586058074,0.004166470111668683
3.688706602197,0.03466237549445196
3.68970958607,0.03490976298271466
3.690720042571,0.034134892104983224
3.691708457546,0.034586683075432216
3.692710156146,0.034852184245754494
3.693719960042,0.03457572470816884
3.694722196237,0.03479048281440497
3.695730977576,0.03459452840168802
3.696734350235,0.034358625260175364
3.69773073531,0.03339703444904149
3.698699197626,0.03400339852474997
3.699685618522,0.03423686081869088
3.700679552324,0.033626013737983344
3.701656722909,0.033851879658866664
3.70264132868,0.03463627632191387
3.703649159401,0.03404049459562085
3.70463988391,0.034237917229414584
3.705636823176,0.033379742452153784
3.706609285416,0.034324674196588995
3.707609693103,0.0344982342490108
3.708615362617,0.03437333175756773
3.709617681366,0.034529181372846655
3.710624782228,0.034456099272011376
3.711629984698,0.03438995541029139
3.712633372438,0.034066292293116245
3.713627340777,0.03463883242893947
3.714638622732,0.03438435366852553
3.715643258488,0.034631154527138684
3.716655286249,0.03439954883257809
3.717660529224,0.034627653793856905
3.718672617345,0.03438612605327186
3.719678083754,0.0343071423364883
3.72068196626,0.03445169185151227
3.721690330619,0.0343490675213144
3.722696067915,0.03419339050443888
3.723698186049,0.034273806300718766
3.724703191902,0.033650624405984396
3.725690023113,0.03466996131710377
3.726707212839,0.03407989335184385
3.727707706623,0.03410312070212068
3.728709419482,0.025208231073119786
3.729450095562,0.03404230344489807
3.730450621179,0.03418460534597469
3.731455421662,0.03404617831446912
3.732456197151,0.034151097830228475
3.733460966497,0.03415630053201581
3.734466826575,0.03397230899862387
3.735467325456,0.034112748070009094
3.73647139649,0.034288442481121215
3.737480406473,0.03429950422256069
3.738490284688,0.03426338741273352
3.739499971672,0.03416969261181449
3.74050750825,0.034142546684785016
3.741514579339,0.03401662921207694
3.74251812903,0.03400971890913436
3.743521632117,0.03393421569961266
3.744523105867,0.033857789128041105
3.745523166147,0.03408139678354926
3.746531033458,0.03430348109135182
3.747546111443,0.033843920177519145
3.748547658523,0.033814390447273975
3.749548549689,0.03406007424025407
3.750557215568,0.03407481929006354
3.751566767612,0.034124333570276076
3.752578291136,0.03379768089066022
3.753580617426,0.0342194197306558
3.754596051645,0.03372083954239457
3.755597069662,0.0336361056410905
3.756595676463,0.033827867976066746
3.757600136355,0.03373304045853264
3.758602602933,0.03386401449904039
3.759609805189,0.03389149191484748
3.760617831387,0.033881864008952906
3.761625492603,0.03386283294546062
3.762633040641,0.03362584151137684
3.763633971333,0.033605981543023626
3.764634294748,0.033894259277280105
3.765642998163,0.03363864426438453
3.76664415182,0.008144518125122572
3.766886616029,0.026469634768005873
3.76767482319,0.02827155365460755
3.768516781314,0.02818369629321861
3.769356077439,0.029762692190548216
3.770242571506,0.028727963931880315
3.771098681006,0.029177006781632826
3.771968532873,0.028813734225902308
3.772827691649,0.029325482718448124
3.773702300585,0.02957289389489424
3.774584528013,0.029538434505276958
3.77546598956,0.028940023679629005
3.77632985365,0.028562239452260354
3.777183012953,0.02882903095991941
3.778045103313,0.02992742079055226
3.778941124237,0.027709825590037776
3.77977157676,0.02995168059644034
3.780669516241,0.02844877684009573
3.781522674279,0.028225548951097853
3.782369572775,0.02878420586835582
3.783233395878,0.02538804772442011
3.783995433345,0.02613672427510763
3.784780064068,0.02879859658438275
3.785644683358,0.028316864368517075
3.786495396031,0.029655765806924445
3.787386995886,0.02858598518020862
3.788246676306,0.029182914920398286
3.789124595718,0.028998321386873055
3.78999723054,0.028530591504148387
3.790855860998,0.029315796228881114
3.791738384759,0.029334709548064872
3.792621991885,0.03087422258265874
3.793552512999,0.026472118250476084
3.794350661226,0.02856596831972731
3.795212231803,0.028915827102798202
3.796084815838,0.02947107070551901
3.79697448797,0.02639163841463155
3.797771367738,0.029454539301193957
3.798660971133,0.029574259724837484
3.799554436959,0.026569702646679006
3.800357196171,0.027863355972823647
3.801199037094,0.022000475795760133
3.801863858779,0.02941137795730324
3.802752964117,0.029477578231926867
3.803644548766,0.026096396831001616
3.804434287478,0.026777242667020716
3.805244816803,0.028462564463035925
3.806106148439,0.026526845113701455
3.806908787782,0.027762322313094813
3.807749107602,0.027951683359629827
3.808595608741,0.02724469593717153
3.809421073798,0.028110711073816297
3.810273142189,0.02856468116131686
3.811139412604,0.028889134335906078
3.812015914139,0.02867877070946216
3.812886232894,0.027874479877567616
3.813732181074,0.028234965392071144
3.814588997406,0.026818122896795613
3.815402761758,0.02930503842056947
3.81629211547,0.03016551122974883
3.817208083359,0.02908916814354457
3.818091824616,0.02853690207158464
3.81895903898,0.028425166630321522
3.81982305972,0.02815229084478249
3.820678816933,0.026672499483868215
3.821489776302,0.0286848109060715
3.822362323353,0.0263387976991904
3.823163882906,0.029460302953237115
3.824060880186,0.02847997037564524
3.824928473209,0.031232694195867567
3.825880171338,0.027170743656833116
3.826708156466,0.0286388978736467
3.827580964998,0.029298530041514954
3.828473959482,0.028442653598811943
3.829341080793,0.029900581373986806
3.830252922603,0.02799902324112812
3.831106937681,0.029438599920112166
3.832005121502,0.02904320805777736
3.832891487119,0.0296304501811631
3.833795835834,0.030353293101208056
3.834722398558,0.026324594488695365
3.835526280295,0.026663165583296775
3.836340893264,0.026329156874980924
3.837145666717,0.02898436444990115
3.838032223668,0.02601373727663454
3.838828840501,0.02934937538947445
3.839728311655,0.02923280057534008
3.840624479087,0.028747628815353133
3.841506117103,0.029530740286058305
3.842411853119,0.02865532930436827
3.843290593497,0.02901840743287297
3.844180539375,0.028699946710327433
3.845060974463,0.029628584554169606
3.84597006174,0.03142103565998688
3.846934469162,0.02986059811309102
3.847851712855,0.030343614956406077
3.848784117705,0.02907644125170824
3.849677422268,0.027943547728497095
3.85053598327,0.027275256447547025
3.851374271799,0.027672779869751737
3.852225085363,0.027846105632512566
3.853081808341,0.028658775360604884
3.853964262223,0.027214403480502282
3.854802882639,0.02787650006023512
3.855662522813,0.028632612848857604
3.856546026886,0.027105439029049636
3.857383074423,0.02911066130320336
3.858282490154,0.02951945032330416
3.859194657225,0.028947215742377515
3.860089210401,0.02878034077837082
3.860978549853,0.030539445102208417
3.861922234109,0.026493395457281382
3.862741103994,0.02975415121162019
3.86366132423,0.027752335071190563
3.864520023771,0.030634858679835432
3.865468337968,0.0285253922640234
3.866352091628,0.02783828727581873
3.867215006527,0.025719782597553868
3.868012381038,0.029977143167731212
3.868942084368,0.02803664436100428
3.86981238222,0.03178446297156337
3.870799628494,0.02983090163782356
3.871726297142,0.02853518228663449
3.872612629478,0.03241597309555476
3.873619397698,0.030211702077391586
3.874558148394,0.012976243428364205
3.874961509403,0.029334756185337665
3.875873106072,0.031061414129596423
3.876837877194,0.03191533740932923
3.877829228197,0.02744614824522315
3.87868244976,0.02952873334077553
3.879600976204,0.028853571593507703
3.880498671337,0.02919952648003782
3.881407456829,0.029410218048590293
3.882323261732,0.0275227286388998
3.883180992864,0.03091055383620875
3.884145138581,0.030069128391590545
3.885083697395,0.02997863840897415
3.886020046172,0.029736870624768402
3.886949037722,0.0322338179125703
3.887956108398,0.02966437486469814
3.888883169277,0.029444886677912643
3.889803185389,0.028236693799740777
3.890685170488,0.03024702881066775
3.891630289484,0.02923756841710409
3.892544581517,0.027558100625673848
3.893406921585,0.02887523807036269
3.894310902078,0.030422257808430574
3.895263890307,0.030056821484538566
3.896206076434,0.03208382157956405
3.89721241911,0.028957702355475578
3.898121267406,0.02855140514677597
3.899017636608,0.02891727732055087
3.899925554575,0.030345887270683065
3.900878581725,0.028802944852931223
3.901783378126,0.02787157125483743
3.902659101155,0.02659863459652444
3.903495042586,0.02846581208941191
3.904390188758,0.02873611879754734
3.905294676591,0.027718490006736374
3.906167740644,0.029176520778233177
3.907086935191,0.030606108320875
3.908051101537,0.030510054374444023
3.90901224152,0.027498654427388962
3.909878594167,0.029967285487138798
3.910823004089,0.03105306107319517
3.911802375015,0.012987316749221897
3.91221223276,0.028868476402628306
3.913123251035,0.028079449186435266
3.91400922611,0.02925084239715984
3.914932489246,0.028667479467936813
3.915837759447,0.028632477889098378
3.916742664146,0.03115954153092405
3.917728635964,0.02949658630542184
3.918662677812,0.029446025379373485
3.919595506728,0.030087009751267543
3.920549155684,0.029239231212585433
3.9214763169,0.029370807906117704
3.922407539896,0.02798100524619989
3.923294573264,0.027676176935043487
3.924171988051,0.030113383473735485
3.925127008449,0.030078126363599456
3.926081651118,0.02905973012805304
3.927004570799,0.026152746374947362
3.927835634371,0.030395371906875468
3.928801926322,0.02981020979732252
3.929750155238,0.0300462750465156
3.930706613906,0.02772335611797398
3.93158967023,0.027633854596657327
3.932470239257,0.02825765246896242
3.933370854462,0.0285055797260023
3.934279837043,0.029040812698239268
3.935206541477,0.02715538924603905
3.936073414757,0.0280827550443149
3.936969936299,0.027282108714684415
3.937841287741,0.030256822763401057
3.938808207746,0.026727407624516756
3.939662663034,0.027740665499440795
3.940549859747,0.02769623367482537
3.941435960446,0.030027156191443364
3.942397198783,0.029575170818925578
3.943344690613,0.03126891977630283
3.944347080307,0.030892921290414904
3.945337653172,0.030427962447207055
3.946313449647,0.031252669314149474
3.947315748159,0.0250273791860026
3.948118422805,0.029813643557909858
3.949074503258,0.03057158636631082
3.950055051265,0.028809131220453425
3.950979525223,0.027983378588204405
3.951877583403,0.027831457167719724
3.952770817656,0.030125414447957223
3.953738294176,0.02852639776239361
3.954655382452,0.0293847941350363
3.955600769082,0.029986228870401744
3.956566147605,0.031446935005931057
3.957578959377,0.02809371221949206
3.958483926872,0.029751209521808618
3.959442333735,0.028222710799131093
3.960351460651,0.02993990661646043
3.961316357005,0.03117532219429351
3.962321513449,0.031243907883177508
3.963329090137,0.03093091889629367
3.96432682225,0.02876096219534249
3.965254829253,0.029630969980031122
3.966211299686,0.027787439566544545
3.967108823607,0.03009595114357714
3.968081636855,0.031176717993509028
3.969089981511,0.03114731249058235
3.970097781358,0.030251750394976653
3.971076543995,0.031137779742764427
3.972083864893,0.030355903258114394
3.973066322647,0.027322769341693667
3.973950988663,0.03036378196009899
3.974934616157,0.02846924340065508
3.975857749446,0.027718971851750405
3.97675741906,0.030781009659821463
3.977757239453,0.03038118163007675
3.978744559394,0.03036125025563156
3.979731329169,0.030816126216997704
3.980732854673,0.02911329403686797
3.981679415595,0.030087050640617403
3.982658133877,0.02874822754865795
3.983593873614,0.005921519091579377
3.983786726968,0.02950011790653147
3.984747756519,0.03067932010482237
3.985747594562,0.031003467751136594
3.986758519205,0.029387103438084115
3.987717123141,0.02903257437228028
3.988664353162,0.028646340896489944
3.989599041538,0.028696746963684128
3.990535570591,0.030790942398366626
3.991541090885,0.030544616474781433
3.992539672722,0.030657418035266903
3.993542683024,0.030788217164206523
3.994550216927,0.030014897629524244
3.995533032085,0.02937171742736186
3.996495162084,0.02898810133332975
3.997444879449,0.03081416169937965
3.998454600044,0.029117046762207062
3.999409038263,0.03066153802015404
4.000414434983,0.030576453211613862
4.001417339096,0.029298177188969196
4.002378629873,0.0302544414582233
4.003370961659,0.02876476781473709
4.004314350719,0.028745617783835265
4.00525768368,0.030490470978369714
4.006259046816,0.03002001322739801
4.007245977093,0.030448943824678956
4.008247861068,0.030448709757406538
4.009250172181,0.02828552382333316
4.010181432776,0.030835925932883125
4.011196669762,0.030488082867698132
4.012200953596,0.0302252066437039
4.013197141056,0.0305135228939801
4.014202747785,0.030426120144916278
4.015205445343,0.030495940534300728
4.016210826087,0.03033324331169321
4.017211401859,0.02850949844441145
4.018152171124,0.03041279084502851
4.019155988695,0.030332826082595177
4.020157601931,0.02923204047155577
4.021123354015,0.019334942485236397
4.021762290088,0.029522282558730368
4.022737982945,0.029191247015833997
4.023702912716,0.030354031952955326
4.024706739946,0.029783565264114124
4.025692298904,0.030266854962594833
4.026694397923,0.029772312232272953
4.027680587323,0.02813485793498754
4.02861301447,0.02955394120023529
4.02959292091,0.029531018095414228
4.030572582157,0.03020486760050482
4.031575403549,0.028734622016788877
4.032530067834,0.030539059316101038
4.033544987566,0.030272427038928736
4.034551383598,0.029228258891172948
4.035523745491,0.030236187567887377
4.036529832872,0.030233648734751338
4.037535746439,0.030214416273600442
4.038541524229,0.029670978002278216
4.039529777814,0.02865657819625534
4.040484586962,0.029876004151139068
4.041480501119,0.030036416514410132
4.042482618029,0.029684276537318786
4.04347399704,0.029743783556007236
4.044468156832,0.029760289289186496
4.045463297142,0.029943066237301922
4.046464635454,0.03021753684788428
4.047475245537,0.0300521408730817
4.048480646038,0.029676644054510593
4.049474156388,0.028821778773773118
4.050439592426,0.029840728724365564
4.051439613659,0.02945342250789447
4.052426984662,0.02633297337085796
4.053309614404,0.029194527930763933
4.054288338375,0.029900596253593727
4.055291677152,0.029939903693779458
4.056297445533,0.029279672445583885
4.057281868744,0.029804008641385556
4.058284209236,0.02999958229289183
4.059293403905,0.02814529953358241
4.060240876123,0.029850433342909845
4.06124630503,0.02090009160611541
4.061950532181,0.02928234491025756
4.06293741873,0.030071129254424355
4.063950979143,0.028698880822226342
4.064918757979,0.029692437530931703
4.065920658395,0.02952837239547296
4.066917351972,0.029780526086637962
4.0679225704,0.02932049261407352
4.068912305784,0.029785987409957273
4.069918071805,0.029512723391562683
4.070915088221,0.028692160023937867
4.071885001215,0.02973256733159686
4.072890750277,0.029543922618229676
4.073891165345,0.02667722175438602
4.074795440899,0.029790218734646517
4.07580552713,0.026461835176513886
4.076703088797,0.02662265126161892
4.077606497319,0.029781273711205467
4.078617804292,0.027600485593321837
4.079556188422,0.02758490855505096
4.080494436545,0.02989250178058345
4.081511464401,0.029524406040169583
4.082516942331,0.027763413768046308
4.083463115573,0.027829042317194512
4.084411479042,0.02951574095160133
4.085417625467,0.027929219223625196
4.086370673688,0.02949791865465261
4.087377948281,0.027518670753237252
4.088317909218,0.029487746156777843
4.089325338875,0.029362496869962604
4.090328948223,0.029486072876152524
4.091337716593,0.029580946629573477
4.092350267753,0.029462958670097468
4.093359011239,0.029272994660182253
4.094361501612,0.029498781707275604
4.095372095809,0.028978528850078598
4.096365662741,0.02800451063451904
4.097326572422,0.029298039363634933
4.098332293057,0.029223878951287686
4.099335788791,0.014129859013302888
4.099821097204,0.0292675632652725
4.100826676044,0.02912104004385736
4.101827885972,0.029139017128486225
4.102830217267,0.02899545188633098
4.103827991267,0.0292178451961146
4.104833752505,0.029056411998506008
4.105834295843,0.028679187924908648
4.106822354319,0.02904295793715941
4.107823365994,0.029380991382746458
4.108836370989,0.0290613984582748
4.109838897601,0.029282990160376415
4.110849446755,0.029005414465457964
4.111850305186,0.029229119318378318
4.112858737308,0.02913980103991495
4.113864461928,0.029432306245813118
4.114880809359,0.029237559402873606
4.1158910226,0.029085949671983902
4.116897023986,0.029200294120820213
4.117908021564,0.029023683754123925
4.118913586054,0.029122722292363557
4.119922971602,0.029102563779957076
4.120931726145,0.028330996679856734
4.121913615202,0.02894258947615397
4.122916650728,0.02903418289311737
4.123923534384,0.02908211745339587
4.124933037682,0.028912301003887673
4.125937395512,0.028843877725882632
4.126940161023,0.02831709445380948
4.127925279606,0.029043728491092626
4.128936329714,0.028999627036245083
4.129946509166,0.02770404783011749
4.130912046936,0.028751808112606584
4.131914184773,0.028985744796785177
4.132925164946,0.026544942356218088
4.133851896232,0.028986686749274786
4.134864368013,0.028311903073937068
4.135853915423,0.028794420935580274
4.136860959939,0.028662305500068288
4.137863938214,0.028714828601789456
4.138869258026,0.02884811704798404
4.139879845944,0.02750005896962537
4.14084383932,0.02874731319681928
4.14185173251,0.028723374535615475
4.142859150749,0.028044565690386585
4.143843379519,0.02856065607578663
4.144846054132,0.028828406601695535
4.145858208533,0.02801718297853071
4.146842192375,0.0285292825120313
4.147844845935,0.02796247639266
4.148828089031,0.028522702161831493
4.149831019676,0.02849467607872995
4.150833477491,0.02857244573452006
4.151839783126,0.02862832292286193
4.152848300255,0.028380955277425794
4.153848315675,0.02851485447506435
4.154853678884,0.028497732633068117
4.155859064318,0.028501069191846286
4.156865254755,0.028605835732850863
4.157875309189,0.028385888793744957
4.158877616646,0.026014800769972365
4.159796843905,0.028520602336782896
4.160805414894,0.028318944598671174
4.161807862674,0.028291158795704784
4.162810271368,0.028217179588884724
4.163810337961,0.028365324286236886
4.164815925486,0.028202801323035095
4.165815955237,0.02827115343866565
4.166818325864,0.02836926117431735
4.16782420324,0.028349394510649807
4.168829951284,0.028345941676332115
4.169836275841,0.028206936435833788
4.170838105763,0.02815675079149562
4.17183843355,0.02837993513608293
4.172846844182,0.0283736620543533
4.173855506043,0.028213662030338888
4.174859418061,0.028304384200257646
4.175867282656,0.028493932813199858
4.176882104175,0.02823905956447708
4.177888116163,0.028246334219076057
4.178894971706,0.0281866628569703
4.179900250181,0.028293356771407593
4.180909963201,0.027999368960467175
4.181910076009,0.02821081881466551
4.182918619449,0.028095754203098688
4.183923812783,0.02798894376844978
4.184925845069,0.027962603199436102
4.185927410039,0.02797761421435909
4.186930005805,0.02830930932411303
4.187945475661,0.01860415805006073
4.188613469355,0.027576885000854586
4.18960383859,0.027950535251368844
4.190607742943,0.028225462712909596
4.191622292393,0.027971722051157822
4.19262828396,0.0280050574097445
4.193635448557,0.028028090681799112
4.19464387717,0.028021712883469316
4.195653170228,0.02793472495836001
4.196659987748,0.02774138764883312
4.197660040596,0.02780852305987736
4.198662627744,0.027837636537376306
4.199666234957,0.027864923837973565
4.200671332153,0.027858471006816467
4.201677125047,0.027689678700685515
4.202677390729,0.0278371338583088
4.203682744853,0.02786280926260009
4.204688861534,0.02782999876787776
4.205694605741,0.027669772633392035
4.206695798947,0.027621456696096915
4.207696364469,0.027720092055890273
4.208701469483,0.027707085394353664
4.209706613591,0.027598908213139355
4.210708103424,0.027568183899551835
4.211708923898,0.02755447193585418
4.212709385151,0.027639657821544893
4.213712987347,0.027761798631944064
4.214721727471,0.027520726721564
4.215722498854,0.027678229698109725
4.216729221327,0.027658299057773283
4.217735904227,0.027476304879825646
4.218737113922,0.027621071484108653
4.219744356098,0.027498234419749152
4.22074748769,0.027624073759206606
4.221755498431,0.027419102353621123
4.222756406009,0.027676526659394633
4.223767173193,0.02749273208446078
4.224771906145,0.027560537527756897
4.225779666384,0.027357611514001633
4.22678055901,0.027337987085856448
4.227781752386,0.027519502018111746
4.228790647808,0.027324088084512473
4.229793024111,0.02747476622017208
4.230801332101,0.027476559917051276
4.231810191045,0.02730287385374121
4.232813333443,0.02731937902517288
4.233817364943,0.006411652543228051
4.234052981078,0.02750428204415394
4.235064121144,0.02729822018084765
4.236068727336,0.027224375233812957
4.237071512344,0.02725634143744314
4.238075503767,0.02728924706715257
4.239080758423,0.02744325462908108
4.240092667032,0.02731686784556689
4.24110094911,0.02711746587623112
4.24210226481,0.02732312888928983
4.243111189429,0.027121480425394907
4.244113243609,0.027159510816846037
4.245117926457,0.027034751424766437
4.246119115307,0.027101877704414124
4.24712349398,0.02715986484514481
4.248129874584,0.027151573699396796
4.249135773655,0.027425392292480217
4.250152393149,0.02713047481347587
4.251158914056,0.027241970542901162
4.252170216458,0.026933180130106968
4.253170406011,0.027027497801193758
4.254173912421,0.027162107128794116
4.255182000163,0.02743940715750819
4.256200893601,0.027089600671474846
4.257208155064,0.026986989063193915
4.25821260317,0.026886070788269285
4.259213574275,0.02725097970240616
4.260228719862,0.02735104100383194
4.261248564364,0.026978368597280523
4.262254911579,0.02684476653608014
4.263256296588,0.026829863861600033
4.264257840184,0.026885871550009467
4.265262218069,0.026833648371851874
4.266264995302,0.026872686918739397
4.267269918133,0.0268106188332607
4.268273228202,0.026947054370275725
4.26928223311,0.02683510485444425
4.270287802548,0.026680406353468515
4.271288358796,0.02679613120407433
4.272293419421,0.02695555968540873
4.273304742755,0.026755764200925344
4.2743094029,0.026945340834702725
4.2753214682,0.026728087423366288
4.276325648975,0.026873600265294475
4.277336566634,0.026840753311860654
4.278347769225,0.026808704487002406
4.279358528413,0.026627480739579112
4.280362756024,0.026639749122385117
4.28136776825,0.026626737842012756
4.282372646318,0.02677854739131102
4.283383629154,0.011442337279747783
4.283815691632,0.026540198238499475
4.284818028845,0.026629474264518446
4.285823931261,0.026908853679432392
4.286840553544,0.026677723153102066
4.287848589081,0.026567530485003134
4.288852917452,0.02650425379218488
4.289855441785,0.026443913436482745
4.290856261301,0.026566634370742623
4.291862360176,0.02670304101635039
4.292874373902,0.02636751083087269
4.293874550472,0.026448838015738378
4.294878131773,0.026499701403895886
4.29588386842,0.026448976362454274
4.296888147677,0.02637655676043284
4.29789001145,0.026327274404949634
4.298890344487,0.026439966534139325
4.299895640814,0.026378730532449567
4.300899275751,0.02647009633462251
4.301906788576,0.026401380718603793
4.302912145259,0.026397366363855312
4.303918048493,0.026549167418762933
4.304930281485,0.02647209315803292
4.305939698789,0.026282327092586114
4.306941938458,0.026396754214542652
4.307949091237,0.026292821784469903
4.308953183317,0.026430759584225156
4.309962747113,0.026375354293630526
4.310970039338,0.02644055086313547
4.311980297173,0.02630883047359235
4.312986594931,0.026470617972966667
4.314000052097,0.026313918010393247
4.315008151836,0.02616244455508386
4.31601109334,0.026391154608294477
4.317023504661,0.026298673471918835
4.318033282105,0.026100171002376233
4.319036311268,0.02611187306309317
4.320041191911,0.026008040645257677
4.321043866478,0.026124857226805052
4.322052247551,0.026141435919697868
4.323061837462,0.025947569012803845
4.324064512773,0.025903309920892084
4.325066251521,0.026056946442170457
4.326074495091,0.025934341317352807
4.327078118052,0.025863408086915226
4.328078989769,0.026068313134925452
4.329088087634,0.023542681382365545
4.330000232584,0.025805266741847896
4.331001532386,0.023812584541757015
4.331925741507,0.025745470459236273
4.332924421714,0.025826725511665746
4.333926731491,0.026013346052624793
4.334937260153,0.025800921841874176
4.335940011069,0.02581256991758404
4.336943598323,0.026271689957521223
4.337966032913,0.02605982784949022
4.33898109578,0.025792758574042285
4.339986335938,0.02582577741447571
4.340993238754,0.02588923611188139
4.342002701397,0.025776739625723914
4.343008094018,0.02565479927631254
4.344009427668,0.025996531913714992
4.345025167279,0.025698289462274287
4.346030313905,0.025914019328756758
4.347044327643,0.02556377185254569
4.348044949498,0.025554511652703
4.349046059753,0.025635171894793776
4.350051060208,0.025520479112698856
4.351052159011,0.026032455900126823
4.352073702659,0.025509368080477556
4.35307483488,0.02556124904192407
4.354078769587,0.025524835704613016
4.355082572718,0.025425859817600132
4.356083173256,0.025556170557309254
4.357089037935,0.025787677044210127
4.358104740698,0.025537281410292063
4.359111407336,0.025379823182003925
4.360112342484,0.02551173998636636
4.361118879551,0.025477949925842725
4.362125002451,0.025687802519901062
4.363140911906,0.025737578829907293
4.364160131038,0.025549927262703657
4.365172694397,0.02531457832743462
4.366176444208,0.025433442262033003
4.367185526547,0.025326197629048117
4.368190881873,0.02570478390261945
4.369211802856,0.025372053598564356
4.370220457482,0.02516657295595945
4.371221752269,0.02536003590696113
4.372231111266,0.02544358031352725
4.373244273482,0.025251726674359112
4.374250567897,0.02510692869810718
4.375252040346,0.001292289480842086
4.375303611652,0.025354506767429136
4.37631567718,0.025229364551246337
4.377323197388,0.02508431477179847
4.378325094129,0.02526250388178286
4.379334375923,0.0251188696930382
4.380338905791,0.025188663980333995
4.381347414109,0.025070902028639708
4.38235195472,0.025224656179817475
4.383363070478,0.024979938145724655
4.384364716252,0.025259763190148027
4.385378261908,0.024910872591756512
4.386379241777,0.0251582800932556
4.387391478614,0.024904078882146206
4.388393786481,0.02503638399246425
4.389401456575,0.025034954250022622
4.390409597418,0.02494234758941849
4.391414655146,0.024733137186489385
4.392412193069,0.02479718476147128
4.39341306109,0.02495939346207804
4.394421261592,0.024874162595703544
4.395427569845,0.024886532849947667
4.396435273794,0.024826721576737463
4.397440493648,0.024767641383735484
4.398443479549,0.024683825198507113
4.399443913598,0.024741718916584693
4.400447384891,0.02491148361145682
4.401458332469,0.024625459377175862
4.402459012232,0.024695886369941356
4.403463802179,0.024825067845266044
4.404474758324,0.0246885139701113
4.405480915526,0.024737659126561215
4.40648925525,0.025092731243000228
4.407512477606,0.024640588457715714
4.408518089197,0.024554758938403004
4.40952076909,0.024736589004619232
4.41053131083,0.024527692782704287
4.411533761997,0.0245315179548296
4.412536333485,0.02495530499355157
4.413556478178,0.024493134846992275
4.414558461323,0.024507434128615245
4.415561781205,0.02449808306034436
4.416565928109,0.024492176147211445
4.417571428098,0.024370779871588533
4.41857305069,0.024571137366540194
4.419582995645,0.024396627618062616
4.420585956342,0.02210457526683298
4.421495225574,0.024440594442004783
4.422501322316,0.02441554312982493
4.423507142828,0.024643298544144213
4.424522953642,0.024296815183716784
4.425525284082,0.024308591414281065
4.426528835384,0.024246814807183735
4.42753066251,0.02446182398066357
4.428542240072,0.024258854401437203
4.429545790193,0.024428837634839093
4.430556733153,0.024378720994954767
4.431566580499,0.02443049961243442
4.432579708791,0.024168468118747174
4.433582826021,0.02430148799259986
4.434592479673,0.024126848962744807
4.435596050969,0.024227917165886566
4.436604501167,0.024176887101072627
4.437610922742,0.024125960934230053
4.438615269516,0.024033424905334753
4.43961588206,0.02406257945200149
4.440618420837,0.024097128090613755
4.441623309796,0.02406064312259869
4.44262688446,0.024364797459463603
4.443643196561,0.024421838469568274
4.44466246883,0.02413225849958258
4.445670580236,0.024171782824938627
4.446681055644,0.02405287273868849
4.447686728298,0.024444537016783747
4.44870878838,0.023911246520349927
4.449709211535,0.024046639343232364
4.450716277451,0.02393848207935113
4.45171940102,0.023997194874597352
4.452725846361,0.02384493759954088
4.453727038994,0.023966962245162815
4.454734547049,0.02410625803307815
4.455748858914,0.02384219820881715
4.456752312268,0.02383261289883231
4.457755408225,0.016753267672997053
4.458460875833,0.014128848103956749
4.459056465062,0.015316896425781072
4.459702629015,0.013773048932544777
4.460283774819,0.014469069125600366
4.460894327004,0.020971603096325266
4.461779294426,0.0237190397715852
4.4627800942,0.0238486848254338
4.463787424705,0.023804082769553758
4.464794449138,0.023891749466064788
4.465806091263,0.013680934920403412
4.466385936436,0.013923690929796994
4.466976724954,0.01322327132288987
4.467538458652,0.012670926157975411
4.468077058891,0.012320711568578852
4.468600780055,0.012682955162750406
4.469139700653,0.012695556004624792
4.469678903739,0.012983907484039494
4.470230155354,0.018350064727241207
4.47100890394,0.018682541270094947
4.471801448804,0.012344233689035472
4.472325220314,0.011902834156926854
4.472830781538,0.011813090241205035
4.473333015863,0.011721109396746657
4.473831497592,0.011831062279018973
4.474334680959,0.011894162116156178
4.474840560011,0.01105275658658712
4.475310650562,0.0118088089202542
4.475812919666,0.01190040400141044
4.47631916798,0.010599575880808154
4.476770184592,0.008717951952276922
4.477141217475,0.00871574020803473
4.477512247146,0.008713041254180523
4.477883272096,0.009199942846314691
4.478275168589,0.00870665128305732
4.47864618537,0.009389087090362295
4.479046455782,0.009585789951067918
4.47945529281,0.01217730143725379
4.479974927325,0.011805707685581394
4.480479121265,0.0115212180078965
4.480971596812,0.011420808353469671
4.481460137439,0.0022097516797049523
4.481554702269,0.010551152236348263
4.48200644687,0.008658507322973246
4.482377424252,0.008584166356207823
4.482745434496,0.008648557936494912
4.483116403851,0.00847564268739606
4.483480173563,0.008637625509691008
4.483851136054,0.010695140322775364
4.484310770729,0.0086257721710081
4.484681727583,0.013077477609808876
4.485244637812,0.021694161947737507
4.486180554951,0.007065877485426719
4.486486044111,0.007058269386960337
4.486791530616,0.019541464201381187
4.487639081107,0.023055655142113926
4.488640885076,0.02310026171694502
4.489645901607,0.023013214480193635
4.49064915419,0.023049278824009582
4.491655725478,0.022959828692627676
4.492659583654,0.02296210984387199
4.493664174983,0.023190527791500173
4.494678723808,0.02298136080760547
4.495683980766,0.02324839831170032
4.496701067716,0.02292178932416871
4.497704093922,0.022872697886372216
4.498704841969,0.022910217123280834
4.499707320255,0.02306683633624824
4.500716997876,0.02306498008845548
4.501726691666,0.022926960254195234
4.502730316631,0.023251703589732383
4.503747580835,0.023203418207911747
4.50476208669,0.023144248749690954
4.505773417193,0.023028628043621536
4.506779158818,0.023012129214372744
4.507784187492,0.023073479382834838
4.508792606994,0.022905720808264047
4.509794589992,0.02298198281164724
4.510800474091,0.02335424170279389
4.511822951523,0.022942717622203006
4.512827462654,0.012026899436640585
4.513354116695,0.02287907476374541
4.514356157363,0.02297841285358562
4.515362464512,0.023231788161597416
4.516379975741,0.023233111089677363
4.517398035515,0.022991535288138534
4.518405808432,0.022934586508654476
4.519411516235,0.02296798803501082
4.520419633623,0.022876993210051596
4.521424705464,0.022929823809252507
4.522432551125,0.022876832455231127
4.523438319948,0.02286333171209868
4.524443775619,0.022901058202188646
4.525451739937,0.02270716295013827
4.526452334512,0.022853543970837234
4.527459832034,0.022859503691314648
4.528467415463,0.022774956586517642
4.529471078814,0.02283443765559666
4.530477908738,0.022657913136104556
4.531478011746,0.0226549634516133
4.532478808521,0.022668936877533918
4.533480535457,0.022698591523967682
4.534483598889,0.02263343493852791
4.535484414111,0.023014222730517005
4.536503058599,0.02290049638320803
4.537517088493,0.022826207970501652
4.538528339665,0.02290366743804542
4.539543762251,0.022586854065164984
4.540545718783,0.02254402258360469
4.5415469813,0.0228187060158095
4.542561882996,0.022586161309183565
4.543567439006,0.022488796776389645
4.544569385518,0.022706249947084537
4.545581473383,0.02243127108884566
4.54658157707,0.022480614608510446
4.547584004389,0.02268112406835167
4.548595893826,0.022591027698322077
4.549604374296,0.02239551880921417
4.550604486938,0.022388103425770408
4.551604788119,0.02251097128109012
4.552611418404,0.0223976732530238
4.553613538476,0.022446244583365464
4.554617834293,0.022464615382190353
4.555623337844,0.022570453479632813
4.556634681008,0.023538553531810925
4.557690449363,0.022389996328052424
4.558695165447,0.022572995209161898
4.559708152635,0.023385881393478445
4.560757776985,0.022594822611359446
4.561772825378,0.022464916999665692
4.562783266001,0.022385136817310105
4.563790844823,0.02275525889373762
4.564815426599,0.022553698932619732
4.565831352535,0.022670335901405464
4.566853018699,0.022223783937832423
4.567855182188,0.005134404528625273
4.568086844932,0.022273227109520555
4.569092333782,0.02220229571185417
4.570094694195,0.02226937813034465
4.571100151515,0.02238375346007432
4.572111439526,0.02212030513895039
4.573111505593,0.022261256036879815
4.57411858872,0.022503753682693053
4.575137648903,0.022287324990329035
4.57614846081,0.022023646114716303
4.577148920716,0.022146178574660842
4.578156541282,0.021980042695162256
4.579157876957,0.022029458048640427
4.580162050801,0.02233588259869642
4.581180192325,0.02204676037302975
4.58218524302,0.022209348268849176
4.583198510758,0.02207396429221656
4.584206420442,0.02205086756486114
4.585213795508,0.021924808397986568
4.586215570845,0.022184170512411592
4.58722921554,0.021940003590828972
4.58823252037,0.021906155097905392
4.589235303447,0.02188983309314288
4.590237429556,0.021926424661884214
4.591241296211,0.02197680613965026
4.592249068578,0.022272083522068574
4.593272697788,0.021818342169533746
4.594277028282,0.02184745635698717
4.595283207783,0.02184330669629489
4.596289600907,0.02236394896696578
4.597320547816,0.021728657184593707
4.598322787664,0.021793253636060893
4.599328679307,0.022096280418317987
4.600348833132,0.021754736605028493
4.601353111184,0.021910490582150593
4.60236371783,0.021868163419318153
4.603371174004,0.02175960657862971
4.604373401961,0.0218711080615305
4.605381824855,0.022137102503017092
4.606403719853,0.021886907756376806
4.607414945143,0.02182199507549529
4.608423879642,0.021968840575878276
4.60944020179,0.021695047658724743
4.610444399239,0.02175428258978843
4.611451781844,0.021694502889350258
4.612456894221,0.021720395221050796
4.613464001578,0.02157721448233445
4.61446519613,0.021663184065377577
4.615470935497,0.02196230995184778
4.616491196851,0.021757837220393025
4.617501999296,0.02172273601217137
4.618511256683,0.02176472461605884
4.619523019326,0.02181313230449774
4.620537025749,0.02189240870913931
4.621554734627,0.02199444028551287
4.622578104318,0.02174831848603734
4.623591179594,0.02164837252900846
4.62460041848,0.021520676972251563
4.625604277928,0.02191313298498932
4.626627553156,0.021495353753016748
4.627632459912,0.022336049028600213
4.628677695352,0.02139085154293025
4.629680409742,0.00872809369997658
4.630090152871,0.021586083678935122
4.631104247204,0.02153836423289371
4.63211699737,0.021475803391497936
4.633127695927,0.021287349410878818
4.634129953671,0.021316505708240684
4.635134651465,0.021627212952294143
4.636155705304,0.02157273327886157
4.637175797617,0.021139751306762874
4.63817647974,0.02126765861881541
4.639183458168,0.021350956906983586
4.640194951232,0.02130704228053075
4.641205347822,0.021310343681345528
4.642216763556,0.021254498513915716
4.643226019482,0.021061622154294683
4.644226127352,0.02106800872417841
4.645226664924,0.021208214370173763
4.646234591255,0.021294450616525396
4.647247426458,0.021177536592594207
4.648255213596,0.021712138891659512
4.649288686297,0.021102904252428112
4.650293469163,0.0210578448272043
4.651296603389,0.02123145230377972
4.652308000313,0.021369250045685722
4.653326153266,0.021316267400647355
4.654343015204,0.021101907613385457
4.655350757954,0.0211232673630486
4.656360539464,0.020995515287315872
4.657365820764,0.021083169094194096
4.658377037366,0.020906392606950732
4.659380835022,0.02094939050411377
4.660386777167,0.020958949771974524
4.661392974059,0.020948524206890445
4.662398646071,0.02181058840591873
4.663445891539,0.02096450045396326
4.664452981039,0.020890974109485882
4.665457091648,0.021135764501735654
4.66647320129,0.021095137353104646
4.667487348132,0.02099395788341707
4.668496739984,0.021113042255033805
4.669513011101,0.02115503968533011
4.670533098845,0.020857574286009695
4.671539409481,0.020752167101566663
4.67254072077,0.020742239435571797
4.67354253983,0.02147911269164451
4.674580801465,0.02092306161398354
4.67559242014,0.020801088939848673
4.676598719756,0.020839348755766
4.677607502206,0.020848539593029226
4.678616979909,0.020940221436553507
4.679631315655,0.020655403479573335
4.68063240885,0.0212203609025498
4.681661717296,0.020706672351236643
4.68266715311,0.02088057300423794
4.683681954793,0.020649724243220032
4.684686025916,0.020828570808929112
4.685699010406,0.021205441195378146
4.686730702045,0.02087868486386944
4.687747271659,0.020530168936983194
4.688747954736,0.020712297340216995
4.689757983066,0.020945778886083826
4.690779258278,0.02056551399511397
4.691781994147,0.02063207587740871
4.692788553589,0.020622172033840574
4.693796061383,0.02060960984125102
4.694804511966,0.020504319861217937
4.695809868442,0.020926857346822335
4.696838368875,0.020525842268384453
4.697848173187,0.02035885141131347
4.698850093592,0.008594586926234524
4.699273276451,0.02052491895075521
4.700284454033,0.02048497199724596
4.701294295756,0.021061894516049933
4.702333096779,0.020289140018264082
4.703334618341,0.020674843901956463
4.70435609134,0.02069516791971405
4.705379693703,0.020764443995162727
4.706408619975,0.02083484057815036
4.707442119755,0.020235834625272217
4.708446099928,0.020171589263602987
4.709447194914,0.02029554884773163
4.710454824371,0.02024228216418082
4.711460086464,0.02028598534492629
4.712467927585,0.020915745115231466
4.713508139237,0.020102878937292724
4.71450906073,0.02007860139673221
4.715509807695,0.02078527495988586
4.716546329189,0.020609516510904168
4.717573792724,0.02018714374131368
4.718579621193,0.020568129767446177
4.719604401769,0.020189060488883224
4.720611417664,0.020209264470353715
4.721620740265,0.020365883410688117
4.722638258078,0.02015913596791071
4.723645760927,0.020094108072566005
4.724650582256,0.02009859427793712
4.725656028598,0.020116210567123663
4.726662994351,0.019952910356858512
4.727663063897,0.02026870995726792
4.728680404174,0.0206078780218123
4.72971534146,0.019946155951003432
4.730717345475,0.020685877861949427
4.731756823702,0.01992246971486211
4.732758214365,0.019917693078986862
4.733760313781,0.020245553591338977
4.734780036206,0.020778953456793512
4.735827172263,0.020049625261082945
4.736837560782,0.0201623540806801
4.737853495213,0.02005273829075762
4.738864350149,0.019829669067757325
4.739865394597,0.020231030508684314
4.740888524758,0.020383610463279758
4.741920634215,0.019851329620625326
4.742926338547,0.019845720410527835
4.743931880995,0.02023660935762089
4.744957539846,0.02003470228838971
4.745973173452,0.020155483236304565
4.746995073425,0.019747056697292886
4.747997176029,0.01968679596245611
4.748997446477,0.019766564465573587
4.750003309202,0.0198650463779221
4.751016180627,0.02029706127103024
4.752053110633,0.02081449796421927
4.753118462598,0.01956642610851978
4.754120891801,0.01967931407282848
4.755129144601,0.020278871865546035
4.756167997834,0.020616081807324996
4.757224528422,0.019571163242601265
4.758228427581,0.019478729426781947
4.759228472009,0.019608645900487557
4.760235826465,0.019854244430316324
4.761256360001,0.019477444340258238
4.762258485448,0.01945725668812145
4.763260701131,0.019610324633279667
4.764272015463,0.01955727364585948
4.765282323189,0.019457719924253547
4.766289480052,0.0196959779305669
4.767310661419,0.019490709626017493
4.768322257855,0.01960038213325123
4.769339836235,0.019854183910961897
4.770370728655,0.019267025930221077
4.771371724419,0.020504881899174272
4.772437678665,0.019735969262676362
4.773464342232,0.019399807391133776
4.774474315842,0.0007590846692470217
4.77451384694,0.01953244736694197
4.775530729672,0.01939483017792687
4.77653990369,0.019357937194351794
4.777546826074,0.019923191652667028
4.778583620845,0.019265750778219244
4.779587086971,0.019406492494825976
4.78059852826,0.01947754510035663
4.781614983186,0.019510042980406508
4.782634635873,0.019528127025785404
4.783655941716,0.0193176641493585
4.784666488861,0.019323209965468453
4.785677658918,0.019210602318165272
4.786683320722,0.01922272431457701
4.787690113553,0.01943777828680324
4.78870887844,0.02015974777243031
4.789766571874,0.019827070224741037
4.790807754116,0.01972146891494292
4.79184356696,0.01921864249883869
4.792853498738,0.019158279103530212
4.79386133319,0.019034844729452417
4.794864102789,0.019601695563265527
4.795898038058,0.019006423571505223
4.796901026488,0.019046443290980885
4.7979059964,0.019351836349676098
4.798926760434,0.02028443878646527
4.799996424641,0.019072996115084517
4.801002109829,0.0201279469409327
4.802063435717,0.01915181643964239
4.803073709084,0.019256835395761715
4.804090686247,0.019060555697262217
4.805098484872,0.01957389780670327
4.806134481103,0.018975634823452568
4.807140016698,0.02020090345067946
4.80821199612,0.019090450368790333
4.809226764903,0.018902107176292624
4.810232933101,0.018889835813724047
4.811239057656,0.01886047750115395
4.812243889742,0.019240110404704695
4.81326922038,0.019082303038794067
4.814286679944,0.019019230739191855
4.815302052507,0.01890694778139645
4.816312997945,0.01899177407164985
4.817329865132,0.01872381205791003
4.818333815751,0.019102704267069427
4.81935926187,0.018673833812436084
4.820362960814,0.018799979840690997
4.821374682801,0.018571347575975335
4.822374829207,0.018602859232213984
4.823376929344,0.01879133593856966
4.824388871206,0.018725326125588918
4.825397042039,0.018779694344329176
4.82640843666,0.018863313070880218
4.827425390765,0.018781030276108068
4.828439521494,0.019548121099578087
4.829496141193,0.019779514891096223
4.830565295332,0.018962443306104235
4.83158990573,0.018518227542439352
4.832590210567,0.01940527679914682
4.833638512768,0.018958286358156294
4.834662755506,0.01914940331842254
4.835697178253,0.01906703705912907
4.836727270656,0.01969960389371759
4.837792073576,0.018857663231230302
4.838811979311,0.01880601161987077
4.839829747231,0.0188216947845932
4.840849100445,0.018517072978318904
4.841853016544,0.018976246750888177
4.842883422632,0.01872513211533058
4.843901953801,0.018787280457005222
4.844925564693,0.018352523872617623
4.845926743649,0.018576830942337988
4.846940949185,0.018540163192841647
4.847953804171,0.019710324801212084
4.849031382978,0.018319301516859534
4.850034094341,0.019251217544631445
4.851089323727,0.01839459562961494
4.852099130896,0.018298007726545527
4.853104830382,0.018194999233313518
4.854105547427,0.018269210747696503
4.855110938078,0.01826110537967581
4.856116575337,0.018401536656137724
4.857130918997,0.012523408375500365
4.857822048843,0.018576761528527882
4.858849081036,0.01809250534067646
4.859851066524,0.018428925631044445
4.860873275532,0.018391305413619066
4.861895225856,0.018204584613220217
4.862908603162,0.018038938178703744
4.863914793149,0.018171830697144634
4.864930066923,0.018205441311319796
4.86594818653,0.01811485821395562
4.866961926416,0.018611516160842816
4.868004170719,0.01845435756891532
4.86903817527,0.018061746012644014
4.870050471642,0.017979139179796273
4.871058393383,0.017899491129907942
4.872062242523,0.01815340763015602
4.873081142291,0.018334996984455423
4.874111490567,0.017816602540074736
4.875114304753,0.017830673422237164
4.876119228661,0.01859018499492783
4.877167745389,0.01802029089707503
4.878184972894,0.018012515947258393
4.879202199362,0.01801741289288391
4.880219414859,0.01899559896283579
4.881291358535,0.01862174044343762
4.882341840759,0.01819020308700987
4.883367705237,0.017789905910040836
4.884370827862,0.017808683957264426
4.885375339781,0.017818372762162225
4.886380890408,0.017811022822308613
4.88738661299,0.018580240009990364
4.888436718549,0.01790720418174143
4.889449684255,0.017823869989808085
4.890458691523,0.017781590482168267
4.891465773445,0.018887357524931408
4.892535782456,0.01834911701187048
4.893575782456,0.01886396511395098
4.894645588916,0.01827743018181539
4.895682617427,0.018295405718248628
4.896721026023,0.017734761248148087
4.897728250829,0.018094726378571686
4.898756802956,0.017661659560907757
4.89976149772,0.017592507349492272
4.900762825834,0.01762752039924046
4.901766853064,0.017683172079458194
4.902775153721,0.017698295079164483
4.903785636302,0.017713107641457334
4.904798160735,0.018155941020522096
4.905837149647,0.01772421910636136
4.906852708513,0.018030914344695528
4.907887109282,0.017913234985688767
4.90891600205,0.017416755755968003
4.909917328011,0.01764219844209483
4.910932376227,0.017471555357172704
4.91193854504,0.017495603251892075
4.912947204347,0.017506159824367155
4.913957564543,0.01759121376327607
4.914973883346,0.01762397951416862
4.915992929492,0.017745829701359298
4.917019574289,0.01741136751007941
4.918027376754,0.0024364525939064973
4.91816844983,0.01733775982128545
4.919172043154,0.017276153112108426
4.920172889723,0.01770450533296997
4.921199791585,0.017306824954525037
4.922203818828,0.01731317006886052
4.923208581653,0.017591383881830767
4.92423060887,0.017462628033907728
4.925246979005,0.01787376116799154
4.92628911674,0.017995487009305176
4.927340125368,0.01778232030437607
4.928380125368,0.017794306033440063
4.929421970007,0.017903584489259206
4.9304711379,0.017174496607859163
4.931478393624,0.017679757243411375
4.932516260171,0.0181537843266812
4.933582729076,0.017907370813648547
4.934635226286,0.01702553464616318
4.935636341853,0.01717431935234623
4.936646533957,0.017579613189970932
4.937680685866,0.017314024761943304
4.93869946422,0.017237611643916184
4.939714041757,0.017859275361762104
4.94076543894,0.01766770615333114
4.941805916257,0.017660412134250555
4.94284662787,0.017082258114440956
4.943854500544,0.017672699273644024
4.944898314966,0.017129258399479583
4.945910577549,0.01787597113756541
4.946967612122,0.01695905082392372
4.947971395019,0.017649062326494627
4.949017173542,0.017107448308681952
4.950031705909,0.017802151188713502
4.951087971243,0.018146100327162278
4.952164835523,0.017047410163159953
4.953176601889,0.017108225470931316
4.954192235227,0.01781035798702787
4.955249983814,0.01693694367825755
4.956256105755,0.017236906368473866
4.957280033593,0.0175033550939524
4.958319770537,0.01728498129528979
4.959346726941,0.017241405223997273
4.960371457507,0.017041966629142563
4.961384552929,0.01757210732613579
4.962429381443,0.016822505321658618
4.963430142008,0.01685077557464468
4.964432919264,0.017299909160734133
4.965462638514,0.017459026871250352
4.966502181896,0.01793125144443952
4.967570181896,0.01721723357243469
4.968596047868,0.017132297522552534
4.969617278746,0.017923649797957162
4.970686315645,0.01770515113571499
4.971743145639,0.017018973867040026
4.972759797035,0.016846108634908055
4.973766989573,0.017076837178692215
4.974789153388,0.016683618700686097
4.975789200292,0.01691077097184424
4.97680446384,0.017289640128699567
4.977844189364,0.017047203440603627
4.978870952646,0.01705892013825699
4.979899988459,0.01662433726174071
4.980904083705,0.017299614115702962
4.981950018258,0.017190560724202365
4.982990498594,0.01751162029643952
4.984051792608,0.017210850021788602
4.985096104708,0.017004452557884377
4.98612886554,0.016810559703432145
4.98715091782,0.016493570290383938
4.988154964232,0.01647662801064646
4.989159033099,0.01644841153504509
4.990162120694,0.017335883499863376
4.991220091811,0.017220553597674538
4.992271803554,0.01646105123284092
4.993278122457,0.016483118684955965
4.99428681034,0.016412601993134605
4.995291987044,0.009217949736836888
4.995856921255,0.006579843091606108
4.996260365699,0.01636641760650243
4.997264651732,0.016569389412701432
4.99828244394,0.016381216935562656
4.999289462841,0.016468831775262243
5.000302546344,0.01635509876565094
5.001309250148,0.016862313565670625
5.002347797465,0.016269732168841224
5.003350285674,0.016300038593134804
5.004355023054,0.016329847502841114
5.005361955281,0.016488274080983203
5.006378890699,0.01640396594721473
5.007390913611,0.01631694620418169
5.008397777459,0.016250982771187344
5.009400856361,0.01645435640383915
5.010416878715,0.01683720225560585
5.011456878715,0.016829640839151283
5.012496878715,0.01681910501877994
5.013536878715,0.016659525934858282
5.014567471825,0.0163927389582227
5.015581726366,0.01638629651181485
5.016595924447,0.016376967827067795
5.017610092627,0.016702696749272706
5.018645005193,0.016213173521088114
5.019650067963,0.016437385243622222
5.020669525453,0.016668629645669022
5.021703953386,0.016526578795807625
5.022730303272,0.016732696999667854
5.023770303272,0.016676735920888728
5.024807531345,0.0163815706900348
5.025827040589,0.016603812490424447
5.026861220246,0.01685217913882085
5.027911884858,0.01613300590041859
5.028918721607,0.01633729840505344
5.029939258179,0.016272632994366723
5.030956820774,0.016028644175116194
5.031960289315,0.016288035331047744
5.032981299274,0.01609345433165234
5.03399135188,0.017053254990224555
5.035062583694,0.01697335853842272
5.036129708425,0.01589970180685422
5.037130275346,0.016034793576186875
5.03814009093,0.016379999380108982
5.039172356435,0.015876901197940614
5.04017366528,0.016109674382638457
5.041190293604,0.015936813143719183
5.042196703015,0.016164285206393497
5.043218311413,0.016312938106554344
5.044250156841,0.015983828393566015
5.045261933577,0.015805023890352772
5.046263016181,0.01137925656465973
5.04698414957,0.016429299261628023
5.048025926891,0.01584607199383999
5.049031631168,0.015853572854867347
5.050038536602,0.01603666494116358
5.051057625581,0.016492457725879817
5.052106311741,0.015754829912576252
5.053108763811,0.01669968133752483
5.054172152076,0.016636731370330005
5.055232269908,0.01635111070584554
5.05627514183,0.016680294805256707
5.057339875512,0.015913223591611615
5.058356135685,0.015889924001575392
5.059371435988,0.016038653357031234
5.060396833351,0.01595275529402012
5.061417343997,0.01587541694415415
5.062433530945,0.0162070558207346
5.06347153655,0.01644238666787077
5.064525145483,0.015759067988577777
5.065535426604,0.01681513580359298
5.066614098232,0.015605613426232484
5.067615770867,0.01619471248681493
5.068655770867,0.01605573377196613
5.069687514285,0.01587971942327225
5.070708661859,0.01674768205324699
5.071786427205,0.015742966713533497
5.072800364843,0.015529752520308061
5.073801549082,0.015846239450161944
5.074824212451,0.015833486353479028
5.075847307779,0.016224233657009757
5.076897382051,0.015535792246695804
5.077904786624,0.016537891071581216
5.078979169808,0.015451746587786456
5.079984413136,0.01393964278703744
5.080892105025,0.015774815712399505
5.081920009569,0.015903643028972257
5.082956872839,0.0154640617270567
5.083965928522,0.01586394014536011
5.085001922511,0.01586794099138988
5.086038675309,0.008284467855010665
5.0865801692,0.01557669606729124
5.087598747163,0.01546888321046686
5.088610837264,0.01587195602155447
5.089649826084,0.015316364979495465
5.090652996628,0.015284092783319603
5.09165468679,0.015477338917456665
5.092669794651,0.01619893838777646
5.093733190075,0.015443982009347027
5.094747667223,0.01617877897856508
5.09581084976,0.015304562306388705
5.096817095264,0.015296468637389487
5.097823305277,0.01580851872004188
5.098863811675,0.01538248156267318
5.099876855775,0.015487329403205484
5.100897013139,0.015201968926099079
5.101898554016,0.016059521854891616
5.102957035657,0.01564269982144262
5.10398844982,0.01520103365663086
5.104991129819,0.015162685749890565
5.105991455349,0.015291909761836505
5.107000589223,0.01527491854631927
5.108008911718,0.01590828111900818
5.109059310891,0.015793675499660716
5.110102729091,0.015175918074755634
5.11110587038,0.01530250692938814
5.112117913812,0.015167507774616909
5.113121553838,0.016068353537552087
5.114185461348,0.011089128432404376
5.114920181554,0.01524860138419211
5.115931015851,0.015440311541222485
5.116955036893,0.01578068322218377
5.118002351919,0.015277724440631312
5.119017168561,0.015110719966325167
5.12002178195,0.01603102074855692
5.121088408284,0.015619705136780869
5.122128408284,0.015025954651832119
5.123129899946,0.015081353962907848
5.124135754645,0.015935940199969544
5.125199173697,0.016105487758963987
5.12627501789,0.015150400182053454
5.127288166088,0.015058089617494138
5.128296157955,0.014979600842129931
5.129299848452,0.01534429310476709
5.130328889526,0.015354739559563547
5.131359737433,0.01492116760723528
5.132362791731,0.014903806781414673
5.133365978477,0.015184622821970042
5.134389302631,0.01541681719850304
5.135429302631,0.015164835580026929
5.136453087717,0.01509333378956056
5.137472529058,0.01543477489886808
5.138515321335,0.015170784530320185
5.139540639704,0.015702666197767973
5.140602233365,0.01536002080723167
5.141640902125,0.015005446511540965
5.142655796244,0.015315883583341709
5.143691837381,0.015099056747332031
5.144713441068,0.015077422483428323
5.145733827495,0.01519269527181869
5.146762260815,0.015404308343980929
5.147805245448,0.01515407792718411
5.148831493207,0.01490288677609895
5.149840951096,0.01532205184768935
5.150879007081,0.015213315518464563
5.15190996296,0.015086198322304652
5.152932598092,0.014988568974814565
5.153948814733,0.015491970806232264
5.1549993958,0.015443312968907184
5.156047035503,0.015311176351622218
5.15708602758,0.015268791163369322
5.158122320965,0.014816268979349439
5.159128092104,0.0149156656976646
5.160140916809,0.014961559518890145
5.16115724943,0.015210128566902025
5.162190866165,0.014983178864486678
5.163209449979,0.015462800708552996
5.164261246344,0.014872909872337328
5.165273647705,0.00575712279303351
5.165665640049,0.014719222687466314
5.166667844992,0.015456857045133903
5.167720593269,0.01573842588182117
5.168793336916,0.014855718444351115
5.169806288697,0.015251903590449804
5.170846288697,0.0148270297618478
5.171857760424,0.014677173326208782
5.172859533685,0.015228019775477488
5.173899533685,0.015218083983036068
5.174939533685,0.015331404637784585
5.175987823747,0.015182955627044874
5.177026416098,0.015533458366240161
5.178089561707,0.015185624532881227
5.179129561707,0.014711503659841915
5.180137795754,0.014620281161696167
5.181140476042,0.015100866633888316
5.182176927755,0.014751354568325294
5.18319004378,0.015447943639623648
5.184251744727,0.015119172533232817
5.185291744727,0.015107877368353752
5.186331744727,0.014675663002506119
5.187342745772,0.014503467600382498
5.188342757408,0.014606266395938693
5.189350628216,0.014720286908063554
5.190366950542,0.01536390582841471
5.191428601137,0.015036610220690867
5.192468601137,0.014575215306974948
5.19347750574,0.014579372857951634
5.194487540388,0.014462498094603857
5.195490368083,0.01446363987925676
5.196494142559,0.014455283623328399
5.197498181977,0.014149080737737671
5.198481829687,0.014719795791836512
5.199506233157,0.014538810920076443
5.200519058038,0.014355509372200023
5.20151975071,0.015151086518947005
5.202576592495,0.014743678532508473
5.203605785565,0.014678675185974651
5.20463117107,0.014566949525110253
5.205649273121,0.014326539036357663
5.206650835191,0.014761661355615787
5.207683264669,0.014876838486079793
5.208724302525,0.014513528957428235
5.209740461748,0.014575705511047216
5.210761580004,0.014337255159176276
5.211766528792,0.014984689693183957
5.212817429626,0.015053662665855725
5.213873682791,0.014347751068869943
5.21488082667,0.014829014544443601
5.21592229863,0.014625220881866423
5.216950028952,0.014521718456815663
5.217970995112,0.014869039751238537
5.219017020401,0.014547101312675855
5.220041055567,0.014245401700185041
5.221044453701,0.014234602595477916
5.22204765445,0.014211416172286205
5.223049702552,0.014500971895508783
5.224072729444,0.014732749763670151
5.225112729444,0.014723184125280864
5.226152729444,0.014273026918428746
5.227161604698,0.014255143753870247
5.228169755723,0.014259260342791284
5.229178740712,0.014605579181509773
5.230212941089,0.014676111100327379
5.231252941089,0.014157277040433498
5.232256905071,0.014169130216033533
5.233262440135,0.014640666034171997
5.234302440135,0.015169544104208833
5.235381053806,0.014614120065782022
5.236421053806,0.014272771851974902
5.237437648781,0.01418805121491367
5.238449004011,0.014577083133311611
5.239489004011,0.014561302336518915
5.240529004011,0.014545484213850842
5.241569004011,0.01462300318210717
5.242615328093,0.01424830903576406
5.243635328093,0.014184429457024085
5.244651328093,0.014337298310013439
5.245678894854,0.014328562892836967
5.246706458047,0.01462855380317796
5.247756077849,0.014425036134960297
5.248791556041,0.014880521529827039
5.249860290267,0.014472873818148088
5.250900290267,0.014466358485023508
5.251940290267,0.014460530755784896
5.252980290267,0.014455340558227467
5.254020290267,0.014449923115409408
5.255060290267,0.013889492320186752
5.256060385136,0.014437093664717526
5.257100385136,0.014430668330383624
5.258140385136,0.014423603959156378
5.259180385136,0.01441603031296822
5.260220385136,0.013959773264956019
5.261227900562,0.014041924566459977
5.26224171213,0.014224442588613826
5.263269222452,0.014757096008891009
5.264335771369,0.01386268721015769
5.265338301911,0.01387887499785525
5.266342611417,0.014363734004820654
5.267382611417,0.013938892003010208
5.268392630749,0.014105583745983726
5.269415471948,0.014567341733803335
5.270472546505,0.014435554337799198
5.271520756612,0.014314226359738832
5.272560756612,0.014306631554229024
5.273600756612,0.014299472687184416
5.274640756612,0.014015188269000257
5.275660593917,0.014284241848991243
5.276700593917,0.014510440730716882
5.27775765679,0.014503015053687743
5.278814717418,0.0010973206698700454
5.278894717418,0.014262861602077254
5.279934717418,0.014433876341796291
5.280987595098,0.014250714428576826
5.282027595098,0.014118921836752427
5.283058680433,0.014564031916838575
5.284122974483,0.013780994417207223
5.285130385632,0.014285114521748318
5.286174896207,0.013998684029540171
5.28719876341,0.014588421073146628
5.288266198373,0.014440151928968567
5.289323244911,0.014201051785352964
5.290363244911,0.013721032994671907
5.291368527609,0.01386661889568736
5.292384945525,0.014181511348223078
5.293424945525,0.014174291815345417
5.294464945525,0.013722178039666516
5.295472364606,0.014160227850327797
5.296512554932,0.014354277544981529
5.297567494966,0.014146549275353073
5.298607494966,0.014141651046445533
5.299647494966,0.014135926887385944
5.300687494966,0.01413060053237117
5.301727494966,0.014124014459842765
5.302767494966,0.014118458661001199
5.303807494966,0.014111798173147106
5.304847494966,0.01434665413404823
5.305905325144,0.013618259361295073
5.306909760842,0.01409487923747522
5.307949760842,0.014089475224072681
5.308989760842,0.014083828287137537
5.310029760842,0.01407623449473858
5.311069760842,0.014067922887991727
5.312109760842,0.01452486314219567
5.313184384784,0.013551793879748702
5.314187840643,0.01429371569681981
5.315246886941,0.013544139852929482
5.316250905061,0.013492177656808688
5.31725173777,0.014050657565607385
5.318294711321,0.014001494948831225
5.319334711321,0.013992266296422239
5.320374711321,0.013591978178663
5.32138554091,0.01349278245347216
5.322389665728,0.014196436904212089
5.323446902048,0.013955357730242438
5.324486902048,0.01394812061723388
5.325526902048,0.01426733465643977
5.326591413075,0.014365704653463394
5.327664093067,0.01347431870536477
5.328670815751,0.013919084758623544
5.329711488402,0.013906754943604712
5.330752157692,0.014242250130072423
5.331818566892,0.013562346878134563
5.332834392326,0.014208730243519449
5.333899049344,0.013341823026635266
5.334899088647,0.01369786374843918
5.335926196345,0.01381509927497729
5.336962584452,0.013782650277199241
5.337997081105,0.01393268661835399
5.339043239604,0.013414925487368421
5.340050824839,0.013742239997389381
5.341083343689,0.013646716753142798
5.342109054588,0.01371509926407673
5.343140427952,0.013792756622921643
5.344178100834,0.014286083570879758
5.345253087872,0.013708573260047882
5.346284844797,0.013875503017927261
5.347329542197,0.013404115279679038
5.348339295612,0.013802004054800658
5.349379614107,0.0133739835983935
5.350388086353,0.013574811487895364
5.351411923704,0.013539047249942
5.352433317153,0.013761396145479917
5.353471857206,0.013470886056675568
5.354488774365,0.013430691438278682
5.355502978657,0.013256101772749258
5.356504343863,0.013311896867234102
5.357510318355,0.014189591186550984
5.358583078658,0.013640392938717766
5.359614761509,0.013257887187005055
5.360617913414,0.014129018251227784
5.36168738224,0.013733966627501593
5.36272738224,0.01408794029735538
5.363794687451,0.013720746985792532
5.364834687451,0.013714038961299482
5.365874687451,0.01319279571906416
5.366875588038,0.013703007596939357
5.367915588038,0.013960869169873165
5.368975588038,0.013689719757731887
5.370015588038,0.013681285427891406
5.371055588038,0.013505808103010412
5.372082869153,0.013374623260766386
5.37310077064,0.013286115758751351
5.374112541932,0.01358075409462528
5.375147616017,0.013571142977403798
5.376182769154,0.01362742623418218
5.377222769154,0.013619762422231124
5.378262769154,0.01371864392112154
5.379310894182,0.013801357558813614
5.380365869684,0.013704064893765616
5.381413992113,0.01331027160990218
5.38243252697,0.013583249069352118
5.38347252697,0.013575293573137552
5.38451252697,0.01400951395870425
5.385586363632,0.01384287000840349
5.386648038955,0.013551872951426428
5.387688038955,0.013175868959958934
5.388699672917,0.01312674850209921
5.389707910034,0.01319606370275601
5.39072198021,0.013242650038105735
5.391740228206,0.013695807272601723
5.392793819689,0.013069680481987297
5.393799610724,0.013084156626246143
5.394806889726,0.013193291019114184
5.395823017745,0.013161373569277882
5.396837215736,0.012975683878859818
5.39783761337,0.013035417712389736
5.398843179995,0.013472767604491287
5.399883179995,0.01346392204630042
5.400923175857,0.013702926416326639
5.401982302166,0.013446358319612191
5.403022299393,0.013074755063707828
5.404034267121,0.013324819679710262
5.405066267121,0.01341983019811201
5.406106267121,0.013411452170592631
5.407146267121,0.013196287002771118
5.408170267121,0.01317471780500628
5.409193226712,0.012962130165970509
5.410200287884,0.013585199576444105
5.41125648453,0.013369550743110033
5.41229648453,0.013364785938021078
5.41333648453,0.01335853110860297
5.41437648453,0.013351224127841779
5.41541648453,0.01334511747809679
5.41645648453,0.013433159074863078
5.417503872108,0.013330741405864528
5.418543872108,0.013766365259052202
5.419618504443,0.012932582622084318
5.42062862139,0.013342895117885084
5.421671194979,0.013305539642385344
5.422711194979,0.013734245684398261
5.423785169796,0.013498761476209787
5.424841337496,0.01338727401555153
5.425889421099,0.013672644403168623
5.426960403627,0.013271619819884761
5.428000403627,0.013013737474313357
5.429020611019,0.013259435225881177
5.430060611019,0.013251838021934761
5.431100611019,0.002038027070239257
5.431260611019,0.013244565375410789
5.432300578979,0.013342781985705028
5.433348660765,0.013239712755120498
5.43438926612,0.013039498900238788
5.435414810504,0.01306873031137871
5.436443272674,0.01320956674710052
5.437483272674,0.013204606296275012
5.438523272674,0.013198953985119938
5.439563272674,0.013191307564783435
5.440603272674,0.013183938488399554
5.441643272674,0.013178584459233601
5.442683272674,0.013172665682875756
5.443723272674,0.013166078948471466
5.444763272674,0.013159353094810677
5.445803272674,0.01315284258414553
5.446843272674,0.013146822472207295
5.447883272674,0.013139831359133491
5.448923272674,0.01313159880984016
5.449963272674,0.013375700215464869
5.451023272674,0.0127948548412357
5.452037847185,0.01275353254235273
5.453049716855,0.013144511809991216
5.454093242545,0.013525422719402705
5.455167659694,0.013038531724959133
5.456204072382,0.013075113733215954
5.457244072382,0.013067620194062891
5.458284072382,0.013060190770038721
5.459324072382,0.01260971814348828
5.460328712262,0.012883181640299819
5.461355614114,0.012598467037274578
5.462360417281,0.01342349843772081
5.463431613205,0.01342942296654144
5.464503819268,0.012711708408720022
5.46551942701,0.012696737633406202
5.466534483394,0.013005111990267892
5.467574680572,0.012794128947893538
5.468598521045,0.012752247958175743
5.469619553988,0.012725907500599366
5.470639021343,0.012688212977258048
5.471656038142,0.012832223639385288
5.472685061234,0.012853063820622384
5.473716121525,0.01284778213995334
5.474747174391,0.012782713935330202
5.475773446162,0.01273438585380021
5.476796248209,0.01342990711861206
5.477875284832,0.012827844904776323
5.478906316993,0.012821564506919778
5.47993734399,0.012464188990754816
5.480940049313,0.012885897791831613
5.481977006082,0.012748814518656542
5.483003242237,0.012990394990370555
5.484049216277,0.012821712291058877
5.485081883055,0.012856052775015923
5.486117660325,0.012733431474259356
5.487143873339,0.013339124917945585
5.488219271896,0.012524318620227667
5.489229432302,0.012746289703436822
5.49025790671,0.012721469884395913
5.491284810019,0.01238953906899923
5.492285340021,0.012472788822919191
5.493293030461,0.012497765013843443
5.494303162531,0.012690165801040567
5.495329288162,0.012486149438811617
5.496339408301,0.012766669623881092
5.497372726031,0.012506626980314016
5.498385541944,0.012484260202488955
5.499397154307,0.012431885141972618
5.500405052996,0.012758273151725298
5.501439890213,0.01257369594518316
5.502460364662,0.012622147115642872
5.503485505903,0.012811398667839393
5.504526791683,0.012320445479523308
5.505528907406,0.012464116521931913
5.506543593116,0.012361005377613192
5.507550728813,0.0126007354965855
5.50857794895,0.012750166709558915
5.50961794895,0.012466111524232272
5.510635594936,0.008815097519671378
5.511355594936,0.004414770491361994
5.511716243255,0.012864953974700876
5.51276742095,0.012505850845149881
5.513789569658,0.013156633435421597
5.514864975265,0.013194406099380112
5.515943389795,0.012313603327181616
5.51694994038,0.012655602967377248
5.517984877636,0.012538514543243956
5.519010820114,0.012660009823075115
5.520047235001,0.012643083126043843
5.521082879826,0.012237419135790175
5.522085898685,0.012288069776675365
5.523093515946,0.012535393468010627
5.524121994085,0.012629131352515081
5.525158928974,0.012941255328899013
5.526222208457,0.012416047043261233
5.527243010546,0.01227743840374482
5.528253053076,0.013239569004786867
5.529342892029,0.013353836460577962
5.530442892029,0.012268613141193074
5.531454366102,0.012681666946645014
5.532500792873,0.013315396270542491
5.533600356005,0.012181887960539936
5.534607022682,0.01221926733800938
5.535617417924,0.012259831863490354
5.536631902464,0.01289815599582819
5.537700021251,0.012266908188661928
5.538716527461,0.012377180707260333
5.53974282067,0.012403428543175447
5.540771939613,0.012244962570586753
5.541788606362,0.012548559597470848
5.542831186482,0.012133140608711875
5.543839871051,0.013033311296863966
5.544924055302,0.012207042226573737
5.545940055302,0.012570279023859352
5.54698685741,0.012304401772294731
5.548012307345,0.012013448321996509
5.549014089532,0.012577466669048236
5.550063327249,0.01219925237036793
5.551081602594,0.012123319241848998
5.552094024781,0.012470204344274545
5.553135952775,0.012210560294058726
5.554156755008,0.012279714216914707
5.555183809969,0.012204130825634029
5.556205039996,0.012860655418442873
5.557281646242,0.012623327805256922
5.558338789314,0.011970230513973801
5.559341712591,0.012139899565128502
5.560359330589,0.012401595253443375
5.561399468017,0.012447868559036108
5.562444054734,0.012033764800026424
5.563454281097,0.01202459354360285
5.564464183138,0.012143023738407673
5.565484629039,0.013081602967622247
5.566584629039,0.012022996061175179
5.567596175418,0.01306722229984819
5.568696175418,0.012727500351059467
5.569768183832,0.013051951438485532
5.570868183832,0.011979047301276283
5.57187839875,0.012094267702968314
5.572898825197,0.011910438955521529
5.573904221424,0.012331979557039493
5.574945795802,0.011905340909422931
5.57595190213,0.012446669893629544
5.577004313413,0.012197873184608571
5.578036295048,0.012023965126272068
5.579054281707,0.012715761267253019
5.580131787802,0.012617935321216526
5.581201993427,0.012021783704778577
5.582222401491,0.012036790257746881
5.583244969816,0.012311760767167527
5.584291745465,0.011970721609151332
5.585310009178,0.011926908977530798
5.586325080587,0.011890615201310148
5.587337703675,0.012908429371160837
5.588437703675,0.012899916398908383
5.589537703675,0.012675113967652262
5.590619182415,0.012334848913163344
5.591672165035,0.012879493042570623
5.592772165035,0.012640190905821233
5.59385222815,0.012867059590908683
5.59495222815,0.012858484447771297
5.59605222815,0.01255740503131641
5.59712722815,0.012831277706162523
5.598226106269,0.01284132464519951
5.599326106269,0.011714820642146772
5.600329936519,0.011929685543683738
5.601352528012,0.011903289019319536
5.602373247529,0.012013811268514245
5.603403787061,0.012245484712628294
5.604454324174,0.011897580912129268
5.605475036398,0.012010594391933393
5.606505565768,0.01211726581937565
5.607545583955,0.012045212096916176
5.608580352487,0.012566515309706844
5.609661047527,0.011973167898869666
5.610691566162,0.012197985572226252
5.61174208115,0.011847258028183358
5.61276276514,0.011956325359840708
5.613793274679,0.012182340514835185
5.614843781096,0.01217589758835705
5.615894284967,0.012344214705590634
5.61695988971,0.011930613448594505
5.617990386927,0.01215691903383281
5.619040881491,0.012500588859098315
5.620121538416,0.012717481003270975
5.621221538416,0.011837492678778393
5.62224583278,0.01194633457640212
5.623279949651,0.012701865048337726
5.624379949651,0.01256639881068455
5.625468695238,0.012689702635542862
5.626568695238,0.011633174198365327
5.627577584798,0.012488808462328332
5.628661183311,0.012669785670800805
5.629761183311,0.01199368280213945
5.63080321933,0.01265059224434212
5.63190321933,0.012638801716393394
5.63300321933,0.01159703491700265
5.634013368053,0.01262092294855239
5.635113368053,0.01158333720344042
5.636123489562,0.011975191146159357
5.637168368956,0.012414460478519466
5.638252252826,0.012589539022996607
5.639352252826,0.011445884808477674
5.640353117791,0.012569063235810956
5.641453117791,0.012561917610113913
5.642553117791,0.0120449264203789
5.643608100541,0.011781709007736311
5.644640390597,0.012165929254479103
5.645706716004,0.011873504201428638
5.64674779109,0.012516723285225372
5.647845688934,0.012538182334476672
5.648945688934,0.011717889886722658
5.649973852461,0.012323246061999638
5.651055404064,0.012058883534454506
5.652114108754,0.011533182127708975
5.653126956312,0.011725199565203409
5.654156955776,0.01166223264678337
5.655181696318,0.011410352887019946
5.656184492267,0.012514969250957962
5.657284492267,0.012514770373729604
5.658384492267,0.012514391329964838
5.659484492267,0.012512644867519962
5.660584492267,0.012512683784501983
5.661684492267,0.012514394601264483
5.662784492267,0.012514122594543516
5.663884492267,0.011828740355557933
5.664924456162,0.0021840069040718617
5.665116502888,0.011746215433682641
5.666149518915,0.011961236805899441
5.66720162193,0.011605779969918162
5.66822270229,0.01169946262726097
5.669252353285,0.011463656017968287
5.670261562031,0.011529403699952492
5.671276892427,0.01174144576252172
5.672311292265,0.011714235011303083
5.673343702284,0.012125993532189273
5.674412854484,0.012321317590306774
5.675499772256,0.011342333546305174
5.676500899852,0.011759702518853849
5.677539457895,0.012351312669060626
5.678630996059,0.01241026778815567
5.679730996059,0.012364353891472167
5.680830996059,0.012071350354597343
5.681906542823,0.012215983829307516
5.682995580936,0.01233435216133196
5.684095580936,0.012329979744094931
5.685195580936,0.012325577864820953
5.686295580936,0.01232057074392166
5.687395580936,0.01137445522771307
5.688411637912,0.012306630887320143
5.689511637912,0.011377423322794622
5.690529217026,0.012291926262822429
5.691629217026,0.011182703472402144
5.69263057238,0.011881098224447132
5.693695116782,0.011330604312708877
5.694710977727,0.011478944240613962
5.695740831692,0.012252002529768838
5.696840831692,0.012240989774355483
5.697940831692,0.01149441098426118
5.698974630203,0.011924429448253138
5.700047559294,0.012223742652594426
5.701147559294,0.012223461550705533
5.702247559294,0.011456433781590072
5.7032786208,0.012218292501054731
5.7043786208,0.01221417765369845
5.7054786208,0.011235450497380894
5.706490641639,0.01135464751207804
5.707513569946,0.011209656878366264
5.708523618677,0.011593178876194061
5.709568391951,0.012200620016714238
5.710668391951,0.012194756163727635
5.711768391951,0.01219283747658473
5.712868391951,0.011208494350198736
5.713879698733,0.012189008891056612
5.714979698733,0.012186119269701439
5.716079698733,0.012185447981084773
5.717179698733,0.011142458510052335
5.718185557407,0.012183375040494064
5.719285557407,0.011361536618940926
5.720311493361,0.011171280610889785
5.721320440417,0.011789467891683987
5.722385440417,0.011347557408148308
5.723410769838,0.011168078003247867
5.724420048684,0.01166005098248477
5.72547406491,0.01118113624180464
5.726485167632,0.01113825973442551
5.727492658392,0.011766903282721005
5.728557388712,0.011530386870972699
5.729601164125,0.011492798015791374
5.730642111239,0.011234018616998041
5.731660113189,0.011416623703906479
5.732695085437,0.011419702545122302
5.733730893877,0.011071416893041737
5.73473559082,0.01123135524775908
5.735757036868,0.011381674029033392
5.736796221079,0.011445048800154066
5.737843447584,0.011275573151174589
5.738875537627,0.01134879948941375
5.739914697296,0.011343185209151391
5.740953857874,0.011337726514086724
5.741993010697,0.011143683381038638
5.743014784966,0.011665872027214336
5.744085000987,0.011327046498186171
5.745124869364,0.011634131608364639
5.746193602952,0.011178471660752655
5.747220845737,0.011303130240415493
5.748259877028,0.01120140471438228
5.74929003713,0.011288829923284904
5.750328765024,0.011371724082988954
5.751375837372,0.010859412921528259
5.752376318837,0.0113621176809022
5.753423377721,0.011036308149362205
5.754440696464,0.011266538565631149
5.755479702307,0.0111139251524815
5.756505151094,0.010966483849341692
5.757517366762,0.011339844515457656
5.758564400831,0.011028244809024297
5.759583115093,0.011457953432484824
5.76064210318,0.010997523238207053
5.761659150218,0.011259811105098829
5.762701038658,0.011539406396196418
5.763769499954,0.011212112057328001
5.764808471226,0.010876952387241822
5.765816921429,0.011203182359272666
5.766855884339,0.01122113104930539
5.767896696577,0.011367046424949264
5.768951114341,0.010939505704847769
5.76996592404,0.01121603779854826
5.771006553747,0.011203049138762057
5.772046111649,0.011028178474041144
5.77306942092,0.010957319767333608
5.774086188035,0.011853397122167581
5.775186188035,0.010896039881103131
5.776197491412,0.0113017979817343
5.777246657203,0.011848128803416656
5.778346657203,0.011246836408024567
5.779390929789,0.011383555577185478
5.780448034725,0.01146518700088379
5.781512899102,0.011101182371545032
5.782544234654,0.011374697411363386
5.783601241305,0.01092796349894149
5.784616826378,0.011834434618113718
5.785716826378,0.011060583186447882
5.786745127498,0.011452633785341714
5.787810127498,0.011825710189678436
5.788910127498,0.010795121398574463
5.789914522171,0.011818989560614838
5.791014522171,0.010909605823026518
5.792030142947,0.01077180480462608
5.793033187815,0.010957427216396844
5.794053910201,0.011625502770258799
5.795137183108,0.011254606600563535
5.796186169772,0.011047861834834026
5.797216198456,0.011792919802850538
5.798316198456,0.010760795391614715
5.799320633054,0.011600779035510905
5.800404687184,0.011724710174919854
5.801504686955,0.010619315494414023
5.802504686955,0.01124382746231818
5.803564164509,0.010609322302293379
5.804564164509,0.010606376922357549
5.805564164509,0.010907692719711617
5.806593016241,0.010623477348710284
5.80759569963,0.010618598455239242
5.808598377224,0.010791263373332239
5.809617610736,0.010613020495400718
5.810620276734,0.010820877173663148
5.81164293416,0.01106828967376981
5.812689386436,0.010899948290623362
5.813720369434,0.010595082917085217
5.814723006857,0.010589639951003538
5.815725636463,0.01058512397498011
5.816728261958,0.010975700099493082
5.817768343344,0.011171304087048873
5.818827500031,0.010788858102028094
5.819850731816,0.011104809775460146
5.820904291873,0.010780265901630188
5.821927506638,0.011094863672191623
5.82298105189,0.0018362500969497674
5.82315546788,0.010803747979424705
5.824181838048,0.010767139346580832
5.825205032923,0.010684131765172536
5.826220608324,0.010911376247176174
5.827257955161,0.01075931773083399
5.828281131112,0.011074198320969892
5.829334630892,0.010544177683354406
5.8303380038,0.011017193278751433
5.831386677799,0.010530092038065238
5.832389218482,0.010994775727542365
5.83343627929,0.010637613932434814
5.834449661186,0.011038602869817445
5.835501572197,0.010557249178372018
5.836507889433,0.01059780751736109
5.837518395652,0.010623345880533921
5.838531753986,0.010795678298807568
5.839561874149,0.010581592660803413
5.840571808327,0.010658178081713467
5.84158920837,0.010668826196627644
5.842607694188,0.010682916393779291
5.843627650055,0.010526095063150257
5.844632819724,0.010744873949289578
5.845659093982,0.010793346874531155
5.846690195195,0.010757744045013494
5.847718219556,0.010633885164756008
5.848734656086,0.010466466138754628
5.849735245606,0.01053411490423522
5.850742524327,0.010860428136496614
5.851781276568,0.010778897497162683
5.852812521519,0.01055341844513207
5.853822482792,0.010571042360287228
5.854834433324,0.010619949390304232
5.855851314446,0.01077445607010026
5.856883299933,0.010563066296966076
5.857895410141,0.01082685729546144
5.858934230541,0.010829421461004622
5.859977476803,0.010570061645439196
5.860998887825,0.010710033775178386
5.862034381559,0.010337530394538042
5.863034381559,0.010452129664394018
5.864045701831,0.010334866080940136
5.865045701831,0.010332937123000405
5.866045701831,0.010330450723556374
5.867045701831,0.010328575976622201
5.868045701831,0.010327103726039804
5.869045701831,0.010325047290145137
5.870045701831,0.01032200015355535
5.871045701831,0.010319424132690326
5.872045701831,0.010317769656757082
5.873045701831,0.010968865559619722
5.874108990055,0.010313360908341439
5.875108990055,0.010899592020373081
5.876166179908,0.01084139551986785
5.877218087036,0.01031985652423188
5.878220144761,0.011125689077002792
5.879302222826,0.010267038484431881
5.880302222826,0.010261364325885492
5.881302222826,0.010990373054117075
5.882373655714,0.010253942013260723
5.883373655714,0.010250450441925478
5.884373655714,0.0109126034271783
5.885438655714,0.010242166439711459
5.886438655714,0.010238485552568103
5.887438655714,0.01030232081078398
5.888445237651,0.01077729056996002
5.889498571619,0.01022928148658679
5.890498571619,0.01022733482972694
5.891498571619,0.010224582581938263
5.892498571619,0.010336952448743083
5.893509894026,0.010616231252594352
5.894548841719,0.0102382206708336
5.895551012803,0.010235778326953437
5.896553180141,0.010232650091193701
5.897555340601,0.010264292339756183
5.898560898658,0.010226358936252915
5.89956305105,0.010558476321974836
5.900598053289,0.010220340481318212
5.9016001954,0.010217009835823923
5.902602334639,0.010214064284919465
5.903604464045,0.010212613685053523
5.904606673718,0.010870712067501351
5.905673731577,0.010762538847652625
5.906730473454,0.01064822213172439
5.907776264153,0.010849219761159
5.908842046807,0.01031387865719556
5.909855550079,0.0105057012946359
5.910888205304,0.010701271467879251
5.911940433989,0.010523905294958094
5.912975541336,0.01052138787867771
5.914010635074,0.010496424275308652
5.915043632419,0.010566477449779645
5.916083861104,0.010420253334679896
5.9171099512,0.010426471523886312
5.918137036233,0.010748219386766601
5.91919611978,0.010392411760143598
5.920220263936,0.010916091210354308
5.921296120484,0.01033053788786445
5.922314440556,0.010496741356598309
5.923349447203,0.010275852192410883
5.924362957993,0.01031093201522941
5.925380184753,0.010137062224523452
5.926380566607,0.010265250867099581
5.927393906214,0.010247752074959874
5.928405840316,0.010181198470300159
5.92941157558,0.010246574887783855
5.930424137177,0.010174480835209289
5.931429845963,0.010396376141382868
5.932457651761,0.01049535540051304
5.933495478248,0.010738508516590082
5.934557668829,0.010170023380094624
5.935563955384,0.010166455898742295
5.936570233776,0.010355859205642508
5.937595728992,0.010093214463407617
5.938595728992,0.010323221121387725
5.939618790801,0.010237130668022024
5.940633688436,0.010245925746230814
5.941650112425,0.01023674932971067
5.942667102911,0.010023269691630312
5.943667102911,0.009987901503327673
5.944667102911,0.009981074453916935
5.945667102911,0.009977872063938844
5.946667102911,0.003990672993923415
5.947067102911,0.00997592384564898
5.948067102911,0.01062213625685016
5.949132102911,0.010083137177992554
5.950143226548,0.010851458644426102
5.951231431834,0.010342727508563543
5.952268832382,0.010553957571040459
5.953327595676,0.00996779804240891
5.954327595676,0.010488655246676453
5.955379858512,0.01013176236861771
5.956396503574,0.010442865538378985
5.95744465321,0.01011366085781541
5.958459906934,0.010051610016946239
5.959469089899,0.009959876316217343
5.96046929742,0.010607035187409393
5.961534587938,0.009976121123153015
5.962536427038,0.009976740448153307
5.963538259311,0.009977190721089683
5.964540079929,0.009977609666275885
5.965541896347,0.00997840565101997
5.966543710337,0.009979236465352214
5.96754551934,0.010060186526530275
5.968555309788,0.010153633688166835
5.969574309505,0.010610600350556375
5.970639738071,0.010421286183911301
5.971689785626,0.009922205252314534
5.972693158367,0.010444754688723542
5.973750532007,0.01058400547924507
5.974822569569,0.010426471545199805
5.975878959766,0.009962280337802835
5.976888749972,0.01010519367006042
5.977913363211,0.01060431490675121
5.978988696454,0.010385879300455956
5.980042124224,0.010503985608173906
5.981107933559,0.010260010377625332
5.982149265068,0.009969192284691073
5.983161256717,0.010255858199091144
5.984202578964,0.010499305917139606
5.985268889873,0.010334693106006187
5.986318867145,0.009841147834831126
5.987319068208,0.009869025213104345
5.988322372532,0.010611402870567069
5.989401385409,0.010238564617407195
5.990442687056,0.009948877749471303
5.991454636399,0.009846883974195128
5.992456313295,0.009845535394889327
5.993457984761,0.009843798910720302
5.994459650543,0.009841434184485522
5.995461311317,0.009838808695730002
5.996462966868,0.009930840827431635
5.997474317718,0.009832304242186842
5.99847596344,0.009824791197685602
5.999477130656,0.009983613460849151
6.000494801984,0.00982315131912422
6.001496431619,0.009821349013658727
6.002498055384,0.010131569446633643
6.003531498265,0.010149049091003162
6.004567064797,0.010118809309410627
6.005599849392,0.009810908766299486
6.006601448853,0.009952385355570845
6.00761780083,0.010057263733326638
6.00864519968,0.009857181269560747
6.009652488047,0.009889370544272287
6.010663397667,0.009930373987678813
6.011678834076,0.009824906584519101
6.01268392839,0.009865042816457685
6.013693475648,0.009890426765118298
6.0147058684,0.010140974254222756
6.015744274329,0.010202860967282866
6.016789340689,0.010664533712224557
6.0178820517,0.009832311470466632
6.018889889113,0.009854881718752248
6.019900412826,0.009748778079119566
6.020900412826,0.009779141206933427
6.021903862112,0.010551298390632579
6.022987111291,0.009703141744618057
6.023987111291,0.00965896212389726
6.024987111291,0.009646069803695149
6.025987111291,0.00964268018561249
6.026987111291,0.009727122227636161
6.027996134394,0.009987856125618354
6.029032623089,0.010493841659079305
6.030121942838,0.009633321408897551
6.031121942838,0.00963339511494002
6.032121942838,0.009632471791536328
6.033121942838,0.00963138260234747
6.034121942838,0.009677262547510538
6.03512686269,0.010365003522148515
6.036203475428,0.009919448254709744
6.037234040033,0.010087234557408743
6.03828218217,0.010444061758571151
6.039367542303,0.009634909185641076
6.040368949933,0.009957471280636773
6.041404105032,0.009630805104833245
6.042405502759,0.009631208132242289
6.0434068995,0.009631803710074103
6.044408291139,0.009631102176155435
6.045409677844,0.009664266721679707
6.046414525587,0.009707597651854034
6.047423880508,0.00973458608513221
6.04843608513,0.009926205374836912
6.049468252184,0.00988096508818416
6.050495782795,0.009787245844480654
6.0515136187,0.01002620205517359
6.052556379443,0.010374570537662527
6.053635613057,0.00990585338197421
6.054666350528,0.00986734914638758
6.055693280026,0.009806304720425612
6.056714064122,0.009762682823076987
6.057730529995,0.00979502641429343
6.05875062869,0.00982726428812051
6.059775050821,0.010023095454898188
6.060824675168,0.00972391722487803
6.061847612714,0.009666028581316875
6.062865510474,0.009962768000349008
6.063915118261,0.01037133977184145
6.065008202367,0.010060033740631167
6.06606886953,0.009779104322156404
6.067100366529,0.009865394497379927
6.068141379215,0.009583545949708984
6.069152893083,0.010319355997699668
6.070242381118,0.009767215611608605
6.071273860401,0.009667642518474111
6.072295117324,0.009568433081785694
6.073306231817,0.009510290939416145
6.074311556268,0.009716536418200092
6.075339072134,0.009464513254235151
6.076340290177,0.009461316763691517
6.077341503749,0.009457494346645385
6.078342711663,0.009452859959301552
6.079343915853,0.010003680498985612
6.080403868726,0.010371145213476252
6.08150309096,0.0009433038263764844
6.08160309096,0.009430210531549355
6.08260309096,0.009426510759765284
6.08360309096,0.010297144939143408
6.084695776079,0.009420792047101834
6.085695776079,0.009418856697622683
6.086695776079,0.00987910500343879
6.087744921551,0.010340349171027274
6.088843535977,0.010119571949700158
6.089919122912,0.009405146953383894
6.090919122912,0.010239806863469115
6.092008250869,0.00939823870884981
6.093008250869,0.009394566273121773
6.094008250869,0.009392012821967631
6.095008250869,0.009389574825625496
6.096008250869,0.009386857462177413
6.097008250869,0.009384300254417803
6.098008250869,0.009381770281963318
6.099008250869,0.009378699606491282
6.100008250869,0.0093744242784474
6.101008250869,0.00937015105244678
6.102008250869,0.009366199036685277
6.103008250869,0.009803889909738045
6.104055487316,0.00933572608923601
6.105055487316,0.00929123456317826
6.106055487316,0.009659149136556284
6.107097750116,0.009695429105570145
6.108144465861,0.009260103838192492
6.109144465861,0.009302209943911689
6.11014915044,0.009700249513192873
6.111196977037,0.00925576983185963
6.112196977037,0.00969518754079436
6.113244676478,0.009252819466373095
6.114244676478,0.009349395011147359
6.115255115805,0.009252101231482913
6.116255115805,0.009250718252490051
6.117255115805,0.009249354166029658
6.118255115805,0.00982587113647575
6.119317608031,0.009450336904379325
6.120339654308,0.009701508145985402
6.121389002114,0.00954958014996619
6.122422130939,0.009536645607634817
6.123453988272,0.009254087535988569
6.124455352849,0.009239727598228586
6.125455352849,0.009238429718451454
6.126455352849,0.009237268693217815
6.127455352849,0.00923616324148665
6.128455352849,0.009235935976456496
6.129455352849,0.009542972995170866
6.130488635619,0.009235369282191734
6.131488635619,0.009234980615791925
6.132488635619,0.009232698441537015
6.133488635619,0.009231882039238542
6.134488635619,0.009232869889770132
6.135488635619,0.009233728859570757
6.136488635619,0.0097868406179329
6.137548503046,0.009233141316516185
6.138548503046,0.009231643054146074
6.139548503046,0.009229625017355012
6.140548503046,0.009227145711933357
6.141548503046,0.009224204534599647
6.142548503046,0.009834497775910934
6.143614956535,0.009360258250500995
6.144630154474,0.009310744636678941
6.145640145828,0.00930281174013092
6.146649508991,0.009688628384963966
6.147700987181,0.00944748864801525
6.148726564361,0.00950811777601341
6.149759068856,0.009443623462038349
6.150784925257,0.009215487374467578
6.151786371611,0.009279159397442765
6.152795059231,0.009519386472667908
6.153830185073,0.009490055017390543
6.154862543705,0.009246414635192622
6.155868818726,0.00936930895041034
6.15688906607,0.009148026907202999
6.15788906607,0.009100772767735481
6.15888906607,0.009082591825170723
6.15988906607,0.009190350789280806
6.160901483783,0.00951168697642297
6.161949740099,0.009070679983972896
6.162949740099,0.009280092899103183
6.163973155268,0.00906446651599217
6.164973155268,0.009061784679222355
6.165973155268,0.0090597010662621
6.166973155268,0.009057009651388025
6.167973155268,0.00905374174312624
6.168973155268,0.00905002266571546
6.169973155268,0.009046607281478394
6.170973155268,0.0009044924181195778
6.171073155268,0.009199427079562792
6.172090416419,0.009339187065802824
6.173122665361,0.009090175539445463
6.17412672647,0.009131666722712387
6.175135461565,0.009155021577783758
6.176147039145,0.009497977040178213
6.177196841142,0.009061523859904113
6.178198605767,0.009518512056423963
6.179251035873,0.009297461297934372
6.180279334264,0.009174008729588495
6.181294311071,0.009181796259035832
6.18231042429,0.00951086315367182
6.183363256076,0.009134726701952353
6.184374775483,0.009101722752220091
6.185382964269,0.009046142633899084
6.186385301495,0.009098888740157483
6.187393794348,0.009215785189006379
6.18841554622,0.009399499502722387
6.189458001414,0.009089435462833924
6.190466469525,0.009204963877370229
6.191488197628,0.009112386173684563
6.19250018321,0.009413524142507684
6.193546309629,0.009009725482375414
6.194550293337,0.009252578701102689
6.195585480722,0.009052086972661681
6.196600019819,0.009027506062476069
6.197611836227,0.009265923099061737
6.198650304744,0.009536622854012399
6.199719300181,0.009499565089412389
6.200784300181,0.00932711839022646
6.201829975042,0.008918821342388389
6.202829975042,0.008917396070064905
6.203829975042,0.008915802216406152
6.204829975042,0.008914352965415798
6.205829975042,0.00891157229903408
6.206829975042,0.008907291884813777
6.207829975042,0.008903008499938603
6.208829975042,0.008898859061499566
6.209829975042,0.008895090753623063
6.210829975042,0.009207486341810203
6.211865464497,0.009475285083994636
6.212933015508,0.008837824673962134
6.213933015508,0.008809891585829224
6.214933015508,0.008927544273688122
6.215947338212,0.009070385578790512
6.21697859134,0.008791210344192035
6.21797859134,0.008787152474637091
6.21897859134,0.00878292694259053
6.21997859134,0.00877875143916491
6.22097859134,0.008774781072767718
6.22197859134,0.009483915593581015
6.223059834778,0.00898660004403964
6.224084834778,0.00876367681084048
6.225084834778,0.008764549784930046
6.226085345092,0.008760112020336377
6.227085851197,0.00875587658632881
6.228086353076,0.008751787363892967
6.22908685281,0.008747308151574875
6.230087349498,0.008743119830421137
6.231087839256,0.00944008339342834
6.232168546693,0.008734876763329536
6.233169029334,0.008784165302026668
6.234175657459,0.008725974967404383
6.235176132585,0.008721455766114952
6.236176603222,0.008716691489539208
6.237177069598,0.008712946138785349
6.238177531726,0.008846280324229057
6.239193595386,0.009133343323277256
6.240243028579,0.00890735428548947
6.241266910483,0.008699441731265797
6.242267346112,0.008883306060967518
6.243289373536,0.009240610655349193
6.244352991017,0.008783197881656697
6.245364440154,0.00886432973664366
6.246385701596,0.009154161523040355
6.247440891146,0.00903826279504191
6.248483124796,0.008757910711680063
6.249493330947,0.009027867789652278
6.250535121203,0.00907239018587987
6.251582498312,0.008698856702548023
6.252587120957,0.009028856551206525
6.253630288992,0.008885171025236373
6.254657375641,0.008776856795290356
6.25567242257,0.008661620374536298
6.256674561714,0.009096653077232097
6.257727576141,0.008818290258277961
6.258748920249,0.008875615756297443
6.259777945811,0.00873974873278756
6.260794316122,0.008574936521952379
6.261794661922,0.00858154823566927
6.262796939325,0.00864086118162013
6.263806355605,0.008801340020381528
6.264834411358,0.008679477645877605
6.265848327914,0.008737758015415474
6.266869279795,0.009259018087539287
6.2679512501,0.008660716177332717
6.268963306397,0.008573510940341648
6.269965228658,0.008792257870994975
6.270992827997,0.008677650630050918
6.272007207559,0.008819698008646541
6.273038457379,0.008600450903153914
6.274044375239,0.008562479587622315
6.275046095058,0.008809854059531833
6.276077002007,0.008742410781138944
6.277100315447,0.00915924665640033
6.278172779433,0.009253713468048711
6.279256692299,0.00876359328120999
6.280283536512,0.008809065380438639
6.281316156894,0.008796573391655757
6.282347781864,0.008524536517049033
6.283347781864,0.008942114758948025
6.284397083132,0.008518906496535241
6.285397083132,0.00851687915384449
6.286397083132,0.008514233485293265
6.287397083132,0.008510887267301787
6.288397083132,0.008507594119368472
6.289397083132,0.008503844989818399
6.290397083132,0.008557505893163739
6.291403819237,0.0086600778988673
6.2924243445,0.008449065061160032
6.2934243445,0.00842014597541431
6.2944243445,0.008412842819288002
6.2954243445,0.008646626492798558
6.296452712302,0.008423713191353936
6.297455096478,0.008401863898565008
6.298455265021,0.0083993885999437
6.299455426437,0.008991960772308485
6.300526574489,0.008814844910444337
6.301577012853,0.0037778525254720478
6.302027314503,0.008433167658209782
6.303032799008,0.008442880731955626
6.304039890837,0.008781463443733092
6.305087867195,0.008426435181680514
6.306093876941,0.008400378607722653
6.307097160655,0.008414656016384579
6.308102613328,0.00887500358845993
6.30916354728,0.008362889952920354
6.31016354728,0.008360129954863063
6.31116354728,0.008356175801143824
6.31216354728,0.00835295037021862
6.31316354728,0.00834993554924239
6.31416354728,0.008346286493683477
6.31516354728,0.008343452333955162
6.316163632569,0.008714792179805083
6.317208672406,0.008336265911707687
6.318208751921,0.00833421880508208
6.319208825696,0.008548417582908864
6.320234806103,0.008746880544332807
6.321284976512,0.008470717882285414
6.322302440246,0.00838034024793169
6.323309376744,0.008785008117578734
6.324365362653,0.008480361448472315
6.325385585043,0.008468991257801803
6.326405796426,0.008607485537990515
6.327444414339,0.008374939262360707
6.328456441086,0.008411041045596469
6.32947386762,0.008445374912839015
6.330496209384,0.008355267065803687
6.331508225019,0.008570885008088166
6.332546822754,0.008348313831566678
6.333558829522,0.008660547667669077
6.334609083108,0.00840906260846865
6.33562925666,0.008652047633033944
6.336679348036,0.00840240968977394
6.337699511896,0.008646288287768703
6.338749588637,0.008314361842970668
6.339759659865,0.008393943958198672
6.340779801368,0.008636676506724866
6.341829857713,0.00838825774316658
6.342849991243,0.008234554007064881
6.343851710656,0.008382987561338501
6.344871836118,0.008625862438472517
6.345921873465,0.008354502318017909
6.346939209191,0.00853534555214417
6.347978908034,0.008771985348623411
6.349047811879,0.009023834474899243
6.350147763578,0.008490903291606204
6.351182981394,0.008247491703064738
6.352188611755,0.008553535331849932
6.353231601541,0.00871645611955652
6.354294585694,0.008263895132192825
6.355302478478,0.008458675091566928
6.356334180522,0.008681826740587059
6.357393228159,0.00820140279632057
6.358393777532,0.00861661269932685
6.359445011086,0.008279009166470312
6.360455087911,0.00821885699668825
6.361457880271,0.008313286168880678
6.362472277523,0.00843912161530275
6.363502294172,0.008301020472336905
6.364515614337,0.008201658443980206
6.365516873488,0.008223839322465329
6.366521062037,0.008346622905047441
6.36754047544,0.00860209510689956
6.368591360565,0.008293438276380048
6.369604827808,0.008455800810969626
6.370638426194,0.008194460162016453
6.37164034978,0.008249502751928423
6.372649312951,0.008241188964466089
6.373657566356,0.008661087058183529
6.374717416967,0.008612028762079655
6.37577141536,0.00846354966301026
6.376807358323,0.008336091125038737
6.377827857901,0.008827968746122378
6.378908855125,0.008413981244497309
6.37993959959,0.008493534895139338
6.380980586886,0.0083273680153069
6.382001573043,0.00840438236851556
6.383032310631,0.008562220919171682
6.38408304665,0.008315983808727315
6.385104025284,0.00839299900718063
6.386134757359,0.008551537740480945
6.387185487688,0.008373307579557713
6.388214929244,0.008282330729268868
6.389234686042,0.008092308993154865
6.390234686042,0.008066908913661443
6.391234686042,0.008060413067454943
6.392234686042,0.00805639910221434
6.393234686042,0.008053329832131622
6.394234686042,0.00805133365356553
6.395234686042,0.008048460541349053
6.396234686042,0.008045335064280703
6.397234686042,0.008041171169344797
6.398234686042,0.00803463368657155
6.399234686042,0.008084168783821243
6.400241822044,0.008019015968898988
6.401241822044,0.008180674187498752
6.402262762385,0.008008270359169768
6.403262762385,0.008003507565395324
6.404262762385,0.007998556780853119
6.405262762385,0.008107935908378452
6.406277007668,0.008078048246552677
6.407288081421,0.00798441433895844
6.408288081421,0.008423339510047178
6.409343659722,0.008113967819286872
6.410360931622,0.007972776815923382
6.411360931622,0.007969216962160255
6.412360931622,0.00796472202397694
6.413360931622,0.007975870282359175
6.414363006222,0.008101728434682298
6.415381481928,0.008336773547224645
6.416429991817,0.008176010884449688
6.417458653248,0.00800621922935483
6.418466230873,0.007946004060576264
6.419466519779,0.00801247012193705
6.420475455411,0.00799356319879507
6.421482323355,0.007982864541975922
6.422488119328,0.008072894987046936
6.423505493628,0.005097090833744827
6.424148002817,0.008443371729702586
6.425212625954,0.008274903334546344
6.426256338181,0.008023133378833786
6.4272686359,0.008130025750934045
6.428294785385,0.008227097448230945
6.429333553143,0.00803105310359026
6.430347934461,0.008034471837982553
6.43136311082,0.007960150109117221
6.432369221842,0.008071890796430515
6.433389723567,0.008014830459537912
6.434403291837,0.00801349682719601
6.435416967227,0.00790439373938454
6.436417138955,0.008038027057310024
6.437434712757,0.00804534925047728
6.438453595682,0.007926048269696956
6.439457498519,0.007925116717418768
6.440461496543,0.0081122618144194
6.441489481062,0.007958210392241207
6.442498219706,0.007889142877773791
6.443498512424,0.007959554273467003
6.444508031964,0.007900695195246117
6.445510370136,0.008060219169566117
6.446533128801,0.008194179773152383
6.44757306861,0.008007203737674521
6.448589547657,0.007905774524427303
6.449593305256,0.007977997356386145
6.450606371032,0.008156165085827446
6.45164224884,0.008124868352178708
6.452674353545,0.008003394031002281
6.453691254463,0.007972414785562555
6.454704472039,0.007938784682479497
6.45571362429,0.007889392957672268
6.456716641549,0.007921095377391572
6.457724028768,0.00807110405771591
6.458750882765,0.007887622030970638
6.459754559865,0.007857696003911101
6.460754565792,0.007876689446684057
6.46175716401,0.007889308930956547
6.462761558979,0.00788720542459395
6.463765938592,0.008237611777594231
6.464815301039,0.008338100199099576
6.465877670635,0.008139152407601253
6.466914879598,0.007963925254579353
6.467930124215,0.00787029600633207
6.468933774368,0.007983115503360214
6.469952189941,0.008044337430801806
6.470978984287,0.007947483809378176
6.471994185903,0.00784990940199703
6.472997790235,0.007987904976316596
6.474019986505,0.007893972900239027
6.475031142091,0.008023000303874532
6.476059787862,0.008567409142450232
6.477159178123,0.008544720495470079
6.478256548774,0.00793143802555638
6.479275919925,0.007776874677242826
6.480276141018,0.007771838345591169
6.481276358703,0.007879404049636995
6.482291152079,0.007946852746703785
6.483316075322,0.00773689861397594
6.4843166471,0.0080939504931973
6.485365849903,0.007724307224890144
6.48636806825,0.00840339933647274
6.487459157876,0.008200123356138221
6.488524552344,0.007966821820625119
6.489560203822,0.007929607021435615
6.490591510881,0.007996860035509493
6.491632058752,0.007764944246140163
6.492642877116,0.008027510943103172
6.493688347836,0.008075948027769725
6.494740529303,0.008216438426630803
6.495811328774,0.007981217453408285
6.496851859183,0.0077503194779342975
6.497862650916,0.007975658796454446
6.498903176365,0.007744667820697643
6.499913960995,0.007969387634882636
6.500954481756,0.007738576275452283
6.501965259247,0.007962770061670984
6.503005774702,0.0077320192649170455
6.504016544204,0.007957250101547733
6.505057054668,0.007727478738720293
6.5060678167,0.007951814482990297
6.507108322441,0.008013849761284027
6.508157437047,0.007890334185927165
6.509190790829,0.004863230579259435
6.509827846379,0.007761652274167989
6.510844834762,0.007718602258882321
6.5118565473,0.007741157059831349
6.512871605798,0.007810798309124938
6.513896186126,0.007841675652616382
6.514925232614,0.007636781804079724
6.515927779412,0.007761538347772799
6.516947060499,0.007984616734832214
6.517995950517,0.007903361047393432
6.519034526851,0.0077414728137399184
6.52005224333,0.007670905456961892
6.521061081528,0.007893805598829315
6.522099639802,0.0076230948837007866
6.523102971764,0.0075955301501030295
6.524103077728,0.007880119842529754
6.525141001433,0.007626771807549771
6.526145853843,0.007598653694217112
6.527147361488,0.0077960422120145105
6.52817534145,0.0077606415120322
6.529199180226,0.00785512853114968
6.530235977685,0.007849253379276364
6.531272441272,0.007767432310890878
6.532298474626,0.00791315068395544
6.533344144879,0.007812912976444457
6.534376948236,0.007651933464879013
6.535388798934,0.007850321290340705
6.536427231014,0.00791330060893652
6.53747432114,0.0077724415141325045
6.538503146946,0.007918918042946834
6.539551774618,0.007600121399067872
6.54055855573,0.007700509592756367
6.541579081296,0.007874217123878025
6.54262313232,0.007565579415204895
6.543626677489,0.008043536733164817
6.544694043598,0.007736388170242238
6.545721086193,0.007724414986658334
6.546746939033,0.007803630853026627
6.5477837612,0.007787532070802984
6.548818935645,0.007599622788792661
6.549829559533,0.007735492461503196
6.550858741697,0.007568539620318201
6.551866168585,0.007538159176182756
6.55286996305,0.007561371426042639
6.5538773225,0.0076498566242998375
6.554896996415,0.0077091285283237285
6.555925054942,0.007531178344182566
6.556929816313,0.007769762473911409
6.557966862105,0.007758166386329424
6.559002801792,0.00752588252925837
6.560008142038,0.007632965457588416
6.561028172487,0.00751597637299737
6.562032981605,0.007719780616730872
6.563065534981,0.007609734706435028
6.564083832769,0.007769120342021732
6.565123840177,0.007705010210503217
6.566155689724,0.007843329817637955
6.567206521497,0.007479114318617498
6.568208835786,0.007882481250118622
6.56926561576,0.007807636632817353
6.57031290919,0.007465806476431248
6.571314860789,0.007811681182747808
6.572363774422,0.007458664671895687
6.573365720588,0.007804824464644543
6.574414628527,0.0074519040828068235
6.575416569427,0.0076655547628257745
6.57644768121,0.00781317689872871
6.577499094895,0.0075905330472859555
6.57852097726,0.00765805217437046
6.579552387235,0.007803208286898644
6.580603795718,0.007580816525853941
6.581625671362,0.00764833373990292
6.582657076361,0.0077225851208771595
6.583698947419,0.007486652203441209
6.584709423325,0.007704412380175663
6.585749738275,0.007552785449304109
6.586770050721,0.007476943329467551
6.587780515891,0.007596751353303731
6.588807555352,0.007807888855398108
6.589863729999,0.003474649288501114
6.590333880124,0.007674694989464434
6.591372532809,0.0077464066771143055
6.592421383952,0.007396423593987426
6.593423271418,0.0075021813963686325
6.594439916169,0.007895629218337778
6.595510351138,0.007669408145099465
6.596550638943,0.007445512439933224
6.597561067418,0.00766227994779015
6.598601350858,0.007439657048689515
6.599611772588,0.007656491345168183
6.600652051488,0.007433672971294739
6.601662466473,0.0076502680059910965
6.602702740794,0.007670095937363386
6.603746188245,0.007573539107992845
6.604776914488,0.007421669029475359
6.605787315948,0.007638078686607553
6.6068275814,0.007415834438351215
6.607837976162,0.007893518711689102
6.608913889372,0.007688751284098692
6.609962691589,0.007804032338040499
6.611027701848,0.007532945989904836
6.612055841209,0.007324945665767318
6.613056002363,0.007324420096456621
6.614056507009,0.007496747567583119
6.615081017757,0.007497216226241732
6.616106063259,0.007634624534735424
6.617150354869,0.007396680275156837
6.618162548451,0.007641218616167034
6.619208672161,0.007389952891482086
6.620220854859,0.007369133540127379
6.621230645408,0.007588368941939887
6.622270995951,0.007485250281813265
6.623297837322,0.007447562178716727
6.624320204011,0.007284225226564273
6.62532089638,0.00728421454735546
6.62632242075,0.007561582753613242
6.627362953769,0.007413723287556551
6.62838395136,0.007403534855584743
6.629404327916,0.007324724954467211
6.630414555383,0.007369504731605377
6.63143157688,0.007406641976430093
6.632454282929,0.007579218815631522
6.633501376712,0.007259683509694176
6.634504833637,0.007243011486341967
6.63550645373,0.007337752319798466
6.63652166144,0.007303967440591243
6.637532664719,0.007232576499495504
6.638534263028,0.007326639518159644
6.639549455673,0.007375129581596184
6.640571901941,0.007319312335596877
6.641587042197,0.007367818808047997
6.6426094217,0.007484782160872388
6.643648504179,0.007557462584358503
6.644698070717,0.00743642323584029
6.645731250708,0.007357004992060335
6.646753956827,0.007370228317431255
6.647779113537,0.00732707509035265
6.648798818089,0.007292055049481671
6.649814081266,0.007187897046946223
6.650815160075,0.007281681415067181
6.651829626627,0.0074509079087513915
6.652868087226,0.007180073514586748
6.653869307426,0.007311039349202983
6.654889240772,0.007233101960918829
6.655898668493,0.007196101283480652
6.65690326732,0.0074331082715746065
6.657941265003,0.0071633700883063705
6.658941894663,0.007277163963799115
6.659958804393,0.0073324095179742215
6.660983741982,0.007517458477703656
6.662034833217,0.007503295979929051
6.663084271356,0.007204648116681856
6.66409216685,0.007483794873930587
6.665139127522,0.00726667124860352
6.66615558763,0.007300511894552697
6.667176416824,0.00724975666333833
6.66818942556,0.007351388392838508
6.669216132408,0.007535242977781815
6.670268443889,0.007369862746095249
6.67129760769,0.0072243157971857395
6.672306297468,0.0074062291945667805
6.673340228328,0.0052537837955958675
6.674073584506,0.007247424094229405
6.675085197365,0.007188690160191354
6.676088618591,0.0073287001166426734
6.677111515853,0.007302109236694441
6.678130742762,0.007644749736354176
6.679197749147,0.007535160866425114
6.680248966073,0.007311077077537624
6.681268154576,0.007472655580026902
6.682309032164,0.007442013068181522
6.68334479931,0.00745307558924318
6.684381063749,0.00756758789088476
6.685431976359,0.007333530095511868
6.686449205968,0.007547881061344475
6.687495245186,0.007516111532187507
6.688536083194,0.007521705298986133
6.689576918315,0.007524794564214903
6.690617750256,0.007525520185615305
6.691658578986,0.007526810528626686
6.692699404711,0.0026095704922049386
6.693060201044,0.00729558887197123
6.694068960867,0.007735062919741606
6.695138998964,0.00758233128176535
6.696189034376,0.007496070506456244
6.697227543261,0.007498121969430666
6.698265639389,0.0073120397858217195
6.699277199356,0.007596678427416141
6.700327222921,0.007518896221992598
6.701365717282,0.007454047077612179
6.702395077596,0.00729708890464348
6.703403484951,0.007424496270483398
6.704431332691,0.007294639981823881
6.705442870426,0.007218563293962135
6.706444478762,0.007398923979400612
6.707471456535,0.007453359737413946
6.708506324565,0.007528926747463854
6.709551896579,0.007800150692734909
6.710635339859,0.00791804435464979
6.711735339859,0.007917969696099685
6.712835339859,0.007918705544700231
6.713935339859,0.00791887238430479
6.715035339859,0.007917834729776582
6.716135339859,0.007914449044300744
6.717235339859,0.007908644073147616
6.718335339859,0.00749294368132038
6.719378245438,0.007898961544593045
6.720478245438,0.007894861171240154
6.721578245438,0.007890527887087207
6.722678245438,0.00788475132263565
6.723778245438,0.007338172127856244
6.724803245438,0.007858772494223482
6.725903245438,0.007837517418504868
6.727003245438,0.0072535961836331505
6.728023245438,0.0077477073209347765
6.72911362477,0.00781128190482212
6.73021362477,0.007806883168041888
6.73131362477,0.007571666187338285
6.732381032598,0.007798326390932155
6.733481032598,0.007792964314105134
6.734581032598,0.007787485155903817
6.735681032598,0.0077819525164102765
6.736781032598,0.007775922055892501
6.737881032598,0.007769566729556443
6.738981032598,0.00776496699689274
6.740081032598,0.0077652325727452535
6.741181032598,0.007233584501520261
6.742205427379,0.00776240932301536
6.743305427379,0.007469214343079342
6.744365427379,0.00720453733481633
6.745389279228,0.007287596199302306
6.746426365934,0.007018948583383984
6.747426525241,0.007180779283771684
6.748450984677,0.007243072071715127
6.749485573892,0.0071455391965836975
6.750507336396,0.007136897128725439
6.751528874671,0.007360740907620869
6.752583228671,0.0073585722973491165
6.753637563354,0.0070556502847611315
6.75464818555,0.007089222427130165
6.755663616244,0.007135971672513417
6.756686449268,0.007159024812550496
6.757713244412,0.006969591707393738
6.758713334266,0.0072343298401604285
6.759751956182,0.007479074478064207
6.760826433118,0.007088156726305018
6.761845413514,0.00720348735025736
6.762881629065,0.0069943763488785424
6.763888407915,0.007186582148900442
6.764923533842,0.007315054740719881
6.76597780901,0.007201930084227554
6.767016397272,0.007445820834837144
6.768090839504,0.007002294467566293
6.769101953422,0.007042399261053428
6.770119480032,0.007240677081544978
6.771166087088,0.007099864977049527
6.772192816929,0.0070636433003779244
6.773214934651,0.006961473679948148
6.774222874389,0.007130908541863264
6.77525598042,0.007239834652627078
6.776305480389,0.006944858026527661
6.777312732794,0.007223739385584282
6.778360945143,0.007126698986888742
6.77939559834,0.0069524187883672
6.780405407516,0.006898751254758161
6.781407745141,0.0069730548135567205
6.782421207136,0.007199378235110294
6.783468032735,0.007172258909713129
6.784511474128,0.0068960861831171795
6.785515343508,0.0069980595799224304
6.786534579265,0.007448611748852992
6.787619878309,0.006989728038886099
6.788638825804,0.00708454633774901
6.789672245328,0.007287829346712197
6.79073589541,0.00697789289840352
6.791754657504,0.007094194156405618
6.792790703593,0.006877949657724389
6.793795525538,0.007013762144872894
6.794820820616,0.006908573137805804
6.79583165452,0.006874682045926558
6.796838748996,0.006857371972213124
6.797844209786,0.006861432347973588
6.798850551902,0.006962259756062336
6.799871823319,0.007061190825514473
6.80090783838,0.0070673800778702014
6.80194513195,0.00737440851713038
6.803027767087,0.007278572424585882
6.804096531538,0.006820717241844778
6.805098242964,0.007070520801898415
6.806136840395,0.006818074330237935
6.807138541488,0.007068010619176441
6.808177129074,0.00681560788493765
6.809178822128,0.0070649151404756135
6.810217400838,0.006812065694357205
6.811219086213,0.007086498731712509
6.812261441439,0.000505730699593653
6.812335841439,0.007006712015444913
6.813366854918,0.007068689127653547
6.814407360285,0.007470530772214072
6.815507360285,0.006932504681236294
6.816528454812,0.006929007821789994
6.817549359098,0.007409393769734029
6.81864181546,0.007454503207838317
6.81974181546,0.006822120473885922
6.82074890428,0.007101169460447988
6.82179732735,0.006831195452947051
6.822805846873,0.007449168030250443
6.823905846873,0.007444295089566614
6.825005846873,0.007439426960968007
6.826105846873,0.007435803395665608
6.827205846873,0.00743285395115225
6.828305846873,0.00742977956905504
6.829405846873,0.007426077328341756
6.830505846873,0.006882677132045999
6.831525846873,0.007084181142401938
6.83257616907,0.007080756985957081
6.833626490948,0.00741179586012908
6.834726490948,0.007407709438407122
6.835826490948,0.007403774668017669
6.836926490948,0.007203494540456676
6.837997279808,0.007078533298288713
6.839049879433,0.007395504826569492
6.840149879433,0.0073930628495215
6.841249879433,0.007390083365909611
6.842349879433,0.00738692296394892
6.843449879433,0.006859341983692086
6.844471680852,0.0070140397266166415
6.84551680156,0.006895747176834265
6.846544608162,0.006864880555914247
6.847568115163,0.007057005085193794
6.848620518211,0.006888966466983241
6.849648407672,0.006855945549004559
6.850671901158,0.006842392022677644
6.851693619134,0.006756059338269265
6.852702710083,0.006962145983896751
6.853742952365,0.007017164539746674
6.854791980617,0.007092010640273857
6.85585263489,0.006780854907251082
6.856867250531,0.006711742779525517
6.857872278018,0.006826896197759137
6.858895165985,0.006679518543723627
6.8598964325,0.006748450170453132
6.860908485245,0.006743094710629206
6.861920235731,0.006759071753206386
6.862934829193,0.0069182134586115865
6.863973713659,0.006779762641586291
6.864992179488,0.006809986725241826
6.866015544342,0.007054649379947117
6.867076143346,0.0067460051447033
6.868090717147,0.006905603099776107
6.869129581535,0.006767677969045766
6.870148023616,0.006780151007728779
6.871168828005,0.006735862227177928
6.872183222719,0.006701384046628839
6.873192571732,0.006729420000987138
6.874206497309,0.006871288381839724
6.875242146743,0.0067070668778202655
6.876253357722,0.00666476617166988
6.877258629854,0.006662772936783298
6.878264112673,0.006674465793753956
6.879271747718,0.006685733000527446
6.880281494597,0.006744280428690333
6.881300593435,0.006741218207940225
6.882319687318,0.00673937200680988
6.883338776467,0.006634448621847657
6.884342209627,0.006745250380093637
6.885362627716,0.006991240321321209
6.886420545348,0.0066222987700394025
6.887422973047,0.006647315772577485
6.888429573954,0.0066514892808812905
6.88943716134,0.006605451462016645
6.890438116705,0.006653282668318995
6.891446686518,0.006662264776870463
6.892456983053,0.00665535197359341
6.893466635591,0.006662821966937033
6.894477599204,0.006803446830350299
6.895510132029,0.006710744096486706
6.896529119083,0.0066260186810572054
6.897535762251,0.0066309255128616665
6.898543646225,0.006651882942977284
6.899555193678,0.006906728918063229
6.900606030288,0.006779025222766499
6.901638163909,0.006658046572247049
6.902653476145,0.00686593434810804
6.903702405345,0.0066984239931894805
6.904726719689,0.006613893194117171
6.905738605649,0.006556961434829474
6.906742274285,0.007048124278137688
6.907821638943,0.006552221347647573
6.90882562404,0.006669969368509812
6.909847890045,0.0068366367695439625
6.910895777663,0.007172144436621277
6.911995777663,0.007167404513390148
6.913095777663,0.007164614617210103
6.914195777663,0.007162778483411426
6.915295777663,0.007160533449953617
6.916395777663,0.007092757262763034
6.917485777663,0.007076998811680594
6.918573628385,0.007154610877670217
6.919673628385,0.007152318972202373
6.920773628385,0.0071496744684952564
6.921873628385,0.006790901150409399
6.922918590734,0.007146340779762537
6.924018590734,0.007142418361732695
6.925118590734,0.006717055196072546
6.926153579085,0.007135657985272453
6.927253579085,0.006989225891312698
6.928331419939,0.00669234736544512
6.929363849924,0.0030475080525864577
6.92983412975,0.006730760338862984
6.930873088359,0.006805519255566408
6.931923924996,0.00661175033375631
6.932945039095,0.006673438188379106
6.933975873231,0.006800490823414484
6.935026706164,0.006606170757428116
6.936047814884,0.006667415386066239
6.937078645053,0.006989316114861128
6.93815974982,0.006532810848300946
6.939170765237,0.0067275357797724955
6.940212418405,0.00672062274281354
6.941253518706,0.006780718034638669
6.942304342681,0.0065239750526479845
6.943315703154,0.0069088509793982355
6.944387067538,0.006582889415663048
6.945408156921,0.006518530625685512
6.946419516649,0.006642303904674519
6.94745033094,0.006706806566093003
6.948491414729,0.006512452697750714
6.949502767294,0.006508924277204098
6.950514117124,0.006564710302929452
6.951534656545,0.006611390883281421
6.952562979324,0.006761608743801909
6.953615118564,0.0066855091876079145
6.954655783968,0.006636782627591502
6.955689271972,0.006753030090168178
6.956741187476,0.0066784364310395385
6.957781628577,0.006464326545284002
6.958788853067,0.006621601062915596
6.959820991861,0.006445815352440509
6.960826248313,0.0066698325776943495
6.961866865808,0.006796164061148417
6.962927657665,0.00644321528473361
6.963933792308,0.006520494351199769
6.964952312348,0.006712039026082113
6.966000980442,0.0064887586791303005
6.967014950411,0.00664632234007994
6.968053765806,0.006485549988914399
6.969067948489,0.00663753772850176
6.970106409365,0.006505114685751107
6.971124398969,0.0065345555203251806
6.972147348825,0.00676886828388221
6.973207450313,0.006473369569181453
6.974221614316,0.0066273845080667
6.975260056011,0.0064953750673235845
6.976278024182,0.006524624822592266
6.977300955414,0.006758788519465272
6.978361034625,0.00646379122257862
6.979375179597,0.0066163786932055615
6.98041360223,0.006482670048151474
6.981431549023,0.00651148469151093
6.982454461346,0.006451301610624713
6.9834681545,0.006365872819239487
6.984468593941,0.006422381131245671
6.985478125965,0.00641031990781787
6.986486127921,0.006547487971871964
6.987516173614,0.006503172172741106
6.988539674657,0.0066093784437041714
6.989580326728,0.006512858217193532
6.990606220875,0.006785510378469219
6.991675386073,0.006345192140562002
6.992675407964,0.006408417463148262
6.993685671137,0.0063981517631934845
6.994694628935,0.00634951683780801
6.995696318174,0.006356629214580411
6.996699533423,0.006381074388206213
6.997706946708,0.006353376634277852
6.998710365546,0.006487902629826612
6.9997352535,0.006520901570114316
7.000765561026,0.0064133932264755075
7.001779270283,0.006450962397069983
7.00279925996,0.006431315279908807
7.003816533563,0.006392919953159606
7.004828134978,0.006377202645107
7.005837591324,0.00633273237991171
7.006840315476,0.006403648237712195
7.007854654251,0.006464744626241246
7.008879103448,0.006384615582750777
7.009891227077,0.006320043442728908
7.010893475378,0.006345912155993978
7.011900211153,0.00633269170060841
7.01290517332,0.006331314778290943
7.01391013126,0.00631765060523193
7.014913173989,0.0029785430129315007
7.015386170989,0.006308306406044987
7.016388227402,0.006327860017561442
7.017393807731,0.006314892790850887
7.018397685315,0.0063127275349844645
7.019401558804,0.0063352683242676325
7.020409391527,0.006346435895943244
7.021419271985,0.006395786129020002
7.022437248147,0.006822797025279316
7.023523565282,0.006470922180032667
7.024554274122,0.006317015627534191
7.025560865885,0.006343586126832232
7.026572043953,0.006719194807525924
7.02764368701,0.006353736165357812
7.02865784898,0.006764450634886161
7.029739394077,0.00655287909596297
7.030790092676,0.0063551498644093245
7.03181102281,0.006412309319858566
7.032841719277,0.006783111042189207
7.033932608868,0.006530056428103539
7.03498330342,0.00634359937735665
7.036004227876,0.006212489939925324
7.037004316469,0.006339406510889231
7.038025238527,0.006397714857238855
7.039055928818,0.006519061389439188
7.04010661806,0.006332255672917121
7.041127535372,0.006391599613451217
7.042158222154,0.006513010099135592
7.043208907944,0.006326996138148681
7.044229820801,0.0063858916041252545
7.045260504228,0.006506676667815149
7.046311186629,0.00632076070971449
7.047332094946,0.006378950200775941
7.048362775048,0.006500584719136736
7.049413454135,0.006502029501828752
7.050464583881,0.006683372065850576
7.051545486106,0.006370669720901323
7.05257616154,0.006492405062527276
7.053626835962,0.006306431051411573
7.054647733607,0.006365156330941399
7.055678405605,0.006486182842132528
7.056729076595,0.006300836287118555
7.057749969617,0.006359440108376628
7.05878063816,0.006480232149421579
7.059831305709,0.00651714967370907
7.060888313629,0.006352554697543088
7.061918978683,0.006658164833036885
7.062999642648,0.006471641477402539
7.06405030546,0.006287325222390231
7.065071187602,0.006345901898942568
7.066101847986,0.006412353010211133
7.067143657105,0.006159482871984166
7.068144577763,0.006154971970378434
7.0691450531,0.006248032400477112
7.070161020656,0.006159208592464977
7.071162803703,0.00642364726223737
7.072207957686,0.006165974927722922
7.073211529318,0.006218846916445717
7.074224012295,0.006185316736704127
7.075231325783,0.0061458789696174874
7.076232549864,0.006153598249420353
7.077235326485,0.006138861397628834
7.07823590549,0.006182724750590953
7.079243980545,0.006180655194529647
7.080252051453,0.0061434999459960065
7.081254361402,0.006174949738461892
7.082262211886,0.006184809037966788
7.083271940091,0.006152205552562479
7.084276597324,0.006144878460766519
7.085280400741,0.006136345072391002
7.086283138251,0.006120702182569712
7.087283677918,0.006191574044233292
7.088296170703,0.006154760474782389
7.089302928159,0.006153306806522324
7.090309681319,0.006142733453120073
7.091314944321,0.006141017758471728
7.092320203019,0.006178391473007091
7.093331985757,0.00474251953398264
7.094108918329,0.00614131381807019
7.095115337931,0.0061166554998557466
7.096118033372,0.006115170382054081
7.097120724613,0.006099934156115981
7.098121218357,0.0061435866256177
7.099129207518,0.006141413368297339
7.100137192471,0.006130539226836325
7.101143900724,0.0061277885341452926
7.102150604469,0.006164714742281151
7.103163600531,0.006158750437226825
7.104175813933,0.006196732609940009
7.10519460272,0.006137170520439588
7.106203977643,0.006142223895924151
7.107214481997,0.00618290023352862
7.108231987876,0.00613704552937527
7.10924227265,0.006080973890125174
7.110243567875,0.00618543925035778
7.111262333294,0.006125828592173156
7.112271684881,0.006130376879734318
7.113282164038,0.006171006972744965
7.114299642804,0.006125529409138341
7.115309901177,0.006069912594819948
7.116311170117,0.006086473733335129
7.117315371512,0.006112846646363937
7.118324272065,0.006074831192826062
7.119327225757,0.00608423746658921
7.120332102808,0.0060605919283464385
7.12133347177,0.006155846988048091
7.122350916922,0.006110814126770935
7.123361141712,0.0060550038962110695
7.124362377908,0.006158826942822381
7.125381084751,0.0061201509738331135
7.126393717093,0.006153470669265936
7.127412202464,0.006140874485851
7.128428915307,0.0061575669182176935
7.129448666144,0.006106836851600174
7.130460277195,0.006075713021009857
7.131467003393,0.0061088272691267684
7.132479526918,0.006041554040410365
7.133481224097,0.0066328490530011604
7.134581224097,0.006150801624632332
7.135601612445,0.006210165604365518
7.136632193907,0.006208530435641621
7.137662773773,0.006327529971154615
7.138713353198,0.006146146937718674
7.139734124082,0.00620307886780798
7.140764700963,0.006321404343130894
7.141815276763,0.0063215161138625775
7.142866233521,0.00649811171156497
7.143946997902,0.006193645448410787
7.144977569806,0.0064310301703630725
7.146047950251,0.006310310614810304
7.147098519734,0.0061293933671205
7.14811927742,0.0061868247186305115
7.149149844475,0.006305485361116075
7.150200410505,0.00612454177742828
7.151221163606,0.006181256205325094
7.152251727268,0.006299421385741955
7.153302289925,0.006040026376839227
7.154309929299,0.0017706633717090527
7.154605386558,0.0062845470145515
7.155654346328,0.006172192785416181
7.156684905097,0.00629049257168821
7.157735462872,0.006051042542755685
7.15874639055,0.006166565528497221
7.159776945924,0.006284592463550367
7.160827500251,0.006104218483400884
7.161848237159,0.006160884971839942
7.162878789089,0.006278846723062724
7.163929339999,0.006098832076422366
7.164950072891,0.006155527278590087
7.16598062129,0.006273194832437001
7.167031168585,0.006093177709132849
7.168051896715,0.0061496023305259405
7.169082441532,0.006263028012202966
7.170132361224,0.006048633251905414
7.171146671375,0.006066728778264223
7.172164422527,0.006124876423862523
7.173192546257,0.006258895295214037
7.174243444385,0.0062585891053386355
7.175294340764,0.006256641422414129
7.176345235246,0.0062546923293784465
7.177396127731,0.006252698844779383
7.178447018413,0.0062505156183934735
7.179497907292,0.0062486026719581166
7.180548793823,0.005978820892965304
7.181554587811,0.005997214921668326
7.182563788269,0.006040581337124492
7.183580622849,0.0060039930262325465
7.184591653655,0.006071234680123882
7.185614289766,0.006094785983511732
7.186641225419,0.005945999704238113
7.187643461134,0.006018336535818476
7.188658153055,0.0060547674359853
7.189679273071,0.005985193479335128
7.190689076878,0.005929318015197238
7.19168978689,0.0060798213792164655
7.192716202481,0.005972436997979147
7.193724862684,0.006014295732535877
7.194740874222,0.006016570323451077
7.195757560569,0.005997099205788826
7.196771300922,0.006010931928828429
7.197787724867,0.00596983658371692
7.198797496774,0.0060002256312567
7.199812710061,0.006021600648993838
7.200831879915,0.00603988482143825
7.20185451161,0.0060619092030027785
7.202881198514,0.0060198722510173535
7.203901063836,0.006059106637010556
7.204927907429,0.006014550103003605
7.205947552549,0.005954961522359276
7.206957434239,0.005964498476270996
7.20796922107,0.0060128110255154585
7.208989490268,0.005955614459563155
7.210000420773,0.005978688084059279
7.211015590537,0.005938662242535402
7.212024250196,0.006019664039857181
7.21304704966,0.0059489299813068695
7.21405817667,0.005999956263461874
7.215078280709,0.005993344010616502
7.216097602679,0.005986732793380668
7.217116142619,0.005968714083742648
7.218131920517,0.005967043720006373
7.21914769414,0.005949798106604408
7.220160917664,0.005947710241958097
7.221174137078,0.005932634682976798
7.222185018827,0.005995382043424392
7.223206928232,0.005941928880992951
7.224220135996,0.005935413017176912
7.225232562167,0.005908336487267383
7.226240671955,0.005936378910755397
7.227253869467,0.005934772158886371
7.22826706358,0.005932978014336028
7.22928025478,0.005930909981731346
7.230293442951,0.005860734399468144
7.231294959834,0.005927146564436531
7.232308140809,0.005974385014394886
7.233329723482,0.004678141169375741
7.234129910214,0.005883393547894825
7.235136568712,0.005872857038989684
7.236141674216,0.006020781952457078
7.237172444833,0.005889742515206625
7.23818114978,0.0059557512455784235
7.23920146224,0.005892327878495658
7.240211220656,0.005907771717141551
7.241223945258,0.005905962793586767
7.242236666107,0.005981316605519932
7.243262606057,0.005941926692188549
7.244282107431,0.005922852385926083
7.245298635199,0.006149697246673749
7.246354464191,0.0064045147693432575
7.247454464191,0.0064026184116898616
7.248554464191,0.006400436134100627
7.249654464191,0.0063981747743424135
7.250754464191,0.006396308529202544
7.251854464191,0.006028510294975843
7.252891510852,0.005956397442751825
7.253916480555,0.005873590974089937
7.254927570147,0.005862256001252878
7.255937103831,0.0058588191780329585
7.256946409893,0.005992453712652315
7.257979009038,0.005935311667072604
7.259002042536,0.005888281946458554
7.260017344087,0.005914868223736985
7.261037530005,0.00596179600898386
7.262066080054,0.005804919377475642
7.263067884266,0.005812166569247229
7.264071213627,0.005794536140079835
7.265071739662,0.005805244262075337
7.266074387638,0.005828669378433759
7.267081431179,0.0058724199856947466
7.268096396423,0.006055075703181379
7.269143234462,0.0058874538266546934
7.270161411098,0.0059094864685704995
7.271183692638,0.005904717077610531
7.272205495923,0.00600355793519606
7.273244782324,0.005789200012572337
7.274247272426,0.005986678071012525
7.275284348253,0.005898364942096786
7.276306492794,0.005959575121079166
7.277339579684,0.005811703158425626
7.278347324097,0.0059452718182152605
7.279378571299,0.005785587957071384
7.280382459156,0.006024119654863743
7.281428028171,0.00588862423859704
7.282450445751,0.005941359945965235
7.283482370679,0.0057985566970627424
7.284489750032,0.006022158340911236
7.285536381247,0.006011191988297674
7.286584295003,0.005821608333955349
7.287602811915,0.005888298013568285
7.288634130019,0.005903893361794329
7.289668724981,0.005780539298469671
7.290682102904,0.006163605959204151
7.291762939566,0.005749006413919469
7.292771404718,0.005919574687843832
7.293810131107,0.005772336462947579
7.294823295526,0.00583098910222137
7.295847031143,0.00569743592279157
7.296847520832,0.0057842356540051335
7.297863503634,0.0056982542396944455
7.298864650765,0.005693190810417213
7.299865143711,0.005825523991819294
7.300889216949,0.005802036362333673
7.301909440872,0.005826061223095008
7.302934157262,0.005773401471250851
7.303949934071,0.005752067724358566
7.304962222601,0.00568834311422024
7.305963584643,0.003955748917235457
7.306660112899,0.0057748545866198615
7.307677190004,0.005822254313874595
7.30870291133,0.0057899953546292566
7.309723233631,0.005693940017526071
7.310726953719,0.005836617138211079
7.311756122166,0.005675224612223684
7.312757092134,0.005711325104015243
7.313764762794,0.005772358410593795
7.31478356844,0.005702762819847167
7.315790451616,0.005734349903068067
7.316803311679,0.005743073449328632
7.317818019909,0.005707011087056564
7.318826546004,0.005751400867948932
7.31984315491,0.0057436061726126465
7.320858659472,0.00577007279540873
7.321879107518,0.005767182405994151
7.322899382116,0.005684547217306615
7.323905355361,0.005672491639337767
7.32490942582,0.005770445557126686
7.325931276512,0.005713267409595948
7.326943371804,0.005796525809503441
7.327970393463,0.005753399982170391
7.328990024505,0.005657757662427379
7.32999303563,0.005667671601966131
7.330998107298,0.005739620873472036
7.33201623807,0.005666289500647363
7.333021727796,0.005685344259263684
7.334030849814,0.0056699936796904375
7.335037535489,0.00568220501315342
7.33604671891,0.0056441853624593944
7.337049366957,0.005708453183623262
7.338063688117,0.005703616897117704
7.339077468503,0.005689102169291163
7.340088969197,0.005637809051466908
7.341091667303,0.0056720178420453
7.342100785473,0.005810939848275797
7.343134935877,0.005690006003855944
7.344147932242,0.005721565068429037
7.345166875434,0.0057081768526977975
7.346183649242,0.005614597713766902
7.347184035082,0.005629584600365177
7.348187421425,0.005722459735208452
7.349207666722,0.005610651701186482
7.350208238906,0.005651366486094832
7.351216398308,0.005666522833531858
7.352227607124,0.00565870675171109
7.353237667067,0.005626991316646467
7.354242365557,0.005615427128882293
7.355245346285,0.005744007989002905
7.356271634023,0.005704649671048134
7.357291180423,0.005680401216086287
7.35830661469,0.005600001932452388
7.359307951408,0.005765069776920263
7.360339139243,0.005666088280616918
7.361352881352,0.0058804353369197315
7.362405220938,0.005914880169778217
7.363464042391,0.005853932893831371
7.364512277525,0.00614138717685423
7.365612277525,0.006139704644929734
7.366712277525,0.005692694414925607
7.367732501919,0.006135952649376511
7.368832501919,0.005632925268998381
7.369842613494,0.005950681568271206
7.370909957174,0.00613125116384398
7.372009957174,0.0061293472931116645
7.373109957174,0.006127544507969735
7.374209957174,0.006125897067635362
7.375309957174,0.006123952507803811
7.376409957174,0.00601878223663815
7.377491416996,0.005671460848117229
7.37851079998,0.0024661377057863037
7.378954182726,0.005660226548439021
7.379971977947,0.005752401819362192
7.381006535722,0.00563488481004518
7.382020251825,0.005658617862512604
7.383038490882,0.006095986223025456
7.384135723882,0.005818282058324334
7.385183272902,0.005816475046497519
7.386230820585,0.0055625629432356225
7.387232952911,0.005651010597792299
7.388251240215,0.005629970794119956
7.389266076775,0.00569465556893063
7.390292911616,0.00608827478342254
7.391390988293,0.0060238770752913786
7.392477819633,0.005615645921913298
7.393491319573,0.005791926306989814
7.394536888858,0.005807553304234438
7.395585576518,0.006080682805323773
7.396683960427,0.005646083148663779
7.397704132935,0.005777836366865386
7.398748364924,0.005846071295042
7.399805252482,0.0057539509610182475
7.400845807895,0.005584300259323798
7.401855983029,0.005907210929478534
7.402924919078,0.005643652235341257
7.403946470033,0.005798995132419955
7.404996460913,0.005588347175013804
7.406008641361,0.005578978864498867
7.407019418457,0.005708415198288394
7.408053927214,0.005746100273706403
7.409095581598,0.0057870526403375686
7.410144993649,0.00566548752747973
7.411172637632,0.005596022032352613
7.412188026986,0.005525208179459085
7.413190937345,0.005694351744735548
7.414224769141,0.005733100897212715
7.415265875028,0.005685851654095354
7.416298760026,0.00569508659811275
7.417333633903,0.005779286045346864
7.418384111685,0.005656872008919992
7.419412687487,0.005587826288767927
7.420429104072,0.005616270624713881
7.421450991118,0.005554338393566826
7.422461830316,0.005670547392525313
7.423494096351,0.005639131979838765
7.424520906965,0.0057717198391984605
7.425572168429,0.0055949674925326156
7.42659155484,0.005633663368345672
7.427618318975,0.00561324233383753
7.428641674577,0.0055184106594661645
7.429648744004,0.005842646099468328
7.430718994791,0.005581989691328538
7.431744869313,0.005510297086850576
7.432758187389,0.005552741712410262
7.433779783299,0.005475339192077612
7.434787535428,0.005607353890223577
7.435819906587,0.005468222616698198
7.436826986683,0.005479982508591826
7.437836555233,0.005519351330592603
7.438853632034,0.005484739119432057
7.439864611314,0.00547114911099904
7.440873354014,0.005423015013278483
7.441873429152,0.005858394395060439
7.442954081251,0.005514307252061777
7.443971580582,0.005569425369625116
7.444999563529,0.005571517988253055
7.44602821506,0.00555503355230169
7.447054095657,0.005502376765623753
7.448070566798,0.005425596091527616
7.449073192025,0.005423320177634205
7.450075678252,0.005524118460826962
7.451097073243,0.005544904829447004
7.452122706253,0.005549833621540511
7.453149654314,0.0057280371068212455
7.454209920255,0.00548511448800755
7.455225608649,0.005496661540808484
7.456243753412,0.005494046446868226
7.457261671717,0.005755316594913781
7.458328332822,0.00552484504280163
7.459352605,0.005417075645494676
7.460357239448,0.005581373193886696
7.461392681503,0.005662744738710658
7.462443557044,0.005407811985420137
7.4634474782,0.005567994126805456
7.464481490423,0.005541153173552345
7.46551083327,0.005400846038376556
7.466514418652,0.005659059032180849
7.467566347263,0.005536367636019187
7.468595843462,0.0058429185941293585
7.469682727842,0.00537390206502476
7.470682727842,0.005650925992916137
7.471734652729,0.005370216400336331
7.472734652729,0.004134364396003246
7.47350472906,0.0056273408740525515
7.474553205028,0.005730383549443672
7.475621258443,0.005417546904744173
7.476631333525,0.005862671567578087
7.47772478549,0.005628788513257107
7.478775009135,0.005466754485860303
7.47979530616,0.005625541016401421
7.480845527864,0.005463521963950579
7.481865822151,0.0055689251511159684
7.482906114864,0.005621026624848106
7.483956479082,0.0053513474415121795
7.484956768985,0.0053923102560012705
7.485965018434,0.005455136945927054
7.486985305928,0.005346724715520506
7.487985592136,0.005345065863438137
7.488985876517,0.005503894334655127
7.490016229919,0.005555037991047289
7.491056511118,0.005339728377886745
7.49205679156,0.005551442101496057
7.493097070166,0.005587055618319383
7.494144382044,0.005545228356094621
7.495184226578,0.005599155861771674
7.496234570264,0.005489103988645541
7.497264645989,0.005328071819737064
7.498264918358,0.005751410214269992
7.499345057592,0.005324750712387029
7.500345326775,0.0056446687585426725
7.50140599362,0.005357598644761799
7.502413016226,0.005485967444878911
7.503444463879,0.005318215207137119
7.504444728123,0.005791084554612399
7.505534306059,0.005649302495786353
7.506597522884,0.005377421289540495
7.507609876754,0.0054431705240641495
7.50863489752,0.005332353886696935
7.509639353219,0.0054626538918746735
7.510668698275,0.005504680394782863
7.51170630408,0.005479713190827209
7.512739512117,0.005425492338809808
7.513762813194,0.005452242345879438
7.514791507045,0.005553926718125559
7.515839695423,0.0056048262652097286
7.516897837236,0.005467771898995437
7.517930469147,0.005658320941068033
7.518999391032,0.0054892001363741815
7.520036661222,0.005564492972273417
7.521088486397,0.005448630377504947
7.522118749593,0.005390378938721303
7.523138317726,0.005452161882315213
7.524169926407,0.005326742615841334
7.525178112076,0.005308878231719932
7.526183164297,0.005323082128756035
7.527191180281,0.005534786598782614
7.528239571102,0.005328581904988253
7.529249229942,0.005307957686085327
7.530255294894,0.005302368247679996
7.531260595295,0.005513785390734565
7.53230631505,0.005335037716373539
7.533318450583,0.005460232092350505
7.534354628905,0.005525617246815985
7.535403518269,0.005384778477135441
7.536426006553,0.005523159057792277
7.537475116044,0.005358644366520884
7.538493281972,0.00567133923149792
7.539571174801,0.00531774040366972
7.5405821897,0.005479193173483129
7.541624258129,0.00531343024567657
7.542635114281,0.005541797043777925
7.54368973856,0.005400060445432215
7.54471770788,0.005435576581174334
7.545752756756,0.005294191772943355
7.546761175268,0.005752405023396024
7.547857209351,0.005343133314388883
7.54887563615,0.005251972469524995
7.549876986577,0.0052811323826081865
7.550884229225,0.005323167125373205
7.551899896985,0.005252632283826495
7.552902418558,0.005310160525701101
7.553916197587,0.005271561861274092
7.554922969768,0.005371369249124453
7.555949174946,0.005235186276503757
7.556949644748,0.0016011651088223043
7.557255694529,0.0005589874720124705
7.557362556025,0.0005338788990232673
7.557464626173,0.0008451979947597127
7.55762622434,0.0020388174836639887
7.558016073636,0.0016562935556679685
7.558332802151,0.005281440676151261
7.559344238342,0.005261165649312812
7.560354049258,0.005314899445261813
7.561375201471,0.005309664211055554
7.562395876652,0.005270369271586567
7.563409410623,0.0053119746789359185
7.564431278831,0.005568171548726359
7.565502817563,0.005311929441616145
7.566525348211,0.00541206969042622
7.567567626602,0.005198364631410977
7.568569152503,0.0054620510864300574
7.569621621122,0.0054141728663467045
7.570665177368,0.0052751174072297345
7.57168286204,0.005248815840303651
7.572695653778,0.005304937618498797
7.573719193961,0.005183940436257681
7.574719998681,0.005329629389757758
7.5757494424,0.005322407661856463
7.576777846374,0.0052789116281548865
7.5777980592,0.005353373200350771
7.578833038726,0.005203953745257344
7.579839369863,0.00531690917891815
7.580867696009,0.005174568942448029
7.581868773164,0.005229652210194466
7.582881001871,0.005358923734629461
7.583918992957,0.005199393185418516
7.584926625312,0.005333922094362908
7.585960592469,0.0052194312352731274
7.58697271876,0.005207913305376019
7.587982988098,0.005156602813009345
7.588983530099,0.005180079076153127
7.58998890462,0.005173738474675305
7.590993381689,0.005423604730174975
7.592046704665,0.005270915328862035
7.593070664217,0.005150012764528303
7.594071439311,0.005304614973181789
7.595102590396,0.005156992308274671
7.596105370073,0.005255382851756442
7.597127604205,0.00519440825033921
7.598138501065,0.005246287229224324
7.599159869213,0.0052635587342905465
7.600184770344,0.005358302276920667
7.601228467683,0.00532570658412075
7.602266183937,0.005189457803812814
7.603277704233,0.003628232148295054
7.603985090662,0.005133963781335238
7.604986278741,0.0051590290647846575
7.605992671379,0.005186042143218449
7.607004668565,0.005202369249311767
7.60802015924,0.0053357866856735174
7.609061974794,0.005193178864621417
7.610076228448,0.005130711853407803
7.611078597763,0.005123172227772835
7.612079844385,0.005231245132272172
7.613102531834,0.005180820296673976
7.614115621191,0.005220453340269651
7.615136745704,0.005222784025046781
7.616158614951,0.005129290011932001
7.617162499382,0.005196408573324722
7.618179892131,0.005149870718354871
7.619188456983,0.005401303976540951
7.62024654627,0.005283906354042031
7.621282024844,0.0052107640754738395
7.622303522915,0.005167759832051798
7.623316887416,0.005145124783274022
7.624326125826,0.0052330021682808646
7.625352906276,0.005187662500454018
7.626371581349,0.005190940885148297
7.627393121636,0.005111668916871218
7.628400866529,0.005103358773254447
7.629407434611,0.005074234617421499
7.63040859512,0.005110874825438254
7.631417277091,0.005083893368461385
7.632420994568,0.005119155069076976
7.633432001342,0.00510031521562192
7.63443954211,0.005065447929534273
7.635440528526,0.0051752807938904395
7.636463566262,0.005111573702863681
7.637474267631,0.005178782240260112
7.63849853966,0.0050914000468694955
7.639505845861,0.0050671763900829595
7.640508646303,0.0051927128149379135
7.641536618355,0.005147690899082803
7.642556036386,0.00506718101299168
7.643559768161,0.005082386431606174
7.644566796843,0.0024184846929826828
7.645046119042,0.0051237370630454575
7.646061817548,0.0051504444984660685
7.647083167699,0.00511272180156583
7.648097403346,0.005045810560128629
7.649098642292,0.005480593520375871
7.650186430367,0.005041765279846998
7.651187407186,0.00545764064340851
7.6522712799,0.005060886591576398
7.65327666915,0.005230853130614884
7.654316130121,0.005301531981122128
7.655369946848,0.005032447855120606
7.656370590183,0.005324223587831345
7.657429588042,0.005307834735453437
7.658485710634,0.005129200311905944
7.65950666004,0.0051628937423054
7.660534557272,0.005236239872721321
7.661577306219,0.005300402974160816
7.662633171375,0.005261403234979907
7.663681599804,0.005027039807852543
7.664683631587,0.0053384814439397
7.665748068154,0.005458696291002442
7.666836824359,0.005214962715878511
7.667877298845,0.005048253157573985
7.668884807551,0.0051421787142862455
7.669911371312,0.005088889325278876
7.670927623779,0.005077971569181255
7.671942019271,0.005271401198040701
7.672995387067,0.005022507359261437
7.673999326902,0.005308953095152702
7.675060787942,0.005133107344492946
7.676087179736,0.005044063955962865
7.677095851115,0.00507317940854631
7.678110647601,0.005164131512447935
7.679144017139,0.005218472617599751
7.680188539643,0.005234403606820833
7.681236518297,0.0051177796544976655
7.68226147605,0.005032970239411877
7.683269771039,0.004991267345056633
7.684270037155,0.005012036874505341
7.685274780662,0.005079467270688262
7.686293309842,0.0049905953265057465
7.687294301909,0.005084087211855512
7.688314383239,0.004999877986847375
7.689317898838,0.005156138093052905
7.690353087119,0.005091874839005777
7.691375709972,0.005008530535640663
7.692381912151,0.004998401659058346
7.69338635112,0.004979403570443634
7.694387270188,0.005097982991840646
7.69541234745,0.005131336815676671
7.696444458603,0.0012903217029009205
7.696704045418,0.005110331375039718
7.697732349772,0.004986583620848145
7.698736089814,0.005119581527330438
7.699766943687,0.005037825782226239
7.700781629854,0.004997517991818944
7.701788473104,0.0049743683262705
7.702790924592,0.0049638409852889144
7.703791550473,0.005070687984190892
7.704814048087,0.005007738494683509
7.70582414867,0.005070195415048672
7.706847134406,0.005015029724658499
7.707859312867,0.004968373573848866
7.708862380825,0.005060825683530741
7.709884392801,0.004962680456594917
7.710886877622,0.005066019887671427
7.71191056012,0.0050721868854726754
7.712935844019,0.005325032217906099
7.714012577942,0.005095418846803176
7.715043171141,0.0050632629208453165
7.716067563057,0.005054984037995305
7.717090569274,0.004970953253355598
7.718096857316,0.005025979692896682
7.719114590271,0.004957497848074721
7.72011875402,0.005076906606002922
7.721147417595,0.005042208203318588
7.722169382042,0.004979683605312256
7.723178956544,0.004945323180798661
7.724181852604,0.005230003535794296
7.725242864856,0.004945472559095336
7.726246468541,0.004938768733353114
7.727248987434,0.004958311238138379
7.728255794292,0.004929246114458674
7.729257007876,0.004925874009100258
7.730257819995,0.004991461580599861
7.731272247669,0.005068423010969441
7.732302628069,0.004994007739161929
7.733318201027,0.005023825033041956
7.734340197876,0.004931562155031812
7.735343761142,0.004997842947236839
7.736361112012,0.005199253956446064
7.737421261709,0.004985265058909356
7.738440108759,0.0030978419812686974
7.73907375481,0.004949171412276897
7.740086407667,0.004890073709794235
7.741087375789,0.004995612663488281
7.742110306167,0.00505819471301554
7.743146413941,0.0050194264281660595
7.744174919839,0.00519286691533527
7.745239283221,0.004957934165304148
7.746255803267,0.00498240217991529
7.747277669389,0.0049248675333644475
7.748288051473,0.004883032056257371
7.749290137378,0.004974558381688773
7.750311308283,0.004908308791051692
7.751319170832,0.004892609225229443
7.752324109505,0.004897262607118842
7.753330311982,0.004917049298996978
7.754340848481,0.004926722656797058
7.75535365836,0.004907580357450532
7.756362872404,0.004880247186235538
7.757366769249,0.0050312854268810495
7.758402039681,0.005111349615327547
7.759454123836,0.005006694139292321
7.760484959422,0.004920831205642617
7.761498404487,0.004935582761741123
7.762515232352,0.004902426475193001
7.763525523984,0.005172674712381447
7.764591763722,0.005274391479003493
7.76567929212,0.005093276674111973
7.766729815206,0.0049942978441831105
7.767760259408,0.005138465025300302
7.768820838107,0.005077220499253342
7.769869142054,0.005068074208493129
7.770915848582,0.004850858818457244
7.771917975816,0.004861677816058346
7.772922654515,0.005006168319488891
7.773957514414,0.005158849327781923
7.775024225075,0.004983389655856231
7.776054944864,0.00507855940961896
7.777105693301,0.005271741830411006
7.778196778491,0.005075403045005236
7.779247593593,0.004930312844131611
7.780268723571,0.004975784942256873
7.781299603726,0.0050708622810445156
7.782350511543,0.0049261897910534815
7.783371765716,0.00501999073923937
7.784412830445,0.005066196117110101
7.785463830871,0.004872018574629714
7.786474859982,0.004865727731041908
7.787484899,0.004914526662316352
7.788505391905,0.0048642817601554965
7.78951576539,0.005294025531365292
7.79061575789,0.004892910537468295
7.791632747249,0.0048607529903900515
7.792643324866,0.004859283133684907
7.793653921334,0.004839205955361732
7.794660745692,0.00481150674877652
7.795662132493,0.0011799008748664304
7.795907739495,0.004889475159735767
7.796925733059,0.004879541495615864
7.79794199483,0.00481729652734163
7.798945642522,0.004821729481078648
7.799950538255,0.004839440051984912
7.800959410915,0.004819369329313315
7.801964416366,0.004834952799039647
7.802973016561,0.004821305739641261
7.803979083665,0.004936628040646987
7.805009540107,0.004916388837618547
7.806036116731,0.004880025794871259
7.807055405399,0.004920769297998312
7.808083654805,0.0048052195581012695
7.809088106227,0.004819097045169613
7.810095658127,0.0048206977139786285
7.811103860169,0.004817440807489106
7.812111664391,0.004819024028649683
7.813120092678,0.004808018134453236
7.814126553089,0.00486793376234041
7.815145907927,0.004830373503870343
7.816157745739,0.00478388167449003
7.8171602214,0.004933408974993994
7.818194358197,0.004843043637916909
7.819209808456,0.0047813295810087975
7.820212625414,0.0049308046259410165
7.82124711547,0.0048402905419498024
7.82226291178,0.004778736329693616
7.823266071483,0.004928066869365159
7.824300914234,0.004837405358302164
7.825317058789,0.004775709015555369
7.826320561558,0.004925046098057663
7.827355758324,0.00483778748654292
7.828372918249,0.004868815521497644
7.829396911213,0.004805209970924218
7.830407845527,0.004845730212341396
7.831427655574,0.004810699926414817
7.83244041006,0.004791701566351845
7.833449440787,0.004780117960555153
7.834456338188,0.004755983705162249
7.835458497643,0.004755059022438412
7.836460768548,0.004771067190302211
7.83746669804,0.00476087689216269
7.838470791681,0.004744111532974837
7.839471685551,0.0048639323570351745
7.840498183436,0.0029010229925112594
7.841110563805,0.004815063858656771
7.842127225882,0.004774813980017264
7.843135682856,0.00492233003503589
7.84417561476,0.004893842282172606
7.845209862899,0.004892884165767447
7.846244230143,0.004736877167746783
7.847245921567,0.004744728446067163
7.848249608702,0.0048341272559079525
7.849272564469,0.0047596379667929085
7.850280042037,0.00474266788034167
7.851284198817,0.004741672313690112
7.85228846552,0.004732093014490156
7.853291049827,0.004866270453528404
7.854322395786,0.004838265551317799
7.855348104125,0.0048098330011400875
7.856368085672,0.004813708119125724
7.857389195502,0.004827364881712716
7.858413520505,0.004822708123816573
7.859437192949,0.004741048815110824
7.860443836723,0.004890462609425192
7.861482517308,0.004822341028527867
7.862507112701,0.004728324891891858
7.863512076834,0.004822734121449823
7.86453876411,0.00475079955240758
7.865552444283,0.0047295148281054624
7.86656267488,0.004760862732844417
7.867580104543,0.004697966068874296
7.868584462227,0.004682476013815478
7.869585842632,0.004681195174924068
7.870587329888,0.004788422472397241
7.871612073216,0.004764550332869269
7.872631941199,0.004742561771021779
7.873647408773,0.004692770916787563
7.874652536506,0.004766822084025401
7.875673804249,0.004833196282980489
7.876709615787,0.0046972158257980205
7.877716591688,0.0047523936297629195
7.878735677126,0.004704463281619969
7.879744774972,0.004895134283166242
7.880795090796,0.004754434194673716
7.881815552563,0.004799151362756067
7.88284593142,0.004660025477951858
7.883846743458,0.005029716156740599
7.884927324127,0.004794675669094869
7.885957791552,0.004698366975274408
7.886967953453,0.004648989178663162
7.887967953453,0.004646453118873723
7.888967953453,0.004643741085057961
7.889967953453,0.0046425008835279166
7.890967953453,0.004641708682024187
7.891967953453,0.004640011503196262
7.892967953453,0.004726401939412601
7.893986880816,0.004637266572796545
7.894986880816,0.004683110650928742
7.895997131275,0.004824238142306755
7.897038176037,0.0047754587321001685
7.898068980846,0.004588797788479841
7.899059821715,0.004856529673094909
7.900108823284,0.004771417788159661
7.901139723239,0.004862694924823278
7.902190649942,0.004724017321605666
7.90321192621,0.0047675826478561275
7.904242915775,0.004858845010267617
7.905293933157,0.004720513285249003
7.906315328759,0.004839707037784674
7.90736283421,0.004994942470496333
7.908444312457,0.004760931593912532
7.909475452574,0.004850279762183354
7.910526217282,0.004762218604307136
7.91155820317,0.004693192412521475
7.912575520498,0.004655620211586945
7.913584958505,0.00466181132110994
7.914596057187,0.004683295194933803
7.915612155436,0.004617028131076106
7.916614171284,0.004709146268397066
7.917636455738,0.0047692175336979704
7.918672097402,0.004686892104979112
7.91969019485,0.004649353416532396
7.920700406984,0.00465558841948959
7.921712279617,0.004676976279870258
7.922729156075,0.004610784849088069
7.923731937648,0.004671927923557867
7.924748318518,0.004658403924446125
7.925762064825,0.004840364981675894
7.926815725444,0.004719770461221404
7.927843477787,0.004626196984473137
7.928851152964,0.004710982286336749
7.929877641856,0.004656276708071008
7.930892541234,0.004681498730747407
7.931913209366,0.004742326610342745
7.93294748258,0.004700120674743591
7.933972874991,0.004664127834603547
7.934990729174,0.004632340937899415
7.936001999665,0.004602757943918812
7.937007162689,0.0047155163109859925
7.938037297622,0.0046477237855856775
7.939052958676,0.004658675152492442
7.94007136101,0.004617186287549834
7.941081053491,0.00474044387051516
7.942118179554,0.004689460728703361
7.943144564179,0.004653822926508362
7.944163402666,0.004579950484172841
7.945166353806,0.004656285834692045
7.946186326337,0.004705709998286236
7.947217458623,0.004598705011956355
7.948225485388,0.004604839031461215
7.949235174961,0.004586822892158866
7.950241230902,0.0010291508754549233
7.950467002073,0.004687957835742456
7.951495640749,0.004658743243277767
7.952518247151,0.004657717139578102
7.953540959775,0.004640455885470289
7.954560191543,0.004552583721364914
7.955560447803,0.0045615941816865915
7.956562995755,0.004685364524820576
7.957593075244,0.004572773722024363
7.95859876576,0.004580418607050836
7.959606467441,0.004560459312113583
7.960610084262,0.004576632261925493
7.961617583252,0.00460955739529597
7.96263264112,0.004541205058089131
7.963632982661,0.004650194212664296
7.964657710496,0.004662314280635331
7.965685477481,0.004565510442386883
7.966692252933,0.004664938387248974
7.967721338256,0.004729171486889912
7.968765022548,0.004727782141913483
7.96980882528,0.0046594318904232155
7.970837948371,0.0046594213162063055
7.971867504828,0.004637711249309627
7.972892695689,0.0046363574383579366
7.97391799793,0.0046171085991047476
7.974939450257,0.004615819162092888
7.975961012894,0.004598320237637364
7.976979082373,0.004597025882629961
7.977997260216,0.004581142542550151
7.97901230281,0.004580034638929726
7.9800274512,0.0046479160388674555
7.98105800136,0.0046265862339067935
7.982084178991,0.00462549247189032
7.98311046847,0.004606549613042329
7.984132904438,0.00460547436446829
7.985155451197,0.004588095914448554
7.986174504632,0.004503262312614491
7.987175086237,0.004597515788687998
7.988196955648,0.004614574468976719
7.989222967693,0.004509934562317399
7.990226080829,0.004625496145963213
7.991255236901,0.0045317895549870065
7.992263854245,0.004547500395730855
7.993276325922,0.004621435843425928
7.99430707695,0.004738458762556948
7.995366382737,0.004517423429816174
7.996377287753,0.004580681088711751
7.997402879964,0.004559473758187565
7.998424253329,0.00449870059551197
7.999432469546,0.0033942559329676577
8.000193436333,0.004568313082446695
8.001217987013,0.004516798953865668
8.002231329237,0.004560163426178098
8.00325472583,0.004480590795698704
8.00426065055,0.004538046925670882
8.005279827727,0.0046061595282035185
8.006314715319,0.004575347342304362
8.007343048489,0.004577959107092059
8.008372233482,0.004581515190654746
8.009402581963,0.004448261660847835
8.01040333371,0.004464959706985843
8.011408145134,0.004485244190511551
8.012417803136,0.004619178592879248
8.013457957472,0.004551202893440157
8.014483185772,0.00454135508321545
8.015506534579,0.004643734315391364
8.01655325932,0.004670944710127287
8.017606480436,0.004458203584777895
8.018612128384,0.00456452043471485
8.019642078886,0.004443750303046537
8.020645063048,0.004543002304566529
8.021670775742,0.004866862246080333
8.022769931953,0.004624651816929109
8.023814742374,0.004514504353959102
8.024835055126,0.00444915331287609
8.025840929253,0.004524174344533033
8.026864044579,0.0045295120447824255
8.02788864116,0.0046579560235226695
8.028942654231,0.004433206579789982
8.029946141955,0.004508409309380859
8.030966940479,0.004425273107715718
8.031969301987,0.004452270306223161
8.032978129236,0.004436158868860931
8.03398351817,0.004488802047914032
8.035001124344,0.0044876649942186975
8.03601883448,0.004475638045887518
8.037034111873,0.004474866533415924
8.038049493113,0.004460957451988798
8.039062077547,0.004459803849521218
8.040074764916,0.004478369530806193
8.041091980176,0.0044516676402120755
8.04210348039,0.004455619309674226
8.043116238195,0.004444566830126052
8.044126803064,0.0044436079658771045
8.045137470972,0.0044933828340629626
8.046159766963,0.004446578922739529
8.047171703166,0.0044355792810585075
8.048181313762,0.0044258325315060885
8.049188729374,0.0010636050986754736
8.049430834209,0.004472961915037967
8.050449156412,0.004506572137406984
8.051475433869,0.004493113342709734
8.052499034483,0.004492031763345
8.053522740768,0.00448029652210663
8.054544011679,0.004446070539290155
8.055557763367,0.004427825478412507
8.056567746472,0.004477508656919134
8.057589331191,0.004493644519323536
8.058614894719,0.004473258608048828
8.059636203975,0.004449229116273914
8.060652424662,0.004422586481830956
8.061662823311,0.004396511726351901
8.062667501401,0.004526993177994926
8.063702317242,0.004402986305388431
8.064709020535,0.004445532155509248
8.065725637653,0.004421591780579113
8.066736908969,0.00439391477502151
8.067742106697,0.00452453236215956
8.068777453631,0.004400888600289078
8.069784675097,0.00443896988296264
8.070800899256,0.004391356483121178
8.07180651349,0.0043966327417095845
8.072813641279,0.004444400452293383
8.073831992309,0.004409424749495007
8.074842648012,0.004413764875935419
8.07585468516,0.0043734996107586445
8.076857649975,0.0045472680595946705
8.077900762465,0.004461415555791387
8.0789245385,0.004386063603064767
8.079931301487,0.004514834072907419
8.080967932139,0.004390918500027077
8.081976416677,0.0044324377938747056
8.082994869407,0.004425367408667583
8.084012131927,0.00443826310036979
8.085033178472,0.004412018229845871
8.086049265455,0.004388005100045269
8.087060631724,0.004444738223717602
8.088085724801,0.00435626402762433
8.089090795605,0.004350236618378016
8.090094853127,0.004359605198158048
8.091102505981,0.00435277492831568
8.092110641893,0.0026242249012802437
8.09271902073,0.004364391678661366
8.093731321189,0.004382838756462381
8.094748371078,0.004324337096621375
8.095752263016,0.004360088828613854
8.09676499745,0.004330670257949901
8.097771169456,0.004310940111072931
8.098773118099,0.004362130884150695
8.099787537879,0.004387475579771082
8.100808247937,0.004298006726828638
8.101808632377,0.004317692890281389
8.102814139515,0.004359036317724741
8.103830143281,0.004297929662325016
8.104833055891,0.004295139999315691
8.105835795405,0.004330156926318347
8.106846890948,0.004362368960090491
8.107865741933,0.004305716145324883
8.108871635254,0.004295767569291305
8.109875476971,0.004302487463670978
8.110881080386,0.0043421616417912414
8.111896205277,0.004470568056666623
8.112941668137,0.004350653764152209
8.113959407207,0.0042863365875110415
8.114962308352,0.0043086259059711765
8.115970764296,0.004413567625991943
8.117004151561,0.004417266453223705
8.118038612595,0.004404362293316897
8.119070332204,0.0043692266356825365
8.120094144276,0.004282249640500117
8.121097933215,0.004556302342706384
8.122166183661,0.004437422329247663
8.123206759787,0.004328982150455249
8.124222181441,0.004379556535364103
8.125249655373,0.004370318902489298
8.126275157505,0.004311515147532169
8.127287146529,0.004434180967620386
8.128328232909,0.004264427164383485
8.129329706141,0.004564135160820538
8.130401876218,0.004419342365227492
8.131440423941,0.004287660591567777
8.132448311881,0.002421218409746722
8.13301762595,0.004408358745993923
8.134054284957,0.004450112471348561
8.135101166831,0.0045032625573087825
8.136161122392,0.004537479110209716
8.137229336074,0.004411745670490955
8.138268190482,0.004281037717095419
8.139276541069,0.004330047464615036
8.140296727211,0.004279240863747417
8.141305214376,0.004407445751200204
8.142344255449,0.004240272661390929
8.14334430066,0.004452154737648292
8.144394932191,0.004525756156558099
8.14546370353,0.004398907814244651
8.1465029302,0.0042489454834949815
8.147506721186,0.004530045608591535
8.148576918262,0.004434360643733142
8.149624654504,0.004234556895204487
8.150625416135,0.004249090374980792
8.151629923172,0.004456620269494741
8.15268419393,0.004263186507171415
8.153693541029,0.004389536359439282
8.154733153186,0.004261438885443876
8.155742645682,0.004239973969709128
8.156747333763,0.0044153992950015965
8.157793892756,0.004309806448808938
8.158815770778,0.004300076080876897
8.159835594414,0.004289654517466434
8.160853094512,0.004273053065318594
8.161866841033,0.0042822494758455185
8.162882989689,0.004302205840391277
8.163904180818,0.004269282833572592
8.164917851925,0.004239404083371957
8.165924732464,0.004283739936027259
8.16694295803,0.004243875187805265
8.167952374878,0.004395909912590287
8.168998015082,0.004492569209743862
8.170066561287,0.004287522291963099
8.171086511424,0.0042205057788140665
8.172091128382,0.004293482924455041
8.173113658009,0.004355513232709061
8.174151529775,0.004265176270183627
8.175168551146,0.0042889399309740985
8.176191302225,0.004194681345673811
8.177191546625,0.004245780362791011
8.178204278756,0.004225645271298786
8.179212571323,0.0042068647280379045
8.180216914893,0.004201525956836864
8.181220753933,0.004241696973417122
8.182234776739,0.004284939924032815
8.183259442645,0.004223323009967986
8.184268698795,0.004245944764170532
8.185278827471,0.004244281927368747
8.186290719934,0.001841423246165114
8.186732849372,0.0041935732420145975
8.187740471711,0.004275276142522802
8.188767872027,0.004210161595431274
8.189779849963,0.004221601706387361
8.190794213031,0.004165690122791494
8.191795044883,0.004309569919960432
8.192830773281,0.004207201843059358
8.193842931787,0.004170809404978887
8.194847383595,0.004184714872434373
8.195855908015,0.004178929718127297
8.19686343804,0.004163262825570939
8.197867579423,0.004191220903533087
8.19887901139,0.004226154395222896
8.199899421546,0.004224552019112018
8.200919831702,0.004157252270605183
8.201924529914,0.004160283933072006
8.202930821079,0.00036170178533001106
8.20301835627,0.00030780526237634675
8.20309287505,0.00020779903284684714
8.203143199147,0.0004898474526613796
8.203261832297,0.0008406308369176772
8.203465397437,0.0015027109935014662
8.203829122782,0.002413066910258965
8.204413271113,0.003113547911898236
8.205167717171,0.0033791766560301137
8.205987791076,0.003115315271345052
8.206744908358,0.002840642578118088
8.207435116871,0.0029377502262115307
8.208148441,0.0030498309216533074
8.20888917983,0.003618821915044422
8.209768341901,0.0034759820827970946
8.210612447917,0.003927669722543076
8.21156630176,0.004139617085352087
8.212572386784,0.004146311007162057
8.213580694322,0.004187262152253209
8.214599564766,0.002744922763694278
8.215267906552,0.0025125840172258106
8.215880043259,0.00314195983319262
8.216645975058,0.003386939807190628
8.217472321673,0.0027169101991516825
8.218135592563,0.004106668491455782
8.219137893741,0.0027642726095940444
8.219812053043,0.0008774700277007532
8.220026120935,0.0034056194124464398
8.220859473371,0.001617826768574143
8.221256476879,0.003969082273276009
8.222231039492,0.004089192843063795
8.223234976914,0.0014603057535170717
8.223593478879,0.0021858892081038145
8.224130311927,0.00044809367186610354
8.224240395923,0.001255742132050481
8.224548926081,0.0018255429809773934
8.22499751138,0.001470316939182249
8.225358893461,0.0014058984844726016
8.225704570575,0.0013256349841168442
8.226030605868,0.00042784344978142447
8.226135836819,0.002548177972473938
8.226762413967,0.0012116927761872357
8.227060310039,0.003561255088518481
8.227936494208,0.0012619734015498355
8.228247258741,0.0009771230922037753
8.228487944799,0.00408493291710118
8.22949461118,0.0026911590633586805
8.230158124138,0.0040863176279469764
8.231165846695,0.001784221580465635
8.231605918252,0.004068819067612346
8.23260967874,0.0011470887209519636
8.23289270589,0.002703173495716869
8.233559745466,0.003453232655541156
8.234411989054,0.0017859224130252467
8.234852724956,0.002041940530303497
8.235356658944,0.002604664951184269
8.235999621778,0.0031653774212342762
8.236781009386,0.0034767248707577364
8.237639243948,0.0026034280032017723
8.238282033474,0.0013594105362060948
8.238617742283,0.0029485685330068495
8.239346065694,0.0019741082142840827
8.23983373562,0.0028615203588853834
8.240540757902,0.0034386704959919537
8.241390574053,0.0006110570079221974
8.241541594867,0.0011715313252093494
8.241831186701,0.0003219624004779365
8.241910789588,0.0023164676728700526
8.242483604581,0.003270363145238773
8.243292286786,0.0017140759268154655
8.243716188221,0.004071089617861782
8.244723326894,0.0024537946522391113
8.245330531447,0.00241472145234727
8.245928263568,0.004064911637988486
8.246934704691,0.00188239385792992
8.247400837664,0.004055665098354252
8.248405358089,0.0025212343556875144
8.249029997022,0.0035024888954415245
8.249898036804,0.0030473346152651336
8.250653517749,0.003852858900819093
8.251608913314,0.0022122151926459717
8.252157619068,0.001894957412665546
8.25262773071,0.003673314579231108
8.253539128489,0.003146284397731449
8.254319911296,0.004030598841468439
8.255320588243,0.002762267795302141
8.25600658741,0.0024457051455875835
8.256614017344,0.002182870702566769
8.257156261754,0.0017284021815719053
8.257585685604,0.004055876917549171
8.25859349669,0.0031542409779761202
8.259377453466,0.0015224303890995694
8.25975593879,0.0020389461472131772
8.260262928473,0.003003475909737348
8.261009852594,0.004226435841702536
8.262060873593,0.00406328099962626
8.263071207855,0.0037701802755072344
8.264008845939,0.003668018289924995
8.264921218057,0.0025935055010969077
8.265566266894,0.0021111452098799464
8.266091451667,0.002717127811903449
8.266767463349,0.002713791381579341
8.267442607605,0.00311521563171672
8.26821810028,0.000875512047454359
8.268436196691,0.0017992322570008856
8.268884448959,0.003473116074678648
8.269749881885,0.0028321585761442018
8.270455782303,0.0040533921540709525
8.271466366144,0.0013621794538741243
8.271806059511,0.0030849271897745454
8.272575521501,0.001576484887243462
8.272968805463,0.004026773952417133
8.273973724329,0.004032637934745732
8.274980492026,0.0011123876712256717
8.275258220357,0.0036997937818247246
8.276182061449,0.004025186086371334
8.277187461296,0.004026116439211273
8.278193370503,0.0020568351615534853
8.278707372766,0.001823866481564866
8.279163346108,0.0027431882395548713
8.279849408347,0.00281945514508294
8.280554708866,0.003573150172411098
8.281448856923,0.0020748380004227854
8.281968256458,0.00182586489723033
8.282425432381,0.002041184930444489
8.282936605019,0.0010022715647180383
8.283187626794,0.001586942248654721
8.28358509214,0.0011965570558840678
8.283884791832,0.0014778905148676077
8.284254971218,0.0017510666573956517
8.284693611766,0.0038774719976165037
8.285665304401,0.002158061326595454
8.28620637392,0.0009160936876011157
8.286436113034,0.003989448040143398
8.287436959348,0.004144065265854036
8.288477194945,0.004000464174736481
8.289482101449,0.003989080632667383
8.290485139626,0.0025686942044559308
8.291131560829,0.004029820642791968
8.292146230294,0.003556095335841503
8.293042155394,0.003487616311770057
8.293921530765,0.0016170507271881327
8.294329394713,0.003973022316210486
8.295331546258,0.003980575145389299
8.296335996848,0.003585337549776849
8.297241044484,0.003715050705461992
8.298179195901,0.002738392536598299
8.298870960339,0.0023356685123679193
8.29946104988,0.00247606043232866
8.300086663128,0.0006369231757155661
8.300247621129,0.002107020370372069
8.300780078868,0.000274266716736348
8.300849384094,0.004028919748106672
8.301867541711,0.0015620157327721606
8.302262340372,0.0011119956739072947
8.302543440085,0.0015217414541205101
8.302928177473,0.003027049185584524
8.303693451062,0.003630210001879605
8.304611364856,0.0017259562582018397
8.30504793289,0.00223974192353338
8.305614526674,0.002343287583033299
8.306207373854,0.0026630247715925446
8.306881225302,0.0027180680435079417
8.307569217912,0.002573556432281972
8.308220888801,0.0017110558792180989
8.308654301999,0.0037069428078963166
8.309593587419,0.0026626655749063884
8.310268533635,0.002250163962954461
8.310839077992,0.0018318056603352406
8.31130364106,0.00123174087966816
8.31161607958,0.003092783268869428
8.312400705131,0.0009110254043947851
8.312631855821,0.0007684577808127825
8.312826851421,0.002312553149757779
8.313413758056,0.00204628700976547
8.313933149991,0.0030077789334766168
8.314696867831,0.002715806360860767
8.315386917108,0.0010552077311181795
8.315655141644,0.0010513918927802762
8.315922458829,0.0030783970815050307
8.316705494503,0.0015192016359981935
8.31709210111,0.0033198359559038805
8.317937171544,0.003182726552376461
8.318747552801,0.0019916899414706007
8.319254814705,0.0025564124215530634
8.319906078279,0.0024874904408860427
8.320539894496,0.0018434140404940055
8.321009672256,0.002549269244783905
8.32165944564,0.000850369034871599
8.321876217763,0.0031719747625423038
8.322684863836,0.003925771948347803
8.323685866462,0.003937754889702695
8.324690184026,0.001883102239038882
8.325170558209,0.000589742462006886
8.325321016065,0.0017049389316441629
8.325756048411,0.0026072700551917154
8.326421395629,0.0016292293746841342
8.32683718247,0.0025762636679182395
8.327494788782,0.00394101248735173
8.328501141593,0.0039464107261912304
8.329509374024,0.003939924436345842
8.330516551408,0.003906242206093309
8.331515444991,0.003929542145079498
8.332520381767,0.0033228008571923127
8.333370480053,0.0025628301717479443
8.334026439176,0.002829765651743837
8.334750877204,0.0010519358431933508
8.335020209113,0.0015337064581728752
8.335412929673,0.001142875097886844
8.335705612468,5.189542017684188e-06
8.3357069416,5.189538100744829e-06
8.335708270732,6.227752915168692e-06
8.335709865691,7.472905601572405e-06
8.335711779642,7.4732879385145015e-06
8.335713693592,7.472889359777522e-06
8.335715607543,7.473271706765469e-06
8.335717521493,7.4728731432637065e-06
8.335719435444,7.473255488477197e-06
8.335721349394,8.967505435886098e-06
8.335723646135,8.967884225261222e-06
8.335725942875,8.967482120265449e-06
8.335728239616,1.0744798553173684e-05
8.335730991507,1.291333677589442e-05
8.335734298814,1.2913312700946118e-05
8.33573760612,1.2913288661433278e-05
8.335740913427,1.5496070908163976e-05
8.335744882194,1.549603644092163e-05
8.335748850962,1.8577394083323532e-05
8.335753608989,1.8594914835209464e-05
8.33575837151,2.2313832961077626e-05
8.335764086536,2.231415299609016e-05
8.335769801561,2.231369249274732e-05
8.335775516587,2.677633907205236e-05
8.335782374618,3.213186595341092e-05
8.335790604254,3.855750517333e-05
8.335800479819,3.8557693285590825e-05
8.335810355383,3.855710274887816e-05
8.335820230947,3.855729531933423e-05
8.335830106511,5.8270512457238715e-05
8.335845031317,5.257614268320037e-05
8.335858497724,5.250278267697608e-05
8.33587194536,7.882087765800434e-05
8.335892134176,3.1062293266421444e-05
8.335900090415,1.4363371926324133e-05
8.335903769432,1.4363346830755835e-05
8.335907448449,2.1913523398841447e-05
8.335913061263,3.299803687421242e-05
8.33592151337,2.544854586927985e-05
8.335928031838,2.139680195518908e-05
8.335933512414,3.21825535438474e-05
8.335941755735,4.829019723572975e-05
8.335954124949,7.266201132169548e-05
8.33597273692,4.3542655550932614e-05
8.335983890196,2.8868516161061912e-05
8.33599128482,4.331899891284788e-05
8.336002380912,4.3316061929090325e-05
8.336013476273,4.324949342998379e-05
8.336024554711,3.5311839815348694e-05
8.336033599939,3.53120993228852e-05
8.336042645166,3.465728660560845e-05
8.336051522753,3.4656772895647346e-05
8.33606040034,5.203821932699218e-05
8.336073730232,7.807849160598801e-05
8.336093730615,4.510164748150595e-05
8.336105283775,4.006867393118618e-05
8.336115547806,4.0068520180243474e-05
8.336125811837,6.033945314667631e-05
8.33614126853,5.434140205292911e-05
8.336155188804,5.434112457127693e-05
8.336169109077,8.176080515635433e-05
8.336190053484,8.176016570047896e-05
8.33621099789,0.00011091254563744165
8.336239410518,7.859823637464827e-05
8.33625954529,5.4402160013908006e-05
8.336273481774,5.4401836658820813e-05
8.336287418259,4.912980511473169e-05
8.336300004264,2.947774985894254e-05
8.336307555867,2.9477647943472194e-05
8.336315107471,4.468117888269708e-05
8.336326553989,3.536378941299012e-05
8.336335613554,2.1217964313811247e-05
8.336341049294,2.1217907120017072e-05
8.336346485033,3.229145286704662e-05
8.33635475765,4.843340627740679e-05
8.336367165578,2.1805858869799122e-05
8.33637275203,1.3521676431559508e-05
8.336376216065,1.2371330156831762e-05
8.336379385532,1.236896687115519e-05
8.336382554345,1.858034313150475e-05
8.336387314375,1.857990387242743e-05
8.336392074405,1.477333033800491e-05
8.336395859169,1.3368494090172625e-05
8.336399284061,1.3368468119306827e-05
8.336402708954,2.0627804358878034e-05
8.336407993702,3.0940221559583104e-05
8.336415920425,4.6664356512495644e-05
8.336427875578,7.013250896126915e-05
8.336445843449,2.8005868607885034e-05
8.336453018533,1.1946493822972308e-05
8.336456079206,1.8168915293273082e-05
8.336460734139,2.7248002995531324e-05
8.336467715098,4.088777820157034e-05
8.336478190737,6.154893609020562e-05
8.336493959861,6.146828271023673e-05
8.336509708576,1.8131980343550082e-05
8.336514354241,1.5005599783207232e-05
8.336518198816,2.3132809323281225e-05
8.33652412568,3.4710945555352154e-05
8.336533019066,5.209725209129696e-05
8.336546367164,6.751875532662731e-05
8.336563666676,5.063845260325582e-05
8.33657664131,3.0383015823935614e-05
8.33658442609,3.0382857478851163e-05
8.33659221087,2.8474613971974063e-05
8.33659950675,2.136240702296447e-05
8.336604980424,2.1362719851503767e-05
8.336610454098,2.1362642685466237e-05
8.336615927771,2.1362175566156173e-05
8.336621401445,2.563521226960693e-05
8.336627969853,3.0761329820916014e-05
8.336635851943,3.691417025068173e-05
8.336645310451,4.4249020302668634e-05
8.336656648615,5.3155309594481956e-05
8.336670268866,1.2756926349830646e-05
8.336673537727,1.2757290862312571e-05
8.336676806587,1.944126747212775e-05
8.336681788182,2.9365506025980176e-05
8.336689312813,4.413620849826426e-05
8.336700622322,3.351553456096443e-05
8.336709210389,2.1824168944409918e-05
8.336714802718,1.309454535426543e-05
8.336718158115,1.3094519958183025e-05
8.336721513512,1.9859102275803817e-05
8.336726602278,2.9787765354978973e-05
8.336734235266,4.468062935122093e-05
8.336745684604,4.02163452719925e-05
8.336755990008,4.021612112873367e-05
8.336766295411,6.0817032955826514e-05
8.336781879924,3.563809544434639e-05
8.336791012301,2.7363765674119606e-05
8.336798024404,3.0506224646976272e-05
8.336805841833,2.2879785020294875e-05
8.336811704905,1.7159697354880746e-05
8.336816102209,1.2869846052793445e-05
8.336819400187,9.65237081139439e-06
8.33682187367,7.239172853553586e-06
8.336823728783,7.239166266495483e-06
8.336825583895,7.239159709798901e-06
8.336827439008,7.239153158809825e-06
8.33682929412,7.239146639956728e-06
8.336831149233,7.23914012960494e-06
8.336833004345,7.239523858288334e-06
8.336834859458,8.686873767321527e-06
8.336837085591,8.68686447681222e-06
8.336839311726,8.687245432835442e-06
8.336841537861,8.68645574010856e-06
8.336843763874,8.686836761352408e-06
8.336845990009,1.042450417030918e-05
8.336848661371,1.042410077860418e-05
8.336851332733,1.0424477868376338e-05
8.336854004095,1.250904400845952e-05
8.336857209729,1.5011140243263538e-05
8.336861056491,1.5011113370887933e-05
8.336864903252,1.5010696408734081e-05
8.336868750013,1.801303471135326e-05
8.336873366127,1.8012996616743375e-05
8.336877982241,1.801334894545716e-05
8.336882598354,2.1615422721060086e-05
8.33688813769,2.161536883554781e-05
8.336893677027,2.5938528075325592e-05
8.33690032423,3.1126366989535366e-05
8.336908300875,3.735095037181792e-05
8.336917872848,4.482140428723923e-05
8.336929359216,5.373357555463114e-05
8.336943129576,6.454161330441933e-05
8.336959669945,6.454156764456611e-05
8.336976210315,2.2305613318107697e-05
8.336981926667,2.2305172474896325e-05
8.336987643018,2.0086435427681857e-05
8.336992790719,2.0086395110935605e-05
8.336997938419,3.0583905743038454e-05
8.33700577638,4.587842043180147e-05
8.337017534138,6.901801669261322e-05
8.337035222136,0.00010358944188693339
8.337061770287,6.308023853288001e-05
8.33707793677,4.561235108897806e-05
8.337089626569,4.56121851613021e-05
8.337101316367,6.901496184599997e-05
8.337119004098,6.901460910691816e-05
8.337136691829,0.00010374816978126707
8.337163281546,8.845089424361661e-05
8.337185950834,7.668577797732685e-05
8.337205604948,0.00011426960292496863
8.337234891676,4.037425015014467e-05
8.337245239535,3.537604751957908e-05
8.337254306277,5.328278553375841e-05
8.337267962582,4.81015367698818e-05
8.337280290972,4.8101359763661217e-05
8.337292619362,4.36072579410873e-05
8.337303796013,4.360749410298599e-05
8.337314972663,6.573106774919917e-05
8.337331819782,5.2031024455908026e-05
8.337345155559,5.203038942233216e-05
8.337358491337,7.820799290030143e-05
8.337378536617,0.0001173551215375499
8.337408615943,8.643501135300592e-05
8.337430770336,4.6303638581001974e-05
8.337442638561,4.170050105393674e-05
8.337453327107,4.1700698080020185e-05
8.337464015652,4.1700112448067903e-05
8.337474704198,4.1699914892203536e-05
8.337485392743,4.170010572462766e-05
8.337496081289,6.174766906376521e-05
8.337511908572,4.861856985214939e-05
8.337524370732,4.38536581221541e-05
8.337535611461,4.385304338398764e-05
8.33754685219,3.989539658711039e-05
8.337557078476,3.989521091882025e-05
8.337567304762,3.48683164266709e-05
8.337576242635,3.486856535899531e-05
8.337585180509,3.486842462753077e-05
8.337594118382,5.28651162427191e-05
8.337607669488,4.762635391684752e-05
8.337619877782,4.762609580131348e-05
8.337632086075,4.315752643330146e-05
8.337643149019,4.315770708778757e-05
8.337654211963,3.920299625340237e-05
8.337664261308,3.920321522322454e-05
8.337674310652,5.917236949820239e-05
8.33768947908,5.917198328114421e-05
8.337704647508,2.1444892070040524e-05
8.337710144808,2.1444841545959424e-05
8.337715642108,3.226371642873597e-05
8.337723912822,4.835615611195859e-05
8.337736308813,3.620609436071e-05
8.3377455902,3.6205950475889336e-05
8.337754871587,3.2762488876214544e-05
8.337763270316,3.2762370788456554e-05
8.337771669045,2.9783941738659127e-05
8.337779304186,2.9774091704855095e-05
8.337786936872,4.385601650151139e-05
8.337798179626,2.9606893754474462e-05
8.337805769524,4.463894007411046e-05
8.337817213014,6.68536485946994e-05
8.337834351459,6.685276128861777e-05
8.337851489904,3.1889306870840546e-05
8.337859665091,2.5553648140792678e-05
8.337866216106,3.839352833799433e-05
8.337876058769,3.469200418435322e-05
8.33788495256,3.468485136111719e-05
8.337893844629,4.2140046699616945e-05
8.337904647935,3.163114172128468e-05
8.337912757081,2.372289638046205e-05
8.337918838941,1.7775165581873952e-05
8.337923395884,8.006419892551475e-06
8.337925448512,8.00641318539755e-06
8.33792750114,1.2395377963050034e-05
8.337930678907,1.000818926535388e-05
8.337933244692,1.0008178919337402e-05
8.337935810477,1.0008168643489311e-05
8.337938376261,1.000776834602976e-05
8.337940942046,1.0008148229661531e-05
8.33794350783,1.2009920539622928e-05
8.337946586771,1.200951602142586e-05
8.337949665713,1.2009891719728653e-05
8.337952744654,1.2009487404181104e-05
8.337955823596,1.2009473274563089e-05
8.337958902537,1.4411817517234155e-05
8.337962597267,1.4411407514884496e-05
8.337966291997,1.7293897063271507e-05
8.337970725672,1.7293479060652955e-05
8.337975159348,1.7293841590214698e-05
8.337979593023,2.0752418261930103e-05
8.337984913434,2.0752380189843387e-05
8.337990233845,2.0752733047237217e-05
8.337995554256,2.4902451835147527e-05
8.338001938749,2.9883344014585863e-05
8.33800960014,3.585999990485367e-05
8.33801879381,4.30020774489172e-05
8.33802981857,4.2969579417644806e-05
8.338040835136,4.298662793239286e-05
8.338051856047,3.222907839031632e-05
8.338060118908,1.9332583929551282e-05
8.33806507544,1.9332955183284475e-05
8.338070031973,1.933254734020318e-05
8.338074988505,2.9218969871640357e-05
8.338082479744,2.9219325451807088e-05
8.338089970982,3.764343924416296e-05
8.338099622129,4.5172382507754726e-05
8.338111203505,4.472261322928963e-05
8.338122669631,3.387941626453126e-05
8.338131355663,3.387900695776386e-05
8.338140041696,4.8738783848624524e-05
8.338152537494,4.8785957412580525e-05
8.33816504538,2.927141082972282e-05
8.338172550112,2.9271406632094128e-05
8.338180054844,3.658974146540066e-05
8.338189435758,2.7441718432187053e-05
8.338196471445,2.0581677546685944e-05
8.338201748209,1.543625742739795e-05
8.338205705782,1.1577192648417509e-05
8.338208673962,8.675288436363124e-06
8.338210898175,6.5121217750338176e-06
8.338212567777,4.884091249591785e-06
8.338213819978,3.662873365897634e-06
8.338214759128,3.6632633686120523e-06
8.338215698279,3.6628732777525545e-06
8.33821663743,3.6632632731898406e-06
8.338217576581,3.662873183829592e-06
8.338218515731,3.66326318082116e-06
8.338219454882,3.662873084972235e-06
8.338220394033,3.6632630735345484e-06
8.338221333183,4.395759604867614e-06
8.338222460164,4.395369474921345e-06
8.338223587145,4.395759440908996e-06
8.338224714126,4.395759342928323e-06
8.338225841107,4.395759256490021e-06
8.338226968088,5.274910977360726e-06
8.338228320465,5.274520788467119e-06
8.338229672842,5.274910673884257e-06
8.338231025219,5.274910510958154e-06
8.338232377596,5.2749103359850985e-06
8.338233729973,5.274910152046541e-06
8.33823508235,6.329579891905679e-06
8.338236705202,6.329969633188825e-06
8.338238328055,6.3295792819680715e-06
8.338239950907,6.329968979799659e-06
8.33824157376,6.329578591117463e-06
8.338243196612,6.3299682424003325e-06
8.338244819465,7.595649326115096e-06
8.338246766887,7.595648708917417e-06
8.33824871431,9.114855560687003e-06
8.338251051218,9.114854513324211e-06
8.338253388125,9.11485338199779e-06
8.338255725033,9.11485216318876e-06
8.33825806194,1.093789885769985e-05
8.338260866229,1.093789678418559e-05
8.338263670518,1.3125629155627765e-05
8.338267035665,1.575020413666262e-05
8.338271073841,1.5750588373058418e-05
8.338275112018,1.5750581937843847e-05
8.338279150194,1.134039908728705e-05
8.338282057681,1.1340395188204972e-05
8.338284965167,1.7335682365531686e-05
8.338289409838,2.6027294699215897e-05
8.338296082812,3.262047020723503e-05
8.338304446244,3.919215388782107e-05
8.338314494518,4.70302234406865e-05
8.338326552448,3.386209892682295e-05
8.338335234157,3.386161445792302e-05
8.338343915866,3.386150876912381e-05
8.338352597575,5.0856584170183515e-05
8.338365636696,5.085081145111506e-05
8.338378674392,4.5882320723325805e-05
8.338390438346,4.588239311107094e-05
8.3384022023,4.5880484156576004e-05
8.33841396594,6.826695264834842e-05
8.338431469477,6.826560972681457e-05
8.338448973013,6.826495651908426e-05
8.33846647655,6.826344139806237e-05
8.338483980087,3.631503916175398e-05
8.338493291782,3.151627777962217e-05
8.338501373077,4.7889112207540746e-05
8.338513652823,4.798129017126487e-05
8.338525956333,3.598583134767558e-05
8.338535183965,2.69888360397717e-05
8.338542104689,2.023944042871303e-05
8.338547294702,1.518106131231306e-05
8.338551187609,1.1385848866007634e-05
8.33855410729,1.1385810478065818e-05
8.33855702697,1.138577194864473e-05
8.338559946651,1.3662719313821901e-05
8.338563450268,1.3662663436928415e-05
8.338566953884,1.6395044133983924e-05
8.338571158224,1.639535308933024e-05
8.338575362564,1.1804338786218178e-05
8.338578389689,1.1804296612454054e-05
8.338581416814,1.8165923115863385e-05
8.338586075316,2.7242262581198166e-05
8.338593061427,4.079531590407647e-05
8.33860352317,4.89534789614906e-05
8.338616077262,5.874314371130577e-05
8.338631142173,5.860096223296885e-05
8.338646170909,5.075247347374678e-05
8.338659186992,5.075172583683797e-05
8.338672203075,5.0750990599969606e-05
8.338685219157,7.640021817878713e-05
8.338704813894,5.785033429803408e-05
8.338719651287,3.470610788327482e-05
8.338728552813,2.0823512670429838e-05
8.338733893729,2.0823399789017603e-05
8.338739234645,3.181951815238266e-05
8.338747395912,3.181926179095722e-05
8.338755557178,3.181861943037984e-05
8.338763718444,4.750991819174463e-05
8.338775904435,4.750898913004392e-05
8.338788090269,4.75037838656253e-05
8.338800275023,7.137888831625478e-05
8.338818583915,5.738096733478302e-05
8.338833302527,3.8038387034325925e-05
8.338843059679,3.8037690018870874e-05
8.33885281683,5.7753980863419804e-05
8.338867631485,5.775291326865882e-05
8.338882446139,1.9982150967450915e-05
8.338887571921,1.9982071424207697e-05
8.338892697702,1.833027858011794e-05
8.338897399792,1.8330212541219815e-05
8.338902101881,2.634306059206028e-05
8.338908859503,1.9757207300702467e-05
8.33891392772,1.4818051075859617e-05
8.338917728882,1.111351067592917e-05
8.338920579753,8.33482514225946e-06
8.338922717907,8.335201726650487e-06
8.338924856061,8.33479869148514e-06
8.338926994215,8.33517534093978e-06
8.338929132369,1.0002037131233223e-05
8.338931698153,1.200218579211708e-05
8.338934777094,1.2002158730391483e-05
8.338937856036,1.2002521598774909e-05
8.338940934977,1.2002104914468282e-05
8.338944013919,1.200246795047177e-05
8.33894709286,1.2002051457381133e-05
8.338950171802,1.200202484926935e-05
8.338953250743,1.4402862625094245e-05
8.338956945473,1.4402434790352707e-05
8.338960640202,1.4402396908018307e-05
8.338964334932,1.4402748973613663e-05
8.338968029662,1.4402321542789052e-05
8.338971724391,1.728297027744042e-05
8.338976158067,1.7282526731536946e-05
8.338980591743,2.0739663094456055e-05
8.338985912154,2.0739196570744622e-05
8.338991232564,2.073912017498591e-05
8.338996552975,2.48869218049751e-05
8.339002937468,2.4886812811700025e-05
8.339009321961,2.488670427702524e-05
8.339015706454,2.4886206415455578e-05
8.339022090947,2.986377346592718e-05
8.339029752338,3.583640273169724e-05
8.339038946008,2.0371265257414102e-05
8.339044172213,9.842980629537423e-06
8.339046697357,9.842574185019407e-06
8.339049222501,1.4873945283934409e-05
8.339053038446,2.230753381638807e-05
8.339058761428,3.3385913444013076e-05
8.339067326564,3.337325133276652e-05
8.339075888618,5.0157749007889024e-05
8.339088756814,5.013549895735071e-05
8.339101619389,3.7575037999852246e-05
8.339111259646,2.623952861333601e-06
8.33911193279,2.447774801919364e-07
8.339111995634,5.515288434783197e-07
8.339112137103,1.2425962365415976e-06
8.339112455939,2.068914365794853e-06
8.339112986732,3.3087803504893606e-06
8.33911383556,4.964141515718137e-06
8.339115109221,7.446984055810575e-06
8.339117019833,1.1169679100424602e-05
8.339119885453,1.695423652872733e-05
8.339124235323,1.6946392977386756e-05
8.339128583064,0.0039000957584178417
8.34012952908,0.003914986261087743
8.341134820741,0.003919288885935219
8.342141565599,0.003949002818420747
8.343156399619,0.003892539987548957
8.344157164596,0.0038892409487108286
8.345157410762,0.003912427030273513
8.346164047482,0.00391406936729609
8.347171422445,0.003910148592720139
8.348178181303,0.003932630743797543
8.349191283867,0.003923604210134171
