-0.34462761827,5.237957190248048e-07
-0.343626301376,2.2490140447203834e-06
-0.342619596326,4.364117824838332e-06
-0.341575222688,5.422379728012909e-06
-0.340537423828,5.811575908743147e-06
-0.339499624968,5.976098056979583e-06
-0.338461826107,6.085608573742322e-06
-0.337424027247,6.1401306214468276e-06
-0.336386228387,6.078445738830026e-06
-0.335367744417,6.269784630383922e-06
-0.334327744417,6.33410629556402e-06
-0.333287744417,6.407660912140828e-06
-0.332247744417,6.487861725232498e-06
-0.331207744417,6.571376326540116e-06
-0.330167744417,6.65708828231121e-06
-0.329127744417,6.7438959822718755e-06
-0.328087744417,6.831332514989916e-06
-0.327047744417,6.920082693047451e-06
-0.326007744417,7.010647614198639e-06
-0.324967744417,7.102922596129355e-06
-0.323927744417,7.19690612634111e-06
-0.322887744417,7.292695249885535e-06
-0.321847744417,7.390383887402277e-06
-0.320807744417,7.489950272863818e-06
-0.319767744417,7.591617428638484e-06
-0.318727744417,7.697837965256863e-06
-0.317687744417,7.813356731848245e-06
-0.316647744417,7.938769724465069e-06
-0.315607744417,8.070344178407473e-06
-0.314567744417,8.205919348499296e-06
-0.313527744417,8.34553456681764e-06
-0.312487744417,8.490706416817396e-06
-0.311447744417,8.640612897153828e-06
-0.310407744417,8.794068289727972e-06
-0.309367744417,8.951374087698452e-06
-0.308327744417,9.111516713907606e-06
-0.307287744417,9.274304540979387e-06
-0.306247744417,9.440185164057294e-06
-0.305207744417,9.608848603262831e-06
-0.304167744417,9.77976742855467e-06
-0.303127744417,9.95228124962935e-06
-0.302087744417,1.012640280621829e-05
-0.301047744417,1.0303042048448354e-05
-0.300007744417,1.0482666086700501e-05
-0.298967744417,1.06649094969046e-05
-0.297927744417,1.0849453897482873e-05
-0.296887744417,1.103757708038172e-05
-0.295847744417,1.1230590559462854e-05
-0.294807744417,1.142724965902645e-05
-0.293767744417,1.1625724741852809e-05
-0.292727744417,1.1825616263258932e-05
-0.291687744417,1.2027109360663058e-05
-0.290647744417,1.2230651762647745e-05
-0.289607744417,1.2436220192506143e-05
-0.288567744417,1.2644051316585475e-05
-0.287527744417,1.2856136020829334e-05
-0.286487744417,1.3073640981884329e-05
-0.285447744417,1.329570569373055e-05
-0.284407744417,6.212276069391009e-06
-0.283927744417,1.3626123061513697e-05
-0.282887744417,1.3855308649466617e-05
-0.281847744417,1.408705832763527e-05
-0.280807744417,1.4321759743502043e-05
-0.279767744417,1.456021559723838e-05
-0.278727744417,1.4803536652841432e-05
-0.277687744417,1.5052253011597526e-05
-0.276647744417,1.5305854439088598e-05
-0.275607744417,1.5566527914092012e-05
-0.274567744417,1.5835056701153653e-05
-0.273527744417,1.6106137518715224e-05
-0.272487744417,1.6375501481097105e-05
-0.271447744417,1.664306418404903e-05
-0.270407744417,1.6909827036522525e-05
-0.269367744417,1.7176087383133352e-05
-0.268327744417,1.7442231050257506e-05
-0.267287744417,1.7708209935635452e-05
-0.266247744417,1.7974421690334155e-05
-0.265207744417,1.8241912910283586e-05
-0.264167744417,1.8510834170789122e-05
-0.263127744417,1.878125472156727e-05
-0.262087744417,1.9053757986775873e-05
-0.261047744417,1.933052993666862e-05
-0.260007744417,1.961894775584976e-05
-0.258967744417,1.9922767778232772e-05
-0.257927744417,2.023676141193063e-05
-0.256887744417,2.0556803295475756e-05
-0.255847744417,2.088166802978441e-05
-0.254807744417,2.1210356948691232e-05
-0.253767744417,2.1542346234906683e-05
-0.252727744417,2.18777697380555e-05
-0.251687744417,2.221668261953964e-05
-0.250647744417,2.255771012459365e-05
-0.249607744417,2.2900027326661178e-05
-0.248567744417,2.3243976587674838e-05
-0.247527744417,2.358919449224419e-05
-0.246487744417,2.3936580818149357e-05
-0.245447744417,2.428634445124241e-05
-0.244407744417,2.4637135982059714e-05
-0.243367744417,2.498805531784461e-05
-0.242327744417,2.533889748572729e-05
-0.241287744417,2.569041703397628e-05
-0.240247744417,2.604254664180545e-05
-0.239207744417,2.6394710817407408e-05
-0.238167744417,2.6745274894044098e-05
-0.237127744417,2.7092121063798137e-05
-0.236087744417,2.7435829227797333e-05
-0.235047744417,2.7777906815983444e-05
-0.234007744417,2.811775007203988e-05
-0.232967744417,2.845343504395686e-05
-0.231927744417,2.8783868869343114e-05
-0.230887744417,2.9109886349131327e-05
-0.229847744417,2.9436114878778474e-05
-0.228807744417,2.976878344442182e-05
-0.227767744417,3.010908511975021e-05
-0.226727744417,3.0453156999267514e-05
-0.225687744417,3.079677901741457e-05
-0.224647744417,3.1139231537319544e-05
-0.223607744417,3.148780074738136e-05
-0.222567744417,2.436890229674801e-06
-0.222487744417,3.188356611483897e-05
-0.221447744417,3.2249703144115546e-05
-0.220407744417,3.2594039924183744e-05
-0.219367744417,3.292889444472477e-05
-0.218327744417,3.326347937206694e-05
-0.217287744417,3.359877047456911e-05
-0.216247744417,3.393479619726629e-05
-0.215207744417,3.427355265336534e-05
-0.214167744417,3.461452629595051e-05
-0.213127744417,3.495606371181011e-05
-0.212087744417,3.530090796631213e-05
-0.211047744417,3.565064705121555e-05
-0.210007744417,3.6002441701632354e-05
-0.208967744417,3.6353732582694644e-05
-0.207927744417,3.670596866979378e-05
-0.206887744417,3.706293920001114e-05
-0.205847744417,3.742403687522132e-05
-0.204807744417,3.778452900650215e-05
-0.203767744417,3.814334550571398e-05
-0.202727744417,3.850435138281299e-05
-0.201687744417,3.887138479137158e-05
-0.200647744417,3.924769343309844e-05
-0.199607744417,3.963740714021362e-05
-0.198567744417,4.0041644113043445e-05
-0.197527744417,4.04564715916461e-05
-0.196487744417,4.0883631749549735e-05
-0.195447744417,4.133935606048637e-05
-0.194407744417,4.182883894215256e-05
-0.193367744417,4.2341029770752656e-05
-0.192327744417,4.287159090398269e-05
-0.191287744417,4.3421722925897635e-05
-0.190247744417,4.399034641847301e-05
-0.189207744417,4.457811269967165e-05
-0.188167744417,4.518827210771627e-05
-0.187127744417,4.582040736575483e-05
-0.186087744417,4.647293776576823e-05
-0.185047744417,4.714491536570806e-05
-0.184007744417,4.783434453127554e-05
-0.182967744417,4.853996079690544e-05
-0.181927744417,4.926193265070371e-05
-0.180887744417,1.9142174850789796e-05
-0.180487744417,5.028937284470408e-05
-0.179447744417,5.105410371060174e-05
-0.178407744417,5.183928190111909e-05
-0.177367744417,5.2647578686273284e-05
-0.176327744417,5.3499680441700994e-05
-0.175287744417,5.439763500022669e-05
-0.174247744417,5.530448901702571e-05
-0.173207744417,5.620942110184651e-05
-0.172167744417,5.7125927318828706e-05
-0.171127744417,5.806012883122242e-05
-0.170087744417,5.9015248741117334e-05
-0.169047744417,5.9997082577266593e-05
-0.168007744417,6.1010190598375665e-05
-0.166967744417,6.205287510611158e-05
-0.165927744417,6.312341364027191e-05
-0.164887744417,6.421732719018091e-05
-0.163847744417,6.533109298567264e-05
-0.162807744417,6.64684371582326e-05
-0.161767744417,6.763125110295041e-05
-0.160727744417,6.881686877238204e-05
-0.159687744417,7.002702854811096e-05
-0.158647744417,7.126497061500238e-05
-0.157607744417,7.253367861803018e-05
-0.156567744417,7.384177955608803e-05
-0.155527744417,7.52015886800224e-05
-0.154487744417,7.662304088641302e-05
-0.153447744417,7.810304936805852e-05
-0.152407744417,7.963663026376962e-05
-0.151367744417,8.122087441215064e-05
-0.150327744417,8.083374413281905e-05
-0.149312832703,7.437963212021887e-05
-0.148397020284,8.557704514289857e-05
-0.147391750068,9.043017031395815e-05
-0.146384175906,9.446860412208706e-05
-0.145376230618,9.862282545225125e-05
-0.144369870183,8.728429996134871e-05
-0.14349707319,0.00010165901126618957
-0.142466849655,0.00010063916759574195
-0.14143628893,0.00010064530248581856
-0.14042165182,0.00010604044083500692
-0.13938165182,0.00010606305949691899
-0.13836569976,0.00010795271162616263
-0.137356785223,0.00011208750011022969
-0.136336887662,0.00011850108142725935
-0.135272343952,0.00011748777510218867
-0.134231256705,0.00011761792921711795
-0.133200531527,0.00011711957308787601
-0.132180902908,0.00012624840190090907
-0.131102838698,0.00012507999626298083
-0.130062838698,0.0001279077100456921
-0.129022838698,0.0001255811947276286
-0.128016824012,0.0001309397766091613
-0.126981461833,0.0001341078230336592
-0.125941461833,0.000137181772577994
-0.124901461833,0.00014034058180641777
-0.123861461833,0.00014372897491294495
-0.122821461833,7.877222406096257e-05
-0.122261461833,0.0001505592453778696
-0.121208227259,0.00015330261588358173
-0.120159698849,0.0001587348365408947
-0.11910033387,0.0001573067996349098
-0.118075435973,0.00015912177168527874
-0.117061893726,0.00016704421006847868
-0.116021893726,0.00017114609315345555
-0.114981893726,0.0001755926010952527
-0.113941893726,0.00018028359322656953
-0.112901893726,0.00018510057902842124
-0.111861893726,0.0001900727162161864
-0.110821893726,0.0001952487089137719
-0.109781893726,0.00019802811281847727
-0.108755138178,0.0002024216131984823
-0.10773626702,0.00022114315555269503
-0.106660126661,0.00022634216662329113
-0.105597598246,0.0002218565988142082
-0.104588689804,0.0002272170408540115
-0.103580811055,0.00023558610524755707
-0.102560004271,0.00023806882557449196
-0.101553661627,0.00024595406196228247
-0.100544826347,0.00025810597416239995
-0.099535991067,0.0002533018635750422
-0.098596030408,0.00028034161916420307
-0.097593724425,0.0002986849415610269
-0.096542149144,0.00028719462291223856
-0.095534464014,0.00029172998460307237
-0.094526778883,0.0002996925135476191
-0.093519093753,0.0003089255997451108
-0.092511408622,0.0003222965577855418
-0.09148694375,0.0003316754696453446
-0.090456407448,0.00033254092311024784
-0.089451326906,0.00034382131743905205
-0.088444238874,0.0003715577227573641
-0.087395240715,0.0003855853961313918
-0.0863465053,0.0003173471846084618
-0.085510800206,0.0003970149511441825
-0.084494313459,0.00042028174115124015
-0.083466029085,0.0004390278855165733
-0.08244919217,0.00045493389241498667
-0.081434360151,0.0004674350113995372
-0.080411369787,0.00047365177186168655
-0.079391494755,0.0004873018194150772
-0.078371619723,0.0005043528639478039
-0.077351744691,0.0002299806063493528
-0.076898466899,0.0005330872621608743
-0.075871828003,0.0005570846421489741
-0.074831828003,0.0005766447261371523
-0.073791828003,0.0005990609215888837
-0.072751828003,0.0006227749546512873
-0.071711828003,0.0006475885958269038
-0.070671828003,0.0006737146277106523
-0.069631828003,0.0007010560511225949
-0.068591828003,0.0007296243468680164
-0.067551828003,0.0007595212708334247
-0.066511828003,0.0007908564496400655
-0.065471828003,0.0005028462820234723
-0.064831828003,0.0008447648294652811
-0.063791828003,0.0008806765873268627
-0.062751828003,0.0009186944795969495
-0.061711828003,0.0009587761986849534
-0.060671828003,0.0010011248493077727
-0.059631828003,0.0010460441060357007
-0.058591828003,0.0010938956135856596
-0.057551828003,0.0011451030138743463
-0.056511828003,0.0011998930623973718
-0.055471828003,0.0012583909953932148
-0.054431828003,0.0013205018356527768
-0.053391828003,0.0013860449064676175
-0.052351828003,0.0014553561883419762
-0.051311828003,0.001517439128683916
-0.050279600875,0.0015988060836198297
-0.049245031222,0.001752071260032157
-0.048169752591,0.0018007284187639917
-0.047123773567,0.00189027979619715
-0.046083773567,0.0019205292306947082
-0.045080973341,0.0021575750398513194
-0.044011299186,0.002215855683815764
-0.042971299186,0.0007073101534702408
-0.042651299186,0.002385047612135289
-0.041611299186,0.0025197418986195796
-0.040571299186,0.002662304119981665
-0.039531299186,0.0028163592722633677
-0.038491299186,0.002982397702397287
-0.037451299186,0.001193587437059493
-0.037051299186,0.0032340440248143677
-0.036011299186,0.0034332041747588624
-0.034971299186,0.003647452588570768
-0.033931299186,0.003876715123694682
-0.032891299186,0.004123024868095444
-0.031851299186,0.004390313617924197
-0.030811299186,0.0024819696739910814
-0.030251299186,0.004847672263752503
-0.029211299186,0.005180075004062202
-0.028171299186,0.005545471119199636
-0.027131299186,0.004537004412376281
-0.026331299186,0.006288560267139493
-0.025291299186,0.006564563985365277
-0.024281835358,0.007163926260716301
-0.023257591096,0.007929827003824488
-0.022200769851,0.005097139005759516
-0.021560769851,0.008868242349434396
-0.020520769851,0.00964497372315554
-0.019480769851,0.008850562192529613
-0.018600769851,0.011409773910574343
-0.017560769851,0.01255232799703537
-0.016520769851,0.00515554044755703
-0.016120769851,0.014379649151678428
-0.015080769851,0.015942933555750403
-0.014040769851,0.007945064910657974
-0.013560769851,0.0186961522021258
-0.012520769851,0.018548982779352064
-0.011594743593,0.022852428544326637
-0.010574743593,0.01135311141753407
-0.010109743593,0.02775414828257958
-0.0090747624174,0.005196275194041995
-0.0088947624174,0.02904136459011801
-0.0079610124174,0.034604956262009566
-0.0069822624174,0.032767971909733025
-0.0061638288994,0.03169396773533387
-0.0054550788994,0.030642309084952902
-0.0048349226494,0.02868961360082792
-0.0043033601494,0.02885037377495971
-0.0038097663994,0.026208026564396372
-0.0033921101494,0.025666625183466775
-0.0030076765556,0.023071795832501484
-0.0026801960869,0.022054595089740444
-0.0023811921806,0.020496654529571025
-0.0021142244072,0.018235106569154075
-0.001884632122,0.01685541494994911
-0.001678399517,0.015599729626830901
-0.0014921894951,0.01387542186475382
-0.0013300065727,0.01268546612027347
-0.0011843422813,0.011552222416397012
-0.0010536949272,0.010493068701635732
-0.0009365628166,0.008975813150015291
-0.00083745103071,0.008337745223969729
-0.00074622313688,0.007314157257429588
-0.00066682108114,0.006579591531127127
-0.0005958660526,0.005789744650670721
-0.00053378040264,0.005164535960644927
-0.00047866355012,0.002501331186416254
-0.00045205541442,0.0008155561168607168
-0.00044339169287,0.0010081979109987532
-0.00043268951893,0.001491509420649014
-0.00041687278128,0.0020525627365040235
-0.00039513696253,0.0035240115731072813
-0.00035789984158,0.0019390121193249008
-0.00033745336778,0.001437844413844827
-0.00032231074644,0.0001240227958965159
-0.00032100527965,0.0012832844003087406
-0.00030750496993,0.0013457438326479338
-0.00029336102178,0.001225903024873187
-0.00028048828696,0.0013306006991547642
-0.00026652867838,0.0009750403806556466
-0.00025630746686,0.0008861712198058354
-0.0002470238337,0.00031689496823728995
-0.00024370531546,0.0007741813124064339
-0.00023560108269,0.000885885403607592
-0.00022633271685,0.0007787653213489228
-0.00021818948968,0.0008923011733883197
-0.00020886421939,0.0007650663802743186
-0.00020087292399,0.0007558610497391005
-0.00019298163461,0.0008156444273788746
-0.00018447043752,0.0006709453728245544
-0.00017747236214,0.0008273707438101233
-0.00016884692562,0.0010074668112996764
-0.00015834977216,0.000751768423533015
-0.0001505210835,0.0008047784195753708
-0.00014214426323,0.0008600433210693937
-0.00013319671912,0.0010204559107621436
-0.00012258607676,0.0010543675155471272
-0.00011162949809,0.0010506126834667513
-0.00010071846713,0.0009679991062954037
-9.0671209344e-05,5.981806087716917e-05
-9.0050543349e-05,0.0008211442368011701
-8.1532037134e-05,0.0007985185970644131
-7.3251881046e-05,0.0007587110590643647
-6.5387890732e-05,0.0006941571616646321
-5.8195828375e-05,0.0006600921178975186
-5.1359094769e-05,0.0006091034144140071
-4.5052624198e-05,0.0005934586782731419
-3.8910038881e-05,0.0005863421713837334
-3.2842882269e-05,0.0005527450881245139
-2.712514728e-05,0.0005022231389601308
-2.1931275862e-05,0.000502107413716324
-1.673995238e-05,0.0005007616407119173
-1.1563869484e-05,0.0004846063658279561
-6.5559664162e-06,0.00048586295409456154
-1.5362945708e-06,0.0004405082341397005
3.0138079706e-06,0.0003985327272323908
7.1294729131e-06,0.00041295312273851984
1.1393319291e-05,0.00041099900226571214
1.563606687e-05,0.00040925627778722734
1.9860108949e-05,1.6017224827134204e-05
2.0025397552e-05,0.0009171379500640394
2.94788932e-05,0.0014752026477243452
4.4661540198e-05,0.0016403112320015796
6.1532177082e-05,0.0016704268111342184
7.8700945818e-05,0.001720138671470802
9.6368642236e-05,0.001708231812601296
0.00011390254192,0.0016901953175690258
0.00013124048485,0.00166407322593311
0.00014830056393,0.001659155682796475
0.00016530103551,0.0016360989450614864
0.0001820565819,0.0016809462621207025
0.00019926323608,0.0017172466760011465
0.00021683331327,0.0017062588563669498
0.00023428346721,0.0018233928013154813
0.00025292414567,0.0017832257793902765
0.00027114724358,0.00188535077504483
0.00029040732096,0.0020013794744613957
0.00031084611508,0.0018540009834428065
0.00032977450312,0.0021044508297578582
0.00035125459379,0.0022450698808201583
0.00037416485736,0.002049123981920426
0.00039507196208,0.002333818122867656
0.00041888079012,0.0025207395771218084
0.0004445943244,0.00271433211098165
0.00047228176029,0.002536378168610012
0.00049815495614,0.0028836187517108616
0.00052757355787,0.003068556166097169
0.00055888534537,0.00329636940084053
0.00059253232535,0.00351997521559191
0.0006284782125,0.0035245338939807135
0.00066449245576,0.003531027936036476
0.00070060032333,0.0038741775399149833
0.0007402550099,0.004146107327034827
0.00078274535546,0.004453936349960617
0.00082846176046,0.004806239272819651
0.00087789158436,0.005035101605366297
0.00092980131543,0.005338910273871067
0.0009850065406,0.005591799127481151
0.0010430338564,0.0070487789397122285
0.0011165306549,0.007695453609237294
0.0011972848439,0.00801522007386799
0.0012820575473,0.008052265652655686
0.0013680112932,0.009357120009131404
0.0014690547594,0.009930556649300312
0.0015778859391,0.010296003419446385
0.0016927547392,0.011394553734588161
0.0018226931882,0.011680246970663425
0.0019594122304,0.012271379697729077
0.0021073702384,0.011784835214871442
0.0022539410504,0.011451935522059193
0.0024005118623,0.011201927890561219
0.0025470826743,0.011096287969014292
0.0026936534862,0.013079978912180159
0.0028642987729,0.014307634314943082
0.0030426222225,0.015556079713897029
0.0032209456721,0.017501221282128977
0.0033992691217,0.020228597360727525
0.0035775925713,0.02380797516996275
0.0037559160209,0.028271369262490652
0.0039342394705,0.03469929652161155
0.0041179569751,0.04684366654301263
0.0043247501145,0.057607075556560056
0.0045372414715,0.06776429600520122
0.0047497328284,0.07802044367852091
0.0049622241853,0.08109052530482627
0.0051589855616,0.11453849981205036
0.005409559138,0.11324526101957844
0.0056362740374,0.11451243335291209
0.0058514044296,0.1373980027513957
0.0060970012865,0.14622194053382936
0.0063485210426,0.15019690413370032
0.006600586146,0.15199633447812141
0.0068526512494,0.15133039255852604
0.0071034139329,0.1502265347412233
0.0073542865901,0.14906799604606216
0.0076065861543,0.14668123529410323
0.0078590571677,0.14337637389655206
0.0081102441952,0.14038936608161456
0.0083604390036,0.1396366878304001
0.0086134997751,0.13785785804675219
0.0088673887231,0.13610610933830208
0.0091220009678,0.1332323311453325
0.0093750334404,0.13086338636422185
0.0096271752907,0.13008539623325657
0.0098814194779,0.12617580955717272
0.010131553377,0.1256280453434759
0.010383960319,0.12424083786525782
0.010636367261,0.12302295100240832
0.010888774204,0.12195226930042523
0.011141181146,0.1212832702560122
0.011393588088,0.12078729847229118
0.01164599503,0.11939389254543038
0.011896411254,0.12059572799093664
0.012149601588,0.12068425585081692
0.012402791922,0.12068034081192484
0.012655982256,0.12073141721530167
0.01290917259,0.12106636393900641
0.013162362924,0.12146080235292739
0.013415553259,0.12172347298274737
0.013668743593,0.12200811849589326
0.013921933927,0.12244418692845001
0.014175124261,0.12289428030009036
0.014428314595,0.12308026229347052
0.014681504929,0.12309123916662634
0.014934695263,0.1233076617241995
0.015187885597,0.12367915900512634
0.015441075931,0.1238575698579005
0.015694266265,0.12386595211471431
0.015947456599,0.12765357229904334
0.01620812944,0.12620252264455134
0.01646524862,0.12634646637917255
0.0167223678,0.12624760291161258
0.01697948698,0.126239658604277
0.017236606159,0.1264568062477929
0.017493725339,0.1266868819615836
0.017750844519,0.12681022808388656
0.018007963699,0.12693536364426733
0.018265082879,0.1271662888273308
0.018522202059,0.12747903698437188
0.018779321239,0.1277499410006752
0.019036440419,0.12799611951406192
0.019293559599,0.12837435268158012
0.019550678778,0.12890795763361615
0.019807797958,0.12949694297366118
0.020064917138,0.13006868179095962
0.020322036318,0.13055806138964862
0.020579155498,0.1309366419833322
0.020836274678,0.13133754256762808
0.021093393858,0.13190144170329116
0.021350513038,0.13259650672991427
0.021607632218,0.1333462741570241
0.021864751397,0.1341197703494058
0.022121870577,0.13479599795273625
0.022378989757,0.1352387043232799
0.022636108937,0.1355384443611424
0.022893228117,0.135897474042042
0.023150347297,0.13643370720385503
0.023407466477,0.13716578681470334
0.023664585657,0.137992192372784
0.023921704837,0.13871999098626736
0.024178824016,0.13918880867568556
0.024435943196,0.13717453593414444
0.024688929563,0.13641667234753435
0.024940279976,0.04321705741401677
0.025019857108,0.5471935751705407
0.026020887515,0.5593632683860877
0.02703460622,0.5666777624697452
0.02805123552,0.5717936910155864
0.029062655133,0.5810497128320907
0.030074074745,0.5858119173122399
0.031075852417,0.292034023406162
0.03156881645,0.6003016075258332
0.032571436558,0.6045995391455959
0.033572867525,0.6151268099972008
0.034584338762,0.6189632356840984
0.035594304504,0.618753737820929
0.036601171343,0.6186295622123367
0.037607369454,0.6362217247006292
0.038643132641,0.6141325662535961
0.039643192269,0.6297351121135417
0.040665258823,0.63480514177478
0.041687325378,0.6414073106399069
0.042709391933,0.6490096321199131
0.043734650529,0.6545480569099089
0.044762948833,0.6611724495739414
0.045797340646,0.6482888769767635
0.046808828146,0.658010740851953
0.047829268898,0.6543987203692534
0.048839696101,0.6620647058800598
0.049864707991,0.6557398243788987
0.050875610663,0.6786868604628397
0.051917846275,0.6594461418214582
0.052933840738,0.657258318239411
0.053943350728,0.6734352384065633
0.054974777378,0.6731343735284154
0.05600831588,0.6631622319219799
0.057024494254,0.6836142072544328
0.058067610405,0.6658938265859031
0.059082548973,0.6630755466246073
0.060093040933,0.681378720846924
0.061130150828,0.6931608963471806
0.06218506191,0.6702305109919205
0.063203864441,0.6627539807432307
0.064206215077,0.6879306499457265
0.065244140974,0.6628807036110892
0.066245802477,0.6741210691976313
0.067264149841,0.6673525819211839
0.068270770805,0.6884534633928865
0.069310506667,0.6672444415937696
0.070319205732,0.6883564003450264
0.071356681217,0.7139091277781016
0.072429118084,0.6769209532931598
0.073443615324,0.6709931134959843
0.07444646983,0.6835033407609056
0.075466705589,0.6773724614591556
0.076478568887,0.6905798702006738
0.077508327487,0.6748307277810055
0.078509778137,0.6817958327091119
0.079517944334,0.7149091812485168
0.080573161195,0.6851494409777431
0.081581241195,0.7263535161654944
0.082644429675,0.6860557461848988
0.083644677609,0.6919303987182199
0.084651890069,0.704878152438104
0.08567808928,0.6870940104395471
0.086678409632,0.7065875450274754
0.08770705651,0.7218391421803171
0.088758119386,0.686339934742199
0.089758221572,0.1565040270411518
0.089986544372,0.7014766082652952
0.091009302035,0.7292045589073358
0.092071307199,0.7178786910798082
0.09311699354,0.6902031195014527
0.094122290037,0.7035620770527979
0.095148553763,0.6869635469470835
0.096153208303,0.710019921776689
0.097190654935,0.6869200476317251
0.09819259035,0.6955048338551384
0.099208557469,0.7020069487039707
0.100237047469,0.7039172200184933
0.101269208356,0.6913074358502711
0.102281987675,0.6826190940099589
0.103282904611,0.6846663321694372
0.104289072803,0.6923069328258643
0.10530763961,0.6857608204640141
0.106316879962,0.6848694226366484
0.107325041148,0.6912066986308748
0.108341838279,0.6977938248049249
0.109368164722,0.6987720816665928
0.110396876102,0.6983261494660533
0.111424468043,0.6939187304061385
0.112444327699,0.6803952154266524
0.113445184803,0.6780571933800562
0.114446126374,0.6838348778709655
0.115458698015,0.6957012293526418
0.11648911819,0.6869366207477663
0.117506251567,0.6835325123113584
0.118521227834,0.6761861344232125
0.11952859016,0.688941275309663
0.120554829677,0.685730231776008
0.121575251487,0.6738497906888995
0.122579847927,0.6909664378852395
0.123613000864,0.6721485741532653
0.124619147801,0.6745652314168813
0.125629349683,0.6707811226078406
0.126636396383,0.6798467875990848
0.127658107807,0.6673910971472204
0.128661262772,0.6648143408619298
0.129663556825,0.6728518428410699
0.130681136666,0.6690819603338649
0.131696404822,0.6637369554257281
0.132707827687,0.6572269171230699
0.133715931934,0.6608601465646423
0.134736938065,0.6471159852556563
0.135739930299,0.652995580330615
0.136754487357,0.6435990009063939
0.137758399957,0.6582746387215075
0.138788138572,0.6378231419248429
0.139788711061,0.6353842861710741
0.14078888625,0.644545712635173
0.141807757009,0.6369434285983101
0.142818176551,0.6297473747769552
0.143820549058,0.6272811986743171
0.144824376585,0.6270877347390275
0.145830826163,0.6285605069541603
0.146841518554,0.6233067900789324
0.147846724329,0.6215367103681928
0.14885278243,0.6202929279327374
0.149861088286,0.6139757252095387
0.150862801778,0.6143500499480326
0.151869189551,0.6182604703713032
0.152884674229,0.6175284536315863
0.153902578594,0.6115111825871735
0.154914454424,0.6062196315143268
0.155920437559,0.6054365297168142
0.156928618328,0.29974187919402123
0.15742868591,0.6055301914067307
0.158440359056,0.5958944573690081
0.159440366456,0.5945468892137284
0.160444403459,0.5930871770714038
0.161448648454,0.5933743905785538
0.16245739234,0.45649782508442643
0.163237975997,0.5696583453850534
0.164217431367,0.583530352299441
0.165224274466,0.5320556330813302
0.166144396107,0.580387914727781
0.167152801511,0.48848723805336386
0.168002069492,0.5824830181812648
0.16901810443,0.5520003054929901
0.169982770634,0.576266279958418
0.170988925858,0.5766392298016296
0.171995081081,0.5762570436100085
0.173001236305,0.5726235040277161
0.174007618108,0.565512757518748
0.175008081571,0.5648293684719178
0.176008457527,0.5721161118787552
0.17702162447,0.48105804559862236
0.177873286881,0.505970137457281
0.178769259449,0.566106186276525
0.17977072118,0.47468647521559265
0.180611526767,0.49733620014741
0.181494119068,0.4977026365952608
0.18237671137,0.4979911114338742
0.183259303671,0.49646150538284145
0.184141895973,0.5612813919827669
0.185145966505,0.5610266436739741
0.186154874029,0.557804542114387
0.187163781552,0.39478607263208165
0.187880398975,0.4676566033476865
0.188731241035,0.4677147458228337
0.189584679647,0.5449694625324061
0.190584720327,0.41242341516612935
0.191345246923,0.33945279841681736
0.191976609559,0.4375170565009995
0.192798009489,0.22681067649745643
0.193226417363,0.4996938254737404
0.194180975621,0.34677049806154714
0.194851712101,0.2529381061095216
0.195345492484,0.5098237756045302
0.196346179946,0.41362621499715685
0.19716434592,0.5007346299385147
0.198165192543,0.4298108794264346
0.199030523436,0.34437497446015863
0.199730086185,0.26906571953100444
0.200278405124,0.3444482416213702
0.200985058615,0.45953352147495
0.201938022751,0.28766005009966716
0.20253915972,0.47530026083949833
0.2035458648,0.3741840199464075
0.204349980969,0.4663913496825744
0.205363111339,0.45541360962192734
0.2063654704,0.4524516128250289
0.20737281956,0.44869704181606335
0.208379013003,0.44831614672774567
0.209388399007,0.4461929567191635
0.210395480765,0.41374409056438355
0.211332793878,0.30180495854122413
0.212018727196,0.4394677531693646
0.213021496525,0.3360455508067009
0.213796071139,0.4125041482707492
0.214756461343,0.43148976296902886
0.215757696262,0.4332238471433853
0.216759670953,0.40402286632092627
0.217698028767,0.348827887123482
0.218511502122,0.4226840099397827
0.219502212384,0.17889456294113448
0.219923176955,0.4164315782651154
0.220905572528,0.3884846026559567
0.221826392235,0.2038432852742997
0.222312016494,0.21974092342428814
0.222836415957,0.37857351049301013
0.223741793654,0.4186221160014462
0.224742810765,0.3888920816851197
0.225669265226,0.16866370290695257
0.226069936436,0.4213739376657654
0.227072738629,0.15122258589460014
0.22743399929,0.4202821426474903
0.228439419549,0.13565823178744826
0.228764577607,0.2975426453376489
0.229477744947,0.31906194526611525
0.2302452764,0.19394545477827593
0.230713050747,0.2941826302054386
0.231423519753,0.3174032749233001
0.232191911787,0.1958551924987023
0.232664001006,0.33231145230989123
0.233463601957,0.31686118884110964
0.234225026286,0.4180304194180267
0.235229851518,0.2970496917772834
0.235946352975,0.29862807881138
0.236668300432,0.4164321996864933
0.23767827655,0.19619805478451874
0.238155523329,0.22248409184719892
0.238695017775,0.20211619925184382
0.239181940116,0.39475385951430264
0.240129910452,0.15604346886912923
0.240503690007,0.23998745831879037
0.241080146111,0.2197507265658809
0.241609073747,0.2779884463910526
0.242277060552,0.34993882350394323
0.243119012709,0.030736468363944724
0.243193064969,0.21852992784396366
0.243719592533,0.19012262976101021
0.244178702329,0.32209836698003147
0.244957082969,0.14740559054863983
0.245313331339,0.2683332427892257
0.245964370426,0.41426445926398375
0.24696978516,0.1914592318765158
0.24743304196,0.232579196694207
0.247993278384,0.05219839717779391
0.248118469063,0.35286152116949565
0.248965256261,0.15888453127235908
0.249346590586,0.2401334835064382
0.249922504164,0.20953966906047047
0.250426166156,0.1605701054147728
0.250812553058,0.3251982368128589
0.251595773489,0.13730762614733444
0.251927398961,0.303917399327495
0.25266105149,0.11854582009295453
0.252947132218,0.40446959535013305
0.253924246424,0.2573653807106102
0.254546555524,0.2570479324123437
0.255169654645,0.41423867194783354
0.256175129286,0.33544674893981713
0.256987756592,0.17404636509725432
0.257407346789,0.2639780677734884
0.258041138164,0.2240902265313572
0.258577598141,0.3171426885226478
0.259337041089,0.2515267828437222
0.259940081152,0.1428924811152234
0.260282293913,0.26704944744619064
0.26092305103,0.12707010039519942
0.261228739872,0.32422233819172974
0.26200889281,0.41939881876734525
0.263018993995,0.4178198012615271
0.264022365675,0.11109778287895668
0.264287691271,0.37209736406797855
0.265175079818,0.2857435719697497
0.265855960918,0.2597654591405293
0.266474793024,0.36983218121069467
0.267356791281,0.29571600950623644
0.26806339312,0.2543277261941195
0.268672454815,0.08531331288157844
0.268876739409,0.31673390338419016
0.26963642284,0.18531225132470602
0.270082248138,0.4155251451315963
0.271084417379,0.3805863448694367
0.272000147905,0.2804244716314752
0.272673829682,0.15267915651401529
0.273041293079,0.3509262200203192
0.27388628241,0.3432063697529678
0.274712128184,0.13428759308188162
0.275034900894,0.2749733209331172
0.275698576756,0.20867637928109836
0.276203581266,0.4128733476115271
0.277205165967,0.23617543401116156
0.277777799336,0.3351109965927623
0.278586862533,0.4156519495548144
0.279590748847,0.4183749431146985
0.280596694,0.4216324295527131
0.281603525582,0.4224748648061537
0.282610357164,0.42316237653004274
0.283617188746,0.4239078786017639
0.284624020328,0.42378609500908576
0.28563085191,0.4229553891110119
0.286637683492,0.4228330082485776
0.287644515074,0.4229297809541359
0.288651346656,0.4221042524981396
0.289658178238,0.37586153048387433
0.290557549466,0.42145851395883266
0.29156645699,0.4234882436799031
0.292575364513,0.42462299828958644
0.293584272037,0.4237589080606827
0.29459317956,0.42282355846227343
0.295602087083,0.3609913449604878
0.296466370017,0.21809580115377186
0.296989713364,0.3931310272138703
0.297929138747,0.3951728783763201
0.298868483645,0.3955963529570659
0.299807828543,0.39546948493728873
0.300747173441,0.39484836130019146
0.301686518338,0.3939938777732291
0.302625863236,0.39339440081324645
0.303565208134,0.3924155402712404
0.304504553032,0.309641436630479
0.305248433094,0.38556335574350853
0.306177098816,0.39359613604567273
0.307122478882,0.39618994081526576
0.308067858948,0.3968507324716551
0.309013239015,0.39613261480618345
0.309958619081,0.39558125999297644
0.310903999147,0.39440093633920803
0.311849379213,0.39345618146236594
0.312794759279,0.3932473011449033
0.313740139345,0.36527613800048286
0.314619569234,0.3278391597806764
0.315411366242,0.33807181050639984
0.316228581336,0.33990008099476193
0.31704579643,0.3415608558283288
0.317863011524,0.3416006712976813
0.318680226618,0.34119443714849174
0.319497441712,0.3408116741162522
0.320314656806,0.3406920038325665
0.3211318719,0.34041372370701234
0.321949086994,0.3398904336751703
0.322766302088,0.3395123157125769
0.323583517182,0.3390966909327141
0.324400732276,0.28545793106961886
0.325090264606,0.3372349668394617
0.3259074797,0.33778335650740315
0.326724690746,0.339875451168857
0.327541673605,0.3405169024222223
0.328358166927,0.33982694688873777
0.329174188944,0.33645153950030054
0.32998379256,0.2976950468992431
0.330702452072,0.33754219089244913
0.331519667166,0.338883259877385
0.33233688226,0.3408194025298139
0.333154097354,0.3410312788114619
0.333971312448,0.34018303997153115
0.334788527542,0.3393337811773982
0.335605742636,0.3391233106814107
0.33642295773,0.3388692961606433
0.337240172824,0.3388664544948497
0.338057387918,0.3388309073369825
0.338874603012,0.33834914047797554
0.339691818106,0.3381055113906918
0.3405090332,0.3380414093644234
0.341326248294,0.33741747091650054
0.342143463388,0.2650025934064402
0.342787242493,0.28771972884492003
0.343487872717,0.2884596518428347
0.344188502942,0.29039841498487035
0.344889133167,0.2914348053249566
0.345589763391,0.29154265915607885
0.346290393616,0.20701966298545302
0.346787841075,0.29150062446884106
0.3474884713,0.2913695311945936
0.348189101525,0.2911207445104097
0.348889731749,0.2909760734825509
0.349590361974,0.29083854272781395
0.350290992199,0.29072402736664704
0.350991622423,0.29074471063479457
0.351692252648,0.2905269669404429
0.352392882872,0.29040756166276266
0.353093513097,0.29031043828216996
0.353794143322,0.2900726729137424
0.354494773546,0.2898550231765286
0.355195403771,0.2895311987856505
0.355896033995,0.2891267503580537
0.35659666422,0.2884695838883288
0.357297162577,0.28777663897908967
0.357997600117,0.2868908080924836
0.358698037658,0.2865077123735705
0.359398475198,0.2748217670721074
0.360070202905,0.2858247244462949
0.36077083313,0.28620952620901946
0.361471463354,0.28816144999828247
0.362172093579,0.2887359029755163
0.362872723804,0.2885267895271357
0.363573354028,0.2886089624720616
0.364273984253,0.2730981630597657
0.364937541864,0.2573637164302307
0.365564022057,0.2870911556246243
0.366264652281,0.2881146331989745
0.366965282506,0.2904534939477769
0.36766591273,0.2763853121213238
0.368330449446,0.269876181816445
0.368979181135,0.26367674381568
0.369616124529,0.307232106212999
0.370364792189,0.3868337750057494
0.371310723384,0.34848394021401696
0.372158035624,0.3313869087120113
0.372958938944,0.33165466552432077
0.373759842265,0.33186281390501854
0.374560745585,0.33171588255446427
0.375361648905,0.33126457018373784
0.376162552225,0.33108345658692273
0.376963455546,0.3308072530088427
0.377764358866,0.2883138329936189
0.378463241275,0.2335910269522623
0.379030046087,0.24364380533850208
0.379622416508,0.25871348675331457
0.38025298371,0.25885108070269436
0.380883550913,0.26037612737393123
0.381514118115,0.2617095683050671
0.382144685317,0.2617466206788866
0.382775252519,0.2616261113693407
0.383405819721,0.26145308299778336
0.384036386923,0.26123495026247484
0.384666954126,0.2611153706598846
0.385297521328,0.26091448860344374
0.38592808853,0.26085987153842005
0.386558655732,0.2606907941084225
0.387189222934,0.2605554582218452
0.387819790136,0.05211981567221952
0.387945903577,0.2604536538002052
0.388576470779,0.2601987290463937
0.389207037981,0.25978916865893686
0.389837605183,0.2592636971143204
0.390468172385,0.2662452507025042
0.391117062173,0.2869999330071748
0.391817692398,0.2874682788413589
0.392518322622,0.2892402074818154
0.393218952847,0.29040513222935394
0.393919583072,0.2902697414448824
0.394620213296,0.25441808197790244
0.395234878995,0.25350130200108123
0.395847790315,0.2532041498247258
0.396460701636,0.25302138358216075
0.397073612956,0.25270870576544124
0.397686524277,0.2523221892775252
0.398299435597,0.25241979834508826
0.398912346918,0.25264697197243524
0.399525258238,0.25272864270581624
0.400138169559,0.2526037325123442
0.400751080879,0.2524114274567858
0.4013639922,0.2521685839280633
0.40197690352,0.23700334016402583
0.402553990416,0.23921517139289178
0.403137848936,0.2387022543505051
0.403721707457,0.23956464142817738
0.404305565977,0.2413031671918181
0.404889424498,0.24212314684385852
0.405473283018,0.24224931667277816
0.406057141539,0.24204006767914676
0.406641000059,0.05319417457499963
0.406769448934,0.19072300181622673
0.407230389677,0.33218605044985733
0.408034942136,0.3301200632270967
0.408839494595,0.3276993150522926
0.409644047055,0.3268990072680764
0.410448599514,0.3269475610793953
0.411253151974,0.3266698232814323
0.412057704433,0.3274422401048563
0.412862256893,0.3265048180248343
0.413660693103,0.23824719269546327
0.414241794514,0.23923557157917852
0.414825653034,0.23839202482173283
0.415409511555,0.23712067953676144
0.415993370075,0.2359536854074524
0.416577228596,0.23575388951201395
0.417161087116,0.2362806767234643
0.417744945637,0.23773446152812067
0.418328804157,0.239577072280145
0.418912662678,0.24006360882934946
0.419496521198,0.23942263490668028
0.420080379719,0.23841328742660473
0.420664238239,0.2380690754567385
0.42124809676,0.23851678131564552
0.42183195528,0.2387265680045649
0.422415813801,0.23906732356719926
0.422999672322,0.2390871461491433
0.423583530842,0.23891589427996549
0.424167389363,0.23894713124158604
0.424751247883,0.23881727533468086
0.425335106404,0.23897244551711405
0.425918964924,0.23908431646501385
0.426502823445,0.23912918792582133
0.427086681965,0.23918845255767204
0.427670540486,0.2389250376755176
0.428254399006,0.23859512464211033
0.428838257527,0.23822077054190471
0.429422116047,0.2381657671483164
0.430005974568,0.23827915826707236
0.430589833088,0.23851450808934857
0.431173691609,0.2387617768333451
0.431757550129,0.23864959552628467
0.43234140865,0.23866403226633065
0.43292526717,0.23848809621275574
0.433509125691,0.23822026710090616
0.434092984211,0.2381398856309535
0.434676842732,0.23779224891352554
0.435260701252,0.23755687232532455
0.435844559773,0.2373314057370943
0.436428418293,0.23696138046230852
0.437012276814,0.23670493515483063
0.437596135334,0.2362994828022385
0.438179993855,0.2360192270255954
0.438763852375,0.23647041943080865
0.439347710896,0.23756735899773687
0.439931569416,0.23844039141984985
0.440515427937,0.2386966295098421
0.441099286457,0.2387478630394617
0.441683144978,0.2387319252624478
0.442267003498,0.2385398794019922
0.442850862019,0.23830176139995501
0.443434720539,0.1976246066799455
0.443919323111,0.237887762739543
0.444503181632,0.23778215654255588
0.445087040152,0.23776778058155218
0.445670898673,0.23779012641713598
0.446254757193,0.23783427830808515
0.446838615714,0.23784880054010454
0.447422474234,0.2380808378803295
0.448006332755,0.23813174891861535
0.448590191275,0.237794660559453
0.449174049796,0.23753744581504277
0.449757908316,0.237283755688202
0.450341766837,0.23719804659028387
0.450925625357,0.2373802026056084
0.451509483878,0.23750459270455004
0.452093342398,0.23790302014223405
0.452677200919,0.23842669716637424
0.453261059439,0.2386030966632343
0.45384491796,0.23866337029645196
0.45442877648,0.23856799714351837
0.455012635001,0.2383661361589867
0.455596493522,0.2332763054034577
0.456168145294,0.22154598592570582
0.456711269989,0.21771127767983547
0.457245209896,0.22124570427964063
0.457788022349,0.22286914061396
0.458335193134,0.22993358126098193
0.458900294473,0.22965741126317304
0.45946519661,0.2294249118818961
0.460029936505,0.22912449283236938
0.460594498867,0.22886040559640577
0.461158892343,0.22856735728917968
0.461723119278,0.22635874184883753
0.462282652464,0.22599472815783095
0.462842033247,0.2275351111021285
0.463405743769,0.2280109556696689
0.463969275797,0.22547026514090113
0.464523629496,0.22255126115703522
0.465068790688,0.2227746480345457
0.465613869199,0.2189088122540444
0.466149707665,0.22767096553959842
0.466707911581,0.2266124677777913
0.467265947743,0.22712949652146275
0.467828316136,0.2263148321407134
0.468390526601,0.2262995142165509
0.468952556056,0.2274205717624971
0.469514424588,0.22869860483687807
0.470076124363,0.2293743392588786
0.470637641246,0.22961244064418582
0.471199000398,0.22924576498347843
0.471760184261,0.22869203617470832
0.472321198863,0.22829508510100016
0.472882047431,0.22804282660008451
0.47344272178,0.22605272058002973
0.473998744282,0.21500644755962947
0.474527711241,0.21682895341498498
0.475061001761,0.22236755221921328
0.475607581528,0.22242958315358857
0.476153993694,0.22800837867922935
0.476713724634,0.22815181107764523
0.477273287198,0.22818328040184455
0.477832680709,0.2052971157313501
0.478336022058,0.22804147150468898
0.478895098294,0.22772039998061086
0.479454026698,0.22740628286651243
0.480012792199,0.2275332960612549
0.480571394159,0.22761675441265727
0.481129849136,0.22754497019916559
0.481688130274,0.22749140074829388
0.482246241356,0.22734290030132173
0.482804196492,0.22707668249854526
0.48336196857,0.22680403529691429
0.483919593705,0.1800169251891711
0.484362624347,0.15086863095632913
0.484734193932,0.15079007063743605
0.485105691747,0.15080537014299852
0.485477118561,0.15094530491282915
0.485848460278,0.16457281249510583
0.486253158129,0.22625331789746989
0.486809933605,0.22602198442718455
0.487366551697,0.22570858051345513
0.48792302922,0.2253943775720101
0.48847931924,0.22528364062130302
0.489035459267,0.2251397375659452
0.489591467869,0.224936673081177
0.490147276969,0.2251126081085396
0.49070294699,0.22210382804844497
0.491249016951,0.16370558852506273
0.491649936711,0.1648672762273164
0.492053073347,0.15954253044036484
0.492442778733,0.15811311864424973
0.492829087521,0.1586975929242463
0.49321863866,0.16033423617830422
0.493614758236,0.16503484270265376
0.494024119437,0.1594169567666444
0.494420070694,0.16570556217734864
0.494831982091,0.25006204925811065
0.495454299158,0.23915957691011044
0.496049585488,0.22292451378273828
0.496603610112,0.2240658770757745
0.497157450116,0.22548643930230353
0.497711132466,0.22595325357191703
0.498264697559,0.22550551381187486
0.498818099355,0.22485680196089577
0.499371324801,0.22439370767541972
0.499924425252,0.03811993948831656
0.500018426415,0.20215111863588411
0.500517751887,0.19991955838946637
0.501012250095,0.20328386295855266
0.501514732342,0.20191747401329113
0.502013034271,0.20220264492935974
0.502511207417,0.20224220854206493
0.50300926719,0.2024276876344444
0.503507198381,0.20265192016385422
0.504004992614,0.20598532200818706
0.504510772028,0.2044709049233675
0.505012353113,0.20657455388059118
0.505517861461,0.20697937891894636
0.506023239654,0.20693511898937167
0.506528477797,0.20644144563773809
0.507033600384,0.20598917258201435
0.507538605072,0.20579544119231355
0.50804346978,0.2058429991851348
0.508548220567,0.20625508646907134
0.509052824058,0.19640934845192598
0.509532501997,0.16520422669817356
0.509936030565,0.09231604250713511
0.510161557435,0.10498293008018603
0.510417927856,0.08820221619329104
0.510633358893,0.0874715164579012
0.510847355488,0.09636500203120844
0.511083782992,0.1117446209447422
0.511358665774,0.11165275264271765
0.51163327867,0.05572820056622995
0.51176997601,0.07114170464414342
0.511943680075,0.04257786507214998
0.512047083151,0.06003116377162558
0.51219196969,0.0346175358436519
0.512274985113,0.05851514760138382
0.512414298766,0.030117531307093395
0.512485491167,0.06377207178980594
0.512635072472,0.04117629428706143
0.512730844191,0.06633201656551563
0.512883933874,0.07028485918057698
0.513044773552,0.055181610117636094
0.513170261805,0.09992522533191138
0.513396480079,0.07629528572821646
0.513568923901,0.12234594794922177
0.51384693633,0.15032059969532602
0.514193680943,0.12489251009567444
0.51448801548,0.22195992999304354
0.515029903055,0.1883657860463849
0.515509052357,0.16980369693507325
0.515952908999,0.22307532513267012
0.516548658803,0.19886999734695962
0.517090075684,0.1954230854235408
0.517630685425,0.19285689951296722
0.518171295167,0.17865551228119247
0.518677373461,0.18071267327288354
0.519193066499,0.16646367062714212
0.519669426574,0.17028479191549836
0.520155975341,0.17149044904344177
0.520642524108,0.17347866143590843
0.521129072876,0.1757354279001274
0.521615621643,0.17780865197421217
0.52210217041,0.17923524948943947
0.522588719177,0.1796752379895942
0.523075267944,0.17875585357708063
0.523561816711,0.09757564943036123
0.523829418533,0.17662949878062356
0.5243159673,0.17633771781648686
0.524802516067,0.17651613619857823
0.525289064834,0.1768785153258668
0.525775613601,0.17701920782254832
0.526262162368,0.17625575400205082
0.526748711135,0.1746397734974415
0.527235259902,0.17333943212392441
0.52772180867,0.17260146513631772
0.528208357437,0.17223361239165738
0.528694906204,0.1721749002973413
0.529181454971,0.1715948632746013
0.529668003738,0.17065804857531885
0.530154552505,0.1701680451635424
0.530641101272,0.17025865522441627
0.531127650039,0.17089545299517314
0.531614198806,0.171476239354673
0.532100747573,0.1710797522693755
0.53258729634,0.1703317971540243
0.533073845108,0.17012092505989806
0.533560393875,0.17031791461413778
0.534046942642,0.17068316302716982
0.534533491409,0.17074204520645128
0.535020040176,0.16995399792585722
0.535506588943,0.16898189568966668
0.53599313771,0.16867927214709438
0.536479686477,0.2457253900087412
0.537185413897,0.2556917009553412
0.5379154945,0.21461797924843276
0.538529905201,0.1877721739847399
0.539070514942,0.18733584171109097
0.539611124684,0.18710986609336536
0.540151734425,0.1871190758662997
0.540692344166,0.18706410285668393
0.541232953907,0.18648385957413793
0.541773563648,0.18586146202333947
0.54231417339,0.18528334670170427
0.542854783131,0.18458578335667647
0.543395392872,0.1843228189459399
0.543936002613,0.18416495211891173
0.544476612354,0.1841867219869559
0.545017222096,0.18459329784957867
0.545557831837,0.18442762226067566
0.546098441578,0.18395171669548657
0.546639051319,0.18342980763678993
0.54717966106,0.18285008306332087
0.547720270802,0.1829280088285986
0.548260880543,0.18314861538541224
0.548801490284,0.182689490032712
0.549342100025,0.18164048018519977
0.549882709766,0.16837677989905409
0.550386005722,0.1852144070540972
0.550940472524,0.19446147028751076
0.551522320412,0.18012383308277166
0.552062755982,0.17879457881245908
0.552603103972,0.17831392230880488
0.553143336601,0.17816605453103757
0.553683436677,0.17745516088806212
0.554223448661,0.17686523195074386
0.55476335931,0.2168861566313076
0.555426962103,0.16594325831845994
0.555935521493,0.010711034481509896
0.55596834719,0.17854557867037876
0.556515442136,0.17828878958031094
0.557062537081,0.18066946626630745
0.557620625245,0.16189529849352094
0.558124265559,0.17590152845665208
0.55867265201,0.18919645350376624
0.559263244559,0.19370524452764049
0.559868608482,0.1712199174097109
0.56040433214,0.15721418117737612
0.560896354112,0.17778219725441022
0.561452362474,0.1611313907359902
0.56195712848,0.20149351627509332
0.562592363087,0.16984651555314922
0.56313097636,0.19339600883456454
0.563749653476,0.214968716705074
0.564443999166,0.20238070828954208
0.565102337409,0.1984809361712809
0.565753321639,0.1936325248574388
0.56639158424,0.13639212876626625
0.566842318572,0.18149109415996012
0.567441390975,0.2091806239811746
0.568132338866,0.21730425301988054
0.568853151855,0.13253959955748099
0.569294976756,0.15404630563725008
0.569811900159,0.2021495303917389
0.570495753276,0.19406909448498194
0.571158055941,0.2312829945456937
0.571952389013,0.2017988375460915
0.572648523016,0.21925844031329886
0.573407797101,0.160330819183682
0.573963381422,0.20707459374300413
0.574680753278,0.15213264620443637
0.575209283266,0.19521813425776835
0.575890800925,0.12644577945527935
0.576334364342,0.22323072497082652
0.577122150413,0.2480399460331842
0.578004742715,0.1835286607757594
0.578662713701,0.1198048976785843
0.579093983217,0.12249123086402935
0.579536028332,0.13148380354094721
0.580011626501,0.16091178571910597
0.580595480492,0.2717353835001516
0.581586136573,0.2745337684610314
0.582592291797,0.2726745524393509
0.58359844702,0.27048965485005927
0.584604606931,0.2678667015961094
0.58560832574,0.2669793335057504
0.586615287791,0.2634820541060379
0.587616796869,0.16904010604933017
0.588263837601,0.1807032603955028
0.588958803343,0.2607123602492961
0.589965635261,0.2586797057091067
0.590969399917,0.2575892713918435
0.5919731991,0.25706153561877415
0.592976998424,0.25985538400031133
0.593993611706,0.2569675683138973
0.595001682018,0.2563000006252213
0.596009752331,0.2579300357401583
0.597026464096,0.058473790285447975
0.597257301522,0.25306116837211107
0.598257597039,0.25238364867926355
0.599257892555,0.25157174941052096
0.600258188072,0.25134735636315414
0.601259669785,0.25336302935196514
0.602270263305,0.2561027311346507
0.603293053396,0.25543383499452876
0.604315843487,0.2547437675192016
0.605338633578,0.2528425323892232
0.606355554431,0.2519618976843584
0.607370367248,0.2511486410755913
0.608382867248,0.24918748845118718
0.609388617248,0.25151504867915164
0.610405487805,0.24802742682826687
0.611409911295,0.2471602363288947
0.612411758499,0.2539352089360656
0.613441414591,0.2534482393215096
0.614468762421,0.2473299458706529
0.615471584374,0.2517546400331566
0.616493854648,0.25081688826374404
0.61751340061,0.2499015471211853
0.618530411866,0.2506120763797384
0.619552285017,0.24995838144057864
0.62057330632,0.24912405216434075
0.621592570005,0.24788935197267717
0.622607741557,0.24619670367886615
0.623616268573,0.24855050298563983
0.624634973426,0.24583768881928428
0.625643634436,0.18379110648544342
0.626398511033,0.24710313174626203
0.627414228318,0.24580896548001827
0.628425236696,0.24371738656135936
0.62942856308,0.2434309027715326
0.630432446365,0.24221228150268123
0.631433767728,0.2438057149993456
0.632444461133,0.2480167437894232
0.633474775587,0.2431055667129775
0.634485642853,0.24206908972171567
0.635492710813,0.24360347207452412
0.63650621439,0.24429900166255775
0.63752527976,0.24118367776362615
0.638543295347,0.23988550038187348
0.639561841319,0.24077907014568833
0.640564581069,0.2502682564540121
0.641587670306,0.25014651588696624
0.642612227129,0.24802217239383265
0.643634849537,0.24578042164057567
0.644650754215,0.24443671237241552
0.645661128299,0.24570984895739903
0.646679253163,0.24468459788777164
0.647697288316,0.2421369871612221
0.648705886037,0.24457613159228855
0.649723923594,0.24097047793192566
0.65072633691,0.2448425614343537
0.651745958633,0.24423861721195514
0.652765233249,0.24484116718088922
0.65378794315,0.2455883210551025
0.654813451205,0.2398722787286928
0.65581452375,0.24404239624216195
0.65683301792,0.24179066566253163
0.657842840591,0.24104278941376195
0.658850762451,0.24123108159734483
0.659860207603,0.24952963374766352
0.660904269443,0.2399902636994468
0.661909456818,0.23866978008836934
0.66291132793,0.2424344679657067
0.663930232435,0.23860069596697617
0.664933737183,0.23935155732167107
0.665942421208,0.23852893084154483
0.666949372617,0.2414434342439436
0.667969097682,0.23904439172205316
0.668978426506,0.24635177418613963
0.670018557898,0.24006313111001273
0.671033336235,0.2385363249310232
0.672042719213,0.23669617446894117
0.673044721732,0.23876786829239924
0.674055646012,0.24486550243669197
0.675092124647,0.24569679074706938
0.676132105298,0.2430983831763327
0.677161783648,0.2392382393614822
0.678175369857,0.23989156839806913
0.67919202396,0.240186181882006
0.680210559634,0.24337062026698797
0.681242587582,0.23909550182473488
0.68225633763,0.23820017576338717
0.683267015988,0.23888362772547736
0.684282100058,0.24593619728777685
0.685328770632,0.2399842667763373
0.686350941699,0.2370186261322377
0.687360317715,0.23611631057959184
0.688365607849,0.2354781020237716
0.689368281221,0.23807139153611714
0.690382852481,0.23433143414022847
0.691383015513,0.23871002675957215
0.692403235406,0.2348813135350508
0.693407186268,0.2348848256312794
0.694410576141,0.23584192088920367
0.695417617143,0.23456663236069045
0.696419962034,0.2377862927098556
0.697437884439,0.23649016394718544
0.698451821875,0.2348347514591788
0.699459948827,0.23298553011929962
0.70046123291,0.23939072521526883
0.701490126507,0.23557772113227035
0.702502147274,0.2378950510011741
0.703523984319,0.23687446693048003
0.704541172646,0.24186910333135192
0.705580785138,0.2339900149829234
0.706588962922,0.2338964248076295
0.707597887342,0.23411477489449917
0.70860767848,0.23376558163537464
0.709616848594,0.2328590106781156
0.710623132918,0.23331675586014947
0.711631661465,0.2343819054871829
0.71264478373,0.24052657979633998
0.713685355893,0.23347515053379908
0.714696882859,0.23547858663123342
0.715717409434,0.2348029439461395
0.716734774787,0.24285698057729188
0.717787637465,0.23294291702345152
0.718798284551,0.23727479393765194
0.71982865625,0.23505801350863506
0.720850660203,0.2316692804511697
0.72185889906,0.23093033049560382
0.72286407998,0.23046937003044363
0.723866995997,0.23177156368427723
0.724875281183,0.23308264406145976
0.725889188399,0.23262846472194637
0.726901649805,0.2395275802185336
0.72794438164,0.23197465449459537
0.728955272163,0.23304279209577033
0.72997266723,0.1928426457421898
0.730815425145,0.2293939456209846
0.731818906092,0.2351873037865471
0.732848601235,0.2312724136555154
0.733861320865,0.23167086687530813
0.734875610322,0.23340326827466018
0.735897872957,0.22822878056271387
0.73689827518,0.23000553703136747
0.73790724544,0.22914356666920704
0.738912948589,0.23190009469719516
0.739931038541,0.23122430696397533
0.740946345384,0.2288517380315512
0.741951008209,0.22916787787917867
0.742957591769,0.24071691850325733
0.74401670171,0.2291961821672687
0.745026788309,0.229881991258327
0.746040277258,0.2273883920552457
0.747042674375,0.22774092917100797
0.748048071634,0.23037646275184873
0.749067851041,0.2286185387864593
0.75008202561,0.22813414167547114
0.751094590748,0.2286089293736168
0.752108882455,0.22774153250637655
0.753119561533,0.2294051778537253
0.754138962492,0.22808520541772626
0.755154082081,0.22708492038511252
0.756164878246,0.22677499808689275
0.757173904016,0.22671824710596492
0.758183112983,0.22805800807782914
0.759198628119,0.22632220806411302
0.760206291008,0.22718026868262525
0.761217793796,0.22672147744712148
0.762227731019,0.22500472025312082
0.763230636827,0.22572287755295634
0.764237319277,0.22691021678276033
0.765249649224,0.22809783941906175
0.766267739038,0.22659590857695783
0.767279784183,0.2243717363265983
0.768282244612,0.22433073143371024
0.769285024304,0.22563216913722065
0.770294675523,0.2257299496622413
0.77130595522,0.22529759963007334
0.772315666069,0.225776362885622
0.773327818303,0.2240908916286118
0.774333656376,0.22502688804300472
0.775344103327,0.2231471623481704
0.776345998373,0.22277565358243803
0.777346636638,0.22378502511491627
0.778352210035,0.2232034979695204
0.77935581773,0.22483842417369732
0.78036809814,0.2221977621937421
0.781369535349,0.22365302083991018
0.78237795425,0.22714004439704372
0.783402641473,0.22281638004695403
0.78440835808,0.22414324710834205
0.785420234152,0.22749792492282828
0.786447229447,0.22251127636206797
0.787451547282,0.22333566594441898
0.788460008245,0.22411222847312126
0.78947302978,0.22298757792529908
0.790481574022,0.22545174038054552
0.791502553372,0.22638768176113877
0.792529844128,0.22158270644977385
0.793535893192,0.22200352154447556
0.79454367937,0.2218700001306461
0.7955516998,0.22241652045443566
0.796563288344,0.22335084858008866
0.797579613448,0.22404555366861084
0.798599271506,0.223879954848929
0.799618145856,0.2220500753163823
0.800628898248,0.21256607172694272
0.801596829533,0.20204425003486326
0.802517063432,0.22153066254032913
0.803526208227,0.22140598427682565
0.804535249508,0.22028830658105922
0.805539863895,0.22354467117888582
0.806560503325,0.21917411651080435
0.807563404587,0.21982166651666588
0.808571142811,0.21955932648308527
0.809577855103,0.21861219071482815
0.810579806508,0.22005040833177644
0.81158901439,0.22075194305797993
0.812602635299,0.21993066178921306
0.813613218123,0.2185919583667615
0.814616846521,0.22070243157363634
0.815629843131,0.2187474175059232
0.816634594282,0.2201765514681491
0.817646746866,0.21921343088091658
0.818655870076,0.21945358882481922
0.81966677351,0.21846418491313985
0.820673303291,0.21721118747629847
0.821674319372,0.21766447812138312
0.822677926142,0.21828569234205528
0.823685318777,0.21791695689758345
0.824692166524,0.21804429014541166
0.82569925363,0.21918516981943428
0.826710597311,0.21827093627053953
0.827718149299,0.21828336512524288
0.828726638681,0.2183799580220278
0.829736799111,0.21981941756880996
0.83075417709,0.22341485144646026
0.831788192354,0.216956604204384
0.832793133706,0.21728035105402396
0.8337997656,0.21764798857180845
0.834807795226,0.21896437006228722
0.835822386653,0.21881211949829132
0.836837011614,0.21662067562894669
0.83784241989,0.2216030687992519
0.838872415345,0.21512727937727438
0.839873851166,0.21677038666427412
0.84088315351,0.21704822857667963
0.841893267757,0.21602750431326648
0.842898989311,0.21749049131943626
0.84391179454,0.21705330572824705
0.844922757397,0.21586120287487853
0.845929124944,0.2154965235725567
0.846935307089,0.21898954125333986
0.847958946752,0.223297176360229
0.849003520316,0.2157462069784392
0.850013472909,0.21562057044092314
0.851022903401,0.21713196547732477
0.852038880715,0.1544624759044881
0.852761692485,0.21339543298971073
0.85376125389,0.21514480171442904
0.854769676877,0.21338277102800882
0.855770310479,0.21339142323854238
0.856772095453,0.21548070925673624
0.857785209442,0.21446792137870366
0.858794646385,0.21321706494732642
0.859798417052,0.21355456730662645
0.860803540962,0.21452540834735107
0.861813914246,0.21543594684406023
0.862829794912,0.21256425623319272
0.863832365076,0.21357292131509684
0.864839707068,0.2144176251997001
0.865850952698,0.2123808761532717
0.866852685845,0.2135813793389527
0.86786052964,0.21425182484878624
0.868872531328,0.2135448596662482
0.869882561365,0.21161165371000656
0.870884094011,0.2114611677944164
0.871885423468,0.21394870681729405
0.872898939069,0.21200153819158216
0.873903482115,0.21356811180361404
0.874915380148,0.20495930164546744
0.875886232061,0.21305492535528822
0.876895937045,0.21292930394104173
0.877906547226,0.2107342831667378
0.878908377484,0.21197918364728108
0.87991664589,0.2176231199535561
0.880951436667,0.21315450788607168
0.881965029211,0.21051028352493106
0.882966413626,0.21374227993670614
0.883983433908,0.21532183132481267
0.885007940961,0.2133573087430866
0.886023193798,0.21011575095569068
0.887023531217,0.21246478995868448
0.888036949611,0.20985956721192833
0.889040323845,0.21075566491985584
0.890049592345,0.2103364086879579
0.891057799358,0.21155957408808462
0.89207231062,0.2113902548453823
0.893086261554,0.21084875355352453
0.894097308129,0.21787145673375194
0.895141802042,0.21028498903510606
0.896150722279,0.20948483760226133
0.89715598144,0.21145889519472857
0.898169958095,0.21032083261994847
0.899178389912,0.2098574537756818
0.900185196623,0.2082477435729153
0.901186012807,0.20814907677458017
0.902187385232,0.21070351472895485
0.903200177186,0.2113317298901804
0.904215919238,0.2084238226639373
0.905218460155,0.20818532444792495
0.906221051775,0.21002945866897915
0.907233980271,0.20812799919485953
0.908238360455,0.20841127403445403
0.909244642627,0.20993632683469038
0.910259332607,0.20780665202538975
0.911264344453,0.20972964712180997
0.912278771382,0.20945863427721984
0.913291969744,0.20731228299547858
0.914294921263,0.20947198645009832
0.915308863902,0.21220601556496935
0.916336786993,0.2070691972857113
0.917340730978,0.21099991593935744
0.918364652717,0.20643088239411284
0.919367139027,0.20619017507093035
0.920368369268,0.2068797204034789
0.921373060841,0.20635453130811296
0.922376651723,0.2087933623045757
0.923394097632,0.21386463630058225
0.924438596001,0.20776187205147434
0.925454700984,0.20714672694173628
0.926467828598,0.20469672238896322
0.927468529594,0.20646096957220536
0.928477649422,0.20734985275263035
0.929491067277,0.20534488847709595
0.930494488815,0.20906673852417906
0.931516263557,0.20600677201788903
0.932523342434,0.2054075579782838
0.933527780808,0.20612740737316015
0.934536231502,0.20472970883990824
0.935538219604,0.20547460734960113
0.936544273583,0.20872356835285044
0.937567915686,0.20771065546587208
0.938587763671,0.20379957008975183
0.939588024027,0.20397041125619872
0.940588573793,0.20624582870374294
0.941599895106,0.20573677245357372
0.942609605318,0.20424197190927063
0.943613592368,0.20539176119745398
0.944625078578,0.20308803364389386
0.945626941373,0.20948338677644684
0.946660744046,0.20466211922928818
0.947670720527,0.2037322040115836
0.948676257408,0.20391193430358734
0.949682602387,0.20778801375623254
0.950707897704,0.09279640601160205
0.951165728038,0.20539931863648483
0.952179686737,0.20295018859711986
0.953182661713,0.20581204842166448
0.954200307255,0.20411651051247584
0.955210237852,0.20255944817439042
0.956212694458,0.20518725657496048
0.957227206507,0.20770178015198626
0.958253714327,0.2045892229880595
0.959265455027,0.2044872695963238
0.960277713102,0.20397574210934147
0.96128853785,0.2035675569710555
0.962298794572,0.203479203493072
0.963309391454,0.20259342974506392
0.964315577971,0.20485676779402004
0.965333122186,0.20172336951304412
0.966335666401,0.20413181775446068
0.967350877769,0.20997767417244145
0.968395311855,0.203199497962878
0.969405729317,0.20154742585422533
0.970408320211,0.2110780047308456
0.971459841057,0.2017788078520199
0.972466231821,0.20330246440412764
0.973480145913,0.20320562920731358
0.974493567636,0.2027797994166496
0.975506322393,0.20582140679213518
0.976535397601,0.20004489104627118
0.977536169649,0.20087687106902047
0.978541812994,0.20154303982575533
0.979551383318,0.2011238800437491
0.980560598311,0.20005119931117107
0.981566098532,0.19965446529786046
0.982570045997,0.20008146048668535
0.98357614337,0.20657429177994185
0.984614546363,0.20150700184005726
0.98562754101,0.19951321343864897
0.986629997975,0.20170351682501075
0.987643155025,0.20059998060272533
0.988652304287,0.19838792325597834
0.989652366868,0.19859394129357139
0.990654727852,0.2015411331825451
0.991672174896,0.2069588775936231
0.992717241646,0.1989250254505743
0.993722695359,0.19789194622081435
0.994723375049,0.19943047278992157
0.995731440615,0.0028174910291488262
0.995745678896,0.10717279046778268
0.996287223586,0.0748341569566757
0.996665424895,0.016221924268845028
0.996747434491,0.13533531504060345
0.997431117794,0.19831595167799934
0.998431206906,0.19988259213417536
0.999439208186,0.1986708157703426
1.000443163499,0.1986086958462212
1.001448528448,0.19991440149450632
1.002460906869,0.1992276005337723
1.003470127026,0.19839828220162603
1.00447607516,0.20212475056541632
1.005501566244,0.19791352568993845
1.00650514349,0.19884493303771197
1.007513409174,0.1979763926982613
1.008518292066,0.19953179988953326
1.00953150316,0.2025927368207925
1.010560888315,0.19881847688823306
1.011571799715,0.19865921457170063
1.012581852836,0.1973715977638046
1.013585046484,0.1968633206414021
1.014585813185,0.20024004824800667
1.015603383866,0.19903252305199998
1.01661427545,0.19975816177253497
1.017629178392,0.1976639401857472
1.018633797548,0.19968141289226252
1.019649048275,0.1985538543724326
1.020659091845,0.1977509335467839
1.021666506292,0.19742455832520156
1.022674284191,0.19602975023408745
1.023676280015,0.19845346919951196
1.024691581877,0.19646399406732593
1.025697071639,0.19707781914844655
1.026705533986,0.19687804772402484
1.027713452348,0.19624861287703182
1.028719542631,0.19791593253429843
1.029734417561,0.19854186456791298
1.030751887075,0.1955862892014161
1.031754162506,0.1976499906743993
1.032766908328,0.1961377505042227
1.03377242403,0.19578487480806778
1.034777415549,0.19731908032770862
1.035791376829,0.1954319546101749
1.036796704445,0.19476734790921527
1.037798941857,0.19721674147505713
1.038813691332,0.1960931697520888
1.039823227863,0.19599733406643363
1.04083308962,0.19641611663973155
1.041845346995,0.1946607925276561
1.042848498537,0.1962229020425188
1.043859374946,0.19464503847616074
1.044861739738,0.19634094121684972
1.045872338794,0.19551470235352045
1.046879077501,0.19492190529962147
1.047884096746,0.1956901628666078
1.048894270364,0.19416126205709164
1.049897224503,0.1940176543668596
1.050899949085,0.1941312344164599
1.051903910066,0.194462162579968
1.052910280218,0.19429470082414418
1.05391755446,0.19316143514961426
1.05492126224,0.19235579880472078
1.05592275827,0.19347528475104675
1.056930564997,0.19609777428216835
1.057951210386,0.19274921817911753
1.058952812258,0.19572150113166797
1.059968338587,0.19313823097082747
1.060969961147,0.19769255316117398
1.061995296969,0.1934672726089805
1.062999447213,0.031101431169428106
1.063160991849,0.1948214654533757
1.064176245522,0.19091993773783733
1.065176546821,0.19045606175117652
1.066176921736,0.19221524416749045
1.067186520533,0.1931250184771796
1.068200975072,0.19347266016384304
1.069217597573,0.19448157143621034
1.070238265551,0.19261723004930084
1.071246934485,0.19299967839552717
1.072255699496,0.19629477286333888
1.073280058743,0.19453155425090038
1.074294340587,0.19391401297254274
1.075304155616,0.2003215327086674
1.076344744726,0.19409189370363603
1.077348455863,0.19570171706688663
1.078354658425,0.1983572724587836
1.079370639449,0.20464968156884017
1.080416973589,0.1988464120852809
1.081432864196,0.1990983762289724
1.082450902775,0.19907551053471376
1.083469604371,0.19743115069076295
1.084480750608,0.20135090009216633
1.08551282604,0.1969798168696796
1.086522164757,0.20048697722259565
1.08754937054,0.19672946617543002
1.08855699444,0.19559784985171932
1.089557261273,0.19602319755425887
1.090558132394,0.19915130239520837
1.091574167155,0.2041985113065737
1.092615962822,0.1977087749180246
1.093626417232,0.19582732777768025
1.094629697943,0.19688067905805492
1.095640183163,0.19612285091795825
1.096648459869,0.19660033833369162
1.097661472121,0.19485688196582776
1.098668340228,0.19322216986763302
1.099669401269,0.19270143749915117
1.100670049744,0.1934686792773409
1.101676789993,0.19176650425082295
1.102677049582,0.19303288559102866
1.103687488904,0.19115507078155988
1.104692279568,0.19048998376565354
1.105697068065,0.18903097839066865
1.106697227351,0.1922613756844823
1.107715915208,0.19009235107799177
1.108723631454,0.19046679373538794
1.109735212006,0.18830775811476472
1.11073734172,0.1888899111926251
1.111744187028,0.189162814424601
1.112754445711,0.18897390962418292
1.113766139283,0.18991656002011567
1.114784683997,0.18895814577649733
1.115799803759,0.18631603963525323
1.116802246716,0.18650647704665155
1.117806689693,0.1875683907134756
1.118818197024,0.18738561982094853
1.119830062505,0.18647728990768864
1.120838406257,0.18559388443553984
1.121843056023,0.1856187655261246
1.122848725807,0.1855333027938679
1.123853996743,0.18469583856669602
1.124854673951,0.1847360213617081
1.125856224178,0.1866390615180313
1.126868712048,0.1473391012870582
1.12766822323,0.1854778871461402
1.128674935055,0.18459452004054103
1.12967768022,0.1840135926438856
1.130678221073,0.19055963945888652
1.131714542023,0.18698239294010646
1.132730485141,0.18494847471487272
1.133734899503,0.1876254517091723
1.134753834828,0.18506696865400207
1.135758773243,0.1846064527738133
1.136761950971,0.18764179771017786
1.137781808439,0.18505032162632912
1.138787102308,0.18576016804254417
1.139796789014,0.18522818569232213
1.140804670713,0.18675634830348864
1.141822142252,0.18812574915110156
1.142847206837,0.18473236594371797
1.143853855504,0.18420968161864298
1.144858885653,0.1865422360339794
1.145876969801,0.1836106575385759
1.146879097052,0.09672643017617882
1.147407278769,0.1846939354889866
1.148415671515,0.18422709391356132
1.149421072537,0.1846948865198239
1.150430251751,0.18314399910923473
1.15143316481,0.18369512703085644
1.152440514065,0.1826965186985611
1.153443218733,0.18379826149769865
1.15445283324,0.18286311332964306
1.155457447105,0.18268920483369475
1.156460377633,0.18440766967299682
1.157473626794,0.18382463152041048
1.158485286848,0.1820030548654432
1.159487640326,0.1822659496876977
1.160491351609,0.1862336951201118
1.161516464292,0.18305766899189296
1.162524002759,0.1836554948347764
1.163535154991,0.1819734841580939
1.16453750572,0.18282990779956204
1.16554496287,0.18264461477560576
1.166551748383,0.18303657086330485
1.167560552652,0.18192156687410002
1.168562995254,0.1824814191917801
1.169569010986,0.18513063039770022
1.170590659811,0.18104846086699758
1.171590791274,0.18586104896134548
1.172618226533,0.18366294562760702
1.173634255934,0.18360821172341865
1.174650985617,0.1804857709690544
1.175651125678,0.18097284156736274
1.176653953465,0.18149145950098083
1.17765950853,0.18245989514058322
1.178670262461,0.181961670904083
1.179678148114,0.18176805698721873
1.180685655735,0.18263146698301685
1.181698423574,0.1811188608322246
1.182703013807,0.18151837944502602
1.183710015426,0.18057792556080332
1.184711444158,0.18060460983956345
1.185713295846,0.18048675711187964
1.186716041,0.1805168075892318
1.187720245481,0.18052906384010486
1.18872553621,0.17964353218916693
1.189727139296,0.18151832721908606
1.190740003395,0.1812529284111323
1.19175147432,0.1800474611748256
1.192756266876,0.18140496966581457
1.193768861515,0.150424869622602
1.194608520994,0.18129025196933837
1.19562103544,0.17882860013725382
1.19662107694,0.179959220528545
1.197628538485,0.17932283901255072
1.198632980405,0.17927142964894166
1.199637973326,0.18297469562246313
1.200663574334,0.18011663393092456
1.201672332971,0.1829961644133566
1.202697546973,0.1792688882836705
1.203701778626,0.17923369433217243
1.204705357795,0.17930248231645682
1.205710193745,0.18054732292469397
1.20672340779,0.18009002406380778
1.20773450448,0.18038469224459525
1.208747344464,0.18090429515639783
1.20976331059,0.18044791349771996
1.210777623551,0.17781540370550267
1.211777994438,0.17798757333269988
1.212780351357,0.1790189764056304
1.213790036787,0.17879737371762566
1.214798594954,0.1778986776835878
1.215801612325,0.18099349268684034
1.216822226642,0.18056982163326046
1.217840990808,0.1784856181311582
1.218848676792,0.17746728048043317
1.219850822931,0.1790897734782102
1.220861886846,0.17799871183698646
1.221866793603,0.1796726548704877
1.222881142301,0.1781463355378706
1.223887052707,0.1801188606454679
1.224904611224,0.17835549410169377
1.225913122289,0.17980076556438115
1.226930512971,0.17713511452082653
1.2279330115,0.1771482906241681
1.228935990844,0.17771276591260488
1.229942309833,0.18075868603453435
1.230965564427,0.17771031132091641
1.231971955996,0.17943507925728255
1.232989335602,0.17762199868458775
1.233997565701,0.17683977677307577
1.235002857904,0.17585692105406814
1.236004229184,0.17597456669218964
1.23700719068,0.1755887969986077
1.238008515572,0.17790809131344187
1.23902362271,0.17620706006129971
1.240028486662,0.1769184927934678
1.2410364252,0.176210487491273
1.242040566479,0.17603353080174672
1.243043814422,0.17672629319508834
1.244050871518,0.1791880046692546
1.245071963542,0.17613319593898127
1.246075851913,0.17784422017696175
1.247089907536,0.17657235839682864
1.24809691033,0.1763700794472986
1.24910385553,0.17723403386175643
1.250116586397,0.17520847139047235
1.251117695942,0.17619352784692338
1.252123744017,0.17616269961240733
1.253128913064,0.1756307149107202
1.254131302051,0.17550877263268014
1.255133836891,0.17560968639009722
1.256138404539,0.17524617035945841
1.257141501523,0.17543942560415104
1.258146418766,0.1747041619834028
1.259149061082,0.174326141738218
1.260150152582,0.17875943068754202
1.261176837719,0.17682825945555355
1.262193252814,0.12144109565835334
1.262891732561,0.17429081214837472
1.26389436834,0.17505446220484044
1.264901313773,0.17451242050109736
1.265904873245,0.17527602077481702
1.266912332522,0.17704631357456144
1.267929793391,0.17421263493438185
1.268931136326,0.17484374571436562
1.269936888551,0.1752062750082321
1.270945747517,0.17545504430492423
1.271956183447,0.17471834440437325
1.272962751117,0.1743577359367138
1.273968264466,0.17738049765105998
1.27499129464,0.17395382975066115
1.275994954789,0.17461969234470595
1.277003648032,0.17320980947852452
1.278004380911,0.1739533076001394
1.279009624166,0.17398713425118326
1.280015877384,0.17384114214509055
1.28102253065,0.1750582618128281
1.28203768929,0.1756068418391266
1.283056716599,0.17514953814580472
1.284073225653,0.17380657340424727
1.285082430344,0.1724592040859558
1.286084317649,0.17378313480705648
1.287093720802,0.1741830466305609
1.28810579235,0.17488912548493185
1.289122415127,0.17320165057347636
1.290128502263,0.17412130148264218
1.291138970232,0.1728955884131711
1.29214220596,0.1756826907873265
1.29316187516,0.173825202364028
1.294171304834,0.17395469783302947
1.295181875725,0.17612141612293167
1.29620485704,0.17252195830729436
1.297207265566,0.17326676842347186
1.298214338671,0.17487526546367924
1.299230582962,0.17363969132811843
1.300240452175,0.17747867075006146
1.301274757874,0.1726196551359955
1.302282261109,0.17233680846006413
1.303288513383,0.17442122901563123
1.304307409952,0.1736347249408568
1.305322469744,0.17132943595442846
1.306324593235,0.17184525163507705
1.307329754076,0.17161756539532885
1.308333251185,0.17165334032672847
1.309337043113,0.17255166089488314
1.310345904378,0.17143352953389146
1.311348339047,0.17492478335356776
1.312371794273,0.17481716380061924
1.313395124967,0.17160876641734712
1.314399910799,0.1728082073703951
1.315411466619,0.17128199282941461
1.316414032632,0.17259483608493498
1.317424327685,0.17086556902443456
1.318424582475,0.17173292317085825
1.319430497382,0.1715331233028016
1.320436632011,0.1711466946346393
1.321442349871,0.17140445774828686
1.322450824064,0.17158009537706134
1.323461158693,0.1716160348996363
1.324472429946,0.17226922461712846
1.325488024609,0.17278071180463617
1.326507053231,0.16968485584608242
1.327508365914,0.17153735156528604
1.328520576973,0.17286309952889667
1.329539904402,0.17197615793516177
1.330553830887,0.17106635068163825
1.331562505003,0.1708310304416937
1.332570281142,0.17014523918786498
1.333574758044,0.1225688147333505
1.334298822021,0.1728463910300357
1.335320994387,0.17023104314203974
1.336328581071,0.17236268198095134
1.337347870114,0.05977798818466361
1.337701015918,0.08035897093463358
1.338176053019,0.03927615429090607
1.338408444183,0.053893106287635856
1.338727523691,0.11398138356507048
1.339402722022,0.16321127582427272
1.340369084022,0.15890305765511414
1.341309260932,0.16930701361069458
1.342311697007,0.16865928458663842
1.343311814483,0.17112014113982452
1.344327164264,0.17109580260005822
1.34534228743,0.1699339314509864
1.346350499292,0.1698165553283493
1.347357793757,0.1597649267187194
1.348306304025,0.1591206981712318
1.349250997977,0.17109451801104333
1.350266251973,0.17144292407259917
1.351284669833,0.16943104899843273
1.352292062414,0.17018592291880638
1.353304421541,0.1719346625667451
1.354327300975,0.1684743100871463
1.355329869329,0.1685957313332196
1.356333739762,0.1714103732378732
1.357355147016,0.16925550048918805
1.358364569849,0.16933430490872448
1.359374978256,0.16783697926241267
1.36037642457,0.16864969621409137
1.361381892797,0.14629902380688015
1.362253412763,0.16422107421640678
1.363231796009,0.16854409780364274
1.364236876496,0.16800426716234562
1.365240273099,0.1682848381349025
1.366246635181,0.1671292392258254
1.367246674432,0.1680820103860313
1.368252786114,0.16847395716341942
1.369261804465,0.16303599154062215
1.370238842312,0.16397329889293294
1.371221925325,0.16760963142562652
1.372227231069,0.16682119209733234
1.373228330789,0.16694708706111702
1.374230507554,0.1683017883117961
1.37524081533,0.16665034578531712
1.376241138028,0.1667709704152944
1.377242262262,0.16870892176760652
1.3782552905,0.16662819831015113
1.379256372715,0.11109867534054298
1.379924185121,0.16922208330930902
1.380941213268,0.16646371739175214
1.381941685751,0.16687778798720684
1.38294556734,0.16931495777515973
1.383964825761,0.1644895830017544
1.384955030378,0.16846338112759
1.385968824144,0.16627955704263012
1.38696924489,0.16700216983506663
1.387974234243,0.17110128269427013
1.389004907461,0.16781359063226411
1.3900173213,0.16679847704925424
1.391024790753,0.15860336113184043
1.391983020941,0.16740791759177126
1.392994257714,0.165979238786406
1.393997359923,0.16542302628620603
1.394997963707,0.157018038230977
1.395948233187,0.16723915309152165
1.396961029654,0.16539884629522694
1.397963353185,0.1542032891617001
1.398898415339,0.16572017525299815
1.399903760198,0.1655097063554027
1.400907843347,0.168088778576037
1.401927618649,0.16570650573981924
1.402932844399,0.16532999776066964
1.403935404654,0.16572269719249896
1.404940456788,0.16664538390887937
1.405951812594,0.1650123406781597
1.406953852287,0.16570657356207041
1.407960514725,0.16486679300238294
1.408962237446,0.16610359035098785
1.409971209955,0.16522665970376987
1.410974948458,0.1659851117562844
1.41198383337,0.16491148786924506
1.412986655911,0.16529824310787142
1.413992144863,0.16489701570772763
1.414995728365,0.16023364465766562
1.415971946863,0.16765325118043412
1.416994043275,0.14113148207708912
1.417854565022,0.14955767940001696
1.418766675779,0.1648004710516119
1.419772266856,0.16399738667546546
1.420774409829,0.16383519771686364
1.421777228919,0.1642337828408106
1.422782951666,0.1539231990051709
1.423725348033,0.16437418941289306
1.424731467144,0.1557630925482613
1.425685514009,0.10734771182275163
1.426343572154,0.14056485500222418
1.427205762355,0.15838870912300568
1.42817834404,0.16352112893253
1.429183400987,0.1633096820249354
1.43018786422,0.1645264260603766
1.431199926373,0.16360898597863247
1.432205963327,0.16427984857154032
1.433215764708,0.1641135124499515
1.434224188051,0.1644903599227006
1.435234646709,0.1661539972483748
1.436255177465,0.1647183185714148
1.437266800792,0.16347935411283865
1.438271127443,0.1636186921733655
1.43927685923,0.1630080780394863
1.440279005992,0.16280177696429532
1.441280219784,0.16391501284286214
1.442288824836,0.16311850551620874
1.443292626184,0.16335452527035227
1.444298021654,0.1561989073350634
1.445259982094,0.16305495135655115
1.446264979867,0.1636778841595698
1.447274590962,0.16309030728128654
1.448280951714,0.16251423917822816
1.449283903876,0.1623084899251908
1.4502858513,0.16355289151187113
1.45129533143,0.162136136879227
1.452295683662,0.1645049669013904
1.453310675329,0.16212260586490523
1.454311421554,0.16386088868490362
1.45532344016,0.1620472710390129
1.456324462294,0.16284865064953766
1.457330413128,0.16491699016946956
1.458349189433,0.16250652823288517
1.459353359045,0.15669553355856233
1.460322209338,0.16403305103843566
1.46133672772,0.16585457788132996
1.462362465533,0.16270350684521406
1.463369408182,0.16156394114455996
1.464370502497,0.16250231891659445
1.465378047066,0.16138482812123747
1.466379132108,0.16153613179412712
1.46738167046,0.16240320597841282
1.46838983257,0.16228752602626223
1.469397986992,0.13619702319519333
1.470244525527,0.15860603428921904
1.471230100414,0.1612679505747381
1.472232079512,0.1612215869090887
1.473234524899,0.16080282279388378
1.474235534747,0.03671726836449269
1.474464240401,0.16253366186949775
1.475476662297,0.1608649639657446
1.476478624572,0.16103647497405987
1.477482361096,0.1617542649058888
1.478491053985,0.16211553327143374
1.479502205401,0.16099313435268012
1.480506803502,0.16192556475604133
1.481517576657,0.16079965847764321
1.482521387918,0.16044235612543065
1.483522614083,0.16049282531178585
1.484524518904,0.16070367605562338
1.485528710817,0.16151097908961068
1.486538282637,0.1600111325080424
1.487538575524,0.16048543408503674
1.488542334521,0.15993454510711397
1.489543225989,0.160182213469478
1.490546226978,0.1605506042248889
1.491552007922,0.15770912089235056
1.492540325458,0.16226628903693982
1.493557354041,0.16123245299516026
1.494568444389,0.1594581711691531
1.495569046727,0.16011457594205722
1.496573658961,0.16190207792285108
1.497589397123,0.15984144245417398
1.498592479982,0.1419238904376612
1.499483387696,0.15942462899839938
1.50048387618,0.16013583786589414
1.501488454311,0.1592889643717953
1.502488955184,0.1601711034242706
1.503496348064,0.16064897957839627
1.504506916492,0.16190698909289933
1.505525007776,0.16080315634100917
1.506535838747,0.16012425058111973
1.507542429292,0.1605097835454822
1.508551261399,0.1598883452830758
1.509556270751,0.16015987073335836
1.510563731315,0.1600260827439115
1.511571563994,0.15934032116313582
1.512576234319,0.15941533711755815
1.513582227642,0.15963974613869897
1.514590239347,0.1585414622499704
1.515591684515,0.1587749674782401
1.516595065771,0.160915478392646
1.517612186942,0.1582571697803125
1.518612529586,0.14519912238067964
1.519530561551,0.15928503539135674
1.520537759849,0.15850139109379427
1.521540001372,0.11182837159547268
1.522247286609,0.15963622972761551
1.523257798686,0.15807903010613014
1.524259026571,0.15811026446007387
1.525260446545,0.15885938075983
1.526267109446,0.15903865737435238
1.527275142946,0.15795133892901841
1.52827633098,0.15908644767677546
1.529284771539,0.15975219520232384
1.530297811616,0.15839577799691665
1.531302992694,0.15825022390126323
1.532307729071,0.1584982943965441
1.533314579177,0.15773441128230162
1.534317201939,0.15953263040181576
1.535331380709,0.159859303174589
1.53634784917,0.15836639794528787
1.537355675846,0.1572888267960299
1.538356730391,0.15803317819767068
1.539362386352,0.1574660122937921
1.540365180284,0.1571022796229966
1.541366896991,0.15958003469782076
1.542385075949,0.15748827445907837
1.543389852629,0.15768567626900468
1.544395771508,0.1580534112953814
1.54540402576,0.12461240596641546
1.546198841521,0.15746569489473702
1.547203141,0.15675554687219484
1.54820462379,0.15794007266956717
1.549216361927,0.15823268703238702
1.55023119064,0.15793946088203414
1.551244149387,0.15762416318831354
1.55225467634,0.15714954372878498
1.553262078097,0.15675767063535914
1.554267391561,0.15640573254693807
1.555271138849,0.1561220611410374
1.556273186187,0.15675966172023922
1.557279394801,0.15739499196474424
1.558290757619,0.15598782977014056
1.559293899074,0.15733833908007142
1.56030579398,0.15376972664460767
1.561294472489,0.15649158457308002
1.562300855331,0.15685666177262728
1.563310227481,0.15632424572891512
1.564316707157,0.14582806265563297
1.56525573715,0.11668258356132191
1.566006891509,0.15692025849316507
1.567017067239,0.1561986532425619
1.568023471854,0.15526626122322182
1.569024682972,0.15635746181123802
1.570033312845,0.1571971316045589
1.571048023234,0.15526169048801958
1.572050730198,0.1560241184387821
1.573058610456,0.1549238490072934
1.574059534851,0.15589189426004782
1.57506687082,0.15542055698811091
1.576071180253,0.15663762771929557
1.577083176651,0.15789217069522352
1.57810335423,0.15595121491233588
1.579111485827,0.1555975592638605
1.580117463754,0.15548331946020877
1.581122304021,0.15503602138396186
1.582124034923,0.15503424598220475
1.583125438699,0.1556748536531013
1.58413177553,0.1555150008744135
1.585138523066,0.15533065818896966
1.586144332694,0.15500990333732473
1.587148305437,0.1552262351480037
1.588154052767,0.15468499292989152
1.589156569341,0.1555208598414322
1.590164731619,0.1548482333748222
1.591168347321,0.15481189658789288
1.592171816795,0.1558076980815575
1.593182203507,0.15463059857214534
1.594185574496,0.1550280506581442
1.595192216555,0.15396347834669732
1.596192536896,0.15495877628431914
1.597199751524,0.15562177254051687
1.5982117464,0.15441481543104627
1.599216208411,0.15417154130842597
1.600218811475,0.1543608191524586
1.601222383058,0.15622553838502404
1.602238005443,0.15594154058857973
1.60325194278,0.15658887157418136
1.604270665104,0.15579944858687375
1.605284968353,0.15548299049763611
1.606297785238,0.15497656189465406
1.607307492863,0.15432969084859766
1.608312784647,0.15404138799623762
1.609316301538,0.15475448835337502
1.610325013052,0.15352956093756176
1.611326125618,0.15391534723289718
1.612329869885,0.15462833530807485
1.613338391245,0.15495123828770266
1.61434977336,0.15404521083743594
1.615356383268,0.15328706113546542
1.616358380002,0.1381581435657391
1.617261452428,0.15372974477874382
1.61826679427,0.15394566419313077
1.619274029631,0.15442353690855415
1.62028514407,0.15283927913421105
1.621286894713,0.1522827901061839
1.622284924087,0.15327046717546228
1.623289207126,0.152611943469619
1.624290001087,0.15352471104496973
1.625298066591,0.1541493681991431
1.626310915632,0.15286323810941826
1.627315861044,0.15392867301636978
1.628327981238,0.15225714483531322
1.629328653649,0.15347857659266026
1.630337217879,0.15276318067119388
1.63134089128,0.14612501351999674
1.632301247369,0.1528602962502306
1.633307279808,0.1532358740000075
1.634317589271,0.15146977010168033
1.635317595961,0.15221316361204085
1.636322889103,0.15230461336117826
1.637328478002,0.15348828547829635
1.63834208275,0.15182104334194652
1.63934477689,0.15229497854463903
1.64035018348,0.15300294628460795
1.641360358412,0.1524172262985407
1.64236753378,0.15239784127066064
1.643374762659,0.15209589941169527
1.644379608936,0.15230092271031878
1.645385952532,0.15249324677674633
1.646393525676,0.15235765152273342
1.647400658605,0.15147388200042522
1.648402164421,0.14220284994194485
1.649341559473,0.15248706987250996
1.650348752779,0.151903180822433
1.651353029815,0.15203736260628542
1.652359815153,0.15269568488673316
1.653372411698,0.15183130190218522
1.654379932994,0.15118289427034837
1.65538306005,0.1537310023004691
1.656402031291,0.15257681832592013
1.657412781557,0.15260992169639717
1.658424619041,0.15122455815057012
1.659428288586,0.1518235367205815
1.660436406635,0.15279457597041166
1.661451505961,0.15053874798714215
1.662453155221,0.15094574938140032
1.663459034489,0.1504270881402189
1.664461563372,0.15272802094098678
1.665478877863,0.15072820515492769
1.666482213932,0.04532103045282295
1.666783772489,0.15074584321979548
1.667786268332,0.1522834510486747
1.668798354289,0.15266967606740492
1.6698134578,0.15070487484657946
1.670817220161,0.15031772216083766
1.671819947513,0.15121568607888933
1.672828629001,0.15064532671383932
1.673833356612,0.15129250047031798
1.674842815129,0.15301090052087732
1.675863727956,0.1501858090707765
1.676865955484,0.15066604168642764
1.677871329725,0.1504409893572383
1.678874549292,0.2705801094961179
1.680679938336,0.149776630350616
1.681680761167,0.1503287440175933
1.682685961523,0.1495847153751513
1.683686546681,0.1512553600403692
1.684699535211,0.14935549006676752
1.685700731524,0.1494008383064833
1.686702259896,0.14926985042937033
1.687702987435,0.14982176655300083
1.688707469188,0.15293092654498464
1.689733015714,0.14939555778202349
1.690734509332,0.15045345330719412
1.691742688826,0.15102955899927753
1.692755312327,0.15052545309512036
1.693764788336,0.14956269692845658
1.694767383689,0.1507998636003635
1.695778511645,0.15039628004385056
1.696787222397,0.14922133682597735
1.69778798744,0.14976638339078555
1.698793327111,0.14974627120305029
1.699799738643,0.15097243890130485
1.700815028134,0.1494053538265888
1.701820087602,0.14872629446915547
1.702820941779,0.15148287904226765
1.703840428158,0.15010948436950575
1.704850097103,0.14970536316025063
1.705856892231,0.14927395270345895
1.706860945435,0.15011396859784853
1.707871002655,0.14995341337138
1.708880291902,0.14962500366281078
1.709888256384,0.14901223336146924
1.710893820531,0.14985723480903182
1.71190654546,0.14819774435129893
1.712908837112,0.14957503094357805
1.713920401873,0.1509752509406374
1.714940686668,0.14822208767666353
1.715941181434,0.14843521549817806
1.716942610198,0.1492356924898022
1.717949521893,0.14857138335700432
1.718952409559,0.15123367673235286
1.719974115782,0.1480307958540686
1.720974821094,0.1483294129582727
1.721978153262,0.14891666982252266
1.722986188783,0.13944492917107387
1.723930936196,0.14851554073215226
1.724938040726,0.15272532252797646
1.725973851815,0.14796689450440031
1.726977346778,0.14828216236063338
1.727983271132,0.1480920339948647
1.728987646362,0.147817690527709
1.72998981323,0.1494623304714309
1.731003508093,0.14840557720552222
1.732010320935,0.14885333878842263
1.733019857345,0.1486191614226689
1.734027829311,0.1476884173577609
1.73502967065,0.1492885516289723
1.736042712352,0.14784539583149423
1.737046275586,0.14893640600009095
1.738057147859,0.14894748381660428
1.739068086169,0.15069824219043293
1.740091387155,0.14831813025030288
1.741099281138,0.14741406672773916
1.742101173565,0.14912891847731471
1.74311504476,0.14834373807617082
1.744124374063,0.14782829498847744
1.745130885391,0.14740388655744555
1.746134943992,0.14782483786300202
1.747142945399,0.14655836497661803
1.748143897034,0.14684838180631998
1.749147488961,0.14716731708962344
1.750153340311,0.14768368257476894
1.751163010717,0.14652394003278488
1.752164841571,0.14753631979946522
1.753173319955,0.14638878378811032
1.754173541086,0.14650127960594078
1.755173914151,0.1480069179717794
1.756184161985,0.14661641643914117
1.757184630298,0.1475515408576777
1.758191265948,0.14684913351318296
1.759193234012,0.1473998145932716
1.760199361749,0.1466691066102369
1.76120157752,0.14662607493153293
1.762204563878,0.146689892249909
1.763208418756,0.14631452858767693
1.764209919623,0.14824350653335985
1.765224125396,0.14841674266019478
1.766238445549,0.14838360307996015
1.767252526755,0.14885260109330153
1.768271249535,0.14676512503336162
1.769277299482,0.14652067748271275
1.770282644658,0.14650035153025562
1.771288136961,0.14625262871322214
1.772292408216,0.14632721980654126
1.773297776329,0.14838605254228654
1.774317411079,0.14884384702807077
1.775340082627,0.1455473405814786
1.77634028231,0.1463986529066096
1.777346947045,0.1314952699901341
1.778251834304,0.14654425254844528
1.779260650811,0.14638243510468577
1.78026816387,0.14552371289120677
1.781269509858,0.14640921137427082
1.782277185911,0.14526803003282168
1.783277461782,0.14545076074972993
1.784279685199,0.1475362375132651
1.78529680376,0.1467972020044228
1.786308676121,0.14523127110603215
1.787309850342,0.1464090567896262
1.788319182291,0.14568617032986472
1.789323757798,0.14564162798964017
1.790328564893,0.1454343699795997
1.791332162299,0.14829096188758006
1.792355743792,0.14504433629972244
1.793357622546,0.14896810305852695
1.794387699561,0.14601611703586573
1.795397774999,0.14561661407195386
1.796405507262,0.14640800991463734
1.797419187178,0.14701556708819963
1.798437445443,0.1444186293905806
1.799438217378,0.14429070936679658
1.800438648095,0.145651036167488
1.801449350423,0.1457224277717445
1.802460871647,0.1450955320961567
1.803468328329,0.14451233548262302
1.804472783961,0.1442388713669982
1.805476753906,0.14443625357756723
1.806482894181,0.14381658921456125
1.807484757241,0.14503131668019859
1.808494788691,0.14365397050379497
1.809495124471,0.1455718936823779
1.810509267641,0.1437578847616044
1.811511899625,0.1453820151693413
1.812526592899,0.1442044695200441
1.813532736873,0.14519211887992034
1.814545868144,0.14467367605364284
1.815555480315,0.14484663136276676
1.816566487585,0.14449183791019382
1.817575818358,0.14538622578346486
1.818591980417,0.14619376275740986
1.819614351123,0.14321745929646443
1.820616044826,0.14442475986076764
1.821625957754,0.08980443365817008
1.822253878116,0.07421964204146554
1.822773115448,0.07033313495440456
1.823265475093,0.10702577949344373
1.824014828582,0.09827794690034991
1.824702892652,0.12346664888924941
1.825567314918,0.14356063800788793
1.826573134663,0.12598094651178676
1.827456654564,0.12210714014684404
1.828313440309,0.11600675846667234
1.829127422211,0.1274535113506537
1.830021824737,0.14186228151417893
1.831017797616,0.12559675863669098
1.831899838376,0.14229759068162692
1.832899317793,0.13213531842003293
1.833827669648,0.11345924242550993
1.83462505291,0.1425474383475599
1.835626920653,0.14289561241816046
1.836631478815,0.119866849468556
1.837474504,0.1424822976842506
1.838476406497,0.14230928976798357
1.839476726312,0.13298608190655975
1.840411566398,0.12478185008444424
1.841289012699,0.11852775572935376
1.842122732146,0.12889634894663746
1.843029983438,0.14200332860968884
1.844030289486,0.14238101687980187
1.845033783848,0.14329567133247972
1.846044169054,0.1424503325313942
1.847048691098,0.1378637938147036
1.848020512392,0.1419647314487866
1.849020652886,0.12641932240899637
1.849910958288,0.13462131627200213
1.85085897044,0.1201364432260526
1.85170515083,0.13039258346351668
1.852623736668,0.1370912141083307
1.853589748083,0.1217284508390539
1.854448181443,0.12775203662135132
1.855349837088,0.14290070397970894
1.856358995735,0.13692448631771034
1.857326444749,0.12591599467498132
1.858216439136,0.134806450216025
1.859169526952,0.14376177266319035
1.860186355164,0.14132641986707442
1.861186405154,0.01317460527115876
1.861279652931,0.14141100348661378
1.862280761583,0.142192389907107
1.863287693575,0.14252049599379468
1.864297068141,0.14156673379280746
1.865299876487,0.14335970746426505
1.866315672798,0.14162427930296853
1.867319256721,0.141256394837013
1.868320242701,0.13493731584288146
1.869276549411,0.1364014601073809
1.870243417741,0.14177430469038868
1.871248756929,0.13362486810383156
1.872196914818,0.13513743308220055
1.873155965718,0.141295310931291
1.874158811687,0.14137707252357637
1.875162871688,0.14209772748687644
1.876172657031,0.13242974009193056
1.877114060887,0.13650446769511582
1.878084678246,0.14110289616758087
1.87908818409,0.1421422883390326
1.880099005843,0.14408741159650626
1.881123891883,0.14069129257164675
1.882125004923,0.12666777362039655
1.883026650171,0.1409369040088104
1.884029842202,0.1234234224757928
1.884908257964,0.1406736765099441
1.88591002709,0.14261314543883463
1.886926371593,0.14195650652675262
1.887938829435,0.1401019047270465
1.888938904745,0.13435432301620764
1.889898506761,0.14077277113608327
1.890904438372,0.1400608426608791
1.891905677054,0.14035460727170102
1.892909503674,0.13981452907752248
1.893909822091,0.12815200518936154
1.89482655904,0.14021449711716907
1.895829685877,0.1256553608905058
1.896729351245,0.12257729580855917
1.897607586192,0.13982799836546675
1.898609944021,0.1405882748662109
1.899618303965,0.13970651741875323
1.900620658298,0.09179008581977113
1.901279475872,0.13040030461884322
1.902215707967,0.1399149200640849
1.903220251207,0.14119011143104898
1.904234428735,0.13163531276686866
1.905180686368,0.12233034280735071
1.906060166619,0.1400063899683372
1.907066786597,0.12599416197310104
1.907972974337,0.12738312781080977
1.908889650897,0.13948623625644302
1.909894185614,0.1213521743845946
1.910768819948,0.12936950989990367
1.911701671484,0.13989833829801035
1.912710306432,0.1391660969192776
1.913713761768,0.13899905316482972
1.914716462719,0.13866112943125852
1.915716873812,0.12934675582039
1.916649674869,0.1396685701378475
1.917656304987,0.12030197117827189
1.918523390531,0.11698417785491419
1.919366935676,0.13756804480210308
1.92035948002,0.1363457305907512
1.921343925944,0.13926361231684153
1.92235009858,0.1402861194284977
1.923363985486,0.13788302958283433
1.9243609077,0.13948304262121514
1.925369858871,0.13925715455800358
1.926377506337,0.13024795314721543
1.927319985468,0.12272000728430907
1.928207758289,0.13843068531810912
1.929209262342,0.13923815160312147
1.93021726904,0.13955427570896622
1.931228200867,0.13899798495894858
1.932235713891,0.139355058196961
1.933246272771,0.13886696824540157
1.934253451849,0.13852094026539655
1.935258332259,0.1384493565606143
1.936263028285,0.12678065530781313
1.937183455435,0.13802080269328149
1.938185482075,0.11664815457086097
1.939032643872,0.13175947519659498
1.939990388404,0.13581985684817394
1.940978490519,0.1264939214154639
1.941899449642,0.12589530800981671
1.942816470137,0.13455991129237468
1.943797061143,0.13763799330344179
1.944800844909,0.11838307889866351
1.945664652591,0.02577319197066407
1.945852713544,0.1385632870290492
1.94686359859,0.12673433443029034
1.947788469196,0.13829344297337323
1.948798344586,0.1329961232132185
1.949769990058,0.12464269803312063
1.950680892474,0.12438281153689011
1.951589669461,0.13506312656264075
1.952576092598,0.1261755224408339
1.953497957669,0.13741368799922643
1.954502727108,0.13741661619272028
1.955508291015,0.13813245010531985
1.956519651402,0.13755624838306377
1.957526840369,0.1368596573368903
1.95852903905,0.13718116160609262
1.959533535417,0.13799675052796678
1.960543690347,0.13710265744175265
1.961547135861,0.13232340804278944
1.962515544913,0.13671889551383265
1.963516175391,0.12399224089739858
1.964423600428,0.12780218165375345
1.965359076344,0.13686388717068712
1.966361348458,0.13291768486596675
1.967335305427,0.12165063660830006
1.968227457816,0.1362819917948725
1.969227514342,0.1363359006298137
1.970228777506,0.13465079804213498
1.971218211509,0.13420326302858457
1.972204059507,0.13317383383155457
1.973181968405,0.12919922791812324
1.974130951706,0.12916558909389364
1.975080164866,0.1246319041861229
1.975996185512,0.1335366517740533
1.976978025579,0.1370156379749348
1.977986091183,0.13615253669213837
1.978988092037,0.13695470717514685
1.979996040636,0.13730373418328723
1.9810068371,0.13613233801294783
1.982009102674,0.1369246581081667
1.983017026246,0.12759595319926698
1.983956365254,0.1369268339460933
1.984964627207,0.1273733751905111
1.985903162231,0.13296955322511697
1.986883786464,0.13638085666520128
1.987889574017,0.1357102981985073
1.988890117478,0.11816118333213843
1.989761476829,0.11747982238737166
1.990628071876,0.10606966283980024
1.991410718765,0.12597827363111658
1.992340890565,0.012900442537942996
1.992436190949,0.13581445443675855
1.993440292687,0.1364445940294286
1.994450459031,0.1357346717261484
1.995456141084,0.10039066707716826
1.996199850947,0.13522008188288168
1.997200771677,0.12702931501961282
1.998140855347,0.1225361789994274
1.999048317863,0.13665478118473312
2.000060825925,0.1272311463432114
2.001003724036,0.13223751206210854
2.001983833354,0.13099344051659303
2.002954892231,0.12938632981059345
2.003914576534,0.1352675928183153
2.004918385253,0.13524154016359527
2.005922181097,0.11515982751221315
2.00677711884,0.12678579105359175
2.007718571607,0.12896314041446608
2.008676045796,0.13325327445544752
2.009665278717,0.12180750674838199
2.010569862881,0.12998906723017786
2.011535310819,0.11886937178816619
2.012418361229,0.1114771598313178
2.01324707081,0.12912748874095592
2.014207510348,0.1138392877987801
2.015054803154,0.13506553187024326
2.016061148733,0.13280308289003184
2.017051557511,0.1341106862711357
2.0180521977,0.1277132333265182
2.019005215261,0.1347428576966624
2.020010448594,0.10744169483647019
2.020811980827,0.13076065719509408
2.021787583258,0.1351347872051221
2.022796173369,0.13453516737635907
2.023801020606,0.13436075586878427
2.024805058798,0.13424162523904642
2.025808785341,0.13546158330514646
2.026821883677,0.13391846695070503
2.027823088009,0.13450087993990253
2.02882835901,0.10768827497130196
2.029633129199,0.11848177792356891
2.030518259462,0.1340291803169776
2.031519497851,0.11665322589623307
2.032391740601,0.1276421516750621
2.033347159405,0.13401895189839694
2.034351032539,0.13495504346574003
2.035362580991,0.13370206792578765
2.0363649122,0.030855827219754654
2.036596200793,0.13383634188232443
2.037599405374,0.12862597679400892
2.038563445263,0.13498705482908469
2.039574994213,0.1337220262926963
2.04057717428,0.13509066147630316
2.041589945291,0.12365655336369354
2.042517517384,0.13383435509562064
2.043521842995,0.1276347213045048
2.04447964783,0.13500511580418523
2.045493127026,0.13391046132652842
2.04649891785,0.13346391259091273
2.04750144623,0.13343569512743447
2.048503668972,0.10924715522357237
2.049324493097,0.12456086144198501
2.050260551066,0.129014012337313
2.051229956018,0.12429866364969279
2.052164667244,0.13327254477646247
2.05316793336,0.1344658217233253
2.054180705136,0.1262644164173925
2.055132119417,0.12625393953289799
2.056083634408,0.13465032002052452
2.057098345748,0.13343911465899405
2.058104440859,0.13340897880083893
2.059110879134,0.13040937783245646
2.060094407579,0.13305156987461722
2.061097539558,0.13273261918649287
2.062098361729,0.13430828280133122
2.063110877496,0.13543784132294798
2.064131577967,0.13416879538916396
2.065142701106,0.13363867318484607
2.066150202879,0.12706329650315323
2.067108417378,0.1299427589311186
2.068088268778,0.12159256790113696
2.069005163355,0.12179546815922294
2.069923891266,0.13117488296603308
2.070914357794,0.1323619726849242
2.071914971693,0.1326298248247264
2.072918112784,0.13278258460606307
2.073922310311,0.058049460912009854
2.074361255848,0.12862588254137633
2.075333768573,0.13304934541158117
2.076339709545,0.1323814225650856
2.077340829573,0.12366707084281522
2.078276595106,0.13342585787951305
2.079286468705,0.13305475946526826
2.080293703864,0.12422886663979843
2.081234645275,0.1328596532663294
2.082240900495,0.1333354757098124
2.083250719753,0.1333525940013662
2.084260933537,0.13422270613788964
2.085277805172,0.13456862969272257
2.0862976457,0.13240087825610447
2.087301551058,0.13266243807327396
2.088307613576,0.1331781675288257
2.089317686385,0.1318870269363122
2.09031829479,0.1336708554200322
2.09133270838,0.13284874111793715
2.092340885307,0.13271759710249528
2.093348100865,0.13185235994945038
2.094349156069,0.13339323556262067
2.095362544214,0.13255745677700154
2.096370223318,0.1316908824077754
2.097371570276,0.1322316045528806
2.098376764581,0.09351323725776288
2.099087465186,0.11800661990516362
2.099984007491,0.13438983664922416
2.101005671045,0.1313606689398838
2.102006276073,0.11484188449510695
2.102882027647,0.1324716852218219
2.103892024777,0.12854821764653634
2.104872529685,0.11669562793274041
2.105763462855,0.1241988184494473
2.106711872048,0.1336081944513445
2.107732228053,0.13142076350346577
2.108736185733,0.1320297414842594
2.109745089831,0.1317315074988613
2.110752009786,0.13196953836782022
2.111760659621,0.13287661497611705
2.112775900981,0.13189352644398109
2.113783568215,0.1314797942369666
2.114788240639,0.12142695865770095
2.11571620639,0.11855167359810657
2.116621968871,0.13153143023164895
2.117627074611,0.13103440362212507
2.118629436722,0.13070049982497448
2.119629966007,0.07286961436765267
2.120187786084,0.13070436281779957
2.121188329136,0.1313102095360836
2.122193546089,0.13096856527064216
2.123196102545,0.13080565952461545
2.124197406402,0.13068101373393554
2.125197592404,0.13070719180178944
2.126198070528,0.1257315374963287
2.127160633017,0.13178870235428125
2.128169723177,0.130844915525187
2.129172145708,0.13091084600784386
2.130175712793,0.1222105013343821
2.131113302717,0.13068991564570737
2.132116439847,0.13061826157686243
2.133119291007,0.12627158520905196
2.134089223971,0.1302959381953071
2.135090445781,0.13039862647398948
2.136092671749,0.12913504656858504
2.137085507987,0.12343363255562995
2.13803479555,0.12441831157668068
2.138991641634,0.12818991835357052
2.139977642003,0.13045394122134835
2.140981851504,0.12996882496960857
2.141982972319,0.13046700398451508
2.142988320847,0.10611177350367361
2.143806403994,0.13114795007566923
2.144817670923,0.13102815969319984
2.145827997942,0.13129028367020376
2.146840789246,0.12959964396467047
2.147841363697,0.12685948732542632
2.148821093141,0.1296013424541735
2.149821715579,0.12145018661078007
2.150759418898,0.131662736475865
2.151776344366,0.13045189579876484
2.152784861814,0.11124197297650594
2.153645661015,0.12680856582830444
2.154626487806,0.12982472550868798
2.155630092205,0.12975796682957214
2.156633488863,0.1305287098069649
2.157643516756,0.1300616339492827
2.158649849588,0.12978542068709795
2.159654032899,0.12978217262503478
2.160658943506,0.12964258182339694
2.161663069845,0.12814639807007103
2.162655423356,0.1250951674004221
2.163624009568,0.12961853434090534
2.164627754321,0.12926921892069504
2.165629439032,0.1193541811783363
2.166555245906,0.025423452491319793
2.166752543287,0.12811210315968374
2.167746659832,0.12949649060986657
2.168751760608,0.12993944275255592
2.169760893553,0.1287663477850516
2.170761394087,0.1289927191883338
2.171763994348,0.12944397947267072
2.172769916182,0.1296054833316477
2.173776971474,0.12909981657718775
2.174780185526,0.13080130026475448
2.175796436269,0.13086645440555172
2.176812800192,0.12885338586208783
2.177813073608,0.12026865496226177
2.17874664474,0.12270011637992448
2.179699294164,0.12300298427148607
2.180654797389,0.13009049218186888
2.181666261532,0.12932177309842793
2.182672793903,0.12852949664441238
2.183673757971,0.12883465803661437
2.184677349848,0.12902920293428694
2.185682522257,0.11513971574566932
2.186579457281,0.08939912123387003
2.187275873056,0.1285642918875452
2.188277523958,0.12947841018072073
2.189286811689,0.129390318378454
2.19029606039,0.1299704570397549
2.191310141575,0.13007625461759253
2.192325382068,0.12848069205547114
2.193329102912,0.1205067790060009
2.194271132232,0.1288221730249071
2.195278087334,0.1285945454512708
2.196283362215,0.12859500030357612
2.197288763182,0.12809078357510748
2.198290056026,0.11531454715114389
2.199191645509,0.1277413132987876
2.200190661456,0.1289922882160569
2.201199193785,0.12854470817547334
2.20220462129,0.1284027583080459
2.203210124385,0.1279674722391941
2.204212743455,0.1222733180814132
2.205170716948,0.12845509058995508
2.206177399907,0.12504440397787672
2.207157993626,0.12864509340777197
2.208167032905,0.12941506094891203
2.209182282009,0.1284490374842271
2.210190092019,0.12764920145895717
2.211191626771,0.12358931609163244
2.212161266251,0.12779367771605474
2.213163634765,0.04119687252397487
2.213486719765,0.12841939834740304
2.214493933823,0.12836764241733423
2.215501098781,0.12742073557290587
2.216501328758,0.12835435717416302
2.217509177273,0.1275063871261664
2.21851000904,0.12848081317615592
2.219518140771,0.12807309791380253
2.220523458302,0.12289540252831396
2.221488588688,0.12768038808313548
2.222491194834,0.1273343466017708
2.223491337426,0.12818997194347825
2.224498996635,0.12837760549897895
2.225508839683,0.12784863670160077
2.226515050261,0.127552378530052
2.227519281369,0.12286869233122716
2.228486687306,0.12046010234561975
2.229434862641,0.12742275580500131
2.230437830853,0.12440374611641035
2.23141776055,0.12290008950541083
2.232386526886,0.1289832204674879
2.233403396766,0.128043118125794
2.234413142362,0.1272954225416445
2.235417671898,0.12797429604991933
2.236428069389,0.12683729422701986
2.237429862559,0.127162502589228
2.238434761901,0.1267201204120411
2.239436623491,0.1272774226600879
2.240443613779,0.12667346714653277
2.241446358845,0.12877615908821327
2.242465706131,0.12701710965713664
2.243471034395,0.12717533297506206
2.244477810564,0.12677824567605794
2.245480976492,0.12776236265140678
2.246491444297,0.12622569599645303
2.247490171482,0.11833890741295049
2.248426832467,0.11884305216092507
2.249367848871,0.12624434627241699
2.250368001129,0.12193967519201832
2.251335113742,0.12345481580557062
2.252315441598,0.1262491212914447
2.253318708002,0.12707149199025003
2.254329343891,0.12592825333504795
2.255331497286,0.11719897247198538
2.256264269571,0.11729140906955049
2.257197509203,0.12772659347735946
2.258213629275,0.12680665928047805
2.259223506589,0.07025651124157414
2.259783672759,0.12187238474519875
2.260754993573,0.12671343665593945
2.261764185173,0.12642342038754983
2.262771291334,0.12726315622648277
2.263785828575,0.12732777851361168
2.264801213597,0.12658934566242477
2.265810660088,0.12070236995698093
2.266772778602,0.12612720258447
2.267777468,0.1265671812525934
2.268785750157,0.12586750614162065
2.269789274549,0.12581949524351813
2.270793373998,0.12657503250460347
2.271804267494,0.12550386184929477
2.272806943536,0.12635000664579757
2.273817030489,0.1263454886576486
2.27482724841,0.12602530740492157
2.275834859306,0.1257747865064803
2.276841154117,0.12660323453124014
2.277854706557,0.12584903480836118
2.278862070383,0.1261446417100434
2.279870852695,0.12611005844259462
2.280878727572,0.1252374615222218
2.281879674197,0.12715885280076947
2.282896363334,0.1261216796692251
2.283905556759,0.1251766772805758
2.284907957893,0.12624371115343797
2.285918881685,0.12539184033538886
2.286923114572,0.12494861611457027
2.287924475264,0.12542518966630187
2.288930205693,0.12603629364187321
2.28994149314,0.12348207767036608
2.290932820176,0.1250308412044688
2.291936827649,0.12176973048286605
2.29291526292,0.12548215784876846
2.293924460887,0.1253236947819981
2.294933170229,0.12450659996675957
2.295935988406,0.12453728889761162
2.296939160162,0.12450311245872421
2.297941862554,0.12432340090280578
2.298942967003,0.1251769208895773
2.299950946305,0.12482027973178424
2.300955984931,0.021638991451293856
2.301130157288,0.1235922810288131
2.302124757077,0.126279467969426
2.303140497436,0.12438750922542377
2.304140783144,0.12516123292237602
2.305147935566,0.12576139594433774
2.306160373701,0.12444838294567634
2.307162570499,0.12499892236338372
2.308169542106,0.1254154267767504
2.309180021771,0.12493096751656534
2.310186970613,0.1242001235016581
2.311188245451,0.12408759031561761
2.312189114018,0.1253145810702651
2.313200725023,0.12544499537900558
2.314213902556,0.12475027560706645
2.315221651001,0.12544290923118037
2.316234907331,0.11918249400442654
2.317197831446,0.1245694389529686
2.318204856495,0.12429408888833565
2.319210033905,0.11659842882332896
2.320153406163,0.12365191893353542
2.321153990654,0.12412747101072324
2.322158712891,0.1235699403759868
2.323159955773,0.12430816719764551
2.324167815621,0.125155945785634
2.325182999005,0.12395293240190812
2.326188717584,0.12417057258047864
2.327195803268,0.12392657967745063
2.32820054954,0.12336844748834756
2.329201015562,0.1243196997219095
2.330209760889,0.11455218486464652
2.331139238655,0.1235708620455063
2.332141351875,0.12605299827371794
2.333164172495,0.12366552296390344
2.334169103557,0.11743375999836718
2.335123857261,0.12354808161771388
2.336127817685,0.12476048972342788
2.337141305085,0.12389713980616243
2.338148171626,0.11090274112601417
2.339049611469,0.12305645744321277
2.340049831082,0.12297409269632809
2.341049953371,0.12356358694672537
2.342056008392,0.1231835670379074
2.343059832167,0.123532481459452
2.344066637066,0.12401223317693838
2.345077394675,0.11875423637068667
2.346045581968,0.12653230733564516
2.347077336103,0.12416172759455758
2.348089777687,0.12311305873278987
2.349093859466,0.12405733781670647
2.350105550564,0.12298183303742116
2.351108314988,0.12405324668406154
2.352119926523,0.12363616310014443
2.353128033607,0.12385759725112357
2.354137938104,0.1229872683685842
2.355141127137,0.1232898533239988
2.356147118606,0.12316397578388419
2.357152204679,0.12160638242413999
2.358144589998,0.12337895202628012
2.359151518,0.12338055788669376
2.360158984851,0.12278346488568398
2.361162633991,0.12243447329985092
2.362164283841,0.11066867734951122
2.3630702068,0.12310530531345996
2.364078401725,0.12347776227873619
2.365090077508,0.12286673590160546
2.36609710975,0.12298783272177762
2.367105337105,0.12449877025518641
2.368125905281,0.1184402028290375
2.369096843969,0.12245200577888991
2.3701008229,0.12279539148421151
2.371107726586,0.12339732959575235
2.372120122287,0.12303378930817678
2.37312990592,0.12299258980811084
2.374139672916,0.12357417482100225
2.375154187199,0.12254584600197813
2.376159902808,0.12265242277996767
2.377166531516,0.11074310455357123
2.378075235333,0.1221538174547459
2.379076989545,0.12305137863279708
2.38008630592,0.12203592641584994
2.381088113541,0.12218832269121373
2.382091483048,0.1222113276545642
2.383094960286,0.12311091400084324
2.384106000704,0.12293849092160036
2.385116478477,0.12305645201326618
2.386128428561,0.12239681336837265
2.387134921403,0.1231051327472107
2.388147597757,0.12225472801335377
2.389153696602,0.12227396412568055
2.390160829189,0.12261727389209104
2.391171768213,0.12231903688913018
2.392180541454,0.12143716915141928
2.39318227468,0.12131417378815201
2.394183264054,0.08890115624108764
2.394916883334,0.12179609475371679
2.395921762868,0.12162639489971508
2.396925298597,0.12167599987399808
2.397929631545,0.12120863968864393
2.398930132395,0.12221112057200305
2.399938778492,0.12246968198458925
2.400950136979,0.12156826717074357
2.401954818833,0.12242725327749465
2.402966660043,0.12214199773541601
2.403976502392,0.12124996929014106
2.40497979381,0.12214970580921816
2.405990794023,0.12135112419531058
2.406994998238,0.1214594794525772
2.407999923052,0.12110948631041298
2.409002350329,0.12104510058391699
2.410005055066,0.12226493629765929
2.411018297417,0.12072332130138802
2.412018733128,0.1216029559488755
2.413025924202,0.12192113246063448
2.414036127952,0.12134350646288096
2.415042855815,0.12042851874933139
2.416042867398,0.12110292953757719
2.417048908391,0.12094182510182193
2.418053725078,0.12096675065202671
2.419058343758,0.12167411464617485
2.420068123143,0.12133769476761634
2.42107502334,0.11701864802212532
2.422046911984,0.12191992980338515
2.423061059773,0.12137048202528185
2.424071836477,0.08552357871450478
2.424784390668,0.0863508023162656
2.425503516929,0.09385573008506409
2.426284498605,0.12123570921911866
2.427293039574,0.12173378496743224
2.428306424503,0.10819422524811793
2.429207828642,0.10332409914379614
2.430068900878,0.10834882685795433
2.430971970274,0.10986723848230022
2.431888184975,0.10071230149048646
2.432728862017,0.11469418879804637
2.433687143643,0.10608012259048051
2.434574269219,0.11227950494568428
2.435513924754,0.1054613477374745
2.436396766214,0.10538370970373569
2.437278886983,0.10015633797905076
2.438117409981,0.10854635109701664
2.439026577972,0.1189481723947834
2.440023074168,0.1060496362128914
2.440911810641,0.12044668079089274
2.441921511651,0.11344898989475877
2.442872693435,0.10099947871998559
2.443719636979,0.10168322831159649
2.444572243899,0.09828384201264129
2.445396354856,0.11926350902056695
2.446396757122,0.11517172511420076
2.447363556949,0.10196565229207002
2.448220020949,0.11550780925838199
2.449190382419,0.0963722580930882
2.450000226196,0.10457307849845174
2.450879462172,0.10497883382678583
2.451762417729,0.09853411513985118
2.4525912742,0.0917387271918559
2.453363078546,0.10340490024624786
2.454232941908,0.09400081096134186
2.455023664329,0.09761381241523596
2.455845141047,0.11744045758539773
2.456833700046,0.10620253583212755
2.457727839739,0.10040808884897151
2.458573549453,0.09491590015507884
2.459372993094,0.11646505111139713
2.460353671402,0.10095578703677736
2.461203441226,0.09945154644215827
2.462040439402,0.05156001563198172
2.46247451137,0.09722732232697857
2.463293260315,0.09967139315013661
2.464132969157,0.1111732365228929
2.465070266803,0.10074671681793171
2.465920167427,0.10253892629054367
2.466785250483,0.10304264714398777
2.467654608392,0.09808067234194079
2.468482384168,0.09790728701393185
2.469308870276,0.09901161391706102
2.470144817391,0.1059410920831
2.471039730443,0.10686445731868964
2.471942918051,0.11028974355927651
2.472875018793,0.09964625107667961
2.473717401141,0.08708026228234167
2.474453872657,0.10146817961975325
2.475312063867,0.11794806220912696
2.476309701405,0.095962788377603
2.477121730458,0.09897531302509009
2.477959909989,0.11842695974960667
2.478963011262,0.08999290621165451
2.479725335013,0.10299586945064716
2.480598073938,0.11844727463231548
2.481602144215,0.09687992807220498
2.482423779689,0.08803747057022461
2.483170608394,0.10318721820937764
2.484046078668,0.11335640507650997
2.485008322525,0.09230064519065904
2.485792336833,0.09211081478941463
2.48657496486,0.08666837220388685
2.487311396638,0.10018678849628697
2.488162699765,0.10880827278504922
2.489087850746,0.10195630001534586
2.489955657372,0.10530318527621926
2.490852586657,0.10154687444492752
2.491717422425,0.10620981595283936
2.492621727117,0.0987420682557272
2.49346253574,0.09909281014350117
2.494306221243,0.0747177137495056
2.494942335707,0.11085359954106695
2.495886288953,0.10521810674508468
2.496782426929,0.09926828084948461
2.497627846208,0.11617653345114147
2.498617413213,0.11413696330161284
2.499590150293,0.09847042447260644
2.500429650686,0.09270195168658098
2.501220045612,0.11078723917375712
2.502164389028,0.11033387502259426
2.503104743312,0.10248986508461358
2.503978499662,0.10718958742330535
2.504892766822,0.10283082364689489
2.505770455873,0.08821544644596778
2.506523707607,0.08930617042623974
2.507286302023,0.09982333720830777
2.508138498676,0.10726192202139301
2.509054165654,0.09970538337161512
2.509905682066,0.0991971924519199
2.510753324283,0.09802351555919793
2.511591293728,0.08997836289633211
2.512360618506,0.11841927034122818
2.513373215955,0.11705241610490107
2.514374456608,0.09389052078446432
2.515177805626,0.1026312103017263
2.516055906255,0.11144512168866495
2.517009506874,0.09851195033089519
2.517852688579,0.10824664176467068
2.51877935189,0.0950917263332286
2.519593611619,0.09259974520087187
2.520386669132,0.10005058179963447
2.521243704236,0.09240742560351937
2.522035437832,0.09631494375690242
2.522860669744,0.11034051806969905
2.523806457534,0.1091444623321974
2.524742807587,0.09402460172580987
2.525549954157,0.09664620262288459
2.526379948133,0.08703605388228719
2.527127437387,0.09844317826247362
2.527972616861,0.09726706989075201
2.528807668733,0.09379150758086069
2.529613153751,0.10238499020919482
2.530493186724,0.08688169382892615
2.531240730202,0.09899984532972547
2.532092924266,0.08412004692205194
2.532816840969,0.08931223969228483
2.533585289557,0.10885661632341077
2.534522113451,0.10237393681993096
2.535404021394,0.1010290737468719
2.536275160649,0.10131128167567617
2.537148764713,0.1013726446289932
2.538022682368,0.0989961862758356
2.538876132247,0.098099170612614
2.539722110071,0.10502613909138506
2.540627767187,0.09463469604857158
2.541443851619,0.09370242139929594
2.54225229241,0.09828122150935009
2.543100406171,0.09896476100490302
2.543954274467,0.09030797664082933
2.544733565262,0.0946912900486731
2.545550752325,0.11651133258117162
2.546556224823,0.11143838349914541
2.547518399275,0.09870431467573966
2.548371057668,0.10000757570940416
2.549235148693,0.10451510132037083
2.550138224531,0.11120504210072481
2.551099307437,0.10641306016724915
2.552019286953,0.1000429859716307
2.552884343305,0.09491021359305596
2.553704877599,0.10394434612576908
2.554603137947,0.09449799621210758
2.555419592824,0.10208351319311602
2.556301906748,0.09661794388211008
2.557137572923,0.10037059256105987
2.558006196062,0.09981683298449388
2.558870499932,0.06913023494644614
2.559469379654,0.10000645006225235
2.560335981554,0.09314247903890976
2.561143243281,0.10379311099473484
2.562042922564,0.09904240277584092
2.562901495256,0.09953416048867579
2.56376451711,0.08622534348224764
2.564512347214,0.08819790654277544
2.565277571996,0.09659328185113501
2.56611603542,0.08957426838354356
2.566894305014,0.09288807976607263
2.567702024111,0.09536970713586085
2.568531573862,0.08682807463582948
2.569287338474,0.10213249344534753
2.570176513991,0.10486003663153427
2.571089332099,0.10755922853667887
2.572025647204,0.1082891655983818
2.572968374995,0.09430744356408546
2.573789442078,0.09517162921445803
2.574617866235,0.0913737368969746
2.575413002404,0.11014597826380282
2.576371535593,0.11476516569958174
2.577370785394,0.10112606194885695
2.578251584657,0.10358956853498678
2.579153631227,0.10044344578598545
2.58002820873,0.10448091948506336
2.580938192402,0.11550277221011193
2.581944732081,0.11261204603250578
2.582927026412,0.09982216306590588
2.583798174815,0.08891171060783704
2.584574016345,0.1028971478489886
2.585471561259,0.09326846435362439
2.586285232487,0.08439770057883862
2.587021871961,0.09843011071504212
2.587881276905,0.10446195122831319
2.588793774636,0.10005226529433889
2.58966824467,0.09988363509824798
2.590541597712,0.10186580884622858
2.591432500731,0.09679781046318585
2.592279340521,0.08782052179365503
2.59304790642,0.0974520989948032
2.593901056529,0.06579883554062266
2.594477192874,0.11435923150598021
2.595479166554,0.10245067367369295
2.596377598382,0.10626350894561407
2.597309551182,0.11473118882258339
2.598315308634,0.1071317372284946
2.599254106881,0.09138033192151297
2.600054514879,0.09796473355321074
2.600912153582,0.09239722341802473
2.601720954741,0.09905305629919472
2.602588501359,0.08819785836379979
2.603361723409,0.10805991235139639
2.604309628447,0.09573169162216241
2.605149827808,0.0938685146753668
2.605973922223,0.09758431794209774
2.606830310745,0.11175486533170235
2.607811166695,0.11551002204569563
2.608825648201,0.11108261984446738
2.609801748695,0.09419055036794437
2.610629464162,0.09581725903198043
2.61147139536,0.10256334707595326
2.612372460774,0.10539883971412765
2.613298309805,0.10397272393689096
2.614212005319,0.10113264922967016
2.615101247388,0.10605425933530116
2.616034334806,0.11214228382546859
2.617021369298,0.10540794107750807
2.617949271321,0.09945503638649483
2.618824730357,0.08745119389297731
2.619594381221,0.10257262273974656
2.62049717303,0.10421176367902153
2.621414737325,0.11057182635924015
2.622389245038,0.11084380595855611
2.623367028869,0.09874510634229659
2.624238273813,0.09342613569333469
2.625062412393,0.09809979621673817
2.625927291721,0.09495932105895787
2.626764630009,0.10016012767508126
2.627648570132,0.10406209449113249
2.628567399637,0.10693920199947854
2.629512530758,0.08356754699404319
2.63025172845,0.10098083114115129
2.631145143218,0.10685515392450946
2.632090576318,0.0979925940875604
2.63295705964,0.1012875514753806
2.633852332508,0.09267211527855992
2.634671663701,0.10893661944708284
2.635635422778,0.09529900505604766
2.636479261745,0.11142639477713275
2.637466596215,0.11351033624606831
2.638472638867,0.10987438743828619
2.639446272595,0.09575074009217506
2.640294715418,0.09341339883924438
2.641122088906,0.0912434153296389
2.641929944613,0.1063568551647576
2.642872076339,0.0966305136205321
2.643728797289,0.09493287666090042
2.644571028,0.09443698053966801
2.645409082494,0.10802691134077098
2.646367556976,0.10199619861158521
2.647272472283,0.09961592958609261
2.648156709672,0.1043418002689284
2.649083534281,0.10655633445274185
2.65003070152,0.1097614164881117
2.651006611178,0.09450271791239047
2.651846683256,0.10284543684144108
2.652760957713,0.10596586233223503
2.653703239153,0.10103446093103942
2.654602162928,0.10280039241064845
2.655517062225,0.09340478150905715
2.656348444391,0.09815936682523702
2.657222429678,0.10937584098079337
2.658196346179,0.10150718398303418
2.659100512917,0.1025361476557086
2.660014308052,0.10396894903070875
2.660941104948,0.11299085841402293
2.661948241026,0.10128511511083427
2.662850983419,0.09035109651876948
2.663656390307,0.08012791155939025
2.664370842251,0.09747482263263184
2.665240474776,0.10573415618692204
2.666184536656,0.09608741261272714
2.667043026312,0.09867134650515728
2.667924782581,0.10348270573726027
2.668849360896,0.09137048458281083
2.669665579444,0.09399345575903273
2.670505219716,0.09755283305399759
2.671377014623,0.1007672524111054
2.672278504248,0.10364540830769363
2.673206630237,0.10243734130249604
2.674124250438,0.11171950448049386
2.675125101301,0.0944629162682928
2.675971276883,0.09854662974966442
2.676853845823,0.10397612770625894
2.677784962626,0.09739414572022662
2.678657416944,0.09795628155656412
2.679535279202,0.09931586993139177
2.680425414776,0.09842749091992783
2.681307741366,0.11013440353004719
2.682295376409,0.10140257105680328
2.683204959181,0.09837632243718725
2.684087526378,0.11162232941059413
2.685088978776,0.09751782902751203
2.685964112523,0.09811818948556153
2.686844937495,0.10324812897218555
2.687771994359,0.10773163281323006
2.688739578761,0.1106859982733174
2.689733806632,0.10797507716724661
2.690703999451,0.0964046033880715
2.691570680665,0.10266354804001275
2.692493863359,0.11144033580989733
2.693496112928,0.11147314012031533
2.69449899133,0.10270231554190218
2.695423220233,0.09641606840061802
2.696290932714,0.07381419704895674
2.696955217902,0.09301561265157576
2.697792166705,0.09336871787052499
2.698632294474,0.09286870258635248
2.699468404938,0.09725604052351487
2.700344841055,0.10417376523057223
2.701284458691,0.10120139002577229
2.702197763224,0.10385669468418439
2.703135306161,0.10505406352267796
2.704084003119,0.10708756776880277
2.705051387396,0.0938672077126677
2.705899810653,0.10981775268664845
2.706892828506,0.09340535511067902
2.707737314854,0.09238792194247229
2.708572372686,0.09236045479057714
2.70940710501,0.09692324417541194
2.710283202051,0.10262516762481556
2.711211187158,0.1107080536372431
2.712212558677,0.10380915019864118
2.713151757667,0.10971434127653748
2.714144362664,0.11111419860714293
2.715149717289,0.10181870119673689
2.716071324745,0.10239399882960218
2.71699823983,0.09760334170317243
2.717881635863,0.10298122339873901
2.71881348959,0.1003096920991294
2.719721312427,0.11105748652120767
2.72072700204,0.1110188348851288
2.721732797671,0.10517233502331465
2.72268590417,0.11173133665526817
2.723698759546,0.10786973044071499
2.7246769054,0.09652100382343486
2.725552251594,0.09411045227407028
2.726405847167,0.09494547168832007
2.727267290755,0.10117110962309711
2.728185811031,0.1029063520404925
2.729120952169,0.0969109281369152
2.730002031613,0.09548902924032152
2.730870124254,0.11060751168636514
2.731875922848,0.11081804691522407
2.732884186256,0.09787175969126181
2.733775012575,0.025077140849575384
2.734003287869,0.10435723291599724
2.734953017146,0.10569760752914427
2.735915184489,0.09694498117290797
2.736798075362,0.10162479261749309
2.73772360558,0.10714334875330267
2.738699316612,0.10227849018935795
2.739631121149,0.07849330566581866
2.740346738312,0.09492344348342162
2.741212130515,0.10224109732991285
2.742144203389,0.09697544226929064
2.743029240831,0.10374643820833082
2.743976783591,0.10250566359470435
2.744912808504,0.10754611711401862
2.745894881015,0.10974854137062606
2.746897266438,0.10686859853096634
2.747873233491,0.09714400112372079
2.748759897992,0.09867561706112264
2.749660286556,0.10809279804839989
2.750646878659,0.11020560342209244
2.751653503322,0.0998093715689426
2.752565705708,0.10975432763844584
2.753568995056,0.1003005913738601
2.754486007074,0.106063506028204
2.755455576691,0.09619266468223138
2.756334829834,0.10955854540485546
2.757336500699,0.09279251469216403
2.758185293642,0.09527292268631807
2.759057086753,0.09936650640296002
2.759966276558,0.09530581019658618
2.760838344071,0.1056911595973503
2.761806110989,0.10925030855009482
2.762807577658,0.10752179394919723
2.763794029178,0.10684778513223392
2.764774581943,0.10810623955177096
2.765767080727,0.10093675590064063
2.766694009365,0.10588769751208109
2.767666161121,0.10205056526465102
2.768602903452,0.10581145482075754
2.769574174085,0.1050163072677492
2.770538275758,0.10916506950466583
2.771540670804,0.10673177547985921
2.772521190051,0.09848780771597207
2.773426424803,0.10915105612201162
2.774429940065,0.11030000503594513
2.775444290532,0.029108751381282143
2.775712004077,0.10541709741897272
2.776681698766,0.08759331741358056
2.777487550594,0.09674552727218033
2.778377439425,0.10152439912034653
2.779311149485,0.10829825591926688
2.780308038398,0.09812029359827773
2.781212400314,0.0993055725816207
2.782127996334,0.09155154574487473
2.78297218517,0.10830596424864972
2.783971314451,0.10608301159579109
2.784950675443,0.10629268307739959
2.785932746083,0.0869915466679134
2.786736912634,0.10484503846500062
2.787706266717,0.09766008761024147
2.788609428678,0.10850884132238499
2.789613538379,0.10821314867872768
2.790615423747,0.10960137043017941
2.791630501198,0.10880385816897971
2.792638318836,0.1082956256982344
2.793641341528,0.08764594873104099
2.794452833175,0.08696711879475703
2.795257558402,0.09629997495311766
2.796148056929,0.10075546477385897
2.797079741519,0.09614755062896843
2.797969613491,0.105435236849427
2.798946131738,0.10016327740553081
2.799874209713,0.10362587547626927
2.800834613101,0.09310682748851733
2.801697552876,0.10589861439574368
2.802679482896,0.10838098825469689
2.803684970119,0.09750425919808273
2.804589516855,0.10145478654226577
2.805530758748,0.09967769293585137
2.806455704597,0.10774624619351691
2.807455949741,0.10821355582670707
2.808461371904,0.0944661571727143
2.809339372341,0.09335874888837534
2.810207058729,0.09255317082662111
2.811067204902,0.09369586942146751
2.811937775715,0.10103784469512071
2.812876801036,0.09757649902479651
2.813784342565,0.09913370419953142
2.814706871415,0.09168850959264373
2.815560319812,0.10336557297328042
2.816522736157,0.0034934351520856852
2.816555271297,0.10827272305344954
2.817563655747,0.10734390707781573
2.818563776418,0.10715840630320585
2.819562473156,0.1078955235507736
2.820567778408,0.08871208045807645
2.821394238045,0.09680986546668988
2.822296094733,0.10044245540749862
2.823231516407,0.10062057683777667
2.82416880411,0.10639401216106617
2.825160725452,0.0993825658425755
2.826088063019,0.09605400588419456
2.826984942601,0.0817696083813267
2.82774866159,0.08888421556317143
2.828578805597,0.10569318455682225
2.82956609519,0.09643233544835456
2.83046763657,0.09732650851128562
2.831378300686,0.10701530209814429
2.832379802,0.09999755146070022
2.833315395635,0.10750922048358481
2.834320951384,0.10693830499505871
2.835321265305,0.09152288786134123
2.836177448027,0.10150702078644087
2.837126927886,0.10317390571280566
2.838092195262,0.09620014976822958
2.838992725181,0.10083666263207619
2.839937168179,0.0867484441507902
2.84074999895,0.10229517404766861
2.841709005779,0.10681349420047101
2.842711011846,0.09960412094841886
2.843645676601,0.1030704979362075
2.844612749962,0.10758859452816896
2.845622451611,0.10725093870119505
2.846629427676,0.1060844372501131
2.847625526301,0.09272796826636866
2.848495801412,0.09071953875448467
2.849346837763,0.10693886693271294
2.850350242527,0.1073384658161153
2.851358417187,0.10492783677079702
2.852344976116,0.10518896493751928
2.853334306477,0.099912807529667
2.854274070087,0.10218339173125682
2.85523526825,0.10195674911049524
2.85619466033,0.08583951611764551
2.857002679803,0.06305321225940394
2.857596143317,0.10577207389174446
2.858592148727,0.10631465785672259
2.859594318346,0.10705861959001263
2.860604056323,0.0940556632032165
2.86149126982,0.09733332558716486
2.862409122649,0.10280009302981738
2.863378389903,0.09667004492016759
2.86429011799,0.1005462050006611
2.865238948006,0.10198141548897895
2.866202069111,0.10589317955606223
2.867203081286,0.10666684920212696
2.868211946,0.10626109110801393
2.869216873867,0.1064189375101258
2.870223359356,0.10630754303359188
2.871228824682,0.10560843198904961
2.872227380594,0.1061172729804593
2.873230426538,0.10584359555224095
2.874231129915,0.09157908449542673
2.875097640825,0.10589581508119314
2.876099968158,0.09813188170681837
2.877028960821,0.10567014123375044
2.878029813584,0.1058238399457988
2.879032805315,0.09362623775740701
2.879920810098,0.10348564337267707
2.880902510844,0.10589436195578388
2.881907429348,0.09683120453464146
2.882826970637,0.0980485657144261
2.883758281848,0.09989997083092185
2.884707021139,0.09517469866945322
2.885610891312,0.0998930097662854
2.886560138864,0.10057101054679624
2.88751632335,0.09548746507167344
2.888424247871,0.09869751754086266
2.889362939181,0.10612225270091898
2.890372868279,0.10536587418436308
2.891376572277,0.09615664571505783
2.89229294803,0.10522443305760174
2.893295568496,0.10527491482675212
2.89429873003,0.10014783270212926
2.895252782589,0.10558796542119768
2.896258624,0.10641409482053057
2.897273028061,0.050046184578502136
2.897750327355,0.10511981295058472
2.898753126755,0.0979465577236201
2.899687684925,0.09776835598565566
2.900620583917,0.10622554765490202
2.901634080574,0.09147749067960564
2.902506706834,0.08470725140931852
2.903314913983,0.09441718503497216
2.904215842073,0.10368778290401875
2.905205529866,0.10336363772822689
2.906193696412,0.09185997715262863
2.907073139762,0.10489713960876418
2.908077784466,0.0978565534504323
2.909015043975,0.09565003703445953
2.909931075637,0.10279525930812479
2.910915905284,0.09314633390955762
2.911808780822,0.0907819855094376
2.912679124493,0.10085262872126875
2.913646196771,0.09594480287006235
2.914567075935,0.09563335625282841
2.915485672853,0.1008836780993843
2.916454926659,0.10460657968498852
2.91746062066,0.10490309696959624
2.918469467945,0.1042240023432834
2.919471550098,0.10389156992558196
2.920470384873,0.10470870590037726
2.921476879962,0.10464477628011486
2.922482463549,0.09472345176953614
2.923392556629,0.10472734819699343
2.924398599504,0.10424516296048413
2.925400161087,0.09715986929369066
2.92633382761,0.08522959867539019
2.927152713716,0.09960743870269123
2.92810968705,0.09817653117521866
2.929053427747,0.08361335492192418
2.929857849915,0.08508509108618874
2.930676987599,0.1044379997719571
2.931683388059,0.08967503491607105
2.932548787634,0.09991615098907417
2.933513912555,0.09557697339597228
2.934437337431,0.1007256473716004
2.935410555199,0.10021817734110616
2.936379175194,0.05509268591721682
2.93691190644,0.09816528417603536
2.937861435664,0.10468273305084846
2.938874078742,0.10032612076315484
2.939844680748,0.09825453778378744
2.940795423736,0.09570440770972877
2.941721506218,0.08922581439516314
2.942584940401,0.09814721814899707
2.943534668932,0.1048435088548633
2.944549619347,0.09613066308786751
2.94548131417,0.10334465834867332
2.946483482034,0.09776406733156569
2.94743123569,0.10202243234737642
2.948420204878,0.10397634294245761
2.949428142849,0.10417632405748697
2.950438568087,0.10361662366873568
2.951444168899,0.10358823262543108
2.952449000139,0.10437152484615897
2.953461004897,0.1031745006143555
2.954461812529,0.10337768469252646
2.955465147598,0.1014751056714957
2.956449962551,0.09565820506566833
2.957378314628,0.09673948250272743
2.958317185961,0.10507359129941785
2.95933725622,0.10312209568528216
2.960339516635,0.1027034737243757
2.961338330381,0.10313385563936124
2.962341551178,0.0873488203839268
2.963191605725,0.09312859429244857
2.96409811097,0.09299931439062574
2.965003142503,0.08785905649030688
2.96585834186,0.09215650617297516
2.966755979078,0.10371911742586305
2.967766932956,0.10289012594984613
2.968771008053,0.1031963372334601
2.969779076998,0.10252655415299038
2.970780799138,0.10302203460677097
2.971787237684,0.09813641892005891
2.972745656221,0.10195804750894479
2.973741365262,0.10276639752330458
2.974745305337,0.09571464349464323
2.975680239352,0.10285477653000619
2.976684763148,0.09927517279574077
2.977654910843,0.10261026509716385
2.978658339765,0.1025532686182778
2.979661299872,0.09641357756839138
2.980603964925,0.10141613812623798
2.981595235459,0.10253548672831167
2.982597425474,0.10268575763989429
2.983601900123,0.10237962279089653
2.984604476519,0.09661278704644002
2.985551018422,0.09359377347226631
2.986468232345,0.10234098811267754
2.987471210679,0.10280470782037344
2.988479071977,0.10254674203549409
2.989485523823,0.10294773316537471
2.990496835777,0.09936965913085273
2.991473545408,0.09808107109167519
2.992437601777,0.0941657551959348
2.99336307022,0.09973646661208643
2.994343344147,0.09721724317226108
2.995299175847,0.09978530273216196
2.996280981603,0.10268136621149575
2.997291980008,0.0970374934311888
2.998248047085,0.10179511669105185
2.999251281155,0.10153560838209433
3.000252014465,0.10219621741538559
3.001259392859,0.10216240385619917
3.002266604681,0.10231588420414847
3.003275246238,0.1018276682413117
3.004279112813,0.09653993364838567
3.005231378235,0.10025206307361854
3.006220652839,0.10135457246483381
3.007221165296,0.10197499588228211
3.00822825612,0.09282996712598897
3.009145276238,0.09194452344067194
3.010053737078,0.08900875798455325
3.010933574627,0.07757642406162127
3.011700859532,0.08252640047512534
3.012517698493,0.08988685294393921
3.013408031308,0.018723631776154197
3.013593549441,0.09085281495220429
3.014493847552,0.09569692987735709
3.015442443932,0.10101489261404166
3.01644440037,0.09609252154545087
3.017397942041,0.101695419364498
3.018407065743,0.09202573459168945
3.019319832075,0.10107021551617582
3.02032176332,0.08526236033617239
3.021167121095,0.09507857335186214
3.022110260481,0.1013292229799617
3.023115408274,0.08908532105232478
3.023999133706,0.09460603788616262
3.024938012482,0.08683026487155755
3.025800324235,0.09510159165835833
3.026745471052,0.09807551730582109
3.027721103998,0.09392811147840065
3.028656518811,0.10092972259197182
3.029661712523,0.10102422641649138
3.030667613444,0.10072585671543881
3.031670399289,0.09017656548350116
3.032567956814,0.09109837448466936
3.033474552455,0.09443032817032973
3.034414118208,0.10065952581402123
3.035415939218,0.09202168465257948
3.036332263493,0.10041459450818198
3.037332612116,0.1004068622736874
3.038333598606,0.10024944629146515
3.039333933757,0.0966001641693605
3.040298316209,0.10059769867368513
3.041302964184,0.09989407883895629
3.042301008903,0.1016306635831804
3.043316631754,0.10124979142056205
3.04432822261,0.10096652300753887
3.045336456366,0.10075582428150645
3.046342428947,0.10158269507749695
3.047357050441,0.10028511086836278
3.048359048193,0.09186687812531776
3.049276841062,0.08481081065111733
3.050124063739,0.0878439562308929
3.051001405519,0.09867126072301216
3.05198698626,0.09998774903144604
3.052987210413,0.0955388091993053
3.053944307761,0.09534478852121729
3.054899809076,0.018594611606934618
3.055086175403,0.09986036440201033
3.056087072606,0.09432511275521246
3.057032505911,0.0978272018908083
3.05801305373,0.0926757932473542
3.058942345466,0.0904595421735243
3.059850200114,0.08758480472669333
3.060729627108,0.10122083451642501
3.061745718423,0.09960805780238766
3.062745887413,0.09963691372934945
3.063747169721,0.09996991058697419
3.064752190204,0.09190257119474343
3.065676278,0.09301018922706791
3.066611337598,0.09603325486367201
3.067576625737,0.09945516182056365
3.068576744718,0.10007307438368228
3.069583633435,0.09954396787670029
3.070585655565,0.09026869936896399
3.071494582343,0.09604613545445669
3.072461229252,0.09606679593212719
3.073427552444,0.08178110392944965
3.074250389876,0.08813268487404058
3.075137236853,0.09709216021228276
3.076114345636,0.10035230197890478
3.077125054422,0.0991970046435616
3.078125075741,0.09963839357235237
3.079130210719,0.10001981720206363
3.080139679298,0.09524610270267793
3.081101177085,0.0996002064223858
3.082105985581,0.09931222072316062
3.083107880829,0.1001930978704739
3.084119664028,0.08969250900476756
3.085025698969,0.0887113759852369
3.085921679984,0.09208270711880512
3.086851597089,0.09907610065136054
3.087853022123,0.09682446718323999
3.088832612749,0.09982383229816148
3.089842567053,0.09954526109525907
3.090849628935,0.09948512448706572
3.091855832363,0.09959804785863527
3.092862929151,0.09918472496410338
3.093866051511,0.0996897919095937
3.094875116117,0.08797536772954338
3.095766466809,0.09902355192629998
3.096770056925,0.09905666996211053
3.097773843399,0.09934262803746852
3.098780631159,0.09144962072987992
3.099707188763,0.09940259317299482
3.100713663617,0.09902755469676007
3.101716480621,0.09952408977339923
3.102724964039,0.09984751452679745
3.10373712263,0.09944353738805017
3.104745799829,0.09864469909873161
3.105746830532,0.09532633300240938
3.106714312422,0.09905956417604965
3.107720314423,0.0945921225321156
3.108681528053,0.09608556366505143
3.10965815481,0.09943317250320444
3.110669281824,0.09868104161463995
3.111672909848,0.09928675523232228
3.112682894491,0.09874141541095714
3.113687727016,0.09889804232485608
3.114694230032,0.018593077853580418
3.114883464495,0.09704843854726355
3.115871422032,0.09309159232863709
3.116819871355,0.08105633412368414
3.117646324042,0.09878831965098428
3.118653831246,0.09848578815552361
3.119658080681,0.09247833918937139
3.120601212319,0.09408984547412393
3.121561775606,0.0980050617457898
3.122563286119,0.09827835627632796
3.123568441485,0.09700653735336433
3.124561657033,0.09889106873880438
3.125574805767,0.04423200950297696
3.126027887347,0.05505121616723867
3.126591778608,0.06271716121000054
3.127234364549,0.07728169285747306
3.128026021814,0.08172226005182597
3.128862851253,0.07907982623858585
3.129672543462,0.0697077528178565
3.130386503695,0.0746080656326598
3.131151005806,0.07693106122420527
3.131939718304,0.0751345028388532
3.132710445403,0.06979839030462373
3.133426555896,0.07783548337674545
3.134225472423,0.07925950486888089
3.135039705018,0.07406031876840502
3.135800855539,0.07418625026555571
3.136563565294,0.07118946803245148
3.13729545017,0.07142157768243593
3.138029559558,0.08236191414587195
3.138876244601,0.07176810651582934
3.139613917415,0.07164622425862069
3.1403503075,0.0706693530415237
3.141076855295,0.07113394059974072
3.141808466003,0.0688285373177051
3.142516840539,0.07116131467860877
3.143249791477,0.07597551302735742
3.144033174915,0.07113066098084499
3.144767477294,0.07169450455470544
3.145508088376,0.07212564412632934
3.146253352592,0.08040889565545804
3.147084407843,0.06603007619744558
3.147766946519,0.07173595594393561
3.14850863986,0.07582502130365214
3.149292896484,0.0787123055801591
3.150107310086,0.07772105345889418
3.150911660516,0.07020814166204889
3.151638240992,0.07511276252867395
3.152415366988,0.07772194377611999
3.1532193398,0.07614294409901763
3.154007244916,0.07921789644798287
3.154827216487,0.07764670489488336
3.155630970565,0.09053400052794733
3.156568466528,0.08752345144521649
3.157475243703,0.08370888177701497
3.158342804375,0.07617037346602075
3.159132220402,0.07286244974977034
3.159887204611,0.06979947655816725
3.160610554569,0.07158281128556804
3.161352512591,0.06309530158291875
3.162006586015,0.07215341841580236
3.162754820514,0.07016065788722534
3.16348275481,0.07280445906641121
3.164238398922,0.06876676082825023
3.164952313114,0.08321434808263266
3.165816402107,0.07510038044859937
3.166596468844,0.06920940108345404
3.167315644375,0.07277904649153695
3.168072217968,0.06559092498686413
3.168754276701,0.07681027073446246
3.169553444173,0.07359524714535948
3.170319732806,0.07557605418086638
3.171106939222,0.06764322679724205
3.171811634041,0.05869465070762273
3.172423233358,0.06705776216586296
3.17312207393,0.055285229945801234
3.173698236927,0.07062906000146177
3.174434544844,0.055085867453624336
3.175008942513,0.06650914095119347
3.175702527501,0.0696797960045167
3.176429521191,0.07263400811809333
3.177187522083,0.0769296390920522
3.177990375407,0.07194612083926677
3.178741212557,0.08258142516258071
3.179603424782,0.07777024006683646
3.180415916407,0.07997396241405702
3.181251379649,0.09022283753357611
3.182193792256,0.07922238409619126
3.183021426243,0.07235157254993811
3.183777467314,0.07054709558768511
3.184514688722,0.07576408437266259
3.185306312883,0.06214654847791957
3.185955748165,0.0788624989462578
3.186780200442,0.07110970117340905
3.187523862223,0.07878964368360461
3.188347882002,0.07541986693632181
3.18913671012,0.07302366619570214
3.189900831397,0.07345885435637804
3.190669802849,0.08041354414498503
3.191511478598,0.05678967309463502
3.192105786715,0.057177766522710734
3.192704204711,0.07123060440791788
3.193449742052,0.06964447637424985
3.194178661527,0.06863842911621852
3.194897063507,0.07125366211167916
3.195643005232,0.07153259808498431
3.19639241664,0.0707883834875196
3.197134939254,0.07112369426014793
3.19788181514,0.08155007836168376
3.198738783915,0.07695946816275898
3.199547806011,0.07169189858499757
3.200301522737,0.07131154862256134
3.201051234167,0.05734351718200909
3.201654070258,0.059133283308380136
3.202275695864,0.07188571896109926
3.20303136493,0.08015840712009778
3.203874198045,0.08688792208004556
3.204788371037,0.07681917417150098
3.205596994116,0.07079386667241737
3.206342050369,0.07719347782950031
3.207153965552,0.07300136239235265
3.207921572017,0.08255251743530621
3.208789986048,0.06704109806193402
3.209495427512,0.07969168995053254
3.210333961451,0.07634422967608813
3.211137348305,0.06504286775891978
3.211821768232,0.0702303549191126
3.212560863203,0.06665432664965107
3.213262418331,0.05871770820851283
3.213880336808,0.07142805480923237
3.214631913945,0.07096832178533086
3.215378949788,0.07793816042100128
3.216200195861,0.0753840162222125
3.21699529621,0.07688000858026908
3.217806578053,0.06821998963512531
3.218526724268,0.07489004877073235
3.21931773455,0.07582443857918733
3.220119105231,0.07983726547582759
3.220963419905,0.07874517740324796
3.221796492235,0.07755240163468814
3.22261691572,0.07805424427425647
3.22344267731,0.028231693249232328
3.223741345839,0.08145784673297349
3.224603052185,0.07998976419753746
3.225449443187,0.084157831828064
3.226340048016,0.07875009283500581
3.227173308503,0.07698603302784136
3.227987775457,0.07704529025192526
3.228802813722,0.07250757978127076
3.229570011756,0.04337317496750521
3.23002900018,0.05804360095304405
3.230643360883,0.0820814510652641
3.231512491669,0.08526855638719061
3.232415451158,0.08265994611629401
3.233290710833,0.07505773270467132
3.234085522716,0.0739982472382225
3.234869346517,0.07708874141598943
3.235686237377,0.06396498200259085
3.236364227656,0.07165861872139546
3.237124275001,0.07601164199850757
3.237931199162,0.07648116540138108
3.238743396835,0.07525806620257547
3.239542754651,0.07476442544941019
3.240337078996,0.07872274149627399
3.241173673829,0.06322129433317672
3.241845850279,0.07409381590086206
3.24263413921,0.07594195595886
3.243442269328,0.0745560434077505
3.244235563828,0.07421340433439932
3.245025274402,0.07147399335125867
3.24578618711,0.07174324147937088
3.246550340409,0.07532524556943533
3.247353103933,0.08201656334479958
3.248227951632,0.05714376438555012
3.24883787261,0.07446232001996037
3.249632928094,0.07761913703390637
3.250461679566,0.0790424416802934
3.251305268039,0.07996959002336831
3.252158535181,0.07706026083720417
3.252980783293,0.07943649640846141
3.253828507,0.022183133877985532
3.254065244453,0.08010785715461666
3.254920307064,0.035134574247093577
3.255295483223,0.05257593930228078
3.255857171337,0.0687097262633811
3.256591580257,0.0813222856093349
3.257461111086,0.07878326157042974
3.258303520935,0.05589263032496023
3.258901024432,0.06333441788990489
3.259578112634,0.07359172277826456
3.260365250272,0.07889125394674512
3.261210119669,0.06515717602945564
3.261908746208,0.08532130663833777
3.262823983365,0.08131240211425682
3.263696218203,0.0865355696107944
3.26462409628,0.08280598095934634
3.265511521817,0.08359840827193443
3.266407168754,0.05338106475303051
3.266978936311,0.04257482602767218
3.26743484079,0.06675462019614203
3.268149673753,0.07983552928934386
3.269004502842,0.07117207821077984
3.269766699394,0.07069122215841857
3.270524375762,0.06274987204417573
3.271197357499,0.08110840163208896
3.272067365918,0.07919891179881947
3.272917198908,0.058954766709608766
3.273550047927,0.07876815885934799
3.27439589974,0.08586303676859361
3.275318306186,0.08632908910201874
3.276245842271,0.07393038740024466
3.277040391125,0.07261213443402184
3.277821027082,0.07874752270825008
3.278667804,0.07149376036563393
3.27943693245,0.07260198917870664
3.28021861408,0.07909725260439278
3.281070555665,0.07084930621174694
3.281833777801,0.07259050628023864
3.282616076778,0.07645886359525923
3.283440559046,0.07360173900658344
3.284235109641,0.08919153659533009
3.285198935034,0.08049727659312525
3.286069070695,0.07883862792980231
3.286921126325,0.08077526169991552
3.287793927465,0.039763884184883636
3.288223582022,0.0628134913465651
3.288902452628,0.08047602709204621
3.28977232772,0.07360620214146055
3.290567722062,0.06256109974401924
3.291243545038,0.07299407501912236
3.29203190134,0.07890319815885116
3.292884186578,0.06898856289172346
3.293629658161,0.0728246708253075
3.294417100227,0.07321333845483649
3.295209313431,0.07719424869423548
3.296045234252,0.05178551307628665
3.296606490379,0.0675210035400158
3.297338702652,0.08051615425959482
3.298211889438,0.07799663174651428
3.299057592127,0.07794688658662155
3.299902807119,0.07753109084621576
3.300743720294,0.07587553893644584
3.301567047716,0.07395640455718927
3.302369958621,0.07441747592778943
3.303178178222,0.07399791859668703
3.303982173797,0.07636092998203699
3.304812327715,0.08061046848193493
3.305689063243,0.05246457521779296
3.306259696667,0.060024711634805314
3.306912646336,0.06847122966777455
3.307657624299,0.06938161474730678
3.308412260609,0.0892629504736534
3.309382797062,0.08122951027590132
3.310266025975,0.08672844211403122
3.311209150206,0.08535905805399494
3.312137635359,0.06913140304126182
3.312889976509,0.07676016552320718
3.313725432657,0.08326998415191436
3.314632063058,0.060900889615384576
3.315295677461,0.0840937045421485
3.316212351669,0.08247213298535214
3.317111226577,0.0005741106761212517
3.317117482899,0.0841655641731038
3.318034688486,0.08021598467140098
3.318909027343,0.08103386336040957
3.319792389118,0.07469051654117811
3.320606634736,0.07897604048870091
3.321467590846,0.07813728681619894
3.322319672161,0.061873901608422
3.322994829462,0.04856666839522685
3.323524921367,0.053563659657354455
3.324109659951,0.06450859232126968
3.324813934039,0.06530599146359549
3.325526832349,0.07675002496135357
3.326364667062,0.0610716760228369
3.32703144953,0.06022761810900557
3.327689325135,0.06756635171466263
3.32842783118,0.06574495148790313
3.329146717298,0.06812547051717509
3.329892040123,0.07593040637382872
3.330723252717,0.08150669376650682
3.331615757317,0.08191966002145307
3.332513022932,0.07544360027623735
3.333339770319,0.06831069178991711
3.334088668763,0.06510988684886543
3.334802660172,0.06751938669806076
3.335543430894,0.06102958460045021
3.336213524924,0.07838685184906606
3.337074795962,0.0694521998265919
3.337838100894,0.07854884542066241
3.338701356766,0.06311340310784824
3.339394980138,0.07205408156293938
3.340186963108,0.08157190900052408
3.341083630272,0.07662198404896227
3.341925834811,0.07258540891431108
3.342723682409,0.06772996124689949
3.343468286777,0.06408776623507527
3.344173010933,0.07600673339658083
3.345009354014,0.07799580177134957
3.345868189477,0.07834476971151581
3.346731238994,0.07704288237232694
3.347580343508,0.07662987478927574
3.3484251612,0.058290942207651894
3.349067990239,0.061929212402662116
3.349751236663,0.08652205242421471
3.350706030922,0.08241740976651632
3.351615399804,0.07607981007507114
3.352454689938,0.0767001689478566
3.353300851537,0.054737461217850426
3.353904876801,0.05268032511983075
3.354486260746,0.059461402693556015
3.355142512772,0.07756035919203864
3.355998648368,0.06531974244893768
3.356719794416,0.0669851745114606
3.357459566535,0.07732443254123997
3.358313809661,0.07666343431778165
3.35916106366,0.07662574544068745
3.36000840152,0.07635366746523238
3.360853348329,0.06974649117074448
3.361625644581,0.05574690339228568
3.362243190713,0.05773390174879243
3.362882933285,0.06259421738230145
3.363576848003,0.07806075674445859
3.364442841501,0.07269257919588343
3.365249673978,0.07258773451032198
3.366055596943,0.07721771807495463
3.366913402493,0.0683035174144821
3.367672529307,0.06542658537838354
3.36839986335,0.06427908964379453
3.369114498294,0.054719399961196985
3.36972270848,0.06669203826185804
3.370463776799,0.07307383852409459
3.371275966977,0.07180026152120547
3.372074770434,0.06068549807918417
3.372750379463,0.0771912271322294
3.373609902342,0.07729819767880348
3.374470696265,0.08439131733044282
3.375410446063,0.07929991595332254
3.376293646438,0.08221831548968675
3.377209659127,0.06335937434845301
3.377915734555,0.047588274581371146
3.378446169136,0.04986377764850369
3.379001942971,0.07174256664705475
3.379801457286,0.076745334049019
3.380656856666,0.07885606139017064
3.381536318579,0.014023382261547741
3.381692795631,0.0604178830395683
3.382367122718,0.08793217134562532
3.3833488056,0.07929662643797152
3.384234096215,0.0747318283868521
3.385068444264,0.07596154327924975
3.385916591617,0.08224599546849354
3.386835190623,0.08519708199096004
3.387787379126,0.06688959396782256
3.388535273474,0.031165993163856046
3.38888375671,0.04405283535658341
3.389376250791,0.05973996179601903
3.390044148763,0.07360845228852793
3.390867446481,0.07850217819267384
3.391745889117,0.07857360532991955
3.392625580405,0.07450158727062635
3.393460115974,0.08022611965929696
3.394358939297,0.08015395763696453
3.395256949778,0.0853228530435567
3.396212911544,0.08198561529367242
3.397131633567,0.03526579067268638
3.397526895706,0.05496046667239082
3.398143041501,0.05852944033923809
3.398799340104,0.05982639377075418
3.399470301719,0.07636997376030419
3.400326851179,0.07721309620996207
3.401192935549,0.06269405960216944
3.401896470947,0.05741406124419595
3.402541046158,0.06079163277295491
3.403223820051,0.06064214235554184
3.403905430815,0.07695162692765117
3.404771262597,0.0780642451471223
3.405650269503,0.08067386865837235
3.406558969351,0.07998235400816825
3.40745976703,0.07503205008919579
3.408304480218,0.07988423014024691
3.409203705841,0.07882154097919536
3.410091082383,0.0745458661762151
3.410930558331,0.07489461568573398
3.411774227332,0.04674401747956319
3.412300835079,0.06967386826671927
3.413086070753,0.05427598274500337
3.413698061146,0.07180787481750531
3.414507754703,0.07456326168286359
3.415348566384,0.04007292064879484
3.415800495696,0.08307242241664746
3.416737262391,0.07352905326642814
3.41756652893,0.07771803722805737
3.418443350183,0.0725799841580731
3.419262671385,0.07009043120641219
3.42005440362,0.07415390665530336
3.42089247938,0.07732118416701848
3.421766884655,0.07513455779125545
3.422616888533,0.0818641297242371
3.423543133631,0.04315875311895688
3.424031477637,0.04348346285862028
3.424523516027,0.056990742671861334
3.425168381175,0.07705557131825069
3.426040065871,0.07516630195184294
3.426890317591,0.07766921444034636
3.427769385796,0.07938409945842488
3.428668646771,0.04248265527630788
3.4291501862,0.05381530284388108
3.429760267042,0.05982725711971776
3.430438499368,0.05800333723103827
3.431096211068,0.04656629140676004
3.431624492587,0.06570974026061518
3.432370300594,0.07568732754717612
3.433229686457,0.06724440773378869
3.433993329829,0.07729511443715167
3.43487119515,0.07292896368438381
3.435699856366,0.07546108298967823
3.436557755131,0.06469236820799913
3.437293278096,0.08097503506871497
3.438213997584,0.08472979265589255
3.439177925547,0.07119150974870836
3.43998827585,0.08337245838900009
3.440937361151,0.06189024579508932
3.441641870669,0.05250083214367124
3.442239554237,0.06705412236021974
3.443002963499,0.07958418811713526
3.443908845439,0.07800818507247033
3.444796718983,0.06523239973438394
3.445539438341,0.08595009709952556
3.446518541919,0.051330615465209985
3.447103396089,0.040875884695472924
3.447569071024,0.08432838475573731
3.448529670155,0.07901710482616485
3.449429697389,0.07559503683782201
3.450290866139,0.06885197050105052
3.451075379411,0.07382170713688785
3.451916833543,0.0725898035462334
3.45274487893,0.06586941496287337
3.453496779792,0.067915638461775
3.45427254468,0.07446871297175825
3.455123730811,0.07860721286895837
3.456022234295,0.07922283893190524
3.456927616352,0.08267219836692664
3.457872593652,0.08764404327681351
3.458874974213,0.07549256488422103
3.459738655087,0.06967598288332555
3.460535702828,0.03333353980335942
3.460917004892,0.06650592766312817
3.461677843044,0.08123863508035933
3.462607742837,0.07619144176322225
3.46348039888,0.07335249506096533
3.464320783226,0.04287483909236112
3.464812149215,0.057937682006513745
3.465476401025,0.08025068107302927
3.466397089557,0.060381220695877855
3.46709020447,0.07120766448819871
3.467907877867,0.0770156844936162
3.468792604502,0.07461417634076109
3.469649897627,0.08501581376859105
3.470626794984,0.07277419391944781
3.471463188384,0.060827057553174094
3.472162514163,0.06833516541575396
3.472948338725,0.07050273019025498
3.473759422009,0.05921776872706917
3.474441338749,0.07436428737454866
3.475298182855,0.07853429353771962
3.476203072068,0.08207200750040188
3.477148948257,0.0795394910934074
3.478065853163,0.08755164216325181
3.479075208896,0.07683306087137745
3.479961027811,0.08592128316981855
3.480951557022,0.07926561529166112
3.481865248493,0.03161261113635357
3.482229589253,0.07615301742471385
3.483107368685,0.08303175246005354
3.48406448399,0.07686442168858854
3.484950635174,0.06269330092240809
3.48567376365,0.08299582966049238
3.486631248218,0.0779911904479575
3.487530966837,0.084434732650601
3.488505102712,0.07949272639829612
3.489422490659,0.0682214927528963
3.490210272155,0.07171340647253326
3.491038687607,0.06825747482850142
3.491827186084,0.07777254611503068
3.492725915853,0.07767650988687722
3.493624525448,0.06769668125515965
3.494408400764,0.08279391665755491
3.495367562046,0.05667751877073907
3.496024458025,0.05940313221410846
3.49671298749,0.07764802797798669
3.497612881324,0.08342598606561887
3.498580069727,0.06859354879061934
3.499375812463,0.0795936396794773
3.500299424812,0.07569343587300045
3.501177987067,0.07705754827152714
3.502072765173,0.08003383267765388
3.503002405004,0.07389499917515156
3.503860961905,0.06907922957677894
3.504663824194,0.051117895742312104
3.505258015646,0.07476379335293624
3.506127444446,0.07572217445889204
3.507008622197,0.04727330525593387
3.507559001475,0.060572026416562466
3.508264310688,0.07432552823800734
3.509129684328,0.08410280768499433
3.510109162885,0.07453413246348967
3.510977598107,0.07850851730457936
3.511892364754,0.0680421231978192
3.512685225973,0.06794349515763021
3.513477274927,0.07523902458948306
3.514354851852,0.06984651228161787
3.51517000525,0.07985501001091558
3.516102364893,0.054670051117804194
3.516740771331,0.06989536346144855
3.517557017755,0.06913704416139357
3.518364493143,0.06877076614582324
3.519167720743,0.07673511888299955
3.520064377575,0.06835474077544845
3.520863463059,0.07571420553685372
3.521748553729,0.07723008972419636
3.522651622684,0.07967283435400697
3.523583847788,0.06422035912231241
3.524335601405,0.08197000299913547
3.525295406957,0.08576847302208969
3.526300195738,0.08408911392897751
3.52728551092,0.0665959251925253
3.528065526001,0.067065184570956
3.528850935848,0.0777471988020562
3.529761722058,0.07328336528938201
3.530620765666,0.07498475075701277
3.53150016583,0.08123542481726051
3.532453334918,0.080985011428438
3.533404214053,0.0814891610266438
3.534361108231,0.07845457816192465
3.535282380178,0.07869133292694296
3.536206401832,0.07682230036414467
3.537108590895,0.07660822688522469
3.538008717682,0.06937568237647784
3.538824062666,0.07764287300618172
3.539736722918,0.07254136551927395
3.540590102851,0.08102576605359757
3.541544222033,0.08119573739574779
3.542501004953,0.07929880561048194
3.543435809265,0.07654439943715789
3.544338206256,0.0826985950168964
3.545313175355,0.08498466619291759
3.546315161032,0.07496127660092715
3.547199306574,0.07381964406920286
3.54807018918,0.07257823561727939
3.548926527235,0.0759601606290056
3.549823361416,0.08224188651743697
3.550795046216,0.07233624911975499
3.551650120261,0.08456363843632955
3.552650152675,0.07658534391748843
3.55355609014,0.0764623371166226
3.554460603254,0.08472009948322144
3.555462833444,0.08216086341475402
3.556435016958,0.06880305837909738
3.557249104538,0.04041692018603284
3.557727190427,0.07793164359741236
3.558649123134,0.0846092444863671
3.559650669499,0.07932263146116
3.560590298457,0.07917465053370039
3.561528565151,0.07611169934550097
3.562430813544,0.07979610013422261
3.563377276978,0.08344800037374506
3.564367820723,0.07851611595042576
3.56530009423,0.07394170028117483
3.566177928241,0.07539567050092386
3.567073062916,0.07787625849656031
3.567998067733,0.07707427850302852
3.568914275251,0.0749802560621765
3.569806529535,0.07888202640027159
3.570745864217,0.07942431799741499
3.571692004507,0.08209270525669737
3.572670359165,0.07270255043336159
3.573537072135,0.07511174840225522
3.57443267727,0.08421534101816111
3.575437452441,0.08257448955279274
3.576423128972,0.0814261194742224
3.577395002801,0.08351247692398486
3.578391706205,0.08388153480348805
3.579392682866,0.081566471205355
3.580366160452,0.07920783880507704
3.581311685782,0.07979599269451906
3.582264262723,0.08384732021192796
3.583265501958,0.08387657906382309
3.584267714094,0.08368329543055815
3.585268230519,0.08435142811399661
3.586277240532,0.0836776635890669
3.58727816601,0.08262864238956727
3.588266330341,0.08000140262143604
3.589223447138,0.080007051129521
3.590181183975,0.08095753706255872
3.591150835254,0.08140200986323953
3.59212627663,0.0762182488818937
3.593039844113,0.08302067389993636
3.59403520458,0.08347569318049815
3.595036440943,0.08361064356814732
3.59603966571,0.08471400492187198
3.597056354332,0.07659316219565979
3.597975731522,0.0819763086708069
3.598959873645,0.08409443261696917
3.599969895356,0.01755106742341239
3.600180787311,0.08339437990951513
3.601183286827,0.07817014368991662
3.602123408598,0.0801099130887444
3.60308739628,0.07964417976245046
3.604046431895,0.07906079355429575
3.604998627051,0.08382831449468015
3.606008468448,0.08362738994247265
3.60701641667,0.0810513316913894
3.607993742192,0.08328949502054234
3.608998326862,0.08070696112686124
3.60997196934,0.08387936872862116
3.610984344326,0.08363228442024949
3.611994309142,0.0831700156138123
3.612999056511,0.08291345685323911
3.614000881963,0.08274978472818272
3.615001198047,0.079036161763659
3.615957249214,0.08296250870606724
3.616961137417,0.08288572938436754
3.617964310015,0.08316017812318513
3.61897101266,0.07141904541193603
3.61983580318,0.07582048196631429
3.62075421368,0.07873213885325074
3.621708498398,0.07787663961992743
3.622653083107,0.08113761103740894
3.62363791955,0.08081001985970399
3.624619612446,0.0774027593204764
3.625560384179,0.08273451912290537
3.626566131286,0.07779917300917007
3.627512026587,0.07831604271348648
3.628464491918,0.07464844809156897
3.629372475735,0.08287736268046716
3.630380852602,0.06913631982403269
3.631222426195,0.07454843628996088
3.632129896869,0.07818685037754536
3.633082098769,0.08239144673765392
3.634086633191,0.08250814219255853
3.635093438944,0.07509011070380742
3.636009739852,0.0782995846275286
3.636965215118,0.07913356933847908
3.637931529579,0.08097665176531503
3.638920865483,0.08238230599534166
3.63992778233,0.07402485939389472
3.640833062063,0.0795003689959137
3.641805477505,0.0781501227198643
3.642761876373,0.07630742062628007
3.643696542085,0.03557894550902709
3.644132502522,0.07835860926156944
3.645093170181,0.08097288670077273
3.646086354881,0.08158194495077886
3.64708725808,0.07619647541770236
3.648022403,0.0825390187916192
3.649035716803,0.08250875874240164
3.650049029246,0.08171271661159347
3.651053066817,0.08193485145740116
3.652060441234,0.07963408013947822
3.653039528756,0.07947711804567904
3.654016370538,0.08044010627100591
3.655005193353,0.07700064094190971
3.655952135366,0.07973723007721485
3.656933109302,0.08002907103166117
3.657918071199,0.08140355648691766
3.658920458348,0.08120139880946521
3.659920953616,0.08057434063394633
3.660914340255,0.07756439133768629
3.661871064345,0.08146946130001444
3.662876237595,0.08134601876492317
3.663880186433,0.08135443659934638
3.664884507225,0.07565565462814776
3.665818501648,0.0742538406923982
3.666735283529,0.08108519608752074
3.667737123193,0.07710625193258386
3.668690896126,0.0808582890151722
3.669692103778,0.081027612346304
3.670696068957,0.08099541679980306
3.671700112506,0.0810727521631307
3.672705464124,0.08104112604125228
3.673710385256,0.07968901737482935
3.674698253703,0.08067212852200123
3.675698400294,0.08093014865447584
3.676702352195,0.0813157465328074
3.677711656455,0.08074585650222485
3.678714500484,0.08164943791300026
3.679729111343,0.0792635610679577
3.680714410918,0.08079920716092637
3.681719082793,0.07816410604853898
3.682691244559,0.0807437560077635
3.6836961188,0.08055146237563415
3.684699472708,0.07775738880953445
3.685668419367,0.07517279445305243
3.686605200317,0.07863265144475759
3.687585543344,0.08018568891983206
3.688586058074,0.00965635207708014
3.688706602197,0.08032847326120462
3.68970958607,0.08089480571550514
3.690720042571,0.0790949537012314
3.691708457546,0.08012973469748357
3.692710156146,0.08073676971540678
3.693719960042,0.08009288007404698
3.694722196237,0.08058530150359285
3.695730977576,0.08012250801261676
3.696734350235,0.07956004142724855
3.69773073531,0.07732029232286411
3.698699197626,0.0787139340977011
3.699685618522,0.0792476531090977
3.700679552324,0.07783888936614691
3.701656722909,0.0783643542678305
3.70264132868,0.08017396982900897
3.703649159401,0.07879064001182938
3.70463988391,0.079240318098258
3.705636823176,0.07725353978976442
3.706609285416,0.07944195114978515
3.707609693103,0.07983498645734641
3.708615362617,0.0795360249746253
3.709617681366,0.07989121694654798
3.710624782228,0.0797186628984345
3.711629984698,0.07955315802068945
3.712633372438,0.07878822667411985
3.713627340777,0.08010475719528763
3.714638622732,0.07951681579556348
3.715643258488,0.08007707394269854
3.716655286249,0.07952298361305804
3.717660529224,0.08003547899874368
3.718672617345,0.07947110731850232
3.719678083754,0.0792886227452615
3.72068196626,0.07961186181340361
3.721690330619,0.07936849221105938
3.722696067915,0.07901129945219842
3.723698186049,0.07919093649260374
3.724703191902,0.07773721226622181
3.725690023113,0.08008558282729868
3.726707212839,0.0787221784413323
3.727707706623,0.07877202291070774
3.728709419482,0.05822183960375534
3.729450095562,0.07862537314058275
3.730450621179,0.07894600601046797
3.731455421662,0.07861552089720704
3.732456197151,0.07886500833758338
3.733460966497,0.07888040050113103
3.734466826575,0.07844637397744893
3.735467325456,0.07875297007831573
3.73647139649,0.07913811324671205
3.737480406473,0.07915495298308699
3.738490284688,0.07907115355548233
3.739499971672,0.07885084525154794
3.74050750825,0.07878245858711
3.741514579339,0.07848243820593623
3.74251812903,0.07845154916286065
3.743521632117,0.07826213300496614
3.744523105867,0.07808595721677618
3.745523166147,0.07860797183900943
3.746531033458,0.07911601624922704
3.747546111443,0.07804595815831154
3.748547658523,0.07797003135571802
3.749548549689,0.07852652993946355
3.750557215568,0.07855305993438658
3.751566767612,0.07866654321959964
3.752578291136,0.0779129652228136
3.753580617426,0.07889323744895048
3.754596051645,0.07773955253136991
3.755597069662,0.07752487987876269
3.756595676463,0.07795656518922532
3.757600136355,0.07774497554618356
3.758602602933,0.07805518349398159
3.759609805189,0.07811172892901641
3.760617831387,0.07807861715353297
3.761625492603,0.07803463022498576
3.762633040641,0.07748851204701317
3.763633971333,0.07743228586835105
3.764634294748,0.07808217408206114
3.765642998163,0.07748227365965099
3.76664415182,0.018759019849250214
3.766886616029,0.0609650921120805
3.76767482319,0.0651054771594061
3.768516781314,0.06488835317597287
3.769356077439,0.0685063239762647
3.770242571506,0.06611548210069078
3.771098681006,0.06714614459520535
3.771968532873,0.06629832287910768
3.772827691649,0.06746417962746293
3.773702300585,0.06803033365987148
3.774584528013,0.06795045546524754
3.77546598956,0.06657817911672559
3.77632985365,0.06572130996308223
3.777183012953,0.06635436363218636
3.778045103313,0.06890197998256159
3.778941124237,0.06380852915471075
3.77977157676,0.06898129597416808
3.780669516241,0.06552904423404493
3.781522674279,0.06502577319489677
3.782369572775,0.06631949781982438
3.783233395878,0.05849774549462173
3.783995433345,0.06022117733416521
3.784780064068,0.06635121826576033
3.785644683358,0.06524791347661779
3.786495396031,0.06833798632845807
3.787386995886,0.06587142048380977
3.788246676306,0.06724509701642933
3.789124595718,0.0668152443862938
3.78999723054,0.06572795153068707
3.790855860998,0.06753404137438863
3.791738384759,0.06757801755566746
3.792621991885,0.07112157406874592
3.793552512999,0.06097974602260236
3.794350661226,0.065801959725441
3.795212231803,0.0666073831728642
3.796084815838,0.06788481515628755
3.79697448797,0.060789501796216235
3.797771367738,0.06784305335387678
3.798660971133,0.06811759362892825
3.799554436959,0.06119281701072359
3.800357196171,0.06416465392229831
3.801199037094,0.05065757979085154
3.801863858779,0.06771623852034102
3.802752964117,0.06786758805161927
3.803644548766,0.06008527137416328
3.804434287478,0.06165153577927248
3.805244816803,0.06552247842117769
3.806106148439,0.0610586059045379
3.806908787782,0.06389641060640804
3.807749107602,0.0643281582999338
3.808595608741,0.06270055627350592
3.809421073798,0.06469312072028599
3.810273142189,0.06573663136638778
3.811139412604,0.06648096591405608
3.812015914139,0.06599664094929528
3.812886232894,0.06414237321922281
3.813732181074,0.064960963114171
3.814588997406,0.061691044545573115
3.815402761758,0.06740762384804587
3.81629211547,0.06938645365488286
3.817208083359,0.06690853169794574
3.818091824616,0.06563558049647034
3.81895903898,0.06537213404973925
3.81982305972,0.06473391208430385
3.820678816933,0.061323666006370396
3.821489776302,0.06594652152148375
3.822362323353,0.06055104007148061
3.823163882906,0.06772441808211299
3.824060880186,0.06547022100746197
3.824928473209,0.07179456689778833
3.825880171338,0.06245073513118505
3.826708156466,0.06581948698485705
3.827580964998,0.06732645651819245
3.828473959482,0.06535186495468036
3.829341080793,0.06869543317062063
3.830252922603,0.06431937884933062
3.831106937681,0.06761986351701245
3.832005121502,0.06670235849568791
3.832891487119,0.0680398305071513
3.833795835834,0.06968681129969337
3.834722398558,0.06042617771023833
3.835526280295,0.06119630167627485
3.836340893264,0.060425520732722955
3.837145666717,0.0665177780651554
3.838032223668,0.059703621343398634
3.838828840501,0.06736301094998005
3.839728311655,0.0670950444637544
3.840624479087,0.0659798773109848
3.841506117103,0.06777152847986298
3.842411853119,0.06575162340786798
3.843290593497,0.06657410820573775
3.844180539375,0.06583603337027377
3.845060974463,0.06795653057253703
3.84597006174,0.07205579121548593
3.846934469162,0.0684735572976162
3.847851712855,0.06957603850915584
3.848784117705,0.06665689488319818
3.849677422268,0.06404675171120998
3.85053598327,0.06250504145361906
3.851374271799,0.0634070095358265
3.852225085363,0.06379850565453445
3.853081808341,0.06565781975702671
3.853964262223,0.06234918564965263
3.854802882639,0.0638672367783485
3.855662522813,0.06560039187250032
3.856546026886,0.06210581524541401
3.857383074423,0.06669974547054922
3.858282490154,0.06763203087776096
3.859194657225,0.06631693845110025
3.860089210401,0.06592156591514574
3.860978549853,0.06993723202096737
3.861922234109,0.060666660943100664
3.862741103994,0.06812861311570693
3.86366132423,0.06353789530527519
3.864520023771,0.07013146321931255
3.865468337968,0.06530315211920161
3.866352091628,0.06372866631503402
3.867215006527,0.058871422893854955
3.868012381038,0.0686109047554402
3.868942084368,0.06417366291924567
3.86981238222,0.07275404675998619
3.870799628494,0.0682794217582358
3.871726297142,0.06530611964447754
3.872612629478,0.0741741657723024
3.873619397698,0.06912776095988603
3.874558148394,0.029691326243588587
3.874961509403,0.06711031963629654
3.875873106072,0.07103774286085282
3.876837877194,0.07297433141351492
3.877829228197,0.06275238784078851
3.87868244976,0.06750649667178303
3.879600976204,0.06595272075123863
3.880498671337,0.0667339184278158
3.881407456829,0.0672055133665102
3.882323261732,0.06289055039031742
3.883180992864,0.07063164355935508
3.884145138581,0.06870962486595782
3.885083697395,0.06850442239535097
3.886020046172,0.06794433034556942
3.886949037722,0.07364197131313958
3.887956108398,0.06776673476991502
3.888883169277,0.0672509741723671
3.889803185389,0.06447641329041022
3.890685170488,0.06905785706553748
3.891630289484,0.06674792641009478
3.892544581517,0.06290972534455705
3.893406921585,0.06591305196669196
3.894310902078,0.06944016856550314
3.895263890307,0.06860124489974699
3.896206076434,0.07322782859681724
3.89721241911,0.06609284496837951
3.898121267406,0.0651565132625096
3.899017636608,0.06598192733885164
3.899925554575,0.06923593908249763
3.900878581725,0.06570549755712861
3.901783378126,0.06356834894394701
3.902659101155,0.06065675434511209
3.903495042586,0.06491362252458203
3.904390188758,0.06553429839675426
3.905294676591,0.06321602188041642
3.906167740644,0.06653798840959821
3.907086935191,0.06978676389873707
3.908051101537,0.06955623783280093
3.90901224152,0.06267878335562029
3.909878594167,0.06829135605472363
3.910823004089,0.07076031138095241
3.911802375015,0.02959396936896155
3.91221223276,0.06577095069645669
3.913123251035,0.06395392073754748
3.91400922611,0.06660762718184594
3.914932489246,0.06526946132601057
3.915837759447,0.0651869375475756
3.916742664146,0.07094351323848697
3.917728635964,0.06715693186432276
3.918662677812,0.06703676855612468
3.919595506728,0.06849350641637178
3.920549155684,0.06655964951307743
3.9214763169,0.06684812064169826
3.922407539896,0.06367154219774891
3.923294573264,0.06296213910969722
3.924171988051,0.068496710315279
3.925127008449,0.06841313857835875
3.926081651118,0.0660925574773092
3.927004570799,0.0594775010597672
3.927835634371,0.06911682683500163
3.928801926322,0.06777896818989218
3.929750155238,0.06831349611254166
3.930706613906,0.06303087127449825
3.93158967023,0.06282005578505089
3.932470239257,0.06422660485912879
3.933370854462,0.064787580439447
3.934279837043,0.0660041408855504
3.935206541477,0.06171563808823263
3.936073414757,0.06381311701840987
3.936969936299,0.06198811677887974
3.937841287741,0.06874509925869025
3.938808207746,0.060724221619532975
3.939662663034,0.06302176955235793
3.940549859747,0.06291298538701992
3.941435960446,0.06820718605118876
3.942397198783,0.06718571930681443
3.943344690613,0.07103626618152084
3.944347080307,0.07017820411365025
3.945337653172,0.06911679623039024
3.946313449647,0.07098070509177232
3.947315748159,0.05683563279482692
3.948118422805,0.06769592566453114
3.949074503258,0.06940553044011677
3.950055051265,0.06540124447904583
3.950979525223,0.06351809214320063
3.951877583403,0.06315904528524353
3.952770817656,0.06836115921140443
3.953738294176,0.0647376341772912
3.954655382452,0.06668768216526921
3.955600769082,0.06805428742642324
3.956566147605,0.07136657328097308
3.957578959377,0.06375223719619853
3.958483926872,0.06750550166815673
3.959442333735,0.06402585233560769
3.960351460651,0.06791846047129735
3.961316357005,0.07071647070435234
3.962321513449,0.07086089759739408
3.963329090137,0.07013616871346968
3.96432682225,0.06520431735920766
3.965254829253,0.06716938311101917
3.966211299686,0.06298342360392756
3.967108823607,0.06821073288326275
3.968081636855,0.07065821116635472
3.969089981511,0.07058742792735806
3.970097781358,0.06854400303627059
3.971076543995,0.07053623091941426
3.972083864893,0.06875438981717566
3.973066322647,0.06187492819540571
3.973950988663,0.06875335756584233
3.974934616157,0.06446134208603792
3.975857749446,0.06276486389571548
3.97675741906,0.06969889259993114
3.977757239453,0.06878729407697018
3.978744559394,0.06873318917876226
3.979731329169,0.0697522931937819
3.980732854673,0.0658896970076107
3.981679415595,0.06808699370036747
3.982658133877,0.06505293700450511
3.983593873614,0.01339947155978073
3.983786726968,0.0667541666761612
3.984747756519,0.06942087315161047
3.985747594562,0.07014970913551002
3.986758519205,0.06648605601381677
3.987717123141,0.06567589264374464
3.988664353162,0.06479178723925585
3.989599041538,0.06489817439047035
3.990535570591,0.0696292375745752
3.991541090885,0.06907598244286163
3.992539672722,0.0693354465160062
3.993542683024,0.0696293077598572
3.994550216927,0.06788086280895203
3.995533032085,0.06642261621934077
3.996495162084,0.06554795440961761
3.997444879449,0.06966875965874936
3.998454600044,0.06582743380401715
3.999409038263,0.06931490866887548
4.000414434983,0.0691191097858009
4.001417339096,0.06622651249673446
4.002378629873,0.06837068232246185
4.003370961659,0.06498773436928719
4.004314350719,0.06493839693496277
4.00525768368,0.06887809040718966
4.006259046816,0.06782010699349279
4.007245977093,0.06879229888422365
4.008247861068,0.06878956577240784
4.009250172181,0.0639003757692222
4.010181432776,0.0696569355552347
4.011196669762,0.06887328636370602
4.012200953596,0.06828301741777565
4.013197141056,0.06892511895037517
4.014202747785,0.06871717791118492
4.015205445343,0.06887068535889887
4.016210826087,0.06850313467333459
4.017211401859,0.06438222969175793
4.018152171124,0.06867415116353086
4.019155988695,0.06848902712660992
4.020157601931,0.06600121521239098
4.021123354015,0.04365202176006461
4.021762290088,0.06664562340107108
4.022737982945,0.0658905003192251
4.023702912716,0.06850934863930712
4.024706739946,0.06721977996878672
4.025692298904,0.06830536367566807
4.026694397923,0.06718232179999974
4.027680587323,0.06348144634494858
4.02861301447,0.06667472800875829
4.02959292091,0.06661643958173902
4.030572582157,0.06813566460717108
4.031575403549,0.06481963172776455
4.032530067834,0.06888575748314607
4.033544987566,0.0682796224958063
4.034551383598,0.06592445564210624
4.035523745491,0.06818733738646043
4.036529832872,0.06816380929324321
4.037535746439,0.06811224966598871
4.038541524229,0.06687976531770588
4.039529777814,0.0645832644573141
4.040484586962,0.0673241875114561
4.041480501119,0.06768867933089996
4.042482618029,0.06690228774804029
4.04347399704,0.06704070191680717
4.044468156832,0.06707636368573662
4.045463297142,0.0674771988785882
4.046464635454,0.06808656451126195
4.047475245537,0.0677077276361259
4.048480646038,0.06685904639978149
4.049474156388,0.06493020472433231
4.050439592426,0.06722393463799016
4.051439613659,0.06634608382773137
4.052426984662,0.05930366938037415
4.053309614404,0.06573526866291511
4.054288338375,0.06732249167095021
4.055291677152,0.06741608983789456
4.056297445533,0.06593280979992101
4.057281868744,0.06710686754641026
4.058284209236,0.06753872468267916
4.059293403905,0.06336217209882816
4.060240876123,0.06719672372643168
4.06124630503,0.047045286998765645
4.061950532181,0.06590774994422906
4.06293741873,0.06767312960209033
4.063950979143,0.06458127566872167
4.064918757979,0.06681426648745535
4.065920658395,0.0664398643158568
4.066917351972,0.06699404523708626
4.0679225704,0.06594186782916472
4.068912305784,0.06697502946822158
4.069918071805,0.066351477677167
4.070915088221,0.06450032117394557
4.071885001215,0.06683261836149187
4.072890750277,0.06641203767479963
4.073891165345,0.059970023866247786
4.074795440899,0.06695865025787044
4.07580552713,0.05946990137999696
4.076703088797,0.05981900238526775
4.077606497319,0.0669112648849784
4.078617804292,0.06201899870360521
4.079556188422,0.06197681814007434
4.080494436545,0.06714941298473064
4.081511464401,0.06632450704303577
4.082516942331,0.062369786584488884
4.083463115573,0.06250211213609735
4.084411479042,0.06627819945276969
4.085417625467,0.0627195656899461
4.086370673688,0.06624463298026374
4.087377948281,0.0617925454892852
4.088317909218,0.0661987485402551
4.089325338875,0.06590707431921423
4.090328948223,0.06618649454329863
4.091337716593,0.0663971754605769
4.092350267753,0.06612510344439936
4.093359011239,0.0656896691715243
4.094361501612,0.06618658446303309
4.095372095809,0.06501856756045764
4.096365662741,0.06283317483370397
4.097326572422,0.0657294194806159
4.098332293057,0.06555567817504034
4.099335788791,0.03169361385125183
4.099821097204,0.06564583587187028
4.100826676044,0.06532009602523635
4.101827885972,0.06536168006196202
4.102830217267,0.06503852744719413
4.103827991267,0.06553439351106909
4.104833752505,0.06516741931826955
4.105834295843,0.06432005131627912
4.106822354319,0.06513519464421569
4.107823365994,0.06588735201644552
4.108836370989,0.0651668605079419
4.109838897601,0.06566208802956142
4.110849446755,0.0650287123747169
4.111850305186,0.06551185485129842
4.112858737308,0.06529806077581232
4.113864461928,0.06594431461589122
4.114880809359,0.06550154955443298
4.1158910226,0.06516247524609342
4.116897023986,0.06542210887940458
4.117908021564,0.06502929403856807
4.118913586054,0.06524882989140339
4.119922971602,0.0651917633449877
4.120931726145,0.06344605557921615
4.121913615202,0.06479417763005042
4.122916650728,0.06499188178803891
4.123923534384,0.06509720274097523
4.124933037682,0.06471047831103773
4.125937395512,0.06455337508062618
4.126940161023,0.06336846883989804
4.127925279606,0.06498656662339801
4.128936329714,0.06488518545949869
4.129946509166,0.061983341695522526
4.130912046936,0.06431332350630788
4.131914184773,0.06483557989627212
4.132925164946,0.05937817156528918
4.133851896232,0.0648334204999385
4.134864368013,0.06332324509677582
4.135853915423,0.06440219599086594
4.136860959939,0.0641050288451897
4.137863938214,0.06422018832633407
4.138869258026,0.06451787147950958
4.139879845944,0.06150685552007942
4.14084383932,0.06429131531672362
4.14185173251,0.06423033769685525
4.142859150749,0.06271168220739513
4.143843379519,0.06386500278300823
4.144846054132,0.06445650595183154
4.145858208533,0.06263502551640783
4.146842192375,0.06377918693332742
4.147844845935,0.06251088646126712
4.148828089031,0.0637492875424739
4.149831019676,0.06368042578652508
4.150833477491,0.06386180785855634
4.151839783126,0.06397751221835005
4.152848300255,0.06341486097105803
4.153848315675,0.0637120187668662
4.154853678884,0.06367298149842426
4.155859064318,0.06368018951597341
4.156865254755,0.06390322999409379
4.157875309189,0.06339517566584821
4.158877616646,0.05809627766952936
4.159796843905,0.06369295524232706
4.160805414894,0.0632507577851562
4.161807862674,0.06319778122370812
4.162810271368,0.06302962829744903
4.163810337961,0.06336121920804655
4.164815925486,0.06299418125444246
4.165815955237,0.06313512896401106
4.166818325864,0.06334239784520444
4.16782420324,0.06329101284049393
4.168829951284,0.06327880499926171
4.169836275841,0.0629652132727102
4.170838105763,0.06284620876540035
4.17183843355,0.06332952897136743
4.172846844182,0.06330563476137456
4.173855506043,0.06295131094381685
4.174859418061,0.06315253445946391
4.175867282656,0.06356507181164824
4.176882104175,0.0629880912895384
4.177888116163,0.06299727166520853
4.178894971706,0.06285290778896568
4.179900250181,0.06308116080947622
4.180909963201,0.0624236478312487
4.181910076009,0.06289393186549348
4.182918619449,0.06263584189112711
4.183923812783,0.06239430947181527
4.184925845069,0.06232564772174567
4.185927410039,0.06235061441741095
4.186930005805,0.0630932439533827
4.187945475661,0.04146732360512616
4.188613469355,0.06146043481943606
4.18960383859,0.06228215745385668
4.190607742943,0.06289765074943689
4.191622292393,0.06233205635249289
4.19262828396,0.06239531319188978
4.193635448557,0.06244144313339344
4.19464387717,0.062435223930740136
4.195653170228,0.06224336676056436
4.196659987748,0.06180559726387179
4.197660040596,0.06194743386707084
4.198662627744,0.061995808021589875
4.199666234957,0.06204881835898959
4.200671332153,0.06203633856494165
4.201677125047,0.06165645477849938
4.202677390729,0.061966739838401785
4.203682744853,0.062004172290460756
4.204688861534,0.06192407360042947
4.205694605741,0.06156875961983373
4.206695798947,0.06146301462606771
4.207696364469,0.061684117347843986
4.208701469483,0.06164930187192604
4.209706613591,0.061397195896802675
4.210708103424,0.06132424242918292
4.211708923898,0.061284012349741714
4.212709385151,0.061459239565426066
4.213712987347,0.06172700667596856
4.214721727471,0.0611884030304409
4.215722498854,0.061524869966051006
4.216729221327,0.06147313252787763
4.217735904227,0.06106982611461539
4.218737113922,0.061391201814843734
4.219744356098,0.06111358405569397
4.22074748769,0.06138524439241972
4.221755498431,0.060922045254714695
4.222756406009,0.061485849295086895
4.223767173193,0.06106878092530174
4.224771906145,0.061209022186567694
4.225779666384,0.06075030912959523
4.22678055901,0.06070773467615151
4.227781752386,0.06111148049290854
4.228790647808,0.06067185390211862
4.229793024111,0.061001629879085216
4.230801332101,0.061001347092041074
4.231810191045,0.06061199470761918
4.232813333443,0.060639129863669754
4.233817364943,0.014229096297981601
4.234052981078,0.06103351929572556
4.235064121144,0.0605755269701859
4.236068727336,0.06041139089624549
4.237071512344,0.06046759892472797
4.238075503767,0.0605204054941055
4.239080758423,0.060853158775415105
4.240092667032,0.06057056414172628
4.24110094911,0.06012199506257735
4.24210226481,0.06056335508124918
4.243111189429,0.060109152323666204
4.244113243609,0.06019737007573156
4.245117926457,0.059921962406953556
4.246119115307,0.060069617971024454
4.24712349398,0.060185553760181344
4.248129874584,0.06015210776910965
4.249135773655,0.060757726015962216
4.250152393149,0.06010905226704539
4.251158914056,0.060357811447974544
4.252170216458,0.059670192174564506
4.253170406011,0.05986782298768217
4.254173912421,0.060145023824275695
4.255182000163,0.06074688896729721
4.256200893601,0.05997872003497222
4.257208155064,0.0597556435817827
4.25821260317,0.05952542162085915
4.259213574275,0.060329326463124396
4.260228719862,0.06055112327595082
4.261248564364,0.05971766507596226
4.262254911579,0.05940832207322936
4.263256296588,0.059372274990158215
4.264257840184,0.05949220142913979
4.265262218069,0.05936663844895865
4.266264995302,0.05944615701558842
4.267269918133,0.059300456562175446
4.268273228202,0.059590752221100676
4.26928223311,0.059335200346192225
4.270287802548,0.05898951185963419
4.271288358796,0.05923125875067391
4.272293419421,0.05957107145592438
4.273304742755,0.05912548652982921
4.2743094029,0.059530567842066597
4.2753214682,0.05903383105804782
4.276325648975,0.0593529828883255
4.277336566634,0.059289310888643997
4.278347769225,0.05921930432650928
4.279358528413,0.058810373780861076
4.280362756024,0.058829917532609
4.28136776825,0.05879570860614781
4.282372646318,0.059125035727830816
4.283383629154,0.025261677648567793
4.283815691632,0.05858832678086111
4.284818028845,0.058775751917295116
4.285823931261,0.059381405762820146
4.286840553544,0.05885769558608139
4.287848589081,0.058605447677892226
4.288852917452,0.05845756046803167
4.289855441785,0.058314402254311885
4.290856261301,0.058575088343508656
4.291862360176,0.058866678412983785
4.292874373902,0.05812311745476102
4.293874550472,0.058295233746983824
4.294878131773,0.05839904100661675
4.29588386842,0.05827995736063746
4.296888147677,0.05811241998985212
4.29789001145,0.05799689982948839
4.298890344487,0.05824192680009106
4.299895640814,0.05810532493380302
4.300899275751,0.05830389276007631
4.301906788576,0.05814991638346525
4.302912145259,0.05813985733920222
4.303918048493,0.05847092604349336
4.304930281485,0.058290907990004824
4.305939698789,0.057859109775866294
4.306941938458,0.05810456415802097
4.307949091237,0.0578767534043397
4.308953183317,0.05817179146855639
4.309962747113,0.058028648936047894
4.310970039338,0.05815412414576395
4.311980297173,0.05785695916444498
4.312986594931,0.058204492579307356
4.314000052097,0.057846577551745965
4.315008151836,0.05749777377405624
4.31601109334,0.057982366048138514
4.317023504661,0.05776615484430128
4.318033282105,0.057317841868856044
4.319036311268,0.057337416078960986
4.320041191911,0.05711128516777603
4.321043866478,0.05736769788501789
4.322052247551,0.05739759661202675
4.323061837462,0.056964447074987185
4.324064512773,0.05686388789687884
4.325066251521,0.05719540783290871
4.326074495091,0.05691078665804055
4.327078118052,0.05673531740826037
4.328078989769,0.05716763301021909
4.329088087634,0.05162034532757958
4.330000232584,0.05658396637357371
4.331001532386,0.052210636566193847
4.331925741507,0.056430723602496256
4.332924421714,0.05659382219674467
4.333926731491,0.05699671932760028
4.334937260153,0.05652525977553047
4.335940011069,0.05654750407460197
4.336943598323,0.05755660742045605
4.337966032913,0.05708053033881609
4.33898109578,0.05647106955993602
4.339986335938,0.056521841764894366
4.340993238754,0.05663523080007484
4.342002701397,0.05636328776906349
4.343008094018,0.05607920000041155
4.344009427668,0.05681623656212527
4.345025167279,0.05616000045641981
4.346030313905,0.05662209628715049
4.347044327643,0.055844907476577624
4.348044949498,0.05582282871237656
4.349046059753,0.0559948971183145
4.350051060208,0.055740232150652165
4.351052159011,0.05685009559317437
4.352073702659,0.055696446976953896
4.35307483488,0.05580864068491686
4.354078769587,0.05573356863713892
4.355082572718,0.055513836527994485
4.356083173256,0.05578758988717874
4.357089037935,0.05629066841133324
4.358104740698,0.05574283512568198
4.359111407336,0.05539063633236039
4.360112342484,0.05566293761254019
4.361118879551,0.05558324317554813
4.362125002451,0.05604955414738475
4.363140911906,0.056162036158925364
4.364160131038,0.05574698530354302
4.365172694397,0.055228416422713957
4.366176444208,0.05548611713037158
4.367185526547,0.055245816116470434
4.368190881873,0.056064729253163206
4.369211802856,0.05533715090128549
4.370220457482,0.05488739119931619
4.371221752269,0.05530342906839067
4.372231111266,0.055478286731979305
4.373244273482,0.05505764280594665
4.374250567897,0.05474328750144074
4.375252040346,0.0028177453792051755
4.375303611652,0.05528344674148075
4.37631567718,0.05500612516109918
4.377323197388,0.05467887036532214
4.378325094129,0.055057880077571376
4.379334375923,0.05474300512341885
4.380338905791,0.054896662228361454
4.381347414109,0.054636779943965416
4.38235195472,0.05496511330184202
4.383363070478,0.05442322496167325
4.384364716252,0.05502543078414875
4.385378261908,0.05426930614812077
4.386379241777,0.05481283328863771
4.387391478614,0.054252427469258305
4.388393786481,0.0545274516062107
4.389401456575,0.054514434862796016
4.390409597418,0.05430463284221158
4.391414655146,0.053845160759546255
4.392412193069,0.05397776969352171
4.39341306109,0.05432609562824653
4.394421261592,0.05414674740221131
4.395427569845,0.054171003469599854
4.396435273794,0.054026668781436964
4.397440493648,0.05388259424693546
4.398443479549,0.053692262187975
4.399443913598,0.05380767068323807
4.400447384891,0.054164834275766564
4.401458332469,0.05354142757356658
4.402459012232,0.05369115294995223
4.403463802179,0.05396902112103076
4.404474758324,0.05367156900719135
4.405480915526,0.0537692791611157
4.40648925525,0.0545332873551214
4.407512477606,0.053547045657446564
4.408518089197,0.0533559765840016
4.40952076909,0.053745117789740164
4.41053131083,0.05328631250853166
4.411533761997,0.05327989750356768
4.412536333485,0.05418610983991348
4.413556478178,0.05317370357786124
4.414558461323,0.05319327596619369
4.415561781205,0.05316880577509747
4.416565928109,0.053156128401250884
4.417571428098,0.05288850779796649
4.41857305069,0.05330700726377562
4.419582995645,0.05291087176020728
4.420585956342,0.04792893958055914
4.421495225574,0.052987924710862125
4.422501322316,0.05292679466642685
4.423507142828,0.053409022973635444
4.424522953642,0.052649583269444085
4.425525284082,0.052665557954143384
4.426528835384,0.052522202719580184
4.42753066251,0.05297999587334957
4.428542240072,0.05252706028516214
4.429545790193,0.05288041369567797
4.430556733153,0.05276486228117889
4.431566580499,0.05287229224238463
4.432579708791,0.052298875845242586
4.433582826021,0.05258487945441331
4.434592479673,0.05220817864744444
4.435596050969,0.05242269898779784
4.436604501167,0.05230269702587643
4.437610922742,0.05217976878767612
4.438615269516,0.05196534461461344
4.43961588206,0.052022869865612754
4.440618420837,0.052095973189891356
4.441623309796,0.052005358819817375
4.44262688446,0.052650222011876115
4.443643196561,0.052766649629987804
4.44466246883,0.0521355429695345
4.445670580236,0.052215060422003814
4.446681055644,0.05194557967801875
4.447686728298,0.052773995282556864
4.44870878838,0.051611373645430406
4.449709211535,0.05189627653591879
4.450716277451,0.05164949218327433
4.45171940102,0.05176645209265568
4.452725846361,0.051433004962183386
4.453727038994,0.05168909580467667
4.454734547049,0.05198338494232527
4.455748858914,0.05140124048967818
4.456752312268,0.05136366411661115
4.457755408225,0.036101687834774285
4.458460875833,0.030446533350120868
4.459056465062,0.03300287368619996
4.459702629015,0.029669134856567154
4.460283774819,0.031161475690685597
4.460894327004,0.04515183741167339
4.461779294426,0.05104465607971366
4.4627800942,0.05131861779382674
4.463787424705,0.0512226984108539
4.464794449138,0.051403098333039625
4.465806091263,0.02943432004548748
4.466385936436,0.02996044498554858
4.466976724954,0.02845692953691726
4.467538458652,0.027267235327474545
4.468077058891,0.02650864776330308
4.468600780055,0.027281221137844903
4.469139700653,0.027300975220879906
4.469678903739,0.027913385406323116
4.470230155354,0.039436342783264196
4.47100890394,0.04013639199158584
4.471801448804,0.02651585654321314
4.472325220314,0.025569881335055705
4.472830781538,0.02537708968831677
4.473333015863,0.02517540858656318
4.473831497592,0.0254063125516063
4.474334680959,0.025535466166067413
4.474840560011,0.02372313351073476
4.475310650562,0.025340231504140626
4.475812919666,0.02553108264608583
4.47631916798,0.022735171402227652
4.476770184592,0.018695264494149814
4.477141217475,0.018686936028654462
4.477512247146,0.018677846332185805
4.477883272096,0.019718274514981787
4.478275168589,0.018657626991201215
4.47864618537,0.020115975676307976
4.479046455782,0.020533553635494767
4.47945529281,0.026080218525182643
4.479974927325,0.025279244693604878
4.480479121265,0.0246649136208412
4.480971596812,0.02444594041976618
4.481460137439,0.004729523759141044
4.481554702269,0.02257988172406395
4.48200644687,0.018525904149810726
4.482377424252,0.0183634925275584
4.482745434496,0.018498215443370557
4.483116403851,0.018125143520573806
4.483480173563,0.018467657810135277
4.483851136054,0.022862187617219237
4.484310770729,0.018435605069457014
4.484681727583,0.02794519935970834
4.485244637812,0.046356120216254224
4.486180554951,0.01509909199431985
4.486486044111,0.015083737452182834
4.486791530616,0.0417673762221153
4.487639081107,0.04927191783268834
4.488640885076,0.04935689816361715
4.489645901607,0.049175693786964486
4.49064915419,0.0492574654726821
4.491655725478,0.049069410468680484
4.492659583654,0.04907600657579675
4.493664174983,0.04956231545812651
4.494678723808,0.04911248977162451
4.495683980766,0.049682990129179726
4.496701067716,0.04898350277745956
4.497704093922,0.04887421471469821
4.498704841969,0.04895566054520589
4.499707320255,0.04929524492003376
4.500716997876,0.04929246683647465
4.501726691666,0.04899755722207913
4.502730316631,0.04968833195919595
4.503747580835,0.04958085717920278
4.50476208669,0.049449090404279895
4.505773417193,0.04919503493127094
4.506779158818,0.04915502405782049
4.507784187492,0.04928639643823369
4.508792606994,0.04893441272108464
4.509794589992,0.049100871953409515
4.510800474091,0.049894588186857755
4.511822951523,0.04901316613834276
4.512827462654,0.02569173553727928
4.513354116695,0.04887128196743515
4.514356157363,0.0490823953239205
4.515362464512,0.049622447060006125
4.516379975741,0.04962514043535503
4.517398035515,0.049105318047175155
4.518405808432,0.048983513975203556
4.519411516235,0.04905859900683681
4.520419633623,0.04886588280549138
4.521424705464,0.048977734686910246
4.522432551125,0.0488629809391088
4.523438319948,0.04882973390436828
4.524443775619,0.04891021105772591
4.525451739937,0.0485012268959238
4.526452334512,0.04881206927884711
4.527459832034,0.0488157274788359
4.528467415463,0.04862478725673456
4.529471078814,0.04875036523602867
4.530477908738,0.04837606220073779
4.531478011746,0.048367319946170786
4.532478808521,0.048388934772452485
4.533480535457,0.04844325832704381
4.534483598889,0.04830253305550848
4.535484414111,0.0491144126856634
4.536503058599,0.048862355845377126
4.537517088493,0.04869958033797322
4.538528339665,0.048862830074690146
4.539543762251,0.048182924265978214
4.540545718783,0.048095651031061
4.5415469813,0.04868532811911958
4.542561882996,0.04819085022566726
4.543567439006,0.047982359738008365
4.544569385518,0.04844247621396884
4.545581473383,0.047853462184115264
4.54658157707,0.04795291140653417
4.547584004389,0.048378861951699846
4.548595893826,0.048189191829330104
4.549604374296,0.047770263035231526
4.550604486938,0.047751425629265584
4.551604788119,0.048015555164588095
4.552611418404,0.047775134996510114
4.553613538476,0.04787251690419903
4.554617834293,0.047908833205432405
4.555623337844,0.04813864629309353
4.556634681008,0.050202442355757014
4.557690449363,0.047745300956020205
4.558695165447,0.048125759052621356
4.559708152635,0.04984788357195392
4.560757776985,0.04815762082923418
4.561772825378,0.0478781424539089
4.562783266001,0.047702500623546196
4.563790844823,0.04848223753087779
4.564815426599,0.04804173213375059
4.565831352535,0.048280423034436006
4.566853018699,0.04732358262315953
4.567855182188,0.010933171900671878
4.568086844932,0.04742376978596973
4.569092333782,0.047256490496281514
4.570094694195,0.04738702834628668
4.571100151515,0.047623684881323874
4.572111439526,0.04705420385405444
4.573111505593,0.04734432300573174
4.57411858872,0.047854822806983534
4.575137648903,0.04739234877162547
4.57614846081,0.04682781782673334
4.577148920716,0.04708650476764266
4.578156541282,0.04672740924468119
4.579157876957,0.04682251746612272
4.580162050801,0.04746129550694571
4.581180192325,0.046836312288932536
4.58218524302,0.04717382566484549
4.583198510758,0.04688087971284297
4.584206420442,0.046824511575138894
4.585213795508,0.04654263639280449
4.586215570845,0.047079507337648555
4.58722921554,0.04655298868333703
4.58823252037,0.0464711843306887
4.589235303447,0.046417434245580085
4.590237429556,0.04647784347615665
4.591241296211,0.04657996203381685
4.592249068578,0.0472049907581696
4.593272697788,0.04623892005162341
4.594277028282,0.046292694305919244
4.595283207783,0.04627949058034678
4.596289600907,0.047381633699319366
4.597320547816,0.04603546913532834
4.598322787664,0.04617045302999287
4.599328679307,0.046806781709268795
4.600348833132,0.04607672724158953
4.601353111184,0.046393601187418226
4.60236371783,0.046287233018233634
4.603371174004,0.04604711548104404
4.604373401961,0.04628158779218206
4.605381824855,0.046840399811466274
4.606403719853,0.04630390311276873
4.607414945143,0.046161081354914923
4.608423879642,0.04646526317170361
4.60944020179,0.04587890059408579
4.610444399239,0.0459959787039535
4.611451781844,0.045862328707419645
4.612456894221,0.04591299834276667
4.613464001578,0.045606247854092195
4.61446519613,0.04578178699475064
4.615470935497,0.04640880637558805
4.616491196851,0.045964308499751506
4.617501999296,0.045876802017058384
4.618511256683,0.04595933177428871
4.619523019326,0.046049589297175446
4.620537025749,0.046204461143505876
4.621554734627,0.04641219119722592
4.622578104318,0.045884582950864165
4.623591179594,0.04566402930025341
4.62460041848,0.04538083301039566
4.625604277928,0.04619626413404957
4.626627553156,0.04530453345684385
4.627632459912,0.04706633899965544
4.628677695352,0.04507302815913511
4.629680409742,0.018390385429514104
4.630090152871,0.04547126104173602
4.631104247204,0.045358863238572605
4.63211699737,0.04521629689863522
4.633127695927,0.04480370618484579
4.634129953671,0.044857823661846596
4.635134651465,0.04551051739355805
4.636155705304,0.045392856566103354
4.637175797617,0.04447224174349386
4.63817647974,0.04472660887459669
4.639183458168,0.044892063115868845
4.640194951232,0.04479537940997488
4.641205347822,0.04479915939560366
4.642216763556,0.044675603298209465
4.643226019482,0.04426136015531984
4.644226127352,0.04426665133287129
4.645226664924,0.044556907039826316
4.646234591255,0.04473605246426902
4.647247426458,0.04448373058963869
4.648255213596,0.04559352608540237
4.649288686297,0.04430851345685674
4.650293469163,0.0442117930535806
4.651296603389,0.04456636759186747
4.652308000313,0.044847535351394
4.653326153266,0.044737708820662775
4.654343015204,0.04428315326915834
4.655350757954,0.04432047735613764
4.656360539464,0.0440496184216231
4.657365820764,0.04423273556904667
4.658377037366,0.04386211710540274
4.659380835022,0.04394706226058852
4.660386777167,0.043961047157177434
4.661392974059,0.04393617355260854
4.662398646071,0.04574243338026487
4.663445891539,0.04396817472071727
4.664452981039,0.04381247051800645
4.665457091648,0.044319782994391106
4.66647320129,0.0442265887118537
4.667487348132,0.04400816993573138
4.668496739984,0.04426055301830923
4.669513011101,0.044351390611051374
4.670533098845,0.04372204948761577
4.671539409481,0.043499032413503086
4.67254072077,0.04348017635659404
4.67354253983,0.04502409945994199
4.674580801465,0.043855325566586466
4.67559242014,0.043598834091812776
4.676598719756,0.04367659994026117
4.677607502206,0.04369051992732138
4.678616979909,0.04388224507094624
4.679631315655,0.04328206367449437
4.68063240885,0.04446178561280709
4.681661717296,0.043384141390820995
4.68266715311,0.04374389138044535
4.683681954793,0.043254388005352966
4.684686025916,0.04362271224485311
4.685699010406,0.04440700990768344
4.686730702045,0.04372021308376624
4.687747271659,0.04298960452953099
4.688747954736,0.04336155155607306
4.689757983066,0.043832324947959286
4.690779258278,0.04302158900698342
4.691781994147,0.04315121375348213
4.692788553589,0.04312443013402742
4.693796061383,0.04309184673584639
4.694804511966,0.04286840212080923
4.695809868442,0.04374749256234728
4.696838368875,0.04289804781589177
4.697848173187,0.04254014933547296
4.698850093592,0.017957632341910182
4.699273276451,0.042882751230403374
4.700284454033,0.04279533629791119
4.701294295756,0.04399398309145669
4.702333096779,0.04237553683709378
4.703334618341,0.04317850180826221
4.70435609134,0.04322084143889575
4.705379693703,0.043369476968439666
4.706408619975,0.043515225586908464
4.707442119755,0.04226002201285722
4.708446099928,0.04212313917717927
4.709447194914,0.042379069109987365
4.710454824371,0.04226138736736479
4.711460086464,0.04234761039701802
4.712467927585,0.04366096587453648
4.713508139237,0.041960854986916284
4.71450906073,0.0419123662161197
4.715509807695,0.04338512822965374
4.716546329189,0.043005549343717996
4.717573792724,0.042113646813393385
4.718579621193,0.04290190627943653
4.719604401769,0.04211028137866661
4.720611417664,0.04215033217931287
4.721620740265,0.04246940596116901
4.722638258078,0.04203111342208776
4.723645760927,0.041889459121339345
4.724650582256,0.04189402995215763
4.725656028598,0.041926070715419886
4.726662994351,0.041584361551466685
4.727663063897,0.0422416305159126
4.728680404174,0.042938807114693646
4.72971534146,0.04155071182964185
4.730717345475,0.04308280316205147
4.731756823702,0.041484351050400284
4.732758214365,0.041468944289258285
4.733760313781,0.042145003312888354
4.734780036206,0.04324560569176808
4.735827172263,0.041713992691914455
4.736837560782,0.041933209416380894
4.737853495213,0.04169539717871144
4.738864350149,0.04122843399115173
4.739865394597,0.04205802854313134
4.740888524758,0.042365383180565395
4.741920634215,0.041245312328262965
4.742926338547,0.04121758109273129
4.743931880995,0.04201396726794149
4.744957539846,0.04158084502750981
4.745973173452,0.041817699672380346
4.746995073425,0.04095776551614628
4.747997176029,0.040818993249843845
4.748997446477,0.04097191983777076
4.750003309202,0.04116822874242452
4.751016180627,0.04205539094836929
4.752053110633,0.0431197092004039
4.753118462598,0.040523366387070825
4.754120891801,0.040741505640958985
4.755129144601,0.04196789774538176
4.756167997834,0.04265794477833831
4.757224528422,0.040490863566978626
4.758228427581,0.040289146714504204
4.759228472009,0.040543336779176105
4.760235826465,0.04103945791274051
4.761256360001,0.0402538026511602
4.762258485448,0.040204188243201995
4.763260701131,0.04051418310037824
4.764272015463,0.040401867614564047
4.765282323189,0.04019416016513595
4.766289480052,0.040683913054477654
4.767310661419,0.040251687573598274
4.768322257855,0.04046707307299871
4.769339836235,0.04098479102676677
4.770370728655,0.03976424048391863
4.771371724419,0.04231038631095352
4.772437678665,0.04072350212919011
4.773464342232,0.04002777032991749
4.774474315842,0.001566099507878316
4.77451384694,0.040291487484946056
4.775530729672,0.039995073363688766
4.77653990369,0.03990848660454902
4.777546826074,0.041066457678431784
4.778583620845,0.039705214561726127
4.779587086971,0.039989259086202454
4.78059852826,0.04013390734773291
4.781614983186,0.04019869148785786
4.782634635873,0.040232068218206414
4.783655941716,0.03979403862740638
4.784666488861,0.03979774448343003
4.785677658918,0.03955824632979172
4.786683320722,0.03957755345687299
4.787690113553,0.040014945097940825
4.78870887844,0.041496206172755117
4.789766571874,0.0408038976920119
4.790807754116,0.040573895035578525
4.79184356696,0.039532785124814125
4.792853498738,0.03940729533534392
4.79386133319,0.039150830096982434
4.794864102789,0.040312795391784256
4.795898038058,0.0390806002249185
4.796901026488,0.03915239294876895
4.7979059964,0.0397687180836429
4.798926760434,0.04167316246424225
4.799996424641,0.03917259320098139
4.801002109829,0.041329426094871495
4.802063435717,0.03931716482108869
4.803073709084,0.03952219195164427
4.804090686247,0.03910927823449546
4.805098484872,0.040154503542692725
4.806134481103,0.038919929790656914
4.807140016698,0.04142674670020981
4.80821199612,0.03914669862700059
4.809226764903,0.03875512003670431
4.810232933101,0.038719692983707
4.811239057656,0.03864835409335846
4.812243889742,0.03941624220493698
4.81326922038,0.039085993291625744
4.814286679944,0.038951652870624916
4.815302052507,0.03871813394534767
4.816312997945,0.03888962871732412
4.817329865132,0.03833772261018873
4.818333815751,0.03910999622151977
4.81935926187,0.03822956034556649
4.820362960814,0.03848419828665767
4.821374682801,0.0380117232147732
4.822374829207,0.03807013001473699
4.823376929344,0.03844613032998758
4.824388871206,0.03830204975451025
4.825397042039,0.03840777219974057
4.82640843666,0.03857828348662658
4.827425390765,0.03841000225954923
4.828439521494,0.03997453032890954
4.829496141193,0.0404398420752595
4.830565295332,0.03876283180962343
4.83158990573,0.037849954112995805
4.832590210567,0.039655185250242926
4.833638512768,0.03873501910160297
4.834662755506,0.03912159541415397
4.835697178253,0.0389493518204579
4.836727270656,0.04023547619577434
4.837792073576,0.038508176725588476
4.838811979311,0.03839519437047211
4.839829747231,0.03842241278795591
4.840849100445,0.037799566879705225
4.841853016544,0.038735971844195596
4.842883422632,0.038221318577818644
4.843901953801,0.03834608978631633
4.844925564693,0.037455471421444037
4.845926743649,0.03790807056089615
4.846940949185,0.03782581626393429
4.847953804171,0.040206447017531184
4.849031382978,0.03736539402857707
4.850034094341,0.03926175273997014
4.851089323727,0.0375111637180443
4.852099130896,0.03730902906574225
4.853104830382,0.03708942250154515
4.854105547427,0.03723225092330698
4.855110938078,0.03720740127574128
4.856116575337,0.03748411780740816
4.857130918997,0.025506592870673844
4.857822048843,0.037831457813590125
4.858849081036,0.03683863392740081
4.859851066524,0.03751684408422022
4.860873275532,0.03743344526184153
4.861895225856,0.03704626129966353
4.862908603162,0.03670810566014244
4.863914793149,0.03697798500775273
4.864930066923,0.03704054458705542
4.86594818653,0.03684968064108213
4.866961926416,0.03785330404827898
4.868004170719,0.037527101199330566
4.86903817527,0.03672227878274392
4.870050471642,0.03654721520578636
4.871058393383,0.036377669985993386
4.872062242523,0.03689004507587532
4.873081142291,0.037257793667333464
4.874111490567,0.036204907339114585
4.875114304753,0.036231315402543075
4.876119228661,0.03776858351226421
4.877167745389,0.03660920653276661
4.878184972894,0.03658875798608665
4.879202199362,0.03659059312035712
4.880219414859,0.03856931610566925
4.881291358535,0.037800857623018935
4.882341840759,0.036916280902310354
4.883367705237,0.03609489287929735
4.884370827862,0.03612447042718553
4.885375339781,0.03613825456556952
4.886380890408,0.036117800100544724
4.88738661299,0.03767158871254635
4.888436718549,0.03629773127364172
4.889449684255,0.036118419366386045
4.890458691523,0.03602531060206838
4.891465773445,0.03825692712792729
4.892535782456,0.03715751807682792
4.893575782456,0.03819170396080112
4.894645588916,0.03699667051804347
4.895682617427,0.03702763747487141
4.896721026023,0.035889429146766585
4.897728250829,0.036613743449197655
4.898756802956,0.035729541976260305
4.89976149772,0.03558025617899274
4.900762825834,0.03564405661290779
4.901766853064,0.03575020857480776
4.902775153721,0.035774498287304286
4.903785636302,0.03579771132695192
4.904798160735,0.03668496578556362
4.905837149647,0.03580538543321855
4.906852708513,0.036419480119215884
4.907887109282,0.036177368440895946
4.90891600205,0.03516734901160087
4.909917328011,0.035612959147625634
4.910932376227,0.0352619614538654
4.91193854504,0.035304195884057435
4.912947204347,0.03531889242008851
4.913957564543,0.035486690563185916
4.914973883346,0.0355480055697075
4.915992929492,0.03578612908325977
4.917019574289,0.0351012001629677
4.918027376754,0.004910932205056183
4.91816844983,0.03494126077726689
4.919172043154,0.03479560955140924
4.920172889723,0.03563409844001307
4.921199791585,0.03482262502795697
4.922203818828,0.03482771786761986
4.923208581653,0.03538189601814462
4.92423060887,0.03511696979906436
4.925246979005,0.035939215211312554
4.92628911674,0.0361782339856768
4.927340125368,0.035743580055098166
4.928380125368,0.03576171852916288
4.929421970007,0.03597631000891994
4.9304711379,0.03451005776672612
4.931478393624,0.03552164190538378
4.932516260171,0.03646595178084701
4.933582729076,0.03596297453762947
4.934635226286,0.03418559091106821
4.935636341853,0.034476631404984005
4.936646533957,0.035284966723328565
4.937680685866,0.034746227095015264
4.93869946422,0.034585920656657845
4.939714041757,0.03582741354770202
4.94076543894,0.035436208608027354
4.941805916257,0.03541396276849626
4.94284662787,0.034245615197806105
4.943854500544,0.035422920680686296
4.944898314966,0.034331737084712384
4.945910577549,0.03582801123487739
4.946967612122,0.03398885718542173
4.947971395019,0.03536903412568571
4.949017173542,0.034281238245233846
4.950031705909,0.0356692228069604
4.951087971243,0.03635504848841363
4.952164835523,0.03415124479273473
4.953176601889,0.03426770704500248
4.954192235227,0.035667735015781146
4.955249983814,0.03391398756338654
4.956256105755,0.03451097759617815
4.957280033593,0.035041184428047704
4.958319770537,0.03459912236723899
4.959346726941,0.03450609155871735
4.960371457507,0.034103477332895586
4.961384552929,0.03516129630198029
4.962429381443,0.03365693216276415
4.963430142008,0.033711079918370426
4.964432919264,0.03460673968559403
4.965462638514,0.03492059155302146
4.966502181896,0.035862288957395974
4.967570181896,0.03443195894355965
4.968596047868,0.0342601980648463
4.969617278746,0.035840489079805984
4.970686315645,0.035401694654415325
4.971743145639,0.03402900158124848
4.972759797035,0.033682956472777116
4.973766989573,0.03414227199938013
4.974789153388,0.03335293332071966
4.975789200292,0.03380522304875635
4.97680446384,0.034560224786925386
4.977844189364,0.03407203661417712
4.978870952646,0.034089863250220016
4.979899988459,0.03321716940870925
4.980904083705,0.03456332180489343
4.981950018258,0.03433995077615864
4.982990498594,0.03497498428952492
4.984051792608,0.0343673771458511
4.985096104708,0.033947598262316414
4.98612886554,0.03355146709587815
4.98715091782,0.03290817479868365
4.988154964232,0.03286524001361492
4.989159033099,0.03280329671392275
4.990162120694,0.03456634282895703
4.991220091811,0.03433047944616992
4.992271803554,0.03281276934207258
4.993278122457,0.032851554997547265
4.99428681034,0.03270691816142609
4.995291987044,0.018367923490657564
4.995856921255,0.013109937587456443
4.996260365699,0.032605828313859914
4.997264651732,0.033006745856652135
4.99828244394,0.032627425944739795
4.999289462841,0.03279649405442121
5.000302546344,0.03256474923847365
5.001309250148,0.03356845214739888
5.002347797465,0.0323836873491815
5.003350285674,0.032438703788454835
5.004355023054,0.032490794055001854
5.005361955281,0.0327992554940319
5.006378890699,0.03262501663459273
5.007390913611,0.03244526260365948
5.008397777459,0.03230691178080461
5.009400856361,0.03270270486830428
5.010416878715,0.03345563875538436
5.011456878715,0.03343276786528961
5.012496878715,0.033403280742812465
5.013536878715,0.03307944310473589
5.014567471825,0.03254484705965184
5.015581726366,0.03252605084398481
5.016595924447,0.03250031477804228
5.017610092627,0.03313913095205247
5.018645005193,0.032160695456365095
5.019650067963,0.03259821512767981
5.020669525453,0.033048155628338426
5.021703953386,0.032757633800912164
5.022730303272,0.03315788473367455
5.023770303272,0.03303860772163365
5.024807531345,0.032445322103373156
5.025827040589,0.032876399323280674
5.026861220246,0.033358439731114214
5.027911884858,0.0319240651491667
5.028918721607,0.03231695403942622
5.029939258179,0.03217786281942419
5.030956820774,0.031684446820176494
5.031960289315,0.03218558202442527
5.032981299274,0.03178955620122346
5.03399135188,0.03367697902257851
5.035062583694,0.033513000242907445
5.036129708425,0.031387316855989916
5.037130275346,0.03164942468696725
5.03814009093,0.032325977767697606
5.039172356435,0.03132656030048017
5.04017366528,0.03177990615021373
5.041190293604,0.03143421660320807
5.042196703015,0.03187749172589506
5.043218311413,0.03216430475792538
5.044250156841,0.03151054465635298
5.045261933577,0.031153433331405384
5.046263016181,0.022426741404236495
5.04698414957,0.03237562103597172
5.048025926891,0.03121964358319168
5.049031631168,0.031229500110908623
5.050038536602,0.03158669486758897
5.051057625581,0.03248175006928743
5.052106311741,0.031026017205104513
5.053108763811,0.03288072717098305
5.054172152076,0.03275293266581325
5.055232269908,0.032185608680893325
5.05627514183,0.0328281589707968
5.057339875512,0.03131654682006976
5.058356135685,0.031267746203340066
5.059371435988,0.031555481625374124
5.060396833351,0.03137996147759196
5.061417343997,0.03122140341650774
5.062433530945,0.0318672791490693
5.06347153655,0.03232311025848809
5.064525145483,0.030975154168379596
5.065535426604,0.0330456587637347
5.066614098232,0.030663956493385193
5.067615770867,0.03181583835591452
5.068655770867,0.03153529446756218
5.069687514285,0.03118279206144479
5.070708661859,0.03288062477389392
5.071786427205,0.030902651381154667
5.072800364843,0.030478226394789004
5.073801549082,0.031091051663182788
5.074824212451,0.03105725862569355
5.075847307779,0.03181582593868622
5.076897382051,0.03045851349819117
5.077904786624,0.0324159460503579
5.078979169808,0.03028267902441458
5.079984413136,0.027318114667483805
5.080892105025,0.030911927194171126
5.081920009569,0.031162931518760133
5.082956872839,0.030300723098326397
5.083965928522,0.031082594205098076
5.085001922511,0.031091565513200112
5.086038675309,0.01623287960850298
5.0865801692,0.030521629929598573
5.087598747163,0.03030946006513077
5.088610837264,0.031098834753189655
5.089649826084,0.03001014699238042
5.090652996628,0.0299465076217994
5.09165468679,0.030324578243229046
5.092669794651,0.031736612937184876
5.093733190075,0.030257627952715353
5.094747667223,0.03169927854989928
5.09581084976,0.029986208695779774
5.096817095264,0.029968507577727004
5.097823305277,0.03096958285729539
5.098863811675,0.030132008119510004
5.099876855775,0.030336360233820393
5.100897013139,0.029777147270613234
5.101898554016,0.03145556179966344
5.102957035657,0.03063826683514942
5.10398844982,0.029770773726437695
5.104991129819,0.02969486247558018
5.105991455349,0.029947643766554455
5.107000589223,0.029911163820760284
5.108008911718,0.031147536796752952
5.109059310891,0.03092055051034475
5.110102729091,0.029709423156449966
5.11110587038,0.02995515882569734
5.112117913812,0.029688723959049233
5.113121553838,0.03144897832778115
5.114185461348,0.021700725943855043
5.114920181554,0.029838180990639042
5.115931015851,0.030210485409859187
5.116955036893,0.030870716715617502
5.118002351919,0.02988158200230991
5.119017168561,0.029548673091702265
5.12002178195,0.03134239281182068
5.121088408284,0.030533570224644722
5.122128408284,0.029365850495803626
5.123129899946,0.02946874564059159
5.124135754645,0.031134556176642823
5.125199173697,0.03145865073722705
5.12627501789,0.02958594571407568
5.127288166088,0.029397548568380096
5.128296157955,0.029236599192652375
5.129299848452,0.02994113485504093
5.130328889526,0.02995196591106131
5.131359737433,0.02909612555043612
5.132362791731,0.029052213003823175
5.133365978477,0.029589264388042675
5.134389302631,0.030033247366773066
5.135429302631,0.029535978854099993
5.136453087717,0.029389926318204865
5.137472529058,0.030049546679871524
5.138515321335,0.0295298140651953
5.139540639704,0.030558434734499852
5.140602233365,0.029887069283881074
5.141640902125,0.02919185290095241
5.142655796244,0.02979014575802107
5.143691837381,0.02936317549667384
5.144713441068,0.029315994153676916
5.145733827495,0.029534494743764912
5.146762260815,0.029941496000878202
5.147805245448,0.029451634124648785
5.148831493207,0.028960221108724864
5.149840951096,0.02977213838284591
5.150879007081,0.02955746712355635
5.15190996296,0.029306691712319706
5.152932598092,0.029113746062227316
5.153948814733,0.030088244962366943
5.1549993958,0.02998936553196438
5.156047035503,0.029728197276391123
5.15708602758,0.029642150891832867
5.158122320965,0.0287603395127816
5.159128092104,0.028949466831621008
5.160140916809,0.029034696870358607
5.16115724943,0.02951361029590806
5.162190866165,0.029068962931583512
5.163209449979,0.02999274477415174
5.164261246344,0.028843648430241495
5.165273647705,0.011164263902922066
5.165665640049,0.028540388401340155
5.166667844992,0.029965881806621512
5.167720593269,0.030505850254286607
5.168793336916,0.028790320881437223
5.169806288697,0.029554762539606438
5.170846288697,0.028727583399659314
5.171857760424,0.028433223441662304
5.172859533685,0.029496497070512342
5.173899533685,0.029474067479107118
5.174939533685,0.029690108028793117
5.175987823747,0.029399872633310883
5.177026416098,0.030076862800505907
5.178089561707,0.029400628204576902
5.179129561707,0.02847894626146512
5.180137795754,0.028299356940267712
5.181140476042,0.029226099254349384
5.182176927755,0.028547162468929892
5.18319004378,0.0298915384589297
5.184251744727,0.029250774771624345
5.185291744727,0.02922730956085172
5.186331744727,0.028389996447715504
5.187342745772,0.028053954513691387
5.188342757408,0.02824903928927881
5.189350628216,0.028466375500577495
5.190366950542,0.02970627279107611
5.191428601137,0.029068650413058724
5.192468601137,0.0281731730844943
5.19347750574,0.02817757651381372
5.194487540388,0.027948691452823724
5.195490368083,0.02794864369485555
5.196494142559,0.027929710532865172
5.197498181977,0.027334597085098042
5.198481829687,0.02843203704491932
5.199506233157,0.02807785858792192
5.200519058038,0.027722075626790806
5.20151975071,0.029256508333186257
5.202576592495,0.028468447959861327
5.203605785565,0.02834555501550729
5.20463117107,0.028130864913369868
5.205649273121,0.027665972157226177
5.206650835191,0.02850717419813039
5.207683264669,0.028729766466247683
5.208724302525,0.028027817077132818
5.209740461748,0.028146882876748297
5.210761580004,0.027685503458712273
5.211766528792,0.028934934907413078
5.212817429626,0.029067172647904448
5.213873682791,0.02770359875251313
5.21488082667,0.02863129477320763
5.21592229863,0.028235817806970123
5.216950028952,0.028034572743560277
5.217970995112,0.028701886726344064
5.219017020401,0.028077818693368135
5.220041055567,0.02749286460399448
5.221044453701,0.027468601600484643
5.22204765445,0.027421008512826278
5.223049702552,0.027975895283497833
5.224072729444,0.028418820877770198
5.225112729444,0.0283962096623064
5.226152729444,0.02752345355486763
5.227161604698,0.027484171776388122
5.228169755723,0.027486778367658657
5.229178740712,0.028150187103014576
5.230212941089,0.028281632480946554
5.231252941089,0.027278217226143823
5.232256905071,0.02729723578643681
5.233262440135,0.028199775145595025
5.234302440135,0.029214618829319437
5.235381053806,0.02814095111662175
5.236421053806,0.02747896378431645
5.237437648781,0.02731270316160467
5.238449004011,0.028056654902147316
5.239489004011,0.028019324774036836
5.240529004011,0.027981787757923905
5.241569004011,0.028125760259813972
5.242615328093,0.027401192018927868
5.243635328093,0.027273823355881285
5.244651328093,0.027562919781739924
5.245678894854,0.02754009259913372
5.246706458047,0.028111895590635382
5.247756077849,0.027716514927803314
5.248791556041,0.02858566890993444
5.249860290267,0.027797259607556194
5.250900290267,0.027780175437568833
5.251940290267,0.02776488389026571
5.252980290267,0.02775130894456065
5.254020290267,0.02773628725846785
5.255060290267,0.02665577370585774
5.256060385136,0.02770108609735984
5.257100385136,0.027682677242299166
5.258140385136,0.027663660396486482
5.259180385136,0.027643685443400047
5.260220385136,0.026763951674147517
5.261227900562,0.02691778557819266
5.26224171213,0.027263185830078297
5.263269222452,0.02827712893383155
5.264335771369,0.026556449170828337
5.265338301911,0.02658333984391428
5.266342611417,0.027508904280281483
5.267382611417,0.026691647240453455
5.268392630749,0.027008633755070763
5.269415471948,0.027890471261931858
5.270472546505,0.02763511547548861
5.271520756612,0.027399808839151215
5.272560756612,0.02738152739342722
5.273600756612,0.027363670838331296
5.274640756612,0.026815406990633946
5.275660593917,0.027325009101754404
5.276700593917,0.027752035308786546
5.27775765679,0.027732048570610807
5.278814717418,0.0020980073494439194
5.278894717418,0.027267993293789334
5.279934717418,0.027590365603739734
5.280987595098,0.02723437617398157
5.282027595098,0.026974785245961336
5.283058680433,0.027818328966833054
5.284122974483,0.02631777597727773
5.285130385632,0.02727543544455975
5.286174896207,0.02672426514773416
5.28719876341,0.02784536830299173
5.288266198373,0.027557375626233303
5.289323244911,0.02709639696959696
5.290363244911,0.026177056490978148
5.291368527609,0.026451773537659692
5.292384945525,0.027049476137530375
5.293424945525,0.027032235111226648
5.294464945525,0.026165681466717047
5.295472364606,0.026997594155544688
5.296512554932,0.0273648584068299
5.297567494966,0.0269667892343076
5.298607494966,0.026955288842245077
5.299647494966,0.026941174290382508
5.300687494966,0.026928016260712923
5.301727494966,0.026911774732393038
5.302767494966,0.02689848601485844
5.303807494966,0.026882662078912628
5.304847494966,0.027327603685787703
5.305905325144,0.025940195682825407
5.306909760842,0.02684835390078931
5.307949760842,0.02683863864120878
5.308989760842,0.0268280638157787
5.310029760842,0.026812608794343964
5.311069760842,0.02679582488702867
5.312109760842,0.027662198147952406
5.313184384784,0.02580292352262386
5.314187840643,0.02721255865153378
5.315246886941,0.0257854449879602
5.316250905061,0.025683768539260503
5.31725173777,0.02674319629282252
5.318294711321,0.026647719168440893
5.319334711321,0.026630039927101893
5.320374711321,0.025870228754664416
5.32138554091,0.02568297538541945
5.322389665728,0.027023272573493073
5.323446902048,0.026564279579615255
5.324486902048,0.026552714988638756
5.325526902048,0.02716043977120263
5.326591413075,0.027345483990217162
5.327664093067,0.025649245607070315
5.328670815751,0.026494932382316885
5.329711488402,0.026468043030679782
5.330752157692,0.027104912661265235
5.331818566892,0.02581094613028717
5.332834392326,0.027040106318428746
5.333899049344,0.025389427820251883
5.334899088647,0.026064909701868297
5.335926196345,0.026284659392468792
5.336962584452,0.026218456357565544
5.337997081105,0.026500455645723408
5.339043239604,0.025514004626396528
5.340050824839,0.026134438927471828
5.341083343689,0.025951126053074182
5.342109054588,0.02608072178676861
5.343140427952,0.026229417533658064
5.344178100834,0.027170210410014793
5.345253087872,0.026072909279954055
5.346284844797,0.026386672407515945
5.347329542197,0.025482691030919036
5.348339295612,0.026230569122938377
5.349379614107,0.025410777435919935
5.350388086353,0.025788306855831014
5.351411923704,0.02571766498058541
5.352433317153,0.026137817046098386
5.353471857206,0.025583951561471245
5.354488774365,0.02550494892727228
5.355502978657,0.02517013641385406
5.356504343863,0.025272171312589173
5.357510318355,0.026933606388212267
5.358583078658,0.025886385811233214
5.359614761509,0.02515686778112131
5.360617913414,0.026806329789030362
5.36168738224,0.026052621665896402
5.36272738224,0.02671920580817174
5.363794687451,0.02601805633590792
5.364834687451,0.02600043380931474
5.365874687451,0.025007891172172614
5.366875588038,0.02597071033698289
5.367915588038,0.026454947870343644
5.368975588038,0.025936102960961497
5.370015588038,0.025914876234837392
5.371055588038,0.025577734495362964
5.372082869153,0.025324784708026
5.37310077064,0.02515225254268166
5.374112541932,0.025702694037048064
5.375147616017,0.02567841823411085
5.376182769154,0.025781623551767222
5.377222769154,0.025763658681905225
5.378262769154,0.02594724627268479
5.379310894182,0.02609966210116805
5.380365869684,0.025909769885740633
5.381413992113,0.02516018602254944
5.38243252697,0.025671272095924447
5.38347252697,0.025651406761839836
5.38451252697,0.026467707843742354
5.385586363632,0.026148506560176567
5.386648038955,0.025594498353841977
5.387688038955,0.02488053621668745
5.388699672917,0.024784679043142455
5.389707910034,0.024911415620612137
5.39072198021,0.024994072726123015
5.391740228206,0.0258448511286238
5.392793819689,0.02465946487567622
5.393799610724,0.024682446722089777
5.394806889726,0.024883343195327617
5.395823017745,0.024819943100650426
5.396837215736,0.024468347130210014
5.39783761337,0.02457855322861141
5.398843179995,0.02540009088524176
5.399883179995,0.025380168696724867
5.400923175857,0.02582811782522712
5.401982302166,0.025340786592517935
5.403022299393,0.024635947506092295
5.404034267121,0.02510344090980586
5.405066267121,0.025278823773402938
5.406106267121,0.02525946748374149
5.407146267121,0.024849887761457162
5.408170267121,0.02480462994510641
5.409193226712,0.024400154560301115
5.410200287884,0.025567703260853003
5.41125648453,0.025156087945365696
5.41229648453,0.025143967075001248
5.41333648453,0.0251292984890815
5.41437648453,0.02511157869743192
5.41541648453,0.025096822135480118
5.41645648453,0.02525866766067803
5.417503872108,0.025062151677174366
5.418543872108,0.025876609940607708
5.419618504443,0.024305754051258205
5.42062862139,0.02507441124456943
5.421671194979,0.025000934786162884
5.422711194979,0.025802383179892134
5.423785169796,0.025356020035939408
5.424841337496,0.02514148862956072
5.425889421099,0.02567236495101324
5.426960403627,0.024915906748837816
5.428000403627,0.02442819721829896
5.429020611019,0.02488521253637057
5.430060611019,0.024865867475806984
5.431100611019,0.003823647888221788
5.431260611019,0.024847549852566354
5.432300578979,0.025029261749006156
5.433348660765,0.024832166791409937
5.43438926612,0.024451861256958887
5.435414810504,0.02450213030836987
5.436443272674,0.024762849546904896
5.437483272674,0.024750050221871062
5.438523272674,0.02473669065284775
5.439563272674,0.02471932992552623
5.440603272674,0.02470218060325733
5.441643272674,0.024690009122298996
5.442683272674,0.024676856919168978
5.443723272674,0.024661428497651117
5.444763272674,0.024645614916096136
5.445803272674,0.02463058584306176
5.446843272674,0.024616888275265304
5.447883272674,0.0246012191352787
5.448923272674,0.024582492554706282
5.449963272674,0.025036585211216572
5.451023272674,0.023946886780092356
5.452037847185,0.02386763747136292
5.453049716855,0.0245971239661056
5.454093242545,0.025307591723012397
5.455167659694,0.024395297293508294
5.456204072382,0.02446256690145757
5.457244072382,0.024447549978712572
5.458284072382,0.024432695456291547
5.459324072382,0.023589171217911424
5.460328712262,0.024100483391818812
5.461355614114,0.023565832138258455
5.462360417281,0.025106730081405845
5.463431613205,0.02511645312960672
5.464503819268,0.02377192526683589
5.46551942701,0.023742000169957825
5.466534483394,0.024318001728044485
5.467574680572,0.023922597578220465
5.468598521045,0.023842576536274557
5.469619553988,0.023790861844643043
5.470639021343,0.02371721765135009
5.471656038142,0.023984289218827382
5.472685061234,0.024021768820782566
5.473716121525,0.024010083872674
5.474747174391,0.023886207477011583
5.475773446162,0.023793949545106472
5.476796248209,0.025092170801939765
5.477875284832,0.02396544576743929
5.478906316993,0.023951182736087234
5.47993734399,0.0232824632756641
5.480940049313,0.024069797074827978
5.481977006082,0.02381230893584508
5.483003242237,0.024261932701146804
5.484049216277,0.023946609976232307
5.485081883055,0.02400949012056568
5.486117660325,0.02377888836107916
5.487143873339,0.024908216734516358
5.488219271896,0.023384214911823548
5.489229432302,0.023796355072701853
5.49025790671,0.02374735580649071
5.491284810019,0.02312563141756602
5.492285340021,0.023278347959339238
5.493293030461,0.02332198246205982
5.494303162531,0.023678206594607967
5.495329288162,0.023293945866916913
5.496339408301,0.023813502443523
5.497372726031,0.023324378246443466
5.498385541944,0.02327796620668013
5.499397154307,0.023176279476498
5.500405052996,0.023781148913099293
5.501439890213,0.023432432011109117
5.502460364662,0.02351655674195122
5.503485505903,0.02386294598742704
5.504526791683,0.022942458255214904
5.505528907406,0.023203552382316077
5.506543593116,0.023005418140752826
5.507550728813,0.023446493759763754
5.50857794895,0.023720189308392346
5.50961794895,0.023186002050057216
5.510635594936,0.016392245566605883
5.511355594936,0.00820883554346099
5.511716243255,0.02391842374430618
5.51276742095,0.023242575047351277
5.513789569658,0.02443978775321887
5.514864975265,0.024502648622890796
5.515943389795,0.02286436062522169
5.51694994038,0.02349252357935426
5.517984877636,0.02326524242302709
5.519010820114,0.02348385233857698
5.520047235001,0.02344643003741944
5.521082879826,0.0226888603074532
5.522085898685,0.022779677810602295
5.523093515946,0.023233826395823495
5.524121994085,0.0234009371346349
5.525158928974,0.023974691746800017
5.526222208457,0.022997597777920428
5.527243010546,0.022735454049034924
5.528253053076,0.02451111657978384
5.529342892029,0.024717862535367355
5.530442892029,0.02270453180403717
5.531454366102,0.023463806122288197
5.532500792873,0.024631079552872564
5.533600356005,0.022528801001216195
5.534607022682,0.022592998660282658
5.535617417924,0.022662392866992006
5.536631902464,0.023836827674840348
5.537700021251,0.02266569718931128
5.538716527461,0.02286515675309567
5.53974282067,0.022910469667265218
5.540771939613,0.022614938013836943
5.541788606362,0.02317190355121146
5.542831186482,0.022399928842255848
5.543839871051,0.024057452657915757
5.544924055302,0.02252874528645072
5.545940055302,0.023196413323948107
5.54698685741,0.022701907679418723
5.548012307345,0.022161744275973998
5.549014089532,0.02319991013306937
5.550063327249,0.022497902862971732
5.551081602594,0.022354671490724554
5.552094024781,0.022992379536101917
5.553135952775,0.022513536987461124
5.554156755008,0.022641345547261566
5.555183809969,0.02249966169885156
5.556205039996,0.023708038857875695
5.557281646242,0.023270689395190433
5.558338789314,0.022066150821414377
5.559341712591,0.02237765193905917
5.560359330589,0.02285806675699815
5.561399468017,0.022940970701529104
5.562444054734,0.02217700445254481
5.563454281097,0.02216030858414254
5.564464183138,0.022378114837843393
5.565484629039,0.024106839999944795
5.566584629039,0.022154786179046138
5.567596175418,0.024076574849602392
5.568696175418,0.023448202917184274
5.569768183832,0.024043230522345544
5.570868183832,0.02206335811213518
5.57187839875,0.02227344376941186
5.572898825197,0.021932957748607394
5.573904221424,0.022705792305610352
5.574945795802,0.021916992817883868
5.57595190213,0.02291081594304812
5.577004313413,0.022450254726848532
5.578036295048,0.022127123620801506
5.579054281707,0.02339547931742924
5.580131787802,0.023211184904880305
5.581201993427,0.02211289218313353
5.582222401491,0.02213797743927608
5.583244969816,0.0226403152445035
5.584291745465,0.022010938930932356
5.585310009178,0.02192770971416147
5.586325080587,0.02185732714027112
5.587337703675,0.023725313675967207
5.588437703675,0.02370826654366664
5.589537703675,0.023292574517295318
5.590619182415,0.02266546523039485
5.591672165035,0.023665139375169838
5.592772165035,0.02322347148667579
5.59385222815,0.02363829405379815
5.59495222815,0.02361978530197355
5.59605222815,0.02306304735032292
5.59712722815,0.023564287771678964
5.598226106269,0.023582665306921977
5.599326106269,0.021512939964368653
5.600329936519,0.021906419394125194
5.601352528012,0.021856437236401745
5.602373247529,0.022058147354315882
5.603403787061,0.022483151365366823
5.604454324174,0.02184448754349726
5.605475036398,0.022052483202490356
5.606505565768,0.02224728266789152
5.607545583955,0.022111222786954036
5.608580352487,0.023062035785172304
5.609661047527,0.02196795515716799
5.610691566162,0.022378143570021186
5.61174208115,0.02173364866364801
5.61276276514,0.021931962363278396
5.613793274679,0.022343462567547157
5.614843781096,0.02232880466070864
5.615894284967,0.022634024675521364
5.61695988971,0.021873040402184643
5.617990386927,0.022286637873915206
5.619040881491,0.02291342057683919
5.620121538416,0.023307019668405173
5.621221538416,0.021692774836271057
5.62224583278,0.021890134344249135
5.623279949651,0.023271720527174578
5.624379949651,0.02302183923344098
5.625468695238,0.023245070454234365
5.626568695238,0.021307029920656924
5.627577584798,0.02287108431900997
5.628661183311,0.02319812924469743
5.629761183311,0.02195587512395504
5.63080321933,0.02315359176495214
5.63190321933,0.0231266443169019
5.63300321933,0.021215998677584006
5.634013368053,0.023084416264213203
5.635113368053,0.021183519523325648
5.636123489562,0.02189757912899035
5.637168368956,0.022696992225407928
5.638252252826,0.023012129098802563
5.639352252826,0.02091759206614164
5.640353117791,0.0229659413055703
5.641453117791,0.022949987061926018
5.642553117791,0.022004226665648826
5.643608100541,0.02152004430823384
5.644640390597,0.022219114523144182
5.645706716004,0.021682699690212436
5.64674779109,0.022855419929595923
5.647845688934,0.022894785597141653
5.648945688934,0.021397160552336054
5.649973852461,0.0225022854821816
5.651055404064,0.02201845895275199
5.652114108754,0.021057309277192092
5.653126956312,0.021406702391675657
5.654156955776,0.02129085289923656
5.655181696318,0.020830304084620162
5.656184492267,0.022846299626086163
5.657284492267,0.022846796399578383
5.658384492267,0.022847122577636696
5.659484492267,0.02284374898295474
5.660584492267,0.022844785254143497
5.661684492267,0.022849859885646015
5.662784492267,0.02285036812452291
5.663884492267,0.021597913537878707
5.664924456162,0.003987505619699836
5.665116502888,0.021445559132931422
5.666149518915,0.021837928653030976
5.66720162193,0.021188203577400304
5.66822270229,0.021357601706838723
5.669252353285,0.02092603045991321
5.670261562031,0.02104496121560015
5.671276892427,0.021430121638378218
5.672311292265,0.02137863476800608
5.673343702284,0.022127803821880645
5.674412854484,0.022481297341310255
5.675499772256,0.02069166781078291
5.676500899852,0.02144991072594816
5.677539457895,0.022524676760139254
5.678630996059,0.022612204386919816
5.679730996059,0.022505487986699733
5.680830996059,0.021963556031473836
5.681906542823,0.022223061705318722
5.682995580936,0.022434495363199466
5.684095580936,0.022422425048263264
5.685195580936,0.022411621863281404
5.686295580936,0.022399060924837687
5.687395580936,0.02067429924718657
5.688411637912,0.022363175178392165
5.689511637912,0.02066998956381239
5.690529217026,0.02232669769038208
5.691629217026,0.020307474103648242
5.69263057238,0.02157094783673515
5.693695116782,0.020565950083805448
5.694710977727,0.020830512518958694
5.695740831692,0.02222807781798587
5.696840831692,0.022201260650943248
5.697940831692,0.020842061931904167
5.698974630203,0.021618637817103877
5.700047559294,0.02215968464064333
5.701147559294,0.022158375258058353
5.702247559294,0.020767501673640634
5.7032786208,0.02214766564591921
5.7043786208,0.022140171353165445
5.7054786208,0.02036762767037524
5.706490641639,0.020584140824377362
5.707513569946,0.020320266634667385
5.708523618677,0.0210161862530449
5.709568391951,0.022115359441081145
5.710668391951,0.022100390198136435
5.711768391951,0.022096593055816623
5.712868391951,0.020312751750881843
5.713879698733,0.02208802820772496
5.714979698733,0.02207944547828898
5.716079698733,0.022077630724379196
5.717179698733,0.020188365313291726
5.718185557407,0.022072698444565064
5.719285557407,0.020583057655593557
5.720311493361,0.020236930264299218
5.721320440417,0.021356530953655403
5.722385440417,0.02055376096767385
5.723410769838,0.02022605477038548
5.724420048684,0.021115511804277735
5.72547406491,0.02024538516225001
5.726485167632,0.02016507756728461
5.727492658392,0.021300053855281987
5.728557388712,0.020868691549987457
5.729601164125,0.020797775978832114
5.730642111239,0.020326597287879958
5.731660113189,0.020654618444578283
5.732695085437,0.02065681600599762
5.733730893877,0.020023784354530796
5.73473559082,0.020299622483645693
5.735757036868,0.020546543995634145
5.736796221079,0.02064777672964101
5.737843447584,0.020341086013998883
5.738875537627,0.02047387660902514
5.739914697296,0.020464791936736573
5.740953857874,0.020455924203394243
5.741993010697,0.02010426729481388
5.743014784966,0.02103995711367762
5.744085000987,0.020419970007586954
5.745124869364,0.020967454642147523
5.746193602952,0.02014482824613704
5.747220845737,0.020369083330112617
5.748259877028,0.020184846798549618
5.74929003713,0.020340937877514308
5.750328765024,0.02048750271899289
5.751375837372,0.019562624714420093
5.752376318837,0.020468485749108395
5.753423377721,0.019882180134092545
5.754440696464,0.020296531663132472
5.755479702307,0.020019918220421817
5.756505151094,0.01975367952464634
5.757517366762,0.02042624494948626
5.758564400831,0.019864430447525273
5.759583115093,0.020637257647162014
5.76064210318,0.019805973538265464
5.761659150218,0.020276440987003094
5.762701038658,0.020778001303076755
5.763769499954,0.0201860207432692
5.764808471226,0.019580910183578895
5.765816921429,0.020167478604297493
5.766855884339,0.020199379511629284
5.767896696577,0.020461751532092478
5.768951114341,0.019691923422714745
5.76996592404,0.02018891949374895
5.771006553747,0.020164967121128568
5.772046111649,0.019852307905789464
5.77306942092,0.01972594908035441
5.774086188035,0.021339908840271076
5.775186188035,0.01961824925097446
5.776197491412,0.020349870203321827
5.777246657203,0.021333957726659268
5.778346657203,0.02025207401274729
5.779390929789,0.020499262026643917
5.780448034725,0.020646353642047664
5.781512899102,0.019990168778490757
5.782544234654,0.02048166965815272
5.783601241305,0.01967813577973466
5.784616826378,0.021310717799257355
5.785716826378,0.01991666929021834
5.786745127498,0.02062273467183811
5.787810127498,0.021294018320185272
5.788910127498,0.01943757725368699
5.789914522171,0.021279228214972506
5.791014522171,0.01964106732644271
5.792030142947,0.01939252957999966
5.793033187815,0.0197245311070806
5.794053910201,0.02092567586114782
5.795137183108,0.020257077085882348
5.796186169772,0.019883871311378695
5.797216198456,0.021222548221110332
5.798316198456,0.01936133613419637
5.799320633054,0.020866453856050942
5.800404687184,0.021064619971227393
5.801504686955,0.01905788920160261
5.802504686955,0.020175869161989473
5.803564164509,0.019036252415889035
5.804564164509,0.019029322803163065
5.805564164509,0.01956671935351291
5.806593016241,0.019053151929600557
5.80759569963,0.019041444473939167
5.808598377224,0.019348940541002703
5.809617610736,0.019028025540801578
5.810620276734,0.019398917033001332
5.81164293416,0.019840466428407467
5.812689386436,0.019536687762425457
5.813720369434,0.01898774681015006
5.814723006857,0.018975073087705612
5.815725636463,0.0189651255480063
5.816728261958,0.01966294011744807
5.817768343344,0.02001038545559269
5.818827500031,0.019323721460187914
5.819850731816,0.01988762733773513
5.820904291873,0.019304332586898815
5.821927506638,0.01986550649891624
5.82298105189,0.003287576325620207
5.82315546788,0.019341868968675867
5.824181838048,0.019275322353218202
5.825205032923,0.019125819903279842
5.826220608324,0.019532235060109267
5.827257955161,0.019259309580252085
5.828281131112,0.019821299398413084
5.829334630892,0.01887154764089911
5.8303380038,0.01971749903798036
5.831386677799,0.018845134999651833
5.832389218482,0.019675922903120126
5.83343627929,0.01903548330852391
5.834449661186,0.01975156234105008
5.835501572197,0.01888954284196902
5.836507889433,0.018961514389688055
5.837518395652,0.01900536668022631
5.838531753986,0.019312081502438717
5.839561874149,0.018928722103853678
5.840571808327,0.0190654908919958
5.84158920837,0.01908427712596469
5.842607694188,0.01910942736022436
5.843627650055,0.018828415384561346
5.844632819724,0.019218905379396432
5.845659093982,0.019304915673097948
5.846690195195,0.019239425719067768
5.847718219556,0.019016591573180475
5.848734656086,0.01871606302346489
5.849735245606,0.018835688344672603
5.850742524327,0.019418108330627775
5.851781276568,0.019270758860708538
5.852812521519,0.018865777439707066
5.853822482792,0.018895474314335532
5.854834433324,0.018982042307428927
5.855851314446,0.0192575134824436
5.856883299933,0.01887769012682628
5.857895410141,0.019340580678535196
5.858934230541,0.019321945630184884
5.859977476803,0.01884147248172388
5.860998887825,0.019087516588629082
5.862034381559,0.018420640507506015
5.863034381559,0.01862255463302872
5.864045701831,0.018412681756661563
5.865045701831,0.018408896992264417
5.866045701831,0.018403728592614944
5.867045701831,0.018399349449070103
5.868045701831,0.01839616238920054
5.869045701831,0.018391903770531615
5.870045701831,0.0183850982387065
5.871045701831,0.018379646124709482
5.872045701831,0.018376304776278905
5.873045701831,0.01953527496736599
5.874108990055,0.018366863735699866
5.875108990055,0.01940893710586927
5.876166179908,0.01930364789705378
5.877218087036,0.01837060803067669
5.878220144761,0.019794721845714645
5.879302222826,0.018259613841998958
5.880302222826,0.018247278425984132
5.881302222826,0.01954180469594818
5.882373655714,0.018230259109133416
5.883373655714,0.018222061535993705
5.884373655714,0.019396889125918044
5.885438655714,0.018202422540310383
5.886438655714,0.018193703506689834
5.887438655714,0.018305411649685677
5.888445237651,0.01914758717186262
5.889498571619,0.018172265654985933
5.890498571619,0.01816766095569329
5.891498571619,0.01816191442194534
5.892498571619,0.0183599605556797
5.893509894026,0.018854135025752224
5.894548841719,0.01818062789667856
5.895551012803,0.018174410279859297
5.896553180141,0.01816747767574022
5.897555340601,0.018221861112247894
5.898560898658,0.018152638935393237
5.89956305105,0.018740483304797884
5.900598053289,0.01813856217868035
5.9016001954,0.01813074065343976
5.902602334639,0.01812331880300327
5.903604464045,0.018118893363832125
5.904606673718,0.019285153150786816
5.905673731577,0.01909112878039476
5.906730473454,0.0188862245930355
5.907776264153,0.01924168122241625
5.908842046807,0.0182900219269158
5.909855550079,0.0186279766639699
5.910888205304,0.018972683741969643
5.911940433989,0.018656150169683583
5.912975541336,0.018650236679489608
5.914010635074,0.01860339972328617
5.915043632419,0.018725025608264792
5.916083861104,0.018464191595750853
5.9171099512,0.018472365788721794
5.918137036233,0.01903963763280403
5.91919611978,0.018407351002305002
5.920220263936,0.01933311432148443
5.921296120484,0.018294789455643563
5.922314440556,0.018586518117129372
5.923349447203,0.018193033759145442
5.924362957993,0.018254023213063394
5.925380184753,0.017944481470263837
5.926380566607,0.018170111209200382
5.927393906214,0.01813748741268345
5.928405840316,0.01801834135954997
5.92941157558,0.01813335243244356
5.930424137177,0.018005759074146425
5.931429845963,0.01840023332613572
5.932457651761,0.01857599892402416
5.933495478248,0.01900609426077832
5.934557668829,0.017999406475744276
5.935563955384,0.017992085886405405
5.936570233776,0.018324469958275153
5.937595728992,0.01785571153407997
5.938595728992,0.018262223776678185
5.939618790801,0.01811282714103574
5.940633688436,0.018126156618203056
5.941650112425,0.018099116411678925
5.942667102911,0.017697224906971943
5.943667102911,0.017617122318846216
5.944667102911,0.017603807721456678
5.945667102911,0.017598118010978287
5.946667102911,0.007038498828052011
5.947067102911,0.017595540721655617
5.948067102911,0.018735467841099803
5.949132102911,0.01778466552365747
5.950143226548,0.019142136049793007
5.951231431834,0.01824487380242255
5.952268832382,0.018617468545070542
5.953327595676,0.017584665580249705
5.954327595676,0.018505223528362962
5.955379858512,0.017875027844641782
5.956396503574,0.018422632730354
5.95744465321,0.017842268664912758
5.958459906934,0.017732275244949258
5.959469089899,0.017569690355949387
5.96046929742,0.018711108173560937
5.961534587938,0.01759823901755769
5.962536427038,0.017599372477794268
5.963538259311,0.01760052199337724
5.964540079929,0.01760269388176592
5.965541896347,0.01760714677954993
5.966543710337,0.01761287425792393
5.96754551934,0.017761621064364883
5.968555309788,0.01793177826828311
5.969574309505,0.018736208570037424
5.970639738071,0.018379696021806148
5.971689785626,0.017477050633527415
5.972693158367,0.01838901818248518
5.973750532007,0.0186307431740724
5.974822569569,0.01835234800728289
5.975878959766,0.01753347413668211
5.976888749972,0.017783464263243218
5.977913363211,0.0186615877269405
5.978988696454,0.018276328528109547
5.980042124224,0.018482367998053636
5.981107933559,0.018052306749173314
5.982149265068,0.017539755648783274
5.983161256717,0.018042702002843244
5.984202578964,0.018469727509490445
5.985268889873,0.018178453508493536
5.986318867145,0.017308525021553212
5.987319068208,0.01735637332061361
5.988322372532,0.018660972153097907
5.989401385409,0.018003847644861605
5.990442687056,0.017493697871099275
5.991454636399,0.01731329634466602
5.992456313295,0.01731002891973427
5.993457984761,0.01730603867797047
5.994459650543,0.01729982288342393
5.995461311317,0.017293304595176695
5.996462966868,0.017452705879552076
5.997474317718,0.017277018451284886
5.99847596344,0.017261728211853573
5.999477130656,0.01753876982303578
6.000494801984,0.017253858097998395
6.001496431619,0.01724838950021302
6.002498055384,0.017791830617798127
6.003531498265,0.017820073560881132
6.004567064797,0.017764183743604722
6.005599849392,0.017221328134199018
6.006601448853,0.01746757563370001
6.00761780083,0.017649413053309405
6.00864519968,0.017296025318240985
6.009652488047,0.017350173456100106
6.010663397667,0.0174198895237802
6.011678834076,0.017231988529062003
6.01268392839,0.017300204324450532
6.013693475648,0.017343249850259288
6.0147058684,0.017780579226837227
6.015744274329,0.017887793534547832
6.016789340689,0.0186957370143705
6.0178820517,0.017234838354533075
6.018889889113,0.017272753475722873
6.019900412826,0.01708604529240218
6.020900412826,0.017139494715800205
6.021903862112,0.018491030332379362
6.022987111291,0.016982044583756756
6.023987111291,0.016879304273212763
6.024987111291,0.016850337599343946
6.025987111291,0.016842266359827603
6.026987111291,0.016987703568591594
6.027996134394,0.017439227495300844
6.029032623089,0.01831983144396633
6.030121942838,0.01681687381573157
6.031121942838,0.0168172663700733
6.032121942838,0.016815664552575833
6.033121942838,0.016813381038841918
6.034121942838,0.016893231477237453
6.03512686269,0.0180921728717673
6.036203475428,0.01731296292635165
6.037234040033,0.017605634077411548
6.03828218217,0.018227759109198452
6.039367542303,0.016815227562835076
6.040368949933,0.017377831559722088
6.041404105032,0.016807145508096918
6.042405502759,0.016809694491247838
6.0434068995,0.016812706665219612
6.044408291139,0.016811779249559424
6.045409677844,0.016871056970350903
6.046414525587,0.016948631147544163
6.047423880508,0.01699755515972891
6.04843608513,0.01733425324088851
6.049468252184,0.017257094249217664
6.050495782795,0.017095773538137043
6.0515136187,0.017515747320373306
6.052556379443,0.01812599795433879
6.053635613057,0.01730856548766449
6.054666350528,0.017242776058554992
6.055693280026,0.017137020280729783
6.056714064122,0.017061638121713116
6.057730529995,0.017118541019342386
6.05875062869,0.01717098495694986
6.059775050821,0.017489097317136364
6.060824675168,0.0169436758313843
6.061847612714,0.016837475226569535
6.062865510474,0.017352062196239235
6.063915118261,0.018061399844746546
6.065008202367,0.017517333121061875
6.06606886953,0.017027201487887313
6.067100366529,0.017175980692859343
6.068141379215,0.016683691778474223
6.069152893083,0.01796330577569981
6.070242381118,0.01700182025317345
6.071273860401,0.01682815614758068
6.072295117324,0.01665438913163951
6.073306231817,0.016551873749878838
6.074311556268,0.016909511722234195
6.075339072134,0.016469442839115084
6.076340290177,0.016462486167093383
6.077341503749,0.01645422088535283
6.078342711663,0.016443805121553773
6.079343915853,0.01740048219808148
6.080403868726,0.018039317490230442
6.08150309096,0.0016407425758157065
6.08160309096,0.016401018915761033
6.08260309096,0.01639284738128906
6.08360309096,0.017906034389446344
6.084695776079,0.016380945601157295
6.085695776079,0.016376973533212158
6.086695776079,0.01717641143306173
6.087744921551,0.017976154692717832
6.088843535977,0.017590831443752203
6.089919122912,0.016346660175257422
6.090919122912,0.017795742374022677
6.092008250869,0.016332348904151146
6.093008250869,0.016324569488395075
6.094008250869,0.016319753606197213
6.095008250869,0.016314565831301538
6.096008250869,0.016308651711132067
6.097008250869,0.016303120863670632
6.098008250869,0.016297577726471488
6.099008250869,0.016291129996871618
6.100008250869,0.016281576022340045
6.101008250869,0.016272255793794058
6.102008250869,0.016264191162963078
6.103008250869,0.017021883548343705
6.104055487316,0.01619338305345349
6.105055487316,0.016091037974363214
6.106055487316,0.016715642165069305
6.107097750116,0.016775524441176866
6.108144465861,0.01601979350550908
6.109144465861,0.016091459402690106
6.11014915044,0.016779367101280425
6.111196977037,0.01600977417183858
6.112196977037,0.01676858155345511
6.113244676478,0.016002309100029383
6.114244676478,0.01616897670654039
6.115255115805,0.016000061275111565
6.116255115805,0.015996398045818427
6.117255115805,0.01599295448209333
6.118255115805,0.016988719811762115
6.119317608031,0.016338245112230348
6.120339654308,0.01677169407584612
6.121389002114,0.016507793099908567
6.122422130939,0.016484246693266907
6.123453988272,0.0159949627579475
6.124455352849,0.015969685474038556
6.125455352849,0.015968035707031532
6.126455352849,0.015966428696398433
6.127455352849,0.015964156296481503
6.128455352849,0.015964064302563585
6.129455352849,0.016495027202886554
6.130488635619,0.015963785130758888
6.131488635619,0.015963997651544846
6.132488635619,0.015958955141859618
6.133488635619,0.015957996121931484
6.134488635619,0.01596140101325326
6.135488635619,0.015964279398942845
6.136488635619,0.016921859242578965
6.137548503046,0.015964700632059372
6.138548503046,0.01596229100867896
6.139548503046,0.015958852094082383
6.140548503046,0.015954218164266256
6.141548503046,0.015948267583470455
6.142548503046,0.01700266165175591
6.143614956535,0.01618280508748779
6.144630154474,0.016096673636370913
6.145640145828,0.016081230205466382
6.146649508991,0.016746911930447937
6.147700987181,0.01632960547981783
6.148726564361,0.016434064170067274
6.149759068856,0.01632209534664088
6.150784925257,0.015926411302802482
6.151786371611,0.016035192862519723
6.152795059231,0.016448796748307282
6.153830185073,0.01639627527583497
6.154862543705,0.01597446243045194
6.155868818726,0.01618465466140872
6.15688906607,0.015782832030296855
6.15788906607,0.015675334644420752
6.15888906607,0.0156342993542348
6.15988906607,0.015816910902056544
6.160901483783,0.01636631862095632
6.161949740099,0.015604504228465012
6.162949740099,0.015963956857679647
6.163973155268,0.015591417068899237
6.164973155268,0.015585123597541151
6.165973155268,0.015580886572638697
6.166973155268,0.01557522303296904
6.167973155268,0.015568465801196231
6.168973155268,0.015560690140521785
6.169973155268,0.015553525138847061
6.170973155268,0.0015550029563675106
6.171073155268,0.015814063217355342
6.172090416419,0.016056392793674736
6.173122665361,0.015632590590037115
6.17412672647,0.015703698948184106
6.175135461565,0.015743753160563815
6.176147039145,0.016333818657430686
6.177196841142,0.015582716473693152
6.178198605767,0.016367665971899644
6.179251035873,0.015985698443320467
6.180279334264,0.015771516787839657
6.181294311071,0.01578379304228645
6.18231042429,0.016348187970750192
6.183363256076,0.015700085960407544
6.184374775483,0.0156418655045986
6.185382964269,0.015545326801943005
6.186385301495,0.015634658148273785
6.187393794348,0.015834132020273787
6.18841554622,0.016148950824456474
6.189458001414,0.015614755940656946
6.190466469525,0.015812023607295916
6.191488197628,0.015651533722773652
6.19250018321,0.01616569958223136
6.193546309629,0.015458559181857363
6.194550293337,0.015854496651805442
6.195585480722,0.015502133395430075
6.196600019819,0.015460310345201025
6.197611836227,0.015869550338958267
6.198650304744,0.016332827065050442
6.199719300181,0.016270155475857424
6.200784300181,0.01597647796718302
6.201829975042,0.015277311275546797
6.202829975042,0.015274021459687781
6.203829975042,0.01526987098111329
6.204829975042,0.015266700115771468
6.205829975042,0.015261612409788147
6.206829975042,0.015252877390796336
6.207829975042,0.015243880954065708
6.208829975042,0.015235340301253841
6.209829975042,0.015227117408545609
6.210829975042,0.01576041975891109
6.211865464497,0.016207265730117944
6.212933015508,0.015094377950600465
6.213933015508,0.015032354989414855
6.214933015508,0.015228596572800257
6.215947338212,0.015467938064971579
6.21697859134,0.014988693008449698
6.21797859134,0.014979609034814946
6.21897859134,0.014970737268403693
6.21997859134,0.014961560943942633
6.22097859134,0.014952457543964574
6.22197859134,0.0161592537778007
6.223059834778,0.015310059130580712
6.224084834778,0.014928144098767429
6.225084834778,0.014927903387727624
6.226085345092,0.01491780863973674
6.227085851197,0.014908129860255375
6.228086353076,0.014899576186130152
6.22908685281,0.01489010797705531
6.230087349498,0.014881063053083123
6.231087839256,0.016065699814238225
6.232168546693,0.014863221295274754
6.233169029334,0.014945064399822152
6.234175657459,0.014843752729909981
6.235176132585,0.01483345474760128
6.236176603222,0.014822832856755907
6.237177069598,0.01481463015122879
6.238177531726,0.015040426214653018
6.239193595386,0.015527055467109868
6.240243028579,0.015141119796604307
6.241266910483,0.014786203337236794
6.242267346112,0.015097671658030925
6.243289373536,0.01570366168414919
6.244352991017,0.014925357293392803
6.245364440154,0.01506318233702755
6.246385701596,0.015554977063219105
6.247440891146,0.0153572322275147
6.248483124796,0.014881379259884524
6.249493330947,0.015339684294960835
6.250535121203,0.015414090937370927
6.251582498312,0.014778844460937673
6.252587120957,0.015338729643989022
6.253630288992,0.015093521152043739
6.254657375641,0.01490855193830635
6.25567242257,0.014712176081800102
6.256674561714,0.015450523522263384
6.257727576141,0.014977148392149664
6.258748920249,0.015070351926404844
6.259777945811,0.014825229616850361
6.260794316122,0.014531895879613028
6.261794661922,0.014538265369288981
6.262796939325,0.01463796219011103
6.263806355605,0.014910839264181158
6.264834411358,0.014704522662556173
6.265848327914,0.014802716664441821
6.266869279795,0.015685894404196845
6.2679512501,0.0146731222389964
6.268963306397,0.014525502506896684
6.269965228658,0.014896133732173448
6.270992827997,0.014702116492773296
6.272007207559,0.014942260840431825
6.273038457379,0.014570050001168185
6.274044375239,0.014504841729124618
6.275046095058,0.01492257929279638
6.276077002007,0.014806834728501053
6.277100315447,0.015511558292669442
6.278172779433,0.015670536306295193
6.279256692299,0.014839217599660547
6.280283536512,0.01491364660377595
6.281316156894,0.014889185613397733
6.282347781864,0.014427289530089508
6.283347781864,0.015133005059887274
6.284397083132,0.014414487245175574
6.285397083132,0.01440968743063923
6.286397083132,0.014403509100782766
6.287397083132,0.014395690643797041
6.288397083132,0.01438833048951226
6.289397083132,0.01437989582705666
6.290397083132,0.014468828947667513
6.291403819237,0.014632032822912864
6.2924243445,0.014253248185140791
6.2934243445,0.014188901116463377
6.2944243445,0.014173106558498901
6.2954243445,0.014564997343502637
6.296452712302,0.01418660365442676
6.297455096478,0.014147421658763303
6.298455265021,0.01414256673968619
6.299455426437,0.015138912809757559
6.300526574489,0.014839573185262031
6.301577012853,0.006359656249129033
6.302027314503,0.014195959333786957
6.303032799008,0.014210891123055125
6.304039890837,0.014778672348903989
6.305087867195,0.014180261068009055
6.306093876941,0.014135668403411825
6.307097160655,0.014159082912630643
6.308102613328,0.014932520798872063
6.30916354728,0.014071550618818074
6.31016354728,0.014068003208499798
6.31116354728,0.01405980658284774
6.31216354728,0.014053176153402869
6.31316354728,0.014047476871650217
6.31416354728,0.014040472027841375
6.31516354728,0.014034908150139259
6.316163632569,0.014658167156838965
6.317208672406,0.014019619781760135
6.318208751921,0.014016194399789529
6.319208825696,0.014377076286004582
6.320234806103,0.014710042433007841
6.321284976512,0.014244168118049464
6.322302440246,0.014091302539236003
6.323309376744,0.01477049850057827
6.324365362653,0.014254728409922453
6.325385585043,0.014229122093748499
6.326405796426,0.014453540864119862
6.327444414339,0.014056334370481672
6.328456441086,0.014112627511126914
6.32947386762,0.014166955970516855
6.330496209384,0.014013208500550706
6.331508225019,0.014372959662661488
6.332546822754,0.013998152994133596
6.333558829522,0.014520208743354456
6.334609083108,0.01409699160219648
6.33562925666,0.014502214242115844
6.336679348036,0.014081678419863458
6.337699511896,0.01448881367224046
6.338749588637,0.013931258080442266
6.339759659865,0.014062980306032234
6.340779801368,0.01446704915796322
6.341829857713,0.01404888617196641
6.342849991243,0.013790166433557722
6.343851710656,0.014036969839870305
6.344871836118,0.014441830165516105
6.345921873465,0.013985975008505734
6.346939209191,0.014286772595733747
6.347978908034,0.014681153020713624
6.349047811879,0.01510144525767263
6.350147763578,0.014208742291682822
6.351182981394,0.013801192013446885
6.352188611755,0.014313415469705305
6.353231601541,0.014585885977373338
6.354294585694,0.013828735703367151
6.355302478478,0.014155385145418267
6.356334180522,0.014528601693792624
6.357393228159,0.013724159095454705
6.358393777532,0.014419380389376174
6.359445011086,0.013854861968759943
6.360455087911,0.013754329728497865
6.361457880271,0.01391240028016364
6.362472277523,0.014121658327401884
6.363502294172,0.013889936166303634
6.364515614337,0.01372396151515389
6.365516873488,0.013760473030416574
6.366521062037,0.013965492520979719
6.36754047544,0.014392529256106231
6.368591360565,0.013875192656818811
6.369604827808,0.014145796052391055
6.370638426194,0.013707799057114093
6.37164034978,0.013799501366826165
6.372649312951,0.013785223577304936
6.373657566356,0.014487733010435894
6.374717416967,0.014406350208937636
6.37577141536,0.014158506869654976
6.376807358323,0.013945748057465592
6.377827857901,0.014768445461133099
6.378908855125,0.01407398233103602
6.37993959959,0.014204075063100969
6.380980586886,0.013924228529024205
6.382001573043,0.014053402450906718
6.383032310631,0.014314033565403447
6.38408304665,0.01389983184747943
6.385104025284,0.014028549469204418
6.386134757359,0.014291824621125592
6.387185487688,0.013991135977286597
6.388214929244,0.013831244957698172
6.389234686042,0.0134968784493984
6.390234686042,0.013439084397671842
6.391234686042,0.013424595728969953
6.392234686042,0.0134156718588469
6.393234686042,0.013408045047164419
6.394234686042,0.01340428147798323
6.395234686042,0.013398316761201647
6.396234686042,0.013391108321678323
6.397234686042,0.013381740386304412
6.398234686042,0.013367298355752923
6.399234686042,0.013445615947620154
6.400241822044,0.013332530081610505
6.401241822044,0.013597820771435001
6.402262762385,0.013309136873664109
6.403262762385,0.013299145380604352
6.404262762385,0.013288326022127631
6.405262762385,0.01346710450626975
6.406277007668,0.013415056994921026
6.407288081421,0.01325841258673988
6.408288081421,0.013987913719106437
6.409343659722,0.013475872313904685
6.410360931622,0.013242155216064509
6.411360931622,0.0132347834528605
6.412360931622,0.013223746969641495
6.413360931622,0.013236769634154773
6.414363006222,0.013440630718192634
6.415381481928,0.013827842391005894
6.416429991817,0.013560118533017584
6.417458653248,0.013278738652156926
6.418466230873,0.013178047041563818
6.419466519779,0.013287722314035492
6.420475455411,0.013256466485179337
6.421482323355,0.013238362383649645
6.422488119328,0.013387542092223488
6.423505493628,0.008452311925732307
6.424148002817,0.01400034244929575
6.425212625954,0.013719949555355129
6.426256338181,0.01330162577974074
6.4272686359,0.01347784075632205
6.428294785385,0.013637299483506955
6.429333553143,0.013311263169664363
6.430347934461,0.013316581187499024
6.43136311082,0.013192901620842232
6.432369221842,0.01337734871804478
6.433389723567,0.0132817084510331
6.434403291837,0.013278838065603564
6.435416967227,0.013097091503638948
6.436417138955,0.013316151044298057
6.437434712757,0.013326495383002698
6.438453595682,0.01312910297355019
6.439457498519,0.013126786986277573
6.440461496543,0.013435161229207945
6.441489481062,0.0131792918812484
6.442498219706,0.013063718767798944
6.443498512424,0.013179131751723966
6.444508031964,0.013080182199811745
6.445510370136,0.013343393876700096
6.446533128801,0.013564748967343608
6.44757306861,0.01325387591971054
6.448589547657,0.013085638445692533
6.449593305256,0.013204943391538547
6.450606371032,0.013498846261248927
6.45164224884,0.013445944008615977
6.452674353545,0.01324429497246925
6.453691254463,0.01319244861023482
6.454704472039,0.013135641519403678
6.45571362429,0.013053226084630944
6.456716641549,0.013104430329433779
6.457724028768,0.013351260301850963
6.458750882765,0.013046987770273091
6.459754559865,0.012996559854211416
6.460754565792,0.013027720070725982
6.46175716401,0.013048592165839793
6.462761558979,0.013044413656922743
6.463765938592,0.013622624218169687
6.464815301039,0.013789091748393972
6.465877670635,0.013461042068106666
6.466914879598,0.013170193711311482
6.467930124215,0.013013717582481057
6.468933774368,0.013198865660729087
6.469952189941,0.013297806757517808
6.470978984287,0.013134942287116301
6.471994185903,0.012970766660601811
6.472997790235,0.013195398166242711
6.474019986505,0.013037057442274355
6.475031142091,0.013246666501742478
6.476059787862,0.01414241426304468
6.477159178123,0.014102570145113926
6.478256548774,0.013088441137351511
6.479275919925,0.01283137368055868
6.480276141018,0.012821262811206784
6.481276358703,0.012996633488153357
6.482291152079,0.01310172719422048
6.483316075322,0.012742846577450688
6.4843166471,0.013319375123372222
6.485365849903,0.012706971373241905
6.48636806825,0.013821030823130973
6.487459157876,0.013483996842680177
6.488524552344,0.013098141584349686
6.489560203822,0.013035166969818558
6.490591510881,0.013144280443874834
6.491632058752,0.01276197222081097
6.492642877116,0.013191256783121288
6.493688347836,0.01326863388403965
6.494740529303,0.013498154023695247
6.495811328774,0.01310981457247448
6.496851859183,0.012728949838294002
6.497862650916,0.013097797601331217
6.498903176365,0.012716863316398442
6.499913960995,0.013084071980082953
6.500954481756,0.012703472646124111
6.501965259247,0.013069358613051661
6.503005774702,0.01268855873159941
6.504016544204,0.01305665542328818
6.505057054668,0.0126782581793361
6.5060678167,0.013044151572394934
6.507108322441,0.013143284897438365
6.508157437047,0.01293836159829002
6.509190790829,0.007973721715048543
6.509827846379,0.012725076918897328
6.510844834762,0.01265282013566562
6.5118565473,0.012688402688505296
6.512871605798,0.0128012871137239
6.513896186126,0.012850479156704134
6.514925232614,0.012513876897379882
6.515927779412,0.012717484818600957
6.516947060499,0.013083061584769708
6.517995950517,0.012950154436501615
6.519034526851,0.012684737539529662
6.52005224333,0.012568929023971036
6.521061081528,0.012933861071171204
6.522099639802,0.01248994259645494
6.523102971764,0.012444001720681504
6.524103077728,0.01290940914066059
6.525141001433,0.012493603968214917
6.526145853843,0.01244669233334191
6.527147361488,0.012768914017586085
6.52817534145,0.012709131575321522
6.529199180226,0.01286188441607598
6.530235977685,0.012850807059298945
6.531272441272,0.012715821270441774
6.532298474626,0.012952799882274137
6.533344144879,0.012786926101574145
6.534376948236,0.01252213783774446
6.535388798934,0.012845073781467998
6.536427231014,0.012946692026482156
6.53747432114,0.012715054552778016
6.538503146946,0.012952591420418545
6.539551774618,0.012429728686609243
6.54055855573,0.012592720446178624
6.541579081296,0.012874682538047468
6.54262313232,0.012368169029257728
6.543626677489,0.013147675003491219
6.544694043598,0.012643300477744783
6.545721086193,0.01262215472325638
6.546746939033,0.012750289521454223
6.5477837612,0.012721803037253175
6.548818935645,0.012413279605360882
6.549829559533,0.012633348605644006
6.550858741697,0.01235854596975117
6.551866168585,0.012307446787001186
6.55286996305,0.012344063270346522
6.5538773225,0.012486531790887849
6.554896996415,0.012581366248723788
6.555925054942,0.012289671914872268
6.556929816313,0.012677648255844734
6.557966862105,0.012657510050208834
6.559002801792,0.012276868026183158
6.560008142038,0.012450241967970455
6.561028172487,0.012258956263223878
6.562032981605,0.012590453813040177
6.563065534981,0.01241014479712513
6.564083832769,0.012670683905374657
6.565123840177,0.012566013862811216
6.566155689724,0.012789981358479342
6.567206521497,0.012195716427917436
6.568208835786,0.012852748304171723
6.56926561576,0.012729787408563299
6.57031290919,0.012171902571951616
6.571314860789,0.012734548968597
6.572363774422,0.012157910345295023
6.573365720588,0.012720524127770708
6.574414628527,0.012143441969242568
6.575416569427,0.012490397437142689
6.57644768121,0.01273036297306187
6.577499094895,0.012366517123986011
6.57852097726,0.012475131410443829
6.579552387235,0.012710346663314005
6.580603795718,0.01234674157801956
6.581625671362,0.012455329246840376
6.582657076361,0.01257484503019475
6.583698947419,0.012189334397495423
6.584709423325,0.012542892704366733
6.585749738275,0.012294522525209241
6.586770050721,0.012169644609321312
6.587780515891,0.012363715282910595
6.588807555352,0.012706459152398868
6.589863729999,0.005654518730887128
6.590333880124,0.012487969159083673
6.591372532809,0.01260240938152985
6.592421383952,0.012031799863784744
6.593423271418,0.012202321785625905
6.594439916169,0.012840893779431707
6.595510351138,0.012471248503075173
6.596550638943,0.012105291836154414
6.597561067418,0.01245649319661563
6.598601350858,0.012093249906497322
6.599611772588,0.01244405525796735
6.600652051488,0.012080375247045477
6.601662466473,0.012430840055296275
6.602702740794,0.012461396365330408
6.603746188245,0.012303299757968313
6.604776914488,0.01205590158516321
6.605787315948,0.012406188334850727
6.6068275814,0.012043809099278855
6.607837976162,0.01281820981426693
6.608913889372,0.01248453935126457
6.609962691589,0.012670140701111686
6.611027701848,0.012227786798634835
6.612055841209,0.011888398547954976
6.613056002363,0.011886345798420603
6.614056507009,0.012164640272370228
6.615081017757,0.01216378879323411
6.616106063259,0.012385047261080811
6.617150354869,0.011997303006808511
6.618162548451,0.01239234590680482
6.619208672161,0.011983177988423748
6.620220854859,0.01194751267239892
6.621230645408,0.012300944536862486
6.622270995951,0.012131165101996412
6.623297837322,0.012067174424567997
6.624320204011,0.011799461084826912
6.62532089638,0.011795723272044036
6.62632242075,0.012240904450277123
6.627362953769,0.011998068050114292
6.62838395136,0.011978284583089263
6.629404327916,0.011847467097215268
6.630414555383,0.011917136005735967
6.63143157688,0.01197492127608296
6.632454282929,0.012251902316324314
6.633501376712,0.01173314178921605
6.634504833637,0.011703677916523022
6.63550645373,0.011854504490666006
6.63652166144,0.011798203534223842
6.637532664719,0.011681186216860482
6.638534263028,0.011830956726351271
6.639549455673,0.011906617978562881
6.640571901941,0.011814768593778887
6.641587042197,0.011891455058990958
6.6426094217,0.012077954593217682
6.643648504179,0.012194008258462839
6.644698070717,0.011997336660483152
6.645731250708,0.011867011501915029
6.646753956827,0.011886393302712104
6.647779113537,0.011815365553153418
6.648798818089,0.011758480622135225
6.649814081266,0.01159021022810677
6.650815160075,0.011740862819567727
6.651829626627,0.012013362794551754
6.652868087226,0.011575464803826386
6.653869307426,0.011785268425504224
6.654889240772,0.011658920204833365
6.655898668493,0.011598350520256432
6.65690326732,0.011979434631150511
6.657941265003,0.011544487921244784
6.658941894663,0.011726577333536718
6.659958804393,0.011814414541371198
6.660983741982,0.012112004917210251
6.662034833217,0.012087733558562755
6.663084271356,0.011605740973020693
6.66409216685,0.012056020555892846
6.665139127522,0.011706971511741219
6.66615558763,0.011763884332346106
6.667176416824,0.011687735648470036
6.66818942556,0.01185600443197818
6.669216132408,0.012153193593577279
6.670268443889,0.011888358857266407
6.67129760769,0.011656573676074367
6.672306297468,0.011951209867178127
6.673340228328,0.008479157051645038
6.674073584506,0.011698334958164353
6.675085197365,0.011604009730068853
6.676088618591,0.01183100641249792
6.677111515853,0.011789031097245549
6.678130742762,0.012343932219797352
6.679197749147,0.012171315627457782
6.680248966073,0.011815226569766676
6.681268154576,0.012082912108601972
6.682309032164,0.012039789459593232
6.68334479931,0.012065819095015369
6.684381063749,0.012261048601868996
6.685431976359,0.011890679315684726
6.686449205968,0.01224570090729327
6.687495245186,0.012200916689554695
6.688536083194,0.012216459092016345
6.689576918315,0.012225486810675232
6.690617750256,0.012228611520117479
6.691658578986,0.012233386353158434
6.692699404711,0.004242279810921406
6.693060201044,0.011857936293271303
6.694068960867,0.012566424003617611
6.695138998964,0.012312316303568657
6.696189034376,0.012171899067625553
6.697227543261,0.012180701208767467
6.698265639389,0.011883271944055682
6.699277199356,0.012352689888899175
6.700327222921,0.012233399012514285
6.701365717282,0.012132355421690603
6.702395077596,0.011875988236455796
6.703403484951,0.012076487317008708
6.704431332691,0.011859920878288532
6.705442870426,0.011736166953406556
6.706444478762,0.012029942009374524
6.707471456535,0.01211918455182945
6.708506324565,0.01224393979226697
6.709551896579,0.012687332376943038
6.710635339859,0.012881942212208041
6.711735339859,0.012883807139465981
6.712835339859,0.012887188975737653
6.713935339859,0.01288922554866733
6.715035339859,0.012888285236529832
6.716135339859,0.012882099062709627
6.717235339859,0.01287028447236776
6.718335339859,0.012191213789711589
6.719378245438,0.01284991852787326
6.720478245438,0.012841934850395623
6.721578245438,0.012833170862880222
6.722678245438,0.012819776340175035
6.723778245438,0.01192215003901209
6.724803245438,0.012751188121563476
6.725903245438,0.012696301277869668
6.727003245438,0.011737619588603854
6.728023245438,0.012531616494144584
6.72911362477,0.012630631758132366
6.73021362477,0.012620706699038304
6.73131362477,0.01223824816855137
6.732381032598,0.012601723906844692
6.733481032598,0.012589299054645911
6.734581032598,0.01257655896935197
6.735681032598,0.012564270558992317
6.736781032598,0.012551629778537028
6.737881032598,0.012537484080033785
6.738981032598,0.012526493169934297
6.740081032598,0.012526927815478919
6.741181032598,0.01166863405459611
6.742205427379,0.01251376745141482
6.743305427379,0.012030289039347374
6.744365427379,0.01159530298709217
6.745389279228,0.011719819515838174
6.746426365934,0.011279053852134544
6.747426525241,0.0115312376432766
6.748450984677,0.011622871896205082
6.749485573892,0.011458338281283276
6.750507336396,0.01143680828211467
6.751528874671,0.011788178519220427
6.752583228671,0.011778116792485742
6.753637563354,0.011288352876953144
6.75464818555,0.011338963610850945
6.755663616244,0.011410167174516804
6.756686449268,0.0114433338934604
6.757713244412,0.011137692831364596
6.758713334266,0.011557756503772255
6.759751956182,0.011944365759425464
6.760826433118,0.011315466523740839
6.761845413514,0.011494896099196423
6.762881629065,0.01115680617245255
6.763888407915,0.011459461053704628
6.764923533842,0.011660169776326175
6.76597780901,0.011476082342189253
6.767016397272,0.011860944177434307
6.768090839504,0.011151619889491976
6.769101953422,0.011214589321888287
6.770119480032,0.011528253973212091
6.771166087088,0.011299056641288609
6.772192816929,0.011235921670832965
6.773214934651,0.011067667664522036
6.774222874389,0.011331087031913715
6.77525598042,0.011498411740684436
6.776305480389,0.011024523567172786
6.777312732794,0.011462077834754307
6.778360945143,0.011302889920147182
6.77939559834,0.011021714116992237
6.780405407516,0.010931961750349634
6.781407745141,0.011045593520197579
6.782421207136,0.011400406367272674
6.783468032735,0.011353327544732773
6.784511474128,0.010912923210264543
6.785515343508,0.01107142615432567
6.786534579265,0.011781336584535656
6.787619878309,0.011052618170081047
6.788638825804,0.011198394220033986
6.789672245328,0.011514118399206453
6.79073589541,0.011019434493136906
6.791754657504,0.011199128703922659
6.792790703593,0.010854197192493276
6.793795525538,0.011064961411385075
6.794820820616,0.01089644201035202
6.79583165452,0.01084047067595993
6.796838748996,0.010810458258833368
6.797844209786,0.010814916123788453
6.798850551902,0.010972202696226382
6.799871823319,0.011125916528440073
6.80090783838,0.01113234244528989
6.80194513195,0.011612689558177491
6.803027767087,0.011459238091995462
6.804096531538,0.010736255034822199
6.805098242964,0.01112728193433831
6.806136840395,0.010727845505632588
6.807138541488,0.011118788658812233
6.808177129074,0.01071948300986046
6.809178822128,0.01110912656008596
6.810217400838,0.01070909589939392
6.811219086213,0.011137959675072985
6.812261441439,0.0007947504889461184
6.812335841439,0.011008948050393387
6.813366854918,0.011102327844581445
6.814407360285,0.011729540532872791
6.815507360285,0.010882139819231234
6.816528454812,0.010873990258411789
6.817549359098,0.01162099792866604
6.81864181546,0.011684597203697541
6.81974181546,0.010690852897518673
6.82074890428,0.01112954959056175
6.82179732735,0.010703215856682448
6.822805846873,0.011664283306266744
6.823905846873,0.011655218211173933
6.825005846873,0.01164622687522532
6.826105846873,0.011637786088697128
6.827205846873,0.011630384459105183
6.828305846873,0.011623610832831439
6.829405846873,0.01161599464119095
6.830505846873,0.010764180150392282
6.831525846873,0.011077309585996403
6.83257616907,0.011069607805097588
6.833626490948,0.011584951033099405
6.834726490948,0.011576281883978193
6.835826490948,0.011567495805577024
6.836926490948,0.011252055645393397
6.837997279808,0.011055052363760465
6.839049879433,0.011548645626756714
6.840149879433,0.011543259648404636
6.841249879433,0.011536728933570278
6.842349879433,0.011529207952343008
6.843449879433,0.010704475157424807
6.844471680852,0.010945396129473596
6.84551680156,0.010760479617399496
6.846544608162,0.010712673306592622
6.847568115163,0.011011912731154701
6.848620518211,0.010748063293286442
6.849648407672,0.010695967242767192
6.850671901158,0.01067550875008738
6.851693619134,0.010541428410119662
6.852702710083,0.010862863336470189
6.853742952365,0.010947110387462763
6.854791980617,0.01106292891866931
6.85585263489,0.010575027071423767
6.856867250531,0.010462920575574608
6.857872278018,0.010640082557810616
6.858895165985,0.01040950065701816
6.8598964325,0.010515401966303116
6.860908485245,0.010504663236940786
6.861920235731,0.010528036576729708
6.862934829193,0.010774375459251504
6.863973713659,0.010557345078590491
6.864992179488,0.010602834334201406
6.866015544342,0.010981554978295237
6.867076143346,0.010499893525540253
6.868090717147,0.010747570984395424
6.869129581535,0.010532105622546235
6.870148023616,0.010548904539265384
6.871168828005,0.010479264414838298
6.872183222719,0.010427054766019916
6.873192571732,0.010469189865217294
6.874206497309,0.010687386925786373
6.875242146743,0.010430736320405158
6.876253357722,0.010363904803894453
6.877258629854,0.010359640241033188
6.878264112673,0.010376814296595644
6.879271747718,0.010392991035027192
6.880281494597,0.010482490201447349
6.881300593435,0.010476071416553706
6.882319687318,0.010471960033671618
6.883338776467,0.010308020265269823
6.884342209627,0.010479454384309165
6.885362627716,0.010860742315585458
6.886420545348,0.010286768800950093
6.887422973047,0.010324753346470693
6.888429573954,0.010330286100476307
6.88943716134,0.010257965343147185
6.890438116705,0.010331175602988765
6.891446686518,0.010344057139710096
6.892456983053,0.010330560077338518
6.893466635591,0.010341367618297473
6.894477599204,0.010560913946048429
6.895510132029,0.010415992378328931
6.896529119083,0.010282533443638199
6.897535762251,0.010288686852067144
6.898543646225,0.010320125470786755
6.899555193678,0.01071398590885627
6.900606030288,0.010513298848671635
6.901638163909,0.010318545217671123
6.902653476145,0.010632136221153938
6.903702405345,0.010368990158516654
6.904726719689,0.010236249487641402
6.905738605649,0.010145881113844965
6.906742274285,0.010902651285162327
6.907821638943,0.010133412717894327
6.90882562404,0.010316607662919091
6.909847890045,0.010574419591715404
6.910895777663,0.011091813542052686
6.911995777663,0.011083130065187203
6.913095777663,0.011076567306177544
6.914195777663,0.011072076837075956
6.915295777663,0.011066732065917023
6.916395777663,0.010960446004010433
6.917485777663,0.010935037175071346
6.918573628385,0.011053589869521438
6.919673628385,0.011048837939221708
6.920773628385,0.011043204310086777
6.921873628385,0.010489891609124611
6.922918590734,0.011039462308296182
6.924018590734,0.011032007042227733
6.925118590734,0.010374244377163507
6.926153579085,0.011019140721160503
6.927253579085,0.010791949756254237
6.928331419939,0.010332490333974141
6.929363849924,0.0047044498639413285
6.92983412975,0.01038902839892583
6.930873088359,0.010503077623357482
6.931923924996,0.010203002268717974
6.932945039095,0.010297112652926273
6.933975873231,0.010491716097331284
6.935026706164,0.010191567670278791
6.936047814884,0.010286379433596676
6.937078645053,0.010782182966854409
6.93815974982,0.01007683235018123
6.939170765237,0.010375677939834854
6.940212418405,0.010363283703019937
6.941253518706,0.010454987450324091
6.942304342681,0.010057129142212838
6.943315703154,0.010647581853646145
6.944387067538,0.010144020190766219
6.945408156921,0.010044344053152302
6.946419516649,0.010234781032945102
6.94745033094,0.010333644594682466
6.948491414729,0.010033279653041224
6.949502767294,0.010026963167300338
6.950514117124,0.010110711696200682
6.951534656545,0.01017987965264373
6.952562979324,0.0104101090692132
6.953615118564,0.010291492185121693
6.954655783968,0.010213976129707703
6.955689271972,0.010392205197763207
6.956741187476,0.010277573713990646
6.957781628577,0.009947639834268681
6.958788853067,0.010188385899569781
6.959820991861,0.009916255502319164
6.960826248313,0.010259370152048515
6.961866865808,0.01045200638582565
6.962927657665,0.009908159190884766
6.963933792308,0.010026243964118714
6.964952312348,0.010319269039358534
6.966000980442,0.009974852441547279
6.967014950411,0.01021585102970792
6.968053765806,0.009967289980806383
6.969067948489,0.010200100106652172
6.970106409365,0.009995894292284372
6.971124398969,0.010040264196148766
6.972147348825,0.01039940442421468
6.973207450313,0.00994445775953221
6.974221614316,0.010180601930705791
6.975260056011,0.009976903619215972
6.976278024182,0.010020582388941867
6.977300955414,0.010379560150655687
6.978361034625,0.00992589657101879
6.979375179597,0.010159580134039465
6.98041360223,0.009953049856379107
6.981431549023,0.009995813496675103
6.982454461346,0.009902156460263748
6.9834681545,0.009770200627433964
6.984468593941,0.009855958151961183
6.985478125965,0.009836454895152775
6.986486127921,0.010046398265086557
6.987516173614,0.009977839838094527
6.988539674657,0.010140254146837642
6.989580326728,0.009990776885677908
6.990606220875,0.010408084413095587
6.991675386073,0.009732473747000443
6.992675407964,0.009828194719259173
6.993685671137,0.009811500755183585
6.994694628935,0.009735899936742403
6.995696318174,0.009745981282158984
6.996699533423,0.009782803024517993
6.997706946708,0.009738322294829373
6.998710365546,0.009943128759159408
6.9997352535,0.00999346565281869
7.000765561026,0.00982789421217225
7.001779270283,0.009884389728334397
7.00279925996,0.00985328677852112
7.003816533563,0.00979378634235585
7.004828134978,0.009769221736181909
7.005837591324,0.009700690938929599
7.006840315476,0.009808520548181116
7.007854654251,0.00990061883399594
7.008879103448,0.009776530238617352
7.009891227077,0.00967635432542308
7.010893475378,0.009715047149994967
7.011900211153,0.0096944059821619
7.01290517332,0.009691543540967226
7.01391013126,0.009669714830584321
7.014913173989,0.004558592667805394
7.015386170989,0.009653496525763989
7.016388227402,0.009682363250987052
7.017393807731,0.00966159905732752
7.018397685315,0.009657158391027904
7.019401558804,0.009690754788468446
7.020409391527,0.009706462912031772
7.021419271985,0.009780842243090749
7.022437248147,0.010432833286204778
7.023523565282,0.009893352498708714
7.024554274122,0.009657375091687154
7.025560865885,0.009697248907691717
7.026572043953,0.010268649152852014
7.02764368701,0.009706499032541397
7.02865784898,0.010326665513929448
7.029739394077,0.00999178985964101
7.030790092676,0.009682449938690293
7.03181102281,0.00976765401474684
7.032841719277,0.010331216606531544
7.033932608868,0.009944185413058077
7.03498330342,0.009658704354944873
7.036004227876,0.009457577766185991
7.037004316469,0.009649779596719817
7.038025238527,0.009737550781382734
7.039055928818,0.009921055493185683
7.04010661806,0.009636452244692277
7.041127535372,0.009724826168302692
7.042158222154,0.009907606511177764
7.043208907944,0.009625790165286644
7.044229820801,0.009714712536300171
7.045260504228,0.009896983899062862
7.046311186629,0.009613043816638642
7.047332094946,0.009698644465189202
7.048362775048,0.009883811672949147
7.049413454135,0.009886241251642645
7.050464583881,0.010160381093187187
7.051545486106,0.009684261721624855
7.05257616154,0.009868574902163564
7.053626835962,0.009585040949293001
7.054647733607,0.00967267514616706
7.055678405605,0.009856300958037285
7.056729076595,0.009574532862549617
7.057749969617,0.009661938204279621
7.05878063816,0.009843700434025654
7.059831305709,0.009899371758252836
7.060888313629,0.009648316331040472
7.061918978683,0.010110022507399442
7.062999642648,0.009827174844376283
7.06405030546,0.009547669504297305
7.065071187602,0.009635068827296733
7.066101847986,0.009736247757888629
7.067143657105,0.009352228095926686
7.068144577763,0.009342911454693605
7.0691450531,0.009483244832589862
7.070161020656,0.00934816033021906
7.071162803703,0.009748038437445924
7.072207957686,0.009356100753505061
7.073211529318,0.009436143980351646
7.074224012295,0.009384326821459434
7.075231325783,0.00932254710227471
7.076232549864,0.00933347289563733
7.077235326485,0.009309867132746116
7.07823590549,0.009374861716232759
7.079243980545,0.00937146189581675
7.080252051453,0.009314731270177649
7.081254361402,0.009361800517892005
7.082262211886,0.00937620939915922
7.083271940091,0.009326002530248529
7.084276597324,0.009313820748481971
7.085280400741,0.009299843012891084
7.086283138251,0.009274637585685409
7.087283677918,0.009380098275428019
7.088296170703,0.009323173076429518
7.089302928159,0.009320523476040416
7.090309681319,0.009303976486394775
7.091314944321,0.009300986453041437
7.092320203019,0.009356942961324596
7.093331985757,0.007181737937948391
7.094108918329,0.009299273990151308
7.095115337931,0.009260948642803522
7.096118033372,0.009257598887624736
7.097120724613,0.009233781505325745
7.098121218357,0.009299157179182749
7.099129207518,0.0092953547734023
7.100137192471,0.009277761457250707
7.101143900724,0.00927168962210426
7.102150604469,0.009326384018852772
7.103163600531,0.009316668765318597
7.104175813933,0.009373508252626856
7.10519460272,0.009283042405558729
7.106203977643,0.009290351650951018
7.107214481997,0.009351231860015179
7.108231987876,0.00928042480935295
7.10924227265,0.009194810265633162
7.110243567875,0.00935265438356904
7.111262333294,0.009261443984217119
7.112271684881,0.009267045753518787
7.113282164038,0.009327562201204969
7.114299642804,0.009257621034854356
7.115309901177,0.00917252585401528
7.116311170117,0.009197386934732647
7.117315371512,0.009236555215327189
7.118324272065,0.009178621707544576
7.119327225757,0.009191997331420334
7.120332102808,0.009154643270049391
7.12133347177,0.009297315598601561
7.122350916922,0.009228622228146487
7.123361141712,0.009144063515463742
7.124362377908,0.009300037960389388
7.125381084751,0.009241001632980025
7.126393717093,0.009290888052226113
7.127412202464,0.009270715861584207
7.128428915307,0.009294785744741036
7.129448666144,0.00921750607867453
7.130460277195,0.009169791181652634
7.131467003393,0.009218865286127037
7.132479526918,0.009116463784393337
7.133481224097,0.010008482003833608
7.134581224097,0.009281126112469137
7.135601612445,0.009369894534572938
7.136632193907,0.009366592537707191
7.137662773773,0.00954572039724459
7.138713353198,0.009271917565398165
7.139734124082,0.009357191317768559
7.140764700963,0.009534774110041482
7.141815276763,0.009533754925685502
7.142866233521,0.009798306750276937
7.143946997902,0.009337593686384989
7.144977569806,0.009694234188831936
7.146047950251,0.00951169828048949
7.147098519734,0.00923818703948132
7.14811927742,0.009324274466332771
7.149149844475,0.009503141290972983
7.150200410505,0.009230078527383386
7.151221163606,0.009314477684813086
7.152251727268,0.009491694051337868
7.153302289925,0.009100420819289176
7.154309929299,0.0026676470605923896
7.154605386558,0.009467495138531559
7.155654346328,0.009296940123328578
7.156684905097,0.009474061588996063
7.157735462872,0.009112492171090886
7.15874639055,0.009285302009184227
7.159776945924,0.009461847520276533
7.160827500251,0.009189348090344013
7.161848237159,0.009273791869475322
7.162878789089,0.009450548689632226
7.163929339999,0.00917913736756538
7.164950072891,0.009263925636634555
7.16598062129,0.009440826591357204
7.167031168585,0.009169598194341676
7.168051896715,0.009254006772518614
7.169082441532,0.009423824390807176
7.170132361224,0.009100422205867252
7.171146671375,0.009126939835288799
7.172164422527,0.00921238002711953
7.173192546257,0.009412667454143587
7.174243444385,0.009412628503032596
7.175294340764,0.009409167674395548
7.176345235246,0.00940531138463844
7.177396127731,0.00940171719549769
7.178447018413,0.009397373857095248
7.179497907292,0.009393387276919076
7.180548793823,0.008987314122077686
7.181554587811,0.009014014590344257
7.182563788269,0.00907771695574058
7.183580622849,0.009021614621320145
7.184591653655,0.0091218426052034
7.185614289766,0.00915654890094199
7.186641225419,0.008932220450001317
7.187643461134,0.009040139745063763
7.188658153055,0.009094301997852446
7.189679273071,0.008989077176274602
7.190689076878,0.008904312054637854
7.19168978689,0.009129371329606456
7.192716202481,0.008967184179564018
7.193724862684,0.009029637814287327
7.194740874222,0.00903276468139635
7.195757560569,0.009002783269650164
7.196771300922,0.009022660649821242
7.197787724867,0.008960200585573381
7.198797496774,0.009005191728143474
7.199812710061,0.009036749170159918
7.200831879915,0.00906315337389109
7.20185451161,0.009094818552067301
7.202881198514,0.009031086384394892
7.203901063836,0.00908947105529517
7.204927907429,0.009021753048816993
7.205947552549,0.00893137496738679
7.206957434239,0.008944660539700668
7.20796922107,0.009016665491788551
7.208989490268,0.008929995176421806
7.210000420773,0.008963815133814395
7.211015590537,0.008903470216278362
7.212024250196,0.009024077095515157
7.21304704966,0.008916953811447284
7.21405817667,0.008992767669511353
7.215078280709,0.008981999894569964
7.216097602679,0.008971103502095908
7.217116142619,0.008943356860204237
7.218131920517,0.008939769849857736
7.21914769414,0.008912690173111994
7.220160917664,0.00890852020496386
7.221174137078,0.008885138152408769
7.222185018827,0.008978132647076862
7.223206928232,0.008896618734250843
7.224220135996,0.00888568320479742
7.225232562167,0.008844369182385762
7.226240671955,0.00888538398848392
7.227253869467,0.008882236992318254
7.22826706358,0.008878840781989498
7.22928025478,0.008874709578601495
7.230293442951,0.008768719970831174
7.231294959834,0.008867492929814936
7.232308140809,0.00893745041133769
7.233329723482,0.006997657142437756
7.234129910214,0.008799630249444952
7.235136568712,0.008783543311314439
7.236141674216,0.009004191141000534
7.237172444833,0.00880713562705437
7.23818114978,0.008905118902293122
7.23920146224,0.008809766988461361
7.240211220656,0.008832100506622592
7.241223945258,0.008828370269267156
7.242236666107,0.008940383890893223
7.243262606057,0.008880648882445783
7.244282107431,0.008850997329369344
7.245298635199,0.009189090285792538
7.246354464191,0.009568694189545727
7.247454464191,0.009565263876685118
7.248554464191,0.009561429744246267
7.249654464191,0.009556935148639005
7.250754464191,0.009553431087254085
7.251854464191,0.009003595808618155
7.252891510852,0.008895162754570552
7.253916480555,0.008770390148229723
7.254927570147,0.008752195514207443
7.255937103831,0.00874599147181786
7.256946409893,0.008944978044370165
7.257979009038,0.008859123147702867
7.259002042536,0.008787781219751154
7.260017344087,0.008826847852116905
7.261037530005,0.008896178267704908
7.262066080054,0.008661239759013112
7.263067884266,0.008671393044668308
7.264071213627,0.008644009952573896
7.265071739662,0.008658988269070638
7.266074387638,0.00869331199966329
7.267081431179,0.00875797602136986
7.268096396423,0.009029650239643295
7.269143234462,0.008778901582335998
7.270161411098,0.008810953512146245
7.271183692638,0.008802933503063349
7.272205495923,0.008949462368336982
7.273244782324,0.008629360999392374
7.274247272426,0.008922737778668628
7.275284348253,0.008790088884331205
7.276306492794,0.008880472081636585
7.277339579684,0.008659505427696218
7.278347324097,0.008857792970802605
7.279378571299,0.008618993175735935
7.280382459156,0.008973562284443072
7.281428028171,0.008770935162230788
7.282450445751,0.008848718506517323
7.283482370679,0.008635496974935231
7.284489750032,0.00896779983456229
7.285536381247,0.00893945001377356
7.286584295003,0.008643485938198083
7.287602811915,0.008738402770289967
7.288634130019,0.008759730217349259
7.289668724981,0.008575662687754816
7.290682102904,0.00914335285644165
7.291762939566,0.008527575394305577
7.292771404718,0.008779489544101972
7.293810131107,0.00856023362956424
7.294823295526,0.008646785406228772
7.295847031143,0.00844849127034469
7.296847520832,0.008576635434203962
7.297863503634,0.00844826577082075
7.298864650765,0.00844026421379545
7.299865143711,0.00863588278618207
7.300889216949,0.008600162267948882
7.301909440872,0.00863518643221577
7.302934157262,0.008556223930534925
7.303949934071,0.008523728243005008
7.304962222601,0.008428581040760432
7.305963584643,0.005860989608128304
7.306660112899,0.008555689511513554
7.307677190004,0.00862504003224579
7.30870291133,0.008576431245384156
7.309723233631,0.008433210971542726
7.310726953719,0.008643568003308878
7.311756122166,0.008403906608853366
7.312757092134,0.008456617811143124
7.313764762794,0.008545895032865763
7.31478356844,0.008441251950792629
7.315790451616,0.008486756435909338
7.316803311679,0.008499208993348334
7.317818019909,0.008445451279336356
7.318826546004,0.008510636200893894
7.31984315491,0.008498438606691904
7.320858659472,0.008537054366929371
7.321879107518,0.008532068298891818
7.322899382116,0.008409011419436008
7.323905355361,0.008390530471549171
7.32490942582,0.008534342879641608
7.325931276512,0.008448888447884047
7.326943371804,0.008571331981795771
7.327970393463,0.008507004164342481
7.328990024505,0.008364891861512222
7.32999303563,0.008378507621802563
7.330998107298,0.00848415310274886
7.33201623807,0.008374880320955753
7.333021727796,0.00840223447898909
7.334030849814,0.008379144825252843
7.335037535489,0.008396410325538685
7.33604671891,0.008339586771228806
7.337049366957,0.008434138141697566
7.338063688117,0.008426216821025892
7.339077468503,0.008404012491612756
7.340088969197,0.008327503261745136
7.341091667303,0.00837697760981707
7.342100785473,0.008581064273563047
7.343134935877,0.008401750482746778
7.344147932242,0.008447688956606423
7.345166875434,0.008427358612487687
7.346183649242,0.008288586066127304
7.347184035082,0.008310134173657856
7.348187421425,0.008446476737085007
7.349207666722,0.008280812556513273
7.350208238906,0.008340367328312689
7.351216398308,0.008361883017738264
7.352227607124,0.008349771814615815
7.353237667067,0.008302579269867523
7.354242365557,0.008284749368220065
7.355245346285,0.008473547161931829
7.356271634023,0.00841471922757922
7.357291180423,0.00837841335027284
7.35830661469,0.008259465829140146
7.359307951408,0.008502206169583963
7.360339139243,0.008355504729257323
7.361352881352,0.008671030176512592
7.362405220938,0.0087215772170543
7.363464042391,0.008631190718839223
7.364512277525,0.0090541204008544
7.365612277525,0.009051143836158711
7.366712277525,0.00839159358028835
7.367732501919,0.009044156457292896
7.368832501919,0.008301989518290994
7.369842613494,0.008769636172664215
7.370909957174,0.009035188504505905
7.372009957174,0.009031730287736765
7.373109957174,0.009028332517175764
7.374209957174,0.009025319681526955
7.375309957174,0.009021750542026828
7.376409957174,0.008865981948823784
7.377491416996,0.008353346440467964
7.37851079998,0.0036318874649188854
7.378954182726,0.008335570903070822
7.379971977947,0.008471193165571997
7.381006535722,0.008297617194488086
7.382020251825,0.008332043906382152
7.383038490882,0.008975303910261398
7.384135723882,0.008565637820322144
7.385183272902,0.008562590715942274
7.386230820585,0.008188282260840922
7.387232952911,0.008317743050043444
7.388251240215,0.0082860177733784
7.389266076775,0.008380454618499653
7.390292911616,0.008959094346746658
7.391390988293,0.008863679422539709
7.392477819633,0.008262219065836195
7.393491319573,0.008520999720686644
7.394536888858,0.008543550305621156
7.395585576518,0.008944399755838241
7.396683960427,0.008304375311016141
7.397704132935,0.008497762907549148
7.398748364924,0.008597424357597538
7.399805252482,0.008461093067981953
7.400845807895,0.008210785406738032
7.401855983029,0.008684836413556782
7.402924919078,0.008296831256441315
7.403946470033,0.00852446257579227
7.404996460913,0.008213917236015026
7.406008641361,0.00819934134395301
7.407019418457,0.00838892380996098
7.408053927214,0.008443518203729334
7.409095581598,0.008503057261685742
7.410144993649,0.008323789839876496
7.411172637632,0.008220549441984448
7.412188026986,0.00811539413975052
7.413190937345,0.00836301573969411
7.414224769141,0.008419021577953831
7.415265875028,0.008348426766467553
7.416298760026,0.008361087637636492
7.417333633903,0.008483718061648875
7.418384111685,0.008302613215094026
7.419412687487,0.008199824935239942
7.420429104072,0.008240527961779102
7.421450991118,0.008148990483054761
7.422461830316,0.008318638988321596
7.423494096351,0.008271664305721987
7.424520906965,0.008465152944682376
7.425572168429,0.008204988220074856
7.42659155484,0.008260826883638732
7.427618318975,0.008229711825596082
7.428641674577,0.008086799758403708
7.429648744004,0.008546701542765156
7.430718994791,0.008152549277334711
7.431744869313,0.00804551098428853
7.432758187389,0.0081058194051257
7.433779783299,0.007991221573284043
7.434787535428,0.00818281311002345
7.435819906587,0.007979039189117375
7.436826986683,0.007995118554135426
7.437836555233,0.008051581211243861
7.438853632034,0.00800050941612087
7.439864611314,0.00798017483202169
7.440873354014,0.007909413398624858
7.441873429152,0.008543739552662749
7.442954081251,0.00804121289639818
7.443971580582,0.008120844927572524
7.444999563529,0.008123092216263443
7.44602821506,0.008098580050107815
7.447054095657,0.008021244811472764
7.448070566798,0.007908438287805608
7.449073192025,0.00790439206075544
7.450075678252,0.008050765443318507
7.451097073243,0.008080168382034124
7.452122706253,0.008086176390200752
7.453149654314,0.008344810805356151
7.454209920255,0.007990162418882308
7.455225608649,0.008006357745121604
7.456243753412,0.008001889665848085
7.457261671717,0.008381940325867431
7.458328332822,0.00804568702473244
7.459352605,0.007887874006437905
7.460357239448,0.008126435633484815
7.461392681503,0.008244319128863883
7.462443557044,0.007872549103845057
7.4634474782,0.008105371076023916
7.464481490423,0.00806587596948179
7.46551083327,0.007860918290187058
7.466514418652,0.008236047036252903
7.467566347263,0.008056961976328233
7.468595843462,0.008502472806011872
7.469682727842,0.007819248141048596
7.470682727842,0.008221711395618584
7.471734652729,0.007812676946341968
7.472734652729,0.006014357001226224
7.47350472906,0.00818570721611229
7.474553205028,0.008334796692757381
7.475621258443,0.00787915435316076
7.476631333525,0.008525853640855638
7.47772478549,0.00818471610909695
7.478775009135,0.007948466746986052
7.47979530616,0.008179210210873278
7.480845527864,0.007943185003587745
7.481865822151,0.008095850476035718
7.482906114864,0.008171035996763339
7.483956479082,0.0077784866363529185
7.484956768985,0.007837344866813537
7.485965018434,0.007927922208443624
7.486985305928,0.007770018936054988
7.487985592136,0.007767324523520053
7.488985876517,0.007997503996849557
7.490016229919,0.008071132821982616
7.491056511118,0.0077578592567446505
7.49205679156,0.008064936878890525
7.493097070166,0.008116161654746105
7.494144382044,0.008054913724184005
7.495184226578,0.008132568683759177
7.496234570264,0.007972134042506351
7.497264645989,0.007737511399706523
7.498264918358,0.008351579311915332
7.499345057592,0.007731888036152671
7.500345326775,0.008196381318069752
7.50140599362,0.00777914865720927
7.502413016226,0.00796537411355036
7.503444463879,0.007721403854046677
7.504444728123,0.008407312839305079
7.505534306059,0.008201286428781776
7.506597522884,0.0078059526444231985
7.507609876754,0.007900967977548634
7.50863489752,0.007739890048349864
7.509639353219,0.00792837148218874
7.510668698275,0.007988688710499956
7.51170630408,0.007951912846879548
7.512739512117,0.007872783217160083
7.513762813194,0.007910693448716892
7.514791507045,0.008057472879528196
7.515839695423,0.008131068774806486
7.516897837236,0.007931476380180724
7.517930469147,0.008207152767687175
7.518999391032,0.00796140938373945
7.520036661222,0.008069934063123174
7.521088486397,0.007901279665597252
7.522118749593,0.007816097272230335
7.523138317726,0.007904822089324226
7.524169926407,0.007722440951946306
7.525178112076,0.007695964511457003
7.526183164297,0.0077159087149044165
7.527191180281,0.00802236081145163
7.528239571102,0.007722779382491841
7.529249229942,0.007692079062724751
7.530255294894,0.007683289726240683
7.531260595295,0.007988946051362229
7.53230631505,0.007729202172998236
7.533318450583,0.00790962831251641
7.534354628905,0.008003755517089437
7.535403518269,0.007799162790518916
7.536426006553,0.007998599906954196
7.537475116044,0.007759418909342141
7.538493281972,0.008211434016656709
7.539571174801,0.007698566695947721
7.5405821897,0.007931024537623512
7.541624258129,0.007690349232052288
7.542635114281,0.008020045412314823
7.54368973856,0.007813904535885409
7.54471770788,0.007864409350370201
7.545752756756,0.007658712383982261
7.546761175268,0.008320512969010313
7.547857209351,0.007727488231342374
7.54887563615,0.00759456887346701
7.549876986577,0.007635890574206536
7.550884229225,0.007695543516913298
7.551899896985,0.007592210460458751
7.552902418558,0.007674505449468592
7.553916197587,0.00761780224068807
7.554922969768,0.007760830854727987
7.555949174946,0.007563338544048614
7.556949644748,0.0023130844672066917
7.557255694529,0.0008075013670318156
7.557362556025,0.0007712222925124895
7.557464626173,0.0012209182871339968
7.55762622434,0.0029450341667839365
7.558016073636,0.0023924055252501886
7.558332802151,0.007624849202664138
7.559344238342,0.007587476144679004
7.560354049258,0.0076595008981108804
7.561375201471,0.0076497877977659955
7.562395876652,0.007591810689742578
7.563409410623,0.007650707236522207
7.564431278831,0.008018700951417303
7.565502817563,0.007649010637150438
7.566525348211,0.007791646035890755
7.567567626602,0.0074830813826563085
7.568569152503,0.00786409027699056
7.569621621122,0.007793147374698041
7.570665177368,0.007587777758092179
7.57168286204,0.0075508623752652505
7.572695653778,0.007633400636850491
7.573719193961,0.007457229921096411
7.574719998681,0.007665274327106698
7.5757494424,0.007654291856102823
7.576777846374,0.0075916576911628075
7.5777980592,0.007698093901781358
7.578833038726,0.0074831720102868675
7.579839369863,0.007645996165260609
7.580867696009,0.007440860499355333
7.581868773164,0.007518602405986692
7.582881001871,0.007702175511935858
7.583918992957,0.007471508549719744
7.584926625312,0.007664511655936036
7.585960592469,0.0074993425380348745
7.58697271876,0.0074820821897810755
7.587982988098,0.007408166342591729
7.588983530099,0.007441521799061815
7.58998890462,0.007431890564944848
7.590993381689,0.007790254776560276
7.592046704665,0.007570558312479608
7.593070664217,0.007396478601047176
7.594071439311,0.007618027877700941
7.595102590396,0.007405538392406281
7.596105370073,0.007546324836276475
7.597127604205,0.007458427548257198
7.598138501065,0.00753233022551362
7.599159869213,0.007556341924678922
7.600184770344,0.007691735595883442
7.601228467683,0.007644284666162196
7.602266183937,0.007448091412043689
7.603277704233,0.005207065048099265
7.603985090662,0.007367499008415165
7.604986278741,0.007402738016831627
7.605992671379,0.00744080509785519
7.607004668565,0.007463663225587012
7.60802015924,0.007654574495823921
7.609061974794,0.0074494363297217935
7.610076228448,0.007359163775273051
7.611078597763,0.007347493967608412
7.612079844385,0.007501756340539548
7.613102531834,0.007428928544909801
7.614115621191,0.007485000496608128
7.615136745704,0.007487616669030698
7.616158614951,0.007352878795196889
7.617162499382,0.007448239572975711
7.618179892131,0.007380898780782713
7.619188456983,0.007740582909975679
7.62024654627,0.007571305577720168
7.621282024844,0.007465517658928587
7.622303522915,0.007403138410779732
7.623316887416,0.007369844849503091
7.624326125826,0.007494918504261338
7.625352906276,0.007427371117703389
7.626371581349,0.007424330270479847
7.627393121636,0.0073047474664944346
7.628400866529,0.007291337727797468
7.629407434611,0.007248633045436797
7.63040859512,0.007300161477740408
7.631417277091,0.007260699843961421
7.632420994568,0.0073102105847784185
7.633432001342,0.0072825975796143244
7.63443954211,0.007231872213362997
7.635440528526,0.007387759768900812
7.636463566262,0.007296148010145456
7.637474267631,0.0073913161358348045
7.63849853966,0.007265717237831671
7.639505845861,0.00723037331638278
7.640508646303,0.007408709359302932
7.641536618355,0.007343569767454464
7.642556036386,0.007228039751248706
7.643559768161,0.007248948873947787
7.644566796843,0.0034491316538010626
7.645046119042,0.007306781452274397
7.646061817548,0.007344003123785795
7.647083167699,0.007289356587976944
7.648097403346,0.007193318035399648
7.649098642292,0.007812527631854308
7.650186430367,0.0071863799639886716
7.651187407186,0.007778437016814692
7.6522712799,0.007212339785753134
7.65327666915,0.007453956851702935
7.654316130121,0.007554002234208912
7.655369946848,0.007169802518709194
7.656370590183,0.007584795925137335
7.657429588042,0.007560946487145693
7.658485710634,0.007306052540297007
7.65950666004,0.007353337514647666
7.660534557272,0.007456913613549838
7.661577306219,0.0075475477776370484
7.662633171375,0.0074912590525480416
7.663681599804,0.007156955956634426
7.664683631587,0.007599765335533175
7.665748068154,0.007770298327480016
7.666836824359,0.0074228103215847946
7.667877298845,0.007185031057913429
7.668884807551,0.007318160014852176
7.669911371312,0.00724170515082329
7.670927623779,0.007225554713603844
7.671942019271,0.007500273329590199
7.672995387067,0.007145695921571328
7.673999326902,0.007553015273812405
7.675060787942,0.007303393934771703
7.676087179736,0.007176996672854058
7.677095851115,0.007217850178981305
7.678110647601,0.007346460461995872
7.679144017139,0.007423296501320004
7.680188539643,0.007445666165345906
7.681236518297,0.007279259720203399
7.68226147605,0.007157969786163694
7.683269771039,0.007097807456299673
7.684270037155,0.007126747223931526
7.685274780662,0.0072224317690615355
7.686293309842,0.007095493493172103
7.687294301909,0.0072276253790382276
7.688314383239,0.00710738254543842
7.689317898838,0.00732899593402046
7.690353087119,0.00723701224565477
7.691375709972,0.007117930459784409
7.692381912151,0.007103033523616584
7.69338635112,0.007075572721384913
7.694387270188,0.007243459640956227
7.69541234745,0.007290211707293581
7.696444458603,0.0018330991345055301
7.696704045418,0.007259730820637822
7.697732349772,0.007083237511444654
7.698736089814,0.007271343169088561
7.699766943687,0.007154707401843531
7.700781629854,0.007096960704151893
7.701788473104,0.00706359976740446
7.702790924592,0.00704816972503048
7.703791550473,0.007199168617778408
7.704814048087,0.007109169186736956
7.70582414867,0.007197236881368841
7.706847134406,0.007118112555609604
7.707859312867,0.00705118788237355
7.708862380825,0.007181917663595838
7.709884392801,0.00704206865396912
7.710886877622,0.007187912549800495
7.71191056012,0.0071958546290354745
7.712935844019,0.007553804921867115
7.714012577942,0.007227505762378333
7.715043171141,0.007181423112082161
7.716067563057,0.007169108021286455
7.717090569274,0.007049287183165807
7.718096857316,0.007126741098631696
7.719114590271,0.007028978646474069
7.72011875402,0.0071975623799783945
7.721147417595,0.007147651186510616
7.722169382042,0.00705847880043963
7.723178956544,0.007009272337921071
7.724181852604,0.007411867741828079
7.725242864856,0.0070079295703223705
7.726246468541,0.0069979125724786975
7.727248987434,0.00702492141782611
7.728255794292,0.00698301102222223
7.729257007876,0.006977652104625688
7.730257819995,0.007070018382877752
7.731272247669,0.007178303502378635
7.732302628069,0.007072268916087376
7.733318201027,0.007113670926732517
7.734340197876,0.006982223773812252
7.735343761142,0.007075539083782387
7.736361112012,0.007354381384037775
7.737421261709,0.007043560803975478
7.738440108759,0.00437527580693384
7.73907375481,0.006989125337280162
7.740086407667,0.006904477885651079
7.741087375789,0.007052625316157858
7.742110306167,0.007140086712604621
7.743146413941,0.007084533452284909
7.744174919839,0.007328648817636444
7.745239283221,0.0069964598034529
7.746255803267,0.007030241938433084
7.747277669389,0.00694829980724538
7.748288051473,0.006888691954819935
7.749290137378,0.007017162637495794
7.750311308283,0.006923156723449859
7.751319170832,0.0069003698874698285
7.752324109505,0.0069061970455071954
7.753330311982,0.006933639662831698
7.754340848481,0.006946843985769746
7.75535365836,0.006919127584609677
7.756362872404,0.006879979344865507
7.757366769249,0.007092306422470202
7.758402039681,0.007204413469329461
7.759454123836,0.007056452759479341
7.760484959422,0.006935202623986153
7.761498404487,0.006955396111736411
7.762515232352,0.006907922262269087
7.763525523984,0.007288258175739451
7.764591763722,0.007430999947024119
7.76567929212,0.007175125454653114
7.766729815206,0.007035028539265245
7.767760259408,0.007237153673279473
7.768820838107,0.0071500477168477735
7.769869142054,0.0071366950642636475
7.770915848582,0.006830270262050257
7.771917975816,0.006844838457085334
7.772922654515,0.007047648600913025
7.773957514414,0.007262156229405952
7.775024225075,0.007014719413670874
7.776054944864,0.007148042773878198
7.777105693301,0.007419202825561499
7.778196778491,0.0071420299353557315
7.779247593593,0.006937038446614169
7.780268723571,0.007000344580247383
7.781299603726,0.007133454184043619
7.782350511543,0.006929226561998939
7.783371765716,0.0070604008307574755
7.784412830445,0.007124749715981603
7.785463830871,0.00685111845435196
7.786474859982,0.006841677248477452
7.787484899,0.006909587075320725
7.788505391905,0.006838377055946542
7.78951576539,0.007442049406075381
7.79061575789,0.006877623245619679
7.791632747249,0.006831981884861543
7.792643324866,0.006828988320309465
7.793653921334,0.0067996611274398515
7.794660745692,0.006760212896472903
7.795662132493,0.0016577158275879339
7.795907739495,0.006869113545559495
7.796925733059,0.006854554888897417
7.79794199483,0.00676646822335981
7.798945642522,0.006772030718629491
7.799950538255,0.006796488731282233
7.800959410915,0.0067679381111350615
7.801964416366,0.006789283514727601
7.802973016561,0.0067696066397587296
7.803979083665,0.00693105729222098
7.805009540107,0.006902101686733839
7.806036116731,0.0068507060395711465
7.807055405399,0.006907330522668779
7.808083654805,0.0067445932482769685
7.809088106227,0.006763873174873392
7.810095658127,0.00676576773040337
7.811103860169,0.0067608970772571626
7.812111664391,0.006762743591765497
7.813120092678,0.006746784778624097
7.814126553089,0.006830400575201196
7.815145907927,0.006777220615311029
7.816157745739,0.0067116149454450255
7.8171602214,0.006920996274645464
7.818194358197,0.006793772343635157
7.819209808456,0.006706793671588011
7.820212625414,0.006916091674207006
7.82124711547,0.00678891433082861
7.82226291178,0.006702385096481915
7.823266071483,0.0069114060757142935
7.824300914234,0.006783782903133901
7.825317058789,0.0066968914350971406
7.826320561558,0.0069060037149325055
7.827355758324,0.006783304181063724
7.828372918249,0.006826494052601868
7.829396911213,0.006736980138255795
7.830407845527,0.006793207846706841
7.831427655574,0.006743731473835688
7.83244041006,0.006716979363458772
7.833449440787,0.006700373025040305
7.834456338188,0.006665997564412626
7.835458497643,0.006664312827394824
7.836460768548,0.006686403434594676
7.83746669804,0.006671708285770905
7.838470791681,0.006647681746553964
7.839471685551,0.0068152216691072685
7.840498183436,0.004064727473774699
7.841110563805,0.006746197405348123
7.842127225882,0.006689473427063024
7.843135682856,0.006895758350038175
7.84417561476,0.006855423193632229
7.845209862899,0.006853699251336216
7.846244230143,0.006634788920647059
7.847245921567,0.006645283830088538
7.848249608702,0.006769921958617772
7.849272564469,0.006665260755341035
7.850280042037,0.006641205003758587
7.851284198817,0.0066393846384248615
7.85228846552,0.006625444923784873
7.853291049827,0.006812871111233926
7.854322395786,0.006773383377887217
7.855348104125,0.006733174219623023
7.856368085672,0.006738187435539627
7.857389195502,0.00675683694297557
7.858413520505,0.00674976063668668
7.859437192949,0.0066350826764353995
7.860443836723,0.006843848040634141
7.861482517308,0.006747923688079424
7.862507112701,0.006615763450970095
7.863512076834,0.006742371052489381
7.86453876411,0.006634284304100375
7.865552444283,0.006601509825617786
7.86656267488,0.0066439315458934065
7.867580104543,0.006555222093618268
7.868584462227,0.006532877482672316
7.869585842632,0.0065303639333430695
7.870587329888,0.006679476200294235
7.871612073216,0.00664595828973386
7.872631941199,0.006614802093438686
7.873647408773,0.006544703808718019
7.874652536506,0.006647540956425975
7.875673804249,0.006739618996000692
7.876709615787,0.006549548976975133
7.877716591688,0.006626186102951374
7.878735677126,0.006559106687697755
7.879744774972,0.006824443994758743
7.880795090796,0.00662777306721266
7.881815552563,0.0066897585423527
7.88284593142,0.006495374518729724
7.883846743458,0.007010018437810771
7.884927324127,0.006681733417556605
7.885957791552,0.006546651558755854
7.886967953453,0.006476464972723496
7.887967953453,0.006471266783920968
7.888967953453,0.006466027871188429
7.889967953453,0.006463987523201743
7.890967953453,0.006462661129068626
7.891967953453,0.006459300495176134
7.892967953453,0.006578872043032574
7.893986880816,0.006454166876099816
7.894986880816,0.006517128006719779
7.895997131275,0.006712787428900842
7.897038176037,0.006644276626641136
7.898068980846,0.0063838123771508765
7.899059821715,0.006755527734397311
7.900108823284,0.0066365516420732185
7.901139723239,0.006762835784226786
7.902190649942,0.006569205170474091
7.90321192621,0.006629052047455598
7.904242915775,0.006755247358992911
7.905293933157,0.006562208842879289
7.906315328759,0.00672709555006549
7.90736283421,0.006941735668522269
7.908444312457,0.0066156558540781405
7.909475452574,0.006739313919487152
7.910526217282,0.00661626350236021
7.91155820317,0.006519581931247356
7.912575520498,0.0064664572296328346
7.913584958505,0.006474096264037911
7.914596057187,0.006503115287312108
7.915612155436,0.006410300894236942
7.916614171284,0.006537438158624288
7.917636455738,0.006620011595089326
7.918672097402,0.006504850299833317
7.91969019485,0.0064520506270580695
7.920700406984,0.006459910043166452
7.921712279617,0.006488604212638506
7.922729156075,0.0063960112183858294
7.923731937648,0.0064801278554172895
7.924748318518,0.00646058201804457
7.925762064825,0.006712111683594359
7.926815725444,0.0065440272048840785
7.927843477787,0.006413643066302417
7.928851152964,0.006530572343196997
7.929877641856,0.006453950348483924
7.930892541234,0.006488271492175742
7.931913209366,0.006571838792631518
7.93294748258,0.006512470143361154
7.933972874991,0.006461788101389341
7.934990729174,0.006416948471123976
7.936001999665,0.006375193580566221
7.937007162689,0.006530639028832939
7.938037297622,0.006436018268410399
7.939052958676,0.006450368851256792
7.94007136101,0.006392090983177528
7.941081053491,0.006562024525513528
7.942118179554,0.006490732112765136
7.943144564179,0.006440623538096778
7.944163402666,0.006337733815245507
7.945166353806,0.006442787711247385
7.946186326337,0.0065104902932581156
7.947217458623,0.006361727491879254
7.948225485388,0.006369624151498679
7.949235174961,0.0063441417766087515
7.950241230902,0.0014233679532227694
7.950467002073,0.006483279481642561
7.951495640749,0.006442131668467928
7.952518247151,0.006440113437617056
7.953540959775,0.006415777148034675
7.954560191543,0.006293774204413322
7.955560447803,0.006305802078117097
7.956562995755,0.006476368108151839
7.957593075244,0.00631994092931229
7.95859876576,0.006330009315946096
7.959606467441,0.006302045506925053
7.960610084262,0.0063238668182941694
7.961617583252,0.006368888415093929
7.96263264112,0.006273870793391827
7.963632982661,0.006423832475618457
7.964657710496,0.0064399605428442554
7.965685477481,0.006305538174317958
7.966692252933,0.006442037818763432
7.967721338256,0.006529834330647609
7.968765022548,0.006527075018022902
7.96980882528,0.006431875133764667
7.970837948371,0.006430941686310584
7.971867504828,0.006400178349866763
7.972892695689,0.006397563810127726
7.97391799793,0.006370224822201355
7.974939450257,0.006367712512347809
7.975961012894,0.006342893294767446
7.976979082373,0.006340404581972792
7.977997260216,0.006317782257126589
7.97901230281,0.006315597462551499
7.9800274512,0.006408642850376417
7.98105800136,0.006378718256880771
7.982084178991,0.006376687341609076
7.98311046847,0.006350109523676226
7.984132904438,0.006348156932000615
7.985155451197,0.0063236405733742805
7.986174504632,0.006206127214477353
7.987175086237,0.006335461757940092
7.988196955648,0.006358372017573765
7.989222967693,0.006213638376121115
7.990226080829,0.006372444041864336
7.991255236901,0.006242948905844331
7.992263854245,0.006264061799368883
7.993276325922,0.006360176721388884
7.99430707695,0.0065136108215166095
7.995366382737,0.0062073609610827675
7.996377287753,0.006293176047580297
7.997402879964,0.0062627670791705215
7.998424253329,0.006178259799925802
7.999432469546,0.004660955386260695
8.000193436333,0.006272593916777299
8.001217987013,0.006201432606006531
8.002231329237,0.006260575476217628
8.00325472583,0.00615074491935865
8.00426065055,0.006229104061414744
8.005279827727,0.006321900853071757
8.006314715319,0.006279338998304821
8.007343048489,0.006283080623315757
8.008372233482,0.006287466264319871
8.009402581963,0.006104007735182465
8.01040333371,0.0061267285265471155
8.011408145134,0.006154435781199172
8.012417803136,0.006337767559449697
8.013457957472,0.006244094448913649
8.014483185772,0.006230406394144826
8.015506534579,0.006370748261175667
8.01655325932,0.006407720504353671
8.017606480436,0.0061153733241940365
8.018612128384,0.006261062914892954
8.019642078886,0.006095274959664714
8.020645063048,0.006231179438908456
8.021670775742,0.006675410044376055
8.022769931953,0.006342957370211197
8.023814742374,0.006191341761090897
8.024835055126,0.006101450920678807
8.025840929253,0.006204186818327085
8.026864044579,0.006211479167983457
8.02788864116,0.006387549269857054
8.028942654231,0.0060790654185487875
8.029946141955,0.006181942639067822
8.030966940479,0.006067300457887604
8.031969301987,0.006103955473831454
8.032978129236,0.006082055224836597
8.03398351817,0.006154108099618876
8.035001124344,0.006152287308881383
8.03601883448,0.006135708593787892
8.037034111873,0.006134576441965654
8.038049493113,0.0061152022693721
8.039062077547,0.00611331745740777
8.040074764916,0.006138602044745776
8.041091980176,0.0061017232434580305
8.04210348039,0.006106798546014046
8.043116238195,0.0060915017654648105
8.044126803064,0.006090039176044145
8.045137470972,0.006157944454086096
8.046159766963,0.006093594799456102
8.047171703166,0.006078990301755713
8.048181313762,0.006066629592957195
8.049188729374,0.0014580354383006754
8.049430834209,0.006131716247801901
8.050449156412,0.006177543975610316
8.051475433869,0.006158744253292393
8.052499034483,0.006157235688250946
8.053522740768,0.006141221645302877
8.054544011679,0.006094139852897263
8.055557763367,0.006068693383226932
8.056567746472,0.0061368178591646744
8.057589331191,0.006158918201043437
8.058614894719,0.0061306259341271105
8.059636203975,0.006097307106555474
8.060652424662,0.00606075927890456
8.061662823311,0.0060251058665509016
8.062667501401,0.006203763212939918
8.063702317242,0.006033836117436476
8.064709020535,0.006092479886873666
8.065725637653,0.006060223059073181
8.066736908969,0.006022384274821308
8.067742106697,0.006201586710799722
8.068777453631,0.006032530927559363
8.069784675097,0.006084810039392624
8.070800899256,0.0060195719218223455
8.07180651349,0.0060267096007922795
8.072813641279,0.006092238193304552
8.073831992309,0.006044437021767968
8.074842648012,0.006050101258889013
8.07585468516,0.005995122875195002
8.076857649975,0.006233307049598611
8.077900762465,0.006115501455479471
8.0789245385,0.006012247424772295
8.079931301487,0.0061886178530575825
8.080967932139,0.006018714130980739
8.081976416677,0.006075254917804839
8.082994869407,0.006065049659539548
8.084012131927,0.006080724944493376
8.085033178472,0.006041728534362088
8.086049265455,0.006006716944675208
8.087060631724,0.006082969458805497
8.088085724801,0.00596139952099937
8.089090795605,0.005952554453290129
8.090094853127,0.0059610072231264626
8.091102505981,0.005945636439679968
8.092110641893,0.003583070242700566
8.09271902073,0.005957647541644104
8.093731321189,0.005981851370781951
8.094748371078,0.0059015331307379895
8.095752263016,0.005949353206862742
8.09676499745,0.005908959640960876
8.097771169456,0.005881473260199464
8.098773118099,0.0059499333090116645
8.099787537879,0.00598390977961537
8.100808247937,0.00586100222193611
8.101808632377,0.0058865522680594945
8.102814139515,0.005940747482243508
8.103830143281,0.005854691180268632
8.104833055891,0.005850290876095802
8.105835795405,0.005897995762529191
8.106846890948,0.005941689800890495
8.107865741933,0.005864164816852159
8.108871635254,0.005850340918487464
8.109875476971,0.005859519067230699
8.110881080386,0.0059133580488413
8.111896205277,0.006087922849526878
8.112941668137,0.005924119421175923
8.113959407207,0.005836347416545808
8.114962308352,0.005865927335480632
8.115970764296,0.006007864860358161
8.117004151561,0.006012581752503704
8.118038612595,0.0059942275819837385
8.119070332204,0.0059453734015843755
8.120094144276,0.0058260451184210015
8.121097933215,0.006198535676729427
8.122166183661,0.006036361108235367
8.123206759787,0.005888611592063557
8.124222181441,0.005957198144523587
8.125249655373,0.005944479216488517
8.126275157505,0.005864553056623801
8.127287146529,0.006030950591158722
8.128328232909,0.00579977740637619
8.129329706141,0.006206809738488522
8.130401876218,0.006008981920055284
8.131440423941,0.005829281339189248
8.132448311881,0.0032914284296980544
8.13301762595,0.005992805515976418
8.134054284957,0.006048236563952911
8.135101166831,0.00611900252557296
8.136161122392,0.00616537199441643
8.137229336074,0.005993436430211298
8.138268190482,0.0058142871307118055
8.139276541069,0.00587949251922074
8.140296727211,0.005809316360176326
8.141305214376,0.005981812489981027
8.142344255449,0.0057533348141527605
8.14334430066,0.006038320703121587
8.144394932191,0.006135336967990449
8.14546370353,0.005962167603781431
8.1465029302,0.005758736722114836
8.147506721186,0.006139395370896627
8.148576918262,0.00600918692863698
8.149624654504,0.005738114022924219
8.150625416135,0.005757346915801353
8.151629923172,0.006037003800837409
8.15268419393,0.005772840692378693
8.153693541029,0.00594344968439081
8.154733153186,0.005769861015427916
8.155742645682,0.005740024648803929
8.156747333763,0.005976721527821995
8.157793892756,0.005833453136106395
8.158815770778,0.005820323670496662
8.159835594414,0.005806647988159558
8.160853094512,0.005784858022948253
8.161866841033,0.005796851488430359
8.162882989689,0.005822344027404269
8.163904180818,0.005777032506179526
8.164917851925,0.005735410713314731
8.165924732464,0.005792372735864379
8.16694295803,0.005736084497751892
8.167952374878,0.005942158444736385
8.168998015082,0.006073886921188959
8.170066561287,0.005795658570652534
8.171086511424,0.005703404585360395
8.172091128382,0.005800218947346867
8.173113658009,0.005881752861920637
8.174151529775,0.005757704102907832
8.175168551146,0.005790160161267475
8.176191302225,0.005662950713018348
8.177191546625,0.005731216855865549
8.178204278756,0.005702980530830692
8.179212571323,0.005675461707144012
8.180216914893,0.005665749691605874
8.181220753933,0.005718172849485607
8.182234776739,0.005775960401845576
8.183259442645,0.0056991917656187855
8.184268698795,0.005751461311284242
8.185278827471,0.005742046813104314
8.186290719934,0.0024783811138048275
8.186732849372,0.0056237796749896134
8.187740471711,0.00570959162119704
8.188767872027,0.005611297229502794
8.189779849963,0.005625563864831693
8.190794213031,0.005552492914828738
8.191795044883,0.005744472540233764
8.192830773281,0.005605780665400599
8.193842931787,0.005554571693063845
8.194847383595,0.005571575550684302
8.195855908015,0.005563604816403191
8.19686343804,0.0055421423261496254
8.197867579423,0.005578170154185913
8.19887901139,0.005623594959605435
8.199899421546,0.005620569151141629
8.200919831702,0.005529237256051367
8.201924529914,0.005530418041790404
8.202930821079,0.00048067035819321255
8.20301835627,0.00040903239548240576
8.20309287505,0.0002761337007423048
8.203143199147,0.000650921366838551
8.203261832297,0.0011171132772885906
8.203465397437,0.0019975020223731202
8.203829122782,0.0032075070999458754
8.204413271113,0.0041364566606067795
8.205167717171,0.0044833961599099375
8.205987791076,0.004127219465440725
8.206744908358,0.003763789807542592
8.207435116871,0.003895851087803556
8.208148441,0.004046081833937787
8.20888917983,0.004802039812343279
8.209768341901,0.00461501767883243
8.210612447917,0.005216105029910396
8.21156630176,0.005495714877103946
8.212572386784,0.005503003682847831
8.213580694322,0.005556009297145121
8.214599564766,0.0036410824226827017
8.215267906552,0.003332073341849577
8.215880043259,0.004165984158895409
8.216645975058,0.004489465819899836
8.217472321673,0.003601802120649929
8.218135592563,0.005457098027940242
8.219137893741,0.003683670454401182
8.219812053043,0.0011696407088895538
8.220026120935,0.004528172829872539
8.220859473371,0.0021456805915243946
8.221256476879,0.005258954546313852
8.222231039492,0.005417049813962491
8.223234976914,0.0019349459121341434
8.223593478879,0.0028956842061059005
8.224130311927,0.0005934433708948737
8.224240395923,0.0016630374349090255
8.224548926081,0.002417574245048567
8.22499751138,0.0019468354285397515
8.225358893461,0.0018611283088337382
8.225704570575,0.0017546490061820807
8.226030605868,0.0005663073510627226
8.226135836819,0.0033738312237063424
8.226762413967,0.0016047355326261972
8.227060310039,0.004714082062704557
8.227936494208,0.0016693556144896124
8.228247258741,0.001292275375618986
8.228487944799,0.005401223073696695
8.22949461118,0.0035574874348731148
8.230158124138,0.005401465482736412
8.231165846695,0.002358376866044627
8.231605918252,0.005377639982544742
8.23260967874,0.0015160098183885171
8.23289270589,0.0035724064550167064
8.233559745466,0.0045634843803676346
8.234411989054,0.0023603180259263172
8.234852724956,0.0026986979933419732
8.235356658944,0.003442145657203476
8.235999621778,0.00418330242251852
8.236781009386,0.004594953670963075
8.237639243948,0.0034405858791909886
8.238282033474,0.0017964035623817415
8.238617742283,0.003896119099270778
8.239346065694,0.0026085288019867025
8.23983373562,0.0037810275756852483
8.240540757902,0.0045434802321303695
8.241390574053,0.0008073888429937839
8.241541594867,0.0015477930018326417
8.241831186701,0.0004253326405353465
8.241910789588,0.003060223667962885
8.242483604581,0.004321362373027211
8.243292286786,0.0022649882192741434
8.243716188221,0.0053787078213329296
8.244723326894,0.0032416758475745816
8.245330531447,0.00318934899865257
8.245928263568,0.005368473108632131
8.246934704691,0.0024860602717144947
8.247400837664,0.0053560798297725976
8.248405358089,0.0033294923704726945
8.249029997022,0.004624845398903955
8.249898036804,0.004023350614106125
8.250653517749,0.005086537100698105
8.251608913314,0.002920481214323806
8.252157619068,0.0025015749807148404
8.25262773071,0.004849434909599567
8.253539128489,0.004153762070776707
8.254319911296,0.00532009876641621
8.255320588243,0.003645397539085409
8.25600658741,0.0032277355661189068
8.256614017344,0.002880853682283946
8.257156261754,0.00228112262331618
8.257585685604,0.005353205864350391
8.25859349669,0.004162817896948314
8.259377453466,0.0020089700269919873
8.25975593879,0.002690455246412834
8.260262928473,0.003963256439443342
8.261009852594,0.005578331995924079
8.262060873593,0.005364984841252588
8.263071207855,0.004978278379716446
8.264008845939,0.004843514801968356
8.264921218057,0.0034254012681677838
8.265566266894,0.0027881523967399698
8.266091451667,0.003588455342732473
8.266767463349,0.0035846050341768946
8.267442607605,0.004112960434172099
8.26821810028,0.001155280828174153
8.268436196691,0.0023740109234814
8.268884448959,0.004582074588541834
8.269749881885,0.003735628100937191
8.270455782303,0.005345412933410166
8.271466366144,0.0017961508786326205
8.271806059511,0.004067341816608992
8.272575521501,0.0020783697735098985
8.272968805463,0.005306208878823377
8.273973724329,0.005312652319771353
8.274980492026,0.0014657847570468388
8.275258220357,0.0048750187411781745
8.276182061449,0.005303013751165838
8.277187461296,0.005303664321113314
8.278193370503,0.002709420494289182
8.278707372766,0.002402032922559526
8.279163346108,0.0036119998643536775
8.279849408347,0.0037120939212226794
8.280554708866,0.004703740120526568
8.281448856923,0.002730883106740486
8.281968256458,0.0024029562855360518
8.282425432381,0.0026862164965229755
8.282936605019,0.001318989375369472
8.283187626794,0.002088496492025598
8.28358509214,0.0015748080496386355
8.283884791832,0.0019451205629983572
8.284254971218,0.0023047520735736174
8.284693611766,0.0051028093260393126
8.285665304401,0.0028394132196860296
8.28620637392,0.0012051925499446151
8.286436113034,0.005247795639036328
8.287436959348,0.005450009273371625
8.288477194945,0.005259490945572679
8.289482101449,0.005242012411004851
8.290485139626,0.0033742055889879777
8.291131560829,0.005292717695514917
8.292146230294,0.004669534778363906
8.293042155394,0.0045783065363904606
8.293921530765,0.002122537205275579
8.294329394713,0.005214958901016132
8.295331546258,0.005224375513593381
8.296335996848,0.004705131862328674
8.297241044484,0.004874772251763803
8.298179195901,0.0035928072053985297
8.298870960339,0.0030645360641556037
8.29946104988,0.003248752344181837
8.300086663128,0.0008355969629388592
8.300247621129,0.00276450966495454
8.300780078868,0.0003598838959437678
8.300849384094,0.005286712940117204
8.301867541711,0.0020496563788546395
8.302262340372,0.0014590380065023088
8.302543440085,0.001996519786892859
8.302928177473,0.003972309162006131
8.303693451062,0.0047639708585477695
8.304611364856,0.002264565075643786
8.30504793289,0.0029386060894959908
8.305614526674,0.0030744382336262864
8.306207373854,0.003493968186870378
8.306881225302,0.003565811660550357
8.307569217912,0.0033756458798294585
8.308220888801,0.002244027873087709
8.308654301999,0.004861195974305148
8.309593587419,0.003491431744915873
8.310268533635,0.002950296335587617
8.310839077992,0.002401643629164416
8.31130364106,0.0016148147929817846
8.31161607958,0.00405431822785788
8.312400705131,0.0011942218773431394
8.312631855821,0.0010073556000173745
8.312826851421,0.0030314022386962714
8.313413758056,0.002682481666004436
8.313933149991,0.003942390400449029
8.314696867831,0.0035583242828408886
8.315386917108,0.0013822342315149715
8.315655141644,0.0013770554341701498
8.315922458829,0.004030995201784495
8.316705494503,0.0019888907259283787
8.31709210111,0.004345923262753095
8.317937171544,0.004165645251243382
8.318747552801,0.002606620309329724
8.319254814705,0.0033461681580652185
8.319906078279,0.0032559990442890805
8.320539894496,0.0024128731389919424
8.321009672256,0.003336700407332698
8.32165944564,0.0011130339433281543
8.321876217763,0.004151803245701123
8.322684863836,0.005138438366362968
8.323685866462,0.005153934032918622
8.324690184026,0.0024646220511115005
8.325170558209,0.0007718431625662116
8.325321016065,0.002231303465923416
8.325756048411,0.0034122403899123207
8.326421395629,0.0021323331851340367
8.32683718247,0.0033715597105832768
8.327494788782,0.0051566804456331635
8.328501141593,0.005162590927085945
8.329509374024,0.005152550366735878
8.330516551408,0.005108202729877007
8.331515444991,0.005139028909391297
8.332520381767,0.0043449498285961854
8.333370480053,0.003350766506436069
8.334026439176,0.0036997201694928842
8.334750877204,0.0013753646343899791
8.335020209113,0.002005243411153095
8.335412929673,0.0014942123159585958
8.335705612468,6.784756883797838e-06
8.3357069416,6.784749768092163e-06
8.335708270732,8.142098703085497e-06
8.335709865691,9.76999443339318e-06
8.335711779642,9.770490125845211e-06
8.335713693592,9.769964849990627e-06
8.335715607543,9.770460531659104e-06
8.335717521493,9.769935253974625e-06
8.335719435444,9.770430910284037e-06
8.335721349394,1.1723987051137327e-05
8.335723646135,1.1724476166850571e-05
8.335725942875,1.1723944334934053e-05
8.335728239616,1.4047571645783333e-05
8.335730991507,1.688267088926693e-05
8.335734298814,1.6882626588435894e-05
8.33573760612,1.688258228849774e-05
8.335740913427,2.025924449179517e-05
8.335744882194,2.02591807762839e-05
8.335748850962,2.428765604185166e-05
8.335753608989,2.4310535271043407e-05
8.33575837151,2.9172521824422714e-05
8.335764086536,2.917290118103114e-05
8.335769801561,2.917226004739891e-05
8.335775516587,3.500654029526854e-05
8.335782374618,4.200811289449827e-05
8.335790604254,5.040866956025346e-05
8.335800479819,5.0408800237334265e-05
8.335810355383,5.0407914019015396e-05
8.335820230947,5.040805297894172e-05
8.335830106511,7.618000664995192e-05
8.335845031317,6.873525642048455e-05
8.335858497724,6.863915629804858e-05
8.33587194536,0.00010304559599292296
8.335892134176,4.060883351230413e-05
8.335900090415,1.877772318049578e-05
8.335903769432,1.877767764688932e-05
8.335907448449,2.86482487832677e-05
8.335913061263,4.313933396170784e-05
8.33592151337,3.326961295526552e-05
8.335928031838,2.7972624172557785e-05
8.335933512414,4.207308577965724e-05
8.335941755735,6.313092636797094e-05
8.335954124949,9.499257277967768e-05
8.33597273692,5.6924115201403815e-05
8.335983890196,3.774029851292539e-05
8.33599128482,5.66315962816253e-05
8.336002380912,5.662768573414192e-05
8.336013476273,5.654059281772687e-05
8.336024554711,4.6163553557656864e-05
8.336033599939,4.6163851993458096e-05
8.336042645166,4.530777069650483e-05
8.336051522753,4.530706246825574e-05
8.33606040034,6.802989308053126e-05
8.336073730232,0.0001020723605983392
8.336093730615,5.896150677021182e-05
8.336105283775,5.238183882454421e-05
8.336115547806,5.238159257541578e-05
8.336125811837,7.888170442868485e-05
8.33614126853,7.104036682439047e-05
8.336155188804,7.103991426781584e-05
8.336169109077,0.00010688536358123481
8.336190053484,0.00010688429946644745
8.33621099789,0.00014499453548283552
8.336239410518,0.00010275016225034421
8.33625954529,7.111888487527605e-05
8.336273481774,7.111833355195631e-05
8.336287418259,6.422620731354694e-05
8.336300004264,3.853549678890859e-05
8.336307555867,3.8535322596704954e-05
8.336315107471,5.841040232105707e-05
8.336326553989,4.622998068845788e-05
8.336335613554,2.7737553810948366e-05
8.336341049294,2.7737456050008818e-05
8.336346485033,4.221348487002517e-05
8.33635475765,6.331519064135119e-05
8.336367165578,2.8505946786515987e-05
8.33637275203,1.767634587761828e-05
8.336376216065,1.617253544014242e-05
8.336379385532,1.616943751003516e-05
8.336382554345,2.4289295998498286e-05
8.336387314375,2.4288702217384256e-05
8.336392074405,1.9312519714260076e-05
8.336395859169,1.7476028742383914e-05
8.336399284061,1.7475984429828014e-05
8.336402708954,2.696576076876104e-05
8.336407993702,4.044665251036332e-05
8.336415920425,6.1001942460318006e-05
8.336427875578,9.168041041357903e-05
8.336445843449,3.661046015089131e-05
8.336453018533,1.5616948556267137e-05
8.336456079206,2.3751136481386804e-05
8.336460734139,3.561964477666724e-05
8.336467715098,5.344999568588064e-05
8.336478190737,8.045880499950563e-05
8.336493959861,8.035311697276667e-05
8.336509708576,2.3702600107558255e-05
8.336514354241,1.961569655088873e-05
8.336518198816,3.0239758669070708e-05
8.33652412568,4.5374905071171244e-05
8.336533019066,6.81025090389494e-05
8.336546367164,8.82615118818979e-05
8.336563666676,6.619512742717893e-05
8.33657664131,3.971692016703586e-05
8.33658442609,3.971665100359893e-05
8.33659221087,3.72221277000244e-05
8.33659950675,2.7924987281360132e-05
8.336604980424,2.792536600684652e-05
8.336610454098,2.7925235095969294e-05
8.336615927771,2.7924594625563556e-05
8.336621401445,3.3510260834934004e-05
8.336627969853,4.021104815110151e-05
8.336635851943,4.825392924701937e-05
8.336645310451,5.784187813088974e-05
8.336656648615,6.948393112014798e-05
8.336670268866,1.6675662968685743e-05
8.336673537727,1.6676129593461705e-05
8.336676806587,2.54132996602312e-05
8.336681788182,3.8386055559070035e-05
8.336689312813,5.769395374491459e-05
8.336700622322,4.381074904734479e-05
8.336709210389,2.8528025379049833e-05
8.336714802718,1.7116859608212404e-05
8.336718158115,1.7116816616936246e-05
8.336721513512,2.5959284461955354e-05
8.336726602278,3.893772411732077e-05
8.336734235266,5.840516148056321e-05
8.336745684604,5.2569490093197603e-05
8.336755990008,5.2569107857644146e-05
8.336766295411,7.949773122022285e-05
8.336781879924,4.6584679984542225e-05
8.336791012301,3.576876306574677e-05
8.336798024404,3.9876405142659624e-05
8.336805841833,2.990742294942716e-05
8.336811704905,2.243036368501012e-05
8.336816102209,1.6822857723842187e-05
8.336819400187,1.261711943824742e-05
8.33682187367,9.462698669850546e-06
8.336823728783,9.462687212719353e-06
8.336825583895,9.462675785888122e-06
8.336827439008,9.462664378984699e-06
8.33682929412,9.462653006228897e-06
8.336831149233,9.462641646868032e-06
8.336833004345,9.463140386838933e-06
8.336834859458,1.1355039412567328e-05
8.336837085591,1.1355023159269316e-05
8.336839311726,1.1355517019515107e-05
8.336841537861,1.135448066901263e-05
8.336843763874,1.1354974607624514e-05
8.336845990009,1.3626356325087103e-05
8.336848661371,1.362582311660332e-05
8.336851332733,1.3626310103700486e-05
8.336854004095,1.6351133690302514e-05
8.336857209729,1.962172488457355e-05
8.336861056491,1.9621677467421657e-05
8.336864903252,1.962112015209016e-05
8.336868750013,2.3545588105279884e-05
8.336873366127,2.3545520619326745e-05
8.336877982241,2.3545963467266406e-05
8.336882598354,2.825435375085526e-05
8.33688813769,2.8254257883226896e-05
8.336893677027,3.390518766320231e-05
8.33690032423,4.0686351295046576e-05
8.336908300875,4.882265060350207e-05
8.336917872848,5.858742696454054e-05
8.336929359216,7.023665824622657e-05
8.336943129576,8.436394855236974e-05
8.336959669945,8.436367860199528e-05
8.336976210315,2.9156101491244923e-05
8.336981926667,2.915550101018406e-05
8.336987643018,2.625532851717273e-05
8.336992790719,2.6255256637327663e-05
8.336997938419,3.9976688881924837e-05
8.33700577638,5.9968302417780026e-05
8.337017534138,9.021420989862279e-05
8.337035222136,0.00013540254705226592
8.337061770287,8.245246584939065e-05
8.33707793677,5.962002598455382e-05
8.337089626569,5.9619742284509445e-05
8.337101316367,9.020942415625332e-05
8.337119004098,9.020883668377283e-05
8.337136691829,0.0001356087933200583
8.337163281546,0.00011561362778105307
8.337185950834,0.00010023541569582031
8.337205604948,0.00014936082334506256
8.337234891676,5.277280509136016e-05
8.337245239535,4.623968861190751e-05
8.337254306277,6.964539272829424e-05
8.337267962582,6.287301641689431e-05
8.337280290972,6.287276927678922e-05
8.337292619362,5.699856431167253e-05
8.337303796013,5.699886102921108e-05
8.337314972663,8.591630973058189e-05
8.337331819782,6.80091217721327e-05
8.337345155559,6.80082699833787e-05
8.337358491337,0.00010222463615500103
8.337378536617,0.00015339316787581087
8.337408615943,0.00011297778012507355
8.337430770336,6.0522655289753836e-05
8.337442638561,5.450593038785738e-05
8.337453327107,5.4506139090444894e-05
8.337464015652,5.450531988576186e-05
8.337474704198,5.450500288610006e-05
8.337485392743,5.4505188410088753e-05
8.337496081289,8.07087377626102e-05
8.337511908572,6.354792275040436e-05
8.337524370732,5.731974881428353e-05
8.337535611461,5.7318848600607294e-05
8.33754685219,5.21458523708831e-05
8.337557078476,5.2145521802532176e-05
8.337567304762,4.557498353802801e-05
8.337576242635,4.557523718067678e-05
8.337585180509,4.557497958669136e-05
8.337594118382,6.90975164606782e-05
8.337607669488,6.22500230086681e-05
8.337619877782,6.224953828501886e-05
8.337632086075,5.640878007043557e-05
8.337643149019,5.640889299711099e-05
8.337654211963,5.123981671993369e-05
8.337664261308,5.1240001143936065e-05
8.337674310652,7.734020698352921e-05
8.33768947908,7.73394747037197e-05
8.337704647508,2.8029031715451848e-05
8.337710144808,2.80289363299497e-05
8.337715642108,4.2169417634274666e-05
8.337723912822,6.32024841181428e-05
8.337736308813,4.7322010994141075e-05
8.3377455902,4.732174344593851e-05
8.337754871587,4.282101757361013e-05
8.337763270316,4.282079957811384e-05
8.337771669045,3.8927903408436304e-05
8.337779304186,3.89149775443192e-05
8.337786936872,5.732007283439214e-05
8.337798179626,3.869632211480914e-05
8.337805769524,5.834316711442436e-05
8.337817213014,8.737760651166888e-05
8.337834351459,8.737617353971602e-05
8.337851489904,4.1679041074483704e-05
8.337859665091,3.339834388839763e-05
8.337866216106,5.017984723142588e-05
8.337876058769,4.5341914892873664e-05
8.33788495256,4.533247922168279e-05
8.337893844629,5.5076162483615544e-05
8.337904647935,4.134114971257251e-05
8.337912757081,3.100520666902512e-05
8.337918838941,2.323164609885028e-05
8.337923395884,1.0464158692573612e-05
8.337925448512,1.0464144252041657e-05
8.33792750114,1.620037948193537e-05
8.337930678907,1.3080386706930555e-05
8.337933244692,1.308036388265786e-05
8.337935810477,1.3080341017792132e-05
8.337938376261,1.3079808254028825e-05
8.337940942046,1.3080295008547163e-05
8.33794350783,1.569652737526018e-05
8.337946586771,1.5695984147454897e-05
8.337949665713,1.5696460353730383e-05
8.337952744654,1.5695916824906628e-05
8.337955823596,1.56958829676029e-05
8.337958902537,1.8835626378009416e-05
8.337962597267,1.8835067365332244e-05
8.337966291997,2.260232135284417e-05
8.337970725672,2.2601739885991985e-05
8.337975159348,2.2602177562336418e-05
8.337979593023,2.7122313379819526e-05
8.337984913434,2.7122208236316613e-05
8.337990233845,2.7122612198898193e-05
8.337995554256,3.254597438483481e-05
8.338001938749,3.9055576776754766e-05
8.33800960014,4.686649733363539e-05
8.33801879381,5.620041926936292e-05
8.33802981857,5.61576343716507e-05
8.338040835136,5.617958455278457e-05
8.338051856047,4.21202259390423e-05
8.338060118908,2.5265683697955096e-05
8.33806507544,2.526609481772658e-05
8.338070031973,2.526548608199419e-05
8.338074988505,3.818579107798135e-05
8.338082479744,3.8186072525831406e-05
8.338089970982,4.919507551333678e-05
8.338099622129,5.903399234971293e-05
8.338111203505,5.844572543705981e-05
8.338122669631,4.42749706678613e-05
8.338131355663,4.427414569675991e-05
8.338140041696,6.369284374134429e-05
8.338152537494,6.375385890563497e-05
8.33816504538,3.8251793073280824e-05
8.338172550112,3.82515533373009e-05
8.338180054844,4.781474023502893e-05
8.338189435758,3.5860042904127556e-05
8.338196471445,2.6895402082847936e-05
8.338201748209,2.0171472724198528e-05
8.338205705782,1.5128560119544894e-05
8.338208673962,1.1336456169599827e-05
8.338210898175,8.509718500530834e-06
8.338212567777,6.382280944358062e-06
8.338213819978,4.786451401754639e-06
8.338214759128,4.786957259760205e-06
8.338215698279,4.786443738001834e-06
8.33821663743,4.78694959002027e-06
8.338217576581,4.786436068151936e-06
8.338218515731,4.78694191714402e-06
8.338219454882,4.786428391778674e-06
8.338220394033,4.786934229646826e-06
8.338221333183,5.744112133541822e-06
8.338222460164,5.743596902390787e-06
8.338223587145,5.744101057226713e-06
8.338224714126,5.744095493437414e-06
8.338225841107,5.744089950417445e-06
8.338226968088,6.892900610793797e-06
8.338228320465,6.892382925290183e-06
8.338229672842,6.892884593644324e-06
8.338231025219,6.89287657670313e-06
8.338232377596,6.892868552629644e-06
8.338233729973,6.892860517631427e-06
8.33823508235,8.271014273615836e-06
8.338236705202,8.271512356310457e-06
8.338238328055,8.270991090885092e-06
8.338239950907,8.27148914604597e-06
8.33824157376,8.270967870294453e-06
8.338243196612,8.271465888533745e-06
8.338244819465,9.925335966746964e-06
8.338246766887,9.925319185495943e-06
8.33824871431,1.1910462748703555e-05
8.338251051218,1.1910438499730648e-05
8.338253388125,1.1910414217031615e-05
8.338255725033,1.191038989588022e-05
8.33825806194,1.4292537649895075e-05
8.338260866229,1.4292502500813639e-05
8.338263670518,1.7151160368732514e-05
8.338267035665,2.05806118136463e-05
8.338271073841,2.058104807754313e-05
8.338275112018,2.0580974480429028e-05
8.338279150194,1.4818235578196273e-05
8.338282057681,1.4818197245533943e-05
8.338284965167,2.265201844066605e-05
8.338289409838,3.400894725888707e-05
8.338296082812,4.262378340554947e-05
8.338304446244,5.1210392539106505e-05
8.338314494518,6.14515468031319e-05
8.338326552448,4.424526439683855e-05
8.338335234157,4.4244401073028425e-05
8.338343915866,4.4244045671985317e-05
8.338352597575,6.644973959840991e-05
8.338365636696,6.644179457322599e-05
8.338378674392,5.9949647490671415e-05
8.338390438346,5.994949184629006e-05
8.3384022023,5.994678579270399e-05
8.33841396594,8.91963323616981e-05
8.338431469477,8.919433809818478e-05
8.338448973013,8.919336414585636e-05
8.33846647655,8.919137610545228e-05
8.338483980087,4.744838584152083e-05
8.338493291782,4.117846346085386e-05
8.338501373077,6.257091731031774e-05
8.338513652823,6.269147198082214e-05
8.338525956333,4.701851728510729e-05
8.338535183965,3.5263243220062306e-05
8.338542104689,2.6444610168594388e-05
8.338547294702,1.9835413169196534e-05
8.338551187609,1.487664087556383e-05
8.33855410729,1.4876601210947423e-05
8.33855702697,1.4876561610669681e-05
8.338559946651,1.7851617983059442e-05
8.338563450268,1.7851561220216003e-05
8.338566953884,2.14216968664684e-05
8.338571158224,2.1422125085972995e-05
8.338575362564,1.5423533375295812e-05
8.338578389689,1.5423491410234588e-05
8.338581416814,2.3735617364196615e-05
8.338586075316,3.55948342167811e-05
8.338593061427,5.3303439190831816e-05
8.33860352317,6.396317300387656e-05
8.338616077262,7.675477815155063e-05
8.338631142173,7.656933728048332e-05
8.338646170909,6.631458392997428e-05
8.338659186992,6.631383185209551e-05
8.338672203075,6.63130774943444e-05
8.338685219157,9.982761416139862e-05
8.338704813894,7.558980736472779e-05
8.338719651287,4.534861258002592e-05
8.338728552813,2.7208992312490815e-05
8.338733893729,2.7208860087537535e-05
8.338739234645,4.157694335058193e-05
8.338747395912,4.1576630392251735e-05
8.338755557178,4.1575805319763004e-05
8.338763718444,6.207885028015038e-05
8.338775904435,6.207762041027954e-05
8.338788090269,6.207077683313804e-05
8.338800275023,9.326701508985791e-05
8.338818583915,7.497649986205167e-05
8.338833302527,4.970252799964995e-05
8.338843059679,4.970152087447363e-05
8.33885281683,7.546337733248845e-05
8.338867631485,7.54616926044206e-05
8.338882446139,2.6109206832662566e-05
8.338887571921,2.6109063883939314e-05
8.338892697702,2.395075549323185e-05
8.338897399792,2.3950634312098495e-05
8.338902101881,3.442032378209378e-05
8.338908859503,2.5815077395971023e-05
8.33891392772,1.9361469351323726e-05
8.338917728882,1.4521049359121969e-05
8.338920579753,1.0890375341780422e-05
8.338922717907,1.0890859228590037e-05
8.338924856061,1.0890324394921213e-05
8.338926994215,1.0890808219556667e-05
8.338929132369,1.3068732385188068e-05
8.338931698153,1.5682124645363682e-05
8.338934777094,1.5682071516493743e-05
8.338937856036,1.5682527673663827e-05
8.338940934977,1.5681965077882217e-05
8.338944013919,1.568242108286921e-05
8.33894709286,1.5681858386599523e-05
8.338950171802,1.5681804933383986e-05
8.338953250743,1.8818706522560622e-05
8.338956945473,1.8818120093631666e-05
8.338960640202,1.8818042915880846e-05
8.338964334932,1.881847500112021e-05
8.338968029662,1.8817888367359946e-05
8.338971724391,2.2581669522740393e-05
8.338976158067,2.2581048765657256e-05
8.338980591743,2.7098028089229138e-05
8.338985912154,2.7097358161713685e-05
8.338991232564,2.7097197511360157e-05
8.338996552975,3.251652681971699e-05
8.339002937468,3.251629557055781e-05
8.339009321961,3.251606439040452e-05
8.339015706454,3.251532409616473e-05
8.339022090947,3.901869551501938e-05
8.339029752338,4.682209880994433e-05
8.339038946008,2.66160194629482e-05
8.339044172213,1.2860296920398049e-05
8.339046697357,1.2859751667771095e-05
8.339049222501,1.9433430072673087e-05
8.339053038446,2.9145662816207454e-05
8.339058761428,4.361986172023125e-05
8.339067326564,4.3603155566712895e-05
8.339075888618,6.553230193757384e-05
8.339088756814,6.550286907337122e-05
8.339101619389,4.909218007105768e-05
8.339111259646,3.4282143055564936e-06
8.33911193279,3.1980358257583287e-07
8.339111995634,7.205764684579054e-07
8.339112137103,1.62346091474169e-06
8.339112455939,2.703051005288775e-06
8.339112986732,4.322943253828875e-06
8.33911383556,6.48568054551221e-06
8.339115109221,9.729522547115055e-06
8.339117019833,1.4593227719165784e-05
8.339119885453,2.21507398118712e-05
8.339124235323,2.2140451421664262e-05
8.339128583064,0.00509467629468956
8.34012952908,0.0051131086189586394
8.341134820741,0.005118310941469079
8.342141565599,0.005156206399927135
8.343156399619,0.005081612337940082
8.344157164596,0.00507708930770667
8.345157410762,0.005106950325386298
8.346164047482,0.00510908633054337
8.347171422445,0.005103154592889338
8.348178181303,0.005131063508766631
8.349191283867,0.005118458189756833
