-0.34462761827,0.0
-0.343626301376,0.0
-0.342619596326,0.0
-0.341575222688,0.0
-0.340537423828,0.0
-0.339499624968,0.0
-0.338461826107,0.0
-0.337424027247,0.0
-0.336386228387,0.0
-0.335367744417,0.0
-0.334327744417,0.0
-0.333287744417,0.0
-0.332247744417,0.0
-0.331207744417,0.0
-0.330167744417,0.0
-0.329127744417,0.0
-0.328087744417,0.0
-0.327047744417,0.0
-0.326007744417,0.0
-0.324967744417,0.0
-0.323927744417,0.0
-0.322887744417,0.0
-0.321847744417,0.0
-0.320807744417,0.0
-0.319767744417,0.0
-0.318727744417,0.0
-0.317687744417,0.0
-0.316647744417,0.0
-0.315607744417,0.0
-0.314567744417,0.0
-0.313527744417,0.0
-0.312487744417,0.0
-0.311447744417,0.0
-0.310407744417,0.0
-0.309367744417,0.0
-0.308327744417,0.0
-0.307287744417,0.0
-0.306247744417,0.0
-0.305207744417,0.0
-0.304167744417,0.0
-0.303127744417,0.0
-0.302087744417,0.0
-0.301047744417,0.0
-0.300007744417,0.0
-0.298967744417,0.0
-0.297927744417,0.0
-0.296887744417,0.0
-0.295847744417,0.0
-0.294807744417,0.0
-0.293767744417,0.0
-0.292727744417,0.0
-0.291687744417,0.0
-0.290647744417,0.0
-0.289607744417,0.0
-0.288567744417,0.0
-0.287527744417,0.0
-0.286487744417,0.0
-0.285447744417,0.0
-0.284407744417,0.0
-0.283927744417,0.0
-0.282887744417,0.0
-0.281847744417,0.0
-0.280807744417,0.0
-0.279767744417,0.0
-0.278727744417,0.0
-0.277687744417,0.0
-0.276647744417,0.0
-0.275607744417,0.0
-0.274567744417,0.0
-0.273527744417,0.0
-0.272487744417,0.0
-0.271447744417,0.0
-0.270407744417,0.0
-0.269367744417,0.0
-0.268327744417,0.0
-0.267287744417,0.0
-0.266247744417,0.0
-0.265207744417,0.0
-0.264167744417,0.0
-0.263127744417,0.0
-0.262087744417,0.0
-0.261047744417,0.0
-0.260007744417,0.0
-0.258967744417,0.0
-0.257927744417,0.0
-0.256887744417,0.0
-0.255847744417,0.0
-0.254807744417,0.0
-0.253767744417,0.0
-0.252727744417,0.0
-0.251687744417,0.0
-0.250647744417,0.0
-0.249607744417,0.0
-0.248567744417,0.0
-0.247527744417,0.0
-0.246487744417,0.0
-0.245447744417,0.0
-0.244407744417,0.0
-0.243367744417,0.0
-0.242327744417,0.0
-0.241287744417,0.0
-0.240247744417,0.0
-0.239207744417,0.0
-0.238167744417,0.0
-0.237127744417,0.0
-0.236087744417,0.0
-0.235047744417,0.0
-0.234007744417,0.0
-0.232967744417,0.0
-0.231927744417,0.0
-0.230887744417,0.0
-0.229847744417,0.0
-0.228807744417,0.0
-0.227767744417,0.0
-0.226727744417,0.0
-0.225687744417,0.0
-0.224647744417,0.0
-0.223607744417,0.0
-0.222567744417,0.0
-0.222487744417,0.0
-0.221447744417,0.0
-0.220407744417,0.0
-0.219367744417,0.0
-0.218327744417,0.0
-0.217287744417,0.0
-0.216247744417,0.0
-0.215207744417,0.0
-0.214167744417,0.0
-0.213127744417,0.0
-0.212087744417,0.0
-0.211047744417,0.0
-0.210007744417,0.0
-0.208967744417,0.0
-0.207927744417,0.0
-0.206887744417,0.0
-0.205847744417,0.0
-0.204807744417,0.0
-0.203767744417,0.0
-0.202727744417,0.0
-0.201687744417,0.0
-0.200647744417,0.0
-0.199607744417,0.0
-0.198567744417,0.0
-0.197527744417,0.0
-0.196487744417,0.0
-0.195447744417,0.0
-0.194407744417,0.0
-0.193367744417,0.0
-0.192327744417,0.0
-0.191287744417,0.0
-0.190247744417,0.0
-0.189207744417,0.0
-0.188167744417,0.0
-0.187127744417,0.0
-0.186087744417,0.0
-0.185047744417,0.0
-0.184007744417,0.0
-0.182967744417,0.0
-0.181927744417,0.0
-0.180887744417,0.0
-0.180487744417,0.0
-0.179447744417,0.0
-0.178407744417,0.0
-0.177367744417,0.0
-0.176327744417,0.0
-0.175287744417,0.0
-0.174247744417,0.0
-0.173207744417,0.0
-0.172167744417,0.0
-0.171127744417,0.0
-0.170087744417,0.0
-0.169047744417,0.0
-0.168007744417,0.0
-0.166967744417,0.0
-0.165927744417,0.0
-0.164887744417,0.0
-0.163847744417,0.0
-0.162807744417,0.0
-0.161767744417,0.0
-0.160727744417,0.0
-0.159687744417,0.0
-0.158647744417,0.0
-0.157607744417,0.0
-0.156567744417,0.0
-0.155527744417,0.0
-0.154487744417,0.0
-0.153447744417,0.0
-0.152407744417,0.0
-0.151367744417,0.0
-0.150327744417,0.0
-0.149312832703,0.0
-0.148397020284,0.0
-0.147391750068,0.0
-0.146384175906,0.0
-0.145376230618,0.0
-0.144369870183,0.0
-0.14349707319,0.0
-0.142466849655,0.0
-0.14143628893,0.0
-0.14042165182,0.0
-0.13938165182,0.0
-0.13836569976,0.0
-0.137356785223,0.0
-0.136336887662,0.0
-0.135272343952,0.0
-0.134231256705,0.0
-0.133200531527,0.0
-0.132180902908,0.0
-0.131102838698,0.0
-0.130062838698,0.0
-0.129022838698,0.0
-0.128016824012,0.0
-0.126981461833,0.0
-0.125941461833,0.0
-0.124901461833,0.0
-0.123861461833,0.0
-0.122821461833,0.0
-0.122261461833,0.0
-0.121208227259,0.0
-0.120159698849,0.0
-0.11910033387,0.0
-0.118075435973,0.0
-0.117061893726,0.0
-0.116021893726,0.0
-0.114981893726,0.0
-0.113941893726,0.0
-0.112901893726,0.0
-0.111861893726,0.0
-0.110821893726,0.0
-0.109781893726,0.0
-0.108755138178,0.0
-0.10773626702,0.0
-0.106660126661,0.0
-0.105597598246,0.0
-0.104588689804,0.0
-0.103580811055,0.0
-0.102560004271,0.0
-0.101553661627,0.0
-0.100544826347,0.0
-0.099535991067,0.0
-0.098596030408,0.0
-0.097593724425,0.0
-0.096542149144,0.0
-0.095534464014,0.0
-0.094526778883,0.0
-0.093519093753,0.0
-0.092511408622,0.0
-0.09148694375,0.0
-0.090456407448,0.0
-0.089451326906,0.0
-0.088444238874,0.0
-0.087395240715,0.0
-0.0863465053,0.0
-0.085510800206,0.0
-0.084494313459,0.0
-0.083466029085,0.0
-0.08244919217,0.0
-0.081434360151,0.0
-0.080411369787,0.0
-0.079391494755,0.0
-0.078371619723,0.0
-0.077351744691,0.0
-0.076898466899,0.0
-0.075871828003,0.0
-0.074831828003,0.0
-0.073791828003,0.0
-0.072751828003,0.0
-0.071711828003,0.0
-0.070671828003,0.0
-0.069631828003,0.0
-0.068591828003,0.0
-0.067551828003,0.0
-0.066511828003,0.0
-0.065471828003,0.0
-0.064831828003,0.0
-0.063791828003,0.0
-0.062751828003,0.0
-0.061711828003,0.0
-0.060671828003,0.0
-0.059631828003,0.0
-0.058591828003,0.0
-0.057551828003,0.0
-0.056511828003,0.0
-0.055471828003,0.0
-0.054431828003,0.0
-0.053391828003,0.0
-0.052351828003,0.0
-0.051311828003,0.0
-0.050279600875,0.0
-0.049245031222,0.0
-0.048169752591,0.0
-0.047123773567,0.0
-0.046083773567,0.0
-0.045080973341,0.0
-0.044011299186,0.0
-0.042971299186,0.0
-0.042651299186,0.0
-0.041611299186,0.0
-0.040571299186,0.0
-0.039531299186,0.0
-0.038491299186,0.0
-0.037451299186,0.0
-0.037051299186,0.0
-0.036011299186,0.0
-0.034971299186,0.0
-0.033931299186,0.0
-0.032891299186,0.0
-0.031851299186,0.0
-0.030811299186,0.0
-0.030251299186,0.0
-0.029211299186,0.0
-0.028171299186,0.0
-0.027131299186,0.0
-0.026331299186,0.0
-0.025291299186,0.0
-0.024281835358,0.0
-0.023257591096,0.0
-0.022200769851,0.0
-0.021560769851,0.0
-0.020520769851,0.0
-0.019480769851,0.0
-0.018600769851,0.0
-0.017560769851,0.0
-0.016520769851,0.0
-0.016120769851,0.0
-0.015080769851,0.0
-0.014040769851,0.0
-0.013560769851,0.0
-0.012520769851,0.0
-0.011594743593,0.0
-0.010574743593,0.0
-0.010109743593,0.0
-0.0090747624174,0.0
-0.0088947624174,0.0
-0.0079610124174,0.0
-0.0069822624174,0.0
-0.0061638288994,0.0
-0.0054550788994,0.0
-0.0048349226494,0.0
-0.0043033601494,0.0
-0.0038097663994,0.0
-0.0033921101494,0.0
-0.0030076765556,0.0
-0.0026801960869,0.0
-0.0023811921806,0.0
-0.0021142244072,0.0
-0.001884632122,0.0
-0.001678399517,0.0
-0.0014921894951,0.0
-0.0013300065727,0.0
-0.0011843422813,0.0
-0.0010536949272,0.0
-0.0009365628166,0.0
-0.00083745103071,0.0
-0.00074622313688,0.0
-0.00066682108114,0.0
-0.0005958660526,0.0
-0.00053378040264,1.4425115822881483e-09
-0.00047866355012,3.8281553783884965e-09
-0.00045205541442,1.122256210284929e-09
-0.00044339169287,1.3669420386455073e-09
-0.00043268951893,1.8280935094439694e-09
-0.00041687278128,2.473968825797087e-09
-0.00039513696253,3.772016689658069e-09
-0.00035789984158,1.9094715646677743e-09
-0.00033745336778,1.363340083377418e-09
-0.00032231074644,1.1441887384253599e-10
-0.00032100527965,1.1778075637371178e-09
-0.00030750496993,1.200240131010325e-09
-0.00029336102178,1.0695924396822404e-09
-0.00028048828696,1.132160039994967e-09
-0.00026652867838,8.146355339670945e-10
-0.00025630746686,7.293879133148023e-10
-0.0002470238337,2.587857831941383e-10
-0.00024370531546,6.271609112545702e-10
-0.00023560108269,7.100831201917412e-10
-0.00022633271685,6.174084195269766e-10
-0.00021818948968,6.991498583495729e-10
-0.00020886421939,5.9342510730655e-10
-0.00020087292399,5.814890151565634e-10
-0.00019298163461,6.224393382613221e-10
-0.00018447043752,5.086963116881436e-10
-0.00017747236214,6.218319289540286e-10
-0.00016884692562,7.508890460690262e-10
-0.00015834977216,5.560404708872036e-10
-0.0001505210835,5.924402320346184e-10
-0.00014214426323,6.281545086240025e-10
-0.00013319671912,7.407822465593479e-10
-0.00012258607676,7.604503260980141e-10
-0.00011162949809,7.529423594197685e-10
-0.00010071846713,6.899875638312946e-10
-9.0671209344e-05,4.257654993340211e-11
-9.0050543349e-05,5.823994025868106e-10
-8.1532037134e-05,5.642088050107194e-10
-7.3251881046e-05,5.34319327235161e-10
-6.5387890732e-05,4.875349245741821e-10
-5.8195828375e-05,4.624990672032573e-10
-5.1359094769e-05,4.2590672282152667e-10
-4.5052624198e-05,4.142022392160537e-10
-3.8910038881e-05,4.0855505761380283e-10
-3.2842882269e-05,3.8460865327757317e-10
-2.712514728e-05,3.490524608919369e-10
-2.1931275862e-05,3.486093915423625e-10
-1.673995238e-05,3.4735013600968703e-10
-1.1563869484e-05,3.358765521791091e-10
-6.5559664162e-06,3.365130161717334e-10
-1.5362945708e-06,3.0492531188238405e-10
3.0138079706e-06,2.757419685739637e-10
7.1294729131e-06,2.8560318094795113e-10
1.1393319291e-05,2.848866224204937e-10
1.563606687e-05,2.8388193370672125e-10
1.9860108949e-05,1.1143632301065098e-11
2.0025397552e-05,6.373038593956889e-10
2.94788932e-05,1.0244347486684535e-09
4.4661540198e-05,1.140401188760753e-09
6.1532177082e-05,1.1638051559916956e-09
7.8700945818e-05,1.202669751442043e-09
9.6368642236e-05,1.199885012733743e-09
0.00011390254192,1.1945334981521435e-09
0.00013124048485,1.184351014181053e-09
0.00014830056393,1.1910721628105718e-09
0.00016530103551,1.1858996711585543e-09
0.0001820565819,1.2314940259571171e-09
0.00019926323608,1.274311571554505e-09
0.00021683331327,1.2839084463058516e-09
0.00023428346721,1.3938824927177535e-09
0.00025292414567,1.38723408958885e-09
0.00027114724358,1.4960472916745986e-09
0.00029040732096,1.622863272731312e-09
0.00031084611508,1.5399612637077465e-09
0.00032977450312,1.794820196812539e-09
0.00035125459379,1.9736635755417176e-09
0.00037416485736,1.8620229818991e-09
0.00039507196208,2.1744763368870468e-09
0.00041888079012,2.405221216397754e-09
0.0004445943244,2.6404193961145425e-09
0.00047228176029,2.542851107707563e-09
0.00049815495614,3.031442750699728e-09
0.00052757355787,3.5173918532361177e-09
0.00055888534537,4.301639815323973e-09
0.00059253232535,5.5383204925468025e-09
0.0006284782125,7.0293887106609216e-09
0.00066449245576,9.227475557484152e-09
0.00070060032333,1.3902598499886342e-08
0.0007402550099,2.164377430099994e-08
0.00078274535546,3.501252450016285e-08
0.00082846176046,5.882521055812459e-08
0.00087789158436,9.421303689697315e-08
0.00092980131543,1.6602505872232464e-07
0.0009850065406,2.91701293462916e-07
0.0010430338564,6.385149955837849e-07
0.0011165306549,1.2807218954727388e-06
0.0011972848439,2.51875192025331e-06
0.0012820575473,5.05348718785046e-06
0.0013680112932,1.1425689874034018e-05
0.0014690547594,2.340547998488631e-05
0.0015778859391,4.8070280210231096e-05
0.0016927547392,0.00010665907148599536
0.0018226931882,0.00021372820690402817
0.0019594122304,0.0004274114183645487
0.0021073702384,0.0007460879593607461
0.0022539410504,0.001239654790259922
0.0024005118623,0.002026969504462516
0.0025470826743,0.003267167047075654
0.0026936534862,0.006130959026023868
0.0028642987729,0.009662941723649262
0.0030426222225,0.014875892429458592
0.0032209456721,0.020301171649540647
0.0033992691217,0.026615302904900166
0.0035775925713,0.03390158974282954
0.0037559160209,0.04095066645326004
0.0039342394705,0.04994781344579726
0.0041179569751,0.06625642379866165
0.0043247501145,0.0786397542832316
0.0045372414715,0.08873062908286838
0.0047497328284,0.09818047719755169
0.0049622241853,0.09864650869018461
0.0051589855616,0.1355781066447106
0.005409559138,0.1320524367369973
0.0056362740374,0.13257778482451235
0.0058514044296,0.16055050595079517
0.0060970012865,0.1738320897320484
0.0063485210426,0.18423591789207072
0.006600586146,0.19474785372200984
0.0068526512494,0.20495368044653367
0.0071034139329,0.21726638944125456
0.0073542865901,0.2321304661274705
0.0076065861543,0.24743064224581157
0.0078590571677,0.2627246383287541
0.0081102441952,0.2796389134524124
0.0083604390036,0.30246681095498
0.0086134997751,0.32443831811120477
0.0088673887231,0.34752416396306274
0.0091220009678,0.3685550525347986
0.0093750334404,0.3908365007313088
0.0096271752907,0.4185463068595297
0.0098814194779,0.4362648192208896
0.010131553377,0.4649812365244331
0.010383960319,0.49024234673547606
0.010636367261,0.5158752785661623
0.010888774204,0.5419777963242204
0.011141181146,0.5684309714767996
0.011393588088,0.5950638109516685
0.01164599503,0.6167764658093629
0.011896411254,0.6506699913398546
0.012149601588,0.6779936587131675
0.012402791922,0.7048817774365834
0.012655982256,0.7315550779357137
0.01290917259,0.7591106408537815
0.013162362924,0.786518439689421
0.013415553259,0.8133703206165125
0.013668743593,0.8409435094767517
0.013921933927,0.8691738558134358
0.014175124261,0.895859062291925
0.014428314595,0.920991689529
0.014681504929,0.9470059091571987
0.014934695263,0.9736739683054182
0.015187885597,0.9987988881202203
0.015441075931,1.0225680384558704
0.015694266265,1.0467765208149
0.015947456599,1.1037362789964023
0.01620812944,1.11456338816746
0.01646524862,1.1397312421456725
0.0167223678,1.1645218768137
0.01697948698,1.1882676712022773
0.017236606159,1.2129329099352546
0.017493725339,1.2377873336116116
0.017750844519,1.2646661530804473
0.018007963699,1.291483170959076
0.018265082879,1.3184200117577203
0.018522202059,1.3455590913269166
0.018779321239,1.3732046746639908
0.019036440419,1.4013363771957879
0.019293559599,1.4292307171717407
0.019550678778,1.4567605498106138
0.019807797958,1.4851766416949197
0.020064917138,1.5103184216631298
0.020322036318,1.5361605514027419
0.020579155498,1.560623783568476
0.020836274678,1.5836698598093835
0.021093393858,1.6063096774029084
0.021350513038,1.6299917408552596
0.021607632218,1.65349005145814
0.021864751397,1.6747585326207204
0.022121870577,1.6915604959900286
0.022378989757,1.7051942479875946
0.022636108937,1.7209499295342505
0.022893228117,1.7413112952523695
0.023150347297,1.7625141822158992
0.023407466477,1.7795798772643177
0.023664585657,1.7914393357708795
0.023921704837,1.8026055308964444
0.024178824016,1.8182877755824933
0.024435943196,1.8098413163099405
0.024688929563,1.8195098317284497
0.024940279976,0.5800175036644649
0.025019857108,7.437224577496973
0.026020887515,7.805269272997184
0.02703460622,8.09523326954375
0.02805123552,8.301279563777996
0.029062655133,8.503928703859561
0.030074074745,8.574242991761452
0.031075852417,4.310105477527988
0.03156881645,8.882435675471731
0.032571436558,9.113819495801787
0.033572867525,9.42277348225354
0.034584338762,9.583923402454195
0.035594304504,9.690014177099226
0.036601171343,9.804816125752104
0.037607369454,10.217450087619737
0.038643132641,9.994974016501223
0.039643192269,10.380910559948102
0.040665258823,10.531199031199321
0.041687325378,10.610752353150222
0.042709391933,10.66107276692959
0.043734650529,10.72468143382114
0.044762948833,10.88948169384949
0.045797340646,10.825081432818676
0.046808828146,11.151573477741
0.047829268898,11.208117169718605
0.048839696101,11.408439795271226
0.049864707991,11.259548721710974
0.050875610663,11.66899316524448
0.051917846275,11.446855994032493
0.052933840738,11.432809267759504
0.053943350728,11.660948281582677
0.054974777378,11.563817218683917
0.05600831588,11.30892394969355
0.057024494254,11.673246568002988
0.058067610405,11.443418894336936
0.059082548973,11.517745059300719
0.060093040933,12.002267549335276
0.061130150828,12.367686403954842
0.06218506191,12.011308338353373
0.063203864441,11.851024239665215
0.064206215077,12.327249633021827
0.065244140974,11.884326323715252
0.066245802477,12.01260444813196
0.067264149841,11.834786615511968
0.068270770805,12.268073015766115
0.069310506667,12.006468407983425
0.070319205732,12.456880748268109
0.071356681217,12.899251270049882
0.072429118084,12.127927248332831
0.073443615324,11.984302861075353
0.07444646983,12.268290506757353
0.075466705589,12.315469908722948
0.076478568887,12.595506054403378
0.077508327487,12.062330839530054
0.078509778137,11.900887119928427
0.079517944334,12.315214768232831
0.080573161195,11.757820338969363
0.081581241195,12.417373858482758
0.082644429675,11.638793946882556
0.083644677609,11.663359125225615
0.084651890069,11.872297923467391
0.08567808928,11.578358989001881
0.086678409632,11.877157125170916
0.08770705651,12.087459743612216
0.088758119386,11.465807558876907
0.089758221572,2.6129588859184865
0.089986544372,11.682713736404237
0.091009302035,12.111644784626272
0.092071307199,11.924018481864076
0.09311699354,11.44552197919855
0.094122290037,11.605646904777336
0.095148553763,11.257919747496528
0.096153208303,11.524276530282252
0.097190654935,11.050141466436472
0.09819259035,11.137109282566005
0.099208557469,11.206253075752114
0.100237047469,11.17548777176841
0.101269208356,10.884267360976118
0.102281987675,10.67933123495505
0.103282904611,10.67419462394759
0.104289072803,10.746506844528133
0.10530763961,10.58588257382235
0.106316879962,10.499849400169285
0.107325041148,10.520972906750533
0.108341838279,10.550900264383658
0.109368164722,10.502370017283075
0.110396876102,10.446400461263691
0.111424468043,10.316859614766006
0.112444327699,10.079137404985076
0.113445184803,10.036383989003506
0.114446126374,10.104733475005737
0.115458698015,10.243682497200917
0.11648911819,10.061267596292993
0.117506251567,9.981574357889142
0.118521227834,9.868027676925927
0.11952859016,10.017622036915629
0.120554829677,9.93102530074057
0.121575251487,9.738661489438048
0.122579847927,9.939554790632954
0.123613000864,9.624879301008932
0.124619147801,9.633661301522585
0.125629349683,9.56054794837283
0.126636396383,9.665571432581654
0.127658107807,9.471534316090988
0.128661262772,9.45180089327004
0.129663556825,9.579346350602158
0.130681136666,9.547181625746001
0.131696404822,9.491891485690314
0.132707827687,9.438958797238342
0.133715931934,9.552029404256709
0.134736938065,9.363955211388776
0.135739930299,9.459585861485017
0.136754487357,9.340650459548964
0.137758399957,9.53351241753872
0.138788138572,9.219254642989169
0.139788711061,9.175697696604303
0.14078888625,9.304149439624862
0.141807757009,9.189214425317836
0.142818176551,9.086155385457165
0.143820549058,9.076642271659294
0.144824376585,9.065766476618
0.145830826163,9.068282917984062
0.146841518554,8.996324936576748
0.147846724329,8.977671204477888
0.14885278243,8.958418444280042
0.149861088286,8.849484990487882
0.150862801778,8.834775500376761
0.151869189551,8.856328215560975
0.152884674229,8.821095499234222
0.153902578594,8.717255570410483
0.154914454424,8.613405246125962
0.155920437559,8.575265931239901
0.156928618328,4.231479553549601
0.15742868591,8.53854033111292
0.158440359056,8.409136651770494
0.159440366456,8.424020677535358
0.160444403459,8.417769941760339
0.161448648454,8.438005591555845
0.16245739234,6.518560371990199
0.163237975997,8.167388901812794
0.164217431367,8.378971379771452
0.165224274466,7.648019131600486
0.166144396107,8.368061796167044
0.167152801511,7.029376983040581
0.168002069492,8.383480527244092
0.16901810443,7.930536607283362
0.169982770634,8.234390051379922
0.170988925858,8.19499514837928
0.171995081081,8.153481070758236
0.173001236305,8.111562139172941
0.174007618108,8.016271392831266
0.175008081571,7.970055566935791
0.176008457527,8.038114141897458
0.17702162447,6.742027466785071
0.177873286881,7.083310219666326
0.178769259449,7.913313985224605
0.17977072118,6.646260901748425
0.180611526767,6.974582147905805
0.181494119068,6.968835869056744
0.18237671137,6.969827097813236
0.183259303671,6.97012612693532
0.184141895973,7.935909409428434
0.185145966505,7.9679686905370515
0.186154874029,7.967352711478417
0.187163781552,5.6641625361227455
0.187880398975,6.726004249831008
0.188731241035,6.741998508974944
0.189584679647,7.882048189907999
0.190584720327,5.976507898710913
0.191345246923,4.940591864988084
0.191976609559,6.408626583673198
0.192798009489,3.336860351073534
0.193226417363,7.388540540107346
0.194180975621,5.162474904507862
0.194851712101,3.794335073143251
0.195345492484,7.648051558252206
0.196346179946,6.23166706209865
0.19716434592,7.629399392235793
0.198165192543,6.5988673589224645
0.199030523436,5.334526710187835
0.199730086185,4.177212016554124
0.200278405124,5.379719428527632
0.200985058615,7.2643094406235065
0.201938022751,4.586160736915106
0.20253915972,7.684087729861172
0.2035458648,6.132333086706361
0.204349980969,7.717134634359113
0.205363111339,7.643308011140311
0.2063654704,7.691210093194359
0.20737281956,7.679881162265945
0.208379013003,7.709302607418875
0.209388399007,7.721169601182668
0.210395480765,7.205162262565464
0.211332793878,5.276499680097846
0.212018727196,7.716662112270109
0.213021496525,5.958466971689916
0.213796071139,7.380078150849988
0.214756461343,7.676094298192397
0.215757696262,7.673997651510304
0.216759670953,7.178633070720425
0.217698028767,6.218175856805537
0.218511502122,7.566789446292512
0.219502212384,3.207409827236803
0.219923176955,7.461141927983529
0.220905572528,6.971214496143026
0.221826392235,3.673823025209708
0.222312016494,3.9627149436676876
0.222836415957,6.833955983968875
0.223741793654,7.552395634331437
0.224742810765,6.999353930662326
0.225669265226,3.025262703529857
0.226069936436,7.566957330711069
0.227072738629,2.725938394133176
0.22743399929,7.5902443595820435
0.228439419549,2.4555241830682473
0.228764577607,5.393020123015805
0.229477744947,5.800060465526396
0.2302452764,3.5318818502032068
0.230713050747,5.365767267915428
0.231423519753,5.796969391712651
0.232191911787,3.5593208003761236
0.232664001006,5.9995007053208305
0.233463601957,5.699665152238492
0.234225026286,7.495939279834273
0.235229851518,5.327140137225636
0.235946352975,5.355684262274835
0.236668300432,7.489686659273
0.23767827655,3.535405596288389
0.238155523329,3.9959049739855574
0.238695017775,3.6008718938080713
0.239181940116,7.005950579358391
0.240129910452,2.760574759277328
0.240503690007,4.258355273742959
0.241080146111,3.908843868324137
0.241609073747,4.943119906684617
0.242277060552,6.238651628253033
0.243119012709,0.5487574500031314
0.243193064969,3.914280513391488
0.243719592533,3.417961296153095
0.244178702329,5.813537496256224
0.244957082969,2.663291174412255
0.245313331339,4.878503616276517
0.245964370426,7.552337565438736
0.24696978516,3.476465351407107
0.24743304196,4.204639426501476
0.247993278384,0.9395886830241788
0.248118469063,6.356263804347992
0.248965256261,2.8585853881657566
0.249346590586,4.318525926301916
0.249922504164,3.777626396491825
0.250426166156,2.8987630616715525
0.250812553058,5.880021382164054
0.251595773489,2.4917546265334063
0.251927398961,5.5195570444621636
0.25266105149,2.1544878836214156
0.252947132218,7.36427248154056
0.253924246424,4.688009655577926
0.254546555524,4.684308214760664
0.255169654645,7.535688410150784
0.256175129286,6.081320422078679
0.256987756592,3.1379252421992745
0.257407346789,4.723664436335832
0.258041138164,3.9902556719446767
0.258577598141,5.628872665990784
0.259337041089,4.459384951215862
0.259940081152,2.5301171944191534
0.260282293913,4.7331066930405346
0.26092305103,2.257635868680955
0.261228739872,5.759720305829381
0.26200889281,7.466207952294587
0.263018993995,7.4411874571324725
0.264022365675,1.970846639682093
0.264287691271,6.60403909414781
0.265175079818,5.070636277630288
0.265855960918,4.618070121139291
0.266474793024,6.586859152559288
0.267356791281,5.267607656315809
0.26806339312,4.542233538854296
0.268672454815,1.5254593781616461
0.268876739409,5.67412432620068
0.26963642284,3.3279213046347635
0.270082248138,7.481087484906426
0.271084417379,6.839861681689504
0.272000147905,5.023824256362353
0.272673829682,2.7378691762427656
0.273041293079,6.29331279896913
0.27388628241,6.1484040634821815
0.274712128184,2.4021792663604633
0.275034900894,4.941765859050553
0.275698576756,3.766841705728289
0.276203581266,7.480794969254861
0.277205165967,4.276492791496334
0.277777799336,6.034329655069729
0.278586862533,7.477348739773136
0.279590748847,7.462096089497131
0.280596694,7.423851638484278
0.281603525582,7.405176847523695
0.282610357164,7.3991243309144625
0.283617188746,7.385532814714246
0.284624020328,7.371462201878943
0.28563085191,7.378833542889724
0.286637683492,7.395155167955399
0.287644515074,7.412136437013344
0.288651346656,7.434653619959397
0.289658178238,6.648113859735854
0.290557549466,7.467867410884247
0.29156645699,7.473298279532678
0.292575364513,7.465949273993216
0.293584272037,7.486705907140901
0.29459317956,7.508584237839196
0.295602087083,6.446346614755339
0.296466370017,3.906276386043318
0.296989713364,7.013059286768987
0.297929138747,6.989616599091074
0.298868483645,6.9768630389266795
0.299807828543,6.962718077768753
0.300747173441,6.933480449841413
0.301686518338,6.936982253931749
0.302625863236,6.945582266622323
0.303565208134,6.938215012799935
0.304504553032,5.4859646627057925
0.305248433094,6.829162554761529
0.306177098816,6.9165714400720395
0.307122478882,6.868656667654437
0.308067858948,6.838896463826456
0.309013239015,6.821331315341693
0.309958619081,6.824993469466252
0.310903999147,6.846339764635677
0.311849379213,6.878145014406571
0.312794759279,6.90385048770126
0.313740139345,6.437689733901673
0.314619569234,5.806694675742246
0.315411366242,5.998622453797945
0.316228581336,5.989177780458678
0.31704579643,5.980510545256552
0.317863011524,5.9874894997272365
0.318680226618,5.9789643637414995
0.319497441712,5.978005474544996
0.320314656806,5.986116851872582
0.3211318719,5.9892121298919605
0.321949086994,5.9918563303779395
0.322766302088,5.996606686589458
0.323583517182,5.986371914666818
0.324400732276,5.045156589720745
0.325090264606,5.9736788214610925
0.3259074797,5.9771738380234805
0.326724690746,5.974251876164374
0.327541673605,5.96629080687666
0.328358166927,5.977114554059906
0.329174188944,5.939988704392329
0.32998379256,5.280646587975636
0.330702452072,6.010230784757435
0.331519667166,6.000675947881017
0.33233688226,5.996342679773062
0.333154097354,5.989314214126542
0.333971312448,5.9758259172536885
0.334788527542,5.95457740187753
0.335605742636,5.922936529432896
0.33642295773,5.889815217832921
0.337240172824,5.8712702366848415
0.338057387918,5.860114468694277
0.338874603012,5.8556374541451515
0.339691818106,5.86210234642809
0.3405090332,5.8822285488476735
0.341326248294,5.891830985042019
0.342143463388,4.65339092802264
0.342787242493,5.075813326152124
0.343487872717,5.076648886181541
0.344188502942,5.069843110126228
0.344889133167,5.073921786118142
0.345589763391,5.085103504337157
0.346290393616,3.6031177483144514
0.346787841075,5.068292290234009
0.3474884713,5.080533699644733
0.348189101525,5.080172877839773
0.348889731749,5.085495451385972
0.349590361974,5.092513316723434
0.350290992199,5.096750199781995
0.350991622423,5.104147059843245
0.351692252648,5.098629971236132
0.352392882872,5.0896990118190555
0.353093513097,5.085979246116584
0.353794143322,5.085602151234525
0.354494773546,5.090614396269855
0.355195403771,5.0954069033244
0.355896033995,5.090078843579717
0.35659666422,5.081977578191462
0.357297162577,5.073100428771491
0.357997600117,5.0751011552963
0.358698037658,5.080520857659516
0.359398475198,4.870964395136404
0.360070202905,5.076183328244938
0.36077083313,5.069399994488452
0.361471463354,5.053986342257275
0.362172093579,5.034205698198693
0.362872723804,5.013169948073161
0.363573354028,4.984861204946848
0.364273984253,4.714291414822347
0.364937541864,4.450890541899708
0.365564022057,4.980036128178193
0.366264652281,4.987843640427542
0.366965282506,5.003044136654473
0.36766591273,4.767201450830228
0.368330449446,4.671877438982066
0.368979181135,4.589623410989163
0.369616124529,5.391987192118878
0.370364792189,6.827096953170049
0.371310723384,6.113830080327269
0.372158035624,5.785021318078666
0.372958938944,5.803075028311697
0.373759842265,5.792373675495528
0.374560745585,5.807210935586763
0.375361648905,5.821831991840598
0.376162552225,5.812086620998195
0.376963455546,5.825366966015717
0.377764358866,5.096075695273968
0.378463241275,4.129987448181456
0.379030046087,4.307078195046846
0.379622416508,4.579570219959346
0.38025298371,4.577853681849839
0.380883550913,4.56963401959128
0.381514118115,4.552098688529038
0.382144685317,4.545354102441791
0.382775252519,4.550651829787663
0.383405819721,4.545964163639589
0.384036386923,4.528765772716641
0.384666954126,4.523152225866016
0.385297521328,4.529216066411599
0.38592808853,4.526971931249265
0.386558655732,4.531050624631509
0.387189222934,4.541477444341031
0.387819790136,0.9088719642738112
0.387945903577,4.544995857700653
0.388576470779,4.551280304382033
0.389207037981,4.5650505695648675
0.389837605183,4.562688192885696
0.390468172385,4.689940607532565
0.391117062173,5.048244690778542
0.391817692398,5.042714083201523
0.392518322622,5.0344053680692324
0.393218952847,5.015048390314936
0.393919583072,4.9997556538855665
0.394620213296,4.379235356538037
0.395234878995,4.356980459845459
0.395847790315,4.349648379503245
0.396460701636,4.346690529973297
0.397073612956,4.342922405474394
0.397686524277,4.346720874439993
0.398299435597,4.351172357774995
0.398912346918,4.355021227194367
0.399525258238,4.354840531940041
0.400138169559,4.3536699741816545
0.400751080879,4.359724133991133
0.4013639922,4.360771023428276
0.40197690352,4.106431685818719
0.402553990416,4.159957714384442
0.403137848936,4.160215492811214
0.403721707457,4.157307178107539
0.404305565977,4.155189095625873
0.404889424498,4.167750821572065
0.405473283018,4.172575031554033
0.406057141539,4.175790844991173
0.406641000059,0.922066136031389
0.406769448934,3.3088348391011184
0.407230389677,5.7743881752831046
0.408034942136,5.762127301057216
0.408839494595,5.743046962836676
0.409644047055,5.772529982498695
0.410448599514,5.791270644655754
0.411253151974,5.7840288303764105
0.412057704433,5.7788847869644515
0.412862256893,5.735500163142814
0.413660693103,4.176967916509844
0.414241794514,4.19682757985214
0.414825653034,4.194375065689107
0.415409511555,4.1940511570933605
0.415993370075,4.196583641290713
0.416577228596,4.1967666044793885
0.417161087116,4.1925794059135395
0.417744945637,4.187193871308646
0.418328804157,4.185553178356209
0.418912662678,4.189761205998876
0.419496521198,4.1863656160183
0.420080379719,4.173082624676154
0.420664238239,4.167698752996942
0.42124809676,4.166650651643831
0.42183195528,4.159058134345668
0.422415813801,4.154033134721693
0.422999672322,4.160563529607821
0.423583530842,4.167700820947602
0.424167389363,4.168836458305044
0.424751247883,4.163222218342465
0.425335106404,4.161405836898161
0.425918964924,4.162013814566938
0.426502823445,4.171623807691195
0.427086681965,4.178901565374053
0.427670540486,4.189386787599376
0.428254399006,4.1805642444050735
0.428838257527,4.176445546872274
0.429422116047,4.150302508633576
0.430005974568,4.144525329128198
0.430589833088,4.129062111543803
0.431173691609,4.123023592773793
0.431757550129,4.115469418108633
0.43234140865,4.112126994418019
0.43292526717,4.113334195902916
0.433509125691,4.114191303503929
0.434092984211,4.11511979473375
0.434676842732,4.118581262606213
0.435260701252,4.122298273288099
0.435844559773,4.132552876356071
0.436428418293,4.138176542187458
0.437012276814,4.138259856487081
0.437596135334,4.135689794269178
0.438179993855,4.1348759277192055
0.438763852375,4.133213823806841
0.439347710896,4.130826108821681
0.439931569416,4.134634101107418
0.440515427937,4.1366241692375425
0.441099286457,4.134448702158253
0.441683144978,4.127287695714858
0.442267003498,4.124654969070531
0.442850862019,4.126318514203575
0.443434720539,3.4272351281330766
0.443919323111,4.1461386521684895
0.444503181632,4.166079870377089
0.445087040152,4.166693572281922
0.445670898673,4.164578064767438
0.446254757193,4.174108104473793
0.446838615714,4.1706939973088595
0.447422474234,4.164060917968376
0.448006332755,4.166830481778646
0.448590191275,4.175498871494573
0.449174049796,4.165978707489988
0.449757908316,4.159425573509265
0.450341766837,4.16189305050527
0.450925625357,4.153727230609486
0.451509483878,4.143729620231613
0.452093342398,4.146936469639018
0.452677200919,4.156227341042339
0.453261059439,4.15401984044298
0.45384491796,4.142569753848469
0.45442877648,4.145009901283569
0.455012635001,4.14694151071239
0.455596493522,4.049544209906164
0.456168145294,3.840288912174612
0.456711269989,3.778013525182718
0.457245209896,3.8514667614897875
0.457788022349,3.88733941011259
0.458335193134,4.0153058119460265
0.458900294473,4.013923088475493
0.45946519661,4.014263171359003
0.460029936505,4.011460031593189
0.460594498867,4.002321321080141
0.461158892343,3.998381896799293
0.461723119278,3.96080424179749
0.462282652464,3.9609365869384305
0.462842033247,3.9924371246247965
0.463405743769,3.98852958418342
0.463969275797,3.92241485265464
0.464523629496,3.8543156355127466
0.465068790688,3.8547589466024776
0.465613869199,3.7909221967303215
0.466149707665,3.951569340847271
0.466707911581,3.9514996249188794
0.467265947743,3.987620366757707
0.467828316136,3.9869534462151583
0.468390526601,3.984070581674221
0.468952556056,3.9803471761559557
0.469514424588,3.9807723712029537
0.470076124363,3.9870654458705297
0.470637641246,3.990901882623613
0.471199000398,3.965330037896012
0.471760184261,3.9429855103735583
0.472321198863,3.937783066015381
0.472882047431,3.933347093264515
0.47344272178,3.8954393116490755
0.473998744282,3.7081763057739523
0.474527711241,3.750191079194501
0.475061001761,3.852347243368533
0.475607581528,3.8520023065117566
0.476153993694,3.9478355570558556
0.476713724634,3.9476099655688865
0.477273287198,3.944770866359909
0.477832680709,3.5562688487370178
0.478336022058,3.959722956115179
0.478895098294,3.9685437252860494
0.479454026698,3.9737442018924227
0.480012792199,3.965749898532739
0.480571394159,3.962870212612954
0.481129849136,3.947801639399096
0.481688130274,3.9348195931050953
0.482246241356,3.9239338537808153
0.482804196492,3.9202274244781683
0.48336196857,3.9173056644185222
0.483919593705,3.117455873377479
0.484362624347,2.61498400240984
0.484734193932,2.618672224756254
0.485105691747,2.6192313585513323
0.485477118561,2.618889457756728
0.485848460278,2.856929370766404
0.486253158129,3.9305088361564495
0.486809933605,3.932067098007928
0.487366551697,3.931115406251253
0.48792302922,3.929616143496945
0.48847931924,3.924404908699191
0.489035459267,3.9164187461777273
0.489591467869,3.9081515221997476
0.490147276969,3.9019061257286785
0.49070294699,3.835643116982204
0.491249016951,2.816366986691301
0.491649936711,2.8325284253142162
0.492053073347,2.738663073793849
0.492442778733,2.7147933942964495
0.492829087521,2.7340477658291173
0.49321863866,2.7800157677237873
0.493614758236,2.8731560541576924
0.494024119437,2.779297807095869
0.494420070694,2.891326409934456
0.494831982091,4.376709552831421
0.495454299158,4.18512909238539
0.496049585488,3.8919112457955616
0.496603610112,3.8861553336486097
0.497157450116,3.8835635549706184
0.497711132466,3.887618019306874
0.498264697559,3.8811420396983296
0.498818099355,3.8768269898785714
0.499371324801,3.8820862868407233
0.499924425252,0.6596223663160278
0.500018426415,3.4867444847379887
0.500517751887,3.448464814658279
0.501012250095,3.4910125970943535
0.501514732342,3.468193404504877
0.502013034271,3.4759843240562645
0.502511207417,3.486189534984228
0.50300926719,3.4992299033135454
0.503507198381,3.503530579292603
0.504004992614,3.5495803718630197
0.504510772028,3.5036542152291723
0.505012353113,3.52657457410166
0.505517861461,3.529077187057963
0.506023239654,3.5355027129871717
0.506528477797,3.546147825363254
0.507033600384,3.565637462203209
0.507538605072,3.578413946621047
0.50804346978,3.576121060476853
0.508548220567,3.5750234423885088
0.509052824058,3.3943546473791537
0.509532501997,2.8554864063190704
0.509936030565,1.5981300368163485
0.510161557435,1.8166949409273698
0.510417927856,1.5265890881323
0.510633358893,1.5160253382089999
0.510847355488,1.6747802288225926
0.511083782992,1.9436619195683553
0.511358665774,1.9377736366626446
0.51163327867,0.9597691221367856
0.51176997601,1.2181055586806042
0.511943680075,0.7251175469938714
0.512047083151,1.0159028344029666
0.51219196969,0.5820777092993703
0.512274985113,0.9768235697233458
0.512414298766,0.5001637011420896
0.512485491167,1.0573104867516998
0.512635072472,0.6769749522996247
0.512730844191,1.0918934077188518
0.512883933874,1.1568629033912619
0.513044773552,0.9112652435690359
0.513170261805,1.6645526451203143
0.513396480079,1.2897212809449223
0.513568923901,2.117806779256697
0.51384693633,2.7126900941253784
0.514193680943,2.3461155725870397
0.51448801548,4.296755212809201
0.515029903055,3.6240247426422183
0.515509052357,3.2246745950067757
0.515952908999,4.159901887437456
0.516548658803,3.655976731656557
0.517090075684,3.603672073729089
0.517630685425,3.4672223355593714
0.518171295167,3.209311201998781
0.518677373461,3.1805569223626726
0.519193066499,2.900404944964008
0.519669426574,2.9107604090616004
0.520155975341,2.865071173762546
0.520642524108,2.8253880329223775
0.521129072876,2.791522017188103
0.521615621643,2.758994157182166
0.52210217041,2.7424611695121786
0.522588719177,2.7222055228568416
0.523075267944,2.7117795799294724
0.523561816711,1.4820135544196693
0.523829418533,2.6924869332962587
0.5243159673,2.6675806638658432
0.524802516067,2.6663207269920854
0.525289064834,2.654686101445115
0.525775613601,2.654681310655965
0.526262162368,2.654331721671141
0.526748711135,2.65449355692421
0.527235259902,2.657232100302049
0.52772180867,2.6572315541637765
0.528208357437,2.664845786721945
0.528694906204,2.6712755109327797
0.529181454971,2.67977016090649
0.529668003738,2.692218772410416
0.530154552505,2.701048790113965
0.530641101272,2.7201197762313565
0.531127650039,2.738433953223976
0.531614198806,2.757740431011236
0.532100747573,2.7793964207047557
0.53258729634,2.811236420297062
0.533073845108,2.8186448961085957
0.533560393875,2.8553722321560717
0.534046942642,2.867582749179588
0.534533491409,2.9098725225047724
0.535020040176,2.922029042323143
0.535506588943,2.962162504420209
0.53599313771,2.988722468887249
0.536479686477,4.381065658451464
0.537185413897,4.589758601576932
0.5379154945,3.89755766036667
0.538529905201,3.453549148222405
0.539070514942,3.4582086557971943
0.539611124684,3.459647677725741
0.540151734425,3.4560040787741655
0.540692344166,3.446664605214305
0.541232953907,3.433783840116826
0.541773563648,3.426476353313558
0.54231417339,3.406865909067303
0.542854783131,3.3831243597181335
0.543395392872,3.363221451947064
0.543936002613,3.348442375039427
0.544476612354,3.325615264848633
0.545017222096,3.31011793603892
0.545557831837,3.295528669708948
0.546098441578,3.2719554494166694
0.546639051319,3.260743098370387
0.54717966106,3.244965589434191
0.547720270802,3.235099439384745
0.548260880543,3.2116803220740047
0.548801490284,3.195743812050448
0.549342100025,3.180531304602918
0.549882709766,2.9382535244133208
0.550386005722,3.2254519830578268
0.550940472524,3.3660889529631026
0.551522320412,3.1139331787351496
0.552062755982,3.1053854464599233
0.552603103972,3.101842001138521
0.553143336601,3.0992727491809684
0.553683436677,3.090932379484272
0.554223448661,3.080673953170466
0.55476335931,3.7741456308753847
0.555426962103,2.8708539926598062
0.555935521493,0.1846948926037086
0.55596834719,3.071410408165944
0.556515442136,3.0633157412704746
0.557062537081,3.1085043866347206
0.557620625245,2.7999375869154544
0.558124265559,3.047015264884652
0.55867265201,3.275434754383718
0.559263244559,3.349580567514789
0.559868608482,2.962568357568519
0.56040433214,2.711061994790181
0.560896354112,3.0539942831127167
0.561452362474,2.7642062077333738
0.56195712848,3.4721203424644966
0.562592363087,2.934387327529892
0.56313097636,3.363444696421411
0.563749653476,3.770042162601987
0.564443999166,3.570327531152485
0.565102337409,3.527083513939429
0.565753321639,3.4485185392923587
0.56639158424,2.4341237202085453
0.566842318572,3.2272151794321142
0.567441390975,3.7160628649534435
0.568132338866,3.8482019296992633
0.568853151855,2.3546866346786226
0.569294976756,2.7312623570329766
0.569811900159,3.5868820329029982
0.570495753276,3.46319519872679
0.571158055941,4.116711741562137
0.571952389013,3.6008497100566337
0.572648523016,3.930015833395502
0.573407797101,2.8801666992918364
0.573963381422,3.7176226392889444
0.574680753278,2.738086756618283
0.575209283266,3.5166431267579026
0.575890800925,2.286927198347577
0.576334364342,4.023076695088016
0.577122150413,4.469542276353474
0.578004742715,3.3107813161125446
0.578662713701,2.1614386824679266
0.579093983217,2.2105413666792573
0.579536028332,2.3711773859330654
0.580011626501,2.904993977185384
0.580595480492,4.908023692120794
0.581586136573,4.953362819657601
0.582592291797,4.914387502489492
0.58359844702,4.882096974209509
0.584604606931,4.847725170910638
0.58560832574,4.846687402780876
0.586615287791,4.804907473813999
0.587616796869,3.09429825118245
0.588263837601,3.3128450571407746
0.588958803343,4.7759195580819505
0.589965635261,4.7185648605548005
0.590969399917,4.670658833810637
0.5919731991,4.641603728022037
0.592976998424,4.6914667298744455
0.593993611706,4.64410281246106
0.595001682018,4.622436637650354
0.596009752331,4.622794831953865
0.597026464096,1.0441436266679789
0.597257301522,4.492184070033002
0.598257597039,4.449708731716565
0.599257892555,4.413054771734244
0.600258188072,4.391754570955178
0.601259669785,4.415040744316718
0.602270263305,4.458384459429686
0.603293053396,4.450877761176908
0.604315843487,4.451155345079638
0.605338633578,4.423895979841685
0.606355554431,4.3951934427041675
0.607370367248,4.3549730845594485
0.608382867248,4.302282467590358
0.609388617248,4.338627839100783
0.610405487805,4.284391437016126
0.611409911295,4.2798880451756585
0.612411758499,4.404940892754126
0.613441414591,4.386846499441708
0.614468762421,4.261888537827385
0.615471584374,4.3293043519316745
0.616493854648,4.3081623209762885
0.61751340061,4.291390183569732
0.618530411866,4.304248597631556
0.619552285017,4.272884228605197
0.62057330632,4.2174858896749
0.621592570005,4.17648403298506
0.622607741557,4.176080789203353
0.623616268573,4.2674554410057794
0.624634973426,4.25334205284384
0.625643634436,3.175961049993383
0.626398511033,4.257455440161857
0.627414228318,4.223298936526638
0.628425236696,4.181538527537499
0.62942856308,4.174317856996028
0.630432446365,4.157864196381704
0.631433767728,4.199235464125778
0.632444461133,4.284068229822525
0.633474775587,4.203924131049233
0.634485642853,4.188831102455825
0.635492710813,4.208267409632181
0.63650621439,4.214904515194095
0.63752527976,4.192202101318941
0.638543295347,4.180041870993385
0.639561841319,4.1058008669946595
0.640564581069,4.176956182968677
0.641587670306,4.172609899536296
0.642612227129,4.169592225012552
0.643634849537,4.161741539543443
0.644650754215,4.158034296020832
0.645661128299,4.2017469286222
0.646679253163,4.209006588716169
0.647697288316,4.16940139447479
0.648705886037,4.195429844761095
0.649723923594,4.112129974637739
0.65072633691,4.169612669115022
0.651745958633,4.164985253522145
0.652765233249,4.177972700370267
0.65378794315,4.183343836797552
0.654813451205,4.072893865755749
0.65581452375,4.133633015872065
0.65683301792,4.0997429620278885
0.657842840591,4.106940134939587
0.658850762451,4.123576762449612
0.659860207603,4.257599143231912
0.660904269443,4.087146818438935
0.661909456818,4.077879690055268
0.66291132793,4.158032601541361
0.663930232435,4.09276369268557
0.664933737183,4.104049152469747
0.665942421208,4.089177596132031
0.666949372617,4.135972431169454
0.667969097682,4.090087875190137
0.668978426506,4.213180884245325
0.670018557898,4.113329195955936
0.671033336235,4.095635553265007
0.672042719213,4.06197211995642
0.673044721732,4.0775112988022775
0.674055646012,4.151841984718276
0.675092124647,4.152527956178405
0.676132105298,4.111557946640867
0.677161783648,4.046985783761027
0.678175369857,4.05539158351777
0.67919202396,4.058098039180156
0.680210559634,4.110700615810987
0.681242587582,4.036752591605213
0.68225633763,4.0208267477348
0.683267015988,4.039330155778635
0.684282100058,4.171449339290439
0.685328770632,4.0782962231509625
0.686350941699,4.031161911390994
0.687360317715,4.012631998244857
0.688365607849,3.9965799941789193
0.689368281221,4.046374351186345
0.690382852481,3.9975806976447013
0.691383015513,4.083271946774448
0.692403235406,4.015563213287104
0.693407186268,4.0103477884689
0.694410576141,4.026792707037103
0.695417617143,4.016060425070117
0.696419962034,4.0832686930758735
0.697437884439,4.058963854738915
0.698451821875,4.0259580601134095
0.699459948827,3.999992067473042
0.70046123291,4.116872615806156
0.701490126507,4.049589285583835
0.702502147274,4.079275804717487
0.703523984319,4.047747261155041
0.704541172646,4.130001524868596
0.705580785138,4.004449259521763
0.706588962922,4.008590006979354
0.707597887342,4.0098951435459655
0.70860767848,4.00114381366056
0.709616848594,3.982583538041855
0.710623132918,3.9870281034760966
0.711631661465,4.0077805216930535
0.71264478373,4.121654330759647
0.713685355893,4.005891087877913
0.714696882859,4.036610160127748
0.715717409434,4.019433775366222
0.716734774787,4.150014292624046
0.717787637465,3.9690550156798183
0.718798284551,4.032307593347355
0.71982865625,3.9865820051332115
0.720850660203,3.923835268836443
0.72185889906,3.9065577710251302
0.72286407998,3.89208806259397
0.723866995997,3.9083540333722624
0.724875281183,3.928143504915278
0.725889188399,3.9213732314133325
0.726901649805,4.037352087311164
0.72794438164,3.9158004806565105
0.728955272163,3.948988626169635
0.72997266723,3.2790492055428992
0.730815425145,3.9130871580836954
0.731818906092,4.023753917874372
0.732848601235,3.9636199418420794
0.733861320865,3.971187093639595
0.734875610322,3.9995292145521577
0.735897872957,3.914731244271306
0.73689827518,3.954905052848061
0.73790724544,3.9492164636726153
0.738912948589,3.997873401073118
0.739931038541,3.97303894111866
0.740946345384,3.9122045627881024
0.741951008209,3.8984560416395944
0.742957591769,4.080252797888289
0.74401670171,3.889200066817965
0.745026788309,3.9127610719872217
0.746040277258,3.8810784933165525
0.747042674375,3.8961895580386345
0.748048071634,3.9521425920690696
0.749067851041,3.931869027203517
0.75008202561,3.9194161897589366
0.751094590748,3.9194006193724222
0.752108882455,3.902059318099447
0.753119561533,3.915455147808071
0.754138962492,3.866195271683938
0.755154082081,3.8305584233570387
0.756164878246,3.8207771410265234
0.757173904016,3.8187130300815006
0.758183112983,3.8337112592325595
0.759198628119,3.8007091865168854
0.760206291008,3.819275729876831
0.761217793796,3.8186226755071835
0.762227731019,3.8012118986177317
0.763230636827,3.827328711210018
0.764237319277,3.855859200295088
0.765249649224,3.8781417163735794
0.766267739038,3.8473093506586515
0.767279784183,3.807061994021498
0.768282244612,3.8115505815875452
0.769285024304,3.838639145528644
0.770294675523,3.848490045106935
0.77130595522,3.850828862727086
0.772315666069,3.8630228720194264
0.773327818303,3.833697951766194
0.774333656376,3.8449470644248476
0.775344103327,3.80905862723868
0.776345998373,3.799554867006688
0.777346636638,3.8156157545747105
0.778352210035,3.8103926050681816
0.77935581773,3.8405204277589644
0.78036809814,3.7882187232687334
0.781369535349,3.8007063250085653
0.78237795425,3.8522200031435685
0.783402641473,3.7770576796096
0.78440835808,3.796477221493099
0.785420234152,3.84960065978413
0.786447229447,3.7639882868286234
0.787451547282,3.783885971245959
0.788460008245,3.8129408884522733
0.78947302978,3.8068071638814875
0.790481574022,3.8504896124974195
0.791502553372,3.865066308952952
0.792529844128,3.7815571121685645
0.793535893192,3.784069720943157
0.79454367937,3.7788622987037446
0.7955516998,3.79020543034572
0.796563288344,3.8087680876457477
0.797579613448,3.8168873551855707
0.798599271506,3.8103235733004377
0.799618145856,3.7833024273515345
0.800628898248,3.6285423744040584
0.801596829533,3.4526563537266486
0.802517063432,3.7846448968831554
0.803526208227,3.775904371752896
0.804535249508,3.7434779088420225
0.805539863895,3.784373411050304
0.806560503325,3.709704973509225
0.807563404587,3.724389310547412
0.808571142811,3.714807986786264
0.809577855103,3.693232828982801
0.810579806508,3.7222646563937594
0.81158901439,3.739145201075649
0.812602635299,3.7286501876752802
0.813613218123,3.711742467176319
0.814616846521,3.7591415282739007
0.815629843131,3.7405114826426877
0.816634594282,3.7708477781618206
0.817646746866,3.7515609392171796
0.818655870076,3.748862964145558
0.81966677351,3.7281953834117454
0.820673303291,3.703211756127246
0.821674319372,3.7047196347415032
0.822677926142,3.714763513996888
0.823685318777,3.7163816207214393
0.824692166524,3.7203780835460325
0.82569925363,3.733495612026608
0.826710597311,3.72435331358003
0.827718149299,3.7380836014446825
0.828726638681,3.742373235297207
0.829736799111,3.75988878386791
0.83075417709,3.8122570001518485
0.831788192354,3.701083311251984
0.832793133706,3.7070875734481166
0.8337997656,3.7116195211317624
0.834807795226,3.736549070660263
0.835822386653,3.726750566859439
0.836837011614,3.67370214422995
0.83784241989,3.760511840231931
0.838872415345,3.6632755671249115
0.839873851166,3.689245628634371
0.84088315351,3.6791774864451803
0.841893267757,3.645893064008942
0.842898989311,3.6634008280771053
0.84391179454,3.654882604380782
0.844922757397,3.627353399452673
0.845929124944,3.6162864144770603
0.846935307089,3.679843552839868
0.847958946752,3.760563012415583
0.849003520316,3.6375902582483146
0.850013472909,3.640265108250869
0.851022903401,3.673986315197859
0.852038880715,2.613003094093304
0.852761692485,3.607395637212496
0.85376125389,3.636395539714074
0.854769676877,3.6104199560337698
0.855770310479,3.6191191181693383
0.856772095453,3.665744349848728
0.857785209442,3.654057851823406
0.858794646385,3.630327819529574
0.859798417052,3.6297029319425196
0.860803540962,3.64299773300249
0.861813914246,3.65843625267044
0.862829794912,3.607170907704726
0.863832365076,3.6200495738251863
0.864839707068,3.624978381173741
0.865850952698,3.5819689354270645
0.866852685845,3.602130615783675
0.86786052964,3.6242275989784063
0.868872531328,3.6295357061409086
0.869882561365,3.607266955579628
0.870884094011,3.608045047839844
0.871885423468,3.647543601861386
0.872898939069,3.5964970171396184
0.873903482115,3.600341270952984
0.874915380148,3.4454768710001895
0.875886232061,3.584680052850351
0.876895937045,3.595319103312149
0.877906547226,3.5675940206639343
0.878908377484,3.5885160884556755
0.87991664589,3.68811438445855
0.880951436667,3.624906815058477
0.881965029211,3.5890157489705654
0.882966413626,3.639388581141596
0.883983433908,3.661817765636078
0.885007940961,3.633058250510272
0.886023193798,3.5872292096690215
0.887023531217,3.6338399514850743
0.888036949611,3.581535877449823
0.889040323845,3.5797050987712096
0.890049592345,3.5584690495037536
0.891057799358,3.565959530663056
0.89207231062,3.5506407601752183
0.893086261554,3.537861579011088
0.894097308129,3.6632291043249907
0.895141802042,3.5489662708052023
0.896150722279,3.5498921142194897
0.89715598144,3.5891343036530436
0.898169958095,3.5650568708615036
0.899178389912,3.5500212003429863
0.900185196623,3.5197174534997746
0.901186012807,3.517829677683001
0.902187385232,3.5648932540129215
0.903200177186,3.5824114808855394
0.904215919238,3.5298375467768475
0.905218460155,3.5210425642540493
0.906221051775,3.5538860210790477
0.907233980271,3.5212887692159676
0.908238360455,3.52173182271845
0.909244642627,3.538038591990299
0.910259332607,3.489318432258728
0.911264344453,3.5130116947304906
0.912278771382,3.5114150867228275
0.913291969744,3.485221334869106
0.914294921263,3.5323217876196753
0.915308863902,3.5874673135903685
0.916336786993,3.5050277594638257
0.917340730978,3.5685362394648803
0.918364652717,3.488297183935645
0.919367139027,3.483058591194365
0.920368369268,3.495027380473402
0.921373060841,3.4907889931691134
0.922376651723,3.5334109809272523
0.923394097632,3.6148807403172656
0.924438596001,3.5063740198545665
0.925454700984,3.504532148977553
0.926467828598,3.4760387064087634
0.927468529594,3.504878733077899
0.928477649422,3.509141068872589
0.929491067277,3.4663908338528797
0.930494488815,3.5266640431699896
0.931516263557,3.475074047242915
0.932523342434,3.4685680253929942
0.933527780808,3.4776685218148184
0.934536231502,3.4438134475242252
0.935538219604,3.4537064404446247
0.936544273583,3.51825009521882
0.937567915686,3.505670076552055
0.938587763671,3.4373110580788704
0.939588024027,3.443742424890261
0.940588573793,3.4884724330592674
0.941599895106,3.484603021579538
0.942609605318,3.4647306909810363
0.943613592368,3.4932602596023345
0.944625078578,3.4623584107205514
0.945626941373,3.5688508186440218
0.946660744046,3.475714379817742
0.947670720527,3.455249285393038
0.948676257408,3.45692514918656
0.949682602387,3.5204695880557932
0.950707897704,1.573172732677645
0.951165728038,3.488247678624762
0.952179686737,3.453383578005267
0.953182661713,3.5040707738623436
0.954200307255,3.4779622441089573
0.955210237852,3.4507528159746195
0.956212694458,3.4875559723473066
0.957227206507,3.5235267759918294
0.958253714327,3.4709558970844836
0.959265455027,3.4748865792850996
0.960277713102,3.4690370010425835
0.96128853785,3.4623342852391708
0.962298794572,3.4571905938065206
0.963309391454,3.43218841803643
0.964315577971,3.461801710285073
0.965333122186,3.408010155534336
0.966335666401,3.451340273341295
0.967350877769,3.5481046922761217
0.968395311855,3.429966022881178
0.969405729317,3.4019754472222776
0.970408320211,3.5619945948668783
0.971459841057,3.402124503862359
0.972466231821,3.425048753936824
0.973480145913,3.4240477937391858
0.974493567636,3.4187825431827954
0.975506322393,3.465320757283319
0.976535397601,3.363440398717381
0.977536169649,3.377600590507902
0.978541812994,3.3896468276397513
0.979551383318,3.3892871624676797
0.980560598311,3.3781813115081722
0.981566098532,3.3718830203519015
0.982570045997,3.378012114395416
0.98357614337,3.490930242271351
0.984614546363,3.4111305169739317
0.98562754101,3.375442430524926
0.986629997975,3.4087484854984753
0.987643155025,3.3895565081372987
0.988652304287,3.3517715112343116
0.989652366868,3.3530541097480735
0.990654727852,3.3981442703267604
0.991672174896,3.488306757772055
0.992717241646,3.3562958734530213
0.993722695359,3.344398854302536
0.994723375049,3.3735355918536523
0.995731440615,0.047662174019376044
0.995745678896,1.8116352412840184
0.996287223586,1.2647092555885155
0.996665424895,0.2742409932678182
0.996747434491,2.2852313604331553
0.997431117794,3.340342860834596
0.998431206906,3.361340249553108
0.999439208186,3.341348226603471
1.000443163499,3.341231561273767
1.001448528448,3.364022219253049
1.002460906869,3.357314373517881
1.003470127026,3.3480273286667597
1.00447607516,3.409535972340556
1.005501566244,3.332808826699453
1.00650514349,3.3437455194296537
1.007513409174,3.3268140908357493
1.008518292066,3.354185915174946
1.00953150316,3.41549619410508
1.010560888315,3.3611576602757625
1.011571799715,3.358456322540236
1.012581852836,3.328302222021473
1.013585046484,3.3153006213793264
1.014585813185,3.3699304183871543
1.015603383866,3.346516899156728
1.01661427545,3.3527867013450647
1.017629178392,3.3104473927015463
1.018633797548,3.344384423049739
1.019649048275,3.3285290099390914
1.020659091845,3.3163065688333155
1.021666506292,3.3125833893783927
1.022674284191,3.289727921500523
1.023676280015,3.32815857227032
1.024691581877,3.2903983305143427
1.025697071639,3.2978505841614583
1.026705533986,3.2951515629790222
1.027713452348,3.2860006022718387
1.028719542631,3.31390663491669
1.029734417561,3.32785538371598
1.030751887075,3.2863361007731755
1.031754162506,3.3257517997960804
1.032766908328,3.3014075756793355
1.03377242403,3.296644903475837
1.034777415549,3.3200951584463705
1.035791376829,3.2857294771416115
1.036796704445,3.2767194004166
1.037798941857,3.321834996799019
1.038813691332,3.3053858561340266
1.039823227863,3.301959681083548
1.04083308962,3.29891506671429
1.041845346995,3.2538541545405364
1.042848498537,3.2646411136310522
1.043859374946,3.227006587642705
1.044861739738,3.246492102152459
1.045872338794,3.229261894720203
1.046879077501,3.219201490310896
1.047884096746,3.2342820699735855
1.048894270364,3.2134508400180692
1.049897224503,3.2126183470835348
1.050899949085,3.214954294376348
1.051903910066,3.225158771253954
1.052910280218,3.2347849783341673
1.05391755446,3.230196931427291
1.05492126224,3.2270408187800275
1.05592275827,3.2522198628907493
1.056930564997,3.299075595864501
1.057951210386,3.234598293132886
1.058952812258,3.270369182291041
1.059968338587,3.2186656842847774
1.060969961147,3.29167780379213
1.061995296969,3.223542299220236
1.062999447213,0.5186706243826168
1.063160991849,3.256941066778806
1.064176245522,3.2088965410167893
1.065176546821,3.214496400413645
1.066176921736,3.24988950369184
1.067186520533,3.268713654777321
1.068200975072,3.2746285766787295
1.069217597573,3.2839271850268257
1.070238265551,3.2397078018695074
1.071246934485,3.2388695913034997
1.072255699496,3.291935435544473
1.073280058743,3.2633000873710922
1.074294340587,3.2578838352690718
1.075304155616,3.3612539634411513
1.076344744726,3.228349293854797
1.077348455863,3.218018260830803
1.078354658425,3.2407110766688647
1.079370639449,3.3375620788516422
1.080416973589,3.2375921161439343
1.081432864196,3.2362290748619245
1.082450902775,3.236226934816529
1.083469604371,3.2160394728086463
1.084480750608,3.278432966967001
1.08551282604,3.196288475775211
1.086522164757,3.2485860064828946
1.08754937054,3.1874634743267474
1.08855699444,3.1622066466073915
1.089557261273,3.162714044244974
1.090558132394,3.214156438025914
1.091574167155,3.300111377807028
1.092615962822,3.2009174500318154
1.093626417232,3.1707556301363704
1.094629697943,3.1820087630243146
1.095640183163,3.163825173786564
1.096648459869,3.1738945727056134
1.097661472121,3.1566285800656764
1.098668340228,3.1422134658807326
1.099669401269,3.143244208658892
1.100670049744,3.162365924055991
1.101676789993,3.141654794221963
1.102677049582,3.1729077689087473
1.103687488904,3.1534160247780374
1.104692279568,3.153578290729932
1.105697068065,3.142913920254985
1.106697227351,3.2048066165871765
1.107715915208,3.1693188035463478
1.108723631454,3.180463414566872
1.109735212006,3.1531081995576855
1.11073734172,3.166190117373043
1.111744187028,3.170495865291414
1.112754445711,3.171303707623881
1.113766139283,3.1887384635602958
1.114784683997,3.1699650285904672
1.115799803759,3.1228910274863146
1.116802246716,3.1260449686219713
1.117806689693,3.1490107488088133
1.118818197024,3.1541062264818076
1.119830062505,3.14976446613652
1.120838406257,3.14818236272469
1.121843056023,3.158370568165091
1.122848725807,3.1551342841017505
1.123853996743,3.1403012474639165
1.124854673951,3.150797140429975
1.125856224178,3.1898204996814683
1.126868712048,2.5148740816894777
1.12766822323,3.1550457585762657
1.128674935055,3.1325848034262282
1.12967768022,3.1235742571433867
1.130678221073,3.2389125999382626
1.131714542023,3.1793151933195354
1.132730485141,3.141487675196684
1.133734899503,3.182782359376142
1.134753834828,3.138115045151355
1.135758773243,3.1280026913838412
1.136761950971,3.176884660347567
1.137781808439,3.131494255581658
1.138787102308,3.1411773826958034
1.139796789014,3.1337326723433145
1.140804670713,3.1660582256376517
1.141822142252,3.1878717549721984
1.142847206837,3.125943170941631
1.143853855504,3.1226092731836674
1.144858885653,3.1614054326588055
1.145876969801,3.0986639839040064
1.146879097052,1.62626994911325
1.147407278769,3.093089787704267
1.148415671515,3.0783347770215865
1.149421072537,3.089704560453086
1.150430251751,3.0682646648910086
1.15143316481,3.0812217423357366
1.152440514065,3.071474775169009
1.153443218733,3.1000610127426453
1.15445283324,3.0918436747770444
1.155457447105,3.0888219318488126
1.156460377633,3.1127930745873393
1.157473626794,3.0993535664693925
1.158485286848,3.0737371061471666
1.159487640326,3.0866575322732324
1.160491351609,3.155191697440403
1.161516464292,3.0955442764633596
1.162524002759,3.102208358983629
1.163535154991,3.0702113882911277
1.16453750572,3.07317359237776
1.16554496287,3.0558273344325184
1.166551748383,3.0519970861082033
1.167560552652,3.0273214801451824
1.168562995254,3.036238784416787
1.169569010986,3.0888670224986026
1.170590659811,3.0281056000982733
1.171590791274,3.110940766340722
1.172618226533,3.075687736051677
1.173634255934,3.0770097198313273
1.174650985617,3.0247709768034556
1.175651125678,3.028279797967682
1.176653953465,3.036172300744343
1.17765950853,3.055353107955793
1.178670262461,3.0456909645245833
1.179678148114,3.0408730039013756
1.180685655735,3.053867080401302
1.181698423574,3.025387961696791
1.182703013807,3.029597286430472
1.183710015426,3.0152383514227648
1.184711444158,3.0202152733931236
1.185713295846,3.022129586352256
1.186716041,3.0248332665110382
1.187720245481,3.0279505186234124
1.18872553621,3.0162281592733446
1.189727139296,3.0510255042003225
1.190740003395,3.0491204718310985
1.19175147432,3.0274215689876764
1.192756266876,3.0430641809757666
1.193768861515,2.5166130204388386
1.194608520994,3.029127247360362
1.19562103544,2.9922802416966627
1.19662107694,3.022160367061156
1.197628538485,3.0238855129280835
1.198632980405,3.0270782722111758
1.199637973326,3.08534715000287
1.200663574334,3.0293124249191226
1.201672332971,3.06945146673649
1.202697546973,3.002387355932921
1.203701778626,3.0048923781981163
1.204705357795,3.0127457387008922
1.205710193745,3.032824276083397
1.20672340779,3.02045041325466
1.20773450448,3.025829413449918
1.208747344464,3.033702865602137
1.20976331059,3.021206925034246
1.210777623551,2.977296638969086
1.211777994438,2.9864619441044726
1.212780351357,3.0059867965424165
1.213790036787,2.997727564561083
1.214798594954,2.974230314899114
1.215801612325,3.01902060850459
1.216822226642,3.0157950703764973
1.217840990808,2.9891960231463757
1.218848676792,2.9753667303890934
1.219850822931,3.0043227236430012
1.220861886846,2.9882534611665363
1.221866793603,3.0147240142867884
1.222881142301,2.991383956513237
1.223887052707,3.0312066920378506
1.224904611224,3.0068615082138024
1.225913122289,3.035493023949652
1.226930512971,2.994917200338844
1.2279330115,2.996606453857046
1.228935990844,2.9976781416286755
1.229942309833,3.042309514220257
1.230965564427,2.993548202436322
1.231971955996,3.0296525852784435
1.232989335602,3.0036596833435394
1.233997565701,2.989053218605539
1.235002857904,2.9708142323632645
1.236004229184,2.973898923849802
1.23700719068,2.970519158027655
1.238008515572,3.0179845725194405
1.23902362271,3.0009439212789486
1.240028486662,3.01324022691201
1.2410364252,2.9959505594851867
1.242040566479,2.987703424510873
1.243043814422,2.9955394466223315
1.244050871518,3.028696519841425
1.245071963542,2.9645377734172214
1.246075851913,2.9803363633686066
1.247089907536,2.9495873117985205
1.24809691033,2.944527962114723
1.24910385553,2.9566332597893803
1.250116586397,2.9181488395896014
1.251117695942,2.930063487611693
1.252123744017,2.9244164107369377
1.253128913064,2.914349213000872
1.254131302051,2.9128716031291266
1.255133836891,2.9146477950267484
1.256138404539,2.9067999717203348
1.257141501523,2.9143496046249213
1.258146418766,2.914349451037029
1.259149061082,2.9119656276055053
1.260150152582,2.981336785515835
1.261176837719,2.941939019046306
1.262193252814,2.014916870342011
1.262891732561,2.8836504240824485
1.26389436834,2.89066076386942
1.264901313773,2.879487803831443
1.265904873245,2.893103735226683
1.266912332522,2.9270003506541586
1.267929793391,2.8824050559283094
1.268931136326,2.896313776159342
1.269936888551,2.9064113598043617
1.270945747517,2.910584764714041
1.271956183447,2.9016772073691444
1.272962751117,2.904631375931754
1.273968264466,2.961430863520629
1.27499129464,2.9076350657310246
1.275994954789,2.922868385349495
1.277003648032,2.8999423891208718
1.278004380911,2.9126820062272976
1.279009624166,2.9190911386084575
1.280015877384,2.92712392564925
1.28102253065,2.956587154465552
1.28203768929,2.9695470644383946
1.283056716599,2.9628535277856187
1.284073225653,2.938271830454292
1.285082430344,2.912758599639565
1.286084317649,2.937125838591702
1.287093720802,2.9495642283934975
1.28810579235,2.964497933589869
1.289122415127,2.935845169140342
1.290128502263,2.948091123569311
1.291138970232,2.920316551091738
1.29214220596,2.956497353078502
1.29316187516,2.9168825101862654
1.294171304834,2.9161017296912553
1.295181875725,2.9464624713920076
1.29620485704,2.879937593164181
1.297207265566,2.8889893228436354
1.298214338671,2.91015372211633
1.299230582962,2.89221685452315
1.300240452175,2.9673976674165554
1.301274757874,2.8979202991639887
1.302282261109,2.9028037891829537
1.303288513383,2.939013151816348
1.304307409952,2.923919075524106
1.305322469744,2.8859288791668996
1.306324593235,2.89526618572114
1.307329754076,2.8898154292297407
1.308333251185,2.884328968460575
1.309337043113,2.8932975181106078
1.310345904378,2.875711990148242
1.311348339047,2.9355331942430634
1.312371794273,2.931377400666874
1.313395124967,2.8736061312968157
1.314399910799,2.8870185911991424
1.315411466619,2.857012422529462
1.316414032632,2.877545246826594
1.317424327685,2.850443998022326
1.318424582475,2.8651826560669775
1.319430497382,2.8601186675232837
1.320436632011,2.850845183680269
1.321442349871,2.8505002581744776
1.322450824064,2.8495263496346754
1.323461158693,2.8454047943725502
1.324472429946,2.850545516646272
1.325488024609,2.8589125983356896
1.326507053231,2.8118565366364487
1.327508365914,2.8461095547308264
1.328520576973,2.8677161802750315
1.329539904402,2.849460015918126
1.330553830887,2.8314403317880585
1.331562505003,2.823630139311297
1.332570281142,2.8034097779993785
1.333574758044,2.0147266970090616
1.334298822021,2.8406805980261884
1.335320994387,2.7982438446802163
1.336328581071,2.8313772442099925
1.337347870114,0.9813177888894441
1.337701015918,1.3206971114953852
1.338176053019,0.6461688275880535
1.338408444183,0.8872075466821232
1.338727523691,1.8781368728236134
1.339402722022,2.6890529895416053
1.340369084022,2.6174475142526017
1.341309260932,2.7918029708549277
1.342311697007,2.784524356974905
1.343311814483,2.8238544069327753
1.344327164264,2.8193823483941975
1.34534228743,2.796763871841463
1.346350499292,2.794116267036552
1.347357793757,2.634030534565234
1.348306304025,2.6253542006141712
1.349250997977,2.8210401801757334
1.350266251973,2.8309012651183743
1.351284669833,2.804692738319382
1.352292062414,2.8223234575342167
1.353304421541,2.8545014703609097
1.354327300975,2.799409759959075
1.355329869329,2.799589967127069
1.356333739762,2.8410200179191225
1.357355147016,2.799734145510061
1.358364569849,2.796203247855345
1.359374978256,2.7686382422725546
1.36037642457,2.7785052938835495
1.361381892797,2.404774317026847
1.362253412763,2.691190046434162
1.363231796009,2.753537475596042
1.364236876496,2.7388228769257563
1.365240273099,2.7400732933271943
1.366246635181,2.721110548538845
1.367246674432,2.738813228767848
1.368252786114,2.7492806620649604
1.369261804465,2.663718442123086
1.370238842312,2.6803621510436884
1.371221925325,2.7447273360515507
1.372227231069,2.7383396882766067
1.373228330789,2.74640051284767
1.374230507554,2.77295932700877
1.37524081533,2.745105104650386
1.376241138028,2.7462857540101266
1.377242262262,2.7806826330930714
1.3782552905,2.7512370001618094
1.379256372715,1.8352241617289475
1.379924185121,2.789647954726718
1.380941213268,2.7396395788177537
1.381941685751,2.745201074283151
1.38294556734,2.7797483923264488
1.383964825761,2.6953035668427474
1.384955030378,2.758127533760159
1.385968824144,2.7192751996940814
1.38696924489,2.728985710098363
1.387974234243,2.7980998217297337
1.389004907461,2.7504876002111804
1.3900173213,2.739966074450192
1.391024790753,2.604951592832207
1.391983020941,2.7433824679671837
1.392994257714,2.718830569600353
1.393997359923,2.7099772803149653
1.394997963707,2.571353178488924
1.395948233187,2.740035780062352
1.396961029654,2.714145969124237
1.397963353185,2.53604969416744
1.398898415339,2.729181400476506
1.399903760198,2.7278099228983694
1.400907843347,2.7663417224305116
1.401927618649,2.720475512944033
1.402932844399,2.710854750530346
1.403935404654,2.7165361203279716
1.404940456788,2.727641094952358
1.405951812594,2.693609797981902
1.406953852287,2.6991033259922066
1.407960514725,2.683449271814057
1.408962237446,2.7063270161206083
1.409971209955,2.6964432197287693
1.410974948458,2.7127194935375014
1.41198383337,2.7009749814351323
1.412986655911,2.7138480329175243
1.413992144863,2.707071332348805
1.414995728365,2.6285027845913227
1.415971946863,2.753172826277221
1.416994043275,2.3206950198699325
1.417854565022,2.4611068724939344
1.418766675779,2.7145604170798743
1.419772266856,2.7041543198148066
1.420774409829,2.702868713674255
1.421777228919,2.7109519907582196
1.422782951666,2.5418434213920165
1.423725348033,2.7137554021467283
1.424731467144,2.572644238616082
1.425685514009,1.774061646239804
1.426343572154,2.3232987466031845
1.427205762355,2.618611879624416
1.42817834404,2.7038474337811316
1.429183400987,2.699702955065961
1.43018786422,2.7194511289240433
1.431199926373,2.704489826874096
1.432205963327,2.710718181304191
1.433215764708,2.701643131293636
1.434224188051,2.7065012847073704
1.435234646709,2.7409774843444326
1.436255177465,2.7241771310959995
1.437266800792,2.707026554894687
1.438271127443,2.7135467912453084
1.43927685923,2.7069049664233558
1.440279005992,2.7060126380648923
1.441280219784,2.7211457768099514
1.442288824836,2.7015207473618963
1.443292626184,2.7056463976536635
1.444298021654,2.5861470467432204
1.445259982094,2.6910692408600365
1.446264979867,2.692721903804185
1.447274590962,2.680830561938697
1.448280951714,2.672019807912833
1.449283903876,2.6701595328081362
1.4502858513,2.6952281757339125
1.45129533143,2.6737745307009058
1.452295683662,2.709092309651744
1.453310675329,2.6649318400632698
1.454311421554,2.686275593187661
1.45532344016,2.6508604598722925
1.456324462294,2.6651490518365057
1.457330413128,2.703075711990286
1.458349189433,2.6674209013276613
1.459353359045,2.573441773199644
1.460322209338,2.691740083879549
1.46133672772,2.7188760241990586
1.462362465533,2.6638274153327535
1.463369408182,2.6407773078344077
1.464370502497,2.6545408558965935
1.465378047066,2.6410579781268404
1.466379132108,2.6516477096863387
1.46738167046,2.670901216888224
1.46838983257,2.669825914792358
1.469397986992,2.2397733742348827
1.470244525527,2.6117475427599355
1.471230100414,2.6629886583925555
1.472232079512,2.6627816762607117
1.473234524899,2.651706282922187
1.474235534747,0.6040248837055269
1.474464240401,2.6685951139319974
1.475476662297,2.6287672782256495
1.476478624572,2.6259682989664688
1.477482361096,2.639081850173595
1.478491053985,2.6480542049914595
1.479502205401,2.631304885644852
1.480506803502,2.646858074527528
1.481517576657,2.631340878306322
1.482521387918,2.631309681206642
1.483522614083,2.6381025528769966
1.484524518904,2.6430454952196083
1.485528710817,2.652458177063455
1.486538282637,2.621440558853324
1.487538575524,2.6217716111904807
1.488542334521,2.610840044735236
1.489543225989,2.6229060207177404
1.490546226978,2.636282339846501
1.491552007922,2.5885410560702375
1.492540325458,2.6589381962477563
1.493557354041,2.642053307626604
1.494568444389,2.617466939203208
1.495569046727,2.628987692124728
1.496573658961,2.654191967699335
1.497589397123,2.6161777112709435
1.498592479982,2.3217129382328143
1.499483387696,2.607000577329814
1.50048387618,2.619775304895621
1.501488454311,2.6143938644893363
1.502488955184,2.6395614245004815
1.503496348064,2.6595046442367987
1.504506916492,2.690083013520569
1.505525007776,2.670434352000355
1.506535838747,2.6455363190398353
1.507542429292,2.6368712953718174
1.508551261399,2.615901877056143
1.509556270751,2.6133159251223588
1.510563731315,2.6082014047570974
1.511571563994,2.5972033696301606
1.512576234319,2.6005980059071803
1.513582227642,2.6092665055293613
1.514590239347,2.5942238096626054
1.515591684515,2.5970820057956705
1.516595065771,2.630185932693627
1.517612186942,2.5836253884650344
1.518612529586,2.3662344024769464
1.519530561551,2.5904592302632996
1.520537759849,2.5739633536286504
1.521540001372,1.8157476460983564
1.522247286609,2.5951092049240976
1.523257798686,2.573522511088297
1.524259026571,2.5780106273070587
1.525260446545,2.593786891655047
1.526267109446,2.5974376582556498
1.527275142946,2.5865216016995234
1.52827633098,2.614241368128875
1.529284771539,2.6268440508021795
1.530297811616,2.5973362625317034
1.531302992694,2.5823469070151583
1.532307729071,2.576141581722182
1.533314579177,2.555154649108614
1.534317201939,2.5789286088162897
1.535331380709,2.5868286140973247
1.53634784917,2.5681459154836936
1.537355675846,2.5505278902114026
1.538356730391,2.559773305541722
1.539362386352,2.545612838241615
1.540365180284,2.5359354883991916
1.541366896991,2.5783642071845847
1.542385075949,2.5448104801796307
1.543389852629,2.5463820030913107
1.544395771508,2.5523016059276733
1.54540402576,2.01145777054642
1.546198841521,2.5382082344607415
1.547203141,2.525771657527974
1.54820462379,2.5509541146292785
1.549216361927,2.557958459409545
1.55023119064,2.5479190001245375
1.551244149387,2.5366588928452924
1.55225467634,2.5297619905804085
1.553262078097,2.52907591114467
1.554267391561,2.522330116701976
1.555271138849,2.51393020730987
1.556273186187,2.5291602359879675
1.557279394801,2.5435859097122995
1.558290757619,2.5162457250733854
1.559293899074,2.530341119539513
1.56030579398,2.468571460827581
1.561294472489,2.5143945974219637
1.562300855331,2.5200349025328563
1.563310227481,2.5099114232079156
1.564316707157,2.3409598422504736
1.56525573715,1.873336910006574
1.566006891509,2.523342281847472
1.567017067239,2.517036311819917
1.568023471854,2.5025824997329194
1.569024682972,2.5186407611861537
1.570033312845,2.5305497021145493
1.571048023234,2.4928699365694706
1.572050730198,2.4984898473167045
1.573058610456,2.478816880180328
1.574059534851,2.501025178607579
1.57506687082,2.5014217468664244
1.576071180253,2.5264106319192634
1.577083176651,2.549522332663882
1.57810335423,2.5183826687541093
1.579111485827,2.5130938027730467
1.580117463754,2.5073927940765883
1.581122304021,2.491003243471066
1.582124034923,2.485605774637316
1.583125438699,2.4996035964146435
1.58413177553,2.5001070408824844
1.585138523066,2.4929079667154155
1.586144332694,2.4818187581858893
1.587148305437,2.4840924831235722
1.588154052767,2.4779474557673455
1.589156569341,2.493330092203401
1.590164731619,2.4835530765304825
1.591168347321,2.4855489765984218
1.592171816795,2.50254541259611
1.593182203507,2.486395312406182
1.594185574496,2.50130961296593
1.595192216555,2.493696368888277
1.596192536896,2.5130109531638336
1.597199751524,2.520495257141264
1.5982117464,2.4963533314191797
1.599216208411,2.4863352948071777
1.600218811475,2.4865136021986918
1.601222383058,2.512512895266447
1.602238005443,2.501886003081822
1.60325194278,2.514938245768737
1.604270665104,2.508128414530065
1.605284968353,2.5044754811057524
1.606297785238,2.4959207164422885
1.607307492863,2.486224664323377
1.608312784647,2.478512872373172
1.609316301538,2.481217359660013
1.610325013052,2.4563274760759386
1.611326125618,2.4624571847638936
1.612329869885,2.4728897763534152
1.613338391245,2.475362116155112
1.61434977336,2.4634636654524393
1.615356383268,2.4543959377166447
1.616358380002,2.2149463987053486
1.617261452428,2.4745604808562156
1.61826679427,2.488166186385658
1.619274029631,2.503783739967148
1.62028514407,2.482861544414119
1.621286894713,2.4708003130294087
1.622284924087,2.484308585392306
1.623289207126,2.473992932531757
1.624290001087,2.486150911729386
1.625298066591,2.4951005660143886
1.626310915632,2.4780081654249053
1.627315861044,2.4965591597213255
1.628327981238,2.4676116489061477
1.629328653649,2.486267581296693
1.630337217879,2.474413728453609
1.63134089128,2.3674253652976835
1.632301247369,2.4809129997395902
1.633307279808,2.4937467049229576
1.634317589271,2.470308698392121
1.635317595961,2.4802815294880136
1.636322889103,2.4742154213073895
1.637328478002,2.489801344457847
1.63834208275,2.462235055358938
1.63934477689,2.471615249606344
1.64035018348,2.485726570239922
1.641360358412,2.4756237575110496
1.64236753378,2.474604116811881
1.643374762659,2.4693164570115496
1.644379608936,2.471641381492928
1.645385952532,2.4751382689075263
1.646393525676,2.4753323356004358
1.647400658605,2.4624333014788786
1.648402164421,2.3104282903377262
1.649341559473,2.476077724425653
1.650348752779,2.4698805342610908
1.651353029815,2.4809890843295572
1.652359815153,2.4946333118150084
1.653372411698,2.4739106579214445
1.654379932994,2.453905459813924
1.65538306005,2.4889152210839525
1.656402031291,2.4689509354255956
1.657412781557,2.4723263529610486
1.658424619041,2.455703554180858
1.659428288586,2.472815308724899
1.660436406635,2.4959143733780484
1.661451505961,2.462538086753011
1.662453155221,2.4697324975174575
1.663459034489,2.4573387868448133
1.664461563372,2.4921933619845653
1.665478877863,2.4573568070722165
1.666482213932,0.7382208376766567
1.666783772489,2.453077937318573
1.667786268332,2.477911260787775
1.668798354289,2.4862718296613666
1.6698134578,2.454139838621501
1.670817220161,2.4469113152396558
1.671819947513,2.4622277090741016
1.672828629001,2.4568839936696794
1.673833356612,2.4721258101469004
1.674842815129,2.4967804890209524
1.675863727956,2.447758205558768
1.676865955484,2.4556882817447785
1.677871329725,2.453804078675449
1.678874549292,4.420639200378647
1.680679938336,2.4358622749592467
1.681680761167,2.4392166126596067
1.682685961523,2.4250152947486887
1.683686546681,2.4563438755662026
1.684699535211,2.429109556055674
1.685700731524,2.4272744692777692
1.686702259896,2.422408022093809
1.687702987435,2.430271781299979
1.688707469188,2.4787921899820584
1.689733015714,2.415671705156209
1.690734509332,2.4312939386043424
1.691742688826,2.444788655640823
1.692755312327,2.439259786288404
1.693764788336,2.4270678220543958
1.694767383689,2.453393337264864
1.695778511645,2.4508928294538896
1.696787222397,2.4322109578863897
1.69778798744,2.441344666368004
1.698793327111,2.440839562056735
1.699799738643,2.4574073071306235
1.700815028134,2.425851649631334
1.701820087602,2.4083104815683747
1.702820941779,2.4480550959920757
1.703840428158,2.4215523570801247
1.704850097103,2.411898303027845
1.705856892231,2.405884553122051
1.706860945435,2.4238864407549343
1.707871002655,2.420150321698873
1.708880291902,2.4097885510404407
1.709888256384,2.39723149629684
1.710893820531,2.409358168748411
1.71190654546,2.381684144127313
1.712908837112,2.4019444860885377
1.713920401873,2.4201639978050786
1.714940686668,2.3716374677768925
1.715941181434,2.3716560865666794
1.716942610198,2.3824732570524016
1.717949521893,2.3754560524534045
1.718952409559,2.425482872829719
1.719974115782,2.38042057891456
1.720974821094,2.386812818716396
1.721978153262,2.388736626403975
1.722986188783,2.2308213545471616
1.723930936196,2.377346129115847
1.724938040726,2.446217142141413
1.725973851815,2.368931977425788
1.726977346778,2.374154416995889
1.727983271132,2.372025798712307
1.728987646362,2.366754123076566
1.72998981323,2.3889822239021017
1.731003508093,2.368329253793162
1.732010320935,2.374236618647908
1.733019857345,2.3720265639909837
1.734027829311,2.358559450688131
1.73502967065,2.3847792545307285
1.736042712352,2.363035119158923
1.737046275586,2.3806351212927814
1.738057147859,2.379871740858391
1.739068086169,2.4087203219188065
1.740091387155,2.3714892370087184
1.741099281138,2.3578258503436214
1.742101173565,2.3905974667781216
1.74311504476,2.3830599694386345
1.744124374063,2.3753497229156513
1.745130885391,2.365702483367841
1.746134943992,2.3695273583448104
1.747142945399,2.348106623183642
1.748143897034,2.3503909450927103
1.749147488961,2.354321239484161
1.750153340311,2.3666263033711044
1.751163010717,2.3527327597921746
1.752164841571,2.3720368250515724
1.753173319955,2.3510290117419195
1.754173541086,2.343838718741678
1.755173914151,2.3586048408271196
1.756184161985,2.3296625891785845
1.757184630298,2.34298749996022
1.758191265948,2.3351060279601032
1.759193234012,2.345254851772961
1.760199361749,2.329962852020011
1.76120157752,2.322070798814544
1.762204563878,2.3176187210546035
1.763208418756,2.3117329034849856
1.764209919623,2.3479161949790672
1.765224125396,2.3530147535010304
1.766238445549,2.3464063053441038
1.767252526755,2.3503701172502254
1.768271249535,2.319444634426044
1.769277299482,2.3184986134171157
1.770282644658,2.322369574603316
1.771288136961,2.3261965933505575
1.772292408216,2.3328421799498607
1.773297776329,2.3648367566910173
1.774317411079,2.3711666258974105
1.775340082627,2.317154185977204
1.77634028231,2.326734914162843
1.777346947045,2.090759177798494
1.778251834304,2.3347162310781355
1.779260650811,2.337047626274574
1.78026816387,2.3271729134188934
1.781269509858,2.3446879886544756
1.782277185911,2.328668875668909
1.783277461782,2.333030500933901
1.784279685199,2.3686651786746866
1.78529680376,2.360348802331081
1.786308676121,2.339434055598669
1.787309850342,2.3567514703180072
1.788319182291,2.3370468481566036
1.789323757798,2.3306133109634923
1.790328564893,2.32661846935755
1.791332162299,2.372299989595424
1.792355743792,2.317464331524165
1.793357622546,2.3768736879192582
1.794387699561,2.326531139600272
1.795397774999,2.318217052320061
1.796405507262,2.32990190187533
1.797419187178,2.3408045454765767
1.798437445443,2.303312023187106
1.799438217378,2.3040492069635863
1.800438648095,2.3281140164773038
1.801449350423,2.330793398653655
1.802460871647,2.323192637687926
1.803468328329,2.3184412739792757
1.804472783961,2.3166984661052443
1.805476753906,2.314664573778197
1.806482894181,2.2935679258168973
1.807484757241,2.3068253644218077
1.808494788691,2.2872556179049983
1.809495124471,2.3241862168185765
1.810509267641,2.3016298246716564
1.811511899625,2.3272568937173483
1.812526592899,2.3055711141766637
1.813532736873,2.320954700713618
1.814545868144,2.308392569705654
1.815555480315,2.3038931432755447
1.816566487585,2.298733567575954
1.817575818358,2.3168284799778087
1.818591980417,2.3297480985466446
1.819614351123,2.277985576912923
1.820616044826,2.29456315113726
1.821625957754,1.4276529945768714
1.822253878116,1.1807789579168637
1.822773115448,1.1201744230310489
1.823265475093,1.7035396050420668
1.824014828582,1.5627922725505776
1.824702892652,1.9601169076770142
1.825567314918,2.278601016635894
1.826573134663,1.9969921875699264
1.827456654564,1.9316743549617832
1.828313440309,1.8315576878671043
1.829127422211,2.009704241122099
1.830021824737,2.235991119414623
1.831017797616,1.9799881285811
1.831899838376,2.2466849518708347
1.832899317793,2.0917618170680186
1.833827669648,1.8010806403625068
1.83462505291,2.267285627161218
1.835626920653,2.2774747440834306
1.836631478815,1.9146996814269581
1.837474504,2.276264536145451
1.838476406497,2.2712343875835823
1.839476726312,2.1217616593122615
1.840411566398,1.9923774758130373
1.841289012699,1.892514911895977
1.842122732146,2.056319023278449
1.843029983438,2.262704382074923
1.844030289486,2.264706125451726
1.845033783848,2.274836322978097
1.846044169054,2.2631955464810587
1.847048691098,2.194414240421556
1.848020512392,2.2586890036870835
1.849020652886,2.0086046911531823
1.849910958288,2.1374852888511198
1.85085897044,1.905148201679019
1.85170515083,2.0639638097077477
1.852623736668,2.168221557321351
1.853589748083,1.9275644432291483
1.854448181443,2.030327486908697
1.855349837088,2.2812628967001394
1.856358995735,2.1897845766182846
1.857326444749,2.0109285619911454
1.858216439136,2.147886872487626
1.859169526952,2.2845497101437764
1.860186355164,2.238950952844015
1.861186405154,0.20825576372939383
1.861279652931,2.2342633634105598
1.862280761583,2.2456191513952124
1.863287693575,2.2515759181095483
1.864297068141,2.2390096476409753
1.865299876487,2.2751840789603888
1.866315672798,2.255885016916875
1.867319256721,2.25448114307253
1.868320242701,2.154756224729898
1.869276549411,2.1788710830784783
1.870243417741,2.268290789583075
1.871248756929,2.140690328067433
1.872196914818,2.1631593188870957
1.873155965718,2.2572404748890094
1.874158811687,2.2550428115749566
1.875162871688,2.2640346234706343
1.876172657031,2.1090238071912957
1.877114060887,2.174724774349268
1.878084678246,2.2482564545339843
1.87908818409,2.2625747218856147
1.880099005843,2.290379776283807
1.881123891883,2.231440859680749
1.882125004923,2.005708673501163
1.883026650171,2.2301943159543214
1.884029842202,1.9527220037405657
1.884908257964,2.228968279796222
1.88591002709,2.2667632040585906
1.886926371593,2.259407473787115
1.887938829435,2.2279112246755965
1.888938904745,2.134813338803706
1.889898506761,2.2405642332577718
1.890904438372,2.237773781009004
1.891905677054,2.247049108679459
1.892909503674,2.2351833293542556
1.893909822091,2.042602308120787
1.89482655904,2.23201675431516
1.895829685877,2.0023920039328265
1.896729351245,1.9536464764444823
1.897607586192,2.2282231912551205
1.898609944021,2.2391097581108497
1.899618303965,2.226362398956299
1.900620658298,1.4630385221456121
1.901279475872,2.074596619761828
1.902215707967,2.2164256154363566
1.903220251207,2.231775211756903
1.904234428735,2.0825655957820457
1.905180686368,1.9387447418788666
1.906060166619,2.2226199733400906
1.907066786597,2.000802914609878
1.907972974337,2.0213746251636335
1.908889650897,2.211425294064315
1.909894185614,1.9249231233982707
1.910768819948,2.054319516220584
1.911701671484,2.224177219400424
1.912710306432,2.2166887341809702
1.913713761768,2.220206801976062
1.914716462719,2.21708081012253
1.915716873812,2.062640698663014
1.916649674869,2.2226534220615095
1.917656304987,1.9185592695478926
1.918523390531,1.8696651355422054
1.919366935676,2.195240380046235
1.92035948002,2.1674084442645403
1.921343925944,2.2074402005521994
1.92235009858,2.221754044538294
1.923363985486,2.183394092475504
1.9243609077,2.207986788752955
1.925369858871,2.2048518052640635
1.926377506337,2.0626181582964627
1.927319985468,1.9396188898961988
1.928207758289,2.185208039655621
1.929209262342,2.19997750722743
1.93021726904,2.2059723558242936
1.931228200867,2.1943380530737833
1.932235713891,2.1964491547278957
1.933246272771,2.186685391119096
1.934253451849,2.178755463493157
1.935258332259,2.175089699671975
1.936263028285,1.9906063203775366
1.937183455435,2.1632231061611193
1.938185482075,1.8261664229503605
1.939032643872,2.0674331317200743
1.939990388404,2.142460321333628
1.940978490519,2.001519127244428
1.941899449642,1.992424581232994
1.942816470137,2.1292743015388362
1.943797061143,2.1766087013357955
1.944800844909,1.8691760475968395
1.945664652591,0.40646812706999463
1.945852713544,2.184234173009874
1.94686359859,1.9974738678367756
1.947788469196,2.1762976128633613
1.948798344586,2.0863086428892257
1.949769990058,1.951795574628437
1.950680892474,1.948392783417913
1.951589669461,2.1130184001120615
1.952576092598,1.9736977803269224
1.953497957669,2.1538225620347466
1.954502727108,2.160218017282512
1.955508291015,2.1788078284543113
1.956519651402,2.1698128846821496
1.957526840369,2.152152716986695
1.95852903905,2.1538641202412707
1.959533535417,2.1708559267077305
1.960543690347,2.163217254204366
1.961547135861,2.0868945047410508
1.962515544913,2.149681390177258
1.963516175391,1.9457995522901501
1.964423600428,2.004125047408764
1.965359076344,2.143196969262713
1.966361348458,2.0790012931942377
1.967335305427,1.9061655675704723
1.968227457816,2.1413492938078154
1.969227514342,2.1440942692675695
1.970228777506,2.1191168303469046
1.971218211509,2.1192664511674466
1.972204059507,2.109281642018684
1.973181968405,2.0483880966559007
1.974130951706,2.0457615753182505
1.975080164866,1.968873729236762
1.975996185512,2.110625559962949
1.976978025579,2.173393019332407
1.977986091183,2.1638831789593787
1.978988092037,2.1736971182374027
1.979996040636,2.175812289621386
1.9810068371,2.1571177357963203
1.982009102674,2.1711723526782825
1.983017026246,2.0268037174418896
1.983956365254,2.178978275119599
1.984964627207,2.027423930444697
1.985903162231,2.113663173986102
1.986883786464,2.161239710426036
1.987889574017,2.144422644895496
1.988890117478,1.8656447300676404
1.989761476829,1.8533247386959926
1.990628071876,1.6703678688000467
1.991410718765,1.9786170940371006
1.992340890565,0.20247590690744677
1.992436190949,2.1341564502440065
1.993440292687,2.152118539030251
1.994450459031,2.149071965070942
1.995456141084,1.5933357227933609
1.996199850947,2.146380527074222
1.997200771677,2.011701043411923
1.998140855347,1.937591187536403
1.999048317863,2.156482816394476
2.000060825925,2.004809523096496
2.001003724036,2.081438605492847
2.001983833354,2.0569624925883705
2.002954892231,2.0296803673507204
2.003914576534,2.124558494567391
2.004918385253,2.129161916624173
2.005922181097,1.8180349876367374
2.00677711884,2.0059192031174122
2.007718571607,2.0389532877790035
2.008676045796,2.0975714388280595
2.009665278717,1.908967801073988
2.010569862881,2.034169019775555
2.011535310819,1.8631343964191347
2.012418361229,1.7508623446040814
2.01324707081,2.0265901385969243
2.014207510348,1.7869366785455947
2.015054803154,2.1230905980580714
2.016061148733,2.0899411706065707
2.017051557511,2.112573526082241
2.0180521977,2.0139659175314026
2.019005215261,2.1273027667915567
2.020010448594,1.6967461427659611
2.020811980827,2.0639584617276245
2.021787583258,2.1342382284813937
2.022796173369,2.1278937605103554
2.023801020606,2.123176658803004
2.024805058798,2.1196707834625994
2.025808785341,2.1390426214895983
2.026821883677,2.1112428064374558
2.027823088009,2.1135439402341047
2.02882835901,1.6893628091361075
2.029633129199,1.8605771195975174
2.030518259462,2.1130407859209637
2.031519497851,1.8445685342323583
2.032391740601,2.020386104219194
2.033347159405,2.1201760067274824
2.034351032539,2.1270353546942493
2.035362580991,2.096006078757594
2.0363649122,0.4831488348392467
2.036596200793,2.0955368429405024
2.037599405374,2.0133902025504673
2.038563445263,2.1083427908026025
2.039574994213,2.0844273430503826
2.04057717428,2.103045736573141
2.041589945291,1.9264922714322008
2.042517517384,2.090458908648597
2.043521842995,1.9967129471850658
2.04447964783,2.118277241690246
2.045493127026,2.1113378209182265
2.04649891785,2.112079716326023
2.04750144623,2.1147368355851186
2.048503668972,1.731126107922132
2.049324493097,1.9687677892089879
2.050260551066,2.029114297588481
2.051229956018,1.9487950843520123
2.052164667244,2.085493759267217
2.05316793336,2.096417660681751
2.054180705136,1.962422578140577
2.055132119417,1.9627123673181281
2.056083634408,2.099307571462484
2.057098345748,2.0884965033699534
2.058104440859,2.0928679353857023
2.059110879134,2.04475021281101
2.060094407579,2.0838117357601433
2.061097539558,2.0761384391575985
2.062098361729,2.094083392323524
2.063110877496,2.1062805947554883
2.064131577967,2.0874922437717136
2.065142701106,2.083430133917632
2.066150202879,1.9844304166259636
2.067108417378,2.031945835575994
2.068088268778,1.903610083862256
2.069005163355,1.9085523071814716
2.069923891266,2.057014449473538
2.070914357794,2.0770109694567362
2.071914971693,2.0809159182687793
2.072918112784,2.0798619280051116
2.073922310311,0.9086354305577332
2.074361255848,2.014559428622051
2.075333768573,2.083974175066539
2.076339709545,2.0731344311090147
2.077340829573,1.9364062073024848
2.078276595106,2.0873079930966503
2.079286468705,2.0831709097399527
2.080293703864,1.9522125949667346
2.081234645275,2.0927490483763
2.082240900495,2.098814186258489
2.083250719753,2.0944001081780557
2.084260933537,2.1026205644754716
2.085277805172,2.1041440338423207
2.0862976457,2.064872581961723
2.087301551058,2.0668659985254845
2.088307613576,2.076176500801211
2.089317686385,2.0548985222026666
2.09031829479,2.086710136172072
2.09133270838,2.078680016044803
2.092340885307,2.075368037783879
2.093348100865,2.0607210448464945
2.094349156069,2.087919551310137
2.095362544214,2.0795447892989585
2.096370223318,2.068026467309203
2.097371570276,2.0735329113215704
2.098376764581,1.4598364818232876
2.099087465186,1.8365971523230185
2.099984007491,2.0896979862254175
2.101005671045,2.0465023842741834
2.102006276073,1.7929181704883603
2.102882027647,2.0715504585792117
2.103892024777,2.013983056560483
2.104872529685,1.8308653246663549
2.105763462855,1.949328101756751
2.106711872048,2.095975941062255
2.107732228053,2.0618512723828246
2.108736185733,2.073149801647231
2.109745089831,2.0627479922743026
2.110752009786,2.0537935061057255
2.111760659621,2.0581918840483913
2.112775900981,2.038148746587399
2.113783568215,2.029239116908996
2.114788240639,1.8757367754356824
2.11571620639,1.8344970043004025
2.116621968871,2.0373027301084257
2.117627074611,2.0310741172780404
2.118629436722,2.0269954495048017
2.119629966007,1.129797776322013
2.120187786084,2.0281316718700877
2.121188329136,2.039837622916532
2.122193546089,2.0348282036839223
2.123196102545,2.0313060755034247
2.124197406402,2.026770882750144
2.125197592404,2.0253497558864195
2.126198070528,1.9464860789729392
2.127160633017,2.0364015157704545
2.128169723177,2.0195832236735964
2.129172145708,2.0188496426045637
2.130175712793,1.8817328177458306
2.131113302717,2.0070754677824993
2.132116439847,1.9970292772646103
2.133119291007,1.9245304536770134
2.134089223971,1.987466314991342
2.135090445781,1.9937074805008563
2.136092671749,1.9791685963697045
2.137085507987,1.8990491779817686
2.13803479555,1.9220547971811457
2.138991641634,1.9850590135316184
2.139977642003,2.0212207007526537
2.140981851504,2.0132859946735326
2.141982972319,2.0225675674417944
2.142988320847,1.6467217824435887
2.143806403994,2.032898745274862
2.144817670923,2.024005321374115
2.145827997942,2.0254821930946356
2.146840789246,2.006003357570468
2.147841363697,1.973175750310089
2.148821093141,2.0198922343731467
2.149821715579,1.8891266760638352
2.150759418898,2.0415646237079708
2.151776344366,2.018301614230994
2.152784861814,1.7201764413325973
2.153645661015,1.9615928078851357
2.154626487806,2.0146107725119213
2.155630092205,2.0211910047296104
2.156633488863,2.034347973153913
2.157643516756,2.0266206595603746
2.158649849588,2.0225091821549923
2.159654032899,2.0227921723736517
2.160658943506,2.0179950202519645
2.161663069845,1.9869649292571607
2.162655423356,1.9327900435125656
2.163624009568,2.004148292666046
2.164627754321,2.000882014735082
2.165629439032,1.8445026066401495
2.166555245906,0.392710065272081
2.166752543287,1.9793163534748774
2.167746659832,2.0025697816782912
2.168751760608,2.008783561948524
2.169760893553,1.9876129983661854
2.170761394087,1.9850303231296118
2.171763994348,1.9885903266033023
2.172769916182,1.992714620725737
2.173776971474,1.9876830743380818
2.174780185526,2.014567232405645
2.175796436269,2.0130497951270643
2.176812800192,1.9768595269066018
2.177813073608,1.8381506957510216
2.17874664474,1.8690565500057459
2.179699294164,1.8697726229103229
2.180654797389,1.9757732816579592
2.181666261532,1.9653658383199004
2.182672793903,1.9567910930465384
2.183673757971,1.9645044254500412
2.184677349848,1.9698764603064063
2.185682522257,1.7608518449137782
2.186579457281,1.3687071266736162
2.187275873056,1.9694817509282903
2.188277523958,1.983639708341105
2.189286811689,1.9797064738034449
2.19029606039,1.9806120633043127
2.191310141575,1.9741519795440445
2.192325382068,1.9491862318136255
2.193329102912,1.8355314611663212
2.194271132232,1.9668299429820675
2.195278087334,1.9642754896240313
2.196283362215,1.9616301927930084
2.197288763182,1.9465127109592035
2.198290056026,1.7462560867792312
2.199191645509,1.9327567376412762
2.200190661456,1.9529093715263575
2.201199193785,1.949244944394675
2.20220462129,1.9530284401330784
2.203210124385,1.9500819390905695
2.204212743455,1.8602369740076474
2.205170716948,1.9494776756115726
2.206177399907,1.8947275302416564
2.207157993626,1.9511423359299884
2.208167032905,1.9694731010578483
2.209182282009,1.9594388092933694
2.210190092019,1.9501011470069072
2.211191626771,1.888379272554095
2.212161266251,1.9497570043209291
2.213163634765,0.628090335233487
2.213486719765,1.9569485765262755
2.214493933823,1.9563126356978937
2.215501098781,1.9447510811683908
2.216501328758,1.9637475053608673
2.217509177273,1.949892257069802
2.21851000904,1.958733422419693
2.219518140771,1.951576718015083
2.220523458302,1.8721409261332793
2.221488588688,1.9436078085004178
2.222491194834,1.9396579663754299
2.223491337426,1.956298846657946
2.224498996635,1.9636112455667998
2.225508839683,1.959881060741103
2.226515050261,1.9554491824250069
2.227519281369,1.8784338265765825
2.228486687306,1.8337534165727467
2.229434862641,1.9318274329713023
2.230437830853,1.8843794457808196
2.23141776055,1.8640261534326512
2.232386526886,1.956482691467785
2.233403396766,1.9405120686270743
2.234413142362,1.9290749938614349
2.235417671898,1.942184823669499
2.236428069389,1.9285357440487376
2.237429862559,1.9360048399537417
2.238434761901,1.9334540993798826
2.239436623491,1.9458723049466795
2.240443613779,1.9361552206077204
2.241446358845,1.9645830081446296
2.242465706131,1.9350457137522175
2.243471034395,1.9359704026271414
2.244477810564,1.9265452024073904
2.245480976492,1.9393525325413763
2.246491444297,1.9151425273852358
2.247490171482,1.7942066231691085
2.248426832467,1.8014617398695187
2.249367848871,1.9158621299994116
2.250368001129,1.8552011912048558
2.251335113742,1.878862631645907
2.252315441598,1.916380253139759
2.253318708002,1.925618164909946
2.254329343891,1.9089721211483313
2.255331497286,1.7776636804094077
2.256264269571,1.780194784985764
2.257197509203,1.9390706141423681
2.258213629275,1.9250925552817737
2.259223506589,1.0673158534768672
2.259783672759,1.8502505584844713
2.260754993573,1.92248945525934
2.261764185173,1.918146330912473
2.262771291334,1.932326328624551
2.263785828575,1.9366446550404686
2.264801213597,1.9234853355756831
2.265810660088,1.8270897740622383
2.266772778602,1.9039148712481093
2.267777468,1.912160174310721
2.268785750157,1.9046511207106587
2.269789274549,1.905944329200692
2.270793373998,1.9164643733348814
2.271804267494,1.894903274139609
2.272806943536,1.9024195755894104
2.273817030489,1.8991509010817604
2.27482724841,1.8925980073022164
2.275834859306,1.8920378749066653
2.276841154117,1.9103695575179376
2.277854706557,1.8960807621244946
2.278862070383,1.8938627927462919
2.279870852695,1.8912382963727077
2.280878727572,1.8796923358924504
2.281879674197,1.9106046430781243
2.282896363334,1.8961126290525847
2.283905556759,1.88163668300335
2.284907957893,1.8925883818244889
2.285918881685,1.8749486720668986
2.286923114572,1.86811458422854
2.287924475264,1.8745309327643245
2.288930205693,1.8859952992095936
2.28994149314,1.8490830768291968
2.290932820176,1.8704070779914752
2.291936827649,1.8227525387139236
2.29291526292,1.8836344697786038
2.293924460887,1.8841578950904916
2.294933170229,1.8714597626356486
2.295935988406,1.870301639749694
2.296939160162,1.8710031556419635
2.297941862554,1.8717711419182521
2.298942967003,1.881796066454634
2.299950946305,1.870155222553026
2.300955984931,0.3236092904972215
2.301130157288,1.8466362453149596
2.302124757077,1.884677032049383
2.303140497436,1.8588950995062727
2.304140783144,1.8739804086456997
2.305147935566,1.8826625736999236
2.306160373701,1.8631832838357805
2.307162570499,1.8743395924543567
2.308169542106,1.8817881291114091
2.309180021771,1.8725884294767943
2.310186970613,1.8583370736724
2.311188245451,1.8556735755984337
2.312189114018,1.8746476452790826
2.313200725023,1.8774160334723413
2.314213902556,1.8674247658899485
2.315221651001,1.87539615137578
2.316234907331,1.7792083397920326
2.317197831446,1.8603056049442834
2.318204856495,1.8591785857276093
2.319210033905,1.7462591704758437
2.320153406163,1.8536910974369925
2.321153990654,1.8644766567279625
2.322158712891,1.8599107566345607
2.323159955773,1.873532821345549
2.324167815621,1.8912739979374709
2.325182999005,1.877658722390809
2.326188717584,1.8804827748281117
2.327195803268,1.8730960840876199
2.32820054954,1.8625006687895012
2.329201015562,1.8762882213425434
2.330209760889,1.7264695734200552
2.331139238655,1.8576739891702008
2.332141351875,1.8933760992664672
2.333164172495,1.8559730590408858
2.334169103557,1.7579323560420357
2.335123857261,1.8449067374638786
2.336127817685,1.8608895231053861
2.337141305085,1.8508073444740798
2.338148171626,1.6619296610911476
2.339049611469,1.8450677582665647
2.340049831082,1.838049478273019
2.341049953371,1.842335112002296
2.342056008392,1.8334500084640593
2.343059832167,1.8348151506189248
2.344066637066,1.8400708407601651
2.345077394675,1.762716028936321
2.346045581968,1.8786127442590819
2.347077336103,1.8413141883185324
2.348089777687,1.825769910988439
2.349093859466,1.842035369925613
2.350105550564,1.8291237907683546
2.351108314988,1.8490961991452675
2.352119926523,1.8461424451528559
2.353128033607,1.8495623766408713
2.354137938104,1.8390846386681474
2.355141127137,1.8469330484296422
2.356147118606,1.8455087941739114
2.357152204679,1.8213386796828819
2.358144589998,1.8456176301793927
2.359151518,1.846407889999822
2.360158984851,1.840945082725269
2.361162633991,1.836538803696056
2.362164283841,1.6597588820021765
2.3630702068,1.8487168215986998
2.364078401725,1.8547448526987032
2.365090077508,1.8409475185172595
2.36609710975,1.8376237755448634
2.367105337105,1.8575716908205007
2.368125905281,1.7675755095974093
2.369096843969,1.8270787016078613
2.3701008229,1.8296440976484682
2.371107726586,1.8374612402402963
2.372120122287,1.830595544268127
2.37312990592,1.8315138529901904
2.374139672916,1.8458788918237026
2.375154187199,1.833110441003175
2.376159902808,1.8311942129500676
2.377166531516,1.6462962891105815
2.378075235333,1.806290806222494
2.379076989545,1.8154941786143255
2.38008630592,1.8021423200722428
2.381088113541,1.8052700591748794
2.382091483048,1.8032780362721608
2.383094960286,1.8164814378001146
2.384106000704,1.8185038369074153
2.385116478477,1.8273309849211967
2.386128428561,1.8250901709183882
2.387134921403,1.8410445317243405
2.388147597757,1.831241585054446
2.389153696602,1.8315368345272214
2.390160829189,1.8324849850669496
2.391171768213,1.8259606777545083
2.392180541454,1.8130548074355328
2.39318227468,1.8116485880855204
2.394183264054,1.3269954904298207
2.394916883334,1.815689724087803
2.395921762868,1.8107697161348812
2.396925298597,1.8092410960324425
2.397929631545,1.7960267572288569
2.398930132395,1.8009541667172346
2.399938778492,1.7954399108216883
2.400950136979,1.776355206028396
2.401954818833,1.7892800143810148
2.402966660043,1.7935124379131397
2.403976502392,1.791588766249365
2.40497979381,1.8122048440580756
2.405990794023,1.8015113041558075
2.406994998238,1.800851066310076
2.407999923052,1.797590341904544
2.409002350329,1.8038909274078805
2.410005055066,1.8286437263777595
2.411018297417,1.805476174156921
2.412018733128,1.8090403017953731
2.413025924202,1.8046121516567442
2.414036127952,1.7953175801549883
2.415042855815,1.7833937248106395
2.416042867398,1.7900132103101147
2.417048908391,1.781580271432766
2.418053725078,1.7784082667882597
2.419058343758,1.787922321144184
2.420068123143,1.7850145668067166
2.42107502334,1.725227066990651
2.422046911984,1.8009094207819671
2.423061059773,1.7953160678195035
2.424071836477,1.265644847388981
2.424784390668,1.2755235655283608
2.425503516929,1.3829203420638132
2.426284498605,1.783154975705544
2.427293039574,1.7898237317854446
2.428306424503,1.5935137970492643
2.429207828642,1.5232114595945787
2.430068900878,1.5954873368551221
2.430971970274,1.6144235230570316
2.431888184975,1.4785664469263216
2.432728862017,1.6858542061953707
2.433687143643,1.5644512954691165
2.434574269219,1.661279913734165
2.435513924754,1.5601825902707325
2.436396766214,1.5565371188757056
2.437278886983,1.4768619850006277
2.438117409981,1.5988473677345756
2.439026577972,1.7507266458303048
2.440023074168,1.5605729404311486
2.440911810641,1.7714185041353747
2.441921511651,1.6665727043618959
2.442872693435,1.4822405268308203
2.443719636979,1.491561339885381
2.444572243899,1.4413154439535147
2.445396354856,1.7506670978459309
2.446396757122,1.693721082548805
2.447363556949,1.5017182332093268
2.448220020949,1.701909290194671
2.449190382419,1.419523714417704
2.450000226196,1.5400776066093442
2.450879462172,1.5466358169977057
2.451762417729,1.4516104232728015
2.4525912742,1.3475476877274124
2.453363078546,1.5148543312116327
2.454232941908,1.3728369429532938
2.455023664329,1.4240185160569208
2.455845141047,1.7150511364626173
2.456833700046,1.5563322071260133
2.457727839739,1.4760145427721112
2.458573549453,1.3968423138537591
2.459372993094,1.7131501235506892
2.460353671402,1.4846092348574975
2.461203441226,1.4642268935042544
2.462040439402,0.7621365388169853
2.46247451137,1.4380055253630268
2.463293260315,1.4747148073987346
2.464132969157,1.6409588661134242
2.465070266803,1.4845251731622022
2.465920167427,1.5095431317127248
2.466785250483,1.5152550801564715
2.467654608392,1.4427909438326172
2.468482384168,1.443519049056007
2.469308870276,1.4628395184811216
2.470144817391,1.5656455011833719
2.471039730443,1.5745576550208678
2.471942918051,1.6157733752841705
2.472875018793,1.4524269215391474
2.473717401141,1.2634113806556144
2.474453872657,1.4658951900748418
2.475312063867,1.698516223910487
2.476309701405,1.3806354240329604
2.477121730458,1.4251590911959044
2.477959909989,1.708105123973363
2.478963011262,1.3013885820349536
2.479725335013,1.494035269923194
2.480598073938,1.7201521162507771
2.481602144215,1.4082859068426923
2.482423779689,1.2803370209460365
2.483170608394,1.5006602858228373
2.484046078668,1.6493595693107146
2.485008322525,1.3453046037687195
2.485792336833,1.346965739609793
2.48657496486,1.2717387850349962
2.487311396638,1.4730610050342001
2.488162699765,1.6011151298315294
2.489087850746,1.4981840092233683
2.489955657372,1.543904205496777
2.490852586657,1.4863408587154012
2.491717422425,1.5524743684669255
2.492621727117,1.4404143514147565
2.49346253574,1.4439719192822922
2.494306221243,1.089077951679921
2.494942335707,1.622121246769225
2.495886288953,1.5437047786657787
2.496782426929,1.4569963865048035
2.497627846208,1.7048151699939067
2.498617413213,1.675287847449274
2.499590150293,1.4471214559957437
2.500429650686,1.3648234499818894
2.501220045612,1.6330455326061188
2.502164389028,1.6273978478499094
2.503104743312,1.5120481260622056
2.503978499662,1.5814648607294426
2.504892766822,1.5214715616374588
2.505770455873,1.3063420629068478
2.506523707607,1.320416060814285
2.507286302023,1.4714993781497427
2.508138498676,1.5760746083764177
2.509054165654,1.462529090229157
2.509905682066,1.4505982144328948
2.510753324283,1.4300253981816717
2.511591293728,1.3108075283547045
2.512360618506,1.7225218490598833
2.513373215955,1.7002913387790695
2.514374456608,1.3626850252357472
2.515177805626,1.488212020581241
2.516055906255,1.616246415941994
2.517009506874,1.4301045788897686
2.517852688579,1.5727113802078108
2.51877935189,1.3836048768369664
2.519593611619,1.34873793033911
2.520386669132,1.4577532871815404
2.521243704236,1.3454708455512494
2.522035437832,1.398639643638352
2.522860669744,1.5994463049576695
2.523806457534,1.5834189367487392
2.524742807587,1.365510061858569
2.525549954157,1.4046284350041456
2.526379948133,1.265092737345441
2.527127437387,1.4296890193768768
2.527972616861,1.4098702269265555
2.528807668733,1.3600721592189846
2.529613153751,1.4870083246082046
2.530493186724,1.2639962173534616
2.531240730202,1.4414582477087092
2.532092924266,1.2240614177319704
2.532816840969,1.3004479644768747
2.533585289557,1.5885903459100696
2.534522113451,1.497997690268323
2.535404021394,1.4798804228776823
2.536275160649,1.4813093635936596
2.537148764713,1.476512440906726
2.538022682368,1.436144383795024
2.538876132247,1.420063203466681
2.539722110071,1.5215310322133118
2.540627767187,1.3728585300659273
2.541443851619,1.3610130892665584
2.54225229241,1.4280539584259047
2.543100406171,1.4372502666864304
2.543954274467,1.3086687626017217
2.544733565262,1.3712594000009306
2.545550752325,1.6891094259818777
2.546556224823,1.6226283386806384
2.547518399275,1.442787157377229
2.548371057668,1.4613649654811505
2.549235148693,1.521016054044469
2.550138224531,1.6097563914864486
2.551099307437,1.5354454417003134
2.552019286953,1.440740018647144
2.552884343305,1.3630541812649273
2.553704877599,1.4895404969433703
2.554603137947,1.3533486149996596
2.555419592824,1.4637808887853994
2.556301906748,1.388984540665126
2.557137572923,1.4467961027404936
2.558006196062,1.4413727450159464
2.558870499932,0.9962653883289845
2.559469379654,1.4379320189795348
2.560335981554,1.3364423026058259
2.561143243281,1.4891168523598073
2.562042922564,1.4234102588998314
2.562901495256,1.43309180180937
2.56376451711,1.2415358188299856
2.564512347214,1.2690158639266755
2.565277571996,1.3884677791784936
2.56611603542,1.2871609114142772
2.566894305014,1.3368995988216117
2.567702024111,1.374521593176665
2.568531573862,1.2533701404626247
2.569287338474,1.4754617336781615
2.570176513991,1.514871489729571
2.571089332099,1.5528777736158084
2.572025647204,1.5625562205631678
2.572968374995,1.3602372598780086
2.573789442078,1.372183225354025
2.574617866235,1.318048160787303
2.575413002404,1.5904329616743713
2.576371535593,1.6585961985944033
2.577370785394,1.4612663318301484
2.578251584657,1.4957905059873053
2.579153631227,1.4503986319319888
2.58002820873,1.5103592514035524
2.580938192402,1.6696782848135032
2.581944732081,1.6271876492992905
2.582927026412,1.4440914200464887
2.583798174815,1.2888878282497516
2.584574016345,1.4921194527685127
2.585471561259,1.351743738397994
2.586285232487,1.2215441158680629
2.587021871961,1.4183059310038544
2.587881276905,1.4981387515142426
2.588793774636,1.43453080620798
2.58966824467,1.4326831365612973
2.590541597712,1.461664627238706
2.591432500731,1.3900331235119943
2.592279340521,1.2625168339100798
2.59304790642,1.4028439778769066
2.593901056529,0.9472933653956195
2.594477192874,1.647480409635984
2.595479166554,1.4775616443482962
2.596377598382,1.53189730451512
2.597309551182,1.6514991530571654
2.598315308634,1.5415666390239677
2.599254106881,1.3145714520784393
2.600054514879,1.4074033644150534
2.600912153582,1.3245067947455178
2.601720954741,1.4189812288277648
2.602588501359,1.263275420335047
2.603361723409,1.5466953775752634
2.604309628447,1.3698002348057086
2.605149827808,1.3440875361309557
2.605973922223,1.3970416049092933
2.606830310745,1.6007082585219345
2.607811166695,1.6578206563491265
2.608825648201,1.595630837056912
2.609801748695,1.3507819863181867
2.610629464162,1.3697985439349427
2.61147139536,1.4626477659171644
2.612372460774,1.5014181457897675
2.613298309805,1.4815968756657931
2.614212005319,1.4422595616395086
2.615101247388,1.5123174568809719
2.616034334806,1.596479146080588
2.617021369298,1.4998847897938046
2.617949271321,1.4180548677955904
2.618824730357,1.24931843798273
2.619594381221,1.4677714125847856
2.62049717303,1.4922474749205492
2.621414737325,1.5830449107368803
2.622389245038,1.5856537583714867
2.623367028869,1.4116836034053521
2.624238273813,1.3341626156985225
2.625062412393,1.398528721246329
2.625927291721,1.3530834370692375
2.626764630009,1.430256571415014
2.627648570132,1.4851927186963236
2.628567399637,1.5237142244771154
2.629512530758,1.1899211729259858
2.63025172845,1.4386042162654915
2.631145143218,1.5253175966889063
2.632090576318,1.3994304514266898
2.63295705964,1.444050413506844
2.633852332508,1.318109480922252
2.634671663701,1.5460456618901333
2.635635422778,1.3510264710880913
2.636479261745,1.5784066069860974
2.637466596215,1.6063108469477823
2.638472638867,1.5514504868723764
2.639446272595,1.3505969221340022
2.640294715418,1.318498689778304
2.641122088906,1.2888371473693832
2.641929944613,1.5051687174706943
2.642872076339,1.3711460187558593
2.643728797289,1.3491546803547951
2.644571028,1.3399151773377511
2.645409082494,1.531152082696786
2.646367556976,1.4468056077604778
2.647272472283,1.4154069262091153
2.648156709672,1.4840352267942023
2.649083534281,1.5160045565511255
2.65003070152,1.5612616535615245
2.651006611178,1.343210348194441
2.651846683256,1.461081982802412
2.652760957713,1.5037900270290723
2.653703239153,1.43183485711826
2.654602162928,1.4556175381286047
2.655517062225,1.3242977049481246
2.656348444391,1.3962983025399005
2.657222429678,1.5591168271007902
2.658196346179,1.4473736551419534
2.659100512917,1.462012312769604
2.660014308052,1.4823740544156239
2.660941104948,1.6086523609128804
2.661948241026,1.4393678926386078
2.662850983419,1.2826550627969129
2.663656390307,1.1361656336623926
2.664370842251,1.382077845918937
2.665240474776,1.4997550107200632
2.666184536656,1.3621726400932013
2.667043026312,1.396045920084968
2.667924782581,1.4603284824925284
2.668849360896,1.2869932049939612
2.669665579444,1.3205537702583392
2.670505219716,1.3718593329232756
2.671377014623,1.4190367285273944
2.672278504248,1.4588523830043165
2.673206630237,1.440160052908297
2.674124250438,1.5720860465762514
2.675125101301,1.3322647378473391
2.675971276883,1.3920160591858393
2.676853845823,1.4696137966202725
2.677784962626,1.3777097508635043
2.678657416944,1.3880891287898014
2.679535279202,1.4112251401771625
2.680425414776,1.4002901481755592
2.681307741366,1.565721680378028
2.682295376409,1.441546690191824
2.683204959181,1.4014491397806113
2.684087526378,1.5916084753997994
2.685088978776,1.3865223270187987
2.685964112523,1.3895776784774994
2.686844937495,1.4576935952991092
2.687771994359,1.5186699561364776
2.688739578761,1.5592602194420104
2.689733806632,1.5222190693951663
2.690703999451,1.361337600187531
2.691570680665,1.4512637034004685
2.692493863359,1.5755416818819212
2.693496112928,1.5738120815780285
2.69449899133,1.4458687709771791
2.695423220233,1.3532187679977867
2.696290932714,1.0333058349997881
2.696955217902,1.2999808912293898
2.697792166705,1.3049893247065467
2.698632294474,1.2990450759182242
2.699468404938,1.3617492978835288
2.700344841055,1.4595205746063844
2.701284458691,1.4179338940811226
2.702197763224,1.4547080119591056
2.703135306161,1.4732255189790064
2.704084003119,1.50310791045254
2.705051387396,1.3148676050486783
2.705899810653,1.5355241008042992
2.706892828506,1.3091046093543608
2.707737314854,1.3016118440593245
2.708572372686,1.3043339224937847
2.70940710501,1.367485777608847
2.710283202051,1.4443922618279008
2.711211187158,1.5553676597032944
2.712212558677,1.4589604217748762
2.713151757667,1.5414127269765243
2.714144362664,1.5572772442309168
2.715149717289,1.422351699957809
2.716071324745,1.4246738323485555
2.71699823983,1.3534136879725203
2.717881635863,1.4268541201879157
2.71881348959,1.3941114637428071
2.719721312427,1.5526818004278475
2.72072700204,1.5576429437077708
2.721732797671,1.4770273876828723
2.72268590417,1.572406500174228
2.723698759546,1.519751561273895
2.7246769054,1.3583118676807509
2.725552251594,1.3195440753507934
2.726405847167,1.32368630523389
2.727267290755,1.4060282810803741
2.728185811031,1.4298361861535969
2.729120952169,1.3478370140731095
2.730002031613,1.3309023077935833
2.730870124254,1.546580959849735
2.731875922848,1.5515559119759883
2.732884186256,1.368676822047228
2.733775012575,0.35028910967449317
2.734003287869,1.4553622116249292
2.734953017146,1.4713439131534085
2.735915184489,1.3475404046233677
2.736798075362,1.4105235574848598
2.73772360558,1.4848759170158432
2.738699316612,1.4138809753117287
2.739631121149,1.0840890208514904
2.740346738312,1.3100291890822802
2.741212130515,1.4115648048947071
2.742144203389,1.3418027321143782
2.743029240831,1.4385938139191565
2.743976783591,1.4247985046151836
2.744912808504,1.497254127007052
2.745894881015,1.5265847347315702
2.746897266438,1.4840312722833626
2.747873233491,1.3470282926607877
2.748759897992,1.3654449565119988
2.749660286556,1.494067105948912
2.750646878659,1.5232745057867734
2.751653503322,1.3772826033669094
2.752565705708,1.5102550863285278
2.753568995056,1.3777978244444533
2.754486007074,1.4559784257781183
2.755455576691,1.3214804047602096
2.756334829834,1.5090725061606196
2.757336500699,1.2810482451804739
2.758185293642,1.3152174716907021
2.759057086753,1.3699888041961341
2.759966276558,1.3142020076214107
2.760838344071,1.458289696721115
2.761806110989,1.5091707914813792
2.762807577658,1.4881268573879343
2.763794029178,1.4804693741299724
2.764774581943,1.4975439322289779
2.765767080727,1.3953890867992653
2.766694009365,1.460090612464395
2.767666161121,1.4044084259395508
2.768602903452,1.455773641835508
2.769574174085,1.447567198357915
2.770538275758,1.5078182974855032
2.771540670804,1.475392611521402
2.772521190051,1.3624621675213746
2.773426424803,1.5116221333794058
2.774429940065,1.5286578726236666
2.775444290532,0.40341699992318175
2.775712004077,1.4594767266752746
2.776681698766,1.2125274359115408
2.777487550594,1.3402256330439757
2.778377439425,1.408353747760628
2.779311149485,1.505603019984908
2.780308038398,1.366430610624664
2.781212400314,1.3816294054084952
2.782127996334,1.2712846660554404
2.78297218517,1.501415813497526
2.783971314451,1.4671332721054386
2.784950675443,1.4649179592278716
2.785932746083,1.1956887287736164
2.786736912634,1.4388290462660276
2.787706266717,1.3402879803822851
2.788609428678,1.490522508352379
2.789613538379,1.486590536257163
2.790615423747,1.5081011040326828
2.791630501198,1.4999833485437157
2.792638318836,1.4906243785980122
2.793641341528,1.2027789961959747
2.794452833175,1.1913841684116606
2.795257558402,1.3166438094390787
2.796148056929,1.3732192918350596
2.797079741519,1.3105896773964583
2.797969613491,1.4426585946933044
2.798946131738,1.3751700868750394
2.799874209713,1.4241169359487424
2.800834613101,1.2790041028786276
2.801697552876,1.4539336412001362
2.802679482896,1.486248950768154
2.803684970119,1.3345557339058176
2.804589516855,1.3877713954893407
2.805530758748,1.3673896610623817
2.806455704597,1.4797341621159756
2.807455949741,1.481846526396712
2.808461371904,1.2900951801569263
2.809339372341,1.2738131427654564
2.810207058729,1.2625427130164355
2.811067204902,1.2776489225922758
2.811937775715,1.3776271304909922
2.812876801036,1.331123324073706
2.813784342565,1.3545913418734186
2.814706871415,1.2562772727523563
2.815560319812,1.421982590667315
2.816522736157,0.048111288092903104
2.816555271297,1.4896983449148788
2.817563655747,1.4750343827387733
2.818563776418,1.4724270468812906
2.819562473156,1.4792503837760218
2.820567778408,1.21381641819183
2.821394238045,1.3221641988708233
2.822296094733,1.366834780754489
2.823231516407,1.367648288167085
2.82416880411,1.4467626907059286
2.825160725452,1.3488362591611627
2.826088063019,1.3016774349946572
2.826984942601,1.108703553309172
2.82774866159,1.2062569563472465
2.828578805597,1.4369760916902714
2.82956609519,1.3157033646528264
2.83046763657,1.331011949223695
2.831378300686,1.465845542813175
2.832379802,1.3690228486442964
2.833315395635,1.4715207970285868
2.834320951384,1.4683415668998612
2.835321265305,1.2570419687934629
2.836177448027,1.389513585547337
2.837126927886,1.4081960311423989
2.838092195262,1.3085904746126538
2.838992725181,1.3653477150087252
2.839937168179,1.1716056001162998
2.84074999895,1.3816747350980296
2.841709005779,1.4458422346738866
2.842711011846,1.3532569557353837
2.843645676601,1.4034905941601983
2.844612749962,1.4624853691962774
2.845622451611,1.455542446564211
2.846629427676,1.4384255175170655
2.847625526301,1.2558216062497851
2.848495801412,1.22717478882814
2.849346837763,1.4466776446171945
2.850350242527,1.4519299427854775
2.851358417187,1.413896295100367
2.852344976116,1.4123742533162857
2.853334306477,1.3416006517479588
2.854274070087,1.3730418085547442
2.85523526825,1.3721441103338576
2.85619466033,1.1588815242536505
2.857002679803,0.8528742294736845
2.857596143317,1.4318180862922065
2.858592148727,1.4392466292711166
2.859594318346,1.4454885124387062
2.860604056323,1.2662101701118575
2.86149126982,1.3114235595606616
2.862409122649,1.3899963801618318
2.863378389903,1.31201743804492
2.86429011799,1.365570772859418
2.865238948006,1.3849367113431121
2.866202069111,1.441699746098555
2.867203081286,1.4546795811150048
2.868211946,1.4476539948780571
2.869216873867,1.4437628840532803
2.870223359356,1.4360127927518944
2.871228824682,1.4233273824077346
2.872227380594,1.427554229946925
2.873230426538,1.4204797271652174
2.874231129915,1.2282464412797962
2.875097640825,1.4208801608135708
2.876099968158,1.3187715731986673
2.877028960821,1.4236982439480212
2.878029813584,1.4301804660050481
2.879032805315,1.2688408611523676
2.879920810098,1.4021260263215714
2.880902510844,1.4341351180605841
2.881907429348,1.3105030086891398
2.882826970637,1.324123449415528
2.883758281848,1.3443484504369918
2.884707021139,1.2762447964091346
2.885610891312,1.3369781421163325
2.886560138864,1.347024667704259
2.88751632335,1.2801370179064218
2.888424247871,1.324927652176033
2.889362939181,1.427629842502656
2.890372868279,1.4188323122326774
2.891376572277,1.2941161551067284
2.89229294803,1.4163005330252572
2.893295568496,1.4183757794314935
2.89429873003,1.3493386177482591
2.895252782589,1.4208187808603674
2.896258624,1.4306526156290122
2.897273028061,0.6731152610940704
2.897750327355,1.4144296673320604
2.898753126755,1.3165580416974854
2.899687684925,1.310877203421032
2.900620583917,1.4200189491420627
2.901634080574,1.2206094842190742
2.902506706834,1.1311013954973494
2.903314913983,1.2623372977754288
2.904215842073,1.3862803064503018
2.905205529866,1.3839682414172354
2.906193696412,1.230418496700101
2.907073139762,1.4039798680619955
2.908077784466,1.3088433722763173
2.909015043975,1.2762758415732427
2.909931075637,1.368273065642399
2.910915905284,1.238610973842376
2.911808780822,1.2078625463037809
2.912679124493,1.3439075600978654
2.913646196771,1.2813644198917924
2.914567075935,1.2787347690673492
2.915485672853,1.3483925749226
2.916454926659,1.3973407685821084
2.91746062066,1.4015959344411804
2.918469467945,1.3959314406546353
2.919471550098,1.3967216120384611
2.920470384873,1.4089542844474658
2.921476879962,1.4040828006707906
2.922482463549,1.2663568752897105
2.923392556629,1.3979415507983133
2.924398599504,1.388627994641132
2.925400161087,1.2909226677153423
2.92633382761,1.1315048290086294
2.927152713716,1.3240455418415356
2.92810968705,1.3079124941338167
2.929053427747,1.1150606470290159
2.929857849915,1.1350959774200085
2.930676987599,1.3931972493879683
2.931683388059,1.194807445464373
2.932548787634,1.3309348809317796
2.933513912555,1.2728971357688201
2.934437337431,1.3416809344161864
2.935410555199,1.3353580226252053
2.936379175194,0.7342938683344539
2.93691190644,1.308058772321347
2.937861435664,1.3953092512466378
2.938874078742,1.3396244660955252
2.939844680748,1.3140565380688152
2.940795423736,1.2802705504121434
2.941721506218,1.1929625353798565
2.942584940401,1.3092911963429168
2.943534668932,1.3962155498249054
2.944549619347,1.2814572725498035
2.94548131417,1.380709908557166
2.946483482034,1.3088043927641766
2.94743123569,1.368125466368522
2.948420204878,1.3948782185912214
2.949428142849,1.3970177384258988
2.950438568087,1.389950725116477
2.951444168899,1.3893571250751267
2.952449000139,1.3978811219563099
2.953461004897,1.3794442743651452
2.954461812529,1.3796282704396114
2.955465147598,1.3512258024490527
2.956449962551,1.27235206917473
2.957378314628,1.2870622507948464
2.958317185961,1.3988196006813076
2.95933725622,1.3734222682975896
2.960339516635,1.3672925904703601
2.961338330381,1.3730226373722216
2.962341551178,1.1628938804429425
2.963191605725,1.237330303920517
2.96409811097,1.2350920601682018
2.965003142503,1.1684141245444266
2.96585834186,1.2272062878917025
2.966755979078,1.382096138310852
2.967766932956,1.3721225248545998
2.968771008053,1.3780088839736306
2.969779076998,1.3698428771683666
2.970780799138,1.375576139659636
2.971787237684,1.3092662033897162
2.972745656221,1.3593909391580214
2.973741365262,1.3698849654791971
2.974745305337,1.275634490408925
2.975680239352,1.369710413088176
2.976684763148,1.3211340098572761
2.977654910843,1.364673094153814
2.978658339765,1.3627014407923628
2.979661299872,1.2813374718491268
2.980603964925,1.3486555539098064
2.981595235459,1.364343834530475
2.982597425474,1.36872651306888
2.983601900123,1.3662322606955288
2.984604476519,1.286839062033784
2.985551018422,1.242026025508542
2.986468232345,1.3540961383422645
2.987471210679,1.3598873772556916
2.988479071977,1.3580898631826772
2.989485523823,1.3649454430206318
2.990496835777,1.317818209282995
2.991473545408,1.299056540923782
2.992437601777,1.2451294730571199
2.99336307022,1.3158412838167177
2.994343344147,1.2813976129833347
2.995299175847,1.316008941607526
2.996280981603,1.354280639806553
2.997291980008,1.280564394550593
2.998248047085,1.3452568944686145
2.999251281155,1.344079911043046
3.000252014465,1.3532700456537923
3.001259392859,1.3503346384300268
3.002266604681,1.3498997196018336
3.003275246238,1.3438107008992204
3.004279112813,1.2752525829337347
3.005231378235,1.3236169908794835
3.006220652839,1.3364111236342187
3.007221165296,1.3459452720147738
3.00822825612,1.2285266442189673
3.009145276238,1.2179633047636622
3.010053737078,1.176995731727583
3.010933574627,1.0231521273549105
3.011700859532,1.086209475086974
3.012517698493,1.1809825804784202
3.013408031308,0.24575870022239607
3.013593549441,1.1923786032404928
3.014493847552,1.2559418726436613
3.015442443932,1.3271383231654377
3.01644440037,1.2638541750755405
3.017397942041,1.3361849882728953
3.018407065743,1.2061820994216703
3.019319832075,1.322339587976257
3.02032176332,1.1145536066140664
3.021167121095,1.2432385526606453
3.022110260481,1.3264009041126508
3.023115408274,1.165952799136515
3.023999133706,1.238089259494691
3.024938012482,1.1379776227850014
3.025800324235,1.247948951206171
3.026745471052,1.2871342387043414
3.027721103998,1.23199210847491
3.028656518811,1.321971924757846
3.029661712523,1.3218979008183669
3.030667613444,1.3183087855935625
3.031670399289,1.1814210876500997
3.032567956814,1.1945370591016786
3.033474552455,1.2379485984337555
3.034414118208,1.3196517928218827
3.035415939218,1.207456991923399
3.036332263493,1.3153046604622174
3.037332612116,1.3081012357051898
3.038333598606,1.299478568771206
3.039333933757,1.2483632156150042
3.040298316209,1.2972340493492043
3.041302964184,1.2860757151961533
3.042301008903,1.3086647831107623
3.043316631754,1.306291125616851
3.04432822261,1.3080499787148183
3.045336456366,1.3099553697204802
3.046342428947,1.3250965070982483
3.047357050441,1.311589119544104
3.048359048193,1.20117737765827
3.049276841062,1.110000566000504
3.050124063739,1.15261234214032
3.051001405519,1.2988173202459767
3.05198698626,1.3197746008334972
3.052987210413,1.2635091451918523
3.053944307761,1.263684906530611
3.054899809076,0.24688972129602013
3.055086175403,1.3267588682297586
3.056087072606,1.254131258733174
3.057032505911,1.2998973748751854
3.05801305373,1.2279596524305327
3.058942345466,1.1927615289081075
3.059850200114,1.1482947263008019
3.060729627108,1.32007223859601
3.061745718423,1.2983527897892202
3.062745887413,1.3012827533650817
3.063747169721,1.3078261908254418
3.064752190204,1.204212572880512
3.065676278,1.217571449732749
3.066611337598,1.2534330043922703
3.067576625737,1.296407683712246
3.068576744718,1.3049652026900291
3.069583633435,1.29838700405206
3.070585655565,1.1762184764882606
3.071494582343,1.2485140144739886
3.072461229252,1.2452034811346917
3.073427552444,1.0602590993837595
3.074250389876,1.1449074458019284
3.075137236853,1.2639923008930405
3.076114345636,1.3069159073029954
3.077125054422,1.2908199477389117
3.078125075741,1.2969696331177472
3.079130210719,1.303604225668474
3.080139679298,1.2421832835927273
3.081101177085,1.2987006935653418
3.082105985581,1.2949038007339106
3.083107880829,1.3065097515555524
3.084119664028,1.1689269643492455
3.085025698969,1.1537798365755683
3.085921679984,1.1937666609608903
3.086851597089,1.2800079261887887
3.087853022123,1.2463201447379615
3.088832612749,1.2803205588491744
3.089842567053,1.2755153360366762
3.090849628935,1.2764160169394163
3.091855832363,1.2760534079884789
3.092862929151,1.2658288337229286
3.093866051511,1.2698395965402534
3.094875116117,1.1230312626420274
3.095766466809,1.2657107378265053
3.096770056925,1.2678209170388186
3.097773843399,1.2738577198832508
3.098780631159,1.1723482749654617
3.099707188763,1.2719127941873916
3.100713663617,1.265056277226584
3.101716480621,1.2699280753503102
3.102724964039,1.2728500218904433
3.10373712263,1.265594095846548
3.104745799829,1.2538015959135602
3.105746830532,1.2127258015793456
3.106714312422,1.261626586001419
3.107720314423,1.2032842943165678
3.108681528053,1.219620754518604
3.10965815481,1.2602726043190797
3.110669281824,1.2491103301444668
3.111672909848,1.2555007893548054
3.112682894491,1.2484055323340866
3.113687727016,1.2506583615823228
3.114694230032,0.23524088687790767
3.114883464495,1.2272925736829123
3.115871422032,1.1762733474422014
3.116819871355,1.0238375123174337
3.117646324042,1.248584209157545
3.118653831246,1.2446560322170497
3.119658080681,1.1679927294217336
3.120601212319,1.1900137507352602
3.121561775606,1.2417901762284331
3.122563286119,1.2464857052975784
3.123568441485,1.2307479458417685
3.124561657033,1.2557112737882707
3.125574805767,0.5627971566988984
3.126027887347,0.7002297168684679
3.126591778608,0.7971047660020769
3.127234364549,0.9793094228982916
3.128026021814,1.033869634004133
3.128862851253,1.0004068871461058
3.129672543462,0.8826162165778028
3.130386503695,0.9443227962791777
3.131151005806,0.9739001768847391
3.131939718304,0.9516902098056054
3.132710445403,0.8846710049573091
3.133426555896,0.9872851687818427
3.134225472423,1.005018831772671
3.135039705018,0.9382506720920475
3.135800855539,0.9391916337195854
3.136563565294,0.9031654847135948
3.13729545017,0.9076261313547155
3.138029559558,1.0478202647080006
3.138876244601,0.9125188872095152
3.139613917415,0.9069812390191372
3.1403503075,0.8918075959449245
3.141076855295,0.896760206819788
3.141808466003,0.8681819439363122
3.142516840539,0.8997433949043023
3.143249791477,0.9610676781851175
3.144033174915,0.899606550190951
3.144767477294,0.9048732431498373
3.145508088376,0.9085553924563219
3.146253352592,1.0119951649719856
3.147084407843,0.8305561874884249
3.147766946519,0.9022735941242904
3.14850863986,0.9546503054738175
3.149292896484,0.9914629132271936
3.150107310086,0.9788669198160742
3.150911660516,0.8843302502630734
3.151638240992,0.9471331017015041
3.152415366988,0.9803604270850711
3.1532193398,0.9604127831119214
3.154007244916,0.9978383779452361
3.154827216487,0.9773104633612796
3.155630970565,1.141330594023341
3.156568466528,1.1056821990255885
3.157475243703,1.0569511740455577
3.158342804375,0.9585332485849505
3.159132220402,0.9120705216727849
3.159887204611,0.868372741209416
3.160610554569,0.8893546347193054
3.161352512591,0.783422788611213
3.162006586015,0.8980456417911395
3.162754820514,0.8748747597258889
3.16348275481,0.908835915524614
3.164238398922,0.8588628382433627
3.164952313114,1.039096666412766
3.165816402107,0.9372144926193647
3.166596468844,0.86325654569311
3.167315644375,0.9073740712152537
3.168072217968,0.8181157058718929
3.168754276701,0.9595482815007708
3.169553444173,0.9203185929226947
3.170319732806,0.9447388693157043
3.171106939222,0.8424606462657923
3.171811634041,0.7293493105811601
3.172423233358,0.8319701769735139
3.17312207393,0.684759979824965
3.173698236927,0.8744275180928923
3.174434544844,0.6816612931104553
3.175008942513,0.8234335431009554
3.175702527501,0.863714287828865
3.176429521191,0.9012657075326733
3.177187522083,0.9549329203424674
3.177990375407,0.8932940029419498
3.178741212557,1.0256566821506878
3.179603424782,0.9661480391807263
3.180415916407,0.9928980245115095
3.181251379649,1.1188980337827021
3.182193792256,0.9810825033105288
3.183021426243,0.8947576968994874
3.183777467314,0.8719535109745503
3.184514688722,0.9362669563162359
3.185306312883,0.7689057698977967
3.185955748165,0.9759395578326984
3.186780200442,0.8790319681924066
3.187523862223,0.972224915441325
3.188347882002,0.9295634061702097
3.18913671012,0.9005056851770554
3.189900831397,0.9056925087070694
3.190669802849,0.9903256615590738
3.191511478598,0.6984408375539717
3.192105786715,0.7032068469361
3.192704204711,0.876276112618317
3.193449742052,0.8572109239220391
3.194178661527,0.8445982676577551
3.194897063507,0.8763599620428872
3.195643005232,0.8794527909469348
3.19639241664,0.8694705800085948
3.197134939254,0.8725527310357555
3.19788181514,1.0004864727757763
3.198738783915,0.9447357689354613
3.199547806011,0.880954712573621
3.200301522737,0.8776433798266633
3.201051234167,0.7069557255225196
3.201654070258,0.7298295963607042
3.202275695864,0.8903412235170769
3.20303136493,0.9943248676670844
3.203874198045,1.0784499612032967
3.204788371037,0.9522298391425721
3.205596994116,0.8758904116993735
3.206342050369,0.9537608595357374
3.207153965552,0.900235318480505
3.207921572017,1.0169374858642475
3.208789986048,0.8255130741271031
3.209495427512,0.9813236399569952
3.210333961451,0.9391821520495046
3.211137348305,0.7992863075055316
3.211821768232,0.8622623378314052
3.212560863203,0.8172536148710503
3.213262418331,0.7197115514599454
3.213880336808,0.8753138740005112
3.214631913945,0.8704494126656347
3.215378949788,0.9552005587619605
3.216200195861,0.9227204550860411
3.21699529621,0.9395203753406941
3.217806578053,0.8327003148621015
3.218526724268,0.9121929465017647
3.21931773455,0.9224347404844604
3.220119105231,0.971200570664556
3.220963419905,0.9585691952819712
3.221796492235,0.944275809272331
3.22261691572,0.9499659077503115
3.22344267731,0.3436937846991747
3.223741345839,0.9921245649469936
3.224603052185,0.9758884384828475
3.225449443187,1.027516253940535
3.226340048016,0.9618140720475751
3.227173308503,0.9400588294126073
3.227987775457,0.9399412124991845
3.228802813722,0.8829011916087873
3.229570011756,0.5280555786740345
3.23002900018,0.7067507374647942
3.230643360883,1.0011976169285615
3.231512491669,1.0410052400523258
3.232415451158,1.0088038539967328
3.233290710833,0.9152086400557465
3.234085522716,0.901864476613389
3.234869346517,0.9399508469054791
3.235686237377,0.7788843268012005
3.236364227656,0.8711865499818862
3.237124275001,0.9223218761341654
3.237931199162,0.9257898708033264
3.238743396835,0.9064718610074206
3.239542754651,0.8971841061708045
3.240337078996,0.9434825016534044
3.241173673829,0.75809183016235
3.241845850279,0.8904518127789797
3.24263413921,0.9141136958438075
3.243442269328,0.8981375331150484
3.244235563828,0.8950498285052844
3.245025274402,0.8635430884918449
3.24578618711,0.8693311437733547
3.246550340409,0.9134890820732439
3.247353103933,0.9960369827554271
3.248227951632,0.6948660653241262
3.24883787261,0.9082005741988487
3.249632928094,0.9492339748608024
3.250461679566,0.9681549673934626
3.251305268039,0.9798528727863163
3.252158535181,0.9434279261432785
3.252980783293,0.9711852829469155
3.253828507,0.27070393304204887
3.254065244453,0.9777632557323908
3.254920307064,0.4290854983179327
3.255295483223,0.6424438496522223
3.255857171337,0.8432422150508723
3.256591580257,0.9994248344011271
3.257461111086,0.9676934333260564
3.258303520935,0.6842048108356734
3.258901024432,0.7729554577377981
3.259578112634,0.8958084390213589
3.260365250272,0.9577859798872886
3.261210119669,0.7882775621979534
3.261908746208,1.0286273665752304
3.262823983365,0.9772662677568462
3.263696218203,1.0381370780024815
3.26462409628,0.9911675575784779
3.265511521817,0.997110619106986
3.266407168754,0.6345220459249346
3.266978936311,0.5057923781944433
3.26743484079,0.7928014658350979
3.268149673753,0.9499223711765176
3.269004502842,0.8478027278240561
3.269766699394,0.842134737245212
3.270524375762,0.746721044543549
3.271197357499,0.9611402316936871
3.272067365918,0.9369480898647853
3.272917198908,0.6974733452920828
3.273550047927,0.9321159651059603
3.27439589974,1.0150388029702833
3.275318306186,1.018386964395096
3.276245842271,0.8709141727454418
3.277040391125,0.8537562611382076
3.277821027082,0.9239089953016358
3.278667804,0.8377439458683756
3.27943693245,0.8513602317911825
3.28021861408,0.931004347169214
3.281070555665,0.8365904398716937
3.281833777801,0.8591837574190355
3.282616076778,0.9064363535596828
3.283440559046,0.8725728882568679
3.284235109641,1.0550198585061696
3.285198935034,0.9512535805636989
3.286069070695,0.9322373171325634
3.286921126325,0.9547094367541931
3.287793927465,0.46970753630365697
3.288223582022,0.7396135574977366
3.288902452628,0.9454516141245279
3.28977232772,0.8624517279774734
3.290567722062,0.7314899057425891
3.291243545038,0.8516294379455096
3.29203190134,0.9207466724821646
3.292884186578,0.8058704861721219
3.293629658161,0.8519727826629722
3.294417100227,0.8560361726614338
3.295209313431,0.9040297848015462
3.296045234252,0.6078314543346617
3.296606490379,0.7947533524506075
3.297338702652,0.9494318435016165
3.298211889438,0.9193478094894683
3.299057592127,0.9178622451608415
3.299902807119,0.9117761555372195
3.300743720294,0.8907973363754838
3.301567047716,0.8652548900596461
3.302369958621,0.8686922080025756
3.303178178222,0.8634896910214614
3.303982173797,0.8914844736715208
3.304812327715,0.942029072083994
3.305689063243,0.6138685648235824
3.306259696667,0.7029760431440036
3.306912646336,0.802495440048105
3.307657624299,0.8131447076378614
3.308412260609,1.046417490592622
3.309382797062,0.9536775044922701
3.310266025975,1.018331654838168
3.311209150206,1.001723352586257
3.312137635359,0.8111346965195506
3.312889976509,0.8998788749161514
3.313725432657,0.9735442904586434
3.314632063058,0.7106996255006168
3.315295677461,0.9814043968015862
3.316212351669,0.9625926574203424
3.317111226577,0.006701909469971771
3.317117482899,0.9836455268264139
3.318034688486,0.9394601554316481
3.318909027343,0.9501866809351992
3.319792389118,0.8757420447337224
3.320606634736,0.9264870094575334
3.321467590846,0.9174076597799753
3.322319672161,0.7256316114596528
3.322994829462,0.5689688370872419
3.323524921367,0.6251887701360944
3.324109659951,0.7513211320213797
3.324813934039,0.7590274396463403
3.325526832349,0.8910710801456384
3.326364667062,0.7080738947441966
3.32703144953,0.6981902145599413
3.327689325135,0.7831970884616151
3.32842783118,0.7639268257283662
3.329146717298,0.7939468051329204
3.329892040123,0.8874155840165657
3.330723252717,0.9536919858435228
3.331615757317,0.9569684496408447
3.332513022932,0.8798722596794745
3.333339770319,0.7956558525181088
3.334088668763,0.7568688306621888
3.334802660172,0.7830552279812499
3.335543430894,0.706165131463846
3.336213524924,0.9072733369343965
3.337074795962,0.803261487681912
3.337838100894,0.9070259386884489
3.338701356766,0.7277467381262666
3.339394980138,0.8315382740620065
3.340186963108,0.9416344335637998
3.341083630272,0.8839716446105313
3.341925834811,0.8367249672801439
3.342723682409,0.7811226602408246
3.343468286777,0.7403419585919975
3.344173010933,0.8791079398946485
3.345009354014,0.9019020577801089
3.345868189477,0.9031392611734693
3.346731238994,0.8845422410384689
3.347580343508,0.8775946931894802
3.3484251612,0.6668714097023551
3.349067990239,0.7082588739976329
3.349751236663,0.9885583029931769
3.350706030922,0.9397878834330212
3.351615399804,0.8678219318745753
3.352454689938,0.8760452138442466
3.353300851537,0.6257572632422426
3.353904876801,0.6024689781197696
3.354486260746,0.6793672301078424
3.355142512772,0.8848851961093226
3.355998648368,0.743533882809839
3.356719794416,0.7619470429117298
3.357459566535,0.8801139754930567
3.358313809661,0.8732051114404981
3.35916106366,0.8737079910766741
3.36000840152,0.8725066403700394
3.360853348329,0.7988871182065357
3.361625644581,0.6380274702824386
3.362243190713,0.6605353066645254
3.362882933285,0.7155237191799968
3.363576848003,0.8937043320577396
3.364442841501,0.8326283806941208
3.365249673978,0.8305831302300724
3.366055596943,0.8812767347975882
3.366913402493,0.7774895048816355
3.367672529307,0.7441484717023481
3.36839986335,0.7306117537682214
3.369114498294,0.6213635632575042
3.36972270848,0.7561349515203994
3.370463776799,0.8276073128680487
3.371275966977,0.8129711708883629
3.372074770434,0.6875545730650086
3.372750379463,0.8743542493515185
3.373609902342,0.8750771244521893
3.374470696265,0.9551112571688245
3.375410446063,0.8983845399979594
3.376293646438,0.9330624266428316
3.377209659127,0.7207919153089184
3.377915734555,0.5423688310686073
3.378446169136,0.568872472114001
3.379001942971,0.8194338547407178
3.379801457286,0.8777153273362088
3.380656856666,0.9027417969563531
3.381536318579,0.16057095662198584
3.381692795631,0.6914142709451095
3.382367122718,1.0040725624832685
3.3833488056,0.9028253087891807
3.384234096215,0.8476155036866466
3.385068444264,0.8599679928373477
3.385916591617,0.9319810317810509
3.386835190623,0.967770130259653
3.387787379126,0.7600472636201137
3.388535273474,0.35367274022634615
3.38888375671,0.49898570326900143
3.389376250791,0.6742483976396518
3.390044148763,0.8290974721281862
3.390867446481,0.8842256466040089
3.391745889117,0.8865545967582148
3.392625580405,0.8421250869336829
3.393460115974,0.9066480878758348
3.394358939297,0.9037811314253836
3.395256949778,0.9590147661110989
3.396212911544,0.9186837656102144
3.397131633567,0.3950093426132871
3.397526895706,0.6156149885537815
3.398143041501,0.6546029087405482
3.398799340104,0.667988682820481
3.399470301719,0.8486694046334434
3.400326851179,0.8560940011181755
3.401192935549,0.6953620371311049
3.401896470947,0.6370281629560228
3.402541046158,0.6745476765265044
3.403223820051,0.6718781665187176
3.403905430815,0.8527299763068416
3.404771262597,0.8662172437324089
3.405650269503,0.8975710224454801
3.406558969351,0.8927081320446085
3.40745976703,0.8394425347514987
3.408304480218,0.8940118347254226
3.409203705841,0.8791575575138365
3.410091082383,0.8288266817488574
3.410930558331,0.8304786542503209
3.411774227332,0.5174288608030423
3.412300835079,0.7685502906617608
3.413086070753,0.5979923443387786
3.413698061146,0.7907639610886696
3.414507754703,0.8213011391100669
3.415348566384,0.44152025785839827
3.415800495696,0.9142320813557445
3.416737262391,0.8075123886508367
3.41756652893,0.8518445140671902
3.418443350183,0.7956168395074705
3.419262671385,0.7693000670216295
3.42005440362,0.8143111754130743
3.42089247938,0.8496750653601991
3.421766884655,0.8266882489831276
3.422616888533,0.9027196451535849
3.423543133631,0.47660142505849207
3.424031477637,0.47990361481532884
3.424523516027,0.6280054043220529
3.425168381175,0.8472070150220796
3.426040065871,0.8256243654896329
3.426890317591,0.8528196149561673
3.427769385796,0.8702672840081276
3.428668646771,0.4644795752367321
3.4291501862,0.5876102275324965
3.429760267042,0.6526294784629647
3.430438499368,0.6331053069175504
3.431096211068,0.5085826182302526
3.431624492587,0.718127591130567
3.432370300594,0.8270049137474472
3.433229686457,0.7339794316763706
3.433993329829,0.8434185470084952
3.43487119515,0.7965263196302431
3.435699856366,0.8256246304826127
3.436557755131,0.7086338763844798
3.437293278096,0.8876881032815384
3.438213997584,0.9299498290291751
3.439177925547,0.7813119450046695
3.43998827585,0.9129638328322789
3.440937361151,0.6758265423376162
3.441641870669,0.5715422305787956
3.442239554237,0.728903128982705
3.443002963499,0.8633125453251663
3.443908845439,0.8450872555349902
3.444796718983,0.7068267230652079
3.445539438341,0.9323209757354086
3.446518541919,0.5569629087625072
3.447103396089,0.44347213110822864
3.447569071024,0.9137106739433775
3.448529670155,0.8534126601286741
3.449429697389,0.8142640632013992
3.450290866139,0.7415839242361495
3.451075379411,0.796802541183506
3.451916833543,0.7865915479047306
3.45274487893,0.716141226868099
3.453496779792,0.7381698359398153
3.45427254468,0.8087774937174613
3.455123730811,0.8526852661561558
3.456022234295,0.8590518625996825
3.456927616352,0.8961118731223913
3.457872593652,0.9490540186587793
3.458874974213,0.816610568041495
3.459738655087,0.7530625446687297
3.460535702828,0.3601779329450613
3.460917004892,0.7184581928431778
3.461677843044,0.8779073051786962
3.462607742837,0.8241728314754759
3.46348039888,0.793991044325439
3.464320783226,0.4643187552636109
3.464812149215,0.6283309614617192
3.465476401025,0.871187966827002
3.466397089557,0.6556299579974624
3.46709020447,0.7724180152515475
3.467907877867,0.8322951316758933
3.468792604502,0.8039539707180965
3.469649897627,0.914529220104906
3.470626794984,0.783324042953469
3.471463188384,0.6557885491147754
3.472162514163,0.7388425315205683
3.472948338725,0.7628369956136033
3.473759422009,0.6407328807080226
3.474441338749,0.8036711449850902
3.475298182855,0.8481123764891487
3.476203072068,0.8866821018849417
3.477148948257,0.8588542842894354
3.478065853163,0.9442789276335188
3.479075208896,0.8278574953192764
3.479961027811,0.9240951702012257
3.480951557022,0.8504117994646255
3.481865248493,0.33866211948731817
3.482229589253,0.8143616433532077
3.483107368685,0.8857120637716588
3.48406448399,0.817576991685583
3.484950635174,0.665693775138525
3.48567376365,0.8800581786701932
3.486631248218,0.8273535302140008
3.487530966837,0.8968631734831684
3.488505102712,0.8457983441035536
3.489422490659,0.72747663579773
3.490210272155,0.7651295911165696
3.491038687607,0.7275874068951442
3.491827186084,0.8272147854022889
3.492725915853,0.8257502270616245
3.493624525448,0.7204912382500752
3.494408400764,0.8821446648204209
3.495367562046,0.604798663591313
3.496024458025,0.6345358052342098
3.49671298749,0.8306214773243863
3.497612881324,0.8928406743783863
3.498580069727,0.7334363871549286
3.499375812463,0.849397683890297
3.500299424812,0.8053646801365515
3.501177987067,0.8172199280093863
3.502072765173,0.8457026350620386
3.503002405004,0.7787237066538001
3.503860961905,0.7270713342970397
3.504663824194,0.5378432865661356
3.505258015646,0.7866312380844582
3.506127444446,0.7970184320988741
3.507008622197,0.4982194689720974
3.507559001475,0.6384750342569246
3.508264310688,0.7829635654231268
3.509129684328,0.8848683299544969
3.510109162885,0.783338729410544
3.510977598107,0.823097291281358
3.511892364754,0.7118551936892215
3.512685225973,0.7102591774655453
3.513477274927,0.7867022056055387
3.514354851852,0.7313223752283821
3.51517000525,0.8379019584631796
3.516102364893,0.5743231761423929
3.516740771331,0.7338742957952079
3.517557017755,0.7253793997523476
3.518364493143,0.7208944994022441
3.519167720743,0.8039429270784516
3.520064377575,0.7150916716146957
3.520863463059,0.7909206829243415
3.521748553729,0.8062687991373075
3.522651622684,0.8326120354659445
3.523583847788,0.6720717884859292
3.524335601405,0.8588356959035502
3.525295406957,0.8986135005094765
3.526300195738,0.8787525212300805
3.52728551092,0.6935096336246951
3.528065526001,0.6959862688682152
3.528850935848,0.8043886279551008
3.529761722058,0.7563810297716814
3.530620765666,0.7727652133963495
3.53150016583,0.836776249320328
3.532453334918,0.834502445571445
3.533404214053,0.8393342667118676
3.534361108231,0.8073287592807771
3.535282380178,0.8094716197062214
3.536206401832,0.7908613836406351
3.537108590895,0.7894287608065234
3.538008717682,0.7157374526217402
3.538824062666,0.8019089501488162
3.539736722918,0.7500069146941609
3.540590102851,0.8377592350181904
3.541544222033,0.839559928169786
3.542501004953,0.8206708527284092
3.543435809265,0.7916227757846352
3.544338206256,0.8515792682187996
3.545313175355,0.8697090526670023
3.546315161032,0.7635701105486152
3.547199306574,0.750031985050431
3.54807018918,0.7361621305686483
3.548926527235,0.7698746100758158
3.549823361416,0.8330176233712194
3.550795046216,0.7333021491819536
3.551650120261,0.8595526974405109
3.552650152675,0.7797849681231437
3.55355609014,0.7793336870784762
3.554460603254,0.8629621332511608
3.555462833444,0.8366732816836026
3.556435016958,0.7016325172607918
3.557249104538,0.41250899669125846
3.557727190427,0.7963576431270177
3.558649123134,0.8653536491920854
3.559650669499,0.8100494737225923
3.560590298457,0.8052611669042273
3.561528565151,0.7708076918298145
3.562430813544,0.8072624454186909
3.563377276978,0.8442709086301934
3.564367820723,0.7938998172437053
3.56530009423,0.7474767107515066
3.566177928241,0.7624537134945897
3.567073062916,0.7871530025402544
3.567998067733,0.7775421812922314
3.568914275251,0.7548164089894798
3.569806529535,0.7923668639956306
3.570745864217,0.796496709345111
3.571692004507,0.8231139178420752
3.572670359165,0.728218635023269
3.573537072135,0.7509056063425323
3.57443267727,0.840365814128682
3.575437452441,0.8221958419131293
3.576423128972,0.8095535891029877
3.577395002801,0.8298652476179961
3.578391706205,0.8327427160058503
3.579392682866,0.8084459637487837
3.580366160452,0.7831487954712983
3.581311685782,0.7872642835119693
3.582264262723,0.8270859026926446
3.583265501958,0.828384266340282
3.584267714094,0.8272414028634226
3.585268230519,0.8341631720319582
3.586277240532,0.8266030641635815
3.58727816601,0.8136131756829237
3.588266330341,0.7845219081735499
3.589223447138,0.7818444025754048
3.590181183975,0.7887907829403326
3.591150835254,0.7899953802749158
3.59212627663,0.7374328525056415
3.593039844113,0.803578504511795
3.59403520458,0.8102700380541843
3.595036440943,0.8138978438979779
3.59603966571,0.8272081386935172
3.597056354332,0.749627400281449
3.597975731522,0.8029023100240521
3.598959873645,0.8233366719872446
3.599969895356,0.1717317508669209
3.600180787311,0.8155842471105627
3.601183286827,0.7632725908720435
3.602123408598,0.7798020273192435
3.60308739628,0.77300689278051
3.604046431895,0.7665225487329952
3.604998627051,0.8134586705029196
3.606008468448,0.8126171152221361
3.60701641667,0.7881136264144333
3.607993742192,0.8090214360670203
3.608998326862,0.7818567368336831
3.60997196934,0.8113111745861235
3.610984344326,0.8084214544138323
3.611994309142,0.8036877408634981
3.612999056511,0.8005095099785523
3.614000881963,0.7980968016568404
3.615001198047,0.76301385395874
3.615957249214,0.803061918690598
3.616961137417,0.8046012335846365
3.617964310015,0.8091233868813612
3.61897101266,0.696260214974085
3.61983580318,0.7407427444288102
3.62075421368,0.770992572788983
3.621708498398,0.7644307472945502
3.622653083107,0.7982688205573205
3.62363791955,0.7958518059825775
3.624619612446,0.7611518914401244
3.625560384179,0.8116927891416021
3.626566131286,0.7616406122377984
3.627512026587,0.7647583256269544
3.628464491918,0.7265079200694328
3.629372475735,0.8039993705707719
3.630380852602,0.6687907528403053
3.631222426195,0.7189788888446841
3.632129896869,0.7519763946585303
3.633082098769,0.7911300947755644
3.634086633191,0.7925659187958862
3.635093438944,0.7219232083998763
3.636009739852,0.7533546898280806
3.636965215118,0.7621163512302803
3.637931529579,0.7805694605098538
3.638920865483,0.795162619831637
3.63992778233,0.7155269413575386
3.640833062063,0.768474043645743
3.641805477505,0.7542014295317072
3.642761876373,0.7347842586309089
3.643696542085,0.3420270122916069
3.644132502522,0.7509026657463024
3.645093170181,0.773383099130602
3.646086354881,0.7778701503530993
3.64708725808,0.7255233565371374
3.648022403,0.7842073140036867
3.649035716803,0.7825431464428398
3.650049029246,0.7752461162078796
3.651053066817,0.7775291006713364
3.652060441234,0.7551451773378784
3.653039528756,0.7525744216717293
3.654016370538,0.760946533735638
3.655005193353,0.7287960385157526
3.655952135366,0.7559446153779276
3.656933109302,0.7607581856928537
3.657918071199,0.7762062363970401
3.658920458348,0.7765466160183738
3.659920953616,0.7725535872459945
3.660914340255,0.7447720467783971
3.661871064345,0.7821277454613894
3.662876237595,0.7800047648098438
3.663880186433,0.779124513811762
3.664884507225,0.7236981651229208
3.665818501648,0.7099520403037436
3.666735283529,0.7760864518040212
3.667737123193,0.7394737804597361
3.668690896126,0.7761916817283295
3.669692103778,0.7775565694713806
3.670696068957,0.7771052817740548
3.671700112506,0.7780723038014127
3.672705464124,0.7776841614414309
3.673710385256,0.7629866677787658
3.674698253703,0.7692658382247384
3.675698400294,0.7685049489358206
3.676702352195,0.7697719337274065
3.677711656455,0.7634365661063306
3.678714500484,0.7721344222774439
3.679729111343,0.7497818682920565
3.680714410918,0.7644032700154425
3.681719082793,0.7398017912429935
3.682691244559,0.7649051408675426
3.6836961188,0.7639305989852156
3.684699472708,0.737888195354276
3.685668419367,0.7134967554406175
3.686605200317,0.7459571959563728
3.687585543344,0.7591637256786323
3.688586058074,0.09125200931070968
3.688706602197,0.7575636332578254
3.68970958607,0.7607262992817048
3.690720042571,0.7412700905297451
3.691708457546,0.7469710021813195
3.692710156146,0.7487068811369911
3.693719960042,0.7405550680897284
3.694722196237,0.7442945629702038
3.695730977576,0.7394954478358619
3.696734350235,0.732956510980186
3.69773073531,0.711068716299273
3.698699197626,0.7240315793821004
3.699685618522,0.7303788196887678
3.700679552324,0.7193606313964578
3.701656722909,0.726160113839818
3.70264132868,0.7446227670430959
3.703649159401,0.7332395288929681
3.70463988391,0.7386564286742957
3.705636823176,0.7206100287146063
3.706609285416,0.7413498142370196
3.707609693103,0.745501915162817
3.708615362617,0.7430332937184148
3.709617681366,0.7457900214410593
3.710624782228,0.7418504434955027
3.711629984698,0.7365204236768832
3.712633372438,0.7261372227692522
3.713627340777,0.7373124753281308
3.714638622732,0.7323901923773135
3.715643258488,0.7385493082852972
3.716655286249,0.7347721365700484
3.717660529224,0.7408454554160885
3.718672617345,0.7368334837327769
3.719678083754,0.7365063907453167
3.72068196626,0.7404504611515587
3.721690330619,0.7389503400528535
3.722696067915,0.7365855867250864
3.723698186049,0.7387588795467566
3.724703191902,0.7251299274751376
3.725690023113,0.7470186456046265
3.726707212839,0.7342693954708599
3.727707706623,0.7344899473726982
3.728709419482,0.5425787021589819
3.729450095562,0.7316460572434506
3.730450621179,0.7332018637712071
3.731455421662,0.7284954929663768
3.732456197151,0.7295934392233516
3.733460966497,0.7283293752916824
3.734466826575,0.7213565110584068
3.735467325456,0.7206701985576266
3.73647139649,0.72235764965836
3.737480406473,0.7219063390705238
3.738490284688,0.7209772432154695
3.739499971672,0.7187680256209807
3.74050750825,0.7177138226824489
3.741514579339,0.7146842898668949
3.74251812903,0.7145960450032974
3.743521632117,0.7129038666011297
3.744523105867,0.7109058032999538
3.745523166147,0.7153007928595154
3.746531033458,0.7197773925851849
3.747546111443,0.7097870687521475
3.748547658523,0.7082291984213749
3.749548549689,0.7120896484672897
3.750557215568,0.7110088559144966
3.751566767612,0.7102714859190026
3.752578291136,0.7017933052367584
3.753580617426,0.7085842016230638
3.754596051645,0.6962470355331501
3.755597069662,0.6932443818984123
3.756595676463,0.6965675663695403
3.757600136355,0.6937588111335321
3.758602602933,0.694496219224618
3.759609805189,0.69296445457026
3.760617831387,0.6913202367497057
3.761625492603,0.6906288723255919
3.762633040641,0.6863197096644182
3.763633971333,0.6865413797791389
3.764634294748,0.6930670342942423
3.765642998163,0.6878680203859422
3.76664415182,0.16649119890512842
3.766886616029,0.5411978425473007
3.76767482319,0.577351971995165
3.768516781314,0.5750114659192314
3.769356077439,0.6073442406721226
3.770242571506,0.586826951996644
3.771098681006,0.5966861196650848
3.771968532873,0.5899966363293958
3.772827691649,0.6012570448197367
3.773702300585,0.6069081285406195
3.774584528013,0.6066490759959794
3.77546598956,0.5946880872369225
3.77632985365,0.5874384037652258
3.777183012953,0.5937692702454138
3.778045103313,0.6170523550320619
3.778941124237,0.5715916567887481
3.77977157676,0.6176325385496229
3.780669516241,0.5863964755056422
3.781522674279,0.5816886928258508
3.782369572775,0.5926712958945901
3.783233395878,0.5225421039122071
3.783995433345,0.5377709925906122
3.784780064068,0.5919764983040696
3.785644683358,0.5815366563171063
3.786495396031,0.6083799419159088
3.787386995886,0.5852954000602617
3.788246676306,0.5958755068988277
3.789124595718,0.5898444055682744
3.78999723054,0.5765835273943728
3.790855860998,0.588561998631944
3.791738384759,0.586692859900866
3.792621991885,0.6163697800674968
3.793552512999,0.5282177420982934
3.794350661226,0.5701599588896116
3.795212231803,0.5777316736014069
3.796084815838,0.5895592818240795
3.79697448797,0.5283752555354361
3.797771367738,0.5900147717969304
3.798660971133,0.5926926042526374
3.799554436959,0.5326195425383378
3.800357196171,0.5586763836436944
3.801199037094,0.4412677653838468
3.801863858779,0.5901686517827889
3.802752964117,0.5918932218785117
3.803644548766,0.5243547960453301
3.804434287478,0.5382203068090673
3.805244816803,0.5720166042404484
3.806106148439,0.5329857228837154
3.806908787782,0.5577807024439078
3.807749107602,0.5611770519137691
3.808595608741,0.5460630419952763
3.809421073798,0.5617876837432085
3.810273142189,0.5683084732909923
3.811139412604,0.5725824522252727
3.812015914139,0.566914339363076
3.812886232894,0.5500098460617399
3.813732181074,0.5564733608176146
3.814588997406,0.5282349712295584
3.815402761758,0.5772758559438563
3.81629211547,0.5946111033980491
3.817208083359,0.57385555887514
3.818091824616,0.5633710725575972
3.81895903898,0.5615509271384828
3.81982305972,0.5564101764734921
3.820678816933,0.5274857339835075
3.821489776302,0.5677898404550897
3.822362323353,0.5216432967884176
3.823163882906,0.583216418927555
3.824060880186,0.5629992235781516
3.824928473209,0.6158663319340463
3.825880171338,0.5345628837227576
3.826708156466,0.5622760569360659
3.827580964998,0.5744016585897505
3.828473959482,0.5568120482139114
3.829341080793,0.5843630062302084
3.830252922603,0.5463642199151332
3.831106937681,0.5739765347778399
3.832005121502,0.5661429914124797
3.832891487119,0.577525017506478
3.833795835834,0.5911875097528746
3.834722398558,0.5123912007896697
3.835526280295,0.5189861877436904
3.836340893264,0.5125016793050906
3.837145666717,0.564517768642072
3.838032223668,0.507162407115871
3.838828840501,0.5725384718138656
3.839728311655,0.5705691374202729
3.840624479087,0.5617169197687797
3.841506117103,0.5773657877756323
3.842411853119,0.5604076178871887
3.843290593497,0.5677665637733893
3.844180539375,0.5618894172752767
3.845060974463,0.5803446622531707
3.84597006174,0.6158325293376219
3.846934469162,0.5857772685545347
3.847851712855,0.5952824199078629
3.848784117705,0.5696476704056215
3.849677422268,0.5464976634652189
3.85053598327,0.5327412776568029
3.851374271799,0.5399362063553823
3.852225085363,0.543000218832151
3.853081808341,0.5587011869448865
3.853964262223,0.5306516253016607
3.854802882639,0.5437752949391582
3.855662522813,0.5584240091860921
3.856546026886,0.5285861458282307
3.857383074423,0.5676427778137921
3.858282490154,0.5754786725131655
3.859194657225,0.5641404215016042
3.860089210401,0.5603761147199926
3.860978549853,0.5936763714078193
3.861922234109,0.5143048049126981
3.862741103994,0.577252101152949
3.86366132423,0.5380428609193799
3.864520023771,0.5936428024189109
3.865468337968,0.5528632256017966
3.866352091628,0.5396186732559046
3.867215006527,0.49843354824354386
3.868012381038,0.5809791348324731
3.868942084368,0.543713895491165
3.86981238222,0.6166333319468688
3.870799628494,0.578737804357959
3.871726297142,0.5536176934155151
3.872612629478,0.6289421887611775
3.873619397698,0.5864272448944818
3.874558148394,0.2519335344677638
3.874961509403,0.5692645005435363
3.875873106072,0.6022324286988187
3.876837877194,0.6185831859002019
3.877829228197,0.5322121613979401
3.87868244976,0.5725957001626739
3.879600976204,0.5589601043547555
3.880498671337,0.5651800658618982
3.881407456829,0.5690583753819886
3.882323261732,0.5325835895984651
3.883180992864,0.5981673088879623
3.884145138581,0.5817349543273549
3.885083697395,0.5798142024673206
3.886020046172,0.5746390224103838
3.886949037722,0.6221632952382604
3.887956108398,0.5722901132375958
3.888883169277,0.5675949005118127
3.889803185389,0.5438329194860807
3.890685170488,0.5824587606059639
3.891630289484,0.5631570721802065
3.892544581517,0.5309148811918072
3.893406921585,0.5562950480154121
3.894310902078,0.5860940135252225
3.895263890307,0.5790371867805175
3.896206076434,0.6179737784620052
3.89721241911,0.5576184492899052
3.898121267406,0.5493442004722198
3.899017636608,0.5554706249300919
3.899925554575,0.5818370458030703
3.900878581725,0.5511904960495522
3.901783378126,0.5324867725718823
3.902659101155,0.5074738983833191
3.903495042586,0.5425986760617247
3.904390188758,0.5474310610888721
3.905294676591,0.5277635930263211
3.906167740644,0.5551218320987131
3.907086935191,0.5815858882119388
3.908051101537,0.5790477373233947
3.90901224152,0.5211552095372827
3.909878594167,0.5667199131333948
3.910823004089,0.5868677413290013
3.911802375015,0.245392598405022
3.91221223276,0.5447471866619001
3.913123251035,0.5290656907913502
3.91400922611,0.5505162011187497
3.914932489246,0.5388804714145677
3.915837759447,0.5376828406615937
3.916742664146,0.5846410975966648
3.917728635964,0.55263298868746
3.918662677812,0.5507797602857344
3.919595506728,0.5618294555629028
3.920549155684,0.5450089939468076
3.9214763169,0.5463675294452676
3.922407539896,0.5198275467496167
3.923294573264,0.5136826898320868
3.924171988051,0.5585256242779877
3.925127008449,0.5578185123319198
3.926081651118,0.5389898148444775
3.927004570799,0.48514432318789286
3.927835634371,0.5637603863976524
3.928801926322,0.552896298781208
3.929750155238,0.557458429064297
3.930706613906,0.5143431747587862
3.93158967023,0.5124958855807148
3.932470239257,0.5238218670806295
3.933370854462,0.5284094452256566
3.934279837043,0.5384274514864553
3.935206541477,0.5033275298420534
3.936073414757,0.5202126358720541
3.936969936299,0.5054260049127215
3.937841287741,0.5606401857706772
3.938808207746,0.4952536322190197
3.939662663034,0.5141028178092085
3.940549859747,0.5133492777331783
3.941435960446,0.556711247039218
3.942397198783,0.5485863233539582
3.943344690613,0.5801999437121982
3.944347080307,0.5730171537711657
3.945337653172,0.5641274268611126
3.946313449647,0.5788450724276414
3.947315748159,0.46316722484964856
3.948118422805,0.5509464229926266
3.949074503258,0.5639890525667618
3.950055051265,0.530756783657253
3.950979525223,0.5148544569298861
3.951877583403,0.5115334002777165
3.952770817656,0.5534481042820859
3.953738294176,0.5239848851662107
3.954655382452,0.5394509839703443
3.955600769082,0.5501395825310456
3.956566147605,0.5763452090816735
3.957578959377,0.5141746451169619
3.958483926872,0.5438840503427017
3.959442333735,0.5149544915112658
3.960351460651,0.5454260853254086
3.961316357005,0.5668042160882062
3.962321513449,0.5667505385709682
3.963329090137,0.5600094869381099
3.96432682225,0.5200672323668452
3.965254829253,0.5353073063350239
3.966211299686,0.5017701264082551
3.967108823607,0.5432822197131327
3.968081636855,0.5624256170404026
3.969089981511,0.5614702106697133
3.970097781358,0.544768101431747
3.971076543995,0.5602052221020851
3.972083864893,0.5461058514307654
3.973066322647,0.4915897110651139
3.973950988663,0.5464983828159145
3.974934616157,0.5128066828733708
3.975857749446,0.4996025402622969
3.97675741906,0.5549466088692382
3.977757239453,0.5477301925832612
3.978744559394,0.5471758831922594
3.979731329169,0.5550746058432546
3.980732854673,0.5243553069938091
3.981679415595,0.5416728057066263
3.982658133877,0.5173095317864779
3.983593873614,0.10659899750406948
3.983786726968,0.5305720318600841
3.984747756519,0.5510707260774169
3.985747594562,0.5561091916974193
3.986758519205,0.526374417944269
3.987717123141,0.519261273777242
3.988664353162,0.5115494410934631
3.989599041538,0.5116346624602153
3.990535570591,0.5483379004636513
3.991541090885,0.5436394246209626
3.992539672722,0.5452259191038351
3.993542683024,0.5469428556277279
3.994550216927,0.5328883232417007
3.995533032085,0.5210630307431207
3.996495162084,0.51380180205762
3.997444879449,0.5458283535979044
3.998454600044,0.5155855866114281
3.999409038263,0.5426449858974202
4.000414434983,0.5408741916812874
4.001417339096,0.5181482243266131
4.002378629873,0.5345789925726485
4.003370961659,0.5081409697979323
4.004314350719,0.5081909164636149
4.00525768368,0.539344564919823
4.006259046816,0.5314320399428273
4.007245977093,0.5393496022337703
4.008247861068,0.5394121895233243
4.009250172181,0.5009982376807178
4.010181432776,0.5459156817184411
4.011196669762,0.5397442571298902
4.012200953596,0.5352001161392159
4.013197141056,0.5401195097596317
4.014202747785,0.5384126688862534
4.015205445343,0.5396655102490487
4.016210826087,0.5368139057045117
4.017211401859,0.50445262504683
4.018152171124,0.5380153380195432
4.019155988695,0.5366164505726697
4.020157601931,0.5170978364513652
4.021123354015,0.3418861648638197
4.021762290088,0.5218055072239619
4.022737982945,0.5157598734735838
4.023702912716,0.5362820988252505
4.024706739946,0.5263056425582779
4.025692298904,0.5349224142021896
4.026694397923,0.5260728329325647
4.027680587323,0.49700466089108003
4.02861301447,0.5219131134109275
4.02959292091,0.5213752469634657
4.030572582157,0.5331939936762443
4.031575403549,0.507146246202806
4.032530067834,0.5387578741157509
4.033544987566,0.5338788966898923
4.034551383598,0.5154604599928244
4.035523745491,0.5328988379083253
4.036529832872,0.5323692142813848
4.037535746439,0.531859216174675
4.038541524229,0.5222694506708537
4.039529777814,0.5043398784428121
4.040484586962,0.5257845077472024
4.041480501119,0.5286458638672765
4.042482618029,0.5223912103147984
4.04347399704,0.5232573910997913
4.044468156832,0.5232340020042332
4.045463297142,0.5260129768731396
4.046464635454,0.5303543227135187
4.047475245537,0.5270458405722128
4.048480646038,0.5202363912318809
4.049474156388,0.5050211630731453
4.050439592426,0.5226553568547057
4.051439613659,0.5155713665422236
4.052426984662,0.46037812177355947
4.053309614404,0.5096976812845576
4.054288338375,0.5214785523621331
4.055291677152,0.5216911906011019
4.056297445533,0.5095682693760749
4.057281868744,0.5176765793904965
4.058284209236,0.5200398866699715
4.059293403905,0.48721787007715567
4.060240876123,0.5160121253456762
4.06124630503,0.3610772569627408
4.061950532181,0.5053211270528087
4.06293741873,0.5183963326666707
4.063950979143,0.49478972123404075
4.064918757979,0.5120561188866448
4.065920658395,0.5090870485274319
4.066917351972,0.5130208766243746
4.0679225704,0.5046778568179956
4.068912305784,0.5123666600289986
4.069918071805,0.5073859678078572
4.070915088221,0.49313604198552563
4.071885001215,0.5109109086223291
4.072890750277,0.507723368875368
4.073891165345,0.4584771425812783
4.074795440899,0.5115041583484838
4.07580552713,0.45407056420250513
4.076703088797,0.4566869820196525
4.077606497319,0.51080911002402
4.078617804292,0.473510154935582
4.079556188422,0.4729404764138246
4.080494436545,0.5121595596476024
4.081511464401,0.5057967514725411
4.082516942331,0.47547003875149274
4.083463115573,0.4761415840908758
4.084411479042,0.5047725620481198
4.085417625467,0.4777749573439133
4.086370673688,0.5045820182391875
4.087377948281,0.470542679535142
4.088317909218,0.5039437885952578
4.089325338875,0.5016059971491043
4.090328948223,0.5038240952793753
4.091337716593,0.5054008719645992
4.092350267753,0.5031058111631835
4.093359011239,0.4996108948115065
4.094361501612,0.5033593260622059
4.095372095809,0.49458206933610427
4.096365662741,0.47794078775321797
4.097326572422,0.4998625706273556
4.098332293057,0.4984362303215258
4.099335788791,0.240888734612411
4.099821097204,0.49896400726455786
4.100826676044,0.4964716882045582
4.101827885972,0.4966716359049096
4.102830217267,0.4940645094076389
4.103827991267,0.497745703524882
4.104833752505,0.4949568752181676
4.105834295843,0.4885750150699076
4.106822354319,0.4947727737223944
4.107823365994,0.5004381639396607
4.108836370989,0.494934381290113
4.109838897601,0.49862736609385794
4.110849446755,0.49363266575249337
4.111850305186,0.4971266307416308
4.112858737308,0.4954676995749041
4.113864461928,0.5003525015548923
4.114880809359,0.497032550663068
4.1158910226,0.4946902754751455
4.116897023986,0.49685461683074195
4.117908021564,0.49385500848546937
4.118913586054,0.4954303361672333
4.119922971602,0.4948488008136064
4.120931726145,0.48143057607218515
4.121913615202,0.4916143788780152
4.122916650728,0.49328819963237397
4.123923534384,0.494251089182188
4.124933037682,0.4913491054496685
4.125937395512,0.49023249472784636
4.126940161023,0.4813108906988511
4.127925279606,0.4936697768670729
4.128936329714,0.4929547480227132
4.129946509166,0.4709321971057058
4.130912046936,0.48848305600103514
4.131914184773,0.4923923868918748
4.132925164946,0.4510192291344726
4.133851896232,0.4924004350603367
4.134864368013,0.48083975528033374
4.135853915423,0.48888366104853426
4.136860959939,0.4863646243517606
4.137863938214,0.4868907914213233
4.138869258026,0.4887589238666098
4.139879845944,0.46558282576783716
4.14084383932,0.48609275187506173
4.14185173251,0.48512000384142606
4.142859150749,0.4733129030714008
4.143843379519,0.4815716123797497
4.144846054132,0.4854474345118365
4.145858208533,0.47121132248240005
4.146842192375,0.479393498909096
4.147844845935,0.4694529427832789
4.148828089031,0.4782484675993828
4.149831019676,0.47743042037880185
4.150833477491,0.47866092162408996
4.151839783126,0.4791345390722287
4.152848300255,0.47460191236243493
4.153848315675,0.47670704971619143
4.154853678884,0.4763128350965962
4.155859064318,0.47625900419371187
4.156865254755,0.4776201626525252
4.157875309189,0.47351608423831093
4.158877616646,0.43388934193293915
4.159796843905,0.47563912903562094
4.160805414894,0.4724458018543754
4.161807862674,0.47213350186446046
4.162810271368,0.4706461410953955
4.163810337961,0.4729471947892258
4.164815925486,0.47006822271511256
4.165815955237,0.4708943916872113
4.166818325864,0.4723320212515941
4.16782420324,0.47204841263013814
4.168829951284,0.4720252470432669
4.169836275841,0.46968530208151893
4.170838105763,0.4688773220757289
4.17183843355,0.4724932694868928
4.172846844182,0.47227375827163187
4.173855506043,0.46971305001362995
4.174859418061,0.4712029154593116
4.175867282656,0.4740123935410324
4.176882104175,0.4694650648860118
4.177888116163,0.46945502248213233
4.178894971706,0.46832560959885994
4.179900250181,0.47003397303685035
4.180909963201,0.4651884208146432
4.181910076009,0.4687202038860535
4.182918619449,0.466803454731921
4.183923812783,0.46501803544168385
4.184925845069,0.46446981615349403
4.185927410039,0.4646097816116164
4.186930005805,0.47012144090696145
4.187945475661,0.309006807411434
4.188613469355,0.45762081908664065
4.18960383859,0.4633899822028203
4.190607742943,0.4678574302244721
4.191622292393,0.4634884244127407
4.19262828396,0.4636377824225974
4.193635448557,0.46378047748369067
4.19464387717,0.46378050313792
4.195653170228,0.4622450918985362
4.196659987748,0.45880067810200953
4.197660040596,0.45959488497256934
4.198662627744,0.45965087674719324
4.199666234957,0.459933702410733
4.200671332153,0.45994820878233217
4.201677125047,0.45722025644349173
4.202677390729,0.4593668262679512
4.203682744853,0.45956255769618537
4.204688861534,0.4592612750261418
4.205694605741,0.4570638838328299
4.206695798947,0.45670855452671244
4.207696364469,0.4587775806254927
4.208701469483,0.4587969755911913
4.209706613591,0.45704277950531624
4.210708103424,0.45664310312194456
4.211708923898,0.4563949524424674
4.212709385151,0.45771837527797304
4.213712987347,0.4599688995118274
4.214721727471,0.4562021023192724
4.215722498854,0.45878198732884634
4.216729221327,0.4586528579828631
4.217735904227,0.45604723846112827
4.218737113922,0.45863689767808424
4.219744356098,0.456549128746569
4.22074748769,0.458531964876865
4.221755498431,0.4550038334600181
4.222756406009,0.4592404824249406
4.223767173193,0.45635415512457894
4.224771906145,0.4574892145046794
4.225779666384,0.45399736099565274
4.22678055901,0.4536883752703805
4.227781752386,0.4566996274559877
4.228790647808,0.45328713338135007
4.229793024111,0.45548739287336115
4.230801332101,0.45523463696530403
4.231810191045,0.45214372459443514
4.232813333443,0.45202760630029853
4.233817364943,0.10600943983776147
4.234052981078,0.4545315609902471
4.235064121144,0.451037662224592
4.236068727336,0.44933004054859893
4.237071512344,0.44818097255360156
4.238075503767,0.4468183292453635
4.239080758423,0.4485595666710651
4.240092667032,0.44628905476790925
4.24110094911,0.4425691927977792
4.24210226481,0.4452848969334769
4.243111189429,0.44167704134892327
4.244113243609,0.4423392846175498
4.245117926457,0.44034242963096454
4.246119115307,0.4412500396861867
4.24712349398,0.44160396982931777
4.248129874584,0.44088717770522734
4.249135773655,0.44509851922140176
4.250152393149,0.4402473147822299
4.251158914056,0.4419063252094128
4.252170216458,0.4365755692429732
4.253170406011,0.4375915952189203
4.254173912421,0.4393242643668256
4.255182000163,0.4438742146942159
4.256200893601,0.43850301760947563
4.257208155064,0.436883643688419
4.25821260317,0.4350704112921351
4.259213574275,0.44095720126331633
4.260228719862,0.44270156652126597
4.261248564364,0.43656911926948216
4.262254911579,0.4341003758361994
4.263256296588,0.4338219972907924
4.264257840184,0.4347127916702334
4.265262218069,0.4336276138771772
4.266264995302,0.43418572651613496
4.267269918133,0.4331958009267778
4.268273228202,0.43539415505172907
4.26928223311,0.433665497490664
4.270287802548,0.4312021851839411
4.271288358796,0.43282767192928356
4.272293419421,0.4352271453516935
4.273304742755,0.4321004338684108
4.2743094029,0.43507057103262126
4.2753214682,0.43149451205448114
4.276325648975,0.4342321906384209
4.277336566634,0.4341995374427122
4.278347769225,0.433822342538594
4.279358528413,0.43087176046762277
4.280362756024,0.4310994634062928
4.28136776825,0.430862912330474
4.282372646318,0.43322790442666037
4.283383629154,0.18506311233053793
4.283815691632,0.42917807370783534
4.284818028845,0.43031124220659367
4.285823931261,0.4343049966939294
4.286840553544,0.43008049709388524
4.287848589081,0.42783218457882083
4.288852917452,0.4256883696382428
4.289855441785,0.4231637714041819
4.290856261301,0.42416915395001015
4.291862360176,0.42607109685123745
4.292874373902,0.4206709051548269
4.293874550472,0.4217957473864094
4.294878131773,0.42243643796238467
4.29588386842,0.42157116362828884
4.296888147677,0.4203314057444061
4.29789001145,0.4194590568955578
4.298890344487,0.4212856240641437
4.299895640814,0.4203551181389738
4.300899275751,0.4217722788993228
4.301906788576,0.4206671340786309
4.302912145259,0.42068104991182886
4.303918048493,0.423093522416633
4.304930281485,0.4217131819219732
4.305939698789,0.41853581887675384
4.306941938458,0.4204019008955515
4.307949091237,0.4189278737976898
4.308953183317,0.42099794062210644
4.309962747113,0.4198555647241078
4.310970039338,0.4209275544010671
4.311980297173,0.4190887428072242
4.312986594931,0.42187772514123817
4.314000052097,0.41945147559638346
4.315008151836,0.41713118202461197
4.31601109334,0.4209370723554481
4.317023504661,0.41975057990391207
4.318033282105,0.4169257643552869
4.319036311268,0.417684839613342
4.320041191911,0.41675022571638337
4.321043866478,0.4191077038145351
4.322052247551,0.41957729753354733
4.323061837462,0.41669693198994645
4.324064512773,0.41632204487133845
4.325066251521,0.41902471553866827
4.326074495091,0.41706016502297333
4.327078118052,0.4158569378304029
4.328078989769,0.4192667452589836
4.329088087634,0.3790018218886635
4.330000232584,0.4160125580841437
4.331001532386,0.38389668028863505
4.331925741507,0.41472653105795465
4.332924421714,0.4161949191385196
4.333926731491,0.4195539246147869
4.334937260153,0.41622981757929667
4.335940011069,0.41646174223493576
4.336943598323,0.424128950824064
4.337966032913,0.4209369454446942
4.33898109578,0.4167203452967007
4.339986335938,0.41725518306220444
4.340993238754,0.4181676601134647
4.342002701397,0.41634783029768674
4.343008094018,0.41450439932439737
4.344009427668,0.42031790590732665
4.345025167279,0.41581721588026394
4.346030313905,0.4193732184736305
4.347044327643,0.413777546126731
4.348044949498,0.41397515554115044
4.349046059753,0.41557294940832573
4.350051060208,0.41280142810378506
4.351052159011,0.41938015736552997
4.352073702659,0.4100013189175314
4.35307483488,0.410812500519425
4.354078769587,0.4106139911163027
4.355082572718,0.40922006612269335
4.356083173256,0.41105299236930676
4.357089037935,0.41411104290293554
4.358104740698,0.40927379549028725
4.359111407336,0.40622224319781897
4.360112342484,0.408065910639954
4.361118879551,0.40754869539614913
4.362125002451,0.4111920956214856
4.363140911906,0.41225194449061675
4.364160131038,0.4093143700311527
4.365172694397,0.40550596197060856
4.366176444208,0.40744071461028697
4.367185526547,0.405712237957
4.368190881873,0.41174281860734635
4.369211802856,0.40653404655284325
4.370220457482,0.40329441575132347
4.371221752269,0.4062523985693953
4.372231111266,0.4075063976110628
4.373244273482,0.4044987312510503
4.374250567897,0.4023604125788678
4.375252040346,0.020709904830695063
4.375303611652,0.406351459015984
4.37631567718,0.4042361569637863
4.377323197388,0.40172778065984777
4.378325094129,0.4044649973317999
4.379334375923,0.4023419670601776
4.380338905791,0.4037442656097501
4.381347414109,0.4020656963985769
4.38235195472,0.4045824985071209
4.383363070478,0.4006489147470815
4.384364716252,0.40530262858208166
4.385378261908,0.4001505210483127
4.386379241777,0.4045073075774909
4.387391478614,0.4003799281263475
4.388393786481,0.402346210714765
4.389401456575,0.40238188705769556
4.390409597418,0.40096155194608507
4.391414655146,0.39776893009315867
4.392412193069,0.39897289088975607
4.39341306109,0.4017835787407015
4.394421261592,0.4008974121595585
4.395427569845,0.40131315497656334
4.396435273794,0.40016731057834476
4.397440493648,0.3990841294114519
4.398443479549,0.39785681986165045
4.399443913598,0.3988870462999734
4.400447384891,0.40171210159521176
4.401458332469,0.39750119301149683
4.402459012232,0.398973906298615
4.403463802179,0.4012609036280415
4.404474758324,0.3991451267005289
4.405480915526,0.3998150738962729
4.40648925525,0.4055212114332938
4.407512477606,0.39829557983398955
4.408518089197,0.3961539497702076
4.40952076909,0.39746471918548276
4.41053131083,0.39281722970010013
4.411533761997,0.39217897396546975
4.412536333485,0.3986950565269562
4.413556478178,0.3913014829763864
4.414558461323,0.39156506407933767
4.415561781205,0.39166023570973996
4.416565928109,0.3919661456037442
4.417571428098,0.3902468830116661
4.41857305069,0.39330166587717413
4.419582995645,0.39042587478788404
4.420585956342,0.35382786529535803
4.421495225574,0.39136116318461794
4.422501322316,0.3911489684237462
4.423507142828,0.3949236776957306
4.424522953642,0.3895477353135649
4.425525284082,0.3899393561064994
4.426528835384,0.38910724888280274
4.42753066251,0.39119189741596927
4.428542240072,0.38597721297865584
4.429545790193,0.38780968860484427
4.430556733153,0.38675026558968273
4.431566580499,0.3874721737694872
4.432579708791,0.3831703851434033
4.433582826021,0.3852631243616494
4.434592479673,0.3825896415698677
4.435596050969,0.38411472949056036
4.436604501167,0.3830253620573677
4.437610922742,0.38190355973899404
4.438615269516,0.3801058286195236
4.43961588206,0.38048589568176744
4.440618420837,0.3810696512359846
4.441623309796,0.3803009124467862
4.44262688446,0.3848728237871326
4.443643196561,0.3857442618056078
4.44466246883,0.3812602691973623
4.445670580236,0.3818730410479861
4.446681055644,0.3797900950843212
4.447686728298,0.3857478476140317
4.44870878838,0.3773700617555162
4.449709211535,0.37964999069689814
4.450716277451,0.3779447933413702
4.45171940102,0.37898794962199905
4.452725846361,0.3767580716185097
4.453727038994,0.3789055733105717
4.454734547049,0.3813048272102768
4.455748858914,0.3770221679371468
4.456752312268,0.37664036681272284
4.457755408225,0.2647619488347503
4.458460875833,0.22344504570119264
4.459056465062,0.24237630686187644
4.459702629015,0.21784647088188722
4.460283774819,0.22882911365218517
4.460894327004,0.3315340420242515
4.461779294426,0.3747172254578033
4.4627800942,0.37693286262195586
4.463787424705,0.3765469356470044
4.464794449138,0.37799502268962293
4.465806091263,0.21649689004938913
4.466385936436,0.22054252719508716
4.466976724954,0.20953053203833508
4.467538458652,0.20087448310460213
4.468077058891,0.19519790779103996
4.468600780055,0.2008326063671149
4.469139700653,0.20082596833328054
4.469678903739,0.205276900064677
4.470230155354,0.2898722910177554
4.47100890394,0.2948222211441321
4.471801448804,0.19475559569785358
4.472325220314,0.18789026687847776
4.472830781538,0.18658380427891477
4.473333015863,0.18509377101388885
4.473831497592,0.18677848221455592
4.474334680959,0.18769525272443008
4.474840560011,0.1742921473898064
4.475310650562,0.18596728994777548
4.475812919666,0.18710608678543117
4.47631916798,0.16604999566963294
4.476770184592,0.13660253622173374
4.477141217475,0.13605427135910902
4.477512247146,0.1359520747847984
4.477883272096,0.143585003189483
4.478275168589,0.13574271588928488
4.47864618537,0.146445635847475
4.479046455782,0.14951908358715305
4.47945529281,0.18992768804924023
4.479974927325,0.18424592158619907
4.480479121265,0.179876075778285
4.480971596812,0.17841956433426812
4.481460137439,0.03451981785783236
4.481554702269,0.16490411675070477
4.48200644687,0.13542098894289023
4.482377424252,0.13426416485937492
4.482745434496,0.1353369589029419
4.483116403851,0.1327034428162734
4.483480173563,0.13525351721671022
4.483851136054,0.1675835058380311
4.484310770729,0.13521528449270717
4.484681727583,0.20513255717220188
4.485244637812,0.34094704404641873
4.486180554951,0.11127091955071201
4.486486044111,0.11124253593368892
4.486791530616,0.3086033448022245
4.487639081107,0.36467258582835727
4.488640885076,0.36578859084480814
4.489645901607,0.3651037795794882
4.49064915419,0.3662535924836245
4.491655725478,0.36518384795911646
4.492659583654,0.36533134293738523
4.493664174983,0.3689135317065225
4.494678723808,0.36552533670979814
4.495683980766,0.3698094936649349
4.496701067716,0.36464021537198393
4.497704093922,0.3637113156126062
4.498704841969,0.36428756273941376
4.499707320255,0.3668684873963267
4.500716997876,0.36680221134775226
4.501726691666,0.36448430907960566
4.502730316631,0.36931902606539885
4.503747580835,0.36819099105095876
4.50476208669,0.3668990322728041
4.505773417193,0.36448703945012817
4.506779158818,0.3628216880278363
4.507784187492,0.36203063431775534
4.508792606994,0.35846866161029356
4.509794589992,0.3594339865959331
4.510800474091,0.3650130829815445
4.511822951523,0.3582656213586471
4.512827462654,0.1877104456624346
4.513354116695,0.35686671047386853
4.514356157363,0.35813419895758736
4.515362464512,0.3619332725207306
4.516379975741,0.36191836058486004
4.517398035515,0.35805576215663537
4.518405808432,0.35711686060352377
4.519411516235,0.35778316315916814
4.520419633623,0.3565491810343196
4.521424705464,0.35736556710445305
4.522432551125,0.35642947308566225
4.523438319948,0.3561147851217286
4.524443775619,0.3568126608400654
4.525451739937,0.354048596474372
4.526452334512,0.35634363875521263
4.527459832034,0.35617647688085347
4.528467415463,0.3545610223723883
4.529471078814,0.3554561664497614
4.530477908738,0.35288253803527336
4.531478011746,0.35291632681386137
4.532478808521,0.35294196821546187
4.533480535457,0.3532497645776097
4.534483598889,0.3523359334367734
4.535484414111,0.35833178656489884
4.536503058599,0.3564705169342536
4.537517088493,0.35524582160765095
4.538528339665,0.3564610924025654
4.539543762251,0.35151634629496653
4.540545718783,0.35105911731444145
4.5415469813,0.35563300674005294
4.542561882996,0.35211626587510875
4.543567439006,0.35059800336496816
4.544569385518,0.35390038903508997
4.545581473383,0.3494830249842405
4.54658157707,0.35007149963319406
4.547584004389,0.3531457845842613
4.548595893826,0.35174072686624286
4.549604374296,0.34858449209473313
4.550604486938,0.34841433908423947
4.551604788119,0.3503726537373114
4.552611418404,0.3485439356213905
4.553613538476,0.34902524890376235
4.554617834293,0.348903215035525
4.555623337844,0.34955931575994353
4.556634681008,0.3629786798218903
4.557690449363,0.34429024124364416
4.558695165447,0.34670316755573
4.559708152635,0.3588814988828417
4.560757776985,0.34676038349543625
4.561772825378,0.3449489535542816
4.562783266001,0.3437839350861393
4.563790844823,0.3493991563385979
4.564815426599,0.3462614597010951
4.565831352535,0.34806153087882497
4.566853018699,0.3413064777548579
4.567855182188,0.07888018878036195
4.568086844932,0.34234292471236194
4.569092333782,0.34121995326183746
4.570094694195,0.34220800298267545
4.571100151515,0.34412897932710224
4.572111439526,0.3402598420159016
4.573111505593,0.34259820719369233
4.57411858872,0.3466143793272138
4.575137648903,0.3437327647601787
4.57614846081,0.3401222788251254
4.577148920716,0.34240326565512236
4.578156541282,0.3400814675209283
4.579157876957,0.34087056530565785
4.580162050801,0.34546069369710186
4.581180192325,0.3408644221120759
4.58218524302,0.3434497888778573
4.583198510758,0.34144734085090916
4.584206420442,0.3410567403227763
4.585213795508,0.33896028558019964
4.586215570845,0.34283652049759256
4.58722921554,0.3392093839513015
4.58823252037,0.3388701372082994
4.589235303447,0.33847045977692436
4.590237429556,0.33886650731769086
4.591241296211,0.33999110021948165
4.592249068578,0.3451596647930532
4.593272697788,0.33846813491320565
4.594277028282,0.33886047215336346
4.595283207783,0.3386584882065482
4.596289600907,0.34642714534095953
4.597320547816,0.3352410794068722
4.598322787664,0.334319449141075
4.599328679307,0.33763650486962105
4.600348833132,0.3318554574542032
4.601353111184,0.33353416742520253
4.60236371783,0.33215010832778197
4.603371174004,0.3300994972569503
4.604373401961,0.33182237387522845
4.605381824855,0.3359655987192161
4.606403719853,0.33219675494546536
4.607414945143,0.33121234645314146
4.608423879642,0.3333932359584958
4.60944020179,0.32917154988861363
4.610444399239,0.33001959291786703
4.611451781844,0.32908099683959596
4.612456894221,0.3295177860343936
4.613464001578,0.32737205842283384
4.61446519613,0.32860900684170796
4.615470935497,0.3331554051189016
4.616491196851,0.32987666694430484
4.617501999296,0.329153882130098
4.618511256683,0.32976250745375896
4.619523019326,0.330275572549752
4.620537025749,0.3312107999181154
4.621554734627,0.33278021567955124
4.622578104318,0.32915785087192473
4.623591179594,0.3276578723508277
4.62460041848,0.32565494630806907
4.625604277928,0.3316334122711311
4.626627553156,0.32524491556236185
4.627632459912,0.3372608419206118
4.628677695352,0.3220360440192001
4.629680409742,0.13127446025435366
4.630090152871,0.32435145118437964
4.631104247204,0.3235034491373477
4.63211699737,0.3225187751124913
4.633127695927,0.3195353435202199
4.634129953671,0.320056013727535
4.635134651465,0.3250444256365526
4.636155705304,0.3245617096911041
4.637175797617,0.3182122955802406
4.63817647974,0.3200433718674743
4.639183458168,0.32131763024470006
4.640194951232,0.32082001390867126
4.641205347822,0.32099354337046887
4.642216763556,0.3201373810058969
4.643226019482,0.31709481916858095
4.644226127352,0.3171047436332569
4.645226664924,0.3192975953230726
4.646234591255,0.32070094954312045
4.647247426458,0.3189388033977977
4.648255213596,0.32689239089848726
4.649288686297,0.31768075157473064
4.650293469163,0.3170482432999637
4.651296603389,0.3195639902833977
4.652308000313,0.321585329873046
4.653326153266,0.3210392531893402
4.654343015204,0.3180440931087263
4.655350757954,0.3185845379999046
4.656360539464,0.31705142672424114
4.657365820764,0.31881616595323276
4.658377037366,0.31638275667754373
4.659380835022,0.31695861214638676
4.660386777167,0.3169193518714476
4.661392974059,0.3166569142929432
4.662398646071,0.32969003434259
4.663445891539,0.3169887495557255
4.664452981039,0.3159905175319236
4.665457091648,0.31971115011555423
4.66647320129,0.3190333497438935
4.667487348132,0.31745513339813797
4.668496739984,0.31952030161096817
4.669513011101,0.3206604327973382
4.670533098845,0.3162454776246768
4.671539409481,0.3145129146625662
4.67254072077,0.3145054095986998
4.67354253983,0.32576256507966006
4.674580801465,0.3172004315824135
4.67559242014,0.3153339816470444
4.676598719756,0.31592684756423633
4.677607502206,0.3159880703082161
4.678616979909,0.31735102402842785
4.679631315655,0.313038201322365
4.68063240885,0.321697333395173
4.681661717296,0.3140604429363532
4.68266715311,0.3167853050077266
4.683681954793,0.31324431383365325
4.684686025916,0.3158221916225692
4.685699010406,0.3214619982183916
4.686730702045,0.3166004090336949
4.687747271659,0.3114910508502203
4.688747954736,0.31421266200030645
4.689757983066,0.3175380342345169
4.690779258278,0.31158780124770336
4.691781994147,0.3125311833045749
4.692788553589,0.3125371257656143
4.693796061383,0.31254274509049057
4.694804511966,0.3113084930956028
4.695809868442,0.3181725682525673
4.696838368875,0.3119607540464208
4.697848173187,0.30891287196098405
4.698850093592,0.13023003805888592
4.699273276451,0.31009509583396333
4.700284454033,0.30872587402557705
4.701294295756,0.31701170396343326
4.702333096779,0.30556131091382827
4.703334618341,0.3115078763725782
4.70435609134,0.3118607307674006
4.705379693703,0.3130606440576028
4.706408619975,0.3139814250480282
4.707442119755,0.3046591319851033
4.708446099928,0.30350954844343747
4.709447194914,0.30517649398225194
4.710454824371,0.3040863030855966
4.711460086464,0.304524637073963
4.712467927585,0.3140494810579561
4.713508139237,0.30201144703469285
4.71450906073,0.3018023639695689
4.715509807695,0.3124338705954535
4.716546329189,0.30955330117156926
4.717573792724,0.3028742771759183
4.718579621193,0.3084158422437213
4.719604401769,0.30288742221720855
4.720611417664,0.30340338050165455
4.721620740265,0.3056960427492723
4.722638258078,0.30249823062057546
4.723645760927,0.3015085948964479
4.724650582256,0.3015417885085799
4.725656028598,0.30185437950680466
4.726662994351,0.29965301416881407
4.727663063897,0.3046519790754111
4.728680404174,0.3097470507472918
4.72971534146,0.29976493577495594
4.730717345475,0.31083998260204676
4.731756823702,0.2993137780109709
4.732758214365,0.29938463955964917
4.733760313781,0.30449534135727097
4.734780036206,0.31253738877244885
4.735827172263,0.3014344520882594
4.736837560782,0.3029271194760708
4.737853495213,0.30122988196123884
4.738864350149,0.298139485271209
4.739865394597,0.3045479920636775
4.740888524758,0.3070060745400517
4.741920634215,0.2988944034948339
4.742926338547,0.298381243075249
4.743931880995,0.30339069580772987
4.744957539846,0.29948158793522506
4.745973173452,0.30074618584123725
4.746995073425,0.2945817289193754
4.747997176029,0.2937775180705742
4.748997446477,0.2951740387284861
4.750003309202,0.296953477684252
4.751016180627,0.30365378618865424
4.752053110633,0.3115889457144428
4.753118462598,0.2928443657216793
4.754120891801,0.29421576063011623
4.755129144601,0.3027605204557748
4.756167997834,0.30752949817284386
4.757224528422,0.29191502599251296
4.758228427581,0.2905010054106316
4.759228472009,0.2923201293756254
4.760235826465,0.2958635752905415
4.761256360001,0.29030948173607063
4.762258485448,0.29011787139183187
4.763260701131,0.2925265353407651
4.764272015463,0.29200090473802814
4.765282323189,0.29082298250813726
4.766289480052,0.2946347138896679
4.767310661419,0.29161545203933836
4.768322257855,0.29309991189691736
4.769339836235,0.29672366435931813
4.770370728655,0.2879284080996072
4.771371724419,0.3064279636164673
4.772437678665,0.2949023482272217
4.773464342232,0.2898938088517422
4.774474315842,0.011344763114565167
4.77451384694,0.29166014937695245
4.775530729672,0.28921201841404715
4.77653990369,0.2883364898187919
4.777546826074,0.2966381618664212
4.778583620845,0.28687275717888616
4.779587086971,0.2889217940402132
4.78059852826,0.29011295211693267
4.781614983186,0.29078809433963326
4.782634635873,0.2910307895440925
4.783655941716,0.2876754712172783
4.784666488861,0.2871671555339238
4.785677658918,0.2847432361240959
4.786683320722,0.2844615618072721
4.787690113553,0.2875391281225039
4.78870887844,0.29828689353071575
4.789766571874,0.2934292667652607
4.790807754116,0.29170390444781974
4.79184356696,0.28421891327424975
4.792853498738,0.28345490641361004
4.79386133319,0.2818702000997504
4.794864102789,0.2904612789859409
4.795898038058,0.2816091926886643
4.796901026488,0.2820270508144153
4.7979059964,0.28630803288194495
4.798926760434,0.2998351889319014
4.799996424641,0.2817159207290084
4.801002109829,0.29710051703708273
4.802063435717,0.28263692665081114
4.803073709084,0.2843554448428381
4.804090686247,0.28162131740192603
4.805098484872,0.28933598848065273
4.806134481103,0.2806751151056
4.807140016698,0.29903659061053567
4.80821199612,0.2829071322508147
4.809226764903,0.2803575595346132
4.810232933101,0.28020332917784624
4.811239057656,0.2796828680046247
4.812243889742,0.2852074960354367
4.81326922038,0.2828456248436303
4.814286679944,0.2820938937250777
4.815302052507,0.28070142363556927
4.816312997945,0.28218306213717703
4.817329865132,0.27845781627542826
4.818333815751,0.28426802411360724
4.81935926187,0.278034936268031
4.820362960814,0.2800468648682575
4.821374682801,0.27668495758420436
4.822374829207,0.2770676893168211
4.823376929344,0.27961947195390807
4.824388871206,0.27838023093562686
4.825397042039,0.27904840392694663
4.82640843666,0.280388959329794
4.827425390765,0.2794051974447918
4.828439521494,0.2909160314388728
4.829496141193,0.29414753587341014
4.830565295332,0.28164909969686286
4.83158990573,0.2747529350170927
4.832590210567,0.2877382893579809
4.833638512768,0.2809335950005481
4.834662755506,0.28349371793673667
4.835697178253,0.282045086288066
4.836727270656,0.29130594849360747
4.837792073576,0.27879880220812436
4.838811979311,0.2779809293519516
4.839829747231,0.2781562117452044
4.840849100445,0.2736955685998142
4.841853016544,0.2806435057986169
4.842883422632,0.27712511108754456
4.843901953801,0.278236037034098
4.844925564693,0.27190707823441934
4.845926743649,0.27520663547492435
4.846940949185,0.2745906035456199
4.847953804171,0.29182795674793743
4.849031382978,0.27130044570701173
4.850034094341,0.2852580599443826
4.851089323727,0.27273211211707715
4.852099130896,0.2713883368629568
4.853104830382,0.26980719702918654
4.854105547427,0.27085916723630976
4.855110938078,0.27070475584403453
4.856116575337,0.2728054973153635
4.857130918997,0.18571939383899005
4.857822048843,0.2757885784914945
4.858849081036,0.2688419139717924
4.859851066524,0.2740519666410397
4.860873275532,0.2737381048372495
4.861895225856,0.2711895083869428
4.862908603162,0.26901081349151135
4.863914793149,0.2711770746270069
4.864930066923,0.27170224730124215
4.86594818653,0.2703215263924437
4.866961926416,0.277718799397622
4.868004170719,0.2752897726170522
4.86903817527,0.2692585131930685
4.870050471642,0.2678542652055349
4.871058393383,0.2665409707560458
4.872062242523,0.27029901317257304
4.873081142291,0.27308229036123904
4.874111490567,0.26557216802836536
4.875114304753,0.26588805196806814
4.876119228661,0.277127686018675
4.877167745389,0.26860496583758914
4.878184972894,0.26837054207398375
4.879202199362,0.2681194854054764
4.880219414859,0.28223215470166646
4.881291358535,0.27616229616110743
4.882341840759,0.26918555905699054
4.883367705237,0.2627665128266474
4.884370827862,0.26276793169954876
4.885375339781,0.26274824227783844
4.886380890408,0.2625564113020831
4.88738661299,0.27386698446668456
4.888436718549,0.26391437194268424
4.889449684255,0.2626366925415249
4.890458691523,0.2618831360662
4.891465773445,0.27796883639233894
4.892535782456,0.2698904074480335
4.893575782456,0.27732210674699825
4.894645588916,0.26851209937053433
4.895682617427,0.26856481121541326
4.896721026023,0.2602487595650444
4.897728250829,0.265540144107837
4.898756802956,0.2591437001705855
4.89976149772,0.25803693657789434
4.900762825834,0.2585105802683074
4.901766853064,0.2593740684854683
4.902775153721,0.2596842257782915
4.903785636302,0.25991096086113075
4.904798160735,0.266406868330768
4.905837149647,0.2601984107732407
4.906852708513,0.26484107537071266
4.907887109282,0.26321431800603795
4.90891600205,0.2559424665169644
4.909917328011,0.25922265277913775
4.910932376227,0.2567338962838335
4.91193854504,0.25712925960528865
4.912947204347,0.25730764807854867
4.913957564543,0.2585774693165453
4.914973883346,0.25900734176198303
4.915992929492,0.2606664068455184
4.917019574289,0.2556624931928139
4.918027376754,0.035766237648607486
4.91816844983,0.25436042315657686
4.919172043154,0.25343672983627785
4.920172889723,0.2598027845305722
4.921199791585,0.2537985136832346
4.922203818828,0.25375413556874227
4.923208581653,0.2578976788065737
4.92423060887,0.25624870438400044
4.925246979005,0.26250578325173524
4.92628911674,0.264523756989046
4.927340125368,0.2615068185077336
4.928380125368,0.26172326661853224
4.929421970007,0.2633347559133735
4.9304711379,0.2525574772258527
4.931478393624,0.2599769803024051
4.932516260171,0.26691788867038163
4.933582729076,0.26315213399750775
4.934635226286,0.2500491831546364
4.935636341853,0.2520866694847316
4.936646533957,0.2577799580886868
4.937680685866,0.25367131413638794
4.93869946422,0.2523707971176084
4.939714041757,0.2612355078347546
4.94076543894,0.2582560099464635
4.941805916257,0.2580408733450033
4.94284662787,0.24963439194814432
4.943854500544,0.25827648619899
4.944898314966,0.2502015878219599
4.945910577549,0.2609552375532437
4.946967612122,0.24752838118720244
4.947971395019,0.25756533363599754
4.949017173542,0.24956747067123883
4.950031705909,0.25954418179242467
4.951087971243,0.2643258257960526
4.952164835523,0.2481008488215202
4.953176601889,0.24878803468634436
4.954192235227,0.2588338717112492
4.955249983814,0.24596699008876907
4.956256105755,0.2500912824319891
4.957280033593,0.25371018854418953
4.958319770537,0.2503804560561415
4.959346726941,0.24961893760733192
4.960371457507,0.246558599528954
4.961384552929,0.2540504669705744
4.962429381443,0.2431114121161787
4.963430142008,0.2434087516693234
4.964432919264,0.24975458606494547
4.965462638514,0.2519303787466023
4.966502181896,0.2586055452189959
4.967570181896,0.24807904353196467
4.968596047868,0.24673395408873722
4.969617278746,0.2581807171969996
4.970686315645,0.2550450419949993
4.971743145639,0.24512898301222785
4.972759797035,0.24262585741379694
4.973766989573,0.2460328012510153
4.974789153388,0.24052333417579616
4.975789200292,0.24398944930398003
4.97680446384,0.2496625570588941
4.977844189364,0.24637208197448343
4.978870952646,0.2467395169240725
4.979899988459,0.2405677277680957
4.980904083705,0.2504108631942239
4.981950018258,0.2489151822696129
4.982990498594,0.25367036982900265
4.984051792608,0.24940916901692264
4.985096104708,0.24646560726372693
4.98612886554,0.24375131720540535
4.98715091782,0.23930695248127384
4.988154964232,0.23913628812706672
4.989159033099,0.23872327621152756
4.990162120694,0.25159593790519086
4.991220091811,0.24989953273692087
4.992271803554,0.2389279271566124
4.993278122457,0.23932928779604398
4.99428681034,0.23833620555497598
4.995291987044,0.13389173878337082
4.995856921255,0.09556250456351825
4.996260365699,0.23780458791810666
4.997264651732,0.24083570449787256
4.99828244394,0.23810900305662397
4.999289462841,0.23934393034477783
5.000302546344,0.237636808035357
5.001309250148,0.24495648679882362
5.002347797465,0.23624801087374636
5.003350285674,0.23656747648941306
5.004355023054,0.23688220413020988
5.005361955281,0.23904593432626906
5.006378890699,0.23771640006408176
5.007390913611,0.23631271083421948
5.008397777459,0.23522607728569603
5.009400856361,0.2380588744006313
5.010416878715,0.24345522291412322
5.011456878715,0.24316497155058106
5.012496878715,0.24285165663738584
5.013536878715,0.2401917228287889
5.014567471825,0.23595815582871393
5.015581726366,0.2356475903835918
5.016595924447,0.23538062832468837
5.017610092627,0.2399457029077519
5.018645005193,0.2327888052788941
5.019650067963,0.235891999558621
5.020669525453,0.23913265368733663
5.021703953386,0.2370660605268896
5.022730303272,0.2400238215490285
5.023770303272,0.2391804461588693
5.024807531345,0.2348940221074444
5.025827040589,0.23808764343719527
5.026861220246,0.2416961912861859
5.027911884858,0.23143841823981973
5.028918721607,0.23441323761904423
5.029939258179,0.2335422679696636
5.030956820774,0.23012563088040833
5.031960289315,0.2339742457355221
5.032981299274,0.23128717085048953
5.03399135188,0.24510257569435945
5.035062583694,0.24395482870657756
5.036129708425,0.22853829619281033
5.037130275346,0.23047015573365998
5.03814009093,0.23543058033637101
5.039172356435,0.22821541429930273
5.04017366528,0.231541968697168
5.041190293604,0.22905418656183424
5.042196703015,0.23236495995438092
5.043218311413,0.23454423082712972
5.044250156841,0.2298311195464276
5.045261933577,0.22725420518304673
5.046263016181,0.16362402620314473
5.04698414957,0.23621166086947118
5.048025926891,0.2278789224198326
5.049031631168,0.22799962044439986
5.050038536602,0.2306113473834282
5.051057625581,0.23714401666668372
5.052106311741,0.22654198026157424
5.053108763811,0.24018636381295386
5.054172152076,0.2392667616474071
5.055232269908,0.23519375387808364
5.05627514183,0.23996507384887875
5.057339875512,0.22888502045975836
5.058356135685,0.22850837045011002
5.059371435988,0.23062839717663625
5.060396833351,0.2293897958724289
5.061417343997,0.22827139259626075
5.062433530945,0.2329951287089534
5.06347153655,0.23632902760174232
5.064525145483,0.22645969671896832
5.065535426604,0.24161511434461022
5.066614098232,0.2242032624456535
5.067615770867,0.23264177833529176
5.068655770867,0.23063620877386518
5.069687514285,0.22809838905128219
5.070708661859,0.24058918534005694
5.071786427205,0.2261900545630269
5.072800364843,0.2231892176916889
5.073801549082,0.22781427473740246
5.074824212451,0.22775558991658815
5.075847307779,0.23361518798476713
5.076897382051,0.2239657221508995
5.077904786624,0.23868843908778
5.078979169808,0.223161607426491
5.079984413136,0.20134879876654724
5.080892105025,0.22785958843157025
5.081920009569,0.22967243105822274
5.082956872839,0.22334644113683993
5.083965928522,0.229163753115452
5.085001922511,0.22919386916048512
5.086038675309,0.11965256379892335
5.0865801692,0.2249449479659542
5.087598747163,0.22335855495837806
5.088610837264,0.22912429045472585
5.089649826084,0.22105837186267382
5.090652996628,0.22058190567473168
5.09165468679,0.22338327048456053
5.092669794651,0.23384656807505444
5.093733190075,0.22291933010281018
5.094747667223,0.23342892781951066
5.09581084976,0.22076908439820653
5.096817095264,0.22060063127075005
5.097823305277,0.22796172709755788
5.098863811675,0.22176092480880863
5.099876855775,0.22311845652401932
5.100897013139,0.21889485155750643
5.101898554016,0.23119856685031778
5.102957035657,0.22508868348449856
5.10398844982,0.21859866062596411
5.104991129819,0.21776845357148622
5.105991455349,0.21894700741556178
5.107000589223,0.2178944670979873
5.108008911718,0.226464854408909
5.109059310891,0.22465180602812443
5.110102729091,0.21576080100209818
5.11110587038,0.21745864689219643
5.112117913812,0.21546132819968858
5.113121553838,0.22820995647858827
5.114185461348,0.1574642378681154
5.114920181554,0.2164779969082683
5.115931015851,0.21911497498112117
5.116955036893,0.22391217716250528
5.118002351919,0.21678274519591104
5.119017168561,0.2144288000217911
5.12002178195,0.22749215359727282
5.121088408284,0.22164067029699186
5.122128408284,0.21325606523086052
5.123129899946,0.21401544287326457
5.124135754645,0.22608017373790623
5.125199173697,0.22853068822461095
5.12627501789,0.21504628431086292
5.127288166088,0.21378318739535834
5.128296157955,0.2126920535328636
5.129299848452,0.21789250583817918
5.130328889526,0.21810211273621016
5.131359737433,0.21205221455530546
5.132362791731,0.21192545761643572
5.133365978477,0.21603026961345012
5.134389302631,0.21938677843501822
5.135429302631,0.21579123096889138
5.136453087717,0.21471229083709434
5.137472529058,0.21946657607654532
5.138515321335,0.2156301940896493
5.139540639704,0.2230785795576841
5.140602233365,0.21809938179525235
5.141640902125,0.21296142344056052
5.142655796244,0.21722918722738546
5.143691837381,0.21404922512890004
5.144713441068,0.2136382933741136
5.145733827495,0.2151294576221916
5.146762260815,0.217999114877216
5.147805245448,0.2143503897871918
5.148831493207,0.21069003026824332
5.149840951096,0.21650511821456073
5.150879007081,0.21486776938578822
5.15190996296,0.21297532052014254
5.152932598092,0.2114841143439237
5.153948814733,0.21846971453504582
5.1549993958,0.21768091018382574
5.156047035503,0.2157212652467624
5.15708602758,0.21500317353650275
5.158122320965,0.20851433393004948
5.159128092104,0.209821642155249
5.160140916809,0.21039161495064024
5.16115724943,0.21380005627193552
5.162190866165,0.21051751475675537
5.163209449979,0.2172163042446868
5.164261246344,0.20892462743905207
5.165273647705,0.08084318907177745
5.165665640049,0.20662240857891456
5.166667844992,0.21688625715802018
5.167720593269,0.22083835424028062
5.168793336916,0.20838160879388595
5.169806288697,0.21378760289928395
5.170846288697,0.20776647967608194
5.171857760424,0.2056164180340024
5.172859533685,0.21331086491454915
5.173899533685,0.21316236846992984
5.174939533685,0.2147094676388383
5.175987823747,0.21257220828817822
5.177026416098,0.2174266757953394
5.178089561707,0.21252109478831882
5.179129561707,0.20587424233348142
5.180137795754,0.20460556018025924
5.181140476042,0.21134671408506422
5.182176927755,0.20645277046268995
5.18319004378,0.21621183633981378
5.184251744727,0.21164884977599216
5.185291744727,0.21148281696170118
5.186331744727,0.20543239567792357
5.187342745772,0.20303746230563963
5.188342757408,0.20447170148876864
5.189350628216,0.20601577521812883
5.190366950542,0.2150491887816896
5.191428601137,0.21053645376893046
5.192468601137,0.20409121035101244
5.19347750574,0.20416936211273815
5.194487540388,0.20254428288184084
5.195490368083,0.20257143560335772
5.196494142559,0.20247607202677256
5.197498181977,0.19822054891533888
5.198481829687,0.20629308416277015
5.199506233157,0.20381285209241462
5.200519058038,0.20122031569222124
5.20151975071,0.21235239031968797
5.202576592495,0.2066338049417243
5.203605785565,0.20570534580956948
5.20463117107,0.2040986685894025
5.205649273121,0.20065109160445055
5.206650835191,0.2066890103220767
5.207683264669,0.20825772390707653
5.208724302525,0.2031274939729426
5.209740461748,0.20396567217937428
5.210761580004,0.20059348271493876
5.211766528792,0.20961428368325824
5.212817429626,0.21052604632252825
5.213873682791,0.20060437844824452
5.21488082667,0.20731232194734378
5.21592229863,0.20443910518289996
5.216950028952,0.20294822833751755
5.217970995112,0.2077811382187857
5.219017020401,0.20326615228439335
5.220041055567,0.1990288052124006
5.221044453701,0.19886006535333953
5.22204765445,0.19850095555679728
5.223049702552,0.2025145044519072
5.224072729444,0.20573452290808958
5.225112729444,0.20558891098554735
5.226152729444,0.19930130730483767
5.227161604698,0.19903298399060132
5.228169755723,0.19906708040922888
5.229178740712,0.20390364499438587
5.230212941089,0.20490354934005445
5.231252941089,0.19766837703190404
5.232256905071,0.1978324644584978
5.233262440135,0.20446471276624498
5.234302440135,0.21189714218889533
5.235381053806,0.20415518730568202
5.236421053806,0.1994186466591945
5.237437648781,0.19824923038468878
5.238449004011,0.20371815127852383
5.239489004011,0.20358674436125912
5.240529004011,0.20345418441615695
5.241569004011,0.20453796262025484
5.242615328093,0.19924477889375322
5.243635328093,0.1983172253804264
5.244651328093,0.200387968452033
5.245678894854,0.20027465829186614
5.246706458047,0.20449168612563917
5.247756077849,0.20157707940774203
5.248791556041,0.20788670230164466
5.249860290267,0.2021414407703914
5.250900290267,0.2019787983594587
5.251940290267,0.2018517107345533
5.252980290267,0.2017304852118916
5.254020290267,0.20157698270472252
5.255060290267,0.1937028269408419
5.256060385136,0.20128135570478162
5.257100385136,0.20113122683696877
5.258140385136,0.20100359872826384
5.259180385136,0.20086762257034732
5.260220385136,0.19446316596846516
5.261227900562,0.19554668917832235
5.26224171213,0.1980414245118595
5.263269222452,0.20541275869717887
5.264335771369,0.19295536194878612
5.265338301911,0.19316491482896875
5.266342611417,0.1998867396302865
5.267382611417,0.1939875098716476
5.268392630749,0.19630879567401527
5.269415471948,0.20273134655076067
5.270472546505,0.20088572707533425
5.271520756612,0.1991820986547369
5.272560756612,0.19903755791256075
5.273600756612,0.1988906024194237
5.274640756612,0.19491397028757595
5.275660593917,0.19863713944331832
5.276700593917,0.20175702460000555
5.27775765679,0.2016165779464842
5.278814717418,0.01524924391732078
5.278894717418,0.19820985886008213
5.279934717418,0.20052798680682404
5.280987595098,0.19794855112619242
5.282027595098,0.19612565802135673
5.283058680433,0.2023049316242022
5.284122974483,0.19136441842456983
5.285130385632,0.19827006085579008
5.286174896207,0.19422006047136944
5.28719876341,0.20233874229509777
5.288266198373,0.20022153041682347
5.289323244911,0.19685701106124878
5.290363244911,0.19016246676144147
5.291368527609,0.19214113655718776
5.292384945525,0.19646048239728614
5.293424945525,0.19631642093530416
5.294464945525,0.1900432757738427
5.295472364606,0.1960953734951897
5.296512554932,0.1987276979051434
5.297567494966,0.19576586121237383
5.298607494966,0.1956443662907944
5.299647494966,0.19551362934514457
5.300687494966,0.1953716848951692
5.301727494966,0.19521237345981268
5.302767494966,0.1950668239564492
5.303807494966,0.19495462863353596
5.304847494966,0.1981646805593884
5.305905325144,0.1880316128535946
5.306909760842,0.19454911786215645
5.307949760842,0.1944140742970113
5.308989760842,0.19428189280090624
5.310029760842,0.19414520134653004
5.311069760842,0.19400237984399538
5.312109760842,0.20031852042004838
5.313184384784,0.18691288075784523
5.314187840643,0.19711701263280312
5.315246886941,0.18674966669107212
5.316250905061,0.18603269069991218
5.31725173777,0.1937314046215947
5.318294711321,0.19303467999330845
5.319334711321,0.19288869573088097
5.320374711321,0.1873470013594068
5.32138554091,0.18596897307307794
5.322389665728,0.1956825913273207
5.323446902048,0.19236806975730691
5.324486902048,0.19222804471491717
5.325526902048,0.19662552572172576
5.326591413075,0.19799086798732957
5.327664093067,0.1856955268364444
5.328670815751,0.191842587472867
5.329711488402,0.19170720766574073
5.330752157692,0.1963025584539339
5.331818566892,0.186860688399577
5.332834392326,0.19569502904781932
5.333899049344,0.18369292007149413
5.334899088647,0.18854320469236485
5.335926196345,0.19011461968875012
5.336962584452,0.1896245526171862
5.337997081105,0.19161723721727944
5.339043239604,0.18443117308043042
5.340050824839,0.18887287014816945
5.341083343689,0.18742046846209606
5.342109054588,0.1882846134112879
5.343140427952,0.18935438659603357
5.344178100834,0.19607118714102345
5.345253087872,0.18752002480438654
5.346284844797,0.1887116496670116
5.347329542197,0.18172140448810237
5.348339295612,0.18693487564372685
5.349379614107,0.18102133110285157
5.350388086353,0.18360573739678918
5.351411923704,0.18299520481261924
5.352433317153,0.18589933622630547
5.353471857206,0.18187289387389255
5.354488774365,0.18125634583364889
5.355502978657,0.17884340031656515
5.356504343863,0.17955064203891824
5.357510318355,0.19133953232917492
5.358583078658,0.1838798150236572
5.359614761509,0.1786740863573588
5.360617913414,0.190355039437922
5.36168738224,0.18497761613636124
5.36272738224,0.18970761533836855
5.363794687451,0.1847308138427447
5.364834687451,0.18459625572129285
5.365874687451,0.17754083890033914
5.366875588038,0.18436803135078914
5.367915588038,0.1877905820980545
5.368975588038,0.18413009428844837
5.370015588038,0.18400947190902955
5.371055588038,0.18161643511763634
5.372082869153,0.1798201701964455
5.37310077064,0.17864015747365475
5.374112541932,0.18266787943799018
5.375147616017,0.18256624741248004
5.376182769154,0.18329391272314063
5.377222769154,0.18317200926003036
5.378262769154,0.18446762225688623
5.379310894182,0.18552999358208977
5.380365869684,0.18418705118489265
5.381413992113,0.1788661383553947
5.38243252697,0.18251621298167728
5.38347252697,0.18239025757873303
5.38451252697,0.18820664643625878
5.385586363632,0.1859583764541264
5.386648038955,0.1820299220290018
5.387688038955,0.17694029863560384
5.388699672917,0.1762286308470144
5.389707910034,0.1771231928156557
5.39072198021,0.1777183122891489
5.391740228206,0.1837563615475789
5.392793819689,0.1753079212524671
5.393799610724,0.17545987467936155
5.394806889726,0.17689527012537995
5.395823017745,0.17644990891354473
5.396837215736,0.1739330637526766
5.39783761337,0.17471779808397989
5.398843179995,0.18058644283245076
5.399883179995,0.18046970930181785
5.400923175857,0.18367412805496985
5.401982302166,0.18023571457727758
5.403022299393,0.17525504993881774
5.404034267121,0.17860287300039104
5.405066267121,0.17985816576573724
5.406106267121,0.17973083695333844
5.407146267121,0.17684376645841757
5.408170267121,0.17655820801351965
5.409193226712,0.17371836379553302
5.410200287884,0.18207018105413672
5.41125648453,0.17916188385799872
5.41229648453,0.17903354006508995
5.41333648453,0.17890842226863599
5.41437648453,0.17879730556161477
5.41541648453,0.17866794610411046
5.41645648453,0.1798075913888641
5.417503872108,0.17841875713553682
5.418543872108,0.18423428925320998
5.419618504443,0.173059309424686
5.42062862139,0.17849926181774906
5.421671194979,0.17795261235023768
5.422711194979,0.18365946741624875
5.423785169796,0.18049526536610644
5.424841337496,0.17899641644935618
5.425889421099,0.18279045123805532
5.426960403627,0.17738744321482877
5.428000403627,0.17390068634250935
5.429020611019,0.17716429142939175
5.430060611019,0.1770506040567021
5.431100611019,0.027225818830032954
5.431260611019,0.17691172375829162
5.432300578979,0.1781768091037741
5.433348660765,0.1767949136051168
5.43438926612,0.17412640224473327
5.435414810504,0.17451017705565391
5.436443272674,0.17635230366616533
5.437483272674,0.17623252498025369
5.438523272674,0.17611436105059258
5.439563272674,0.17600683024866823
5.440603272674,0.17590522034507297
5.441643272674,0.17580109229737864
5.442683272674,0.17569770740375
5.443723272674,0.17559147353853938
5.444763272674,0.17547440805356979
5.445803272674,0.17534897895171214
5.446843272674,0.17522505100182545
5.447883272674,0.1751086843491136
5.448923272674,0.17500564167086696
5.449963272674,0.17826537022744054
5.451023272674,0.170519157884117
5.452037847185,0.16996326106515655
5.453049716855,0.17517765487916856
5.454093242545,0.18024933378977157
5.455167659694,0.1737560309032235
5.456204072382,0.17424612897985695
5.457244072382,0.17413782868652544
5.458284072382,0.17402948531164478
5.459324072382,0.16801436426010438
5.460328712262,0.17163875525566308
5.461355614114,0.16784856774189466
5.462360417281,0.17882760468036016
5.463431613205,0.1788888523166345
5.464503819268,0.16935050679117056
5.46551942701,0.1691578027695154
5.466534483394,0.17323651311990373
5.467574680572,0.1704041529793398
5.468598521045,0.16984655014656444
5.469619553988,0.16947997052500316
5.470639021343,0.16896686123323656
5.471656038142,0.1708621453921729
5.472685061234,0.17109091443972307
5.473716121525,0.17100508843847592
5.474747174391,0.1701207648657289
5.475773446162,0.16943948258513458
5.476796248209,0.17865632325031772
5.477875284832,0.1706162215965201
5.478906316993,0.17051116110914932
5.47993734399,0.16572478636962076
5.480940049313,0.1712939022477302
5.481977006082,0.16942629899086137
5.483003242237,0.1725761739283966
5.484049216277,0.17027001417570833
5.485081883055,0.17058083287648623
5.486117660325,0.16826983333337275
5.487143873339,0.17522549204993262
5.488219271896,0.16409099009473527
5.489229432302,0.16685298440801435
5.49025790671,0.16644605189835654
5.491284810019,0.16203007876978562
5.492285340021,0.16306455364837966
5.493293030461,0.16333661097207983
5.494303162531,0.16580522123539088
5.495329288162,0.16310340925811845
5.496339408301,0.16673673751300838
5.497372726031,0.16333140925653278
5.498385541944,0.16303433888938507
5.499397154307,0.16233391820406123
5.500405052996,0.1665820324241589
5.501439890213,0.16417870922262784
5.502460364662,0.16482578821253
5.503485505903,0.16732098681825266
5.504526791683,0.16093562721272275
5.505528907406,0.16286870995031377
5.506543593116,0.16157209027457423
5.507550728813,0.16469556211808337
5.50857794895,0.1666451500304451
5.50961794895,0.1629735135815054
5.510635594936,0.1152601825275594
5.511355594936,0.05770087075702753
5.511716243255,0.16813284816589685
5.51276742095,0.16336118902539498
5.513789569658,0.17163686177128806
5.514864975265,0.17190505489114036
5.515943389795,0.16029838784346248
5.51694994038,0.16465410607793485
5.517984877636,0.16307532196920616
5.519010820114,0.1646025002872446
5.520047235001,0.16433263985741026
5.521082879826,0.15897260450612344
5.522085898685,0.15951545310047677
5.523093515946,0.16265182545452275
5.524121994085,0.16386658845910942
5.525158928974,0.16792529742974266
5.526222208457,0.1611069910980678
5.527243010546,0.15930644450233428
5.528253053076,0.17177953389683906
5.529342892029,0.17327408057366048
5.530442892029,0.1592367472975408
5.531454366102,0.16464022003652223
5.532500792873,0.17288443437568837
5.533600356005,0.15817268130722603
5.534607022682,0.15866549651986184
5.535617417924,0.1592187622701143
5.536631902464,0.16754018977664403
5.537700021251,0.15933910494679873
5.538716527461,0.16076519360322458
5.53974282067,0.16111953267738352
5.540771939613,0.15907950266158088
5.541788606362,0.1630241464926558
5.542831186482,0.15762167927041434
5.543839871051,0.16931382225445873
5.544924055302,0.15857332517688985
5.545940055302,0.16328321307962965
5.54698685741,0.1598587075773311
5.548012307345,0.1560804721670526
5.549014089532,0.16337102911629833
5.550063327249,0.1584548677825264
5.551081602594,0.1574533385017868
5.552094024781,0.16194678703337548
5.553135952775,0.15857691678631364
5.554156755008,0.15946375319185452
5.555183809969,0.15846807559888185
5.556205039996,0.16696274454244736
5.557281646242,0.16384645524378952
5.558338789314,0.15535181598455922
5.559341712591,0.1575413019933692
5.560359330589,0.1609396974473029
5.561399468017,0.16154235276551315
5.562444054734,0.15614351032026386
5.563454281097,0.1560071679832064
5.564464183138,0.1575514540744273
5.565484629039,0.1697308799854474
5.566584629039,0.15599155540250031
5.567596175418,0.16952442374035334
5.568696175418,0.16510244002538688
5.569768183832,0.16930575416071042
5.570868183832,0.15539273896113015
5.57187839875,0.1568756559349999
5.572898825197,0.15447846525818643
5.573904221424,0.1599406928565769
5.574945795802,0.15440190294709955
5.57595190213,0.1614167548861518
5.577004313413,0.15820300361127482
5.578036295048,0.15597749130424887
5.579054281707,0.16500402171954268
5.580131787802,0.1637925415976754
5.581201993427,0.15609036269416038
5.582222401491,0.15633881750203343
5.583244969816,0.15995818837120623
5.584291745465,0.15551514313062495
5.585310009178,0.15493983348357884
5.586325080587,0.1544817302816189
5.587337703675,0.16772086149507076
5.588437703675,0.16763490719236607
5.589537703675,0.16471760052887469
5.590619182415,0.16028397779665737
5.591672165035,0.1673467790112633
5.592772165035,0.16422883514430892
5.59385222815,0.16717438482647934
5.59495222815,0.167085997910533
5.59605222815,0.1631965467801398
5.59712722815,0.1667312076612369
5.598226106269,0.16681606129435145
5.599326106269,0.15214862627519576
5.600329936519,0.15490986198175843
5.601352528012,0.15453492455744056
5.602373247529,0.15592492393033305
5.603403787061,0.15886328664009342
5.604454324174,0.154270786870391
5.605475036398,0.1556774697958087
5.606505565768,0.1570217873054886
5.607545583955,0.15613322857827558
5.608580352487,0.16298110419788234
5.609661047527,0.15532147676285546
5.610691566162,0.158235488996243
5.61174208115,0.15365322803226214
5.61276276514,0.15504232289509068
5.613793274679,0.15796031588781345
5.614843781096,0.15787263029024015
5.615894284967,0.16005105875477266
5.61695988971,0.1546911085720879
5.617990386927,0.15760772696713188
5.619040881491,0.16203961693770966
5.620121538416,0.1648377970179717
5.621221538416,0.15318925357321292
5.62224583278,0.15431264252545007
5.623279949651,0.16397257326925588
5.624379949651,0.16217786630648243
5.625468695238,0.16374159322560755
5.626568695238,0.1500692644528967
5.627577584798,0.1610880149868989
5.628661183311,0.16342422998260675
5.629761183311,0.15470394375259888
5.63080321933,0.16321049982748875
5.63190321933,0.16312796512543795
5.63300321933,0.14971612292514785
5.634013368053,0.16293415774598868
5.635113368053,0.1495435847962895
5.636123489562,0.1546077325298877
5.637168368956,0.1602817675026876
5.638252252826,0.1625661128970141
5.639352252826,0.14783628542402102
5.640353117791,0.1623843272823262
5.641453117791,0.16228011737181694
5.642553117791,0.155545662517123
5.643608100541,0.15211918442287006
5.644640390597,0.15705374052491508
5.645706716004,0.1532473059915506
5.64674779109,0.1615057906320345
5.647845688934,0.16170690654931294
5.648945688934,0.1510560468764359
5.649973852461,0.15881091204914977
5.651055404064,0.15536577566900128
5.652114108754,0.14854442427215653
5.653126956312,0.15096702407870996
5.654156955776,0.15010656870373762
5.655181696318,0.14680874996425414
5.656184492267,0.16094648975427595
5.657284492267,0.16084892963163486
5.658384492267,0.16071595455554002
5.659484492267,0.16038551365584452
5.660584492267,0.16002779265720002
5.661684492267,0.1598698642960458
5.662784492267,0.15974315315384574
5.663884492267,0.15091887428878892
5.664924456162,0.02785239130536129
5.665116502888,0.149791407582809
5.666149518915,0.1524518469997406
5.66720162193,0.14786069405136115
5.66822270229,0.1490116360348376
5.669252353285,0.14596029200132085
5.670261562031,0.14675530855779956
5.671276892427,0.1494177830753175
5.672311292265,0.14903773899725062
5.673343702284,0.1542538303361014
5.674412854484,0.1567191411588743
5.675499772256,0.14426285737306047
5.676500899852,0.14956322557213053
5.677539457895,0.15709767411326206
5.678630996059,0.15821024644043108
5.679730996059,0.15811203771389323
5.680830996059,0.1545094468578822
5.681906542823,0.15634812004577506
5.682995580936,0.1578258801616035
5.684095580936,0.15772955609908137
5.685195580936,0.15763420837923564
5.686295580936,0.15752651864264408
5.687395580936,0.14541294684839762
5.688411637912,0.15733335368028545
5.689511637912,0.1454568550966324
5.690529217026,0.1571424858347203
5.691629217026,0.14296421266506773
5.69263057238,0.1518975664846828
5.693695116782,0.1448597594288761
5.694710977727,0.14677227949190536
5.695740831692,0.1566743959561659
5.696840831692,0.1565777234863026
5.697940831692,0.14705963166539868
5.698974630203,0.152526902783667
5.700047559294,0.1562815729832007
5.701147559294,0.15619615093209185
5.702247559294,0.14629796222619515
5.7032786208,0.15598057318200012
5.7043786208,0.15589606150251437
5.7054786208,0.14334004977291975
5.706490641639,0.1448046387584398
5.707513569946,0.14289469274480013
5.708523618677,0.14771007215943846
5.709568391951,0.15540887903031067
5.710668391951,0.15530164597704604
5.711768391951,0.1551942727457038
5.712868391951,0.14258897413430152
5.713879698733,0.15499839363646215
5.714979698733,0.15489848528131508
5.716079698733,0.15479909028899128
5.717179698733,0.14146801297169806
5.718185557407,0.1546083608687452
5.719285557407,0.14409684960807453
5.720311493361,0.14161372710479972
5.721320440417,0.14939379385607673
5.722385440417,0.14375173298783822
5.723410769838,0.1414160021846831
5.724420048684,0.1475921016562093
5.72547406491,0.14149619541467334
5.726485167632,0.14089775680361646
5.727492658392,0.14880731405081524
5.728557388712,0.14578746679472693
5.729601164125,0.14514062360897384
5.730642111239,0.1415948673392385
5.731660113189,0.1437490698061158
5.732695085437,0.1437444782630692
5.733730893877,0.1393289258522666
5.73473559082,0.1415507643085556
5.735757036868,0.14390073966416198
5.736796221079,0.14491960946754456
5.737843447584,0.14272910731843172
5.738875537627,0.1436075174629039
5.739914697296,0.14351113189902312
5.740953857874,0.1434174894573592
5.741993010697,0.14092356431695066
5.743014784966,0.1475148254490351
5.744085000987,0.14325062583033485
5.745124869364,0.14714167620465027
5.746193602952,0.14133981476129215
5.747220845737,0.14287735510439384
5.748259877028,0.14158098818378423
5.74929003713,0.14268601899585964
5.750328765024,0.14375084893663395
5.751375837372,0.13726516662166316
5.752376318837,0.14356148035353436
5.753423377721,0.13940238249490136
5.754440696464,0.142291202022563
5.755479702307,0.14034912178045392
5.756505151094,0.13846500451175742
5.757517366762,0.14315238576760134
5.758564400831,0.1391995624825864
5.759583115093,0.14462518596549925
5.76064210318,0.13882204925528374
5.761659150218,0.14213035248163797
5.762701038658,0.1456693976227905
5.763769499954,0.14157083587141958
5.764808471226,0.13733957517859388
5.765816921429,0.1414225421694774
5.766855884339,0.14159298298194356
5.767896696577,0.1433664702934888
5.768951114341,0.1379011711504194
5.76996592404,0.1413368664725881
5.771006553747,0.14111619562818786
5.772046111649,0.13883779124519083
5.77306942092,0.137883607448225
5.774086188035,0.14909552291326966
5.775186188035,0.137009068322696
5.776197491412,0.1420469352708189
5.777246657203,0.14883584482302467
5.778346657203,0.14122918140971763
5.779390929789,0.1428737526904301
5.780448034725,0.14384888595836148
5.781512899102,0.13925641322918972
5.782544234654,0.1426279872025689
5.783601241305,0.1369584298353281
5.784616826378,0.14826358906105877
5.785716826378,0.13852499560323564
5.786745127498,0.14338147731643977
5.787810127498,0.14800580789872025
5.788910127498,0.13506847543397807
5.789914522171,0.1478274355060085
5.791014522171,0.13640532834973523
5.792030142947,0.1346687002665281
5.793033187815,0.13698491777165994
5.794053910201,0.1453011255559588
5.795137183108,0.14062926374370863
5.796186169772,0.13801922577263698
5.797216198456,0.14733979788474613
5.798316198456,0.13448974859292884
5.799320633054,0.1450821174091971
5.800404687184,0.14697612058392864
5.801504686955,0.1333049583442822
5.802504686955,0.1410347972990562
5.803564164509,0.13300800197466162
5.804564164509,0.1328961040915008
5.805564164509,0.13661041098376572
5.806593016241,0.13303790094078577
5.80759569963,0.13296389265273312
5.808598377224,0.13509223643737395
5.809617610736,0.1328057524810711
5.810620276734,0.1353482255848623
5.81164293416,0.1384261778448289
5.812689386436,0.13631865923064662
5.813720369434,0.1324887737439167
5.814723006857,0.13241726297343484
5.815725636463,0.13234032298173018
5.816728261958,0.13720850937796444
5.817768343344,0.13967773764177926
5.818827500031,0.13486910227925694
5.819850731816,0.1387811108931293
5.820904291873,0.13472057270720847
5.821927506638,0.1386433170494297
5.82298105189,0.022945871881718653
5.82315546788,0.13497271442823086
5.824181838048,0.13448594095368574
5.825205032923,0.1334167469878868
5.826220608324,0.1362084528276282
5.827257955161,0.1342739591251662
5.828281131112,0.1381757379231005
5.829334630892,0.13153064891725622
5.8303380038,0.1373936754542931
5.831386677799,0.13127915093224896
5.832389218482,0.13703311157330716
5.83343627929,0.13254789820979448
5.834449661186,0.13750626969764113
5.835501572197,0.1314714417070706
5.836507889433,0.13194278787037028
5.837518395652,0.13223512713322202
5.838531753986,0.1343389433412545
5.839561874149,0.13162206029714416
5.840571808327,0.13251106805622112
5.84158920837,0.13256783293367905
5.842607694188,0.1326883220884906
5.843627650055,0.13067697600250053
5.844632819724,0.13335219539871815
5.845659093982,0.13393750487599648
5.846690195195,0.1334806688043663
5.847718219556,0.1319181881257944
5.848734656086,0.12980136775660484
5.849735245606,0.1305928299867922
5.850742524327,0.13456114805330097
5.851781276568,0.1334751700872344
5.852812521519,0.1306369296819677
5.853822482792,0.13080239986754047
5.854834433324,0.13136544693092278
5.855851314446,0.13326132855212627
5.856883299933,0.1306384250966909
5.857895410141,0.13402521246634097
5.858934230541,0.13453301962809935
5.859977476803,0.13165910856042362
5.860998887825,0.13341136281715205
5.862034381559,0.12872277855219114
5.863034381559,0.1298855316162675
5.864045701831,0.12816039634580914
5.865045701831,0.12804798084242253
5.866045701831,0.1279302252085075
5.867045701831,0.12782126276241051
5.868045701831,0.12772411009238924
5.869045701831,0.12762127730266912
5.870045701831,0.12752915791388045
5.871045701831,0.1274492305593359
5.872045701831,0.12735072277521053
5.873045701831,0.1352052992210106
5.874108990055,0.1268581150416952
5.875108990055,0.13388375646401562
5.876166179908,0.13307168540843348
5.877218087036,0.12665044804067674
5.878220144761,0.13663723154215973
5.879302222826,0.12609770355250477
5.880302222826,0.12589821782094965
5.881302222826,0.1347171607755267
5.882373655714,0.12564048401881822
5.883373655714,0.12557565582981617
5.884373655714,0.13365539923197026
5.885438655714,0.12541219968844833
5.886438655714,0.12533564418437404
5.887438655714,0.1260905807063756
5.888445237651,0.13187317941465843
5.889498571619,0.12512214536484137
5.890498571619,0.1250506185706368
5.891498571619,0.12498063397790712
5.892498571619,0.12632288022330404
5.893509894026,0.12969481986027567
5.894548841719,0.12502609785292507
5.895551012803,0.12494965224259141
5.896553180141,0.12487396633711607
5.897555340601,0.1252272637107797
5.898560898658,0.12473001854477488
5.89956305105,0.12874001184903078
5.900598053289,0.12458217657616855
5.9016001954,0.1245257131706646
5.902602334639,0.1244776217589052
5.903604464045,0.12444414741143463
5.904606673718,0.13243556004063065
5.905673731577,0.1310968376258523
5.906730473454,0.12968123991788197
5.907776264153,0.13209843101984814
5.908842046807,0.12556053356401883
5.909855550079,0.12786659984154006
5.910888205304,0.13021351278518917
5.911940433989,0.12802033091414963
5.912975541336,0.127949197550249
5.914010635074,0.1276264606626645
5.915043632419,0.12846530860087205
5.916083861104,0.12666103105556917
5.9171099512,0.12671539135426363
5.918137036233,0.1305948779623426
5.91919611978,0.12622379472475176
5.920220263936,0.13253217022002503
5.921296120484,0.12538321644558956
5.922314440556,0.12737828350901884
5.923349447203,0.1246743205655226
5.924362957993,0.1250703070366731
5.925380184753,0.12293781058381716
5.926380566607,0.12446318350913697
5.927393906214,0.1242182700179918
5.928405840316,0.12338118383065254
5.92941157558,0.12414636569153757
5.930424137177,0.12323516203425325
5.931429845963,0.1258659149432107
5.932457651761,0.12701608112053467
5.933495478248,0.12991507404423733
5.934557668829,0.12300982910117773
5.935563955384,0.12293865214045277
5.936570233776,0.12520250934958602
5.937595728992,0.12202284992484666
5.938595728992,0.12478011989852376
5.939618790801,0.123715317957747
5.940633688436,0.12383168261506822
5.941650112425,0.12383007097042881
5.942667102911,0.12168453748650088
5.943667102911,0.12161363810261878
5.944667102911,0.12147661304176571
5.945667102911,0.12120601799065349
5.946667102911,0.04840037851310855
5.947067102911,0.12091592311021866
5.948067102911,0.12866440155930597
5.949132102911,0.12199661813646145
5.950143226548,0.13111429019809887
5.951231431834,0.1248123074349587
5.952268832382,0.1271650934264498
5.953327595676,0.11985508634243514
5.954327595676,0.12589600109525637
5.955379858512,0.12150379466167849
5.956396503574,0.1251707130332468
5.95744465321,0.12114858799911235
5.958459906934,0.12033453184685065
5.959469089899,0.11918514252668475
5.96046929742,0.12687283972813534
5.961534587938,0.11925224535477938
5.962536427038,0.11918442990441659
5.963538259311,0.11910699975082063
5.964540079929,0.11902490708571108
5.965541896347,0.11894929396049332
5.966543710337,0.11887397694907553
5.96754551934,0.11973954997568831
5.968555309788,0.12075198402422627
5.969574309505,0.12616676742240468
5.970639738071,0.12425509461517743
5.971689785626,0.11864567146600201
5.972693158367,0.12494091051372255
5.973750532007,0.12658091247313877
5.974822569569,0.1246452115994172
5.975878959766,0.11905962397283576
5.976888749972,0.12072303059231872
5.977913363211,0.12661408315643602
5.978988696454,0.12396174207321274
5.980042124224,0.12533188731313102
5.981107933559,0.1223469668409084
5.982149265068,0.11875935712218694
5.983161256717,0.12199580797531162
5.984202578964,0.12474498641797307
5.985268889873,0.1227206581263292
5.986318867145,0.11678809959326598
5.987319068208,0.11704051087431214
5.988322372532,0.1257624416764795
5.989401385409,0.12125555987333794
5.990442687056,0.11773792698816078
5.991454636399,0.11644635321371688
5.992456313295,0.11635075692571771
5.993457984761,0.11627323188171687
5.994459650543,0.11619698733124526
5.995461311317,0.11611876858780572
5.996462966868,0.11717583137721066
5.997474317718,0.11599154330329181
5.99847596344,0.11587586329083224
5.999477130656,0.11772568376361203
6.000494801984,0.1158103264986031
6.001496431619,0.11575621856663663
6.002498055384,0.11938571118450049
6.003531498265,0.11957403448647688
6.004567064797,0.11918917112262813
6.005599849392,0.11551205488306865
6.006601448853,0.11711764373191828
6.00761780083,0.11829165368451756
6.00864519968,0.115882712873428
6.009652488047,0.11622705768109225
6.010663397667,0.11667042356913666
6.011678834076,0.11537961434744975
6.01268392839,0.11581658164159382
6.013693475648,0.11608348203562521
6.0147058684,0.11898284588921659
6.015744274329,0.1196778032711562
6.016789340689,0.1250628857248621
6.0178820517,0.11527596215960387
6.018889889113,0.11552887750953927
6.019900412826,0.11427108600639393
6.020900412826,0.11459551155345402
6.021903862112,0.12363323950703589
6.022987111291,0.11406763298344698
6.023987111291,0.11400264714237511
6.024987111291,0.1139394158696242
6.025987111291,0.11389005911603324
6.026987111291,0.11485156132731732
6.027996134394,0.11790694185246546
6.029032623089,0.12385766863389645
6.030121942838,0.11362941790855723
6.031121942838,0.1135688360177497
6.032121942838,0.11350566443277907
6.033121942838,0.11343269773591383
6.034121942838,0.1139271808675127
6.03512686269,0.12198162294988424
6.036203475428,0.11670030991809181
6.037234040033,0.11862756702177764
6.03828218217,0.12277636101248222
6.039367542303,0.11322155627591488
6.040368949933,0.11697361976809467
6.041404105032,0.1131016528798997
6.042405502759,0.11304958080959517
6.0434068995,0.11299282744559147
6.044408291139,0.11294278504969214
6.045409677844,0.11327436005317118
6.046414525587,0.11372490677923804
6.047423880508,0.11401312040569424
6.04843608513,0.11622900804873626
6.049468252184,0.11566244224088586
6.050495782795,0.11452481847145163
6.0515136187,0.1172811408709315
6.052556379443,0.12132523588696026
6.053635613057,0.11577750700215825
6.054666350528,0.11521163030624532
6.055693280026,0.11433135937765831
6.056714064122,0.11358478929106638
6.057730529995,0.11370729543160175
6.05875062869,0.11395732115885644
6.059775050821,0.11662497285476832
6.060824675168,0.11357602936025137
6.061847612714,0.11294882571346074
6.062865510474,0.1164131530618053
6.063915118261,0.12118953488348236
6.065008202367,0.11754275318245587
6.06606886953,0.11424878179271895
6.067100366529,0.11523933530286627
6.068141379215,0.11190793749671651
6.069152893083,0.12045618623512545
6.070242381118,0.11395608878476583
6.071273860401,0.11273878487441719
6.072295117324,0.1115461292741923
6.073306231817,0.1108341540998591
6.074311556268,0.11320971495008472
6.075339072134,0.11025949490349597
6.076340290177,0.11021277427240632
6.077341503749,0.1101572472352009
6.078342711663,0.1100922424643272
6.079343915853,0.11648284095208193
6.080403868726,0.1207275848900375
6.08150309096,0.010979900782383055
6.08160309096,0.10976232052536729
6.08260309096,0.10970293355992873
6.08360309096,0.11979808048721773
6.084695776079,0.10957144826017334
6.085695776079,0.10951128859710392
6.086695776079,0.11482173624576446
6.087744921551,0.12015743152282186
6.088843535977,0.11756125227764808
6.089919122912,0.10922578635076034
6.090919122912,0.11888748817435496
6.092008250869,0.10909112942253496
6.093008250869,0.10902394397078931
6.094008250869,0.1089556703663598
6.095008250869,0.10888718914040961
6.096008250869,0.10881966872468093
6.097008250869,0.10875222995100631
6.098008250869,0.108687751208392
6.099008250869,0.10861899600031781
6.100008250869,0.1085477113118937
6.101008250869,0.1084875906163659
6.102008250869,0.10842634648421622
6.103008250869,0.11347317564204197
6.104055487316,0.10827846361629843
6.105055487316,0.10820699407742337
6.106055487316,0.11271727968780526
6.107097750116,0.11312674046674794
6.108144465861,0.10800289905123774
6.109144465861,0.10844249264166259
6.11014915044,0.11302761297464668
6.111196977037,0.10778649793022273
6.112196977037,0.1128504279623462
6.113244676478,0.10764251180879195
6.114244676478,0.10870161343396764
6.115255115805,0.10751061770339093
6.116255115805,0.1074401655065274
6.117255115805,0.10737399853055604
6.118255115805,0.11400737202880243
6.119317608031,0.1095888205013279
6.120339654308,0.11243986981045904
6.121389002114,0.11062897764937348
6.122422130939,0.1104136809955115
6.123453988272,0.10706861719671888
6.124455352849,0.1068532840728707
6.125455352849,0.10679246665159788
6.126455352849,0.10672472034189062
6.127455352849,0.10665082533677041
6.128455352849,0.10657916368628703
6.129455352849,0.11005426394754234
6.130488635619,0.10644191806253636
6.131488635619,0.1063730190157047
6.132488635619,0.1062989807060414
6.133488635619,0.1062243598999223
6.134488635619,0.10614885264691899
6.135488635619,0.10604093548379968
6.136488635619,0.11218445688688024
6.137548503046,0.1056349314349309
6.138548503046,0.10545556215504928
6.139548503046,0.10530040081185248
6.140548503046,0.10517192969477718
6.141548503046,0.10506179469763918
6.142548503046,0.1119511370081581
6.143614956535,0.10649229209468299
6.144630154474,0.10586903281490015
6.145640145828,0.10572723359563745
6.146649508991,0.11006367419379796
6.147700987181,0.10727656425332306
6.148726564361,0.10793313994275622
6.149759068856,0.10717130598379476
6.150784925257,0.10454915267544607
6.151786371611,0.10523823713454862
6.152795059231,0.10792243987028696
6.153830185073,0.10756679367827963
6.154862543705,0.10478711671264945
6.155868818726,0.10617681264091623
6.15688906607,0.10400481006015132
6.15788906607,0.10393971471924639
6.15888906607,0.10387293915803693
6.15988906607,0.10509368001927732
6.160901483783,0.10874125213164183
6.161949740099,0.10366838872118443
6.162949740099,0.10602869786990296
6.163973155268,0.10353614513494466
6.164973155268,0.10347020933282712
6.165973155268,0.1034090310391746
6.166973155268,0.10335631742736036
6.167973155268,0.1033027858444596
6.168973155268,0.10324196413734954
6.169973155268,0.1031803807442386
6.170973155268,0.010314060336546456
6.171073155268,0.10489466127941469
6.172090416419,0.10637697588807032
6.173122665361,0.10340834585459689
6.17412672647,0.10382569249720583
6.175135461565,0.10405361062971334
6.176147039145,0.1079181162911338
6.177196841142,0.10291561560455155
6.178198605767,0.1080477418584695
6.179251035873,0.10550230041897969
6.180279334264,0.104067602569506
6.181294311071,0.10411430139419921
6.18231042429,0.10780004429761368
6.183363256076,0.10349999962060454
6.184374775483,0.10308544578050258
6.185382964269,0.10241184380195556
6.186385301495,0.10297349504437765
6.187393794348,0.10426007367594328
6.18841554622,0.10630944690653993
6.189458001414,0.1027794225055764
6.190466469525,0.1040578654375955
6.191488197628,0.10299703908554615
6.19250018321,0.1063929512811786
6.193546309629,0.1020363261534202
6.194550293337,0.10513460464071142
6.195585480722,0.10296512631499712
6.196600019819,0.10261869708220696
6.197611836227,0.10526719794852236
6.198650304744,0.10831278332588969
6.199719300181,0.10785018074322841
6.200784300181,0.10582133706516664
6.201829975042,0.10113396980296084
6.202829975042,0.1010719077376355
6.203829975042,0.10100814397814699
6.204829975042,0.10094688213640934
6.205829975042,0.10088341424750626
6.206829975042,0.10081718749328908
6.207829975042,0.10075273857710268
6.208829975042,0.10068355609034628
6.209829975042,0.10061557264982794
6.210829975042,0.10411480743074573
6.211865464497,0.10725986742170711
6.212933015508,0.10040787972639145
6.213933015508,0.10034046929512046
6.214933015508,0.10170650481436057
6.215947338212,0.10332921538731345
6.21697859134,0.10012844002121166
6.21797859134,0.10006146642485154
6.21897859134,0.09999578431869098
6.21997859134,0.09993413775766688
6.22097859134,0.09986889110126809
6.22197859134,0.10790192997164151
6.223059834778,0.10221983459496774
6.224084834778,0.09966342994369723
6.225084834778,0.09964234048104122
6.226085345092,0.09958743354749026
6.227085851197,0.09953190364247277
6.228086353076,0.09946543948701304
6.22908685281,0.09941366386622073
6.230087349498,0.09935702254745252
6.231087839256,0.10725610228011753
6.232168546693,0.09923484680302291
6.233169029334,0.0997870723041072
6.234175657459,0.09912344102985012
6.235176132585,0.09906620531700154
6.236176603222,0.09901357792854003
6.237177069598,0.09898329329150872
6.238177531726,0.10049776418329083
6.239193595386,0.10374531045442778
6.240243028579,0.10115065246078098
6.241266910483,0.09876597220658453
6.242267346112,0.10082915002928027
6.243289373536,0.1048573742689185
6.244352991017,0.09964568742082909
6.245364440154,0.10053951891166645
6.246385701596,0.10380247633241155
6.247440891146,0.10246385747641172
6.248483124796,0.09925304833937361
6.249493330947,0.10228875994776702
6.250535121203,0.10276608646858411
6.251582498312,0.09842691880432589
6.252587120957,0.10195159032596071
6.253630288992,0.1001585913756827
6.254657375641,0.09883310604700934
6.25567242257,0.0974485928576386
6.256674561714,0.1022836955410551
6.257727576141,0.09911028765321217
6.258748920249,0.09976749791703496
6.259777945811,0.09846472328181745
6.260794316122,0.09684295660812522
6.261794661922,0.09696312187015382
6.262796939325,0.09758536082337335
6.263806355605,0.0993192889068794
6.264834411358,0.09788345588131113
6.265848327914,0.09849293166314216
6.266869279795,0.10430245106696864
6.2679512501,0.09748962547009678
6.268963306397,0.09645176337423572
6.269965228658,0.09885929396906085
6.270992827997,0.09751406890456757
6.272007207559,0.09905984644951163
6.273038457379,0.09655602689990408
6.274044375239,0.09608714901257531
6.275046095058,0.09881725522725525
6.276077002007,0.09802348259567537
6.277100315447,0.10266311015726026
6.278172779433,0.10367552189858015
6.279256692299,0.0981439323109084
6.280283536512,0.09863363931551998
6.281316156894,0.09846998536157822
6.282347781864,0.09538277646507289
6.283347781864,0.10000903829862948
6.284397083132,0.0952423394466751
6.285397083132,0.09517543525448931
6.286397083132,0.0951085334549407
6.287397083132,0.09504244779034755
6.288397083132,0.09497473916902933
6.289397083132,0.09490688267654117
6.290397083132,0.09548159047945583
6.291403819237,0.09672114215221973
6.2924243445,0.09471195409645726
6.2934243445,0.0946473384929081
6.2944243445,0.09457738638387493
6.2954243445,0.09719332632038918
6.296452712302,0.09467301683600864
6.297455096478,0.09440324460849768
6.298455265021,0.09433852549510312
6.299455426437,0.1009547489231434
6.300526574489,0.09891831486982647
6.301577012853,0.042386143169355774
6.302027314503,0.09456842487293134
6.303032799008,0.09464712472251188
6.304039890837,0.09841604473978559
6.305087867195,0.09440173368337672
6.306093876941,0.09407065382766927
6.307097160655,0.09420137933707311
6.308102613328,0.09932390423963197
6.30916354728,0.09354889935485654
6.31016354728,0.0934828594054249
6.31116354728,0.09340992430209709
6.31216354728,0.09333662575320857
6.31316354728,0.09326389495284704
6.31416354728,0.09319292568111842
6.31516354728,0.09313409609235228
6.316163632569,0.09724520154877807
6.317208672406,0.09298424014399591
6.318208751921,0.0929131585022485
6.319208825696,0.09525446981962958
6.320234806103,0.09743014803833228
6.321284976512,0.09432925002795167
6.322302440246,0.09329144816937587
6.323309376744,0.09777415476338858
6.324365362653,0.09440252642801032
6.325385585043,0.09433883521335207
6.326405796426,0.09597880112386391
6.327444414339,0.09345879881990451
6.328456441086,0.0938959166879688
6.32947386762,0.0942863384322958
6.330496209384,0.0932762908840645
6.331508225019,0.09566597584095331
6.332546822754,0.09315603787392919
6.333558829522,0.09663673334868911
6.334609083108,0.09385631001843465
6.33562925666,0.09656286648692054
6.336679348036,0.09375121140279723
6.337699511896,0.09644147565895975
6.338749588637,0.09270531426942344
6.339759659865,0.09355494582249238
6.340779801368,0.09624426033270167
6.341829857713,0.09343807677894472
6.342849991243,0.09168217200775192
6.343851710656,0.09332060872003332
6.344871836118,0.09599549148470551
6.345921873465,0.09294015610605867
6.346939209191,0.0949252573039249
6.347978908034,0.09753057602565693
6.349047811879,0.10028936395506334
6.350147763578,0.094322562003935
6.351182981394,0.09157809478145502
6.352188611755,0.09491982264360938
6.353231601541,0.09666560429287568
6.354294585694,0.0915891610054128
6.355302478478,0.09368952596138146
6.356334180522,0.09610916217604594
6.357393228159,0.09073782803520584
6.358393777532,0.0952672059195018
6.359445011086,0.09147742826735758
6.360455087911,0.09075263741953148
6.361457880271,0.09173884734594069
6.362472277523,0.09308847215646787
6.363502294172,0.09151404679099454
6.364515614337,0.09033285170249519
6.365516873488,0.0903787569493021
6.366521062037,0.09147695555410244
6.36754047544,0.0941156344014786
6.368591360565,0.09064442961913688
6.369604827808,0.09234413998397065
6.370638426194,0.08942112142396534
6.37164034978,0.08995699724319563
6.372649312951,0.08980465496496136
6.373657566356,0.0943118256557219
6.374717416967,0.09370581167505959
6.37577141536,0.0920172742857156
6.376807358323,0.09056825638941032
6.377827857901,0.09585554816273387
6.378908855125,0.09132131926498864
6.37993959959,0.09215349948889555
6.380980586886,0.09030620867960787
6.382001573043,0.09109796017340971
6.383032310631,0.09279104032468201
6.38408304665,0.09009277256761603
6.385104025284,0.09088382670125449
6.386134757359,0.09257551979270635
6.387185487688,0.09063331157769111
6.388214929244,0.0897116071479291
6.389234686042,0.08790490677362647
6.390234686042,0.08783478109253201
6.391234686042,0.08776301797870649
6.392234686042,0.08769556411209686
6.393234686042,0.08763324618159044
6.394234686042,0.08757175639238939
6.395234686042,0.08751000017673542
6.396234686042,0.08744829150723057
6.397234686042,0.087384965562735
6.398234686042,0.08732075718981168
6.399234686042,0.08787706346805138
6.400241822044,0.08718877558310645
6.401241822044,0.08894759140323907
6.402262762385,0.08705676964423495
6.403262762385,0.08698991659796088
6.404262762385,0.08692094949778581
6.405262762385,0.088088599826385
6.406277007668,0.08774569004435981
6.407288081421,0.08671291286869853
6.408288081421,0.09145473439750706
6.409343659722,0.08806658013112754
6.410360931622,0.08650766422399098
6.411360931622,0.08644319094177312
6.412360931622,0.08637548168845137
6.413360931622,0.08648976480915244
6.414363006222,0.08783778917678352
6.415381481928,0.09035749411718658
6.416429991817,0.08857625309921235
6.417458653248,0.08669212634473417
6.418466230873,0.08599896340444413
6.419466519779,0.08666776970475562
6.420475455411,0.08641721110749948
6.421482323355,0.08625624100936262
6.422488119328,0.0871813611355567
6.423505493628,0.055019970681695556
6.424148002817,0.09111700353297127
6.425212625954,0.08925649995507094
6.426256338181,0.08650428859483282
6.4272686359,0.08762132241189706
6.428294785385,0.0886283936295332
6.429333553143,0.0864849575603864
6.430347934461,0.08649225137365046
6.43136311082,0.08566173587998077
6.432369221842,0.08682678135180727
6.433389723567,0.08617272910157442
6.434403291837,0.0861172763302117
6.435416967227,0.08490668050536194
6.436417138955,0.08631693136901417
6.437434712757,0.08635692521108901
6.438453595682,0.08501811831805654
6.439457498519,0.08496175035606891
6.440461496543,0.0869258533841339
6.441489481062,0.0852360772505882
6.442498219706,0.08446211738687358
6.443498512424,0.0851747178771234
6.444508031964,0.08450106945732301
6.445510370136,0.0861505661653367
6.446533128801,0.08751501766273506
6.44757306861,0.08546484704662674
6.448589547657,0.08433392730379925
6.449593305256,0.08504804563020067
6.450606371032,0.08689204079281433
6.45164224884,0.08650431394439094
6.452674353545,0.08515978519160268
6.453691254463,0.0847786187530982
6.454704472039,0.08436938266244892
6.45571362429,0.08378148989855635
6.456716641549,0.0840753416862663
6.457724028768,0.0856330136572307
6.458750882765,0.08361979705177541
6.459754559865,0.08323853823705504
6.460754565792,0.08338414166587994
6.46175716401,0.08345912902856165
6.462761558979,0.08338326204854872
6.463765938592,0.08703782436090547
6.464815301039,0.08803749072313459
6.465877670635,0.08587431319614829
6.466914879598,0.08397309592079334
6.467930124215,0.0829272041474686
6.468933774368,0.08405172100269515
6.469952189941,0.0846259602271965
6.470978984287,0.08353063596025068
6.471994185903,0.08242856890477933
6.472997790235,0.08380709254634412
6.474019986505,0.08276402070167978
6.475031142091,0.08406741920569176
6.476059787862,0.08972210517622509
6.477159178123,0.08944538012496217
6.478256548774,0.08299581671233441
6.479275919925,0.0813496528450514
6.480276141018,0.08125601792601056
6.481276358703,0.08235203250799686
6.482291152079,0.08308536195447283
6.483316075322,0.08102488058745361
6.4843166471,0.08487315602522259
6.485365849903,0.08098889908658692
6.48636806825,0.0880805807315647
6.487459157876,0.08591509139481168
6.488524552344,0.08342792101811511
6.489560203822,0.08299180899218372
6.490591510881,0.08364651386156087
6.491632058752,0.0811723836436852
6.492642877116,0.08386711131240625
6.493688347836,0.08431373164708222
6.494740529303,0.08570999017246667
6.495811328774,0.08319223392669758
6.496851859183,0.08072048465449636
6.497862650916,0.08298643782180457
6.498903176365,0.08051727288076203
6.499913960995,0.08280053940662266
6.500954481756,0.08036002249175053
6.501965259247,0.0826500716327867
6.503005774702,0.0802120047443773
6.504016544204,0.08249641043064757
6.505057054668,0.0800643072021195
6.5060678167,0.08234098639406595
6.507108322441,0.08294226458458946
6.508157437047,0.0816215118326452
6.509190790829,0.05028829239734216
6.509827846379,0.08019269678752149
6.510844834762,0.07968209564514285
6.5118565473,0.0798772001666834
6.512871605798,0.08056177337083165
6.513896186126,0.0808458614221441
6.514925232614,0.07869623522810965
6.515927779412,0.07994093136931513
6.516947060499,0.08218852698194942
6.517995950517,0.0813067510842087
6.519034526851,0.07960357135484847
6.52005224333,0.07884246536693017
6.521061081528,0.08109438612870752
6.522099639802,0.07827404534604131
6.523102971764,0.07795760865176066
6.524103077728,0.08083663228136867
6.525141001433,0.07818953455722794
6.526145853843,0.07786007104774892
6.527147361488,0.07984858390483461
6.52817534145,0.07945984428416322
6.529199180226,0.08040081865969476
6.530235977685,0.08030719398330269
6.531272441272,0.07943332154352842
6.532298474626,0.08089066106297885
6.533344144879,0.07983099200704007
6.534376948236,0.07814642480018483
6.535388798934,0.08013834115080819
6.536427231014,0.08074261530860738
6.53747432114,0.07927067368559038
6.538503146946,0.08073092857790788
6.539551774618,0.0774482930815838
6.54055855573,0.07844635370541003
6.541579081296,0.08018846877054617
6.54262313232,0.0770144047709896
6.543626677489,0.0818456811329681
6.544694043598,0.07869230264152105
6.545721086193,0.07854280334176371
6.546746939033,0.07932136302386902
6.5477837612,0.07913060332329475
6.548818935645,0.07718794758345125
6.549829559533,0.07853516442545214
6.550858741697,0.07680037795171706
6.551866168585,0.07644736251090228
6.55286996305,0.0766471302504012
6.5538773225,0.07751088967508862
6.554896996415,0.0780741270603655
6.555925054942,0.07623053633896233
6.556929816313,0.07860482065559257
6.557966862105,0.07844999761231897
6.559002801792,0.07606381316931264
6.560008142038,0.0771043704551085
6.561028172487,0.07588473182206439
6.562032981605,0.07791361061317037
6.563065534981,0.0767724496178114
6.564083832769,0.07833818042554706
6.565123840177,0.07765089130559025
6.566155689724,0.07900329121287127
6.567206521497,0.07528876024125014
6.568208835786,0.07930382852701098
6.56926561576,0.07851686402146159
6.57031290919,0.07504995561903792
6.571314860789,0.07848995946168118
6.572363774422,0.07490655488804211
6.573365720588,0.07834190562318538
6.574414628527,0.07476414749161424
6.575416569427,0.07686635204827719
6.57644768121,0.07830282152889842
6.577499094895,0.07602687358745863
6.57852097726,0.0766588141223236
6.579552387235,0.0780528917923325
6.580603795718,0.07577538687956634
6.581625671362,0.0764134828474387
6.582657076361,0.07711285505854856
6.583698947419,0.07471922575968289
6.584709423325,0.0768584634753607
6.585749738275,0.07534395063797183
6.586770050721,0.07459030202703519
6.587780515891,0.07576638232894717
6.588807555352,0.0778583429711181
6.589863729999,0.034630915287456446
6.590333880124,0.07645961692733015
6.591372532809,0.07715176666036104
6.592421383952,0.07364445576743453
6.593423271418,0.07463942253008936
6.594439916169,0.07852190757344385
6.595510351138,0.07624765721539217
6.596550638943,0.07399427000375496
6.597561067418,0.07610768581837772
6.598601350858,0.07385126517756183
6.599611772588,0.07595725121796791
6.600652051488,0.0737021956685394
6.601662466473,0.07580484606904499
6.602702740794,0.07596245800508085
6.603746188245,0.07496311798877754
6.604776914488,0.07341012654909845
6.605787315948,0.07550523458420066
6.6068275814,0.07325843871914194
6.607837976162,0.07792758912996972
6.608913889372,0.07587717695780402
6.609962691589,0.07695808367854345
6.611027701848,0.07421506459863643
6.612055841209,0.07211937895080929
6.613056002363,0.07206188903394485
6.614056507009,0.07370091221152841
6.615081017757,0.07365319617893848
6.616106063259,0.07495253355904194
6.617150354869,0.07257722722247173
6.618162548451,0.07494666511847002
6.619208672161,0.07245267695322032
6.620220854859,0.07221532737325255
6.621230645408,0.07433093198952118
6.622270995951,0.07329660806738895
6.623297837322,0.07290634214392355
6.624320204011,0.07129723610860451
6.62532089638,0.07128651641810385
6.62632242075,0.07398917861257852
6.627362953769,0.07253135219347606
6.62838395136,0.07241647667350944
6.629404327916,0.07162589149416655
6.630414555383,0.07203719663427416
6.63143157688,0.07237034032002271
6.632454282929,0.0740251836189831
6.633501376712,0.07087242109450374
6.634504833637,0.07067619053054969
6.63550645373,0.07156701944804647
6.63652166144,0.07120361649215778
6.637532664719,0.0704779314333924
6.638534263028,0.07137015235140888
6.639549455673,0.07181499868705253
6.640571901941,0.07123906147726079
6.641587042197,0.07168506278756576
6.6426094217,0.07279313706111819
6.643648504179,0.07346078003588362
6.644698070717,0.07224706390835763
6.645731250708,0.07144573290040897
6.646753956827,0.07154389508634024
6.647779113537,0.07109197501684159
6.648798818089,0.0707165670078584
6.649814081266,0.06966319796885306
6.650815160075,0.07052985712353535
6.651829626627,0.07213399178413224
6.652868087226,0.06948208694615912
6.653869307426,0.0707156440928506
6.654889240772,0.06992549116226832
6.655898668493,0.06953065233606391
6.65690326732,0.07177575819675877
6.657941265003,0.06912800238772822
6.658941894663,0.07019088821159655
6.659958804393,0.07067928047760454
6.660983741982,0.07241226528628993
6.662034833217,0.07221707189733022
6.663084271356,0.06926860741780998
6.66409216685,0.07184825527450608
6.665139127522,0.06963784695959382
6.66615558763,0.06977709190493414
6.667176416824,0.06903772842277474
6.66818942556,0.06977597859053737
6.669216132408,0.07136995479641302
6.670268443889,0.06972044292938268
6.67129760769,0.06826822953984484
6.672306297468,0.06992703033110287
6.673340228328,0.04957896147246467
6.674073584506,0.06836415845354912
6.675085197365,0.0677733141348601
6.676088618591,0.06904690337140981
6.677111515853,0.06875569669917209
6.678130742762,0.07193137143054076
6.679197749147,0.07081379991503782
6.680248966073,0.06861120909610194
6.681268154576,0.07002356146758867
6.682309032164,0.06962162423264932
6.68334479931,0.06960323377653278
6.684381063749,0.07053238372932538
6.685431976359,0.06821666471071898
6.686449205968,0.07009359705871611
6.687495245186,0.0696870050928427
6.688536083194,0.0696263247342627
6.689576918315,0.0695671510052227
6.690617750256,0.06950566336625433
6.691658578986,0.06945484849412699
6.692699404711,0.024065447209811498
6.693060201044,0.06726278830805899
6.694068960867,0.07130655900320186
6.695138998964,0.0699059817566472
6.696189034376,0.06905050726971156
6.697227543261,0.0689472876615713
6.698265639389,0.06712554141090103
6.699277199356,0.06961408654189785
6.700327222921,0.06876092352604969
6.701365717282,0.06806001639404491
6.702395077596,0.06660786641939281
6.703403484951,0.06785731682949199
6.704431332691,0.06675098558493023
6.705442870426,0.06603995771610358
6.706444478762,0.06763707056695968
6.707471456535,0.06804367855124134
6.708506324565,0.06863906547756325
6.709551896579,0.07106187898017075
6.710635339859,0.07207151584578705
6.711735339859,0.07196201181140795
6.712835339859,0.07189221089236895
6.713935339859,0.07181773373123079
6.715035339859,0.07171060604402507
6.716135339859,0.07164621065748444
6.717235339859,0.07156302797217799
6.718335339859,0.0677898499158686
6.719378245438,0.07145404046689316
6.720478245438,0.071359491445682
6.721578245438,0.07128358984901444
6.722678245438,0.07123383143403689
6.723778245438,0.06628346802985102
6.724803245438,0.07106534170629178
6.725903245438,0.07102249020052734
6.727003245438,0.06578710806863378
6.728023245438,0.07025776600833665
6.72911362477,0.07079110076882815
6.73021362477,0.07072203134680771
6.73131362477,0.06855111799633389
6.732381032598,0.0705506422198402
6.733481032598,0.07047204231969191
6.734581032598,0.07037791263806276
6.735681032598,0.07028908687027512
6.736781032598,0.07021258632211202
6.737881032598,0.07013633676648841
6.738981032598,0.07006421311824965
6.740081032598,0.06999000389322733
6.741181032598,0.06511020793287675
6.742205427379,0.06984862507406951
6.743305427379,0.06724144712951154
6.744365427379,0.06488061495651248
6.745389279228,0.06566232819436138
6.746426365934,0.06328789985261649
6.747426525241,0.06480894473852204
6.748450984677,0.06542098005404881
6.749485573892,0.06456549188006729
6.750507336396,0.06450388505788729
6.751528874671,0.06651737144418705
6.752583228671,0.06645700497624692
6.753637563354,0.06364774823168885
6.75464818555,0.06390016568667525
6.755663616244,0.0643108977275345
6.756686449268,0.064503186039112
6.757713244412,0.06277624750395852
6.758713334266,0.06514709980516555
6.759751956182,0.06735006899694126
6.760826433118,0.06383071320271551
6.761845413514,0.06486289066651132
6.762881629065,0.06296718209469813
6.763888407915,0.06468794701612489
6.764923533842,0.06583144844052517
6.76597780901,0.06479611271452479
6.767016397272,0.06697447921041909
6.768090839504,0.06297177169522944
6.769101953422,0.06331492103135211
6.770119480032,0.0650603737299784
6.771166087088,0.06375522165829145
6.772192816929,0.06340406732599829
6.773214934651,0.06246487076623967
6.774222874389,0.0639589939741188
6.77525598042,0.06489962423650318
6.776305480389,0.06221797006721239
6.777312732794,0.06466914189196553
6.778360945143,0.06374863070093519
6.77939559834,0.062144196899427205
6.780405407516,0.06162188243606943
6.781407745141,0.0622376895207176
6.782421207136,0.06420858209891708
6.783468032735,0.0639372180952618
6.784511474128,0.06146111902380392
6.785515343508,0.06235331670267792
6.786534579265,0.06634542452816958
6.787619878309,0.06224307318617458
6.788638825804,0.06308126986840834
6.789672245328,0.06487438888191162
6.79073589541,0.062088320218551374
6.791754657504,0.06309428164165562
6.792790703593,0.06115031046279942
6.793795525538,0.06234656332803947
6.794820820616,0.06141404614368222
6.79583165452,0.061126327289584365
6.796838748996,0.06096230758834178
6.797844209786,0.06095605270001483
6.798850551902,0.06180301597016312
6.799871823319,0.06263367277226851
6.80090783838,0.06264657600442318
6.80194513195,0.06531929335129698
6.803027767087,0.06440968100446487
6.804096531538,0.06030682611429164
6.805098242964,0.062462036857720525
6.806136840395,0.06018545139414349
6.807138541488,0.06234778692322034
6.808177129074,0.060076235823767796
6.809178822128,0.062235650036638515
6.810217400838,0.05997352566463317
6.811219086213,0.062358088775873476
6.812261441439,0.004447306874545348
6.812335841439,0.061615103672195096
6.813366854918,0.06212518180453887
6.814407360285,0.06562633393758015
6.815507360285,0.06086511843200748
6.816528454812,0.06079770522322765
6.817549359098,0.06500150653871177
6.81864181546,0.06539084718339759
6.81974181546,0.05981706556388829
6.82074890428,0.06222531676466916
6.82179732735,0.0598111308721367
6.822805846873,0.06517127333444048
6.823905846873,0.06510097548956993
6.825005846873,0.06503331003084781
6.826105846873,0.0649653447128293
6.827205846873,0.06489868305234335
6.828305846873,0.0648288862204881
6.829405846873,0.06475938852522865
6.830505846873,0.05999602609098517
6.831525846873,0.061721976332147654
6.83257616907,0.06167101968608366
6.833626490948,0.0644915294887575
6.834726490948,0.06421583071713255
6.835826490948,0.06405793788146522
6.836926490948,0.06234123839658406
6.837997279808,0.06123136224150045
6.839049879433,0.06392535703608325
6.840149879433,0.06385388720375046
6.841249879433,0.06378636917145974
6.842349879433,0.06371707654268469
6.843449879433,0.05912431901735574
6.844471680852,0.06041100614933769
6.84551680156,0.05934343901056394
6.846544608162,0.05901818572164911
6.847568115163,0.06061297902986321
6.848620518211,0.05915412537450959
6.849648407672,0.05886045895444811
6.850671901158,0.05870966114086947
6.851693619134,0.05792424296650313
6.852702710083,0.05964877494544862
6.853742952365,0.06011333380109809
6.854791980617,0.06073967213891129
6.85585263489,0.05805847698419595
6.856867250531,0.057463067957130604
6.857872278018,0.05844147906669534
6.858895165985,0.05716073134790787
6.8598964325,0.05771342856802138
6.860908485245,0.05764271797536552
6.861920235731,0.05776808411359533
6.862934829193,0.05908328029003096
6.863973713659,0.05784374020133573
6.864992179488,0.05806095452556814
6.866015544342,0.06012477249829294
6.867076143346,0.057462616064984456
6.868090717147,0.0587885893911033
6.869129581535,0.057567528131982446
6.870148023616,0.05765362662737116
6.871168828005,0.05726268151608999
6.872183222719,0.056952814653383754
6.873192571732,0.057193533420915973
6.874206497309,0.05840512167461426
6.875242146743,0.0570345865421033
6.876253357722,0.056719925135575035
6.877258629854,0.05670636221774309
6.878264112673,0.05681871148642444
6.879271747718,0.05692298263005726
6.880281494597,0.057427414241891725
6.881300593435,0.057361893481380634
6.882319687318,0.05730715461321629
6.883338776467,0.0563911566486035
6.884342209627,0.057314675575879104
6.885362627716,0.05937055086427267
6.886420545348,0.05620634710642702
6.887422973047,0.056401844865399384
6.888429573954,0.05638309594637431
6.88943716134,0.05601147504752534
6.890438116705,0.056399101874979235
6.891446686518,0.05638219725486278
6.892456983053,0.0562675120175173
6.893466635591,0.056289183598230166
6.894477599204,0.05740053482215878
6.895510132029,0.056594369854471346
6.896529119083,0.05587295934841048
6.897535762251,0.055815134473295815
6.898543646225,0.055917324089508655
6.899555193678,0.05801717683663377
6.900606030288,0.05703399615459313
6.901638163909,0.05581322515932679
6.902653476145,0.057464488073363094
6.903702405345,0.056240682945224184
6.904726719689,0.055437112932400105
6.905738605649,0.055006017752378004
6.906742274285,0.059226070942009115
6.907821638943,0.05490407203388349
6.90882562404,0.055994662427090156
6.909847890045,0.057222184973977845
6.910895777663,0.05993553682572585
6.911995777663,0.060022504471066516
6.913095777663,0.06003150982873007
6.914195777663,0.05985134038097027
6.915295777663,0.05975536504524304
6.916395777663,0.05931160237275233
6.917485777663,0.05909965647040547
6.918573628385,0.059671779403517346
6.919673628385,0.05965238087849143
6.920773628385,0.059664158266822157
6.921873628385,0.05648008799992627
6.922918590734,0.05937004178732933
6.924018590734,0.05949053738100029
6.925118590734,0.05588463519599768
6.926153579085,0.05928452239681467
6.927253579085,0.05801824093773051
6.928331419939,0.05553045255768626
6.929363849924,0.025264922397366125
6.92983412975,0.05568598595737639
6.930873088359,0.05627100570350565
6.931923924996,0.05474234313299277
6.932945039095,0.05517473163853385
6.933975873231,0.056198545726335786
6.935026706164,0.05462348284736781
6.936047814884,0.05512415776442907
6.937078645053,0.05776998798889431
6.93815974982,0.05400309996340188
6.939170765237,0.055621420373338844
6.940212418405,0.0556161579443535
6.941253518706,0.05613719619485067
6.942304342681,0.05406301084814485
6.943315703154,0.05732061786735146
6.944387067538,0.05467560582074892
6.945408156921,0.054275767843668
6.946419516649,0.05522692268631756
6.94745033094,0.05558797078800151
6.948491414729,0.05389126116119916
6.949502767294,0.053975453611777476
6.950514117124,0.05473071613663486
6.951534656545,0.05532497035534607
6.952562979324,0.05676288117904409
6.953615118564,0.05629967340901936
6.954655783968,0.055976420959469496
6.955689271972,0.0570898177642632
6.956741187476,0.0566492280233859
6.957781628577,0.05489100291540625
6.958788853067,0.0564776349032834
6.959820991861,0.054890160146594855
6.960826248313,0.056412601618966905
6.961866865808,0.05704371426403774
6.962927657665,0.05363626171233649
6.963933792308,0.05391612755788194
6.964952312348,0.05511714903122863
6.966000980442,0.05300286951981511
6.967014950411,0.05401550093389736
6.968053765806,0.05247303963513093
6.969067948489,0.05350700072357417
6.970106409365,0.05234738143498105
6.971124398969,0.052609967062638395
6.972147348825,0.05450020260989502
6.973207450313,0.052033916601831466
6.974221614316,0.05318079771208459
6.975260056011,0.05217644176757682
6.976278024182,0.052518047233438205
6.977300955414,0.054403310052089815
6.978361034625,0.05202111096995039
6.979375179597,0.053217826520521865
6.98041360223,0.05204504081298175
6.981431549023,0.05222804246775878
6.982454461346,0.05179320954526114
6.9834681545,0.05118544152485467
6.984468593941,0.051566497241157874
6.985478125965,0.05138718161180381
6.986486127921,0.052480466007293426
6.987516173614,0.052124330704232384
6.988539674657,0.05299119595580781
6.989580326728,0.0521658521537269
6.990606220875,0.054282459688181746
6.991675386073,0.05070306427231697
6.992675407964,0.051135817567706035
6.993685671137,0.05105870588193569
6.994694628935,0.05057825182484028
6.995696318174,0.05062502599362829
6.996699533423,0.050823248200808815
6.997706946708,0.05058360635615132
6.998710365546,0.051690209558806606
6.9997352535,0.05183258519855582
7.000765561026,0.05084334575500205
7.001779270283,0.05120282923480869
7.00279925996,0.05114760768271683
7.003816533563,0.05087218902287305
7.004828134978,0.0507313673002325
7.005837591324,0.050165915208391386
7.006840315476,0.05071013812601747
7.007854654251,0.05138471904571275
7.008879103448,0.05061080789406021
7.009891227077,0.05008844210519552
7.010893475378,0.0502779881361749
7.011900211153,0.050081082781829794
7.01290517332,0.050158282241760846
7.01391013126,0.050038465702314225
7.014913173989,0.023540349123153073
7.015386170989,0.04983368815812491
7.016388227402,0.05009801726181288
7.017393807731,0.049874669076197184
7.018397685315,0.04981998243934053
7.019401558804,0.05000409462647413
7.020409391527,0.05017172241859987
7.021419271985,0.050308761535488675
7.022437248147,0.05367737840046591
7.023523565282,0.05082978000794523
7.024554274122,0.04957809014359561
7.025560865885,0.049754949863042464
7.026572043953,0.052611612149457455
7.02764368701,0.04974694112997114
7.02865784898,0.052996066575150116
7.029739394077,0.051359580865718596
7.030790092676,0.04992003425980259
7.03181102281,0.05039829668915371
7.032841719277,0.0532195276806325
7.033932608868,0.05116875896042941
7.03498330342,0.049654629048056786
7.036004227876,0.048627214326435554
7.037004316469,0.04977265051115953
7.038025238527,0.050191571730081375
7.039055928818,0.05100887125625697
7.04010661806,0.0494844829923499
7.041127535372,0.049900856483230754
7.042158222154,0.050908990073082055
7.043208907944,0.04949515568215489
7.044229820801,0.049874425076160765
7.045260504228,0.05078747216128118
7.046311186629,0.0493243545662172
7.047332094946,0.04977160974206428
7.048362775048,0.05069596862599885
7.049413454135,0.05069825245109361
7.050464583881,0.052185694021501035
7.051545486106,0.04978031063007258
7.05257616154,0.050420689927552366
7.053626835962,0.048834035436845974
7.054647733607,0.04948688720751917
7.055678405605,0.05060777861229662
7.056729076595,0.04917325725673591
7.057749969617,0.049487489262050995
7.05878063816,0.050191548481608776
7.059831305709,0.050497986752211704
7.060888313629,0.049416968200119184
7.061918978683,0.05160565238208754
7.062999642648,0.049940334624065635
7.06405030546,0.04856149874956284
7.065071187602,0.04896650518781747
7.066101847986,0.049263980037904574
7.067143657105,0.047169684367483686
7.068144577763,0.04715154499225448
7.0691450531,0.04784748795579272
7.070161020656,0.047115710425677054
7.071162803703,0.04918041418109748
7.072207957686,0.04722667646805896
7.073211529318,0.047625594774291194
7.074224012295,0.04734741593744205
7.075231325783,0.04702067293991706
7.076232549864,0.04688159157168963
7.077235326485,0.04679908496905109
7.07823590549,0.047206152057073014
7.079243980545,0.04729587448607984
7.080252051453,0.04714576949643746
7.081254361402,0.04703605528135008
7.082262211886,0.04697321203644191
7.083271940091,0.046754526021822944
7.084276597324,0.04673968680370671
7.085280400741,0.04664422335171136
7.086283138251,0.04648368235715453
7.087283677918,0.04704335262680233
7.088296170703,0.046748612949871794
7.089302928159,0.046558951603388625
7.090309681319,0.046293118743641906
7.091314944321,0.046448819907699716
7.092320203019,0.046783618510521825
7.093331985757,0.03575510628873608
7.094108918329,0.04620376064033674
7.095115337931,0.04609691454075453
7.096118033372,0.04607046755016596
7.097120724613,0.04588041180485942
7.098121218357,0.04621355605508038
7.099129207518,0.04615318283654194
7.100137192471,0.04610060299622728
7.101143900724,0.04618373510229796
7.102150604469,0.04643960509735932
7.103163600531,0.0462765717364168
7.104175813933,0.04652881531529199
7.10519460272,0.04607231347191596
7.106203977643,0.04605822002577381
7.107214481997,0.046301814903800774
7.108231987876,0.045936897050950554
7.10924227265,0.04550170166142126
7.110243567875,0.04628778317371698
7.111262333294,0.045774771633000755
7.112271684881,0.045641199708104783
7.113282164038,0.04596708353533832
7.114299642804,0.04589241256545408
7.115309901177,0.045304869946207846
7.116311170117,0.045139985955134763
7.117315371512,0.045254094575748985
7.118324272065,0.04508803885739477
7.119327225757,0.04533260639391333
7.120332102808,0.04525924864481927
7.12133347177,0.04569225477349101
7.122350916922,0.045155383933029446
7.123361141712,0.044770021664682136
7.124362377908,0.04566519377680755
7.125381084751,0.04539727278921685
7.126393717093,0.04558742252375218
7.127412202464,0.04547119466888022
7.128428915307,0.04562910004612639
7.129448666144,0.045346732759308526
7.130460277195,0.04482118642030135
7.131467003393,0.04495011893961347
7.132479526918,0.044538041614724584
7.133481224097,0.049054630490688915
7.134581224097,0.045558128046381575
7.135601612445,0.04609551587341394
7.136632193907,0.0458795396250244
7.137662773773,0.04657466342886633
7.138713353198,0.045231206097252265
7.139734124082,0.045792129315286985
7.140764700963,0.04678912883156434
7.141815276763,0.046630938500729004
7.142866233521,0.04793358657122409
7.143946997902,0.045788021402094245
7.144977569806,0.047514682185934076
7.146047950251,0.046409146186047384
7.147098519734,0.04499015759179542
7.14811927742,0.04528283920289933
7.149149844475,0.046079559160065196
7.150200410505,0.044877091440418036
7.151221163606,0.045303135415398973
7.152251727268,0.04602339905526914
7.153302289925,0.04409307535435149
7.154309929299,0.012927500712899385
7.154605386558,0.045765636361359614
7.155654346328,0.04491451026529387
7.156684905097,0.04574418515162755
7.157735462872,0.0439394013300051
7.15874639055,0.04496610876174544
7.159776945924,0.045829003289329845
7.160827500251,0.04432687416039555
7.161848237159,0.04460613267117026
7.162878789089,0.0453223299415309
7.163929339999,0.04416139967724374
7.164950072891,0.04478585041385152
7.16598062129,0.04558341483906951
7.167031168585,0.04408993456743606
7.168051896715,0.04451900449662717
7.169082441532,0.045372655914838994
7.170132361224,0.043815856925337855
7.171146671375,0.043877801273582685
7.172164422527,0.04430215663126069
7.173192546257,0.04527151185550422
7.174243444385,0.045304504694904955
7.175294340764,0.04529379035671281
7.176345235246,0.044953669708315755
7.177396127731,0.04484268940980059
7.178447018413,0.044973189585790725
7.179497907292,0.04519003231361895
7.180548793823,0.04321984053062163
7.181554587811,0.04311926070159059
7.182563788269,0.04326251609370755
7.183580622849,0.04297961997318394
7.184591653655,0.04364128251043671
7.185614289766,0.04379356603720006
7.186641225419,0.04253663100124751
7.187643461134,0.04301888046978178
7.188658153055,0.043378216258839974
7.189679273071,0.042771861009505314
7.190689076878,0.042183962395468635
7.19168978689,0.0434272154358556
7.192716202481,0.04280427609808158
7.193724862684,0.04296644279260303
7.194740874222,0.04289039907921904
7.195757560569,0.042721581043075725
7.196771300922,0.04266289993791508
7.197787724867,0.042301111939502756
7.198797496774,0.04261522185012389
7.199812710061,0.042862432321260205
7.200831879915,0.04299332904241228
7.20185451161,0.04302143731114315
7.202881198514,0.0425703835687164
7.203901063836,0.04284205682077571
7.204927907429,0.04266083688322679
7.205947552549,0.04227963609482675
7.206957434239,0.04231070232695481
7.20796922107,0.04263388220378326
7.208989490268,0.04213227904078295
7.210000420773,0.042142884777894796
7.211015590537,0.04182995590969987
7.212024250196,0.0424695650420508
7.21304704966,0.04198387194088119
7.21405817667,0.04229085697675551
7.215078280709,0.042208419445545785
7.216097602679,0.042136602631134085
7.217116142619,0.04197626059293127
7.218131920517,0.041942979976544795
7.21914769414,0.041867384509415635
7.220160917664,0.04203501736261258
7.221174137078,0.0421240455185116
7.222185018827,0.04238954455709285
7.223206928232,0.04187384773867331
7.224220135996,0.04194752706613735
7.225232562167,0.041840574624673964
7.226240671955,0.04209645193039764
7.227253869467,0.041894395690782106
7.22826706358,0.04192572944087216
7.22928025478,0.04189978970508758
7.230293442951,0.04143807625255126
7.231294959834,0.04189604755038036
7.232308140809,0.042230281035073265
7.233329723482,0.033050460657939366
7.234129910214,0.04164189550031491
7.235136568712,0.04167773779965288
7.236141674216,0.04257313387945252
7.237172444833,0.041525969255044586
7.23818114978,0.04195924745064614
7.23920146224,0.041458467834133074
7.240211220656,0.041631232327513173
7.241223945258,0.04165862386849156
7.242236666107,0.042072274090856045
7.243262606057,0.041791047934566394
7.244282107431,0.04167603802660513
7.245298635199,0.043299812804252276
7.246354464191,0.04511945014935426
7.247454464191,0.045015225243555376
7.248554464191,0.04495091084034093
7.249654464191,0.044958408102473923
7.250754464191,0.044977501127631395
7.251854464191,0.04229877965466607
7.252891510852,0.04183790231013798
7.253916480555,0.041118599921721684
7.254927570147,0.04112285029890042
7.255937103831,0.04114848424847912
7.256946409893,0.041908022915970504
7.257979009038,0.041475616145797596
7.259002042536,0.04117646328800494
7.260017344087,0.04136740613925252
7.261037530005,0.0416407812838541
7.262066080054,0.040538774022841104
7.263067884266,0.04052366454291498
7.264071213627,0.040353235838494456
7.265071739662,0.040432485620303375
7.266074387638,0.04068095973727193
7.267081431179,0.040914589551738614
7.268096396423,0.042137982814850136
7.269143234462,0.040973661899511446
7.270161411098,0.04111705145733426
7.271183692638,0.041134429858599636
7.272205495923,0.04169093799004467
7.273244782324,0.04007111534237983
7.274247272426,0.04150009313891068
7.275284348253,0.04093261083585997
7.276306492794,0.04133449169674937
7.277339579684,0.04023750802736147
7.278347324097,0.04116369539902938
7.279378571299,0.04004957435327052
7.280382459156,0.04156219322684276
7.281428028171,0.04066096020368278
7.282450445751,0.041096268834813814
7.283482370679,0.04006445485118256
7.284489750032,0.04164463345500017
7.285536381247,0.04165258158096125
7.286584295003,0.0402836349771829
7.287602811915,0.04065694884847604
7.288634130019,0.04079834519946427
7.289668724981,0.04002867487724764
7.290682102904,0.042665379197580004
7.291762939566,0.03962931924119347
7.292771404718,0.04070359258226745
7.293810131107,0.0397172875429616
7.294823295526,0.040132486322314295
7.295847031143,0.03920283307259887
7.296847520832,0.03990654629178762
7.297863503634,0.03932736385835664
7.298864650765,0.03913082622385645
7.299865143711,0.04012488297267924
7.300889216949,0.04008687282188756
7.301909440872,0.04006851269197202
7.302934157262,0.039513280316582224
7.303949934071,0.03944612932514714
7.304962222601,0.03919546091542555
7.305963584643,0.027347994604219897
7.306660112899,0.039694656681919335
7.307677190004,0.03987597495592589
7.30870291133,0.039646445669490285
7.309723233631,0.03904826325383861
7.310726953719,0.040219784136212945
7.311756122166,0.038912822478819734
7.312757092134,0.0390534192661866
7.313764762794,0.039745052837834006
7.31478356844,0.03912719498198686
7.315790451616,0.03918701727956545
7.316803311679,0.03940429046414498
7.317818019909,0.039202635941631196
7.318826546004,0.03925785376639608
7.31984315491,0.03920539515597899
7.320858659472,0.03952578772855507
7.321879107518,0.03953495478754238
7.322899382116,0.03879048803514906
7.323905355361,0.038689047330101894
7.32490942582,0.039460188052588954
7.325931276512,0.03883713953042834
7.326943371804,0.03933485591972468
7.327970393463,0.03916752743427342
7.328990024505,0.03860875019296982
7.32999303563,0.03869890456263108
7.330998107298,0.03907098979536472
7.33201623807,0.03845257951952994
7.333021727796,0.03858652251208796
7.334030849814,0.03870800363863699
7.335037535489,0.03881614710059785
7.33604671891,0.038281809661050256
7.337049366957,0.038622717095965174
7.338063688117,0.038528930850088496
7.339077468503,0.038422233171394135
7.340088969197,0.03814918386336142
7.341091667303,0.038334873547678894
7.342100785473,0.039209279721609896
7.343134935877,0.038515330644737895
7.344147932242,0.0386692639553331
7.345166875434,0.03856524417038192
7.346183649242,0.03783303599665591
7.347184035082,0.037885725735970356
7.348187421425,0.03850665067346641
7.349207666722,0.0379339006354484
7.350208238906,0.038344604177687765
7.351216398308,0.03813818729406815
7.352227607124,0.03798153225791066
7.353237667067,0.03797561040724028
7.354242365557,0.03785857296666545
7.355245346285,0.0385423999065172
7.356271634023,0.03828032176397987
7.357291180423,0.0382735278616076
7.35830661469,0.03776366228812482
7.359307951408,0.03874532186590513
7.360339139243,0.0380471154593475
7.361352881352,0.03954092286687671
7.362405220938,0.03987160264473531
7.363464042391,0.0393060766446724
7.364512277525,0.04107359051723817
7.365612277525,0.04108862728181254
7.366712277525,0.03819226943429242
7.367732501919,0.041352822764310675
7.368832501919,0.03779946619337635
7.369842613494,0.03991276728750719
7.370909957174,0.04106831633087584
7.372009957174,0.04081940524245196
7.373109957174,0.04081471373029203
7.374209957174,0.0409284526873459
7.375309957174,0.04081310988014867
7.376409957174,0.040102910859731986
7.377491416996,0.03784973673252928
7.37851079998,0.016442350030582576
7.378954182726,0.03770840553147654
7.379971977947,0.03843042896572589
7.381006535722,0.03776099072507558
7.382020251825,0.03761833019152833
7.383038490882,0.04035304432692946
7.384135723882,0.038539444375248796
7.385183272902,0.03863421576044746
7.386230820585,0.0370590801947583
7.387232952911,0.03765595326615433
7.388251240215,0.03740384939907132
7.389266076775,0.037828849454275
7.390292911616,0.04043999001601309
7.391390988293,0.04003841357116467
7.392477819633,0.03729614008323495
7.393491319573,0.03842018339364346
7.394536888858,0.03849511228410994
7.395585576518,0.040273670157262936
7.396683960427,0.03738873637247683
7.397704132935,0.038243217866885226
7.398748364924,0.03870945523166104
7.399805252482,0.03809338828826166
7.400845807895,0.03696992601736076
7.401855983029,0.039008627904350904
7.402924919078,0.03723969016708996
7.403946470033,0.03830533410057892
7.404996460913,0.037009241486870036
7.406008641361,0.03686287971727986
7.407019418457,0.037833682870234676
7.408053927214,0.03799078218186813
7.409095581598,0.0380078660064883
7.410144993649,0.03717339146065971
7.411172637632,0.03685959161661774
7.412188026986,0.03649105555448429
7.413190937345,0.03757855863365429
7.414224769141,0.03776098323185579
7.415265875028,0.03744523256101325
7.416298760026,0.03745819604462802
7.417333633903,0.03803089249092286
7.418384111685,0.03729706353879726
7.419412687487,0.036607132741820106
7.420429104072,0.03672574715897019
7.421450991118,0.036420314969463116
7.422461830316,0.03741686919580602
7.423494096351,0.03716288403758477
7.424520906965,0.037743439032293144
7.425572168429,0.03648193617915971
7.42659155484,0.03679757558955562
7.427618318975,0.03670119654225574
7.428641674577,0.036183765470950154
7.429648744004,0.03849195664145116
7.430718994791,0.03663113669787898
7.431744869313,0.03610306977238144
7.432758187389,0.036548318263634555
7.433779783299,0.036014596058823505
7.434787535428,0.036657801873008426
7.435819906587,0.03592849196867044
7.436826986683,0.03587319766532
7.437836555233,0.0359214168769389
7.438853632034,0.03576908188871793
7.439864611314,0.035854024416182115
7.440873354014,0.03542488342464449
7.441873429152,0.03818917562129739
7.442954081251,0.03598711442376698
7.443971580582,0.036393948902590074
7.444999563529,0.03641438838103579
7.44602821506,0.03635254344141832
7.447054095657,0.03585231260141986
7.448070566798,0.03525365341303598
7.449073192025,0.035311789737270435
7.450075678252,0.036006799089420734
7.451097073243,0.03612442894932479
7.452122706253,0.03602106331211845
7.453149654314,0.03713349971705693
7.454209920255,0.03560586997708878
7.455225608649,0.03569372924821233
7.456243753412,0.035646887464747874
7.457261671717,0.037333572566105123
7.458328332822,0.03576699264116419
7.459352605,0.0350171448951439
7.460357239448,0.036116322132256226
7.461392681503,0.03680820476701179
7.462443557044,0.03504976844097662
7.4634474782,0.036053942776603086
7.464481490423,0.03589821029687854
7.46551083327,0.03505416459088301
7.466514418652,0.0366977839274814
7.467566347263,0.03588261736774677
7.468595843462,0.03781837921420438
7.469682727842,0.034799201567521997
7.470682727842,0.03661712222201811
7.471734652729,0.03479867575915073
7.472734652729,0.026753368499410953
7.47350472906,0.03632445567965292
7.474553205028,0.036914852886217646
7.475621258443,0.03486070993443296
7.476631333525,0.0377097021340012
7.47772478549,0.03624287667221332
7.478775009135,0.035179953964186994
7.47979530616,0.03608794853112736
7.480845527864,0.035034028524965136
7.481865822151,0.035750464302841754
7.482906114864,0.036052276762713484
7.483956479082,0.034273004969539625
7.484956768985,0.03454419080754597
7.485965018434,0.03493165749559634
7.486985305928,0.034221729956496576
7.487985592136,0.03425559331393018
7.488985876517,0.0352160524519757
7.490016229919,0.03543874147063633
7.491056511118,0.0340498565020521
7.49205679156,0.03543588602906943
7.493097070166,0.0356965206757649
7.494144382044,0.035446045757384866
7.495184226578,0.035743703969998625
7.496234570264,0.03502889325942502
7.497264645989,0.033990905624239134
7.498264918358,0.03667518433517087
7.499345057592,0.033942991263858996
7.500345326775,0.035965245672888314
7.50140599362,0.034120820688351754
7.502413016226,0.03492373001890568
7.503444463879,0.0338460101980378
7.504444728123,0.036837027366775674
7.505534306059,0.035914592515960915
7.506597522884,0.034171082361189965
7.507609876754,0.03457324833477067
7.50863489752,0.033856453517939186
7.509639353219,0.03466952925879785
7.510668698275,0.03492590049334148
7.51170630408,0.034750932361300536
7.512739512117,0.03439554909189314
7.513762813194,0.03455322856762883
7.514791507045,0.035180433707191906
7.515839695423,0.03549117190637099
7.516897837236,0.03461290751622044
7.517930469147,0.035799401333626385
7.518999391032,0.03471196490736503
7.520036661222,0.035170356683764774
7.521088486397,0.034425464010161236
7.522118749593,0.034041193283342486
7.523138317726,0.03441044055355031
7.524169926407,0.033609978793668255
7.525178112076,0.03348932420827177
7.526183164297,0.03355692621660509
7.527191180281,0.034875293430065984
7.528239571102,0.033558772105879195
7.529249229942,0.033411985951141664
7.530255294894,0.033361756785924346
7.531260595295,0.03467499104952348
7.53230631505,0.03353660591277609
7.533318450583,0.034307147209112425
7.534354628905,0.03470350113458112
7.535403518269,0.0338047532050862
7.536426006553,0.034657398938780566
7.537475116044,0.03361295204097056
7.538493281972,0.03555863841861901
7.539571174801,0.03332018940906029
7.5405821897,0.03431784461298218
7.541624258129,0.03326033781903116
7.542635114281,0.03467079907093102
7.54368973856,0.033764640831182004
7.54471770788,0.03397129953523909
7.545752756756,0.03306849311730514
7.546761175268,0.03591144686191062
7.547857209351,0.03334537292854397
7.54887563615,0.03276063424019221
7.549876986577,0.03292777250330431
7.550884229225,0.0331786262035229
7.551899896985,0.03272466067316673
7.552902418558,0.033068490096030675
7.553916197587,0.032815583074148814
7.554922969768,0.03342462666148992
7.555949174946,0.03256209744265981
7.556949644748,0.00995605073513443
7.557255694529,0.0034757826796022336
7.557362556025,0.0033195967389326813
7.557464626173,0.005255453055480084
7.55762622434,0.012677691571687785
7.558016073636,0.010298217764191759
7.558332802151,0.032868893086799966
7.559344238342,0.0327889249694136
7.560354049258,0.033135272004918545
7.561375201471,0.03309234324400014
7.562395876652,0.03283912027113636
7.563409410623,0.03307750981447948
7.564431278831,0.03466574842520863
7.565502817563,0.03305772993950905
7.566525348211,0.033673929597660406
7.567567626602,0.0323339083771436
7.568569152503,0.033950228613343986
7.569621621122,0.03363900629490191
7.570665177368,0.032779073430067925
7.57168286204,0.03259938826368
7.572695653778,0.03292270654633472
7.573719193961,0.03216336159120456
7.574719998681,0.033055820388230725
7.5757494424,0.032996139384465335
7.576777846374,0.03270813062818016
7.5777980592,0.03315543086639506
7.578833038726,0.032211653661035414
7.579839369863,0.032887725589408084
7.580867696009,0.03199219186016038
7.581868773164,0.03232261403236762
7.582881001871,0.03311487977641622
7.583918992957,0.03212000611809107
7.584926625312,0.03292917797459882
7.585960592469,0.03220704423970309
7.58697271876,0.03212839066641185
7.587982988098,0.031795242844129004
7.588983530099,0.0319263257144134
7.58998890462,0.031872969091763535
7.590993381689,0.03339740347342296
7.592046704665,0.03244119944934036
7.593070664217,0.03167763911388289
7.594071439311,0.032614556415825384
7.595102590396,0.031693693590286745
7.596105370073,0.03228533338353732
7.597127604205,0.03190526180262489
7.598138501065,0.03220956853035786
7.599159869213,0.03229494862130248
7.600184770344,0.009253072233759884
7.601228467683,0.0
7.602266183937,0.0
7.603277704233,0.0
7.603985090662,0.0
7.604986278741,0.0
7.605992671379,0.0
7.607004668565,0.0
7.60802015924,0.0
7.609061974794,0.0
7.610076228448,0.0
7.611078597763,0.0
7.612079844385,0.0
7.613102531834,0.0
7.614115621191,0.0
7.615136745704,0.0
7.616158614951,0.0
7.617162499382,0.0
7.618179892131,0.0
7.619188456983,0.0
7.62024654627,0.0
7.621282024844,0.0
7.622303522915,0.0
7.623316887416,0.0
7.624326125826,0.0
7.625352906276,0.0
7.626371581349,0.0
7.627393121636,0.0
7.628400866529,0.0
7.629407434611,0.0
7.63040859512,0.0
7.631417277091,0.0
7.632420994568,0.0
7.633432001342,0.0
7.63443954211,0.0
7.635440528526,0.0
7.636463566262,0.0
7.637474267631,0.0
7.63849853966,0.0
7.639505845861,0.0
7.640508646303,0.0
7.641536618355,0.0
7.642556036386,0.0
7.643559768161,0.0
7.644566796843,0.0
7.645046119042,0.0
7.646061817548,0.0
7.647083167699,0.0
7.648097403346,0.0
7.649098642292,0.0
7.650186430367,0.0
7.651187407186,0.0
7.6522712799,0.0
7.65327666915,0.0
7.654316130121,0.0
7.655369946848,0.0
7.656370590183,0.0
7.657429588042,0.0
7.658485710634,0.0
7.65950666004,0.0
7.660534557272,0.0
7.661577306219,0.0
7.662633171375,0.0
7.663681599804,0.0
7.664683631587,0.0
7.665748068154,0.0
7.666836824359,0.0
7.667877298845,0.0
7.668884807551,0.0
7.669911371312,0.0
7.670927623779,0.0
7.671942019271,0.0
7.672995387067,0.0
7.673999326902,0.0
7.675060787942,0.0
7.676087179736,0.0
7.677095851115,0.0
7.678110647601,0.0
7.679144017139,0.0
7.680188539643,0.0
7.681236518297,0.0
7.68226147605,0.0
7.683269771039,0.0
7.684270037155,0.0
7.685274780662,0.0
7.686293309842,0.0
7.687294301909,0.0
7.688314383239,0.0
7.689317898838,0.0
7.690353087119,0.0
7.691375709972,0.0
7.692381912151,0.0
7.69338635112,0.0
7.694387270188,0.0
7.69541234745,0.0
7.696444458603,0.0
7.696704045418,0.0
7.697732349772,0.0
7.698736089814,0.0
7.699766943687,0.0
7.700781629854,0.0
7.701788473104,0.0
7.702790924592,0.0
7.703791550473,0.0
7.704814048087,0.0
7.70582414867,0.0
7.706847134406,0.0
7.707859312867,0.0
7.708862380825,0.0
7.709884392801,0.0
7.710886877622,0.0
7.71191056012,0.0
7.712935844019,0.0
7.714012577942,0.0
7.715043171141,0.0
7.716067563057,0.0
7.717090569274,0.0
7.718096857316,0.0
7.719114590271,0.0
7.72011875402,0.0
7.721147417595,0.0
7.722169382042,0.0
7.723178956544,0.0
7.724181852604,0.0
7.725242864856,0.0
7.726246468541,0.0
7.727248987434,0.0
7.728255794292,0.0
7.729257007876,0.0
7.730257819995,0.0
7.731272247669,0.0
7.732302628069,0.0
7.733318201027,0.0
7.734340197876,0.0
7.735343761142,0.0
7.736361112012,0.0
7.737421261709,0.0
7.738440108759,0.0
7.73907375481,0.0
7.740086407667,0.0
7.741087375789,0.0
7.742110306167,0.0
7.743146413941,0.0
7.744174919839,0.0
7.745239283221,0.0
7.746255803267,0.0
7.747277669389,0.0
7.748288051473,0.0
7.749290137378,0.0
7.750311308283,0.0
7.751319170832,0.0
7.752324109505,0.0
7.753330311982,0.0
7.754340848481,0.0
7.75535365836,0.0
7.756362872404,0.0
7.757366769249,0.0
7.758402039681,0.0
7.759454123836,0.0
7.760484959422,0.0
7.761498404487,0.0
7.762515232352,0.0
7.763525523984,0.0
7.764591763722,0.0
7.76567929212,0.0
7.766729815206,0.0
7.767760259408,0.0
7.768820838107,0.0
7.769869142054,0.0
7.770915848582,0.0
7.771917975816,0.0
7.772922654515,0.0
7.773957514414,0.0
7.775024225075,0.0
7.776054944864,0.0
7.777105693301,0.0
7.778196778491,0.0
7.779247593593,0.0
7.780268723571,0.0
7.781299603726,0.0
7.782350511543,0.0
7.783371765716,0.0
7.784412830445,0.0
7.785463830871,0.0
7.786474859982,0.0
7.787484899,0.0
7.788505391905,0.0
7.78951576539,0.0
7.79061575789,0.0
7.791632747249,0.0
7.792643324866,0.0
7.793653921334,0.0
7.794660745692,0.0
7.795662132493,0.0
7.795907739495,0.0
7.796925733059,0.0
7.79794199483,0.0
7.798945642522,0.0
7.799950538255,0.0
7.800959410915,0.0
7.801964416366,0.0
7.802973016561,0.0
7.803979083665,0.0
7.805009540107,0.0
7.806036116731,0.0
7.807055405399,0.0
7.808083654805,0.0
7.809088106227,0.0
7.810095658127,0.0
7.811103860169,0.0
7.812111664391,0.0
7.813120092678,0.0
7.814126553089,0.0
7.815145907927,0.0
7.816157745739,0.0
7.8171602214,0.0
7.818194358197,0.0
7.819209808456,0.0
7.820212625414,0.0
7.82124711547,0.0
7.82226291178,0.0
7.823266071483,0.0
7.824300914234,0.0
7.825317058789,0.0
7.826320561558,0.0
7.827355758324,0.0
7.828372918249,0.0
7.829396911213,0.0
7.830407845527,0.0
7.831427655574,0.0
7.83244041006,0.0
7.833449440787,0.0
7.834456338188,0.0
7.835458497643,0.0
7.836460768548,0.0
7.83746669804,0.0
7.838470791681,0.0
7.839471685551,0.0
7.840498183436,0.0
7.841110563805,0.0
7.842127225882,0.0
7.843135682856,0.0
7.84417561476,0.0
7.845209862899,0.0
7.846244230143,0.0
7.847245921567,0.0
7.848249608702,0.0
7.849272564469,0.0
7.850280042037,0.0
7.851284198817,0.0
7.85228846552,0.0
7.853291049827,0.0
7.854322395786,0.0
7.855348104125,0.0
7.856368085672,0.0
7.857389195502,0.0
7.858413520505,0.0
7.859437192949,0.0
7.860443836723,0.0
7.861482517308,0.0
7.862507112701,0.0
7.863512076834,0.0
7.86453876411,0.0
7.865552444283,0.0
7.86656267488,0.0
7.867580104543,0.0
7.868584462227,0.0
7.869585842632,0.0
7.870587329888,0.0
7.871612073216,0.0
7.872631941199,0.0
7.873647408773,0.0
7.874652536506,0.0
7.875673804249,0.0
7.876709615787,0.0
7.877716591688,0.0
7.878735677126,0.0
7.879744774972,0.0
7.880795090796,0.0
7.881815552563,0.0
7.88284593142,0.0
7.883846743458,0.0
7.884927324127,0.0
7.885957791552,0.0
7.886967953453,0.0
7.887967953453,0.0
7.888967953453,0.0
7.889967953453,0.0
7.890967953453,0.0
7.891967953453,0.0
7.892967953453,0.0
7.893986880816,0.0
7.894986880816,0.0
7.895997131275,0.0
7.897038176037,0.0
7.898068980846,0.0
7.899059821715,0.0
7.900108823284,0.0
7.901139723239,0.0
7.902190649942,0.0
7.90321192621,0.0
7.904242915775,0.0
7.905293933157,0.0
7.906315328759,0.0
7.90736283421,0.0
7.908444312457,0.0
7.909475452574,0.0
7.910526217282,0.0
7.91155820317,0.0
7.912575520498,0.0
7.913584958505,0.0
7.914596057187,0.0
7.915612155436,0.0
7.916614171284,0.0
7.917636455738,0.0
7.918672097402,0.0
7.91969019485,0.0
7.920700406984,0.0
7.921712279617,0.0
7.922729156075,0.0
7.923731937648,0.0
7.924748318518,0.0
7.925762064825,0.0
7.926815725444,0.0
7.927843477787,0.0
7.928851152964,0.0
7.929877641856,0.0
7.930892541234,0.0
7.931913209366,0.0
7.93294748258,0.0
7.933972874991,0.0
7.934990729174,0.0
7.936001999665,0.0
7.937007162689,0.0
7.938037297622,0.0
7.939052958676,0.0
7.94007136101,0.0
7.941081053491,0.0
7.942118179554,0.0
7.943144564179,0.0
7.944163402666,0.0
7.945166353806,0.0
7.946186326337,0.0
7.947217458623,0.0
7.948225485388,0.0
7.949235174961,0.0
7.950241230902,0.0
7.950467002073,0.0
7.951495640749,0.0
7.952518247151,0.0
7.953540959775,0.0
7.954560191543,0.0
7.955560447803,0.0
7.956562995755,0.0
7.957593075244,0.0
7.95859876576,0.0
7.959606467441,0.0
7.960610084262,0.0
7.961617583252,0.0
7.96263264112,0.0
7.963632982661,0.0
7.964657710496,0.0
7.965685477481,0.0
7.966692252933,0.0
7.967721338256,0.0
7.968765022548,0.0
7.96980882528,0.0
7.970837948371,0.0
7.971867504828,0.0
7.972892695689,0.0
7.97391799793,0.0
7.974939450257,0.0
7.975961012894,0.0
7.976979082373,0.0
7.977997260216,0.0
7.97901230281,0.0
7.9800274512,0.0
7.98105800136,0.0
7.982084178991,0.0
7.98311046847,0.0
7.984132904438,0.0
7.985155451197,0.0
7.986174504632,0.0
7.987175086237,0.0
7.988196955648,0.0
7.989222967693,0.0
7.990226080829,0.0
7.991255236901,0.0
7.992263854245,0.0
7.993276325922,0.0
7.99430707695,0.0
7.995366382737,0.0
7.996377287753,0.0
7.997402879964,0.0
7.998424253329,0.0
7.999432469546,0.0
8.000193436333,0.0
8.001217987013,0.0
8.002231329237,0.0
8.00325472583,0.0
8.00426065055,0.0
8.005279827727,0.0
8.006314715319,0.0
8.007343048489,0.0
8.008372233482,0.0
8.009402581963,0.0
8.01040333371,0.0
8.011408145134,0.0
8.012417803136,0.0
8.013457957472,0.0
8.014483185772,0.0
8.015506534579,0.0
8.01655325932,0.0
8.017606480436,0.0
8.018612128384,0.0
8.019642078886,0.0
8.020645063048,0.0
8.021670775742,0.0
8.022769931953,0.0
8.023814742374,0.0
8.024835055126,0.0
8.025840929253,0.0
8.026864044579,0.0
8.02788864116,0.0
8.028942654231,0.0
8.029946141955,0.0
8.030966940479,0.0
8.031969301987,0.0
8.032978129236,0.0
8.03398351817,0.0
8.035001124344,0.0
8.03601883448,0.0
8.037034111873,0.0
8.038049493113,0.0
8.039062077547,0.0
8.040074764916,0.0
8.041091980176,0.0
8.04210348039,0.0
8.043116238195,0.0
8.044126803064,0.0
8.045137470972,0.0
8.046159766963,0.0
8.047171703166,0.0
8.048181313762,0.0
8.049188729374,0.0
8.049430834209,0.0
8.050449156412,0.0
8.051475433869,0.0
8.052499034483,0.0
8.053522740768,0.0
8.054544011679,0.0
8.055557763367,0.0
8.056567746472,0.0
8.057589331191,0.0
8.058614894719,0.0
8.059636203975,0.0
8.060652424662,0.0
8.061662823311,0.0
8.062667501401,0.0
8.063702317242,0.0
8.064709020535,0.0
8.065725637653,0.0
8.066736908969,0.0
8.067742106697,0.0
8.068777453631,0.0
8.069784675097,0.0
8.070800899256,0.0
8.07180651349,0.0
8.072813641279,0.0
8.073831992309,0.0
8.074842648012,0.0
8.07585468516,0.0
8.076857649975,0.0
8.077900762465,0.0
8.0789245385,0.0
8.079931301487,0.0
8.080967932139,0.0
8.081976416677,0.0
8.082994869407,0.0
8.084012131927,0.0
8.085033178472,0.0
8.086049265455,0.0
8.087060631724,0.0
8.088085724801,0.0
8.089090795605,0.0
8.090094853127,0.0
8.091102505981,0.0
8.092110641893,0.0
8.09271902073,0.0
8.093731321189,0.0
8.094748371078,0.0
8.095752263016,0.0
8.09676499745,0.0
8.097771169456,0.0
8.098773118099,0.0
8.099787537879,0.0
8.100808247937,0.0
8.101808632377,0.0
8.102814139515,0.0
8.103830143281,0.0
8.104833055891,0.0
8.105835795405,0.0
8.106846890948,0.0
8.107865741933,0.0
8.108871635254,0.0
8.109875476971,0.0
8.110881080386,0.0
8.111896205277,0.0
8.112941668137,0.0
8.113959407207,0.0
8.114962308352,0.0
8.115970764296,0.0
8.117004151561,0.0
8.118038612595,0.0
8.119070332204,0.0
8.120094144276,0.0
8.121097933215,0.0
8.122166183661,0.0
8.123206759787,0.0
8.124222181441,0.0
8.125249655373,0.0
8.126275157505,0.0
8.127287146529,0.0
8.128328232909,0.0
8.129329706141,0.0
8.130401876218,0.0
8.131440423941,0.0
8.132448311881,0.0
8.13301762595,0.0
8.134054284957,0.0
8.135101166831,0.0
8.136161122392,0.0
8.137229336074,0.0
8.138268190482,0.0
8.139276541069,0.0
8.140296727211,0.0
8.141305214376,0.0
8.142344255449,0.0
8.14334430066,0.0
8.144394932191,0.0
8.14546370353,0.0
8.1465029302,0.0
8.147506721186,0.0
8.148576918262,0.0
8.149624654504,0.0
8.150625416135,0.0
8.151629923172,0.0
8.15268419393,0.0
8.153693541029,0.0
8.154733153186,0.0
8.155742645682,0.0
8.156747333763,0.0
8.157793892756,0.0
8.158815770778,0.0
8.159835594414,0.0
8.160853094512,0.0
8.161866841033,0.0
8.162882989689,0.0
8.163904180818,0.0
8.164917851925,0.0
8.165924732464,0.0
8.16694295803,0.0
8.167952374878,0.0
8.168998015082,0.0
8.170066561287,0.0
8.171086511424,0.0
8.172091128382,0.0
8.173113658009,0.0
8.174151529775,0.0
8.175168551146,0.0
8.176191302225,0.0
8.177191546625,0.0
8.178204278756,0.0
8.179212571323,0.0
8.180216914893,0.0
8.181220753933,0.0
8.182234776739,0.0
8.183259442645,0.0
8.184268698795,0.0
8.185278827471,0.0
8.186290719934,0.0
8.186732849372,0.0
8.187740471711,0.0
8.188767872027,0.0
8.189779849963,0.0
8.190794213031,0.0
8.191795044883,0.0
8.192830773281,0.0
8.193842931787,0.0
8.194847383595,0.0
8.195855908015,0.0
8.19686343804,0.0
8.197867579423,0.0
8.19887901139,0.0
8.199899421546,0.0
8.200919831702,0.0
8.201924529914,0.0
8.202930821079,0.0
8.20301835627,0.0
8.20309287505,0.0
8.203143199147,0.0
8.203261832297,0.0
8.203465397437,0.0
8.203829122782,0.0
8.204413271113,0.0
8.205167717171,0.0
8.205987791076,0.0
8.206744908358,0.0
8.207435116871,0.0
8.208148441,0.0
8.20888917983,0.0
8.209768341901,0.0
8.210612447917,0.0
8.21156630176,0.0
8.212572386784,0.0
8.213580694322,0.0
8.214599564766,0.0
8.215267906552,0.0
8.215880043259,0.0
8.216645975058,0.0
8.217472321673,0.0
8.218135592563,0.0
8.219137893741,0.0
8.219812053043,0.0
8.220026120935,0.0
8.220859473371,0.0
8.221256476879,0.0
8.222231039492,0.0
8.223234976914,0.0
8.223593478879,0.0
8.224130311927,0.0
8.224240395923,0.0
8.224548926081,0.0
8.22499751138,0.0
8.225358893461,0.0
8.225704570575,0.0
8.226030605868,0.0
8.226135836819,0.0
8.226762413967,0.0
8.227060310039,0.0
8.227936494208,0.0
8.228247258741,0.0
8.228487944799,0.0
8.22949461118,0.0
8.230158124138,0.0
8.231165846695,0.0
8.231605918252,0.0
8.23260967874,0.0
8.23289270589,0.0
8.233559745466,0.0
8.234411989054,0.0
8.234852724956,0.0
8.235356658944,0.0
8.235999621778,0.0
8.236781009386,0.0
8.237639243948,0.0
8.238282033474,0.0
8.238617742283,0.0
8.239346065694,0.0
8.23983373562,0.0
8.240540757902,0.0
8.241390574053,0.0
8.241541594867,0.0
8.241831186701,0.0
8.241910789588,0.0
8.242483604581,0.0
8.243292286786,0.0
8.243716188221,0.0
8.244723326894,0.0
8.245330531447,0.0
8.245928263568,0.0
8.246934704691,0.0
8.247400837664,0.0
8.248405358089,0.0
8.249029997022,0.0
8.249898036804,0.0
8.250653517749,0.0
8.251608913314,0.0
8.252157619068,0.0
8.25262773071,0.0
8.253539128489,0.0
8.254319911296,0.0
8.255320588243,0.0
8.25600658741,0.0
8.256614017344,0.0
8.257156261754,0.0
8.257585685604,0.0
8.25859349669,0.0
8.259377453466,0.0
8.25975593879,0.0
8.260262928473,0.0
8.261009852594,0.0
8.262060873593,0.0
8.263071207855,0.0
8.264008845939,0.0
8.264921218057,0.0
8.265566266894,0.0
8.266091451667,0.0
8.266767463349,0.0
8.267442607605,0.0
8.26821810028,0.0
8.268436196691,0.0
8.268884448959,0.0
8.269749881885,0.0
8.270455782303,0.0
8.271466366144,0.0
8.271806059511,0.0
8.272575521501,0.0
8.272968805463,0.0
8.273973724329,0.0
8.274980492026,0.0
8.275258220357,0.0
8.276182061449,0.0
8.277187461296,0.0
8.278193370503,0.0
8.278707372766,0.0
8.279163346108,0.0
8.279849408347,0.0
8.280554708866,0.0
8.281448856923,0.0
8.281968256458,0.0
8.282425432381,0.0
8.282936605019,0.0
8.283187626794,0.0
8.28358509214,0.0
8.283884791832,0.0
8.284254971218,0.0
8.284693611766,0.0
8.285665304401,0.0
8.28620637392,0.0
8.286436113034,0.0
8.287436959348,0.0
8.288477194945,0.0
8.289482101449,0.0
8.290485139626,0.0
8.291131560829,0.0
8.292146230294,0.0
8.293042155394,0.0
8.293921530765,0.0
8.294329394713,0.0
8.295331546258,0.0
8.296335996848,0.0
8.297241044484,0.0
8.298179195901,0.0
8.298870960339,0.0
8.29946104988,0.0
8.300086663128,0.0
8.300247621129,0.0
8.300780078868,0.0
8.300849384094,0.0
8.301867541711,0.0
8.302262340372,0.0
8.302543440085,0.0
8.302928177473,0.0
8.303693451062,0.0
8.304611364856,0.0
8.30504793289,0.0
8.305614526674,0.0
8.306207373854,0.0
8.306881225302,0.0
8.307569217912,0.0
8.308220888801,0.0
8.308654301999,0.0
8.309593587419,0.0
8.310268533635,0.0
8.310839077992,0.0
8.31130364106,0.0
8.31161607958,0.0
8.312400705131,0.0
8.312631855821,0.0
8.312826851421,0.0
8.313413758056,0.0
8.313933149991,0.0
8.314696867831,0.0
8.315386917108,0.0
8.315655141644,0.0
8.315922458829,0.0
8.316705494503,0.0
8.31709210111,0.0
8.317937171544,0.0
8.318747552801,0.0
8.319254814705,0.0
8.319906078279,0.0
8.320539894496,0.0
8.321009672256,0.0
8.32165944564,0.0
8.321876217763,0.0
8.322684863836,0.0
8.323685866462,0.0
8.324690184026,0.0
8.325170558209,0.0
8.325321016065,0.0
8.325756048411,0.0
8.326421395629,0.0
8.32683718247,0.0
8.327494788782,0.0
8.328501141593,0.0
8.329509374024,0.0
8.330516551408,0.0
8.331515444991,0.0
8.332520381767,0.0
8.333370480053,0.0
8.334026439176,0.0
8.334750877204,0.0
8.335020209113,0.0
8.335412929673,0.0
8.335705612468,0.0
8.3357069416,0.0
8.335708270732,0.0
8.335709865691,0.0
8.335711779642,0.0
8.335713693592,0.0
8.335715607543,0.0
8.335717521493,0.0
8.335719435444,0.0
8.335721349394,0.0
8.335723646135,0.0
8.335725942875,0.0
8.335728239616,0.0
8.335730991507,0.0
8.335734298814,0.0
8.33573760612,0.0
8.335740913427,0.0
8.335744882194,0.0
8.335748850962,0.0
8.335753608989,0.0
8.33575837151,0.0
8.335764086536,0.0
8.335769801561,0.0
8.335775516587,0.0
8.335782374618,0.0
8.335790604254,0.0
8.335800479819,0.0
8.335810355383,0.0
8.335820230947,0.0
8.335830106511,0.0
8.335845031317,0.0
8.335858497724,0.0
8.33587194536,0.0
8.335892134176,0.0
8.335900090415,0.0
8.335903769432,0.0
8.335907448449,0.0
8.335913061263,0.0
8.33592151337,0.0
8.335928031838,0.0
8.335933512414,0.0
8.335941755735,0.0
8.335954124949,0.0
8.33597273692,0.0
8.335983890196,0.0
8.33599128482,0.0
8.336002380912,0.0
8.336013476273,0.0
8.336024554711,0.0
8.336033599939,0.0
8.336042645166,0.0
8.336051522753,0.0
8.33606040034,0.0
8.336073730232,0.0
8.336093730615,0.0
8.336105283775,0.0
8.336115547806,0.0
8.336125811837,0.0
8.33614126853,0.0
8.336155188804,0.0
8.336169109077,0.0
8.336190053484,0.0
8.33621099789,0.0
8.336239410518,0.0
8.33625954529,0.0
8.336273481774,0.0
8.336287418259,0.0
8.336300004264,0.0
8.336307555867,0.0
8.336315107471,0.0
8.336326553989,0.0
8.336335613554,0.0
8.336341049294,0.0
8.336346485033,0.0
8.33635475765,0.0
8.336367165578,0.0
8.33637275203,0.0
8.336376216065,0.0
8.336379385532,0.0
8.336382554345,0.0
8.336387314375,0.0
8.336392074405,0.0
8.336395859169,0.0
8.336399284061,0.0
8.336402708954,0.0
8.336407993702,0.0
8.336415920425,0.0
8.336427875578,0.0
8.336445843449,0.0
8.336453018533,0.0
8.336456079206,0.0
8.336460734139,0.0
8.336467715098,0.0
8.336478190737,0.0
8.336493959861,0.0
8.336509708576,0.0
8.336514354241,0.0
8.336518198816,0.0
8.33652412568,0.0
8.336533019066,0.0
8.336546367164,0.0
8.336563666676,0.0
8.33657664131,0.0
8.33658442609,0.0
8.33659221087,0.0
8.33659950675,0.0
8.336604980424,0.0
8.336610454098,0.0
8.336615927771,0.0
8.336621401445,0.0
8.336627969853,0.0
8.336635851943,0.0
8.336645310451,0.0
8.336656648615,0.0
8.336670268866,0.0
8.336673537727,0.0
8.336676806587,0.0
8.336681788182,0.0
8.336689312813,0.0
8.336700622322,0.0
8.336709210389,0.0
8.336714802718,0.0
8.336718158115,0.0
8.336721513512,0.0
8.336726602278,0.0
8.336734235266,0.0
8.336745684604,0.0
8.336755990008,0.0
8.336766295411,0.0
8.336781879924,0.0
8.336791012301,0.0
8.336798024404,0.0
8.336805841833,0.0
8.336811704905,0.0
8.336816102209,0.0
8.336819400187,0.0
8.33682187367,0.0
8.336823728783,0.0
8.336825583895,0.0
8.336827439008,0.0
8.33682929412,0.0
8.336831149233,0.0
8.336833004345,0.0
8.336834859458,0.0
8.336837085591,0.0
8.336839311726,0.0
8.336841537861,0.0
8.336843763874,0.0
8.336845990009,0.0
8.336848661371,0.0
8.336851332733,0.0
8.336854004095,0.0
8.336857209729,0.0
8.336861056491,0.0
8.336864903252,0.0
8.336868750013,0.0
8.336873366127,0.0
8.336877982241,0.0
8.336882598354,0.0
8.33688813769,0.0
8.336893677027,0.0
8.33690032423,0.0
8.336908300875,0.0
8.336917872848,0.0
8.336929359216,0.0
8.336943129576,0.0
8.336959669945,0.0
8.336976210315,0.0
8.336981926667,0.0
8.336987643018,0.0
8.336992790719,0.0
8.336997938419,0.0
8.33700577638,0.0
8.337017534138,0.0
8.337035222136,0.0
8.337061770287,0.0
8.33707793677,0.0
8.337089626569,0.0
8.337101316367,0.0
8.337119004098,0.0
8.337136691829,0.0
8.337163281546,0.0
8.337185950834,0.0
8.337205604948,0.0
8.337234891676,0.0
8.337245239535,0.0
8.337254306277,0.0
8.337267962582,0.0
8.337280290972,0.0
8.337292619362,0.0
8.337303796013,0.0
8.337314972663,0.0
8.337331819782,0.0
8.337345155559,0.0
8.337358491337,0.0
8.337378536617,0.0
8.337408615943,0.0
8.337430770336,0.0
8.337442638561,0.0
8.337453327107,0.0
8.337464015652,0.0
8.337474704198,0.0
8.337485392743,0.0
8.337496081289,0.0
8.337511908572,0.0
8.337524370732,0.0
8.337535611461,0.0
8.33754685219,0.0
8.337557078476,0.0
8.337567304762,0.0
8.337576242635,0.0
8.337585180509,0.0
8.337594118382,0.0
8.337607669488,0.0
8.337619877782,0.0
8.337632086075,0.0
8.337643149019,0.0
8.337654211963,0.0
8.337664261308,0.0
8.337674310652,0.0
8.33768947908,0.0
8.337704647508,0.0
8.337710144808,0.0
8.337715642108,0.0
8.337723912822,0.0
8.337736308813,0.0
8.3377455902,0.0
8.337754871587,0.0
8.337763270316,0.0
8.337771669045,0.0
8.337779304186,0.0
8.337786936872,0.0
8.337798179626,0.0
8.337805769524,0.0
8.337817213014,0.0
8.337834351459,0.0
8.337851489904,0.0
8.337859665091,0.0
8.337866216106,0.0
8.337876058769,0.0
8.33788495256,0.0
8.337893844629,0.0
8.337904647935,0.0
8.337912757081,0.0
8.337918838941,0.0
8.337923395884,0.0
8.337925448512,0.0
8.33792750114,0.0
8.337930678907,0.0
8.337933244692,0.0
8.337935810477,0.0
8.337938376261,0.0
8.337940942046,0.0
8.33794350783,0.0
8.337946586771,0.0
8.337949665713,0.0
8.337952744654,0.0
8.337955823596,0.0
8.337958902537,0.0
8.337962597267,0.0
8.337966291997,0.0
8.337970725672,0.0
8.337975159348,0.0
8.337979593023,0.0
8.337984913434,0.0
8.337990233845,0.0
8.337995554256,0.0
8.338001938749,0.0
8.33800960014,0.0
8.33801879381,0.0
8.33802981857,0.0
8.338040835136,0.0
8.338051856047,0.0
8.338060118908,0.0
8.33806507544,0.0
8.338070031973,0.0
8.338074988505,0.0
8.338082479744,0.0
8.338089970982,0.0
8.338099622129,0.0
8.338111203505,0.0
8.338122669631,0.0
8.338131355663,0.0
8.338140041696,0.0
8.338152537494,0.0
8.33816504538,0.0
8.338172550112,0.0
8.338180054844,0.0
8.338189435758,0.0
8.338196471445,0.0
8.338201748209,0.0
8.338205705782,0.0
8.338208673962,0.0
8.338210898175,0.0
8.338212567777,0.0
8.338213819978,0.0
8.338214759128,0.0
8.338215698279,0.0
8.33821663743,0.0
8.338217576581,0.0
8.338218515731,0.0
8.338219454882,0.0
8.338220394033,0.0
8.338221333183,0.0
8.338222460164,0.0
8.338223587145,0.0
8.338224714126,0.0
8.338225841107,0.0
8.338226968088,0.0
8.338228320465,0.0
8.338229672842,0.0
8.338231025219,0.0
8.338232377596,0.0
8.338233729973,0.0
8.33823508235,0.0
8.338236705202,0.0
8.338238328055,0.0
8.338239950907,0.0
8.33824157376,0.0
8.338243196612,0.0
8.338244819465,0.0
8.338246766887,0.0
8.33824871431,0.0
8.338251051218,0.0
8.338253388125,0.0
8.338255725033,0.0
8.33825806194,0.0
8.338260866229,0.0
8.338263670518,0.0
8.338267035665,0.0
8.338271073841,0.0
8.338275112018,0.0
8.338279150194,0.0
8.338282057681,0.0
8.338284965167,0.0
8.338289409838,0.0
8.338296082812,0.0
8.338304446244,0.0
8.338314494518,0.0
8.338326552448,0.0
8.338335234157,0.0
8.338343915866,0.0
8.338352597575,0.0
8.338365636696,0.0
8.338378674392,0.0
8.338390438346,0.0
8.3384022023,0.0
8.33841396594,0.0
8.338431469477,0.0
8.338448973013,0.0
8.33846647655,0.0
8.338483980087,0.0
8.338493291782,0.0
8.338501373077,0.0
8.338513652823,0.0
8.338525956333,0.0
8.338535183965,0.0
8.338542104689,0.0
8.338547294702,0.0
8.338551187609,0.0
8.33855410729,0.0
8.33855702697,0.0
8.338559946651,0.0
8.338563450268,0.0
8.338566953884,0.0
8.338571158224,0.0
8.338575362564,0.0
8.338578389689,0.0
8.338581416814,0.0
8.338586075316,0.0
8.338593061427,0.0
8.33860352317,0.0
8.338616077262,0.0
8.338631142173,0.0
8.338646170909,0.0
8.338659186992,0.0
8.338672203075,0.0
8.338685219157,0.0
8.338704813894,0.0
8.338719651287,0.0
8.338728552813,0.0
8.338733893729,0.0
8.338739234645,0.0
8.338747395912,0.0
8.338755557178,0.0
8.338763718444,0.0
8.338775904435,0.0
8.338788090269,0.0
8.338800275023,0.0
8.338818583915,0.0
8.338833302527,0.0
8.338843059679,0.0
8.33885281683,0.0
8.338867631485,0.0
8.338882446139,0.0
8.338887571921,0.0
8.338892697702,0.0
8.338897399792,0.0
8.338902101881,0.0
8.338908859503,0.0
8.33891392772,0.0
8.338917728882,0.0
8.338920579753,0.0
8.338922717907,0.0
8.338924856061,0.0
8.338926994215,0.0
8.338929132369,0.0
8.338931698153,0.0
8.338934777094,0.0
8.338937856036,0.0
8.338940934977,0.0
8.338944013919,0.0
8.33894709286,0.0
8.338950171802,0.0
8.338953250743,0.0
8.338956945473,0.0
8.338960640202,0.0
8.338964334932,0.0
8.338968029662,0.0
8.338971724391,0.0
8.338976158067,0.0
8.338980591743,0.0
8.338985912154,0.0
8.338991232564,0.0
8.338996552975,0.0
8.339002937468,0.0
8.339009321961,0.0
8.339015706454,0.0
8.339022090947,0.0
8.339029752338,0.0
8.339038946008,0.0
8.339044172213,0.0
8.339046697357,0.0
8.339049222501,0.0
8.339053038446,0.0
8.339058761428,0.0
8.339067326564,0.0
8.339075888618,0.0
8.339088756814,0.0
8.339101619389,0.0
8.339111259646,0.0
8.33911193279,0.0
8.339111995634,0.0
8.339112137103,0.0
8.339112455939,0.0
8.339112986732,0.0
8.33911383556,0.0
8.339115109221,0.0
8.339117019833,0.0
8.339119885453,0.0
8.339124235323,0.0
8.339128583064,0.0
8.34012952908,0.0
8.341134820741,0.0
8.342141565599,0.0
8.343156399619,0.0
8.344157164596,0.0
8.345157410762,0.0
8.346164047482,0.0
8.347171422445,0.0
8.348178181303,0.0
8.349191283867,0.0
