-0.34462761827,0.0
-0.343626301376,0.0
-0.342619596326,0.0
-0.341575222688,0.0
-0.340537423828,0.0
-0.339499624968,0.0
-0.338461826107,0.0
-0.337424027247,0.0
-0.336386228387,0.0
-0.335367744417,0.0
-0.334327744417,0.0
-0.333287744417,0.0
-0.332247744417,0.0
-0.331207744417,0.0
-0.330167744417,0.0
-0.329127744417,0.0
-0.328087744417,0.0
-0.327047744417,0.0
-0.326007744417,0.0
-0.324967744417,0.0
-0.323927744417,0.0
-0.322887744417,0.0
-0.321847744417,0.0
-0.320807744417,0.0
-0.319767744417,0.0
-0.318727744417,0.0
-0.317687744417,0.0
-0.316647744417,0.0
-0.315607744417,0.0
-0.314567744417,0.0
-0.313527744417,0.0
-0.312487744417,0.0
-0.311447744417,0.0
-0.310407744417,0.0
-0.309367744417,0.0
-0.308327744417,0.0
-0.307287744417,0.0
-0.306247744417,0.0
-0.305207744417,0.0
-0.304167744417,0.0
-0.303127744417,0.0
-0.302087744417,0.0
-0.301047744417,0.0
-0.300007744417,0.0
-0.298967744417,0.0
-0.297927744417,0.0
-0.296887744417,0.0
-0.295847744417,0.0
-0.294807744417,0.0
-0.293767744417,0.0
-0.292727744417,0.0
-0.291687744417,0.0
-0.290647744417,0.0
-0.289607744417,0.0
-0.288567744417,0.0
-0.287527744417,0.0
-0.286487744417,0.0
-0.285447744417,0.0
-0.284407744417,0.0
-0.283927744417,0.0
-0.282887744417,0.0
-0.281847744417,0.0
-0.280807744417,0.0
-0.279767744417,0.0
-0.278727744417,0.0
-0.277687744417,0.0
-0.276647744417,0.0
-0.275607744417,0.0
-0.274567744417,0.0
-0.273527744417,0.0
-0.272487744417,0.0
-0.271447744417,0.0
-0.270407744417,0.0
-0.269367744417,0.0
-0.268327744417,0.0
-0.267287744417,0.0
-0.266247744417,0.0
-0.265207744417,0.0
-0.264167744417,0.0
-0.263127744417,0.0
-0.262087744417,0.0
-0.261047744417,0.0
-0.260007744417,0.0
-0.258967744417,0.0
-0.257927744417,0.0
-0.256887744417,0.0
-0.255847744417,0.0
-0.254807744417,0.0
-0.253767744417,0.0
-0.252727744417,0.0
-0.251687744417,0.0
-0.250647744417,0.0
-0.249607744417,0.0
-0.248567744417,0.0
-0.247527744417,0.0
-0.246487744417,0.0
-0.245447744417,0.0
-0.244407744417,0.0
-0.243367744417,0.0
-0.242327744417,0.0
-0.241287744417,0.0
-0.240247744417,0.0
-0.239207744417,0.0
-0.238167744417,0.0
-0.237127744417,0.0
-0.236087744417,0.0
-0.235047744417,0.0
-0.234007744417,0.0
-0.232967744417,0.0
-0.231927744417,0.0
-0.230887744417,0.0
-0.229847744417,0.0
-0.228807744417,0.0
-0.227767744417,0.0
-0.226727744417,0.0
-0.225687744417,0.0
-0.224647744417,0.0
-0.223607744417,0.0
-0.222567744417,0.0
-0.222487744417,0.0
-0.221447744417,0.0
-0.220407744417,0.0
-0.219367744417,0.0
-0.218327744417,0.0
-0.217287744417,0.0
-0.216247744417,0.0
-0.215207744417,0.0
-0.214167744417,0.0
-0.213127744417,0.0
-0.212087744417,0.0
-0.211047744417,0.0
-0.210007744417,0.0
-0.208967744417,0.0
-0.207927744417,0.0
-0.206887744417,0.0
-0.205847744417,0.0
-0.204807744417,0.0
-0.203767744417,0.0
-0.202727744417,0.0
-0.201687744417,0.0
-0.200647744417,0.0
-0.199607744417,0.0
-0.198567744417,0.0
-0.197527744417,0.0
-0.196487744417,0.0
-0.195447744417,0.0
-0.194407744417,0.0
-0.193367744417,0.0
-0.192327744417,0.0
-0.191287744417,0.0
-0.190247744417,0.0
-0.189207744417,0.0
-0.188167744417,0.0
-0.187127744417,0.0
-0.186087744417,0.0
-0.185047744417,0.0
-0.184007744417,0.0
-0.182967744417,0.0
-0.181927744417,0.0
-0.180887744417,0.0
-0.180487744417,0.0
-0.179447744417,0.0
-0.178407744417,0.0
-0.177367744417,0.0
-0.176327744417,0.0
-0.175287744417,0.0
-0.174247744417,0.0
-0.173207744417,0.0
-0.172167744417,0.0
-0.171127744417,0.0
-0.170087744417,0.0
-0.169047744417,0.0
-0.168007744417,0.0
-0.166967744417,0.0
-0.165927744417,0.0
-0.164887744417,0.0
-0.163847744417,0.0
-0.162807744417,0.0
-0.161767744417,0.0
-0.160727744417,0.0
-0.159687744417,0.0
-0.158647744417,0.0
-0.157607744417,0.0
-0.156567744417,0.0
-0.155527744417,0.0
-0.154487744417,0.0
-0.153447744417,0.0
-0.152407744417,0.0
-0.151367744417,0.0
-0.150327744417,0.0
-0.149312832703,0.0
-0.148397020284,0.0
-0.147391750068,0.0
-0.146384175906,0.0
-0.145376230618,0.0
-0.144369870183,0.0
-0.14349707319,0.0
-0.142466849655,0.0
-0.14143628893,0.0
-0.14042165182,0.0
-0.13938165182,0.0
-0.13836569976,0.0
-0.137356785223,0.0
-0.136336887662,0.0
-0.135272343952,0.0
-0.134231256705,0.0
-0.133200531527,0.0
-0.132180902908,0.0
-0.131102838698,0.0
-0.130062838698,0.0
-0.129022838698,0.0
-0.128016824012,0.0
-0.126981461833,0.0
-0.125941461833,0.0
-0.124901461833,0.0
-0.123861461833,0.0
-0.122821461833,0.0
-0.122261461833,0.0
-0.121208227259,0.0
-0.120159698849,0.0
-0.11910033387,0.0
-0.118075435973,0.0
-0.117061893726,0.0
-0.116021893726,0.0
-0.114981893726,0.0
-0.113941893726,0.0
-0.112901893726,0.0
-0.111861893726,0.0
-0.110821893726,0.0
-0.109781893726,0.0
-0.108755138178,0.0
-0.10773626702,0.0
-0.106660126661,0.0
-0.105597598246,0.0
-0.104588689804,0.0
-0.103580811055,0.0
-0.102560004271,0.0
-0.101553661627,0.0
-0.100544826347,0.0
-0.099535991067,0.0
-0.098596030408,0.0
-0.097593724425,0.0
-0.096542149144,0.0
-0.095534464014,0.0
-0.094526778883,0.0
-0.093519093753,0.0
-0.092511408622,0.0
-0.09148694375,0.0
-0.090456407448,0.0
-0.089451326906,0.0
-0.088444238874,0.0
-0.087395240715,0.0
-0.0863465053,0.0
-0.085510800206,0.0
-0.084494313459,0.0
-0.083466029085,0.0
-0.08244919217,0.0
-0.081434360151,0.0
-0.080411369787,0.0
-0.079391494755,0.0
-0.078371619723,0.0
-0.077351744691,0.0
-0.076898466899,0.0
-0.075871828003,0.0
-0.074831828003,0.0
-0.073791828003,0.0
-0.072751828003,0.0
-0.071711828003,0.0
-0.070671828003,0.0
-0.069631828003,0.0
-0.068591828003,0.0
-0.067551828003,0.0
-0.066511828003,0.0
-0.065471828003,0.0
-0.064831828003,0.0
-0.063791828003,0.0
-0.062751828003,0.0
-0.061711828003,0.0
-0.060671828003,0.0
-0.059631828003,0.0
-0.058591828003,0.0
-0.057551828003,0.0
-0.056511828003,0.0
-0.055471828003,0.0
-0.054431828003,0.0
-0.053391828003,0.0
-0.052351828003,0.0
-0.051311828003,0.0
-0.050279600875,0.0
-0.049245031222,0.0
-0.048169752591,0.0
-0.047123773567,0.0
-0.046083773567,0.0
-0.045080973341,0.0
-0.044011299186,0.0
-0.042971299186,0.0
-0.042651299186,0.0
-0.041611299186,0.0
-0.040571299186,0.0
-0.039531299186,0.0
-0.038491299186,0.0
-0.037451299186,0.0
-0.037051299186,0.0
-0.036011299186,0.0
-0.034971299186,0.0
-0.033931299186,0.0
-0.032891299186,0.0
-0.031851299186,0.0
-0.030811299186,0.0
-0.030251299186,0.0
-0.029211299186,0.0
-0.028171299186,0.0
-0.027131299186,0.0
-0.026331299186,0.0
-0.025291299186,0.0
-0.024281835358,0.0
-0.023257591096,0.0
-0.022200769851,0.0
-0.021560769851,0.0
-0.020520769851,0.0
-0.019480769851,0.0
-0.018600769851,0.0
-0.017560769851,0.0
-0.016520769851,0.0
-0.016120769851,0.0
-0.015080769851,0.0
-0.014040769851,0.0
-0.013560769851,0.0
-0.012520769851,0.0
-0.011594743593,0.0
-0.010574743593,0.0
-0.010109743593,0.0
-0.0090747624174,0.0
-0.0088947624174,0.0
-0.0079610124174,0.0
-0.0069822624174,0.0
-0.0061638288994,0.0
-0.0054550788994,0.0
-0.0048349226494,0.0
-0.0043033601494,0.0
-0.0038097663994,0.0
-0.0033921101494,0.0
-0.0030076765556,0.0
-0.0026801960869,0.0
-0.0023811921806,0.0
-0.0021142244072,0.0
-0.001884632122,0.0
-0.001678399517,0.0
-0.0014921894951,0.0
-0.0013300065727,0.0
-0.0011843422813,0.0
-0.0010536949272,0.0
-0.0009365628166,0.0
-0.00083745103071,0.0
-0.00074622313688,0.0
-0.00066682108114,0.0
-0.0005958660526,0.0
-0.00053378040264,0.0
-0.00047866355012,3.533886868259448e-16
-0.00045205541442,2.1231994260071493e-10
-0.00044339169287,4.789763607459488e-10
-0.00043268951893,5.866522677940526e-10
-0.00041687278128,6.811526665416196e-10
-0.00039513696253,1.0276940899678783e-09
-0.00035789984158,5.353565758109741e-10
-0.00033745336778,3.9915942932927614e-10
-0.00032231074644,3.470313277494182e-11
-0.00032100527965,3.63565484931305e-10
-0.00030750496993,3.918789631832494e-10
-0.00029336102178,3.69087411498617e-10
-0.00028048828696,4.16464013713182e-10
-0.00026652867838,3.170771367089449e-10
-0.00025630746686,2.9791629353428246e-10
-0.0002470238337,1.0891872699266667e-10
-0.00024370531546,2.7174577281131594e-10
-0.00023560108269,3.212546582697752e-10
-0.00022633271685,2.920020571476525e-10
-0.00021818948968,3.462863484873257e-10
-0.00020886421939,3.0736455694131766e-10
-0.00020087292399,3.136189725074413e-10
-0.00019298163461,3.5001906146713163e-10
-0.00018447043752,2.9729095747539126e-10
-0.00017747236214,3.7873775003665696e-10
-0.00016884692562,4.8002596518572e-10
-0.00015834977216,3.7217295938451323e-10
-0.0001505210835,4.1218881778647354e-10
-0.00014214426323,4.567785985511252e-10
-0.00013319671912,5.646342299669516e-10
-0.00012258607676,6.102422119230347e-10
-0.00011162949809,6.363339590035416e-10
-0.00010071846713,6.122604933936774e-10
-9.0671209344e-05,3.866909734215734e-11
-9.0050543349e-05,5.40958539793341e-10
-8.1532037134e-05,5.444426026563278e-10
-7.3251881046e-05,5.345681059118328e-10
-6.5387890732e-05,5.0420926858222e-10
-5.8195828375e-05,4.932015643721138e-10
-5.1359094769e-05,4.672496623938665e-10
-4.5052624198e-05,4.667013349386194e-10
-3.8910038881e-05,4.724315592211214e-10
-3.2842882269e-05,4.55870325305989e-10
-2.712514728e-05,4.232072626669299e-10
-2.1931275862e-05,4.3183051330020884e-10
-1.673995238e-05,4.3950179995451896e-10
-1.1563869484e-05,4.338539243759687e-10
-6.5559664162e-06,4.4353884338786534e-10
-1.5362945708e-06,4.096546339172309e-10
3.0138079706e-06,3.768689177724324e-10
7.1294729131e-06,3.968547240044361e-10
1.1393319291e-05,4.014764448382949e-10
1.563606687e-05,4.063018165415413e-10
1.9860108949e-05,1.603493538820518e-11
2.0025397552e-05,9.421501199185016e-10
2.94788932e-05,1.5997560052425047e-09
4.4661540198e-05,1.8898669331675715e-09
6.1532177082e-05,2.049890535351126e-09
7.8700945818e-05,2.2490809036958704e-09
9.6368642236e-05,2.3785687590570297e-09
0.00011390254192,2.5022101384001276e-09
0.00013124048485,2.6145678824842588e-09
0.00014830056393,2.762627952153779e-09
0.00016530103551,2.883144365682779e-09
0.0001820565819,3.133627944582095e-09
0.00019926323608,3.3884388181706934e-09
0.00021683331327,3.5621063539432054e-09
0.00023428346721,4.031414056385052e-09
0.00025292414567,4.176907939946697e-09
0.00027114724358,4.679532653218703e-09
0.00029040732096,5.277332162199237e-09
0.00031084611508,5.1860666508534575e-09
0.00032977450312,6.249883054735152e-09
0.00035125459379,7.113395647144471e-09
0.00037416485736,6.913094162557778e-09
0.00039507196208,8.386947886008965e-09
0.00041888079012,9.7025611089913e-09
0.0004445943244,1.1233847146306953e-08
0.00047228176029,1.1270411197682762e-08
0.00049815495614,1.3768277369093935e-08
0.00052757355787,1.582740843064137e-08
0.00055888534537,1.8459433073062444e-08
0.00059253232535,2.160207319623024e-08
0.0006284782125,2.3982008284382377e-08
0.00066449245576,2.7165178516952264e-08
0.00070060032333,3.493411333243854e-08
0.0007402550099,4.559579718228149e-08
0.00078274535546,6.194417499071225e-08
0.00082846176046,8.81421905413758e-08
0.00087789158436,1.2676050014670115e-07
0.00092980131543,1.9168795359310597e-07
0.0009850065406,2.970447364225643e-07
0.0010430338564,6.058506708865477e-07
0.0011165306549,1.1575364417253237e-06
0.0011972848439,2.177147070897023e-06
0.0012820575473,3.980937685922077e-06
0.0013680112932,8.877208294571104e-06
0.0014690547594,1.877879659944258e-05
0.0015778859391,3.8567519528325225e-05
0.0016927547392,8.450871949588633e-05
0.0018226931882,0.00016568577884830383
0.0019594122304,0.00031813399044466797
0.0021073702384,0.0005240847962156696
0.0022539410504,0.0008212302447826544
0.0024005118623,0.0012410433636794967
0.0025470826743,0.001828261127306549
0.0026936534862,0.0031542327563140707
0.0028642987729,0.004844114122966934
0.0030426222225,0.006813149584088458
0.0032209456721,0.009108159566638418
0.0033992691217,0.01163217028297673
0.0035775925713,0.014291434331883198
0.0037559160209,0.017006787050703246
0.0039342394705,0.020345980749808243
0.0041179569751,0.026226833069151793
0.0043247501145,0.03043649084998814
0.0045372414715,0.03374412765774261
0.0047497328284,0.03682110102689295
0.0049622241853,0.036664837457318064
0.0051589855616,0.050059968392878594
0.005409559138,0.04841865867189635
0.0056362740374,0.048621366954324695
0.0058514044296,0.058704387899613374
0.0060970012865,0.06374301336487229
0.0063485210426,0.06769833121329041
0.006600586146,0.07162735647369373
0.0068526512494,0.07523859446943008
0.0071034139329,0.07941010547512856
0.0073542865901,0.08434468962721987
0.0076065861543,0.08937905316457825
0.0078590571677,0.09440593290443376
0.0081102441952,0.09999907417098368
0.0083604390036,0.10764704822474698
0.0086134997751,0.11494317321954496
0.0088673887231,0.12256518471879832
0.0091220009678,0.1292108462316271
0.0093750334404,0.1361655005580084
0.0096271752907,0.14481125089796618
0.0098814194779,0.14989719900672535
0.010131553377,0.15891501082056905
0.010383960319,0.1668126285603295
0.010636367261,0.1749737386714963
0.010888774204,0.1835410045203232
0.011141181146,0.19228771165812863
0.011393588088,0.20090352037055922
0.01164599503,0.20792578554174132
0.011896411254,0.21942775435090334
0.012149601588,0.22894457004171037
0.012402791922,0.23815943759794328
0.012655982256,0.24712797265589592
0.01290917259,0.2563878838459398
0.013162362924,0.26598601514191483
0.013415553259,0.27549787372638584
0.013668743593,0.28467755452180593
0.013921933927,0.29388970478878124
0.014175124261,0.3033058325066449
0.014428314595,0.3124123178705963
0.014681504929,0.32103247730663503
0.014934695263,0.3297270603650071
0.015187885597,0.33869261218185714
0.015441075931,0.3473257488623927
0.015694266265,0.35546594799556724
0.015947456599,0.3747295693198815
0.01620812944,0.37908267867286305
0.01646524862,0.3884662200937203
0.0167223678,0.39710779119727907
0.01697948698,0.4054280366421033
0.017236606159,0.41393510426491004
0.017493725339,0.42260991841225914
0.017750844519,0.4312310320058198
0.018007963699,0.43989312679703113
0.018265082879,0.4488774448370682
0.018522202059,0.45817463386328405
0.018779321239,0.4675316526948946
0.019036440419,0.47699175296939456
0.019293559599,0.4866159924322669
0.019550678778,0.49618893928150043
0.019807797958,0.5057550504952246
0.020064917138,0.515558711460137
0.020322036318,0.5254532121501804
0.020579155498,0.5351023042852437
0.020836274678,0.5448027372785005
0.021093393858,0.5550373825018522
0.021350513038,0.5654337211223663
0.021607632218,0.5754222750335628
0.021864751397,0.5851412860353886
0.022121870577,0.5946776323607154
0.022378989757,0.6035735137478301
0.022636108937,0.6116655108975433
0.022893228117,0.6194123956723346
0.023150347297,0.6274999810099365
0.023407466477,0.6362835729724079
0.023664585657,0.6453299224038522
0.023921704837,0.6538717200277238
0.024178824016,0.6614457521810126
0.024435943196,0.6574752029165112
0.024688929563,0.6595939336420151
0.024940279976,0.21015947625567172
0.025019857108,2.7084212007934485
0.026020887515,2.864396313507418
0.02703460622,2.9968739216419777
0.02805123552,3.1005761065717485
0.029062655133,3.215719575863849
0.030074074745,3.2990257563320613
0.031075852417,1.664040769549133
0.03156881645,3.4630517721802447
0.032571436558,3.5397345327544705
0.033572867525,3.656192895547719
0.034584338762,3.726948592557535
0.035594304504,3.76670361884275
0.036601171343,3.8060292120221053
0.037607369454,3.9607242766589374
0.038643132641,3.8810399182043573
0.039643192269,4.045512971022883
0.040665258823,4.141357796704392
0.041687325378,4.238457106601573
0.042709391933,4.339687917565461
0.043734650529,4.416242413553286
0.044762948833,4.488673935079374
0.045797340646,4.425980442592432
0.046808828146,4.525154156023268
0.047829268898,4.527997962908302
0.048839696101,4.600495894595035
0.049864707991,4.593148874026913
0.050875610663,4.793099120181512
0.051917846275,4.674461807203724
0.052933840738,4.679978506399267
0.053943350728,4.827009352202312
0.054974777378,4.861972593081848
0.05600831588,4.8413645518273905
0.057024494254,5.033857398769198
0.058067610405,4.914956457741588
0.059082548973,4.899126917853674
0.060093040933,5.048424792724806
0.061130150828,5.154403816720993
0.06218506191,5.003304461534804
0.063203864441,4.966772477589077
0.064206215077,5.1705781568834555
0.065244140974,4.987241912907871
0.066245802477,5.07582459850529
0.067264149841,5.03620352504736
0.068270770805,5.211670750329063
0.069310506667,5.066236028122098
0.070319205732,5.248817771823411
0.071356681217,5.476032943069696
0.072429118084,5.20684339813109
0.073443615324,5.164914615313304
0.07444646983,5.279487951210529
0.075466705589,5.25702974843761
0.076478568887,5.384590806564818
0.077508327487,5.286790300070687
0.078509778137,5.359029988063082
0.079517944334,5.644885637833252
0.080573161195,5.444792191528836
0.081581241195,5.798943875624873
0.082644429675,5.490117823319043
0.083644677609,5.545682709621418
0.084651890069,5.6621758918076965
0.08567808928,5.534980202936291
0.086678409632,5.707638700070286
0.08770705651,5.838595578890247
0.088758119386,5.558305926887546
0.089758221572,1.2694149741045462
0.089986544372,5.697800958708719
0.091009302035,5.941431844418441
0.092071307199,5.864452139942367
0.09311699354,5.642185129901419
0.094122290037,5.7566827135438565
0.095148553763,5.633074652386994
0.096153208303,5.842859865730414
0.097190654935,5.66698488475801
0.09819259035,5.7382533215692195
0.099208557469,5.796372324008879
0.100237047469,5.823374614867365
0.101269208356,5.73066838919975
0.102281987675,5.669973690239639
0.103282904611,5.694983365414881
0.104289072803,5.766487746501048
0.10530763961,5.724275291904859
0.106316879962,5.73462675033535
0.107325041148,5.80418124598235
0.108341838279,5.8705493408585525
0.109368164722,5.890286207883319
0.110396876102,5.903931128993125
0.111424468043,5.8836121646586115
0.112444327699,5.774068014138301
0.113445184803,5.7546900216800765
0.114446126374,5.812309733172091
0.115458698015,5.932461519852299
0.11648911819,5.872325886123207
0.117506251567,5.8443190870970705
0.118521227834,5.791239812426766
0.11952859016,5.920891292526435
0.120554829677,5.909468064886851
0.121575251487,5.8149291946799675
0.122579847927,5.970205358790933
0.123613000864,5.81975265320066
0.124619147801,5.851037175169537
0.125629349683,5.829808384787882
0.126636396383,5.923324490360749
0.127658107807,5.828386989505071
0.128661262772,5.812982139552123
0.129663556825,5.889874061486966
0.130681136666,5.86079262319286
0.131696404822,5.815058915032384
0.132707827687,5.756311803752549
0.133715931934,5.792089083239454
0.134736938065,5.688388764256594
0.135739930299,5.747673631593637
0.136754487357,5.6694846030027
0.137758399957,5.81111742674931
0.138788138572,5.642001782813797
0.139788711061,5.624867673986628
0.14078888625,5.710589520985411
0.141807757009,5.64956991706984
0.142818176551,5.589984709079687
0.143820549058,5.573422821555848
0.144824376585,5.578515273812677
0.145830826163,5.602278198237136
0.146841518554,5.564331812669871
0.147846724329,5.553388908806744
0.14885278243,5.543432579969165
0.149861088286,5.490535463896419
0.150862801778,5.501679331523195
0.151869189551,5.544083805095775
0.152884674229,5.542363333627676
0.153902578594,5.491838597398076
0.154914454424,5.451498463095808
0.155920437559,5.453328849863168
0.156928618328,2.7046831591137317
0.15742868591,5.467948791742162
0.158440359056,5.379604256030593
0.159440366456,5.36655322463049
0.160444403459,5.354668321196476
0.161448648454,5.356912165413579
0.16245739234,4.117175373650976
0.163237975997,5.13124766729554
0.164217431367,5.25576758482115
0.165224274466,4.795187890145142
0.166144396107,5.232765816259086
0.167152801511,4.4097272124045075
0.168002069492,5.258193899438814
0.16901810443,4.990630792746706
0.169982770634,5.223576670359049
0.170988925858,5.236972766173702
0.171995081081,5.23521161471655
0.173001236305,5.190810980859168
0.174007618108,5.124512928483696
0.175008081571,5.1287799898828865
0.176008457527,5.2067605583180745
0.17702162447,4.3873877566806065
0.177873286881,4.623438138252567
0.178769259449,5.184436836514445
0.17977072118,4.351068612424783
0.180611526767,4.564661299493657
0.181494119068,4.572663697377697
0.18237671137,4.581623132734379
0.183259303671,4.5614656066409385
0.184141895973,5.142510185958323
0.185145966505,5.140540345154372
0.186154874029,5.111685430759261
0.187163781552,3.616383257952312
0.187880398975,4.277075457496153
0.188731241035,4.267258208120093
0.189584679647,4.9607427071941395
0.190584720327,3.7502264757214077
0.191345246923,3.077399905435543
0.191976609559,3.946489550099999
0.192798009489,2.0375599927797277
0.193226417363,4.46630554296745
0.194180975621,3.0773044691760862
0.194851712101,2.2348835518651033
0.195345492484,4.49388634170074
0.196346179946,3.630985016112939
0.19716434592,4.379318515751356
0.198165192543,3.7449982166384013
0.199030523436,2.9927381187365163
0.199730086185,2.337900055511852
0.200278405124,2.9791354548690663
0.200985058615,3.9513257116799507
0.201938022751,2.461203581249395
0.20253915972,4.033447475364517
0.2035458648,3.153294349307466
0.204349980969,3.911186928131419
0.205363111339,3.7948973622096553
0.2063654704,3.751903188179991
0.20737281956,3.709522832319246
0.208379013003,3.704969684950168
0.209388399007,3.6882878732273774
0.210395480765,3.4126011261621723
0.211332793878,2.4838293787267225
0.212018727196,3.610091320298946
0.213021496525,2.7563963643651808
0.213796071139,3.379167404439528
0.214756461343,3.5442631470005437
0.215757696262,3.566914910915004
0.216759670953,3.32023370799834
0.217698028767,2.859839255953537
0.218511502122,3.4572133675937744
0.219502212384,1.4611671177797618
0.219923176955,3.399476911094907
0.220905572528,3.1680372307961058
0.221826392235,1.6599840701834603
0.222312016494,1.791145097294738
0.222836415957,3.087895459712118
0.223741793654,3.418915632937362
0.224742810765,3.182330105574284
0.225669265226,1.3820813433909025
0.226069936436,3.449631405981576
0.227072738629,1.2361329567006034
0.22743399929,3.4371483790390984
0.228439419549,1.1094159806335833
0.228764577607,2.4358141213858477
0.229477744947,2.609514451220255
0.2302452764,1.5863697378030341
0.230713050747,2.4055389702277834
0.231423519753,2.5956174134458903
0.232191911787,1.6062847568610334
0.232664001006,2.7229288677202357
0.233463601957,2.598035536188732
0.234225026286,3.4337807570558887
0.235229851518,2.4382929489105725
0.235946352975,2.451204769897727
0.236668300432,3.415026552354868
0.23767827655,1.6079862292495353
0.238155523329,1.830245294970523
0.238695017775,1.6656822494786891
0.239181940116,3.257446757870141
0.240129910452,1.290560929743237
0.240503690007,1.981879605735425
0.241080146111,1.815358012140542
0.241609073747,2.298124547959169
0.242277060552,2.8894073683227814
0.243119012709,0.2537055053238873
0.243193064969,1.8020294081202837
0.243719592533,1.5651784701745766
0.244178702329,2.6534794200253295
0.244957082969,1.2151438406246484
0.245313331339,2.2113517524414665
0.245964370426,3.4202940941926108
0.24696978516,1.5846341748906811
0.24743304196,1.9315409827244467
0.247993278384,0.4345820240936868
0.248118469063,2.9343606572996173
0.248965256261,1.3211502713716983
0.249346590586,1.9978777271316925
0.249922504164,1.7419078287389858
0.250426166156,1.3356781346755149
0.250812553058,2.7053286951853766
0.251595773489,1.1417775123789546
0.251927398961,2.5318862421368866
0.25266105149,0.9884743408831812
0.252947132218,3.3762422339660096
0.253924246424,2.148915253607421
0.254546555524,2.144171920543315
0.255169654645,3.456359007495942
0.256175129286,2.8056726018180904
0.256987756592,1.4600785662720663
0.257407346789,2.2170346638059883
0.258041138164,1.884882429890186
0.258577598141,2.6681387166237003
0.259337041089,2.116317543190032
0.259940081152,1.2035146359453626
0.260282293913,2.2471328450582493
0.26092305103,1.068545795152582
0.261228739872,2.7307207866647074
0.26200889281,3.5430321790091783
0.263018993995,3.5419328936612384
0.264022365675,0.9441022794393865
0.264287691271,3.163290533524039
0.265175079818,2.4301958901361282
0.265855960918,2.2099649905807315
0.266474793024,3.146449154535287
0.267356791281,2.515167843434756
0.26806339312,2.1634828128238253
0.268672454815,0.7268700354642295
0.268876739409,2.697419897478912
0.26963642284,1.5777677855491108
0.270082248138,3.540191374228676
0.271084417379,3.2511523497369286
0.272000147905,2.3980280330505077
0.272673829682,1.3057154328110439
0.273041293079,2.998606539852068
0.27388628241,2.9312732482035186
0.274712128184,1.1481098869236634
0.275034900894,2.346590675689671
0.275698576756,1.7781572065072004
0.276203581266,3.514844024806537
0.277205165967,2.0132100760867475
0.277777799336,2.863153824503267
0.278586862533,3.5553223213378895
0.279590748847,3.5942873206737054
0.280596694,3.6404198948397153
0.281603525582,3.653699472889747
0.282610357164,3.6639819408326146
0.283617188746,3.679203896249295
0.284624020328,3.6862964684343242
0.28563085191,3.6796070233932516
0.286637683492,3.6795056918232736
0.287644515074,3.6852810014554196
0.288651346656,3.6816948158470804
0.289658178238,3.2814042481921857
0.290557549466,3.6902609609356216
0.29156645699,3.7243452733761195
0.292575364513,3.743407609689518
0.293584272037,3.7380435029858603
0.29459317956,3.7312942491339145
0.295602087083,3.1854944025495744
0.296466370017,1.9249691937906233
0.296989713364,3.476970701378356
0.297929138747,3.5021224796151955
0.298868483645,3.507935426721915
0.299807828543,3.507600095183017
0.300747173441,3.5007279525890276
0.301686518338,3.490424385038285
0.302625863236,3.485094960586002
0.303565208134,3.478966578775616
0.304504553032,2.746980265826087
0.305248433094,3.42275684093763
0.306177098816,3.5015009746362526
0.307122478882,3.5351316732029874
0.308067858948,3.5409186410172437
0.309013239015,3.528973945694186
0.309958619081,3.5247083086444864
0.310903999147,3.515327864174568
0.311849379213,3.507852784840466
0.312794759279,3.5062478822515675
0.313740139345,3.2546271021970337
0.314619569234,2.9204675646566813
0.315411366242,3.015823694407722
0.316228581336,3.039802359409531
0.31704579643,3.060077793036095
0.317863011524,3.0616328940677437
0.318680226618,3.057457960768868
0.319497441712,3.0537470734247285
0.320314656806,3.0537211742560806
0.3211318719,3.0519459087836402
0.321949086994,3.045904764325697
0.322766302088,3.0432662330992315
0.323583517182,3.0429674289391677
0.324400732276,2.563273911378319
0.325090264606,3.0291249654169916
0.3259074797,3.041046842497139
0.326724690746,3.0698710007324395
0.327541673605,3.0805265133009025
0.328358166927,3.075043478407239
0.329174188944,3.042690262218727
0.32998379256,2.690503157591541
0.330702452072,3.0518477566405418
0.331519667166,3.0688049718448647
0.33233688226,3.0903631905652107
0.333154097354,3.0918800893913
0.333971312448,3.080873154373586
0.334788527542,3.071814661688587
0.335605742636,3.071322090232944
0.33642295773,3.0690082436361306
0.337240172824,3.0687150375350227
0.338057387918,3.069444381522491
0.338874603012,3.066103946674728
0.339691818106,3.065662900680085
0.3405090332,3.0674145209303347
0.341326248294,3.063522875523088
0.342143463388,2.4065510598408695
0.342787242493,2.614195361396116
0.343487872717,2.625893394198048
0.344188502942,2.649373410385744
0.344889133167,2.6622962877186147
0.345589763391,2.6646504958491324
0.346290393616,1.892193951289318
0.346787841075,2.6640336019933644
0.3474884713,2.6627043339038847
0.348189101525,2.6604229576106557
0.348889731749,2.6599092195414977
0.349590361974,2.659471556108488
0.350290992199,2.659230393843885
0.350991622423,2.661358003626168
0.351692252648,2.660376910217415
0.352392882872,2.661230342926394
0.353093513097,2.6626317380710764
0.353794143322,2.661556318745392
0.354494773546,2.6601792027734223
0.355195403771,2.6567406299213303
0.355896033995,2.652333159911508
0.35659666422,2.6452858614724795
0.357297162577,2.6387754609581817
0.357997600117,2.6300591511482203
0.358698037658,2.628389102945192
0.359398475198,2.523812788521044
0.360070202905,2.6203573965371776
0.36077083313,2.6242974581668554
0.361471463354,2.649440388495818
0.362172093579,2.657169397454253
0.362872723804,2.6575737475488275
0.363573354028,2.659393458345095
0.364273984253,2.5146754473374116
0.364937541864,2.3700934027844367
0.365564022057,2.644951839820889
0.366264652281,2.6596133665919393
0.366965282506,2.6886640848893792
0.36766591273,2.56038009650995
0.368330449446,2.500102726524394
0.368979181135,2.4384826203063086
0.369616124529,2.8351968865657793
0.370364792189,3.568408327354864
0.371310723384,3.2210097399938697
0.372158035624,3.070444316024752
0.372958938944,3.074952962809331
0.373759842265,3.080612370628953
0.374560745585,3.0802354597953014
0.375361648905,3.0729279251474235
0.376162552225,3.070811424081315
0.376963455546,3.069546481257075
0.377764358866,2.6758508270170522
0.378463241275,2.1681680224402924
0.379030046087,2.2614628587675036
0.379622416508,2.4018956838385486
0.38025298371,2.407375706119887
0.380883550913,2.4276051506212295
0.381514118115,2.4440289432129134
0.382144685317,2.4451805668795834
0.382775252519,2.4432709212634793
0.383405819721,2.440522875125869
0.384036386923,2.4374942093073644
0.384666954126,2.436057330503712
0.385297521328,2.4336239575930163
0.38592808853,2.4335563468140373
0.386558655732,2.432272099177295
0.387189222934,2.4318400647058542
0.387819790136,0.4867097054675381
0.387945903577,2.4328423085627633
0.388576470779,2.4317730312301413
0.389207037981,2.429247562209343
0.389837605183,2.425642792126034
0.390468172385,2.4917350809667544
0.391117062173,2.6864093235978443
0.391817692398,2.6943436037000623
0.392518322622,2.7162391887230375
0.393218952847,2.7298490024230837
0.393919583072,2.7272176458268422
0.394620213296,2.3870255693916986
0.395234878995,2.3759179586877313
0.395847790315,2.3709844971007756
0.396460701636,2.368164989986107
0.397073612956,2.364696970894464
0.397686524277,2.3603986221017372
0.398299435597,2.363190326256956
0.398912346918,2.3685281386285766
0.399525258238,2.3723456534256155
0.400138169559,2.3734815961191975
0.400751080879,2.3726921997335335
0.4013639922,2.3701650435964403
0.40197690352,2.226771432492388
0.402553990416,2.247377453368964
0.403137848936,2.243752972785017
0.403721707457,2.2564375229506957
0.404305565977,2.278440547395649
0.404889424498,2.2893071500530286
0.405473283018,2.291583677846875
0.406057141539,2.288348189380994
0.406641000059,0.5025880888095235
0.406769448934,1.8013870130147143
0.407230389677,3.1349045974538137
0.408034942136,3.1079729814082966
0.408839494595,3.075247874169891
0.409644047055,3.068164201592796
0.410448599514,3.0758513164619026
0.411253151974,3.0747613042809268
0.412057704433,3.083493283869228
0.412862256893,3.0772046009176632
0.413660693103,2.246370877367888
0.414241794514,2.255693211002792
0.414825653034,2.2449182270790407
0.415409511555,2.2306182422263627
0.415993370075,2.2183106512617687
0.416577228596,2.2171454464892264
0.417161087116,2.2265111755389713
0.417744945637,2.246137872598277
0.418328804157,2.2708366846753094
0.418912662678,2.2775128520529524
0.419496521198,2.2675101558603243
0.420080379719,2.255663281468953
0.420664238239,2.2537379501743815
0.42124809676,2.260505875577383
0.42183195528,2.263770494981614
0.422415813801,2.269433362529931
0.422999672322,2.2702101552249734
0.423583530842,2.2678344172867586
0.424167389363,2.269489598906486
0.424751247883,2.2689865512374388
0.425335106404,2.2716907119062717
0.425918964924,2.2735783502133513
0.426502823445,2.2748121508675267
0.427086681965,2.2760821239433686
0.427670540486,2.271778343373956
0.428254399006,2.2666293304555367
0.428838257527,2.262040970555336
0.429422116047,2.2621888729729087
0.430005974568,2.265073859701717
0.430589833088,2.2695038444666795
0.431173691609,2.273626815460161
0.431757550129,2.273485495364532
0.43234140865,2.2750921936614534
0.43292526717,2.2733174264904994
0.433509125691,2.2706430896311023
0.434092984211,2.2712967523554717
0.434676842732,2.267971529938782
0.435260701252,2.2662231309511482
0.435844559773,2.264572942566023
0.436428418293,2.2611312263629713
0.437012276814,2.259407718911695
0.437596135334,2.2539422918457133
0.438179993855,2.2497498595091505
0.438763852375,2.2556148511235636
0.439347710896,2.2677771999023335
0.439931569416,2.2774297166457953
0.440515427937,2.2808720457602307
0.441099286457,2.28204493991252
0.441683144978,2.2826355627337334
0.442267003498,2.2806251359822896
0.442850862019,2.2784098678115896
0.443434720539,1.8900352511484293
0.443919323111,2.275099043402245
0.444503181632,2.2742169756776147
0.445087040152,2.274783246528057
0.445670898673,2.275626631362692
0.446254757193,2.277002335785245
0.446838615714,2.27832660383137
0.447422474234,2.282743524774444
0.448006332755,2.2838755595076723
0.448590191275,2.2780257573524048
0.449174049796,2.2731423946991574
0.449757908316,2.26927919179932
0.450341766837,2.2681585422793895
0.450925625357,2.2716521365557147
0.451509483878,2.2755000439790876
0.452093342398,2.283015694746299
0.452677200919,2.2918738351192407
0.453261059439,2.295471430260904
0.45384491796,2.296602028370295
0.45442877648,2.2953375689792748
0.455012635001,2.292721837079677
0.455596493522,2.2438848629118313
0.456168145294,2.1315341653329103
0.456711269989,2.095264629388642
0.457245209896,2.129690241405645
0.457788022349,2.144619188862601
0.458335193134,2.211148291362257
0.458900294473,2.2070250678510095
0.45946519661,2.2038273113765827
0.460029936505,2.200660618507739
0.460594498867,2.1983966462128817
0.461158892343,2.1962313739775494
0.461723119278,2.1758421594757356
0.462282652464,2.1734789321158656
0.462842033247,2.1900775478499295
0.463405743769,2.197800329887203
0.463969275797,2.1760683093163644
0.464523629496,2.149177180540063
0.465068790688,2.1516833675958598
0.465613869199,2.113639833788614
0.466149707665,2.196585538332192
0.466707911581,2.1836029251721762
0.467265947743,2.1869040085128986
0.467828316136,2.178809837261816
0.468390526601,2.17973942778632
0.468952556056,2.1940639427809105
0.469514424588,2.2098869944517014
0.470076124363,2.218616705982788
0.470637641246,2.2220223226837996
0.471199000398,2.2179332499497066
0.471760184261,2.211172235235265
0.472321198863,2.2061999035634643
0.472882047431,2.2034535715334727
0.47344272178,2.1844779173490334
0.473998744282,2.0782195425986987
0.474527711241,2.096991919941318
0.475061001761,2.1522331049100885
0.475607581528,2.1548735083060606
0.476153993694,2.2113758174442015
0.476713724634,2.2144872705077647
0.477273287198,2.2152374241037442
0.477832680709,1.9933306979641006
0.478336022058,2.2146276440129427
0.478895098294,2.2105288761374746
0.479454026698,2.205836156804167
0.480012792199,2.2065566879539142
0.480571394159,2.207185837713988
0.481129849136,2.2064418803973584
0.481688130274,2.206879778894648
0.482246241356,2.2064321415584356
0.482804196492,2.203679537684242
0.48336196857,2.2007577054915
0.483919593705,1.7468427096442471
0.484362624347,1.4641604163592952
0.484734193932,1.4637623834038906
0.485105691747,1.464763696546772
0.485477118561,1.4670441755291372
0.485848460278,1.599908539597401
0.486253158129,2.2001593469987206
0.486809933605,2.198393283030527
0.487366551697,2.1952362645936367
0.48792302922,2.192545019064023
0.48847931924,2.1935533971075145
0.489035459267,2.1937124848327403
0.489591467869,2.191056487487438
0.490147276969,2.1928431341255403
0.49070294699,2.165018995745408
0.491249016951,1.5968193532520802
0.491649936711,1.609241664712182
0.492053073347,1.5584956084811181
0.492442778733,1.5441988598836391
0.492829087521,1.547143370461707
0.49321863866,1.5587486602988794
0.493614758236,1.6003433865510008
0.494024119437,1.5453054795825718
0.494420070694,1.6079699832401986
0.494831982091,2.4291442526352034
0.495454299158,2.3255663763061887
0.496049585488,2.171477617114621
0.496603610112,2.1876293755419627
0.497157450116,2.2057565064136635
0.497711132466,2.2113522300572304
0.498264697559,2.202913235871528
0.498818099355,2.1918920795825887
0.499371324801,2.1855592678218567
0.499924425252,0.37130940829441056
0.500018426415,1.9689673917739623
0.500517751887,1.9478566321963924
0.501012250095,1.9823181124030393
0.501514732342,1.970651818971483
0.502013034271,1.9743504630474393
0.502511207417,1.9752872857422437
0.50300926719,1.979146893744701
0.503507198381,1.9829150446412713
0.504004992614,2.0157939825763482
0.504510772028,2.0027483819051146
0.505012353113,2.026493279697886
0.505517861461,2.031973457219036
0.506023239654,2.030938805401082
0.506528477797,2.0241945355861155
0.507033600384,2.0183344149341864
0.507538605072,2.0167243845098315
0.50804346978,2.018761003999148
0.508548220567,2.025665960962845
0.509052824058,1.9311084073235025
0.509532501997,1.6249181785718019
0.509936030565,0.9082761258648708
0.510161557435,1.0331041208124052
0.510417927856,0.8676764036418235
0.510633358893,0.8596923960462545
0.510847355488,0.9461897420186526
0.511083782992,1.0971545061320305
0.511358665774,1.0985869984401966
0.51163327867,0.5500640428072109
0.51176997601,0.7048055090668209
0.511943680075,0.4234733698613155
0.512047083151,0.5995590973461182
0.51219196969,0.34716926777190305
0.512274985113,0.589402839002202
0.512414298766,0.30463730118757315
0.512485491167,0.6478153882695155
0.512635072472,0.4201493489283434
0.512730844191,0.6794498595926306
0.512883933874,0.7228061302227446
0.513044773552,0.5689549573894919
0.513170261805,1.0310247855767405
0.513396480079,0.7859503262055177
0.513568923901,1.2533451662730277
0.51384693633,1.5228185669724061
0.514193680943,1.2473867647915915
0.51448801548,2.1731176430833665
0.515029903055,1.8029330304579485
0.515509052357,1.5998755423163575
0.515952908999,2.0732753990507846
0.516548658803,1.8240513622845733
0.517090075684,1.7722806198309553
0.517630685425,1.7327717610953464
0.518171295167,1.597632859589381
0.518677373461,1.6148517814609387
0.519193066499,1.4894586557399239
0.519669426574,1.5307298504078264
0.520155975341,1.5540318675111908
0.520642524108,1.5883442758111963
0.521129072876,1.6263888844155918
0.521615621643,1.658842570285945
0.52210217041,1.6801393651232934
0.522588719177,1.68632374579388
0.523075267944,1.6715090118806342
0.523561816711,0.9082325481105287
0.523829418533,1.6413780576123165
0.5243159673,1.6398397987437459
0.524802516067,1.6436553934909288
0.525289064834,1.6468738402123249
0.525775613601,1.6457018189529333
0.526262162368,1.630360657253966
0.526748711135,1.6029905475304445
0.527235259902,1.5835284332764707
0.52772180867,1.5743005991209735
0.528208357437,1.570293943236281
0.528694906204,1.5692078633778344
0.529181454971,1.5600163156541087
0.529668003738,1.5462906399391045
0.530154552505,1.5402088108444492
0.530641101272,1.543474466239679
0.531127650039,1.5527758448788307
0.531614198806,1.5592990820677237
0.532100747573,1.5518558442656651
0.53258729634,1.54073556581418
0.533073845108,1.5398525425416274
0.533560393875,1.5456167648595507
0.534046942642,1.5520300998594905
0.534533491409,1.5523586110172447
0.535020040176,1.538074955349428
0.535506588943,1.5211889551354087
0.53599313771,1.5183185901757728
0.536479686477,2.2190527348037636
0.537185413897,2.310964542568559
0.5379154945,1.9314340149840041
0.538529905201,1.683581740092025
0.539070514942,1.6794164456616543
0.539611124684,1.677403761800317
0.540151734425,1.6771585480054771
0.540692344166,1.676679172525128
0.541232953907,1.6681810704888618
0.541773563648,1.6591820497051823
0.54231417339,1.6526389203828873
0.542854783131,1.645093055430748
0.543395392872,1.6441656655846262
0.543936002613,1.6427526077384098
0.544476612354,1.640763201546126
0.545017222096,1.6437452138433302
0.545557831837,1.639430731627243
0.546098441578,1.6318299949851203
0.546639051319,1.6244630196025482
0.54717966106,1.617376730111416
0.547720270802,1.6193549594201782
0.548260880543,1.6198957769819808
0.548801490284,1.6099913142130873
0.549342100025,1.5957017203726815
0.549882709766,1.4779621671376115
0.550386005722,1.6252045671527213
0.550940472524,1.7045159562458423
0.551522320412,1.5760384823667943
0.552062755982,1.557984930468344
0.552603103972,1.5483625432854116
0.553143336601,1.5441694284071787
0.553683436677,1.533243310017466
0.554223448661,1.523304716217454
0.55476335931,1.8636597923595855
0.555426962103,1.423861866867932
0.555935521493,0.09187927308175572
0.55596834719,1.5312955020205696
0.556515442136,1.526822075456792
0.557062537081,1.542141728544448
0.557620625245,1.3786306572216989
0.558124265559,1.495948850014163
0.55867265201,1.6053558799786294
0.559263244559,1.6420169205463235
0.559868608482,1.450292412698907
0.56040433214,1.3304926873751053
0.560896354112,1.5047034080884714
0.561452362474,1.3611298767312643
0.56195712848,1.6953094834196878
0.562592363087,1.422397239098135
0.56313097636,1.6113457393303747
0.563749653476,1.782042294938708
0.564443999166,1.6687133559834957
0.565102337409,1.6282620998361899
0.565753321639,1.5829584156973386
0.56639158424,1.112651927032191
0.566842318572,1.4796376787064336
0.567441390975,1.7023578450323498
0.568132338866,1.7606416175903736
0.568853151855,1.0689053710329532
0.569294976756,1.237008946015928
0.569811900159,1.614018331347808
0.570495753276,1.5414696673358572
0.571158055941,1.831628366936385
0.571952389013,1.5938899086511784
0.572648523016,1.7254829818417459
0.573407797101,1.2579209188334455
0.573963381422,1.6199272666498923
0.574680753278,1.1866576880412147
0.575209283266,1.5187732465552655
0.575890800925,0.9800089720408657
0.576334364342,1.7228136207001423
0.577122150413,1.9053621232693754
0.578004742715,1.4041155499789313
0.578662713701,0.9148468103892297
0.579093983217,0.9340207102643119
0.579536028332,1.0010032408733167
0.580011626501,1.222587776023709
0.580595480492,2.0582541790406745
0.581586136573,2.0738301267296784
0.582592291797,2.0519639857397465
0.58359844702,2.0230741325714066
0.584604606931,1.9921307648732134
0.58560832574,1.9774267170314854
0.586615287791,1.9417633703040444
0.587616796869,1.2379286877878677
0.588263837601,1.3149709417885138
0.588958803343,1.8841712088196976
0.589965635261,1.856046659716475
0.590969399917,1.838337763311763
0.5919731991,1.8323865475359076
0.592976998424,1.8549738415788177
0.593993611706,1.8355166021902554
0.595001682018,1.8319781224026326
0.596009752331,1.8472281894008746
0.597026464096,0.41925989585218676
0.597257301522,1.8151300794695007
0.598257597039,1.8091455496260858
0.599257892555,1.7977573518455041
0.600258188072,1.7920737427377513
0.601259669785,1.806992737995916
0.602270263305,1.82703303149411
0.603293053396,1.8189421730304596
0.604315843487,1.809000474338905
0.605338633578,1.7916233980978211
0.606355554431,1.7832364068547981
0.607370367248,1.7776130240773995
0.608382867248,1.7634010609204798
0.609388617248,1.7777344671232325
0.610405487805,1.7504550246202997
0.611409911295,1.7437604017039132
0.612411758499,1.794462943454542
0.613441414591,1.7968375985325773
0.614468762421,1.7575156497550044
0.615471584374,1.7875627821200377
0.616493854648,1.7792086144543948
0.61751340061,1.769488693458797
0.618530411866,1.7667708709936139
0.619552285017,1.7562222421979319
0.62057330632,1.7477253685488483
0.621592570005,1.7381430006883694
0.622607741557,1.7291012152000067
0.623616268573,1.7503813937661115
0.624634973426,1.7317809175500931
0.625643634436,1.2928413248195725
0.626398511033,1.7366656665918856
0.627414228318,1.7285888010595467
0.628425236696,1.716197918993874
0.62942856308,1.7157670084788421
0.630432446365,1.708830516769266
0.631433767728,1.7202811257660042
0.632444461133,1.746377207549353
0.633474775587,1.7093222577193006
0.634485642853,1.7006682854065343
0.635492710813,1.7082982969837848
0.63650621439,1.710890564026504
0.63752527976,1.688980642414794
0.638543295347,1.684051882365958
0.639561841319,1.6974685052965552
0.640564581069,1.7648108010961838
0.641587670306,1.758661799655438
0.642612227129,1.7407644742078117
0.643634849537,1.7236851168336516
0.644650754215,1.7154295766916468
0.645661128299,1.7272235152443967
0.646679253163,1.7212510795593405
0.647697288316,1.7040341272728885
0.648705886037,1.722675214062084
0.649723923594,1.6976612528113035
0.65072633691,1.7241760097336847
0.651745958633,1.7195834562592966
0.652765233249,1.7248300105041086
0.65378794315,1.7330575337338967
0.654813451205,1.695148432459028
0.65581452375,1.7259948217475678
0.65683301792,1.7122172230820865
0.657842840591,1.708060562506415
0.658850762451,1.7103383153577123
0.659860207603,1.7731319368912248
0.660904269443,1.7058882865488727
0.661909456818,1.6905010724080771
0.66291132793,1.7122708568611078
0.663930232435,1.6836533287429811
0.664933737183,1.6843641361792914
0.665942421208,1.674590289785432
0.666949372617,1.6946527167074612
0.667969097682,1.6768954886026164
0.668978426506,1.7278769367563929
0.670018557898,1.6839368013478173
0.671033336235,1.673558909227893
0.672042719213,1.6621118089991342
0.673044721732,1.6762645859408798
0.674055646012,1.7179492605007458
0.675092124647,1.7249520875048758
0.676132105298,1.7099860946560863
0.677161783648,1.6876183023771174
0.678175369857,1.6932447458272701
0.67919202396,1.6910202278660686
0.680210559634,1.7115619124821537
0.681242587582,1.685193099943629
0.68225633763,1.682170212513295
0.683267015988,1.6872286539637629
0.684282100058,1.7332065335813363
0.685328770632,1.6872719762884616
0.686350941699,1.6648467058329155
0.687360317715,1.659344010410136
0.688365607849,1.658112306998103
0.689368281221,1.6779831681033088
0.690382852481,1.6513559581553667
0.691383015513,1.6792463715257095
0.692403235406,1.6517352003903483
0.693407186268,1.6533847188126034
0.694410576141,1.6622977125673175
0.695417617143,1.6533990118160755
0.696419962034,1.6714821903118713
0.697437884439,1.6607380372475296
0.698451821875,1.649767871783741
0.699459948827,1.6353614512653583
0.70046123291,1.6806983963626978
0.701490126507,1.6561130760477498
0.702502147274,1.6726737991674367
0.703523984319,1.6674191970832526
0.704541172646,1.7022035267315214
0.705580785138,1.6401820901565307
0.706588962922,1.6366549635255696
0.707597887342,1.6426805589271427
0.70860767848,1.641914811745797
0.709616848594,1.6329290747575271
0.710623132918,1.636214263501397
0.711631661465,1.646193875805654
0.71264478373,1.6871148225919081
0.713685355893,1.6315485395825984
0.714696882859,1.6438291051780953
0.715717409434,1.6420888325798637
0.716734774787,1.7000739536080722
0.717787637465,1.6317618948373054
0.718798284551,1.6629738592537227
0.71982865625,1.646851506707868
0.720850660203,1.6217899585744606
0.72185889906,1.6161838592531115
0.72286407998,1.6150204183470946
0.723866995997,1.6264332752333188
0.724875281183,1.6380794886006744
0.725889188399,1.636023292379791
0.726901649805,1.6871052060440992
0.72794438164,1.6335543091157305
0.728955272163,1.635190793165307
0.72997266723,1.3506740390966745
0.730815425145,1.6058251401073507
0.731818906092,1.646104182705265
0.732848601235,1.6214637754804475
0.733861320865,1.628521553040191
0.734875610322,1.642609760984266
0.735897872957,1.6052626896847886
0.73689827518,1.6157525533181099
0.73790724544,1.6091400553581587
0.738912948589,1.6292307672683244
0.739931038541,1.6260642958461335
0.740946345384,1.6132237688577358
0.741951008209,1.617583306427077
0.742957591769,1.69530463412048
0.74401670171,1.6087089602913545
0.745026788309,1.6140790500015185
0.746040277258,1.6013419709623304
0.747042674375,1.6031126918649996
0.748048071634,1.6135292898290332
0.749067851041,1.5923563555961135
0.75008202561,1.5870654535604098
0.751094590748,1.5938020973293083
0.752108882455,1.589346884863977
0.753119561533,1.597537469516774
0.754138962492,1.582414322917053
0.755154082081,1.5747740265797854
0.756164878246,1.575695490470878
0.757173904016,1.5756295821899982
0.758183112983,1.5849966600594163
0.759198628119,1.5752163007015607
0.760206291008,1.5830926558622997
0.761217793796,1.5808748543868087
0.762227731019,1.5690631629417708
0.763230636827,1.5742091169400523
0.764237319277,1.583453767600603
0.765249649224,1.5932758533332194
0.766267739038,1.5840552456302208
0.767279784183,1.5692904297481185
0.768282244612,1.5700037215217824
0.769285024304,1.5790220715569898
0.770294675523,1.577537985478015
0.77130595522,1.5749702482355317
0.772315666069,1.5795121087461041
0.773327818303,1.5645133328574479
0.774333656376,1.5694932247269384
0.775344103327,1.5584529176653867
0.776345998373,1.556952499944716
0.777346636638,1.5645911232376426
0.778352210035,1.5610346992937087
0.77935581773,1.5698764360619701
0.78036809814,1.5484297018982516
0.781369535349,1.5580559312652167
0.78237795425,1.5822953820441301
0.783402641473,1.5518340728720474
0.78440835808,1.5627128831459114
0.785420234152,1.590373086008914
0.786447229447,1.5599633032918312
0.787451547282,1.568264239809473
0.788460008245,1.5727874369176442
0.78947302978,1.5643323195476049
0.790481574022,1.5803432898326804
0.791502553372,1.5803881252112157
0.792529844128,1.5448017424175067
0.793535893192,1.550908647813207
0.79454367937,1.5498797150671173
0.7955516998,1.5515360389911392
0.796563288344,1.556697941758353
0.797579613448,1.5621605398639922
0.798599271506,1.5634776939972161
0.799618145856,1.5516993675597075
0.800628898248,1.4861956545832993
0.801596829533,1.4157711248327627
0.802517063432,1.5553113226738957
0.803526208227,1.5544804445849705
0.804535249508,1.5451770628786026
0.805539863895,1.5668530430462924
0.806560503325,1.5306282833604112
0.807563404587,1.5266855832315667
0.808571142811,1.5245713593985937
0.809577855103,1.5224340377477104
0.810579806508,1.5332067762232473
0.81158901439,1.5350352826906295
0.812602635299,1.5254505647585017
0.813613218123,1.519514416539841
0.814616846521,1.5394151436828303
0.815629843131,1.527178169186508
0.816634594282,1.5363343373429632
0.817646746866,1.5254836097547073
0.818655870076,1.5252782350917142
0.81966677351,1.518940163860954
0.820673303291,1.511796185661623
0.821674319372,1.5164484461274805
0.822677926142,1.5193719845254594
0.823685318777,1.5123694976399267
0.824692166524,1.5148886867717217
0.82569925363,1.5299246588238966
0.826710597311,1.5251875689795407
0.827718149299,1.5239545853072405
0.828726638681,1.5209121815807989
0.829736799111,1.5296291224520897
0.83075417709,1.5577614282357084
0.831788192354,1.5121285903750445
0.832793133706,1.5144433887651838
0.8337997656,1.5205369583952755
0.834807795226,1.5315136996957386
0.835822386653,1.5313666726395627
0.836837011614,1.5146715072475692
0.83784241989,1.5452471511116
0.838872415345,1.494997923154988
0.839873851166,1.5051373828323988
0.84088315351,1.5114131671319468
0.841893267757,1.5065795762770928
0.842898989311,1.51829941276768
0.84391179454,1.5183230891204014
0.844922757397,1.5097998464007034
0.845929124944,1.5029792365286734
0.846935307089,1.5234137259406497
0.847958946752,1.5510578136225435
0.849003520316,1.4970418202218714
0.850013472909,1.49667826984887
0.851022903401,1.5122128854104533
0.852038880715,1.0781498436735473
0.852761692485,1.487351866704054
0.85376125389,1.4988785812909609
0.854769676877,1.4883531468777143
0.855770310479,1.4869314529968558
0.856772095453,1.4974313751877906
0.857785209442,1.4870324360747762
0.858794646385,1.4778619152974177
0.859798417052,1.4839683059319244
0.860803540962,1.4919103261889892
0.861813914246,1.493926055596544
0.862829794912,1.4736706485977331
0.863832365076,1.4826978096697023
0.864839707068,1.490817126853824
0.865850952698,1.4793871271574832
0.866852685845,1.4889606897348582
0.86786052964,1.4926192691833797
0.868872531328,1.4838735754553298
0.869882561365,1.4681504968579975
0.870884094011,1.4662472531727435
0.871885423468,1.483809779829564
0.872898939069,1.4710231481002012
0.873903482115,1.4840212515144802
0.874915380148,1.4281108733823538
0.875886232061,1.486010972747664
0.876895937045,1.4818037860753182
0.877906547226,1.461383343689165
0.878908377484,1.468233067083775
0.87991664589,1.5106787993923694
0.880951436667,1.482612228793322
0.881965029211,1.4654975316536114
0.882966413626,1.489255389215597
0.883983433908,1.502943957688834
0.885007940961,1.4921631812762925
0.886023193798,1.4705994646235485
0.887023531217,1.483133399569555
0.888036949611,1.4559008682207817
0.889040323845,1.454443615214179
0.890049592345,1.4484469125192647
0.891057799358,1.456635200606284
0.89207231062,1.4563022865375508
0.893086261554,1.4549887958987
0.894097308129,1.5073940888585042
0.895141802042,1.4556433887489628
0.896150722279,1.4503530946428929
0.89715598144,1.4690394053101947
0.898169958095,1.4653244158877636
0.899178389912,1.4631685473515317
0.900185196623,1.4475108584692191
0.901186012807,1.4419924117667247
0.902187385232,1.4648077942472113
0.903200177186,1.4746225396570847
0.904215919238,1.4547862445886628
0.905218460155,1.4515791641482314
0.906221051775,1.4611568979754783
0.907233980271,1.447069297052319
0.908238360455,1.4491870359371766
0.909244642627,1.4586743851157715
0.910259332607,1.443195259252407
0.911264344453,1.45652356081532
0.912278771382,1.4571411454194145
0.913291969744,1.4440469873295936
0.914294921263,1.4587599926287675
0.915308863902,1.4783246409597661
0.916336786993,1.441547607070562
0.917340730978,1.4675237387714102
0.918364652717,1.4347608995208219
0.919367139027,1.434151993674795
0.920368369268,1.4428219759166945
0.921373060841,1.43806950594807
0.922376651723,1.4477112404155958
0.923394097632,1.474923615084929
0.924438596001,1.426459939069714
0.925454700984,1.4216052870718692
0.926467828598,1.4081792598716183
0.927468529594,1.4229483577989523
0.928477649422,1.4310134133268895
0.929491067277,1.4201873715560975
0.930494488815,1.4484366520633414
0.931516263557,1.428561680539149
0.932523342434,1.4259889950742757
0.933527780808,1.4311658262102787
0.934536231502,1.4220540927427214
0.935538219604,1.4287449193361275
0.936544273583,1.4474371287072085
0.937567915686,1.4352053412770136
0.938587763671,1.4091168106444831
0.939588024027,1.4148354215066825
0.940588573793,1.4348998176033854
0.941599895106,1.4312178916036224
0.942609605318,1.417400633061522
0.943613592368,1.419882649863214
0.944625078578,1.3967345027527343
0.945626941373,1.4385654226569213
0.946660744046,1.4076251408471845
0.947670720527,1.402821874271593
0.948676257408,1.4065110727806236
0.949682602387,1.4354158756793665
0.950707897704,0.6417175855830829
0.951165728038,1.4213471100504778
0.952179686737,1.4026878858534735
0.953182661713,1.421183462952854
0.954200307255,1.4083511947460712
0.955210237852,1.397769108181022
0.956212694458,1.4210825261602142
0.957227206507,1.4443571650816593
0.958253714327,1.4237294490148327
0.959265455027,1.4213687690024301
0.960277713102,1.4162955864424325
0.96128853785,1.4090725704004947
0.962298794572,1.406723895602825
0.963309391454,1.402559653246
0.964315577971,1.4197575874252741
0.965333122186,1.3976388141019729
0.966335666401,1.413935728082691
0.967350877769,1.4561591498497468
0.968395311855,1.4118431565395007
0.969405729317,1.4022423892794609
0.970408320211,1.4664586890518532
0.971459841057,1.3973888891546262
0.972466231821,1.4086938962927642
0.973480145913,1.411933835215931
0.974493567636,1.4063824124356843
0.975506322393,1.42452916206425
0.976535397601,1.3851202896272035
0.977536169649,1.3900392665951682
0.978541812994,1.3937812511784882
0.979551383318,1.3867459424136865
0.980560598311,1.3726217981769195
0.981566098532,1.3671655626809622
0.982570045997,1.3707137427712903
0.98357614337,1.4185883851776522
0.984614546363,1.3858935986120835
0.98562754101,1.3757318608443285
0.986629997975,1.395602797021492
0.987643155025,1.3863430834903725
0.988652304287,1.3636097800586144
0.989652366868,1.3596306659992015
0.990654727852,1.3799715707951148
0.991672174896,1.418044365522412
0.992717241646,1.3603426694948475
0.993722695359,1.3511386709500701
0.994723375049,1.364971044761643
0.995731440615,0.019319680401548533
0.995745678896,0.7351345081270734
0.996287223586,0.5132927564779226
0.996665424895,0.11121268017888652
0.996747434491,0.9295248101266115
0.997431117794,1.3688022739056984
0.998431206906,1.3835170099199334
0.999439208186,1.3719655077712098
1.000443163499,1.366288189021112
1.001448528448,1.3731059411661535
1.002460906869,1.3693067983801843
1.003470127026,1.363556728988317
1.00447607516,1.3877254585737857
1.005501566244,1.3593176811604506
1.00650514349,1.3684102424972442
1.007513409174,1.3629165299358788
1.008518292066,1.3712035440087464
1.00953150316,1.3898956604641535
1.010560888315,1.3613902386226286
1.011571799715,1.3601177199743955
1.012581852836,1.3537053084453852
1.013585046484,1.3509041900899708
1.014585813185,1.3767524262694153
1.015603383866,1.3746003068784052
1.01661427545,1.383071370244315
1.017629178392,1.368300776972142
1.018633797548,1.383077656283295
1.019649048275,1.3768790537261295
1.020659091845,1.368692317083346
1.021666506292,1.3612364885281807
1.022674284191,1.3469407672987455
1.023676280015,1.3612294227861115
1.024691581877,1.3479822514481283
1.025697071639,1.3539348035764025
1.026705533986,1.3531772937189077
1.027713452348,1.3457060766164821
1.028719542631,1.355904899148138
1.029734417561,1.363603845039242
1.030751887075,1.3466922726886938
1.031754162506,1.3640030251947477
1.032766908328,1.3551620204393182
1.03377242403,1.3515356135463985
1.034777415549,1.3599071972776091
1.035791376829,1.3443825132121237
1.036796704445,1.3399110602731439
1.037798941857,1.358998172034296
1.038813691332,1.3507674273635406
1.039823227863,1.346961306482873
1.04083308962,1.3489194747758024
1.041845346995,1.3385379351736042
1.042848498537,1.3522744737706411
1.043859374946,1.3444425622061276
1.044861739738,1.3602135408029252
1.045872338794,1.3564896778465612
1.046879077501,1.3497108233204005
1.047884096746,1.3520049864004227
1.048894270364,1.340862759517937
1.049897224503,1.339334401196315
1.050899949085,1.3398788103857395
1.051903910066,1.343648376626289
1.052910280218,1.342530586696284
1.05391755446,1.333626094552642
1.05492126224,1.3297034452960501
1.05592275827,1.3401560760652373
1.056930564997,1.3558029112688215
1.057951210386,1.3301159063335273
1.058952812258,1.3507025295108355
1.059968338587,1.3330086196924231
1.060969961147,1.3644298066134841
1.061995296969,1.334561527084497
1.062999447213,0.2144538738436437
1.063160991849,1.3438360687846997
1.064176245522,1.3180744909576894
1.065176546821,1.3168509082118305
1.066176921736,1.3311007328648743
1.067186520533,1.3353417626818023
1.068200975072,1.3309992024722115
1.069217597573,1.3344844486512084
1.070238265551,1.3218620319302392
1.071246934485,1.3244011328620608
1.072255699496,1.3489496103779415
1.073280058743,1.337013678549034
1.074294340587,1.3295603361548605
1.075304155616,1.373037555489542
1.076344744726,1.332457572112277
1.077348455863,1.3463811800911074
1.078354658425,1.3648052804535635
1.079370639449,1.4061062739578167
1.080416973589,1.3666514273424297
1.081432864196,1.3673097249689738
1.082450902775,1.3662342447746836
1.083469604371,1.35550851001299
1.084480750608,1.3830193400335233
1.08551282604,1.3564309532305945
1.086522164757,1.3836331652992877
1.08754937054,1.358623614953229
1.08855699444,1.3557964339877089
1.089557261273,1.3644984897422134
1.090558132394,1.3868248576533235
1.091574167155,1.420261161138727
1.092615962822,1.373804109392191
1.093626417232,1.3596762029055018
1.094629697943,1.3669642011715382
1.095640183163,1.363533509881835
1.096648459869,1.367395200874282
1.097661472121,1.3530426176202044
1.098668340228,1.3389818952485961
1.099669401269,1.335389757149636
1.100670049744,1.3434496980090356
1.101676789993,1.3345596519657632
1.102677049582,1.3427231046565213
1.103687488904,1.3237074797001045
1.104692279568,1.3134936056422597
1.105697068065,1.3004382403753576
1.106697227351,1.3234423964070066
1.107715915208,1.311574851862298
1.108723631454,1.314463956092504
1.109735212006,1.299178708742254
1.11073734172,1.3043855829617188
1.111744187028,1.3076457432988455
1.112754445711,1.3052116442989738
1.113766139283,1.3111274558449626
1.114784683997,1.304451648111494
1.115799803759,1.2829485768310127
1.116802246716,1.280435360260585
1.117806689693,1.285482156383471
1.118818197024,1.2828644758039676
1.119830062505,1.274191747316642
1.120838406257,1.2671631883417673
1.121843056023,1.2668380691487209
1.122848725807,1.265742241448036
1.123853996743,1.2628850140173618
1.124854673951,1.2654017377183753
1.125856224178,1.2774832491281802
1.126868712048,1.0083023148322938
1.12766822323,1.2695721090487808
1.128674935055,1.2624043724829304
1.12967768022,1.255887623688297
1.130678221073,1.2999054504193457
1.131714542023,1.278945027274672
1.132730485141,1.2684304138310911
1.133734899503,1.2892989638483339
1.134753834828,1.274283720951654
1.135758773243,1.2704543503380394
1.136761950971,1.291668701753386
1.137781808439,1.2775205697719132
1.138787102308,1.2842702934695802
1.139796789014,1.2798159583534399
1.140804670713,1.2872867529965626
1.141822142252,1.2980940690012204
1.142847206837,1.2772879421423373
1.143853855504,1.271121609251138
1.144858885653,1.2865734899124688
1.145876969801,1.2665755907131508
1.146879097052,0.6665719325345216
1.147407278769,1.2733493192288103
1.148415671515,1.2739746645212466
1.149421072537,1.2762900204968348
1.150430251751,1.2585578806099438
1.15143316481,1.2565113249865338
1.152440514065,1.2475688700173364
1.153443218733,1.2546992114777042
1.15445283324,1.2485271913914218
1.155457447105,1.2511177169854366
1.156460377633,1.263830751857373
1.157473626794,1.2550271504392325
1.158485286848,1.239632756918059
1.159487640326,1.2425568972207615
1.160491351609,1.271791730308985
1.161516464292,1.2517815208277667
1.162524002759,1.256125352695021
1.163535154991,1.2450294985509822
1.16453750572,1.2504100970402798
1.16554496287,1.2503929020433053
1.166551748383,1.2567263946034037
1.167560552652,1.251766869231291
1.168562995254,1.2576419022002838
1.169569010986,1.2744765026205105
1.170590659811,1.2433620151256837
1.171590791274,1.2751964282623363
1.172618226533,1.258616929434135
1.173634255934,1.2540016624679544
1.174650985617,1.2300923314750392
1.175651125678,1.2347263734863059
1.176653953465,1.240184820040321
1.17765950853,1.2499175007129568
1.178670262461,1.2492952711460052
1.179678148114,1.2475024596053843
1.180685655735,1.2535815238928036
1.181698423574,1.2453979275973226
1.182703013807,1.2499951208170468
1.183710015426,1.2460431837902757
1.184711444158,1.2479408315730909
1.185713295846,1.2432375084986456
1.186716041,1.2385372863368318
1.187720245481,1.2367215402657592
1.18872553621,1.229083027732417
1.189727139296,1.2399821602687395
1.190740003395,1.2382443230002556
1.19175147432,1.2310603330177625
1.192756266876,1.2408929506488826
1.193768861515,1.0299660138231677
1.194608520994,1.2403811312696178
1.19562103544,1.220642734307866
1.19662107694,1.2253416647826691
1.197628538485,1.2198403957257404
1.198632980405,1.2179966119321075
1.199637973326,1.2446733898398867
1.200663574334,1.2298699103818187
1.201672332971,1.249852514794457
1.202697546973,1.225918464581926
1.203701778626,1.2301984075881016
1.204705357795,1.2293588558832969
1.205710193745,1.2324912355290512
1.20672340779,1.2278618017544336
1.20773450448,1.2312700163517887
1.208747344464,1.236490306872025
1.20976331059,1.2320681405575282
1.210777623551,1.2121422081962494
1.211777994438,1.2111309256561786
1.212780351357,1.2138526055381171
1.213790036787,1.2121080088156113
1.214798594954,1.2095324994107597
1.215801612325,1.2335865394556242
1.216822226642,1.2302691217663677
1.217840990808,1.214132444532758
1.218848676792,1.2074963538049532
1.219850822931,1.2207151268570153
1.220861886846,1.2153462924640714
1.221866793603,1.2283141903737493
1.222881142301,1.2191829242230678
1.223887052707,1.2324574859331716
1.224904611224,1.218500434186207
1.225913122289,1.227168010427554
1.226930512971,1.2088269045640145
1.2279330115,1.2088059030929623
1.228935990844,1.214706345848929
1.229942309833,1.2391054875928507
1.230965564427,1.219133721412499
1.231971955996,1.2286828825457186
1.232989335602,1.2135430987857294
1.233997565701,1.20440469494009
1.235002857904,1.1926296855351055
1.236004229184,1.1903743202108565
1.23700719068,1.185952399482776
1.238008515572,1.2001245427255813
1.23902362271,1.1909366189078987
1.240028486662,1.2007288282224617
1.2410364252,1.1979355536908507
1.242040566479,1.1979560568833718
1.243043814422,1.20451428062776
1.244050871518,1.2229342432779267
1.245071963542,1.2026933679065956
1.246075851913,1.2140347901785444
1.247089907536,1.2060283344082339
1.24809691033,1.2024959919110547
1.24910385553,1.2059111989440645
1.250116586397,1.1929180989306731
1.251117695942,1.2031506795371507
1.252123744017,1.2083530639192583
1.253128913064,1.2075011851174966
1.254131302051,1.2058975959780687
1.255133836891,1.2026019314116019
1.256138404539,1.1984642305821815
1.257141501523,1.19888082384056
1.258146418766,1.1880919668594367
1.259149061082,1.1825923221274057
1.260150152582,1.2132821083822531
1.261176837719,1.198854164264025
1.262193252814,0.8221874592805062
1.262891732561,1.1799773100378204
1.26389436834,1.1863924233502467
1.264901313773,1.1847222285114538
1.265904873245,1.1929389789771858
1.266912332522,1.2088872050385815
1.267929793391,1.1915634633369325
1.268931136326,1.195322723938725
1.269936888551,1.1954448037151022
1.270945747517,1.1980199575250454
1.271956183447,1.1948352545861716
1.272962751117,1.189774783284054
1.273968264466,1.2102447029898031
1.27499129464,1.187553461804564
1.275994954789,1.1890223122361452
1.277003648032,1.1789434038090982
1.278004380911,1.1847525924514888
1.279009624166,1.183714765427883
1.280015877384,1.1790272454132908
1.28102253065,1.1825092118553178
1.28203768929,1.1836360604611522
1.283056716599,1.180469551545063
1.284073225653,1.1708653008224672
1.285082430344,1.1603718422228828
1.286084317649,1.1699897003555333
1.287093720802,1.1728451922262229
1.28810579235,1.1770454265640042
1.289122415127,1.169032730359705
1.290128502263,1.181041623014767
1.291138970232,1.1756905767163761
1.29214220596,1.196040233680919
1.29316187516,1.1845115941335502
1.294171304834,1.1858227678244797
1.295181875725,1.2027825504227143
1.29620485704,1.1795841996491796
1.297207265566,1.1851061755673131
1.298214338671,1.1995656991596848
1.299230582962,1.191812396119916
1.300240452175,1.212090638136492
1.301274757874,1.1725349900831954
1.302282261109,1.169337043601539
1.303288513383,1.1831760533209335
1.304307409952,1.1761213055613338
1.305322469744,1.159510712647535
1.306324593235,1.1633745202216605
1.307329754076,1.1641095968103146
1.308333251185,1.1664253444034938
1.309337043113,1.1747365936866605
1.310345904378,1.1683708850105128
1.311348339047,1.1921530085608494
1.312371794273,1.1909640582040337
1.313395124967,1.169123693448465
1.314399910799,1.1794507681915245
1.315411466619,1.1723101594807754
1.316414032632,1.18357957939169
1.317424327685,1.1745715764440832
1.318424582475,1.1818095305791663
1.319430497382,1.1765943623205435
1.320436632011,1.1683162228485222
1.321442349871,1.1660542871468071
1.322450824064,1.1646071758250984
1.323461158693,1.1631576381332425
1.324472429946,1.1671963227945994
1.325488024609,1.1703091175874094
1.326507053231,1.1473539775263144
1.327508365914,1.1599934148662738
1.328520576973,1.1733777043809628
1.329539904402,1.1702670532788748
1.330553830887,1.165732647375292
1.331562505003,1.164101197249319
1.332570281142,1.157544023364793
1.333574758044,0.8333288800756589
1.334298822021,1.1723206616432333
1.335320994387,1.1506480273885413
1.336328581071,1.1682331830994834
1.337347870114,0.4071484394694869
1.337701015918,0.5478596422056773
1.338176053019,0.2675236625681183
1.338408444183,0.36639061561129255
1.338727523691,0.7721445686585571
1.339402722022,1.1040512348080287
1.340369084022,1.0793242903453688
1.341309260932,1.1527435680992675
1.342311697007,1.1451967848438274
1.343311814483,1.1593032529061118
1.344327164264,1.1588610003217685
1.34534228743,1.1524261407913736
1.346350499292,1.1535051423731235
1.347357793757,1.0865562963465956
1.348306304025,1.0833133698341144
1.349250997977,1.1644109372752796
1.350266251973,1.16537428227944
1.351284669833,1.149781424404877
1.352292062414,1.1535416057232193
1.353304421541,1.1660725822618818
1.354327300975,1.1429994910972272
1.355329869329,1.1431339989521085
1.356333739762,1.1610165433106583
1.357355147016,1.144040073125712
1.358364569849,1.1432204487327555
1.359374978256,1.1342127311685333
1.36037642457,1.145071563478512
1.361381892797,0.9986226819969835
1.362253412763,1.1227869743021897
1.363231796009,1.1522664013603932
1.364236876496,1.1455357931494519
1.365240273099,1.1426125986826356
1.366246635181,1.1327277415032435
1.367246674432,1.139452889961975
1.368252786114,1.1419978425367685
1.369261804465,1.1036248479397202
1.370238842312,1.1089384774046036
1.371221925325,1.133310194080233
1.372227231069,1.1262110516549837
1.373228330789,1.1260958006351134
1.374230507554,1.1367608394339692
1.37524081533,1.1269470973035103
1.376241138028,1.1288842173937437
1.377242262262,1.143037912492592
1.3782552905,1.1281370766044063
1.379256372715,0.7511808070845154
1.379924185121,1.1456456923084193
1.380941213268,1.1292247477457151
1.381941685751,1.1301714097035847
1.38294556734,1.1440027015124392
1.383964825761,1.1122239911387815
1.384955030378,1.1421531828778162
1.385968824144,1.1303249172607455
1.38696924489,1.1375415857120672
1.387974234243,1.1645572703601665
1.389004907461,1.1376521828733108
1.3900173213,1.1266923556455908
1.391024790753,1.0704975205980056
1.391983020941,1.1318584538691043
1.392994257714,1.1219417402482794
1.393997359923,1.1165557875499599
1.394997963707,1.059104245933746
1.395948233187,1.1254418826937242
1.396961029654,1.1109996398703335
1.397963353185,1.0347113367498926
1.398898415339,1.1110270022108184
1.399903760198,1.1099665895619129
1.400907843347,1.1276819498993198
1.401927618649,1.112859365452745
1.402932844399,1.1135718073758851
1.403935404654,1.118588890680045
1.404940456788,1.1245977283394955
1.405951812594,1.112881376766365
1.406953852287,1.1176108284371198
1.407960514725,1.112997325248229
1.408962237446,1.1239816384824501
1.409971209955,1.1201389579284324
1.410974948458,1.1252715099369053
1.41198383337,1.1179380806151502
1.412986655911,1.1213984118425948
1.413992144863,1.1193599813504274
1.414995728365,1.0857459456457992
1.415971946863,1.1342969990728664
1.416994043275,0.9553103804059967
1.417854565022,1.0127826659106567
1.418766675779,1.1165271531044219
1.419772266856,1.1078152924040439
1.420774409829,1.1005631651533123
1.421777228919,1.1013403466059628
1.422782951666,1.0336940535931494
1.423725348033,1.1068729187634627
1.424731467144,1.0486193837440931
1.425685514009,0.7206644242383986
1.426343572154,0.9428446493615603
1.427205762355,1.0594412144255743
1.42817834404,1.089333747631455
1.429183400987,1.0847971142667123
1.43018786422,1.0917958773303154
1.431199926373,1.0875635758485829
1.432205963327,1.0943307115831764
1.433215764708,1.095570966221805
1.434224188051,1.1006324713691613
1.435234646709,1.113710739677091
1.436255177465,1.1055776111257205
1.437266800792,1.0982733864070795
1.438271127443,1.0984984134971083
1.43927685923,1.0948355816529984
1.440279005992,1.094414542693686
1.441280219784,1.1013647418679804
1.442288824836,1.096528358771708
1.443292626184,1.0989667140525603
1.444298021654,1.0503344371236936
1.445259982094,1.0944211405252682
1.446264979867,1.0968044601903746
1.447274590962,1.0922463978394155
1.448280951714,1.087904152278722
1.449283903876,1.086524961817948
1.4502858513,1.0965238549783936
1.45129533143,1.0899893342146885
1.452295683662,1.1082755734212282
1.453310675329,1.0927249610563592
1.454311421554,1.1041058037834928
1.45532344016,1.0918658229248588
1.456324462294,1.0986103879369713
1.457330413128,1.114364700168952
1.458349189433,1.098642492707876
1.459353359045,1.058802797543773
1.460322209338,1.1083283413980143
1.46133672772,1.122508908265034
1.462362465533,1.1011612536401927
1.463369408182,1.090566359760789
1.464370502497,1.0953565284554285
1.465378047066,1.0871791229354666
1.466379132108,1.0875150067566877
1.46738167046,1.0936808595141079
1.46838983257,1.092229342825274
1.469397986992,0.9156244821907241
1.470244525527,1.0681255015016935
1.471230100414,1.0894518945504397
1.472232079512,1.0889045210669022
1.473234524899,1.082702184664931
1.474235534747,0.24678971027902316
1.474464240401,1.0937480130057862
1.475476662297,1.0841571224804971
1.476478624572,1.0837302588337863
1.477482361096,1.0882401784300924
1.478491053985,1.0913322019427372
1.479502205401,1.0827747519790465
1.480506803502,1.088913827566449
1.481517576657,1.0823817365917585
1.482521387918,1.0819719756041803
1.483522614083,1.0829385772913924
1.484524518904,1.083069956249166
1.485528710817,1.088124985939705
1.486538282637,1.078617667422455
1.487538575524,1.08207084862266
1.488542334521,1.0774579147544885
1.489543225989,1.0776792664053678
1.490546226978,1.0793731811380043
1.491552007922,1.060046147557923
1.492540325458,1.0918587702768578
1.493557354041,1.0849309274354173
1.494568444389,1.0710186450800638
1.495569046727,1.0761779626139643
1.496573658961,1.0895456256382399
1.497589397123,1.0762688463075996
1.498592479982,0.9558179493949589
1.499483387696,1.0751624892457081
1.50048387618,1.083454322967901
1.501488454311,1.0756973978002018
1.502488955184,1.0768197257259682
1.503496348064,1.0794284963517642
1.504506916492,1.090287757361919
1.505525007776,1.0852592516075261
1.506535838747,1.081166453874453
1.507542429292,1.085092385059317
1.508551261399,1.082431843437053
1.509556270751,1.0832362289750566
1.510563731315,1.0785061642840337
1.511571563994,1.0701562747603837
1.512576234319,1.0691849067257804
1.513582227642,1.0702647305558755
1.514590239347,1.06203460682357
1.515591684515,1.062527215913605
1.516595065771,1.0769471295051831
1.517612186942,1.0612739326951555
1.518612529586,0.9749763853734862
1.519530561551,1.06936935509497
1.520537759849,1.0656089879064328
1.521540001372,0.7522940176923898
1.522247286609,1.072824899893163
1.523257798686,1.0608085731821428
1.524259026571,1.0606305033594963
1.525260446545,1.0652484384389598
1.526267109446,1.0673296950001554
1.527275142946,1.0613837370481547
1.52827633098,1.0700282263263234
1.529284771539,1.0744783449308297
1.530297811616,1.0641877644190572
1.531302992694,1.0633723484297342
1.532307729071,1.0651608949958735
1.533314579177,1.0591121876129475
1.534317201939,1.0716046712608958
1.535331380709,1.0747009622794352
1.53634784917,1.0634972728629002
1.537355675846,1.057023908707712
1.538356730391,1.063846491144758
1.539362386352,1.0597695839346626
1.540365180284,1.0538621359504066
1.541366896991,1.0683238903471393
1.542385075949,1.0557216201401802
1.543389852629,1.0584733127370727
1.544395771508,1.0618383712670258
1.54540402576,0.8386143769707043
1.546198841521,1.063306094569001
1.547203141,1.0577504174419363
1.54820462379,1.0589101657520896
1.549216361927,1.0550497812090054
1.55023119064,1.0517183991622192
1.551244149387,1.0518431239899462
1.55225467634,1.050486513181839
1.553262078097,1.0475953120411974
1.554267391561,1.0433487080722232
1.555271138849,1.042151432423295
1.556273186187,1.0485148036409038
1.557279394801,1.0507926027709011
1.558290757619,1.0385643191233271
1.559293899074,1.0461544957373037
1.56030579398,1.024146769287399
1.561294472489,1.044027512750233
1.562300855331,1.0450255625348142
1.563310227481,1.04017148047933
1.564316707157,0.9704473695424822
1.56525573715,0.777628162528478
1.566006891509,1.0481170994223694
1.567017067239,1.041698455564316
1.568023471854,1.0330607882355032
1.569024682972,1.0400385878927942
1.570033312845,1.0440673294052765
1.571048023234,1.0303139012779954
1.572050730198,1.0351269063213977
1.573058610456,1.0283320987891236
1.574059534851,1.0349342359550124
1.57506687082,1.031944725772031
1.576071180253,1.0415606685914975
1.577083176651,1.0509039772712643
1.57810335423,1.0379376660506843
1.579111485827,1.0357613258236205
1.580117463754,1.037252039302217
1.581122304021,1.0367434754877942
1.582124034923,1.039617809269149
1.583125438699,1.0438128714723824
1.58413177553,1.0382365946403267
1.585138523066,1.035852430507785
1.586144332694,1.0337966982449658
1.587148305437,1.0345517532666297
1.588154052767,1.0315379145081809
1.589156569341,1.0382212722045052
1.590164731619,1.0360741263357867
1.591168347321,1.0373890920497992
1.592171816795,1.0444656977917366
1.593182203507,1.0359433832541207
1.594185574496,1.0364824507081485
1.595192216555,1.0277853127933465
1.596192536896,1.034816486617221
1.597199751524,1.0384093643600627
1.5982117464,1.0292261403630352
1.599216208411,1.0295598922880724
1.600218811475,1.0331235485673929
1.601222383058,1.0478988767893183
1.602238005443,1.0472460448522727
1.60325194278,1.0508754072125206
1.604270665104,1.043983068470507
1.605284968353,1.0405614107611092
1.606297785238,1.0376188700413758
1.607307492863,1.0359528778773317
1.608312784647,1.0361481506663788
1.609316301538,1.0407389716214706
1.610325013052,1.0324201964988418
1.611326125618,1.036849849237849
1.612329869885,1.0432896567541843
1.613338391245,1.044338621698739
1.61434977336,1.0354984088985961
1.615356383268,1.0297769648543849
1.616358380002,0.9297402297556626
1.617261452428,1.0350456100220917
1.61826679427,1.0359395402665752
1.619274029631,1.037630692795971
1.62028514407,1.0239399058149357
1.621286894713,1.0208490691205117
1.622284924087,1.0304895849678148
1.623289207126,1.0251541819515242
1.624290001087,1.02692375438144
1.625298066591,1.028833798250731
1.626310915632,1.0191001208303938
1.627315861044,1.0259030946701992
1.628327981238,1.0169813174649283
1.629328653649,1.0262036480402872
1.630337217879,1.022845292584252
1.63134089128,0.979680833785853
1.632301247369,1.0217186192311516
1.633307279808,1.0185403919659064
1.634317589271,1.0023734703503273
1.635317595961,1.0057351890558381
1.636322889103,1.0073121136242311
1.637328478002,1.016072504647643
1.63834208275,1.0057952145873341
1.63934477689,1.0106694413591453
1.64035018348,1.0172528079277097
1.641360358412,1.0115948714749399
1.64236753378,1.0102946368601788
1.643374762659,1.0106368216795265
1.644379608936,1.0134728282934584
1.645385952532,1.0162069400736318
1.646393525676,1.0150322340435682
1.647400658605,1.0098804777966282
1.648402164421,0.9526098627377011
1.649341559473,1.0244656535576744
1.650348752779,1.0194934307209722
1.651353029815,1.0160808890155741
1.652359815153,1.0158234442094574
1.653372411698,1.0074938490280567
1.654379932994,1.0033699368715132
1.65538306005,1.0251192288885815
1.656402031291,1.0226350104489172
1.657412781557,1.0227356668968692
1.658424619041,1.0105486085234066
1.659428288586,1.0136125614487892
1.660436406635,1.0195505612960207
1.661451505961,1.0000382804431978
1.662453155221,0.9970908537714762
1.663459034489,0.9926083414814921
1.664461563372,1.0100119430397723
1.665478877863,1.0000737905311214
1.666482213932,0.30146293455745127
1.666783772489,1.0049838106376543
1.667786268332,1.019472152446872
1.668798354289,1.0237020271140767
1.6698134578,1.0063651728733571
1.670817220161,0.9993944953600934
1.671819947513,1.0063692056119584
1.672828629001,1.0043240045427466
1.673833356612,1.0077553518119695
1.674842815129,1.0191093689887936
1.675863727956,1.0005611427110581
1.676865955484,1.0047003395688852
1.677871329725,1.0075042650734711
1.678874549292,1.8140311648764262
1.680679938336,1.0005457734852687
1.681680761167,1.0017138824590037
1.682685961523,0.9959255039223573
1.683686546681,1.003939174076331
1.684699535211,0.9881167922698372
1.685700731524,0.9885523785060658
1.686702259896,0.9880131641210228
1.687702987435,0.9922115067540311
1.688707469188,1.0122329531115721
1.689733015714,0.9904228994762503
1.690734509332,1.0009693512490643
1.691742688826,1.0044113479598147
1.692755312327,1.0002564990686396
1.693764788336,0.9963595848720508
1.694767383689,1.005885622072016
1.695778511645,1.0033937165914264
1.696787222397,0.997254208239521
1.69778798744,0.9993912647999434
1.698793327111,0.9954226046459266
1.699799738643,1.0017843926041523
1.700815028134,0.9914596207194907
1.701820087602,0.9867747236402556
1.702820941779,1.0057414832131404
1.703840428158,0.9993779703489544
1.704850097103,0.9991962591867816
1.705856892231,0.9980868431099523
1.706860945435,1.00398504338601
1.707871002655,1.0035070018194638
1.708880291902,0.9996821058864755
1.709888256384,0.9902152686296491
1.710893820531,0.9902834543014069
1.71190654546,0.9754888131343017
1.712908837112,0.9840457497269189
1.713920401873,0.9963895755505183
1.714940686668,0.9843078329856891
1.715941181434,0.9904326909232382
1.716942610198,0.9976616485778378
1.717949521893,0.9928435994585194
1.718952409559,1.009241594937151
1.719974115782,0.9866758653995988
1.720974821094,0.9872223935119565
1.721978153262,0.9897402237070856
1.722986188783,0.9245061594919362
1.723930936196,0.9821335765398523
1.724938040726,1.0104756100715893
1.725973851815,0.9807536397743994
1.726977346778,0.9820493339770132
1.727983271132,0.9813228899531677
1.728987646362,0.9822187861030277
1.72998981323,0.9929386411931856
1.731003508093,0.9855340379221238
1.732010320935,0.9911669657817765
1.733019857345,0.9914869926042489
1.734027829311,0.9857503462026947
1.73502967065,0.9963634732679932
1.736042712352,0.986689748291638
1.737046275586,0.9959353422712048
1.738057147859,0.9984566563876267
1.739068086169,1.0099534084002169
1.740091387155,0.9925486838712296
1.741099281138,0.9872981724646204
1.742101173565,0.9995697356161284
1.74311504476,0.9929727888788997
1.744124374063,0.9876154763383025
1.745130885391,0.9847382869769449
1.746134943992,0.9852296895123303
1.747142945399,0.9714070357045959
1.748143897034,0.971104443864123
1.749147488961,0.9732084782379474
1.750153340311,0.975208087084128
1.751163010717,0.9670907989163021
1.752164841571,0.9750689994455397
1.753173319955,0.9693524067210273
1.754173541086,0.9740084706056702
1.755173914151,0.9874403975488721
1.756184161985,0.9804004595584348
1.757184630298,0.9891380029469994
1.758191265948,0.9857355745025508
1.759193234012,0.9906372105729748
1.760199361749,0.9844451468253587
1.76120157752,0.9804462055890896
1.762204563878,0.9795742382662866
1.763208418756,0.9769482677485143
1.764209919623,0.9922612011470018
1.765224125396,0.9998389887898257
1.766238445549,1.0033600982180557
1.767252526755,1.0037005700716597
1.768271249535,0.9841754751014561
1.769277299482,0.9789483988950523
1.770282644658,0.978784092460117
1.771288136961,0.9772920772089113
1.772292408216,0.9766468955225478
1.773297776329,0.9902691326473488
1.774317411079,0.9951607155564471
1.775340082627,0.9740461080895352
1.77634028231,0.9783499475103484
1.777346947045,0.8767630557579474
1.778251834304,0.976120858478353
1.779260650811,0.9771337739682803
1.78026816387,0.9740923246056965
1.781269509858,0.9810118288374198
1.782277185911,0.9735650905456145
1.783277461782,0.9731815749316329
1.784279685199,0.9860533428497984
1.78529680376,0.9831990118506913
1.786308676121,0.9736746702984004
1.787309850342,0.9824640566975215
1.788319182291,0.978351138146975
1.789323757798,0.9780624701103217
1.790328564893,0.9776234458492954
1.791332162299,0.9985244056473024
1.792355743792,0.9768829573742676
1.793357622546,1.001238202013177
1.794387699561,0.9814407095716529
1.795397774999,0.9792569359810983
1.796405507262,0.9838315827938428
1.797419187178,0.9877160190335587
1.798437445443,0.96983208464575
1.799438217378,0.9681021063858934
1.800438648095,0.9763952216482756
1.801449350423,0.9766913653541902
1.802460871647,0.971832494405758
1.803468328329,0.9659949715847337
1.804472783961,0.9603256482935963
1.805476753906,0.958898460938714
1.806482894181,0.955849668153823
1.807484757241,0.9661531471818153
1.808494788691,0.9584984417372888
1.809495124471,0.9708778099073136
1.810509267641,0.956012760463579
1.811511899625,0.9646835416284074
1.812526592899,0.9585884273168545
1.813532736873,0.966141618570267
1.814545868144,0.9636755870362467
1.815555480315,0.965627997546608
1.816566487585,0.9613301236647639
1.817575818358,0.9654992728417369
1.818591980417,0.9696215285489593
1.819614351123,0.9503722314000826
1.820616044826,0.9599304924154923
1.821625957754,0.5973692515327997
1.822253878116,0.49414462324619185
1.822773115448,0.4687998920855742
1.823265475093,0.7135691413869664
1.824014828582,0.6554453752260098
1.824702892652,0.824795332120944
1.825567314918,0.9593933799826623
1.826573134663,0.8396474146559261
1.827456654564,0.8120024113655113
1.828313440309,0.7715179654760159
1.829127422211,0.8482457060741306
1.830021824737,0.9426794544030767
1.831017797616,0.8336292060193341
1.831899838376,0.9449617473695158
1.832899317793,0.8770985028591461
1.833827669648,0.7522416978582799
1.83462505291,0.9453827165171941
1.835626920653,0.9476364756881103
1.836631478815,0.7937519558863334
1.837474504,0.9442429286881509
1.838476406497,0.9455482107068874
1.839476726312,0.8848061766519746
1.840411566398,0.8302738023806234
1.841289012699,0.7889147307941081
1.842122732146,0.8563553724709454
1.843029983438,0.9402636730420659
1.844030289486,0.9412627401172332
1.845033783848,0.9465389901443171
1.846044169054,0.9407076434012872
1.847048691098,0.9121899051954129
1.848020512392,0.9426596929889278
1.849020652886,0.8419723438585552
1.849910958288,0.898592240985439
1.85085897044,0.8025468357265324
1.85170515083,0.8716178534468125
1.852623736668,0.9178606195698117
1.853589748083,0.8140623243273616
1.854448181443,0.8523544406632553
1.855349837088,0.9526264003005591
1.856358995735,0.9117564781161807
1.857326444749,0.8377154143270955
1.858216439136,0.8967839807695097
1.859169526952,0.9559165260702203
1.860186355164,0.9390374782021117
1.861186405154,0.08750477205038486
1.861279652931,0.9388695408276424
1.862280761583,0.9433187433769569
1.863287693575,0.945603061156736
1.864297068141,0.9396252290549674
1.865299876487,0.951420389153968
1.866315672798,0.9404648190927278
1.867319256721,0.9391696968211802
1.868320242701,0.898628429562143
1.869276549411,0.9095749992740675
1.870243417741,0.9453586034649683
1.871248756929,0.8896807155944935
1.872196914818,0.8999795274203033
1.873155965718,0.9427195811786542
1.874158811687,0.9434972388444776
1.875162871688,0.9472708148225693
1.876172657031,0.882039888077762
1.877114060887,0.9087364642251874
1.878084678246,0.9394720541594008
1.87908818409,0.9483488501356658
1.880099005843,0.9623878040561612
1.881123891883,0.9397431174307965
1.882125004923,0.8458224333567697
1.883026650171,0.9420170033922216
1.884029842202,0.8270059630745894
1.884908257964,0.9426795050475176
1.88591002709,0.954824281183872
1.886926371593,0.9492806670600532
1.887938829435,0.9349494206113422
1.888938904745,0.8957963087218545
1.889898506761,0.9384367825831001
1.890904438372,0.9337190089529884
1.891905677054,0.9356728907766797
1.892909503674,0.9329405790703903
1.893909822091,0.8572242998337352
1.89482655904,0.939139428606825
1.895829685877,0.840447008377565
1.896729351245,0.8183370399451924
1.897607586192,0.9325476250198866
1.898609944021,0.9369005525786837
1.899618303965,0.9306976657497438
1.900620658298,0.6110310100028777
1.901279475872,0.8673578074603391
1.902215707967,0.9320389435988321
1.903220251207,0.9406445227042675
1.904234428735,0.8750273708262892
1.905180686368,0.8138662895206931
1.906060166619,0.9335341454758143
1.907066786597,0.8407415046935179
1.907972974337,0.849430037897162
1.908889650897,0.9283975909343972
1.909894185614,0.8057867941966425
1.910768819948,0.8573698890212428
1.911701671484,0.9280061909852263
1.912710306432,0.9242296002432884
1.913713761768,0.9226139332896179
1.914716462719,0.920114957150163
1.915716873812,0.8603552209443549
1.916649674869,0.9329265716569484
1.917656304987,0.8049758824255518
1.918523390531,0.7825894837087604
1.919366935676,0.9193478340242615
1.92035948002,0.9096251164785398
1.921343925944,0.9273498725365978
1.92235009858,0.9344432692397355
1.923363985486,0.9188946905498585
1.9243609077,0.9296542098308642
1.925369858871,0.9283457361268705
1.926377506337,0.8687426007980175
1.927319985468,0.8202585120158505
1.928207758289,0.9268161270311106
1.929209262342,0.9317699675631834
1.93021726904,0.9326859753235919
1.931228200867,0.9277463534604338
1.932235713891,0.9297235969127206
1.933246272771,0.9272306006690846
1.934253451849,0.9254963495698377
1.935258332259,0.9248607115456262
1.936263028285,0.8456102223619997
1.937183455435,0.9216672333255495
1.938185482075,0.7799001668056227
1.939032643872,0.8786807301470199
1.939990388404,0.9035862851908807
1.940978490519,0.8399119099341739
1.941899449642,0.8343565408059871
1.942816470137,0.8907719762088726
1.943797061143,0.9089462355404194
1.944800844909,0.7800124701004811
1.945664652591,0.16979223160751716
1.945852713544,0.9147276384525631
1.94686359859,0.8372140491077172
1.947788469196,0.9114990818465774
1.948798344586,0.8752912395148119
1.949769990058,0.8199204429244178
1.950680892474,0.8191635697140965
1.951589669461,0.8923957611588593
1.952576092598,0.8338357319846724
1.953497957669,0.9052337289060265
1.954502727108,0.9032713236303437
1.955508291015,0.9066221339262457
1.956519651402,0.9027561399834401
1.957526840369,0.8981084394840607
1.95852903905,0.9011139198815332
1.959533535417,0.9089993039764389
1.960543690347,0.9050829131317468
1.961547135861,0.8747817163933193
1.962515544913,0.9044683141790184
1.963516175391,0.8216274341394191
1.964423600428,0.8479287301626159
1.965359076344,0.9080521571854357
1.966361348458,0.8810336655216211
1.967335305427,0.8045523018093493
1.968227457816,0.899917828950322
1.969227514342,0.897761413399721
1.970228777506,0.8845981569907858
1.971218211509,0.8828982402869209
1.972204059507,0.8790655207195885
1.973181968405,0.8534671752810797
1.974130951706,0.8525105941327337
1.975080164866,0.8227034002421515
1.975996185512,0.8806578916121898
1.976978025579,0.9015422047647936
1.977986091183,0.8944914027777804
1.978988092037,0.9008565465930843
1.979996040636,0.9045844766561544
1.9810068371,0.8984945874371556
1.982009102674,0.9058858928864235
1.983017026246,0.8455923503907452
1.983956365254,0.9085350369016019
1.984964627207,0.8444922937988825
1.985903162231,0.8790242133959139
1.986883786464,0.9021052026942423
1.987889574017,0.9005168051556703
1.988890117478,0.7847759603888187
1.989761476829,0.7802002397158597
1.990628071876,0.7045263566230198
1.991410718765,0.8358249530348425
1.992340890565,0.08546846084057841
1.992436190949,0.8972158269136706
1.993440292687,0.896094266214452
1.994450459031,0.8877891420933697
1.995456141084,0.6566489707517106
1.996199850947,0.8883466056793465
1.997200771677,0.8378539669512123
1.998140855347,0.8074215841731823
1.999048317863,0.899024686684069
2.000060825925,0.8372987086068886
2.001003724036,0.8709525547924805
2.001983833354,0.8633716423361648
2.002954892231,0.851851967005362
2.003914576534,0.8892004329931826
2.004918385253,0.8892363871791839
2.005922181097,0.7578971640016339
2.00677711884,0.8348887514670669
2.007718571607,0.8506203166275143
2.008676045796,0.8803620079493201
2.009665278717,0.8045269224654681
2.010569862881,0.858837864967528
2.011535310819,0.7858912036519555
2.012418361229,0.7362370939367424
2.01324707081,0.852063258941792
2.014207510348,0.7505371906168002
2.015054803154,0.8878112806240807
2.016061148733,0.8699226932575578
2.017051557511,0.8765699470569869
2.0180521977,0.8342227175813799
2.019005215261,0.881417418083874
2.020010448594,0.7039084637233392
2.020811980827,0.8568743944009032
2.021787583258,0.8854176974278656
2.022796173369,0.8799374654839178
2.023801020606,0.8774097314685384
2.024805058798,0.8751114597846825
2.025808785341,0.8816161316750822
2.026821883677,0.8729495362550324
2.027823088009,0.8788123409301102
2.02882835901,0.7047028155952929
2.029633129199,0.777310074239526
2.030518259462,0.8816578579896033
2.031519497851,0.7661290156279776
2.032391740601,0.835130975909506
2.033347159405,0.8746713004462983
2.034351032539,0.8785224737464457
2.035362580991,0.8697483093161061
2.0363649122,0.20091739377836118
2.036596200793,0.8720077395096035
2.037599405374,0.8392523560739921
2.038563445263,0.8831169607813767
2.039574994213,0.8756823847752622
2.04057717428,0.8842898598704643
2.041589945291,0.8085857692724313
2.042517517384,0.8737637396712106
2.043521842995,0.8340623453291963
2.04447964783,0.8822665102411923
2.045493127026,0.8737419259536073
2.04649891785,0.8710334173822345
2.04750144623,0.8722963783216654
2.048503668972,0.714088304548339
2.049324493097,0.8137875833182312
2.050260551066,0.8443607023915246
2.051229956018,0.8124298843852651
2.052164667244,0.8673645917236577
2.05316793336,0.873250001790121
2.054180705136,0.8191297782183878
2.055132119417,0.818427446910279
2.056083634408,0.8738195834326132
2.057098345748,0.8650813403003289
2.058104440859,0.8623205537580858
2.059110879134,0.8435826298346544
2.060094407579,0.8631245180600272
2.061097539558,0.8617239686984276
2.062098361729,0.8729999814832358
2.063110877496,0.8831493045595564
2.064131577967,0.8767894199590152
2.065142701106,0.8736625092251856
2.066150202879,0.830838247245636
2.067108417378,0.8508288331953415
2.068088268778,0.7976790400567542
2.069005163355,0.799857657034583
2.069923891266,0.8595795563933263
2.070914357794,0.8636413339885415
2.071914971693,0.8632916784529201
2.072918112784,0.8650927533042183
2.073922310311,0.378843895312529
2.074361255848,0.8406517293060466
2.075333768573,0.8709634325383138
2.076339709545,0.8673946805546272
2.077340829573,0.8092762853066268
2.078276595106,0.8729146382313111
2.079286468705,0.870881297388314
2.080293703864,0.8116051398625429
2.081234645275,0.8685105654363634
2.082240900495,0.8736737890941662
2.083250719753,0.8746187632460148
2.084260933537,0.8812374143451186
2.085277805172,0.8838104617393298
2.0862976457,0.8685639003159797
2.087301551058,0.8699560423217553
2.088307613576,0.873790703462752
2.089317686385,0.8652169677683619
2.09031829479,0.8772094090241761
2.09133270838,0.8730952938888742
2.092340885307,0.8737548191656964
2.093348100865,0.8682434204809646
2.094349156069,0.8772274118719449
2.095362544214,0.8705664117475548
2.096370223318,0.8644545657325006
2.097371570276,0.8694405415575287
2.098376764581,0.6164778148853536
2.099087465186,0.7803857719778599
2.099984007491,0.889240951832878
2.101005671045,0.8634135484444179
2.102006276073,0.7502537478811492
2.102882027647,0.8662751672630595
2.103892024777,0.8402990939309315
2.104872529685,0.7604462674013753
2.105763462855,0.8086862557315151
2.106711872048,0.8702997545950799
2.107732228053,0.8559961727503077
2.108736185733,0.8592725458217247
2.109745089831,0.8567588508497498
2.110752009786,0.8596163156013897
2.111760659621,0.8675690690644771
2.112775900981,0.8622922340856496
2.113783568215,0.85982729812189
2.114788240639,0.7941419215882815
2.11571620639,0.7772004542663217
2.116621968871,0.863421633748175
2.117627074611,0.8568748703641763
2.118629436722,0.85178981970103
2.119629966007,0.4751509971254856
2.120187786084,0.8536445464533973
2.121188329136,0.8585130751012243
2.122193546089,0.8571651310690575
2.123196102545,0.8572373010876427
2.124197406402,0.8588808890030322
2.125197592404,0.8602891391803541
2.126198070528,0.8280606505932617
2.127160633017,0.8697253559823676
2.128169723177,0.8631374218801746
2.129172145708,0.8625293143949911
2.130175712793,0.8040786280608215
2.131113302717,0.8587138200799487
2.132116439847,0.8584474256269025
2.133119291007,0.8296428938329483
2.134089223971,0.8556477476957509
2.135090445781,0.8572746045127669
2.136092671749,0.8493019169434917
2.137085507987,0.8116955555523787
2.13803479555,0.8195218390428357
2.138991641634,0.8460740688429621
2.139977642003,0.8593977076634621
2.140981851504,0.8540367009375057
2.141982972319,0.8569398589396336
2.142988320847,0.6962464546907874
2.143806403994,0.8599376408757611
2.144817670923,0.8603926978262342
2.145827997942,0.8629526432484479
2.146840789246,0.8497050685902893
2.147841363697,0.8302577002144694
2.148821093141,0.8498061542333152
2.149821715579,0.7976644924579438
2.150759418898,0.8647705288163925
2.151776344366,0.8542762087000105
2.152784861814,0.7249326887748759
2.153645661015,0.8276743716225116
2.154626487806,0.851096683205243
2.155630092205,0.8513320675199435
2.156633488863,0.8546066102424164
2.157643516756,0.8522846398516455
2.158649849588,0.8522428748986733
2.159654032899,0.8507077982054757
2.160658943506,0.8491611371306566
2.161663069845,0.8407205520625953
2.162655423356,0.8227067241276277
2.163624009568,0.8539360649255383
2.164627754321,0.8509318221995507
2.165629439032,0.7825773182999546
2.166555245906,0.1662327624650846
2.166752543287,0.8384753372345006
2.167746659832,0.8478984328588002
2.168751760608,0.8495893094425656
2.169760893553,0.8401742427251597
2.170761394087,0.8397712671842581
2.171763994348,0.8434816937372126
2.172769916182,0.8457865176373959
2.173776971474,0.8424039620417817
2.174780185526,0.8550661630781232
2.175796436269,0.8583463925261225
2.176812800192,0.8486585738990564
2.177813073608,0.7946458647201243
2.17874664474,0.8118073682122102
2.179699294164,0.8138951986955592
2.180654797389,0.8592363119526194
2.181666261532,0.8510237471565439
2.182672793903,0.8436754264911129
2.183673757971,0.8451844951908026
2.184677349848,0.8471518053250482
2.185682522257,0.757216249014857
2.186579457281,0.5887907909055717
2.187275873056,0.847637487521431
2.188277523958,0.853906116416552
2.189286811689,0.8522277184135734
2.19029606039,0.8553666127584947
2.191310141575,0.8559391146428442
2.192325382068,0.8430119094500218
2.193329102912,0.7887697519873658
2.194271132232,0.8440858407383532
2.195278087334,0.8430904178701865
2.196283362215,0.8431456636270296
2.197288763182,0.841266743547863
2.198290056026,0.7585727323453298
2.199191645509,0.8411993063878463
2.200190661456,0.8519642271634192
2.201199193785,0.8487658814897062
2.20220462129,0.8432458911505
2.203210124385,0.837836249264854
2.204212743455,0.8011817824278531
2.205170716948,0.8421454340602953
2.206177399907,0.8175467033312258
2.207157993626,0.840170031955325
2.208167032905,0.8450419151777561
2.209182282009,0.838502706116234
2.210190092019,0.833977850420143
2.211191626771,0.8085892201898595
2.212161266251,0.838160458313647
2.213163634765,0.27063971396208397
2.213486719765,0.844231634549767
2.214493933823,0.8436855718952585
2.215501098781,0.8360708821010738
2.216501328758,0.8411191453102289
2.217509177273,0.8373660594017552
2.21851000904,0.846563675654767
2.219518140771,0.8443868339749443
2.220523458302,0.8095969209713865
2.221488588688,0.8431116964194533
2.222491194834,0.842262156294034
2.223491337426,0.8462101608523984
2.224498996635,0.845434365468533
2.225508839683,0.8408600707063001
2.226515050261,0.8385991127591507
2.227519281369,0.808570050692313
2.228486687306,0.7951026145335028
2.229434862641,0.8436375760009723
2.230437830853,0.8231590397088345
2.23141776055,0.8112092426153271
2.232386526886,0.8513675497296455
2.233403396766,0.8459522736969848
2.234413142362,0.8400237279034963
2.235417671898,0.8430616130259452
2.236428069389,0.8351918062526201
2.237429862559,0.8363971819247624
2.238434761901,0.8326697484565899
2.239436623491,0.8349282851781187
2.240443613779,0.8291386252240788
2.241446358845,0.8437848114830281
2.242465706131,0.8339290563492242
2.243471034395,0.835164125316298
2.244477810564,0.8353122489415612
2.245480976492,0.8458201071343839
2.246491444297,0.836561985882217
2.247490171482,0.7844733649024788
2.248426832467,0.7883523379511259
2.249367848871,0.8377585039509613
2.250368001129,0.8071079470015847
2.251335113742,0.8131965365178477
2.252315441598,0.8291314142126455
2.253318708002,0.8322332029001096
2.254329343891,0.8223803398019305
2.255331497286,0.7645833173288674
2.256264269571,0.7671125987307167
2.257197509203,0.8380728809875648
2.258213629275,0.8296417164600999
2.259223506589,0.45719701725684236
2.259783672759,0.7934195840963375
2.260754993573,0.8283871947789695
2.261764185173,0.8275674009427331
2.262771291334,0.8309564241629959
2.263785828575,0.830033857248782
2.264801213597,0.8261094192959717
2.265810660088,0.7898468685433941
2.266772778602,0.8293235975351977
2.267777468,0.8341965613075087
2.268785750157,0.828662706631209
2.269789274549,0.826309117978502
2.270793373998,0.828747790344971
2.271804267494,0.8213759085648591
2.272806943536,0.8248214125461738
2.273817030489,0.8240997205316826
2.27482724841,0.8237211406964261
2.275834859306,0.8205569970313388
2.276841154117,0.8230220855177668
2.277854706557,0.8183473464720179
2.278862070383,0.8250638892589652
2.279870852695,0.8295132548486821
2.280878727572,0.826092717721636
2.281879674197,0.8394795075957895
2.282896363334,0.8313688057053896
2.283905556759,0.8237330731407504
2.284907957893,0.8319161510697887
2.285918881685,0.8277839265305164
2.286923114572,0.8245716224300198
2.287924475264,0.8272704875144766
2.288930205693,0.8300489620173771
2.28994149314,0.8124830909315804
2.290932820176,0.8228939195053069
2.291936827649,0.799889436328522
2.29291526292,0.8216561401953931
2.293924460887,0.8178289872438658
2.294933170229,0.8091596410897234
2.295935988406,0.808465131584792
2.296939160162,0.8088955479588942
2.297941862554,0.8084450777094809
2.298942967003,0.8152583869458061
2.299950946305,0.8135631578260617
2.300955984931,0.1411956587619561
2.301130157288,0.8084138146569919
2.302124757077,0.829732005937065
2.303140497436,0.8206265214502941
2.304140783144,0.8256959909124376
2.305147935566,0.8291320418955966
2.306160373701,0.8203604814790328
2.307162570499,0.8240372003259611
2.308169542106,0.827976530402414
2.309180021771,0.8249730981941412
2.310186970613,0.8208020532779265
2.311188245451,0.8197945270041169
2.312189114018,0.8254727874915478
2.313200725023,0.82490772549889
2.314213902556,0.82037368346472
2.315221651001,0.8266817511089837
2.316234907331,0.7866553048846434
2.317197831446,0.8214863598334842
2.318204856495,0.8194987127214646
2.319210033905,0.7685344444844253
2.320153406163,0.8156520616986036
2.321153990654,0.819187740048481
2.322158712891,0.8124732735066303
2.323159955773,0.8147072644380494
2.324167815621,0.8188651159880159
2.325182999005,0.8102051609962307
2.326188717584,0.8133291691166513
2.327195803268,0.81469070696669
2.32820054954,0.8121606818527836
2.329201015562,0.8175243063837782
2.330209760889,0.7535707086873614
2.331139238655,0.8162694130929654
2.332141351875,0.8331079895437347
2.333164172495,0.8124257669308838
2.334169103557,0.7692971113020739
2.335123857261,0.8113009469809586
2.336127817685,0.8224266217636451
2.337141305085,0.8169321905329086
2.338148171626,0.7310364999211005
2.339049611469,0.8126911737270626
2.340049831082,0.8120566304520034
2.341049953371,0.8130304098758239
2.342056008392,0.8074342321593053
2.343059832167,0.8088928472777455
2.344066637066,0.8124146480283476
2.345077394675,0.7774607995965788
2.346045581968,0.8279175712293435
2.347077336103,0.8127224723419322
2.348089777687,0.8061374352471959
2.349093859466,0.8134121756669601
2.350105550564,0.8075552634040384
2.351108314988,0.8153191929703765
2.352119926523,0.8142784805437664
2.353128033607,0.8176305865770478
2.354137938104,0.812151768447217
2.355141127137,0.8143177746095175
2.356147118606,0.8136473538358764
2.357152204679,0.8041664319248389
2.358144589998,0.8176959652651825
2.359151518,0.8182433286074378
2.360158984851,0.8114204920694545
2.361162633991,0.8062152035718286
2.362164283841,0.7272742459259326
2.3630702068,0.8075911790191429
2.364078401725,0.8088565492795797
2.365090077508,0.8038396418654115
2.36609710975,0.8044969747383218
2.367105337105,0.8155423143023306
2.368125905281,0.7764972432977161
2.369096843969,0.8026020585031772
2.3701008229,0.8052680944286421
2.371107726586,0.8072668177941109
2.372120122287,0.8029717352578747
2.37312990592,0.801891482503723
2.374139672916,0.8060416819266156
2.375154187199,0.8013051135824056
2.376159902808,0.8026517571544852
2.377166531516,0.7262946209502075
2.378075235333,0.8053374733461087
2.379076989545,0.8132723644173752
2.38008630592,0.8045218639725851
2.381088113541,0.8045936902606026
2.382091483048,0.806595985359023
2.383094960286,0.8138011807317541
2.384106000704,0.8110892498671527
2.385116478477,0.810896050641845
2.386128428561,0.8082416223855551
2.387134921403,0.8136081701618557
2.388147597757,0.8084350745027863
2.389153696602,0.8073085593664685
2.390160829189,0.8062985894803454
2.391171768213,0.803230841122891
2.392180541454,0.7972724410706404
2.39318227468,0.7959537653070877
2.394183264054,0.5833071884483316
2.394916883334,0.8005783040930353
2.395921762868,0.8006451856305655
2.396925298597,0.8006927155924567
2.397929631545,0.7981078519133838
2.398930132395,0.806855732203675
2.399938778492,0.8086107448416942
2.400950136979,0.8005943458229156
2.401954818833,0.8068835028484237
2.402966660043,0.8056331243898783
2.403976502392,0.7975707596634333
2.40497979381,0.8029892708923707
2.405990794023,0.7994112593480263
2.406994998238,0.8023975895038563
2.407999923052,0.8008136535281518
2.409002350329,0.7980480284085372
2.410005055066,0.8050197659336895
2.411018297417,0.7957800369714716
2.412018733128,0.8050276336111568
2.413025924202,0.808542286889703
2.414036127952,0.8015236842654756
2.415042855815,0.7927429079064485
2.416042867398,0.7957876350024176
2.417048908391,0.7945754956861932
2.418053725078,0.797107480436322
2.419058343758,0.8063924300061793
2.420068123143,0.8075863657322461
2.42107502334,0.7784402924718461
2.422046911984,0.8061190912162507
2.423061059773,0.7976994512660818
2.424071836477,0.5607983888227831
2.424784390668,0.566513263701087
2.425503516929,0.617464014885326
2.426284498605,0.7998637890568333
2.427293039574,0.8035000512179454
2.428306424503,0.713789186588601
2.429207828642,0.6816721003558094
2.430068900878,0.7154428296865128
2.430971970274,0.7260640727401133
2.431888184975,0.6650973442771994
2.432728862017,0.7565520942527034
2.433687143643,0.6984186179982733
2.434574269219,0.7370386778031701
2.435513924754,0.6909262408327318
2.436396766214,0.690783005444802
2.437278886983,0.6566682596564137
2.438117409981,0.711258518785391
2.439026577972,0.7794797248606172
2.440023074168,0.6947212998920202
2.440911810641,0.7888178504308935
2.441921511651,0.7430910367316431
2.442872693435,0.6621004332940944
2.443719636979,0.6679319663707667
2.444572243899,0.6473227466716993
2.445396354856,0.7864532800087061
2.446396757122,0.7579541129069682
2.447363556949,0.6695405190216723
2.448220020949,0.7584765230368927
2.449190382419,0.6331060677309284
2.450000226196,0.6859983006988116
2.450879462172,0.6873311488402205
2.451762417729,0.6448336264544654
2.4525912742,0.6006392742270189
2.453363078546,0.6784660757193227
2.454232941908,0.6179120026969984
2.455023664329,0.6407952466284975
2.455845141047,0.77002955544646
2.456833700046,0.6960625120569579
2.457727839739,0.6573248693934177
2.458573549453,0.6213859039497405
2.459372993094,0.7635341908670675
2.460353671402,0.6640521458546129
2.461203441226,0.6558368388902381
2.462040439402,0.33989017772883573
2.46247451137,0.6405085630752719
2.463293260315,0.6558848584905751
2.464132969157,0.7292828988384091
2.465070266803,0.6588770245744284
2.465920167427,0.6710922368951258
2.466785250483,0.6758713697585186
2.467654608392,0.6437049940026038
2.468482384168,0.6424925173685161
2.469308870276,0.649703864783519
2.470144817391,0.6953735549096556
2.471039730443,0.7015502348337854
2.471942918051,0.7242662271193341
2.472875018793,0.6544943096456421
2.473717401141,0.5716287326269698
2.474453872657,0.6663338168708869
2.475312063867,0.7765426168509645
2.476309701405,0.6314109011368844
2.477121730458,0.6491630902426295
2.477959909989,0.7773606665224722
2.478963011262,0.5909347615361981
2.479725335013,0.6759168356223215
2.480598073938,0.7776038162462161
2.481602144215,0.6356031607172595
2.482423779689,0.5771665052064634
2.483170608394,0.6768869162914894
2.484046078668,0.7435340098584765
2.485008322525,0.6040220281328675
2.485792336833,0.6019740024569024
2.48657496486,0.5667374910828514
2.487311396638,0.6557380632277846
2.488162699765,0.7111538090683834
2.489087850746,0.6632687832016169
2.489955657372,0.6824445609447332
2.490852586657,0.6583332906107203
2.491717422425,0.6898941612051881
2.492621727117,0.641767719571158
2.49346253574,0.6445402382102206
2.494306221243,0.48653835537614126
2.494942335707,0.7219772177822105
2.495886288953,0.6851224999293868
2.496782426929,0.6461633816120619
2.497627846208,0.7571759327706646
2.498617413213,0.7455281309109494
2.499590150293,0.6438453404712142
2.500429650686,0.6060432662798733
2.501220045612,0.7254654940019787
2.502164389028,0.7240528574511462
2.503104743312,0.6724037651493531
2.503978499662,0.7024815090350441
2.504892766822,0.6725087711348944
2.505770455873,0.575814354032349
2.506523707607,0.583049466379336
2.507286302023,0.653713832799773
2.508138498676,0.7043885853158774
2.509054165654,0.6542621028926716
2.509905682066,0.649263551758343
2.510753324283,0.6406609222118134
2.511591293728,0.5880851675499827
2.512360618506,0.7748464937596988
2.513373215955,0.7663822046066244
2.514374456608,0.6143113978450766
2.515177805626,0.6718875312783146
2.516055906255,0.7313353342162925
2.517009506874,0.6467632557207124
2.517852688579,0.7104431871063418
2.51877935189,0.6245182223002005
2.519593611619,0.6085101893637317
2.520386669132,0.657868492814439
2.521243704236,0.6078679763616242
2.522035437832,0.6344744898966099
2.522860669744,0.7276255766065347
2.523806457534,0.7182301271124318
2.524742807587,0.6172370344703872
2.525549954157,0.6339216676377413
2.526379948133,0.5712725252280447
2.527127437387,0.6479498845099321
2.527972616861,0.6416350862499358
2.528807668733,0.6191101233549213
2.529613153751,0.6743321672948389
2.530493186724,0.5695523580168426
2.531240730202,0.6473266525882363
2.532092924266,0.5507894020810834
2.532816840969,0.586026817646811
2.533585289557,0.7148242662696086
2.534522113451,0.6699308362001153
2.535404021394,0.6576473660102007
2.536275160649,0.6587784025388859
2.537148764713,0.6602372324381753
2.538022682368,0.6455250698994522
2.538876132247,0.6393168120361787
2.539722110071,0.6849902528873647
2.540627767187,0.6177437301572754
2.541443851619,0.6107633557366482
2.54225229241,0.6401930937730915
2.543100406171,0.645643597523481
2.543954274467,0.5895846162096312
2.544733565262,0.6183197502782295
2.545550752325,0.76175514913245
2.546556224823,0.728289981305228
2.547518399275,0.644297852966083
2.548371057668,0.6525151448319184
2.549235148693,0.6827479591593286
2.550138224531,0.7276055767442431
2.551099307437,0.6957858178676887
2.552019286953,0.653688015699252
2.552884343305,0.621344217699652
2.553704877599,0.6829373191292757
2.554603137947,0.6230625616014749
2.555419592824,0.6737948651986451
2.556301906748,0.6369387362905581
2.557137572923,0.6606056739955702
2.558006196062,0.656201860068392
2.558870499932,0.4540477495621277
2.559469379654,0.656636309905492
2.560335981554,0.6119491775934791
2.561143243281,0.6824608840704384
2.562042922564,0.6520765367325175
2.562901495256,0.6557714376023903
2.56376451711,0.5681051854462978
2.564512347214,0.5810379705875683
2.565277571996,0.6360479355317894
2.56611603542,0.5879215619203356
2.566894305014,0.6074788616997157
2.567702024111,0.6229989974907818
2.568531573862,0.5656754866705036
2.569287338474,0.663864570403659
2.570176513991,0.6817933903494517
2.571089332099,0.7003465146513468
2.572025647204,0.7056455001229256
2.572968374995,0.6145432759312691
2.573789442078,0.6210486532274343
2.574617866235,0.5982378492305599
2.575413002404,0.7227175605163441
2.576371535593,0.7522667364103269
2.577370785394,0.6622206334163622
2.578251584657,0.679826228670088
2.579153631227,0.6608593234800398
2.58002820873,0.688373604553368
2.580938192402,0.760796299180675
2.581944732081,0.7392861369213118
2.582927026412,0.6538538621441566
2.583798174815,0.5831388541435613
2.584574016345,0.6774857578170603
2.585471561259,0.6150453775601882
2.586285232487,0.5559819184378058
2.587021871961,0.6484241753411621
2.587881276905,0.6878339973032713
2.588793774636,0.6576650536863771
2.58966824467,0.6556190781794902
2.590541597712,0.6684851018249044
2.591432500731,0.6351388911076248
2.592279340521,0.5755061670506364
2.59304790642,0.6381439229331014
2.593901056529,0.4313589996272134
2.594477192874,0.7481175953544539
2.595479166554,0.6665420355128808
2.596377598382,0.6893453789669582
2.597309551182,0.7455932735424061
2.598315308634,0.6986293647728009
2.599254106881,0.5979165869807644
2.600054514879,0.6438911015945746
2.600912153582,0.6096392911522961
2.601720954741,0.6538080141029033
2.602588501359,0.5804569711988438
2.603361723409,0.7092585594064134
2.604309628447,0.6271215455155945
2.605149827808,0.6141033913837493
2.605973922223,0.6400124113203036
2.606830310745,0.7345729701509628
2.607811166695,0.7576258482048771
2.608825648201,0.7271742583254773
2.609801748695,0.6169007606107851
2.610629464162,0.6280204200825124
2.61147139536,0.6740391743776689
2.612372460774,0.6948932121499377
2.613298309805,0.6856559000175912
2.614212005319,0.6660903432029646
2.615101247388,0.697285423533739
2.616034334806,0.737148813283387
2.617021369298,0.6932310317511367
2.617949271321,0.6544621150266149
2.618824730357,0.5769810772289297
2.619594381221,0.6783874782988082
2.62049717303,0.6897274528204845
2.621414737325,0.72959407162688
2.622389245038,0.728238019369497
2.623367028869,0.6484460971936399
2.624238273813,0.6148398994850166
2.625062412393,0.6488443137813116
2.625927291721,0.629896454534514
2.626764630009,0.6630665498605144
2.627648570132,0.6882190457206785
2.628567399637,0.7054247497894153
2.629512530758,0.5487658749507107
2.63025172845,0.6619858981207751
2.631145143218,0.7002962741213772
2.632090576318,0.6444308570339325
2.63295705964,0.6691936913352667
2.633852332508,0.6131902921795677
2.634671663701,0.7201259090956884
2.635635422778,0.628103019980095
2.636479261745,0.7319315158684474
2.637466596215,0.7449793277166611
2.638472638867,0.722380420902978
2.639446272595,0.6303949410420889
2.640294715418,0.6166581148317207
2.641122088906,0.6049262105581333
2.641929944613,0.7055721891546611
2.642872076339,0.6389665015769618
2.643728797289,0.6260046078052699
2.644571028,0.6222931551673377
2.645409082494,0.7134981614559819
2.646367556976,0.6755068937076772
2.647272472283,0.6598074772979854
2.648156709672,0.6899305686616916
2.649083534281,0.7027323244321457
2.65003070152,0.7223862594077868
2.651006611178,0.6225008327935198
2.651846683256,0.6787920516617039
2.652760957713,0.6996607075733621
2.653703239153,0.6657046038267024
2.654602162928,0.6768103280287663
2.655517062225,0.6154064506570799
2.656348444391,0.6465571768090531
2.657222429678,0.7216828083317512
2.658196346179,0.6701307330457895
2.659100512917,0.6759578960816003
2.660014308052,0.6854351793157747
2.660941104948,0.746084185883733
2.661948241026,0.6700184670783036
2.662850983419,0.5985597593980455
2.663656390307,0.5311892579723666
2.664370842251,0.6451939565640267
2.665240474776,0.6978151745082916
2.666184536656,0.6325836623757358
2.667043026312,0.6492590415674606
2.667924782581,0.6823594401305365
2.668849360896,0.6040536420407538
2.669665579444,0.6226465466662154
2.670505219716,0.6465846519677538
2.671377014623,0.6656576597834157
2.672278504248,0.680858579845735
2.673206630237,0.6710435614110366
2.674124250438,0.732194959582014
2.675125101301,0.6197609534235133
2.675971276883,0.6476186196982509
2.676853845823,0.6847805576972208
2.677784962626,0.6414331393194228
2.678657416944,0.6444663109890878
2.679535279202,0.6538844352712622
2.680425414776,0.6486629077393979
2.681307741366,0.7260402217682349
2.682295376409,0.6681067695873705
2.683204959181,0.6478357889998393
2.684087526378,0.7358542503557293
2.685088978776,0.6432071338690362
2.685964112523,0.6467268683249744
2.686844937495,0.6809312367343567
2.687771994359,0.7106758767734871
2.688739578761,0.7305886249698519
2.689733806632,0.7127993873225271
2.690703999451,0.6357625858318983
2.691570680665,0.6771081424640154
2.692493863359,0.736088072662101
2.693496112928,0.7364959217482924
2.69449899133,0.678359601137761
2.695423220233,0.6374926070744927
2.696290932714,0.48866249690806857
2.696955217902,0.6173441849759186
2.697792166705,0.6214015743613932
2.698632294474,0.6176857257271658
2.699468404938,0.6443809226051848
2.700344841055,0.6875387079393466
2.701284458691,0.666506748674723
2.702197763224,0.6830829845223014
2.703135306161,0.6898751493837673
2.704084003119,0.702968065430965
2.705051387396,0.6151120456886379
2.705899810653,0.7175946130262498
2.706892828506,0.6104945073937584
2.707737314854,0.6053534271860816
2.708572372686,0.6063470581495677
2.70940710501,0.636324371266911
2.710283202051,0.6732276193288169
2.711211187158,0.7261768312101192
2.712212558677,0.6807375646493161
2.713151757667,0.720009961803115
2.714144362664,0.7297875561679275
2.715149717289,0.6684378515939804
2.716071324745,0.6720726965653155
2.71699823983,0.6423493564991692
2.717881635863,0.6801857692163972
2.71881348959,0.6631513863417082
2.719721312427,0.7335225571713095
2.72072700204,0.7327209938116743
2.721732797671,0.693876392895432
2.72268590417,0.7373007335926738
2.723698759546,0.7125297466830716
2.7246769054,0.638291170177211
2.725552251594,0.6230239900582715
2.726405847167,0.6291210659343641
2.727267290755,0.669731472535256
2.728185811031,0.6786343692228588
2.729120952169,0.637696305049281
2.730002031613,0.629184616850347
2.730870124254,0.7292998141872725
2.731875922848,0.7292685202008553
2.732884186256,0.6427438817044001
2.733775012575,0.16461195369183207
2.734003287869,0.6868878635083685
2.734953017146,0.6960432400174328
2.735915184489,0.6369097746469206
2.736798075362,0.6679940633300235
2.73772360558,0.7061460759542726
2.738699316612,0.673931960881139
2.739631121149,0.5155514488281311
2.740346738312,0.6232331249614662
2.741212130515,0.6728212627853691
2.742144203389,0.6359483294372736
2.743029240831,0.6766943519695567
2.743976783591,0.6689097086163784
2.744912808504,0.7023118992543756
2.745894881015,0.7167526978776265
2.746897266438,0.6989219261178664
2.747873233491,0.6372083533458173
2.748759897992,0.6495922750255826
2.749660286556,0.7132173950711177
2.750646878659,0.725639241350652
2.751653503322,0.6553739379201144
2.752565705708,0.7201059830862337
2.753568995056,0.6584244049627815
2.754486007074,0.6982851981506351
2.755455576691,0.6349219744107826
2.756334829834,0.7237742988178629
2.757336500699,0.6129717445015952
2.758185293642,0.6292708219780595
2.759057086753,0.6576449275149963
2.759966276558,0.6329108688352663
2.760838344071,0.7017114267203918
2.761806110989,0.7221741834745378
2.762807577658,0.7073519629275834
2.763794029178,0.7017595973604885
2.764774581943,0.7090832501829215
2.765767080727,0.6609646000176427
2.766694009365,0.6943043023733619
2.767666161121,0.6715556773564224
2.768602903452,0.6982217164543812
2.769574174085,0.6939964749100019
2.770538275758,0.7224414497498364
2.771540670804,0.7061913893115762
2.772521190051,0.6511508697054279
2.773426424803,0.7216781750350144
2.774429940065,0.7295414687278268
2.775444290532,0.19266411472682998
2.775712004077,0.6981386564356412
2.776681698766,0.5804889408905233
2.777487550594,0.6428619243468644
2.778377439425,0.6776018797256002
2.779311149485,0.722406623104365
2.780308038398,0.6515658201799222
2.781212400314,0.658386186523404
2.782127996334,0.6072021522084374
2.78297218517,0.7183695942650462
2.783971314451,0.7023766182871668
2.784950675443,0.7014524418367037
2.785932746083,0.5726923144488204
2.786736912634,0.6903629866233201
2.787706266717,0.6431624414396799
2.788609428678,0.7126803972758737
2.789613538379,0.7087828766257904
2.790615423747,0.7168509054375145
2.791630501198,0.711200776729044
2.792638318836,0.7082674105611435
2.793641341528,0.5744294707515128
2.794452833175,0.5722234390692544
2.795257558402,0.6374530029597916
2.796148056929,0.6692801257729217
2.797079741519,0.6369855438816002
2.797969613491,0.6963291433127731
2.798946131738,0.6605445459711571
2.799874209713,0.6832100637612788
2.800834613101,0.6148381113296494
2.801697552876,0.6991096413628588
2.802679482896,0.7144267630984117
2.803684970119,0.6436550034772308
2.804589516855,0.6708473230492181
2.805530758748,0.6595106491257164
2.806455704597,0.7122103593011202
2.807455949741,0.7131518195189217
2.808461371904,0.6215966054986043
2.809339372341,0.6143864456088906
2.810207058729,0.6098534033546998
2.811067204902,0.6193151915011693
2.811937775715,0.6681633556339337
2.812876801036,0.6435724044387295
2.813784342565,0.6526350655402564
2.814706871415,0.6036541518469378
2.815560319812,0.6807796641955899
2.816522736157,0.022998239007111336
2.816555271297,0.7133991669927919
2.817563655747,0.7064460107273721
2.818563776418,0.7042214822448254
2.819562473156,0.710698742321188
2.820567778408,0.5856290975838676
2.821394238045,0.6402676300243012
2.822296094733,0.6669063183819417
2.823231516407,0.6691538952348823
2.82416880411,0.7056644942112434
2.825160725452,0.657128015156031
2.826088063019,0.6336421444567253
2.826984942601,0.538834624472258
2.82774866159,0.5863666570377546
2.828578805597,0.6990967039915448
2.82956609519,0.636258467739292
2.83046763657,0.6388813593045735
2.831378300686,0.7016541474349955
2.832379802,0.6569194342718816
2.833315395635,0.7089815221770847
2.834320951384,0.7058007124590003
2.835321265305,0.6040879964695154
2.836177448027,0.6722024702045795
2.837126927886,0.6849272286105192
2.838092195262,0.638056171858651
2.838992725181,0.66773886843917
2.839937168179,0.574119659078627
2.84074999895,0.6761289640800309
2.841709005779,0.7040345867362147
2.842711011846,0.6556793500353232
2.843645676601,0.6798983541603538
2.844612749962,0.7099627519124003
2.845622451611,0.7066507930083196
2.846629427676,0.699127568190334
2.847625526301,0.6132412875760227
2.848495801412,0.6026917413430324
2.849346837763,0.7120783086519799
2.850350242527,0.7129764126639213
2.851358417187,0.693858714803105
2.852344976116,0.6946956215828248
2.853334306477,0.6603478452991176
2.854274070087,0.6765390606869864
2.85523526825,0.6749396141530706
2.85619466033,0.5677747483780103
2.857002679803,0.41774187188007267
2.857596143317,0.7009248425271939
2.858592148727,0.7017273047133534
2.859594318346,0.7040521996982032
2.860604056323,0.6185909726951608
2.86149126982,0.6420036791974303
2.862409122649,0.6807607678499059
2.863378389903,0.6415380786463346
2.86429011799,0.6666238305346511
2.865238948006,0.6749663392162519
2.866202069111,0.6980578996624092
2.867203081286,0.7007815614893915
2.868211946,0.6986815328577239
2.869216873867,0.6999441849966703
2.870223359356,0.7000208705378663
2.871228824682,0.6979400703005822
2.872227380594,0.704548820961052
2.873230426538,0.7044155603312221
2.874231129915,0.6084280518447536
2.875097640825,0.7028393575020317
2.876099968158,0.6521182600469733
2.877028960821,0.702236193546557
2.878029813584,0.7018456625737891
2.879032805315,0.6196573587023751
2.879920810098,0.6847763329787311
2.880902510844,0.7004885483244838
2.881907429348,0.6386405587917722
2.882826970637,0.6458993398650119
2.883758281848,0.6597198668019216
2.884707021139,0.6304263858231341
2.885610891312,0.6618143748907375
2.886560138864,0.6655888330989286
2.88751632335,0.6328707571396532
2.888424247871,0.6547719882036492
2.889362939181,0.7026773259297516
2.890372868279,0.6939731233332725
2.891376572277,0.6317492911974494
2.89229294803,0.6923444380961244
2.893295568496,0.6929307655375438
2.89429873003,0.6610829491801912
2.895252782589,0.6993961412284976
2.896258624,0.7044424096501535
2.897273028061,0.3308508356309187
2.897750327355,0.6947088056574287
2.898753126755,0.6474612545652092
2.899687684925,0.6475970332593157
2.900620583917,0.7054826864462438
2.901634080574,0.6093813900547583
2.902506706834,0.5653401091079533
2.903314913983,0.6316077304441073
2.904215842073,0.6951383181022708
2.905205529866,0.6892531097653244
2.906193696412,0.6084036678479501
2.907073139762,0.6934678033648737
2.908077784466,0.6473831261309073
2.909015043975,0.6342427410693343
2.909931075637,0.6812854906658403
2.910915905284,0.6164899449936402
2.911808780822,0.601144883796848
2.912679124493,0.6686995032987438
2.913646196771,0.6338307312156081
2.914567075935,0.6282637526652727
2.915485672853,0.6621624032976438
2.916454926659,0.685256774105043
2.91746062066,0.6857369973122104
2.918469467945,0.6814172098967539
2.919471550098,0.6795658772947695
2.920470384873,0.6863548509547833
2.921476879962,0.6886814652218737
2.922482463549,0.6258421878240982
2.923392556629,0.693716024882399
2.924398599504,0.6914770775923955
2.925400161087,0.6455697731248863
2.92633382761,0.5682402592171609
2.927152713716,0.6668350955525044
2.92810968705,0.6579843396849911
2.929053427747,0.5592419926718841
2.929857849915,0.5680245554242449
2.930676987599,0.6961476964736485
2.931683388059,0.5942830061339566
2.932548787634,0.6583648237451405
2.933513912555,0.6296511189072758
2.934437337431,0.6646456123687605
2.935410555199,0.6612088203273913
2.936379175194,0.36273878061462306
2.93691190644,0.6451154185067937
2.937861435664,0.6878498638438217
2.938874078742,0.6595091613342605
2.939844680748,0.6455792631827915
2.940795423736,0.6293087627328668
2.941721506218,0.5877502379931973
2.942584940401,0.6477340017169874
2.943534668932,0.6925619011703716
2.944549619347,0.6317092141294635
2.94548131417,0.6760315085329253
2.946483482034,0.6413144486728058
2.94743123569,0.6707963780991781
2.948420204878,0.6846756707414681
2.949428142849,0.6849146923179872
2.950438568087,0.6786489093678463
2.951444168899,0.6802044580981396
2.952449000139,0.688620479600024
2.953461004897,0.6815287513127005
2.954461812529,0.6817983917215152
2.955465147598,0.6702080813725839
2.956449962551,0.6334510165361155
2.957378314628,0.6428000885435987
2.958317185961,0.6992935576699914
2.95933725622,0.68344344084264
2.960339516635,0.6791077833862901
2.961338330381,0.6825432304824239
2.962341551178,0.5777295760665949
2.963191605725,0.6157178573769336
2.96409811097,0.6172724951025674
2.965003142503,0.5841146617276511
2.96585834186,0.6113791220981178
2.966755979078,0.6867781170166475
2.967766932956,0.6783139694030736
2.968771008053,0.6766752906522933
2.969779076998,0.6710291030628697
2.970780799138,0.6752569684787418
2.971787237684,0.6455470540374865
2.972745656221,0.6717212983797834
2.973741365262,0.676037257670974
2.974745305337,0.6308577888632296
2.975680239352,0.6804603198195937
2.976684763148,0.6559570195768891
2.977654910843,0.6754717334773741
2.978658339765,0.6753770716130378
2.979661299872,0.637773191273474
2.980603964925,0.6748722975512734
2.981595235459,0.6853172548783796
2.982597425474,0.6859074906069824
2.983601900123,0.681409722064805
2.984604476519,0.6421968443937432
2.985551018422,0.6225575443336353
2.986468232345,0.6824620444967566
2.987471210679,0.68659361667883
2.988479071977,0.6821531393226767
2.989485523823,0.6818690585369257
2.990496835777,0.6571587008619179
2.991473545408,0.6497382139990838
2.992437601777,0.6247467646255741
2.99336307022,0.6624410940651745
2.994343344147,0.6467214558254151
2.995299175847,0.6630098340382997
2.996280981603,0.6803067103810314
2.997291980008,0.6407927574621627
2.998248047085,0.6716457510760618
2.999251281155,0.6704068114131713
3.000252014465,0.6752674882260071
3.001259392859,0.6762871414395026
3.002266604681,0.6794206755751463
3.003275246238,0.677739637685516
3.004279112813,0.6422873235904325
3.005231378235,0.667036798015004
3.006220652839,0.6747376072366156
3.007221165296,0.6782436888119033
3.00822825612,0.617225518155326
3.009145276238,0.6120086583942125
3.010053737078,0.5925995977973009
3.010933574627,0.5156700630499603
3.011700859532,0.5469021373617179
3.012517698493,0.5939024730130871
3.013408031308,0.12358274696277102
3.013593549441,0.5995020870598928
3.014493847552,0.6309938481680538
3.015442443932,0.6639779211470621
3.01644440037,0.6302622947045987
3.017397942041,0.6673788549631876
3.018407065743,0.6054008030343857
3.019319832075,0.668152637391391
3.02032176332,0.5648252020829013
3.021167121095,0.6292661200819677
3.022110260481,0.6717117217507684
3.023115408274,0.5918742935604143
3.023999133706,0.6290815636355717
3.024938012482,0.5770816508542699
3.025800324235,0.630333366464713
3.026745471052,0.6468302941453403
3.027721103998,0.6154659565660977
3.028656518811,0.6602276417820127
3.029661712523,0.6617542596619169
3.030667613444,0.6608351879674496
3.031670399289,0.5930970533249122
3.032567956814,0.6008342160402925
3.033474552455,0.6254751990085137
3.034414118208,0.6677581791597413
3.035415939218,0.6094554434331831
3.036332263493,0.6650432320044594
3.037332612116,0.6641042631961653
3.038333598606,0.6603682184856368
3.039333933757,0.6346283271728573
3.040298316209,0.660115645236753
3.041302964184,0.6549358042370057
3.042301008903,0.6653794463618307
3.043316631754,0.6635874339840097
3.04432822261,0.6645533539334525
3.045336456366,0.6648288072771982
3.046342428947,0.6698214262747288
3.047357050441,0.6610504726989604
3.048359048193,0.6070983979041731
3.049276841062,0.5620823726091412
3.050124063739,0.5843745992881427
3.051001405519,0.6595129875548994
3.05198698626,0.6657778810446676
3.052987210413,0.6313134673004944
3.053944307761,0.6287219614252324
3.054899809076,0.1226127073508286
3.055086175403,0.6593673892015453
3.056087072606,0.6239436016289399
3.057032505911,0.648352135832369
3.05801305373,0.6140766718116226
3.058942345466,0.5970250858759499
3.059850200114,0.5765067718126069
3.060729627108,0.6679692509233031
3.061745718423,0.6578662779799502
3.062745887413,0.6556665256419046
3.063747169721,0.6566943981604003
3.064752190204,0.6035220344900212
3.065676278,0.6120086590631195
3.066611337598,0.6339978479237683
3.067576625737,0.656291656576385
3.068576744718,0.6588504657011705
3.069583633435,0.6539210601322273
3.070585655565,0.5915023477814604
3.071494582343,0.6309480806359952
3.072461229252,0.6347994834585418
3.073427552444,0.5411638243394827
3.074250389876,0.5839060047699374
3.075137236853,0.6444255665058918
3.076114345636,0.6649989175912845
3.077125054422,0.6552587529973994
3.078125075741,0.6568616048737144
3.079130210719,0.6584129600214007
3.080139679298,0.6260308316177794
3.081101177085,0.6577292818626189
3.082105985581,0.6581586512066354
3.083107880829,0.6618481303056686
3.084119664028,0.591409369745052
3.085025698969,0.5853599331612352
3.085921679984,0.6095402869801283
3.086851597089,0.6540682870223927
3.087853022123,0.6352362082178923
3.088832612749,0.6544976537258929
3.089842567053,0.653244175767079
3.090849628935,0.6549226059718768
3.091855832363,0.6583352335002003
3.092862929151,0.6567375438192291
3.093866051511,0.658854068462551
3.094875116117,0.5791372737628296
3.095766466809,0.6505762005417723
3.096770056925,0.6516138207547297
3.097773843399,0.654042901810328
3.098780631159,0.6036172948870469
3.099707188763,0.6601312126857749
3.100713663617,0.6598499549869457
3.101716480621,0.6625914888730002
3.102724964039,0.6643641489043162
3.10373712263,0.6616526972863435
3.104745799829,0.6557729710347341
3.105746830532,0.6343991448875238
3.106714312422,0.6586724899457715
3.107720314423,0.6282578915414412
3.108681528053,0.6389793785970308
3.10965815481,0.6604042852303803
3.110669281824,0.6561225342899445
3.111672909848,0.6614585820880872
3.112682894491,0.6580804865945816
3.113687727016,0.6609583848073473
3.114694230032,0.12451727262594814
3.114883464495,0.6504649593251691
3.115871422032,0.6232446238941368
3.116819871355,0.5412040463641685
3.117646324042,0.6590533711814062
3.118653831246,0.6596529994511308
3.119658080681,0.6217955344187344
3.120601212319,0.6314011631147728
3.121561775606,0.6555024810185841
3.122563286119,0.6554039663559605
3.123568441485,0.6429397764154192
3.124561657033,0.6519573180841105
3.125574805767,0.29185184880871357
3.126027887347,0.3638290216957527
3.126591778608,0.41448197559121674
3.127234364549,0.5115118603535842
3.128026021814,0.5429914425703193
3.128862851253,0.5273952813053602
3.129672543462,0.46551154149951596
3.130386503695,0.49791905447877105
3.131151005806,0.5126973582213126
3.131939718304,0.5001975387439748
3.132710445403,0.46465773823653506
3.133426555896,0.5178996759271346
3.134225472423,0.5263737953442099
3.135039705018,0.49094959593256565
3.135800855539,0.4918006228343791
3.136563565294,0.4725019861281722
3.13729545017,0.4749934741959013
3.138029559558,0.5490979296753434
3.138876244601,0.479872019231359
3.139613917415,0.4806764011501373
3.1403503075,0.4751887238184248
3.141076855295,0.4787480448897202
3.141808466003,0.46306467137025387
3.142516840539,0.47784635507107226
3.143249791477,0.5080686822584941
3.144033174915,0.4730139887551903
3.144767477294,0.47463040362291126
3.145508088376,0.4764921743792127
3.146253352592,0.5307842054312069
3.147084407843,0.435693690771148
3.147766946519,0.47289487198046093
3.14850863986,0.4991013392997577
3.149292896484,0.5168818709712829
3.150107310086,0.5096603456623883
3.150911660516,0.46104166762513266
3.151638240992,0.4943444620016867
3.152415366988,0.5129797534440882
3.1532193398,0.5030413797515866
3.154007244916,0.5233095913190203
3.154827216487,0.5138037836130165
3.155630970565,0.5993058952384906
3.156568466528,0.5785642178367935
3.157475243703,0.5528060472040485
3.158342804375,0.5033307623929151
3.159132220402,0.4825934939732568
3.159887204611,0.4631821431281725
3.160610554569,0.47531730877208106
3.161352512591,0.41939959586957287
3.162006586015,0.48003162856992737
3.162754820514,0.46620594974792445
3.16348275481,0.48324185475456005
3.164238398922,0.45640537792445324
3.164952313114,0.5525695470717644
3.165816402107,0.49908502935487264
3.166596468844,0.4597829019280299
3.167315644375,0.483233808062134
3.168072217968,0.4356401659890859
3.168754276701,0.5097730257877979
3.169553444173,0.4872088678503499
3.170319732806,0.49956742356412454
3.171106939222,0.44704825097919826
3.171811634041,0.38771105528217126
3.172423233358,0.44307968444222434
3.17312207393,0.36564814540038504
3.173698236927,0.46686826213182947
3.174434544844,0.363836720480801
3.175008942513,0.4392149549858557
3.175702527501,0.4595617292813832
3.176429521191,0.47832770040679795
3.177187522083,0.5068248744135235
3.177990375407,0.4750502510005893
3.178741212557,0.5446932431041881
3.179603424782,0.5108964103084673
3.180415916407,0.5253895022452898
3.181251379649,0.5942438554039713
3.182193792256,0.5222415213408876
3.183021426243,0.47686785187349934
3.183777467314,0.46550891595026517
3.184514688722,0.5013451066023041
3.185306312883,0.41161270215305346
3.185955748165,0.5217648455156759
3.186780200442,0.4701877700031417
3.187523862223,0.5214801513351228
3.188347882002,0.49994786093726334
3.18913671012,0.48384493839778364
3.189900831397,0.4860742690682067
3.190669802849,0.5331467410793578
3.191511478598,0.37765692384742494
3.192105786715,0.3807040943889838
3.192704204711,0.47527261519862796
3.193449742052,0.465944872717349
3.194178661527,0.4603813662120157
3.194897063507,0.4788592563977595
3.195643005232,0.48034771808791643
3.19639241664,0.47315436491993035
3.197134939254,0.47247738502805564
3.19788181514,0.5391050606494552
3.198738783915,0.5074884614014273
3.199547806011,0.4724516350830579
3.200301522737,0.4701652898227982
3.201051234167,0.3783770439672407
3.201654070258,0.3906497938855897
3.202275695864,0.47571710160711644
3.20303136493,0.5307053854832271
3.203874198045,0.5734188571180411
3.204788371037,0.504764138432237
3.205596994116,0.46511761247560096
3.206342050369,0.5093248818656767
3.207153965552,0.483610152973553
3.207921572017,0.5467338532887167
3.208789986048,0.44334229425958466
3.209495427512,0.5276483592022585
3.210333961451,0.50671751815922
3.211137348305,0.4326507524241872
3.211821768232,0.46796754555075437
3.212560863203,0.44474340676063445
3.213262418331,0.39281816601453967
3.213880336808,0.48007139857465453
3.214631913945,0.47800847082656145
3.215378949788,0.5235245750164574
3.216200195861,0.5042336878178505
3.21699529621,0.5130715100074856
3.217806578053,0.4550237733314778
3.218526724268,0.4988108391390842
3.21931773455,0.5036610405009796
3.220119105231,0.5282160338769338
3.220963419905,0.5196510127554764
3.221796492235,0.511635167246691
3.22261691572,0.5151401385440963
3.22344267731,0.18648416081194807
3.223741345839,0.5385134460683975
3.224603052185,0.5284996508548985
3.225449443187,0.5555930428863599
3.226340048016,0.5205725636577397
3.227173308503,0.5101704393234476
3.227987775457,0.5115515658443901
3.228802813722,0.4818047337913445
3.229570011756,0.28841390331905514
3.23002900018,0.3859357362285992
3.230643360883,0.5452729291856345
3.231512491669,0.5672016611939027
3.232415451158,0.5516280807640556
3.233290710833,0.5020750187798577
3.234085522716,0.49563022341347995
3.234869346517,0.5166581276067025
3.235686237377,0.4292208722958976
3.236364227656,0.4802561523692077
3.237124275001,0.5076463943097085
3.237931199162,0.5099788003615168
3.238743396835,0.5019933193548077
3.239542754651,0.4991703586461031
3.240337078996,0.5260117990531116
3.241173673829,0.42197962454774635
3.241845850279,0.4930236338524371
3.24263413921,0.5048164554546316
3.243442269328,0.49673616642614293
3.244235563828,0.4955576682023211
3.245025274402,0.477007513037123
3.24578618711,0.47825121422973027
3.246550340409,0.5016674487195789
3.247353103933,0.544223677307339
3.248227951632,0.3776227575240693
3.24883787261,0.4908091796428579
3.249632928094,0.5111945537352736
3.250461679566,0.5221097174226929
3.251305268039,0.5304196617551904
3.252158535181,0.5122242826598541
3.252980783293,0.52845304360196
3.253828507,0.14769599061650995
3.254065244453,0.5340176583356679
3.254920307064,0.23416482392414142
3.255295483223,0.3496857253510411
3.255857171337,0.45589962716622795
3.256591580257,0.5390358040968884
3.257461111086,0.5230468122801688
3.258303520935,0.3720725285651638
3.258901024432,0.4225407789844781
3.259578112634,0.4911270060746064
3.260365250272,0.5231994779489547
3.261210119669,0.42860249029024156
3.261908746208,0.5589574511360362
3.262823983365,0.5314614733436628
3.263696218203,0.5660674444930028
3.26462409628,0.5437959604042719
3.265511521817,0.5510243983438705
3.266407168754,0.3528667618071794
3.266978936311,0.2822140174740412
3.26743484079,0.4435482447651683
3.268149673753,0.532367966514384
3.269004502842,0.47569076673107413
3.269766699394,0.4719634625701372
3.270524375762,0.41811218964360997
3.271197357499,0.540615827036729
3.272067365918,0.5288077507518405
3.272917198908,0.39393899214434835
3.273550047927,0.525929073354092
3.27439589974,0.5735074486252157
3.275318306186,0.577706118131669
3.276245842271,0.4950170007846104
3.277040391125,0.4864179212717835
3.277821027082,0.5282255862746615
3.278667804,0.47967863910929603
3.27943693245,0.4859207523038648
3.28021861408,0.5288792292241895
3.281070555665,0.4741411774550956
3.281833777801,0.48586165932910746
3.282616076778,0.5111986605093443
3.283440559046,0.4895861760443182
3.284235109641,0.5890582899033631
3.285198935034,0.5305190360556848
3.286069070695,0.5202638885796455
3.286921126325,0.5338124986444079
3.287793927465,0.2631814152486288
3.288223582022,0.41561263139294174
3.288902452628,0.5324823610672412
3.28977232772,0.4884099041195388
3.290567722062,0.4168637378690789
3.291243545038,0.48827145031212493
3.29203190134,0.5293234291775737
3.292884186578,0.46343947460656465
3.293629658161,0.488647683715525
3.294417100227,0.4903552782153403
3.295209313431,0.5160435722713943
3.296045234252,0.3448885138187697
3.296606490379,0.4478771878653825
3.297338702652,0.5338422009788436
3.298211889438,0.5184731935786125
3.299057592127,0.5189675859623027
3.299902807119,0.5162970115324623
3.300743720294,0.5048602680857772
3.301567047716,0.49111078241141964
3.302369958621,0.49347050499418965
3.303178178222,0.4899861454803361
3.303982173797,0.5039919541002579
3.304812327715,0.5305738058574341
3.305689063243,0.34522127152886856
3.306259696667,0.39479232802992276
3.306912646336,0.44987258499219274
3.307657624299,0.4566558211512413
3.308412260609,0.5897805968784988
3.309382797062,0.5380282611094446
3.310266025975,0.5751570189432442
3.311209150206,0.5661532580667855
3.312137635359,0.4579383617893565
3.312889976509,0.5085781504019468
3.313725432657,0.5513685826294297
3.314632063058,0.4020111921509413
3.315295677461,0.5538543352193557
3.316212351669,0.5435629267015477
3.317111226577,0.003788792254594071
3.317117482899,0.5560986444744979
3.318034688486,0.5306246627294926
3.318909027343,0.5363629887151582
3.319792389118,0.49498968756044565
3.320606634736,0.5245961016250357
3.321467590846,0.51926939463599
3.322319672161,0.4103233207035187
3.322994829462,0.321804993197759
3.323524921367,0.3549438664207997
3.324109659951,0.42796060489803583
3.324813934039,0.43452206898687407
3.325526832349,0.5126293320830809
3.326364667062,0.40917609811740957
3.32703144953,0.40380385243347366
3.327689325135,0.4524814288992673
3.32842783118,0.4398619906600193
3.329146717298,0.4551421293863878
3.329892040123,0.5063964800785765
3.330723252717,0.5435570718073192
3.331615757317,0.5466143396324306
3.332513022932,0.5033947516291353
3.333339770319,0.4558456526129573
3.334088668763,0.43488500628270815
3.334802660172,0.45080527564727113
3.335543430894,0.4059750782794722
3.336213524924,0.5192380342541401
3.337074795962,0.4592040569741431
3.337838100894,0.5193401237243308
3.338701356766,0.4176744237202576
3.339394980138,0.4771122659906136
3.340186963108,0.5403004861102066
3.341083630272,0.5085430097643714
3.341925834811,0.48300072011214085
3.342723682409,0.4513781863054472
3.343468286777,0.4275205014045522
3.344173010933,0.5062558515388306
3.345009354014,0.518107367599993
3.345868189477,0.5196388199343661
3.346731238994,0.5103653933839581
3.347580343508,0.5073891131160635
3.3484251612,0.3856785072653145
3.349067990239,0.40893111105187074
3.349751236663,0.570639587088119
3.350706030922,0.5445242820153782
3.351615399804,0.504379701059658
3.352454689938,0.5097048543368777
3.353300851537,0.3639266066340736
3.353904876801,0.3505190042853325
3.354486260746,0.3964759580842258
3.355142512772,0.5181536481374512
3.355998648368,0.4372224171249369
3.356719794416,0.44885705823353195
3.357459566535,0.5182933982275066
3.358313809661,0.5144819714838423
3.35916106366,0.5142711855643585
3.36000840152,0.5117875797304033
3.360853348329,0.46700608984896
3.361625644581,0.3731973041631652
3.362243190713,0.38682080158172644
3.362882933285,0.41916342739263746
3.363576848003,0.521076612595034
3.364442841501,0.48400776387326944
3.365249673978,0.48285853885612673
3.366055596943,0.5127517352350945
3.366913402493,0.4525689701476859
3.367672529307,0.43298343508383463
3.36839986335,0.42541729874696466
3.369114498294,0.36292238746349803
3.36972270848,0.4442775443512165
3.370463776799,0.48774944184757024
3.371275966977,0.47768994290004485
3.372074770434,0.40212214067253865
3.372750379463,0.5108170279364097
3.373609902342,0.5116668772966039
3.374470696265,0.559334267005713
3.375410446063,0.5259992555357592
3.376293646438,0.5448918482484674
3.377209659127,0.4193273373057715
3.377915734555,0.31472544863495794
3.378446169136,0.33012457217946745
3.379001942971,0.47620157571194544
3.379801457286,0.510497984613065
3.380656856666,0.5237686621915627
3.381536318579,0.09292524514074582
3.381692795631,0.3998806790767788
3.382367122718,0.5813585127258192
3.3833488056,0.5247950905341026
3.384234096215,0.4953491607850422
3.385068444264,0.5044625085747152
3.385916591617,0.5471497801875537
3.386835190623,0.5658410883409548
3.387787379126,0.4433441549165367
3.388535273474,0.20663458712232494
3.38888375671,0.29276977947202
3.389376250791,0.3979196160884441
3.390044148763,0.49055765477673036
3.390867446481,0.5232052677170019
3.391745889117,0.5230248894877272
3.392625580405,0.49475186282542316
3.393460115974,0.5326207477728638
3.394358939297,0.5330667651975474
3.395256949778,0.5680041763560852
3.396212911544,0.5461967379373661
3.397131633567,0.2350525491480894
3.397526895706,0.36610273394648063
3.398143041501,0.3897854811735317
3.398799340104,0.39875416740908326
3.399470301719,0.5106591549128239
3.400326851179,0.5183070070195542
3.401192935549,0.4213702918248921
3.401896470947,0.38545936827189803
3.402541046158,0.40784187544100986
3.403223820051,0.4059449271592447
3.403905430815,0.5120742974571257
3.404771262597,0.516619399470315
3.405650269503,0.5321374272810133
3.406558969351,0.5275846467793641
3.40745976703,0.4964621885155571
3.408304480218,0.5298200709040644
3.409203705841,0.5235531754556885
3.410091082383,0.49558184000983135
3.410930558331,0.4982768486960613
3.411774227332,0.31125542923950195
3.412300835079,0.46316595667019167
3.413086070753,0.3601724755159616
3.413698061146,0.47698757218938437
3.414507754703,0.49584914098999266
3.415348566384,0.2666576840808262
3.415800495696,0.5543841462314376
3.416737262391,0.4917853207989571
3.41756652893,0.519725050386051
3.418443350183,0.48446924720160855
3.419262671385,0.4668779736807212
3.42005440362,0.4931617944316586
3.42089247938,0.5127633392725999
3.421766884655,0.49719385822204226
3.422616888533,0.541725971168136
3.423543133631,0.28578683940740834
3.424031477637,0.2881504387313602
3.424523516027,0.3783646803990941
3.425168381175,0.5139471789081846
3.426040065871,0.5038150852773016
3.426890317591,0.5204782981025278
3.427769385796,0.5301594351030791
3.428668646771,0.2829944695796745
3.4291501862,0.3582988557961762
3.429760267042,0.3989780169429948
3.430438499368,0.3872805181844686
3.431096211068,0.31064660212682293
3.431624492587,0.437571105018507
3.432370300594,0.5032555675714557
3.433229686457,0.44732069794834156
3.433993329829,0.5147120188894758
3.43487119515,0.48507262586419897
3.435699856366,0.5006185447590428
3.436557755131,0.4290537561192868
3.437293278096,0.5375283532267887
3.438213997584,0.5616290968665072
3.439177925547,0.47064570408083056
3.43998827585,0.5506584847553371
3.440937361151,0.409219040627743
3.441641870669,0.3475047919056026
3.442239554237,0.44392971869760234
3.443002963499,0.5281931593310907
3.443908845439,0.5193951487312224
3.444796718983,0.4341334389078897
3.445539438341,0.5707520574595799
3.446518541919,0.3405640104272177
3.447103396089,0.2714480556322175
3.447569071024,0.5609246958055968
3.448529670155,0.5274255928829804
3.449429697389,0.5064077453571633
3.450290866139,0.4624390957107948
3.451075379411,0.49660742253045786
3.451916833543,0.487574506721082
3.45274487893,0.44113663834953615
3.453496779792,0.4532173896066779
3.45427254468,0.494969515601285
3.455123730811,0.5225268936996199
3.456022234295,0.5283487526380731
3.456927616352,0.5522148508432327
3.457872593652,0.5848485552605837
3.458874974213,0.5034978402841653
3.459738655087,0.46566439363256495
3.460535702828,0.2232884629497743
3.460917004892,0.4463964955252423
3.461677843044,0.5453666538990588
3.462607742837,0.5111679007152956
3.46348039888,0.4924717226325596
3.464320783226,0.28789702456464006
3.464812149215,0.38883365332216185
3.465476401025,0.5374009097776079
3.466397089557,0.40359687489157325
3.46709020447,0.47560267788967997
3.467907877867,0.5138652987630503
3.468792604502,0.4976423671858882
3.469649897627,0.5675592539406233
3.470626794984,0.48618578156391634
3.471463188384,0.40603444903394365
3.472162514163,0.4559976809356317
3.472948338725,0.4701857051990475
3.473759422009,0.39316231442139216
3.474441338749,0.49119718574969656
3.475298182855,0.518370702482293
3.476203072068,0.5418004224750553
3.477148948257,0.5251397480270598
3.478065853163,0.5781914359941617
3.479075208896,0.5073796901525183
3.479961027811,0.5679341433616473
3.480951557022,0.5252023014617476
3.481865248493,0.209963974060684
3.482229589253,0.5061873372418872
3.483107368685,0.5527130076670748
3.48406448399,0.5121874479964101
3.484950635174,0.4173219304572255
3.48567376365,0.55263626019399
3.486631248218,0.5206962140720386
3.487530966837,0.5653435856440562
3.488505102712,0.5333451040946995
3.489422490659,0.4578750409010385
3.490210272155,0.4813891226147935
3.491038687607,0.4593073864298108
3.491827186084,0.5241412751924315
3.492725915853,0.5214586143126713
3.493624525448,0.45253932639036837
3.494408400764,0.5524028944963446
3.495367562046,0.3777809732986828
3.496024458025,0.39622428896455697
3.49671298749,0.5191035198612347
3.497612881324,0.5580789374849693
3.498580069727,0.45795116543713954
3.499375812463,0.5313053757243454
3.500299424812,0.5057665960570026
3.501177987067,0.5146877965097565
3.502072765173,0.5344828901013463
3.503002405004,0.49372136081692586
3.503860961905,0.46185104140358474
3.504663824194,0.3424578560763944
3.505258015646,0.5008132667825042
3.506127444446,0.505632115374868
3.507008622197,0.31493476653746266
3.507559001475,0.40326713249913493
3.508264310688,0.4954661706388756
3.509129684328,0.5609910467387806
3.510109162885,0.4961967854346912
3.510977598107,0.5230070803641701
3.511892364754,0.4545571984006672
3.512685225973,0.45405914732798963
3.513477274927,0.5023640953310106
3.514354851852,0.4657931245571697
3.51517000525,0.5316437764023813
3.516102364893,0.363652677124086
3.516740771331,0.4652878069093497
3.517557017755,0.46108693341613416
3.518364493143,0.459335928257785
3.519167720743,0.512157110720442
3.520064377575,0.4559295827856458
3.520863463059,0.5057871381441332
3.521748553729,0.5162523741205141
3.522651622684,0.5315887900534276
3.523583847788,0.42753249354224965
3.524335601405,0.5458866707785924
3.525295406957,0.5705978050264509
3.526300195738,0.5588170552660396
3.52728551092,0.44395740991252935
3.528065526001,0.4486535425950999
3.528850935848,0.5213621111760389
3.529761722058,0.4906290918539192
3.530620765666,0.50067339268048
3.53150016583,0.5416925900704139
3.532453334918,0.5386632095998724
3.533404214053,0.5420989170113804
3.534361108231,0.5228389825122458
3.535282380178,0.52600818653028
3.536206401832,0.5148520765186632
3.537108590895,0.513703994515675
3.538008717682,0.46622125117939534
3.538824062666,0.5229333395591798
3.539736722918,0.4879878291329306
3.540590102851,0.5427755717431547
3.541544222033,0.5413487786648336
3.542501004953,0.5275112007163274
3.543435809265,0.5097052024766261
3.544338206256,0.5516127462995895
3.545313175355,0.5675919066898388
3.546315161032,0.500636334240034
3.547199306574,0.4935008585583428
3.54807018918,0.486120624726004
3.548926527235,0.5077393006342141
3.549823361416,0.5480668269689501
3.550795046216,0.4812438432385488
3.551650120261,0.5616107962138028
3.552650152675,0.5083100813398973
3.55355609014,0.508088868759154
3.554460603254,0.5636722745363127
3.555462833444,0.5472160055258738
3.556435016958,0.4592478148192649
3.557249104538,0.27063613180350227
3.557727190427,0.523375395056825
3.558649123134,0.5683698407494278
3.559650669499,0.5320030510537895
3.560590298457,0.5308203255279835
3.561528565151,0.51094160243375
3.562430813544,0.5360485581847494
3.563377276978,0.5592773524534116
3.564367820723,0.5256276553465646
3.56530009423,0.49645252926603717
3.566177928241,0.5078567255858979
3.567073062916,0.5253388086213362
3.567998067733,0.519340475837947
3.568914275251,0.5031234163489864
3.569806529535,0.5274494777112506
3.570745864217,0.5299165189028353
3.571692004507,0.5462666064694649
3.572670359165,0.48325055709795
3.573537072135,0.49953037675484346
3.57443267727,0.5584817686604131
3.575437452441,0.5460710058105203
3.576423128972,0.5389257698756027
3.577395002801,0.5535560416038856
3.578391706205,0.5579830701262822
3.579392682866,0.5436106411092136
3.580366160452,0.528363356938276
3.581311685782,0.5340431376503415
3.582264262723,0.5617459283927138
3.583265501958,0.5608470386377921
3.584267714094,0.5584251007426402
3.585268230519,0.5616981957152004
3.586277240532,0.5578090407836823
3.58727816601,0.5527654080545115
3.588266330341,0.5355312153532245
3.589223447138,0.5352308295965527
3.590181183975,0.5415425760226272
3.591150835254,0.5442555404073824
3.59212627663,0.5098830468860163
3.593039844113,0.5561858325272362
3.59403520458,0.5589970345847584
3.595036440943,0.5594938731013858
3.59603966571,0.5674074545908583
3.597056354332,0.5139424748581259
3.597975731522,0.5513937399199836
3.598959873645,0.5664622187023636
3.599969895356,0.11822055128782222
3.600180787311,0.5611012842500613
3.601183286827,0.5256763768046891
3.602123408598,0.5377504064519637
3.60308739628,0.5328952611118838
3.604046431895,0.5292964735301123
3.604998627051,0.5622521315498276
3.606008468448,0.5609748040330131
3.60701641667,0.5433611038935277
3.607993742192,0.5585378602576364
3.608998326862,0.5421620306936941
3.60997196934,0.5634331753011017
3.610984344326,0.5610164763324488
3.611994309142,0.5577291583672899
3.612999056511,0.5567733276593035
3.614000881963,0.5563275738614365
3.615001198047,0.5306480329314092
3.615957249214,0.5568745667981909
3.616961137417,0.556784095036609
3.617964310015,0.5591424005628316
3.61897101266,0.4810392408396401
3.61983580318,0.5113651534998419
3.62075421368,0.5307542227740215
3.621708498398,0.5241484434665645
3.622653083107,0.5453374785899348
3.62363791955,0.5417355180948723
3.624619612446,0.5179432929820071
3.625560384179,0.5540893999456842
3.626566131286,0.5219194954161901
3.627512026587,0.5253486655535267
3.628464491918,0.5012158938615369
3.629372475735,0.5573626705658488
3.630380852602,0.46485472926522703
3.631222426195,0.502472828662318
3.632129896869,0.5279719295062308
3.633082098769,0.5549850667258125
3.634086633191,0.5536781262344873
3.635093438944,0.5040861675776478
3.636009739852,0.5272434229795216
3.636965215118,0.532733053399422
3.637931529579,0.5449525155849356
3.638920865483,0.5546836065485037
3.63992778233,0.497977263597416
3.640833062063,0.53557034909648
3.641805477505,0.5267751642355908
3.642761876373,0.5128684749833051
3.643696542085,0.23879469808591786
3.644132502522,0.5250723324295665
3.645093170181,0.5418746775234065
3.646086354881,0.546283910665331
3.64708725808,0.5106425217554424
3.648022403,0.5534404730715431
3.649035716803,0.5530096048299443
3.650049029246,0.5463877580299806
3.651053066817,0.5459464810638399
3.652060441234,0.5306099487222075
3.653039528756,0.5319458976116975
3.654016370538,0.5401086494565273
3.655005193353,0.5171546734814426
3.655952135366,0.5357744405195654
3.656933109302,0.538479800870814
3.657918071199,0.5484210764060511
3.658920458348,0.5467177311108937
3.659920953616,0.5414457101878413
3.660914340255,0.5207961666120814
3.661871064345,0.5475171857909001
3.662876237595,0.547168136782078
3.663880186433,0.5476213367150603
3.664884507225,0.5107069140253516
3.665818501648,0.503226682176286
3.666735283529,0.5503643388866832
3.667737123193,0.5217947216189808
3.668690896126,0.5442684655636232
3.669692103778,0.543521576400712
3.670696068957,0.5420202080183231
3.671700112506,0.5412903738698757
3.672705464124,0.5411949840920977
3.673710385256,0.5342229714339786
3.674698253703,0.5429288857279538
3.675698400294,0.5450443611365486
3.676702352195,0.5475246417940387
3.677711656455,0.5427711081690823
3.678714500484,0.5486414470282956
3.679729111343,0.5333234697904595
3.680714410918,0.54412521657524
3.681719082793,0.5270861886051011
3.682691244559,0.5446938976287253
3.6836961188,0.5430552911360204
3.684699472708,0.5239771497124048
3.685668419367,0.5072531383176111
3.686605200317,0.5311531758094756
3.687585543344,0.5405599138250562
3.688586058074,0.06496014329206591
3.688706602197,0.5402722176937905
3.68970958607,0.5441080755050973
3.690720042571,0.5319512906662704
3.691708457546,0.5394454968184188
3.692710156146,0.5436716400347471
3.693719960042,0.5391951691720092
3.694722196237,0.5426071945029762
3.695730977576,0.5394182628750331
3.696734350235,0.5368723650653551
3.69773073531,0.5232422557014358
3.698699197626,0.5332542321602758
3.699685618522,0.5365338158941572
3.700679552324,0.5257209083313512
3.701656722909,0.527537239458158
3.70264132868,0.5390477545229992
3.703649159401,0.5301178099954668
3.70463988391,0.5328082838904514
3.705636823176,0.5184063408397998
3.706609285416,0.5324933383157383
3.707609693103,0.53580104164324
3.708615362617,0.5343987884413705
3.709617681366,0.5368077593274003
3.710624782228,0.5357499566197229
3.711629984698,0.5356292963886393
3.712633372438,0.5321412917028936
3.713627340777,0.5410197292899961
3.714638622732,0.5354658793634315
3.715643258488,0.5394635104925293
3.716655286249,0.5373922384549931
3.717660529224,0.541907116579292
3.718672617345,0.5382036540762518
3.719678083754,0.5360924996460665
3.72068196626,0.5387067606240702
3.721690330619,0.5376284388212145
3.722696067915,0.5337370213137068
3.723698186049,0.5342307855444454
3.724703191902,0.5254900850324427
3.725690023113,0.5414291379057754
3.726707212839,0.5314144177520279
3.727707706623,0.530783764002315
3.728709419482,0.3919330687923288
3.729450095562,0.5290360080794041
3.730450621179,0.5316189294888904
3.731455421662,0.5304934304928148
3.732456197151,0.5308619147014335
3.733460966497,0.5290557355649208
3.734466826575,0.5261999453689327
3.735467325456,0.5303862027969367
3.73647139649,0.5354866240272346
3.737480406473,0.5361657954946348
3.738490284688,0.5346983024539711
3.739499971672,0.5325805719631933
3.74050750825,0.5320919035833478
3.741514579339,0.5307990777953654
3.74251812903,0.5318577038426188
3.743521632117,0.5317988027400661
3.744523105867,0.5299979390195149
3.745523166147,0.5313481915716483
3.746531033458,0.5337570517745649
3.747546111443,0.5271648486333133
3.748547658523,0.5271606523251017
3.749548549689,0.5310241198289736
3.750557215568,0.5309465468838976
3.751566767612,0.5308778298331414
3.752578291136,0.5250653452935176
3.753580617426,0.5307267220331582
3.754596051645,0.5227645891298967
3.755597069662,0.5222291355054919
3.756595676463,0.5262238218416322
3.757600136355,0.523546650478117
3.758602602933,0.5233451586740187
3.759609805189,0.5240097616263888
3.760617831387,0.5249138726204158
3.761625492603,0.5239964445822931
3.762633040641,0.5195443973247127
3.763633971333,0.5197390114022142
3.764634294748,0.5256805961151922
3.765642998163,0.5231410091311813
3.76664415182,0.12673620981940328
3.766886616029,0.4119618639786383
3.76767482319,0.4402644663593386
3.768516781314,0.4396366590063105
3.769356077439,0.4653850177876092
3.770242571506,0.4492754184159574
3.771098681006,0.45591271086951574
3.771968532873,0.45069193310719846
3.772827691649,0.4591125228840454
3.773702300585,0.4627526316229038
3.774584528013,0.4619854930349884
3.77546598956,0.4530649393764726
3.77632985365,0.447851798829877
3.777183012953,0.4522080900392506
3.778045103313,0.46920129832396584
3.778941124237,0.4341554655470801
3.77977157676,0.46952651277758173
3.780669516241,0.44602954177276327
3.781522674279,0.441894699323707
3.782369572775,0.4505521921938417
3.783233395878,0.39761769998515223
3.783995433345,0.4097649894116178
3.784780064068,0.45196517782424056
3.785644683358,0.4436145528624514
3.786495396031,0.4637143770391303
3.787386995886,0.4469214773435791
3.788246676306,0.45600382876255663
3.789124595718,0.45301062199659176
3.78999723054,0.44625893492170693
3.790855860998,0.4588364307231883
3.791738384759,0.4587295819348578
3.792621991885,0.4822563794489143
3.793552512999,0.41324554170056077
3.794350661226,0.4456420372555031
3.795212231803,0.45072055084082224
3.796084815838,0.45922295446193884
3.79697448797,0.4110483273701563
3.797771367738,0.4585543648696228
3.798660971133,0.4602655195346775
3.799554436959,0.4138693195835391
3.800357196171,0.4348564159717093
3.801199037094,0.3437961775487483
3.801863858779,0.45952409867097854
3.802752964117,0.460050721408881
3.803644548766,0.40659892670371306
3.804434287478,0.4166906002733983
3.805244816803,0.44384002149084284
3.806106148439,0.4147833907118624
3.806908787782,0.4343818505929833
3.807749107602,0.4370873549315311
3.808595608741,0.42558258567981216
3.809421073798,0.43870660533133
3.810273142189,0.4452514309760187
3.811139412604,0.4497917337013884
3.812015914139,0.4460927126957962
3.812886232894,0.43355090498641136
3.813732181074,0.4399231904211141
3.814588997406,0.4186523146264192
3.815402761758,0.4578133925735319
3.81629211547,0.4707038480380221
3.817208083359,0.4532463913063965
3.818091824616,0.44457828173352204
3.81895903898,0.44305391448701437
3.81982305972,0.4394394209480777
3.820678816933,0.4167230448550019
3.821489776302,0.44781560987083624
3.822362323353,0.4107079922191944
3.823163882906,0.45900974438153386
3.824060880186,0.44298255665877107
3.824928473209,0.48527204585431744
3.825880171338,0.4224963762501339
3.826708156466,0.44566378538154067
3.827580964998,0.4563503208535631
3.828473959482,0.4433422594103076
3.829341080793,0.46607744549439845
3.830252922603,0.4366157925588184
3.831106937681,0.45933298468562767
3.832005121502,0.4536387154171419
3.832891487119,0.463548595699354
3.833795835834,0.4756958278122755
3.834722398558,0.4130326909715256
3.835526280295,0.41825824278080465
3.836340893264,0.4130714374469196
3.837145666717,0.4541453801403003
3.838032223668,0.4058253209716144
3.838828840501,0.4561468283065829
3.839728311655,0.45373719837121484
3.840624479087,0.445677947983789
3.841506117103,0.4577888350043392
3.842411853119,0.44517716392236345
3.843290593497,0.4516643388578887
3.844180539375,0.44694685349969443
3.845060974463,0.46203851933942053
3.84597006174,0.4907916999424766
3.846934469162,0.46584705727080866
3.847851712855,0.47289967361499746
3.848784117705,0.45425150687455
3.849677422268,0.43770494461988474
3.85053598327,0.4276978869058125
3.851374271799,0.43437727472764265
3.852225085363,0.43711657434199064
3.853081808341,0.44907767080412014
3.853964262223,0.4254471398030946
3.854802882639,0.43488171842772966
3.855662522813,0.4458849955614128
3.856546026886,0.42084585204820635
3.857383074423,0.4509600137977767
3.858282490154,0.4573138029066084
3.859194657225,0.4486910204248039
3.860089210401,0.4469964497675325
3.860978549853,0.4754596051355957
3.861922234109,0.4129173910215181
3.862741103994,0.4636769695216307
3.86366132423,0.4323085526876909
3.864520023771,0.4770516572270933
3.865468337968,0.4431791884230366
3.866352091628,0.43169264788338957
3.867215006527,0.3990442637394749
3.868012381038,0.46519791313631886
3.868942084368,0.43377250216565477
3.86981238222,0.49011333643462646
3.870799628494,0.45961104963295385
3.871726297142,0.4402942160898502
3.872612629478,0.501584798334683
3.873619397698,0.4671183430907423
3.874558148394,0.20026588449618737
3.874961509403,0.4536336878038325
3.875873106072,0.4827225524438928
3.876837877194,0.49776771482261334
3.877829228197,0.4278734568221184
3.87868244976,0.46002489767680266
3.879600976204,0.44994922409215227
3.880498671337,0.4556667224997808
3.881407456829,0.4589726396620596
3.882323261732,0.4288428831687532
3.883180992864,0.48032987168091895
3.884145138581,0.46591409885763196
3.885083697395,0.4637357103549537
3.886020046172,0.4599787239274
3.886949037722,0.49868122294653805
3.887956108398,0.45905248202491
3.888883169277,0.45676425744563126
3.889803185389,0.43968842830981947
3.890685170488,0.47168975022797655
3.891630289484,0.45553527144400296
3.892544581517,0.42868277736608124
3.893406921585,0.4486715984967787
3.894310902078,0.472441891872934
3.895263890307,0.4660662394444483
3.896206076434,0.4968350456042296
3.89721241911,0.4477621622431154
3.898121267406,0.4411420544333042
3.899017636608,0.4473826830663934
3.899925554575,0.4697626791022177
3.900878581725,0.44625759517055463
3.901783378126,0.43249462164532027
3.902659101155,0.4132477221020492
3.903495042586,0.4418431465270227
3.904390188758,0.44463041551333077
3.905294676591,0.4275132083920634
3.906167740644,0.4495006561268631
3.907086935191,0.472279434709746
3.908051101537,0.4717089711478169
3.90901224152,0.4261557700703016
3.909878594167,0.4654543401827351
3.910823004089,0.4819445983185631
3.911802375015,0.20120195620150602
3.91221223276,0.44767968815984527
3.913123251035,0.4371495356754514
3.91400922611,0.456461696074796
3.914932489246,0.4475940033983688
3.915837759447,0.4464837261323991
3.916742664146,0.48392063727281437
3.917728635964,0.4567677973680335
3.918662677812,0.4557021536090347
3.919595506728,0.46505423385635813
3.920549155684,0.4513585711619852
3.9214763169,0.4543597697750102
3.922407539896,0.43418863254628215
3.923294573264,0.4306206487917313
3.924171988051,0.4691315400424379
3.925127008449,0.46804342957374434
3.926081651118,0.4516600331871947
3.927004570799,0.406159285599696
3.927835634371,0.4724880628970714
3.928801926322,0.46334257866666884
3.929750155238,0.46615009472977614
3.930706613906,0.42936792842046845
3.93158967023,0.4279341688271015
3.932470239257,0.43840893885936416
3.933370854462,0.44211475358522423
3.934279837043,0.44934191383055505
3.935206541477,0.4197110442382323
3.936073414757,0.43471513410667806
3.936969936299,0.42245591072329436
3.937841287741,0.4679234204571201
3.938808207746,0.4129789529220102
3.939662663034,0.428663002606753
3.940549859747,0.42817525021438024
3.941435960446,0.463523341456143
3.942397198783,0.45523382699629517
3.943344690613,0.4799263856614228
3.944347080307,0.47372695914053264
3.945337653172,0.46691654768957846
3.946313449647,0.4800942505033972
3.947315748159,0.38475133356124613
3.948118422805,0.459076353572071
3.949074503258,0.4717135116062771
3.950055051265,0.44456707416014724
3.950979525223,0.4322447033428808
3.951877583403,0.43103508065049595
3.952770817656,0.46662815100660404
3.953738294176,0.4403552801382859
3.954655382452,0.45220876550960687
3.955600769082,0.4603356262390121
3.956566147605,0.4821110689399067
3.957578959377,0.4307331764426892
3.958483926872,0.4567409386329666
3.959442333735,0.4343254819517189
3.960351460651,0.4609198549832956
3.961316357005,0.47980454793632166
3.962321513449,0.4813927438348599
3.963329090137,0.47741485641136455
3.96432682225,0.4444696066511587
3.965254829253,0.45834016597081984
3.966211299686,0.42982582111596707
3.967108823607,0.46484126911627155
3.968081636855,0.4809211194909513
3.969089981511,0.4801748258783889
3.970097781358,0.4673496319560918
3.971076543995,0.48273053320011844
3.972083864893,0.47131914604576897
3.973066322647,0.42464202425666087
3.973950988663,0.4721572399629803
3.974934616157,0.4420763644939078
3.975857749446,0.42916338001357424
3.97675741906,0.4753021909634647
3.977757239453,0.4685029992565415
3.978744559394,0.4684291986173945
3.979731329169,0.47663776901255306
3.980732854673,0.45095687038916693
3.981679415595,0.4661013601799189
3.982658133877,0.44511560829674873
3.983593873614,0.09157688104004853
3.983786726968,0.4556492018748124
3.984747756519,0.47344012256102125
3.985747594562,0.4782512118133668
3.986758519205,0.45310907047635807
3.987717123141,0.4478850249648366
3.988664353162,0.44269565799785215
3.989599041538,0.44422089937900716
3.990535570591,0.47661904787232945
3.991541090885,0.47136595044136603
3.992539672722,0.4717513150749471
3.993542683024,0.4735461680550404
3.994550216927,0.46118183966873355
3.995533032085,0.45097548280207483
3.996495162084,0.4452241581774857
3.997444879449,0.4737410259519806
3.998454600044,0.44778437896354306
3.999409038263,0.4714108490167072
4.000414434983,0.470205833124334
4.001417339096,0.4505513064035418
4.002378629873,0.46679918887973587
4.003370961659,0.44566155614966946
4.004314350719,0.4456645018248613
4.00525768368,0.4722694246835136
4.006259046816,0.46378273940055986
4.007245977093,0.4688005555109082
4.008247861068,0.46802152624481486
4.009250172181,0.4345545944014398
4.010181432776,0.47397894470812596
4.011196669762,0.46829539900932565
4.012200953596,0.4634154553795629
4.013197141056,0.46865641338912517
4.014202747785,0.46866591031545113
4.015205445343,0.4700538934073641
4.016210826087,0.46708391529573906
4.017211401859,0.4387203374203743
4.018152171124,0.4683292185460048
4.019155988695,0.46721077883044254
4.020157601931,0.44991442408658205
4.021123354015,0.2975794394354205
4.021762290088,0.45498635709520013
4.022737982945,0.4505425172843952
4.023702912716,0.46870815667312726
4.024706739946,0.4598926767526293
4.025692298904,0.4671010138696101
4.026694397923,0.45963040876917943
4.027680587323,0.4345516895235226
4.02861301447,0.45668635102687005
4.02959292091,0.45638258681963495
4.030572582157,0.4660670972393199
4.031575403549,0.4426153761901287
4.032530067834,0.4702364189176895
4.033544987566,0.46620246106766
4.034551383598,0.44962155571822043
4.035523745491,0.4657341946791501
4.036529832872,0.46742357470939966
4.037535746439,0.4677245501632178
4.038541524229,0.45929989353608697
4.039529777814,0.44399779222296565
4.040484586962,0.46312048795319216
4.041480501119,0.46458392274312954
4.042482618029,0.4573724983919603
4.04347399704,0.45697084406302385
4.044468156832,0.4568909063982777
4.045463297142,0.46028707452689605
4.046464635454,0.4654789826167294
4.047475245537,0.4638141839978022
4.048480646038,0.45752319791719004
4.049474156388,0.44386342832413495
4.050439592426,0.4594369459320704
4.051439613659,0.4535376697730285
4.052426984662,0.4066712325316573
4.053309614404,0.4520711271732755
4.054288338375,0.46264691472911557
4.055291677152,0.46175628756529563
4.056297445533,0.45029724046335673
4.057281868744,0.4582885227827469
4.058284209236,0.46170085026814045
4.059293403905,0.43292313613653577
4.060240876123,0.4591504406465494
4.06124630503,0.3215561224389635
4.061950532181,0.4504885964384683
4.06293741873,0.4630875170112638
4.063950979143,0.44190012369949505
4.064918757979,0.45658927606559385
4.065920658395,0.45412021485247145
4.066917351972,0.45919210163209345
4.0679225704,0.45360675269587014
4.068912305784,0.4618613408917469
4.069918071805,0.45792952853726687
4.070915088221,0.4450428447151371
4.071885001215,0.4609931358985133
4.072890750277,0.4568852539898811
4.073891165345,0.4112783795145358
4.074795440899,0.45941908480739474
4.07580552713,0.40868980157892465
4.076703088797,0.4118330473390943
4.077606497319,0.46060034962603946
4.078617804292,0.4250630848321887
4.079556188422,0.4244602071826224
4.080494436545,0.46070725449394123
4.081511464401,0.4541781030183322
4.082516942331,0.4261223576429483
4.083463115573,0.4280004598049218
4.084411479042,0.45500381625697134
4.085417625467,0.4294560645171001
4.086370673688,0.4524523797751919
4.087377948281,0.42228774744800385
4.088317909218,0.4533908727671591
4.089325338875,0.45214688614320026
4.090328948223,0.453206384475704
4.091337716593,0.4535372478775963
4.092350267753,0.45170199682633994
4.093359011239,0.44957367346706023
4.094361501612,0.45388172265434074
4.095372095809,0.4454764762044919
4.096365662741,0.429719417123875
4.097326572422,0.4494730474075589
4.098332293057,0.44848288883512605
4.099335788791,0.21692160235786037
4.099821097204,0.4493402136743344
4.100826676044,0.44617757768184013
4.101827885972,0.44556481696083855
4.102830217267,0.4433005528139501
4.103827991267,0.4466662982003604
4.104833752505,0.4440813818680811
4.105834295843,0.437854263918794
4.106822354319,0.4431329434125628
4.107823365994,0.44866998162105187
4.108836370989,0.4435492439882916
4.109838897601,0.4466180966904424
4.110849446755,0.443464670017918
4.111850305186,0.4487609149157579
4.112858737308,0.4481630496571766
4.113864461928,0.45307794015708813
4.114880809359,0.4504425450225565
4.1158910226,0.44721649415826364
4.116897023986,0.447818838691379
4.117908021564,0.44413698159302706
4.118913586054,0.4452689641323693
4.119922971602,0.44585835202064206
4.120931726145,0.435755644971012
4.121913615202,0.44715343574480154
4.122916650728,0.4490936508829454
4.123923534384,0.44912652729586666
4.124933037682,0.4459387471604369
4.125937395512,0.4445560248620148
4.126940161023,0.43648058841011994
4.127925279606,0.44779737682470583
4.128936329714,0.4465597421696361
4.129946509166,0.4262463879732273
4.130912046936,0.44333751266251614
4.131914184773,0.4469748472495084
4.132925164946,0.40831695848826477
4.133851896232,0.44568500164404584
4.134864368013,0.43483509640742135
4.135853915423,0.4416002057470497
4.136860959939,0.4391541708287902
4.137863938214,0.4394952387347224
4.138869258026,0.4410559301254928
4.139879845944,0.419713377449495
4.14084383932,0.4391632930244576
4.14185173251,0.43934142673471877
4.142859150749,0.42874632793140954
4.143843379519,0.4363241255030732
4.144846054132,0.44099181473673704
4.145858208533,0.42927927027311014
4.146842192375,0.43673050158551024
4.147844845935,0.4275927377433585
4.148828089031,0.43730620122121316
4.149831019676,0.43749565257589523
4.150833477491,0.43727368927741955
4.151839783126,0.43827626023130106
4.152848300255,0.43531130739317625
4.153848315675,0.4370936659694134
4.154853678884,0.43655823257552584
4.155859064318,0.4361935200845184
4.156865254755,0.4382728801618824
4.157875309189,0.43655001155688705
4.158877616646,0.4002247196277793
4.159796843905,0.4380774366772987
4.160805414894,0.4333973727110451
4.161807862674,0.43123926060718015
4.162810271368,0.4302606233999165
4.163810337961,0.4323471689044105
4.164815925486,0.42986172343726925
4.165815955237,0.4320887621027581
4.166818325864,0.43483634032040813
4.16782420324,0.43498831812990196
4.168829951284,0.4347030296895003
4.169836275841,0.43223971774065634
4.170838105763,0.4319427328668044
4.17183843355,0.4369034316054861
4.172846844182,0.437527918054646
4.173855506043,0.4342326049015907
4.174859418061,0.4348842210672559
4.175867282656,0.43824560434012316
4.176882104175,0.4353387101939109
4.177888116163,0.4358241929211138
4.178894971706,0.4352969393284252
4.179900250181,0.437585725536868
4.180909963201,0.4325439453933523
4.181910076009,0.43496825600255495
4.182918619449,0.4326676060314011
4.183923812783,0.4306675200039675
4.184925845069,0.43062099672055065
4.185927410039,0.43109781165669786
4.186930005805,0.43522597321325696
4.187945475661,0.2850574969496715
4.188613469355,0.4222274615012582
4.18960383859,0.4287628090167444
4.190607742943,0.4324131103525626
4.191622292393,0.4276225145567488
4.19262828396,0.42904263964991907
4.193635448557,0.4299507429617866
4.19464387717,0.42872158767290924
4.195653170228,0.42616310953246245
4.196659987748,0.4230849085855457
4.197660040596,0.4247327544631594
4.198662627744,0.42658349587209243
4.199666234957,0.4276527416866438
4.200671332153,0.42705554281735203
4.201677125047,0.424159583228758
4.202677390729,0.4276454229658705
4.203682744853,0.43025537423891114
4.204688861534,0.4304134745852392
4.205694605741,0.426921794714418
4.206695798947,0.42495675950709927
4.207696364469,0.42540971848589354
4.208701469483,0.4249628957291227
4.209706613591,0.4240273257986037
4.210708103424,0.4235312827550319
4.211708923898,0.423740596605411
4.212709385151,0.42619700197088495
4.213712987347,0.4280358750135821
4.214721727471,0.4237472972385776
4.215722498854,0.4268847767482946
4.216729221327,0.4269930737490159
4.217735904227,0.42311403623894445
4.218737113922,0.42421613675661185
4.219744356098,0.42202393683346096
4.22074748769,0.4242626757183372
4.221755498431,0.4214655183762305
4.222756406009,0.4259699247755384
4.223767173193,0.42338853573135327
4.224771906145,0.424634396229657
4.225779666384,0.42174732563430656
4.22678055901,0.4205308245887606
4.227781752386,0.4220345995078702
4.228790647808,0.4185765560486294
4.229793024111,0.42077375531786093
4.230801332101,0.42070834757129183
4.231810191045,0.4177961705536196
4.232813333443,0.4183393195684807
4.233817364943,0.09836056722170357
4.234052981078,0.4225640983912287
4.235064121144,0.418938043054948
4.236068727336,0.41669835683138273
4.237071512344,0.41799793934577734
4.238075503767,0.4204765131651204
4.239080758423,0.42315336429480715
4.240092667032,0.42023678615600574
4.24110094911,0.4169295095766608
4.24210226481,0.4209656492709265
4.243111189429,0.4182293007761002
4.244113243609,0.4177467088433595
4.245117926457,0.4143148768009657
4.246119115307,0.4143209462649343
4.24712349398,0.41610368306660256
4.248129874584,0.41763475055641425
4.249135773655,0.4216687253517237
4.250152393149,0.41593112357372153
4.251158914056,0.41675177822773
4.252170216458,0.41151992486855904
4.253170406011,0.41384687959137784
4.254173912421,0.41819225826713147
4.255182000163,0.423477594759895
4.256200893601,0.41640315335335437
4.257208155064,0.4131645067706744
4.25821260317,0.4118097817694436
4.259213574275,0.4175404057764146
4.260228719862,0.41802822603150236
4.261248564364,0.412017060664673
4.262254911579,0.4107787060645621
4.263256296588,0.410345806920164
4.264257840184,0.4108238398310964
4.265262218069,0.4102975009519521
4.266264995302,0.41097626328647047
4.267269918133,0.4099675017548574
4.268273228202,0.4122582717128616
4.26928223311,0.4104878560926246
4.270287802548,0.40743380916333055
4.271288358796,0.409729797424002
4.272293419421,0.4130101811227977
4.273304742755,0.4094826834762458
4.2743094029,0.41258823167035474
4.2753214682,0.41043648796038806
4.276325648975,0.4122102292591118
4.277336566634,0.4093716427140049
4.278347769225,0.40738161981889776
4.279358528413,0.4044774090615716
4.280362756024,0.40484371931411367
4.28136776825,0.40463497032893747
4.282372646318,0.40684603629955923
4.283383629154,0.17387446637181944
4.283815691632,0.4034071053743355
4.284818028845,0.4051411139348246
4.285823931261,0.4099481391749603
4.286840553544,0.4073724311182823
4.287848589081,0.4062205429635828
4.288852917452,0.4053873973130037
4.289855441785,0.4047209476622779
4.290856261301,0.4068100779019248
4.291862360176,0.4086474432346685
4.292874373902,0.40266526132667385
4.293874550472,0.4037306997181467
4.294878131773,0.4048122976517567
4.29588386842,0.40393875797835255
4.296888147677,0.4027967329303397
4.29789001145,0.40237008155991116
4.298890344487,0.40391527858335063
4.299895640814,0.40205573335323824
4.300899275751,0.402863473071897
4.301906788576,0.40163617631215387
4.302912145259,0.4010208275898809
4.303918048493,0.402992025553364
4.304930281485,0.40219841110004045
4.305939698789,0.4001657512757874
4.306941938458,0.4020813919050112
4.307949091237,0.3994470726103779
4.308953183317,0.4014509059367764
4.309962747113,0.4021812963295372
4.310970039338,0.4044088488357528
4.311980297173,0.40222400857518403
4.312986594931,0.40427463406169434
4.314000052097,0.4022974645332781
4.315008151836,0.4007155789699514
4.31601109334,0.404774435109562
4.317023504661,0.4035347699495267
4.318033282105,0.4007073560987459
4.319036311268,0.40024351328391794
4.320041191911,0.39672699473360723
4.321043866478,0.39669851563686664
4.322052247551,0.3964083169278827
4.323061837462,0.39337147067168626
4.324064512773,0.3920159047446971
4.325066251521,0.39377024312567244
4.326074495091,0.39247220197559
4.327078118052,0.39296222462859604
4.328078989769,0.3974253078301513
4.329088087634,0.35893294615381965
4.330000232584,0.3920107648746164
4.331001532386,0.36077751741757874
4.331925741507,0.3907007450996366
4.332924421714,0.3925607838351608
4.333926731491,0.395003338682168
4.334937260153,0.39182669755460364
4.335940011069,0.39264236025439614
4.336943598323,0.39975015467262215
4.337966032913,0.39656312437681934
4.33898109578,0.3926798696667534
4.339986335938,0.3929129579625253
4.340993238754,0.39393204581820357
4.342002701397,0.3928266796517799
4.343008094018,0.3913966581319401
4.344009427668,0.39629185692901625
4.345025167279,0.3909748540693865
4.346030313905,0.3943346415565475
4.347044327643,0.38951316349677456
4.348044949498,0.3889604564073841
4.349046059753,0.38983244144123474
4.350051060208,0.3878732393748117
4.351052159011,0.395870484894242
4.352073702659,0.38885496217290594
4.35307483488,0.38967275460798206
4.354078769587,0.388040431795402
4.355082572718,0.3861334407440727
4.356083173256,0.3888149291832686
4.357089037935,0.3924971298481866
4.358104740698,0.38839704574705436
4.359111407336,0.3864488808048973
4.360112342484,0.38962646698100556
4.361118879551,0.38934205700534336
4.362125002451,0.39125529286909766
4.363140911906,0.39060015214338684
4.364160131038,0.3874188207553446
4.365172694397,0.38417872645207374
4.366176444208,0.3860886236952877
4.367185526547,0.38476226199496055
4.368190881873,0.39101280022137197
4.369211802856,0.385964352304987
4.370220457482,0.38265674888967993
4.371221752269,0.3859373679886323
4.372231111266,0.3877638986893728
4.373244273482,0.38486838411173574
4.374250567897,0.3820197601538849
4.375252040346,0.019639554849749146
4.375303611652,0.3852868037014912
4.37631567718,0.3834466205406277
4.377323197388,0.3821478320793747
4.378325094129,0.38594163906479284
4.379334375923,0.38359900623191656
4.380338905791,0.38376052268187655
4.381347414109,0.38150474040484217
4.38235195472,0.38395433131378615
4.383363070478,0.38085068018175666
4.384364716252,0.3856479090308658
4.385378261908,0.379225626965383
4.386379241777,0.3811742265486302
4.387391478614,0.37711457155393524
4.388393786481,0.38007392899975967
4.389401456575,0.38065843170450986
4.390409597418,0.37960675438187647
4.391414655146,0.3760740752268784
4.392412193069,0.37681076573027733
4.39341306109,0.3792477649507775
4.394421261592,0.37667176266327923
4.395427569845,0.37589972443798086
4.396435273794,0.37601812387943734
4.397440493648,0.3765652786290449
4.398443479549,0.3755341225719776
4.399443913598,0.37671767884652657
4.400447384891,0.37993836181763474
4.401458332469,0.37507449188613556
4.402459012232,0.37522526258535915
4.403463802179,0.3764824568407588
4.404474758324,0.3737594082604544
4.405480915526,0.37484281751517073
4.40648925525,0.38056535187426704
4.407512477606,0.37312904473947994
4.408518089197,0.37133369174125486
4.40952076909,0.3741002301577704
4.41053131083,0.37078065084080974
4.411533761997,0.371685385233587
4.412536333485,0.379205065443905
4.413556478178,0.3722918238826391
4.414558461323,0.3725748018969802
4.415561781205,0.3718284621238852
4.416565928109,0.3703627090599566
4.417571428098,0.3674156100272101
4.41857305069,0.37091539296965786
4.419582995645,0.3693247033641281
4.420585956342,0.33513148881265653
4.421495225574,0.3704192703907356
4.422501322316,0.3695601546426808
4.423507142828,0.37309429102994973
4.424522953642,0.3677319145341618
4.425525284082,0.36777633361430134
4.426528835384,0.3667880956660234
4.42753066251,0.3697057376944311
4.428542240072,0.3670626354948244
4.429545790193,0.3703775018667121
4.430556733153,0.36947806647030906
4.431566580499,0.3695981151805426
4.432579708791,0.36525520286555146
4.433582826021,0.36647970051687656
4.434592479673,0.3626216774216243
4.435596050969,0.36340446670095294
4.436604501167,0.362805089203347
4.437610922742,0.36279979016274844
4.438615269516,0.3622277442091924
4.43961588206,0.3625062313707827
4.440618420837,0.3621341371505983
4.441623309796,0.36173281370488697
4.44262688446,0.36701275558511237
4.443643196561,0.3679673777013533
4.44466246883,0.3630962163342874
4.445670580236,0.3631155572040522
4.446681055644,0.36177429188928034
4.447686728298,0.36887733445146415
4.44870878838,0.36121203522090417
4.449709211535,0.3629170213686886
4.450716277451,0.36142426324035726
4.45171940102,0.3622275636109077
4.452725846361,0.35930035961132717
4.453727038994,0.360493859512755
4.454734547049,0.3618877086458968
4.455748858914,0.3580697395245001
4.456752312268,0.35897822685508735
4.457755408225,0.25265062264098515
4.458460875833,0.21264001014771503
4.459056465062,0.2301453684594804
4.459702629015,0.20712266847263092
4.460283774819,0.21806139020880339
4.460894327004,0.31705921411682786
4.461779294426,0.3602741559568005
4.4627800942,0.36218353580538826
4.463787424705,0.3600941578081037
4.464794449138,0.3606733556869539
4.465806091263,0.20602672021782978
4.466385936436,0.20884964803249512
4.466976724954,0.19737169477126817
4.467538458652,0.18858335238119256
4.468077058891,0.18346569535939286
4.468600780055,0.18938083513122045
4.469139700653,0.19026470543575316
4.469678903739,0.19538436693406924
4.470230155354,0.27748121372685347
4.47100890394,0.2839095114614564
4.471801448804,0.18798073309500332
4.472325220314,0.18088687961716282
4.472830781538,0.1790468562760239
4.473333015863,0.17758515363725016
4.473831497592,0.17947524726213113
4.474334680959,0.18079916386835768
4.474840560011,0.1684100115647752
4.475310650562,0.18033556302480666
4.475812919666,0.18212585600650763
4.47631916798,0.16256124119639445
4.476770184592,0.13393353478083672
4.477141217475,0.13409414146352278
4.477512247146,0.13423919404300866
4.477883272096,0.14192275282403582
4.478275168589,0.13448765770337262
4.47864618537,0.14520277843680282
4.479046455782,0.14838553861930665
4.47945529281,0.18866438365649407
4.479974927325,0.18300812550147247
4.480479121265,0.17865034992587084
4.480971596812,0.1771925330111724
4.481460137439,0.0342993557435572
4.481554702269,0.16377982336606473
4.48200644687,0.1343983777316187
4.482377424252,0.13327524475697794
4.482745434496,0.13434669849070976
4.483116403851,0.13172716920589553
4.483480173563,0.1343150626748699
4.483851136054,0.16639279655740521
4.484310770729,0.13423934740618718
4.484681727583,0.20347338243270924
4.485244637812,0.33614664799834526
4.486180554951,0.10892680264693978
4.486486044111,0.10845747052230367
4.486791530616,0.2980427487619553
4.487639081107,0.34952406754249743
4.488640885076,0.34918794568483186
4.489645901607,0.3458082498626754
4.49064915419,0.34408845843806724
4.491655725478,0.3409028417620323
4.492659583654,0.33960037586779024
4.493664174983,0.3424142844660832
4.494678723808,0.33920388041663657
4.495683980766,0.3428509413835518
4.496701067716,0.3376508722883325
4.497704093922,0.33696387693845775
4.498704841969,0.33729435866345886
4.499707320255,0.33877715659561464
4.500716997876,0.33832890773149304
4.501726691666,0.33612143105020387
4.502730316631,0.3414361537606023
4.503747580835,0.3416204098380489
4.50476208669,0.34171109708740816
4.505773417193,0.3411905859068421
4.506779158818,0.3416769880384395
4.507784187492,0.34240210768226564
4.508792606994,0.33895149340532404
4.509794589992,0.3393517857844355
4.510800474091,0.3448268045004417
4.511822951523,0.33923292302252595
4.512827462654,0.17804533980056045
4.513354116695,0.3388957109653095
4.514356157363,0.3407122323693903
4.515362464512,0.34476783603227457
4.516379975741,0.3448564318699674
4.517398035515,0.34166565347364747
4.518405808432,0.3410363200626292
4.519411516235,0.34091717242349534
4.520419633623,0.3387668289652992
4.521424705464,0.33953486728546706
4.522432551125,0.3390186192817009
4.523438319948,0.33923387870571103
4.524443775619,0.33965429394713453
4.525451739937,0.3357524201003619
4.526452334512,0.33760131471941185
4.527459832034,0.33858572484482824
4.528467415463,0.338483297492783
4.529471078814,0.3395734773634147
4.530477908738,0.33634764264375716
4.531478011746,0.3358002077623971
4.532478808521,0.3362678165930518
4.533480535457,0.3375923100598968
4.534483598889,0.3368106517563297
4.535484414111,0.34207411236719115
4.536503058599,0.340858572228142
4.537517088493,0.34024914225962793
4.538528339665,0.3414447679601014
4.539543762251,0.3369145555859095
4.540545718783,0.3355854321891799
4.5415469813,0.33849072180751877
4.542561882996,0.33445290636224795
4.543567439006,0.33279859135426954
4.544569385518,0.33613553349630776
4.545581473383,0.33248008117167666
4.54658157707,0.33389988177621077
4.547584004389,0.33706833967045474
4.548595893826,0.3356449436239267
4.549604374296,0.33295459100796154
4.550604486938,0.33306029694689593
4.551604788119,0.3346431070479855
4.552611418404,0.33281060961849546
4.553613538476,0.3341198275708092
4.554617834293,0.3347849391767636
4.555623337844,0.33592120879676673
4.556634681008,0.3497056446357056
4.557690449363,0.33274062969600765
4.558695165447,0.3362653603137293
4.559708152635,0.3493696628188632
4.560757776985,0.3376075844011402
4.561772825378,0.3351412517648075
4.562783266001,0.3336601589966611
4.563790844823,0.33929449316777854
4.564815426599,0.33662684493756934
4.565831352535,0.33870832326840594
4.566853018699,0.33210055948607764
4.567855182188,0.07665940947711877
4.568086844932,0.3322617812979762
4.569092333782,0.33185395335907675
4.570094694195,0.33389294800818897
4.571100151515,0.3357730387991085
4.572111439526,0.3317265774480057
4.573111505593,0.334100040759674
4.57411858872,0.3374936548218365
4.575137648903,0.333213763724712
4.57614846081,0.3280832538734788
4.577148920716,0.32847244823964183
4.578156541282,0.32482550367757895
4.579157876957,0.3252940919936259
4.580162050801,0.3303500231129826
4.581180192325,0.3265026790716813
4.58218524302,0.3288605496189509
4.583198510758,0.32643011455697885
4.584206420442,0.32573014196988787
4.585213795508,0.32431600598190397
4.586215570845,0.3289801440234151
4.58722921554,0.3254622535926544
4.58823252037,0.32455253623776
4.589235303447,0.3249465903628376
4.590237429556,0.32665860763853494
4.591241296211,0.3268373054856372
4.592249068578,0.32955590161470083
4.593272697788,0.3216032868738235
4.594277028282,0.32163723904281755
4.595283207783,0.3213377167532223
4.596289600907,0.32852719901890715
4.597320547816,0.3186272240847194
4.598322787664,0.3188265356966866
4.599328679307,0.32295116415501945
4.600348833132,0.3181847948375005
4.601353111184,0.3216868043857739
4.60236371783,0.3231077468990345
4.603371174004,0.3227443821804658
4.604373401961,0.32401669833518854
4.605381824855,0.3272275656156598
4.606403719853,0.32319891146906893
4.607414945143,0.3218974878253184
4.608423879642,0.3238009647669599
4.60944020179,0.3198008379473235
4.610444399239,0.32084970380531985
4.611451781844,0.3200093218764583
4.612456894221,0.3199867485684768
4.613464001578,0.31752097557851106
4.61446519613,0.31867872130497216
4.615470935497,0.3228922467911684
4.616491196851,0.320422088973911
4.617501999296,0.32072395718013974
4.618511256683,0.3215143534749618
4.619523019326,0.3226869475184
4.620537025749,0.3246539989528571
4.621554734627,0.32621063665655053
4.622578104318,0.32221733893377186
4.623591179594,0.3206339094267745
4.62460041848,0.319139137265317
4.625604277928,0.32510109266571546
4.626627553156,0.31874660625356643
4.627632459912,0.33106754164675745
4.628677695352,0.3160433121460863
4.629680409742,0.1285113316754215
4.630090152871,0.31764242575635115
4.631104247204,0.3169205514764775
4.63211699737,0.31608227302433967
4.633127695927,0.313880743381541
4.634129953671,0.31416320735219316
4.635134651465,0.3175939323983676
4.636155705304,0.3156059591913445
4.637175797617,0.3089628455290669
4.63817647974,0.3115093613748677
4.639183458168,0.31300590543074064
4.640194951232,0.31198271418160856
4.641205347822,0.3114499317216628
4.642216763556,0.3104171565087396
4.643226019482,0.3080361951283506
4.644226127352,0.3085774281040126
4.645226664924,0.3104289735515874
4.646234591255,0.3112994907706093
4.647247426458,0.3096816525885381
4.648255213596,0.3180299269873367
4.649288686297,0.3093042636005897
4.650293469163,0.30838203279478255
4.651296603389,0.3113919615712582
4.652308000313,0.3141168379974663
4.653326153266,0.3127629519284845
4.654343015204,0.3090133658654997
4.655350757954,0.30905224003018167
4.656360539464,0.3062285938637363
4.657365820764,0.30614238655631365
4.658377037366,0.30251125788803895
4.659380835022,0.3032128128172299
4.660386777167,0.3040477022467778
4.661392974059,0.3043811589340624
4.662398646071,0.3172849333310096
4.663445891539,0.30505986534060786
4.664452981039,0.30394108394373825
4.665457091648,0.30790442098776455
4.66647320129,0.30810044345433873
4.667487348132,0.30741751080134183
4.668496739984,0.30882205080552455
4.669513011101,0.30820024710002
4.670533098845,0.30370830410930183
4.671539409481,0.302557538267281
4.67254072077,0.3021820424572422
4.67354253983,0.31254497448151364
4.674580801465,0.3045495439030912
4.67559242014,0.3027174641173968
4.676598719756,0.3031878762109758
4.677607502206,0.3037845816510882
4.678616979909,0.30534349108298464
4.679631315655,0.30130729186312916
4.68063240885,0.3095714590128775
4.681661717296,0.301755618070242
4.68266715311,0.30408953014281603
4.683681954793,0.3008003722224371
4.684686025916,0.30363206831750866
4.685699010406,0.30931275025954214
4.686730702045,0.3044132826802099
4.687747271659,0.298959318517964
4.688747954736,0.3019133662968485
4.689757983066,0.3065882212324001
4.690779258278,0.30244051832641416
4.691781994147,0.3041877601652258
4.692788553589,0.3040191262192737
4.693796061383,0.30363532549511013
4.694804511966,0.30125735856025804
4.695809868442,0.30627683151608814
4.696838368875,0.3004577200171092
4.697848173187,0.29857389967701425
4.698850093592,0.1260641125980648
4.699273276451,0.3009608949340948
4.700284454033,0.30042276636065257
4.701294295756,0.30923822706768195
4.702333096779,0.2979652330118352
4.703334618341,0.3034598442119971
4.70435609134,0.3032593045365763
4.705379693703,0.3030586849856091
4.706408619975,0.30335044783620724
4.707442119755,0.29466243451070767
4.708446099928,0.293945690311231
4.709447194914,0.29600162848062894
4.710454824371,0.29560022079520265
4.711460086464,0.2963877544346296
4.712467927585,0.3051105539076854
4.713508139237,0.29275750581748716
4.71450906073,0.29146129485173294
4.715509807695,0.30106507239952657
4.716546329189,0.2991957305542634
4.717573792724,0.2942010817003424
4.718579621193,0.30049248798951256
4.719604401769,0.29462991249459436
4.720611417664,0.2942480815394917
4.721620740265,0.2965226827557915
4.722638258078,0.29375303945059134
4.723645760927,0.29295331158487986
4.724650582256,0.2931827359398432
4.725656028598,0.29349965990921756
4.726662994351,0.2905121318849047
4.727663063897,0.2940513891425988
4.728680404174,0.298806870775072
4.72971534146,0.28954826237690806
4.730717345475,0.30078301344924957
4.731756823702,0.2902032474876851
4.732758214365,0.29004105213574266
4.733760313781,0.2944534923029357
4.734780036206,0.30228215141432696
4.735827172263,0.292415352316597
4.736837560782,0.2951673307034711
4.737853495213,0.2942431964448694
4.738864350149,0.2905231528529889
4.739865394597,0.2955040176572437
4.740888524758,0.29742747645854256
4.741920634215,0.289946087790069
4.742926338547,0.29062671428233106
4.743931880995,0.2972247062304818
4.744957539846,0.2950787525498526
4.745973173452,0.29765544185560944
4.746995073425,0.29190800917273424
4.747997176029,0.29107459711361394
4.748997446477,0.29212677542369603
4.750003309202,0.2928209310247882
4.751016180627,0.298155047304365
4.752053110633,0.3046001451090382
4.753118462598,0.28590164861901873
4.754120891801,0.28816166923523046
4.755129144601,0.29781481028374274
4.756167997834,0.30307327021485325
4.757224528422,0.2874085794594208
4.758228427581,0.285856925316609
4.759228472009,0.28795368472459926
4.760235826465,0.29191119298406476
4.761256360001,0.2862841321706132
4.762258485448,0.28561345794363513
4.763260701131,0.28738045133334733
4.764272015463,0.28557959958205753
4.765282323189,0.282643838235345
4.766289480052,0.28481289067438653
4.767310661419,0.28125605344725446
4.768322257855,0.28291639541212826
4.769339836235,0.2867885922660949
4.770370728655,0.278479814315159
4.771371724419,0.2964526140569675
4.772437678665,0.2847838095576748
4.773464342232,0.27927714246196145
4.774474315842,0.010920485848497075
4.77451384694,0.2813932352125867
4.775530729672,0.2803166053907795
4.77653990369,0.28076316298039256
4.777546826074,0.28937608596117614
4.778583620845,0.27970017785179563
4.779587086971,0.2815916679810026
4.78059852826,0.2818461162620601
4.781614983186,0.28131239553468285
4.782634635873,0.28109534578165635
4.783655941716,0.27798738122148026
4.784666488861,0.2782114561704643
4.785677658918,0.27672142483200085
4.786683320722,0.27690458928979533
4.787690113553,0.27994685621300536
4.78870887844,0.28985552086664385
4.789766571874,0.2846701665867121
4.790807754116,0.28360759831057136
4.79184356696,0.2765511561451284
4.792853498738,0.2752026824190321
4.79386133319,0.2725658470305386
4.794864102789,0.2798973815333822
4.795898038058,0.27135732753333586
4.796901026488,0.27251439387023857
4.7979059964,0.2779121282648512
4.798926760434,0.29249929099467664
4.799996424641,0.27602612125847076
4.801002109829,0.29219246566793566
4.802063435717,0.2785872000317462
4.803073709084,0.2803332119955069
4.804090686247,0.27758626950424037
4.805098484872,0.2850053027054056
4.806134481103,0.2761322285399755
4.807140016698,0.2936871472110192
4.80821199612,0.2767629818180579
4.809226764903,0.27339241014327426
4.810232933101,0.27335778634173785
4.811239057656,0.2735140974526656
4.812243889742,0.27967827804422496
4.81326922038,0.2778174261819715
4.814286679944,0.2766436392476479
4.815302052507,0.27429401033489265
4.816312997945,0.2748092120783165
4.817329865132,0.2700836574609717
4.818333815751,0.274932310966641
4.81935926187,0.26809638212795855
4.820362960814,0.2692005431005629
4.821374682801,0.26560981824308216
4.822374829207,0.26622218088098454
4.823376929344,0.26971132247858115
4.824388871206,0.2695844519418769
4.825397042039,0.27077551403576006
4.82640843666,0.27167510485477403
4.827425390765,0.2696548177119438
4.828439521494,0.2801738964074855
4.829496141193,0.2838627802909596
4.830565295332,0.2730250301154555
4.83158990573,0.2676067879209105
4.832590210567,0.2814069835244731
4.833638512768,0.27577861906381945
4.834662755506,0.2793541211532812
4.835697178253,0.2789304022113638
4.836727270656,0.28889678682514663
4.837792073576,0.277126608553139
4.838811979311,0.2768158673048331
4.839829747231,0.2774066420180092
4.840849100445,0.2729119451972618
4.841853016544,0.27919132736897373
4.842883422632,0.2748570276879035
4.843901953801,0.27517119758926645
4.844925564693,0.26850385364953105
4.845926743649,0.2718290588337344
4.846940949185,0.27152590108325203
4.847953804171,0.28895759447798086
4.849031382978,0.2684563121847357
4.850034094341,0.2816753815517915
4.851089323727,0.26853831762231606
4.852099130896,0.2667975416662507
4.853104830382,0.2656299457737108
4.854105547427,0.2670519484556749
4.855110938078,0.2671823154750828
4.856116575337,0.26945025752814183
4.857130918997,0.18327571151729738
4.857822048843,0.2712993610332743
4.858849081036,0.2636511303500581
4.859851066524,0.26796796991289223
4.860873275532,0.2667428254344068
4.861895225856,0.2633208572177977
4.862908603162,0.2598511225510339
4.863914793149,0.2606743980920385
4.864930066923,0.2606535556120033
4.86594818653,0.2592324118311225
4.866961926416,0.26627283244982275
4.868004170719,0.2640365225114866
4.86903817527,0.258613634681333
4.870050471642,0.2577452880392727
4.871058393383,0.2569160704734293
4.872062242523,0.26047809302200503
4.873081142291,0.2625267359877418
4.874111490567,0.2541282914288644
4.875114304753,0.25345260086622284
4.876119228661,0.2638057134226453
4.877167745389,0.2552444564489031
4.878184972894,0.2549624580336889
4.879202199362,0.2554184266948583
4.880219414859,0.2700143189946143
4.881291358535,0.26552128934764924
4.882341840759,0.2601634795354168
4.883367705237,0.2551287050030683
4.884370827862,0.25583212366232483
4.885375339781,0.2561326287251397
4.886380890408,0.25601621426329213
4.88738661299,0.26698719190959547
4.888436718549,0.2573320306176076
4.889449684255,0.25636029885613165
4.890458691523,0.25604188837554404
4.891465773445,0.272352976527029
4.892535782456,0.26501205673885975
4.893575782456,0.27278129136920704
4.894645588916,0.2646482849155679
4.895682617427,0.2651347295845513
4.896721026023,0.25688670062777935
4.897728250829,0.26193453355423996
4.898756802956,0.25568296263946294
4.89976149772,0.25475188490059536
4.900762825834,0.25520518359505634
4.901766853064,0.2557201236549679
4.902775153721,0.25562251093960825
4.903785636302,0.2554571058257903
4.904798160735,0.26128553662302695
4.905837149647,0.2545504130261048
4.906852708513,0.2584320737557223
4.907887109282,0.25614705539706956
4.90891600205,0.24865190802141593
4.909917328011,0.25169675231316485
4.910932376227,0.24895306744226936
4.91193854504,0.2488948501035804
4.912947204347,0.24862347168578885
4.913957564543,0.24925304930150813
4.914973883346,0.24920551189681742
4.915992929492,0.25079002562618946
4.917019574289,0.24620835707397004
4.918027376754,0.03447083286108277
4.91816844983,0.2455176987344577
4.919172043154,0.24502960520049438
4.920172889723,0.2515294378981496
4.921199791585,0.2463583245648263
4.922203818828,0.24671090171636922
4.923208581653,0.25028165248073314
4.92423060887,0.2475008102193372
4.925246979005,0.2522214198603211
4.92628911674,0.2528655065717686
4.927340125368,0.2490325505911789
4.928380125368,0.24867076274360014
4.929421970007,0.24984774294306392
4.9304711379,0.23939014265511227
4.931478393624,0.24607961869361078
4.932516260171,0.25240360677940915
4.933582729076,0.24888695123825455
4.934635226286,0.23667018808104962
4.935636341853,0.23887212837337
4.936646533957,0.24474685214977346
4.937680685866,0.24133675215057654
4.93869946422,0.24051955246116308
4.939714041757,0.24949021905303082
4.94076543894,0.2471329796068464
4.941805916257,0.24730145485169405
4.94284662787,0.23938418317171828
4.943854500544,0.24767873744732433
4.944898314966,0.2399273021980913
4.945910577549,0.2502325258324126
4.946967612122,0.2370855489571485
4.947971395019,0.2463288166312177
4.949017173542,0.2386522425421603
4.950031705909,0.2484316677165751
4.951087971243,0.25349518945360466
4.952164835523,0.23853611843894165
4.953176601889,0.23980427133156715
4.954192235227,0.25006602235243064
4.955249983814,0.2381646827728774
4.956256105755,0.24274824891308136
4.957280033593,0.24693963278372738
4.958319770537,0.2442762404460398
4.959346726941,0.24401100855521682
4.960371457507,0.24152264655713887
4.961384552929,0.24940879053720194
4.962429381443,0.23909625055419761
4.963430142008,0.23977791462199638
4.964432919264,0.24642755392778137
4.965462638514,0.2489163111010924
4.966502181896,0.2558931913161504
4.967570181896,0.2459690141384216
4.968596047868,0.24501185167229456
4.969617278746,0.25656058451349006
4.970686315645,0.25360277662074343
4.971743145639,0.24380732423233553
4.972759797035,0.2412584942535017
4.973766989573,0.24437364494547284
4.974789153388,0.23837576520413328
4.975789200292,0.24111725644055912
4.97680446384,0.24599702749607263
4.977844189364,0.2421232939473101
4.978870952646,0.2420033727910923
4.979899988459,0.23557820014905512
4.980904083705,0.24485077201720268
4.981950018258,0.24307926571037428
4.982990498594,0.24743051933867677
4.984051792608,0.24295513673533992
4.985096104708,0.23988236313377112
4.98612886554,0.23714311810019284
4.98715091782,0.2327074149222033
4.988154964232,0.2324847059515974
4.989159033099,0.23206695398079713
4.990162120694,0.24456286807914704
4.991220091811,0.24285350027611807
4.992271803554,0.23193892084030257
4.993278122457,0.23197498964525898
4.99428681034,0.23073763943227008
4.995291987044,0.1294920401522793
4.995856921255,0.09236693654429035
4.996260365699,0.22945740485111887
4.997264651732,0.23186094821310949
4.99828244394,0.22883603382550322
4.999289462841,0.22982622899768657
5.000302546344,0.22810613219573675
5.001309250148,0.23507105759539543
5.002347797465,0.2267908096830965
5.003350285674,0.22728247547743313
5.004355023054,0.22777970852267973
5.005361955281,0.2301010821210505
5.006378890699,0.22905231516047347
5.007390913611,0.22798371208540902
5.008397777459,0.2272512928775599
5.009400856361,0.23022800907235863
5.010416878715,0.23568373004301849
5.011456878715,0.2356982501761301
5.012496878715,0.23574351997551127
5.013536878715,0.23364798826691055
5.014567471825,0.22997572703232985
5.015581726366,0.22999638026420122
5.016595924447,0.22997838556562206
5.017610092627,0.2346502704507304
5.018645005193,0.22784501354049658
5.019650067963,0.23111704664180402
5.020669525453,0.23449604918117684
5.021703953386,0.23260089133370548
5.022730303272,0.23556472643592433
5.023770303272,0.23476387671691212
5.024807531345,0.2306173038795387
5.025827040589,0.23377833416640353
5.026861220246,0.23736591392767822
5.027911884858,0.2273301578727427
5.028918721607,0.23023410468277367
5.029939258179,0.22933870818460342
5.030956820774,0.2259374627022986
5.031960289315,0.22963332417498858
5.032981299274,0.22687342311564798
5.03399135188,0.24030365122181385
5.035062583694,0.2389120531418251
5.036129708425,0.22349188907313186
5.037130275346,0.2251734485447596
5.03814009093,0.22991172487408984
5.039172356435,0.22280998598853058
5.04017366528,0.22599497808052066
5.041190293604,0.22341522239597914
5.042196703015,0.22642517970289786
5.043218311413,0.22831768132925634
5.044250156841,0.2235395937784875
5.045261933577,0.22093350918329546
5.046263016181,0.15903195849448856
5.04698414957,0.22959522749177513
5.048025926891,0.22133025527608688
5.049031631168,0.22119751179600536
5.050038536602,0.223576493643086
5.051057625581,0.22982094689268948
5.052106311741,0.2194705845195873
5.053108763811,0.23255054980585835
5.054172152076,0.2315323190573876
5.055232269908,0.2274026080068216
5.05627514183,0.2318254539458542
5.057339875512,0.22106845419772353
5.058356135685,0.22071177187728516
5.059371435988,0.2227963931502615
5.060396833351,0.22166649184529502
5.061417343997,0.2206931649949198
5.062433530945,0.22541507655457108
5.06347153655,0.22877671664289492
5.064525145483,0.21934937900242008
5.065535426604,0.23413259525129207
5.066614098232,0.21735593868531203
5.067615770867,0.2256193551633715
5.068655770867,0.22373041662559887
5.069687514285,0.22133718865085317
5.070708661859,0.23351649607209862
5.071786427205,0.2195525701963155
5.072800364843,0.21659467894865161
5.073801549082,0.22095574997045256
5.074824212451,0.2206220653103016
5.075847307779,0.22576432856516623
5.076897382051,0.21585657313606085
5.077904786624,0.22952746476307423
5.078979169808,0.21430601723963133
5.079984413136,0.1932507020134866
5.080892105025,0.21857116927680634
5.081920009569,0.22022286642050098
5.082956872839,0.21400278578749127
5.083965928522,0.21935512011042882
5.085001922511,0.2192710282900877
5.086038675309,0.11444805196292303
5.0865801692,0.21522667330464032
5.087598747163,0.2137277340489831
5.088610837264,0.21920672172371808
5.089649826084,0.2114946370434288
5.090652996628,0.21098369026849378
5.09165468679,0.2135558457251331
5.092669794651,0.22333979584202557
5.093733190075,0.2127025562052643
5.094747667223,0.22262521833079582
5.09581084976,0.21050038889448336
5.096817095264,0.21034789449146696
5.097823305277,0.21736602054866094
5.098863811675,0.21151548641699255
5.099876855775,0.21300644848923603
5.100897013139,0.2091420056675222
5.101898554016,0.2209663338653181
5.102957035657,0.21530330379762144
5.10398844982,0.20932859786493202
5.104991129819,0.20887661355276413
5.105991455349,0.21075570073300637
5.107000589223,0.21068064185904162
5.108008911718,0.21953701754691327
5.109059310891,0.2179999070806643
5.110102729091,0.20943305100249246
5.11110587038,0.21107832677376068
5.112117913812,0.20913735782560888
5.113121553838,0.221481101467955
5.114185461348,0.1528064071640458
5.114920181554,0.21010099184823344
5.115931015851,0.21272831443265683
5.116955036893,0.21735312669487433
5.118002351919,0.2103127205662394
5.119017168561,0.2078941815085275
5.12002178195,0.2204487156766527
5.121088408284,0.21472029248283583
5.122128408284,0.2064948751274562
5.123129899946,0.20711713938154966
5.124135754645,0.21865588116196225
5.125199173697,0.22078551791100884
5.12627501789,0.2075337651369645
5.127288166088,0.20611090631518456
5.128296157955,0.20490573369644516
5.129299848452,0.2098291987190096
5.130328889526,0.20986827311571807
5.131359737433,0.20376794351820915
5.132362791731,0.20336910491873908
5.133365978477,0.20707930519400636
5.134389302631,0.2101079379268577
5.135429302631,0.20654746171323068
5.136453087717,0.20551398351671957
5.137472529058,0.2101577724437117
5.138515321335,0.20656765058317064
5.139540639704,0.21384391581517256
5.140602233365,0.20925605405533895
5.141640902125,0.20447264283782288
5.142655796244,0.20875295765743482
5.143691837381,0.20583661839101236
5.144713441068,0.20557706057527944
5.145733827495,0.20722079485806874
5.146762260815,0.21015451078585717
5.147805245448,0.20675964731840663
5.148831493207,0.20333567828867932
5.149840951096,0.2090543770902427
5.150879007081,0.20754275728718546
5.15190996296,0.20577080563786518
5.152932598092,0.20442060499955594
5.153948814733,0.21127906081299547
5.1549993958,0.21062916554191594
5.156047035503,0.20882310088913433
5.15708602758,0.20826546195501608
5.158122320965,0.20214114941221384
5.159128092104,0.20351659867070315
5.160140916809,0.20414359772396629
5.16115724943,0.2075439700969347
5.162190866165,0.20447366024969502
5.163209449979,0.21107376383715312
5.164261246344,0.20305579546675157
5.165273647705,0.07858945997689848
5.165665640049,0.20090275624311682
5.166667844992,0.21101758454480576
5.167720593269,0.2149496721129818
5.168793336916,0.20290796056611524
5.169806288697,0.20832917174656204
5.170846288697,0.2025750744035833
5.171857760424,0.2005788076757369
5.172859533685,0.20816111279949684
5.173899533685,0.20807317945708015
5.174939533685,0.20964856378508268
5.175987823747,0.20763360465740938
5.177026416098,0.21245817660408683
5.178089561707,0.20774420216237416
5.179129561707,0.20129818355639154
5.180137795754,0.20007714939227028
5.181140476042,0.20666610128636118
5.182176927755,0.20188659376599374
5.18319004378,0.2113952247208902
5.184251744727,0.2068590255637748
5.185291744727,0.20667937096177127
5.186331744727,0.20073901272059275
5.187342745772,0.19836427151255112
5.188342757408,0.19971386169356836
5.189350628216,0.20121097352807082
5.190366950542,0.209933993339305
5.191428601137,0.20536290373471675
5.192468601137,0.19898383854767207
5.19347750574,0.19898311168087932
5.194487540388,0.19731365014875224
5.195490368083,0.19723309799452965
5.196494142559,0.19704709978677398
5.197498181977,0.19284111957184102
5.198481829687,0.20058987022893987
5.199506233157,0.1980888351985876
5.200519058038,0.19556005090693196
5.20151975071,0.20633078542764063
5.202576592495,0.20071038501733557
5.203605785565,0.19973621593161967
5.20463117107,0.19809934950957628
5.205649273121,0.1947339075888652
5.206650835191,0.2005649496890295
5.207683264669,0.2020678493645502
5.208724302525,0.19709969912198408
5.209740461748,0.19792360940364456
5.210761580004,0.19464272236774716
5.211766528792,0.20338687014469783
5.212817429626,0.20428722772326102
5.213873682791,0.19467908137646495
5.21488082667,0.20119748116410618
5.21592229863,0.19836425222764614
5.216950028952,0.19689216985178895
5.217970995112,0.2015838509718764
5.219017020401,0.19718297803077497
5.220041055567,0.19306918249395116
5.221044453701,0.19288241035855794
5.22204765445,0.19250651924805004
5.223049702552,0.19640866089227854
5.224072729444,0.1995370275738013
5.225112729444,0.19939032762400719
5.226152729444,0.19325807609413975
5.227161604698,0.19297345537441007
5.228169755723,0.19300716814198263
5.229178740712,0.19764744057285144
5.230212941089,0.19848117020056724
5.231252941089,0.19133227411563145
5.232256905071,0.19134353676490162
5.233262440135,0.1975061192595591
5.234302440135,0.2044431780098556
5.235381053806,0.19678976315394212
5.236421053806,0.1920144908251921
5.237437648781,0.1907162649239448
5.238449004011,0.19578186254919705
5.239489004011,0.19539853230873103
5.240529004011,0.19503328643384066
5.241569004011,0.19592012721767169
5.242615328093,0.1907940467964266
5.243635328093,0.1898556152596866
5.244651328093,0.1918360165661395
5.245678894854,0.19166107988821743
5.246706458047,0.19561576919222226
5.247756077849,0.1928741178085931
5.248791556041,0.1989289458569544
5.249860290267,0.1934304367998686
5.250900290267,0.19333010329066216
5.251940290267,0.19323976490244824
5.252980290267,0.19313730820835578
5.254020290267,0.19305562230925008
5.255060290267,0.1855577494880205
5.256060385136,0.192899626951397
5.257100385136,0.19279291156290468
5.258140385136,0.19260743135403877
5.259180385136,0.1924803604552488
5.260220385136,0.18638404868771294
5.261227900562,0.18747197113073358
5.26224171213,0.18987553482334177
5.263269222452,0.19694135623842965
5.264335771369,0.18498440948200098
5.265338301911,0.1851231649175536
5.266342611417,0.19142877767429278
5.267382611417,0.185593859101637
5.268392630749,0.18762996479838828
5.269415471948,0.19357715151470428
5.270472546505,0.19163123011135502
5.271520756612,0.18983127130052752
5.272560756612,0.18958102878371674
5.273600756612,0.18937725868472416
5.274640756612,0.18552191267835455
5.275660593917,0.18900925364657303
5.276700593917,0.1919083130036009
5.27775765679,0.1917106552870913
5.278814717418,0.01450236705044689
5.278894717418,0.18849002335542678
5.279934717418,0.19074321526705518
5.280987595098,0.18831550911068337
5.282027595098,0.18657938891643516
5.283058680433,0.1924581854102349
5.284122974483,0.18208576476343485
5.285130385632,0.18873033189679653
5.286174896207,0.18495522731568662
5.28719876341,0.19277854747835174
5.288266198373,0.19084004840540145
5.289323244911,0.18767761854946288
5.290363244911,0.1813321455990088
5.291368527609,0.18327412440966145
5.292384945525,0.18744972212346425
5.293424945525,0.18734462287748974
5.294464945525,0.1813354511977886
5.295472364606,0.18711334167768653
5.296512554932,0.18965753703923677
5.297567494966,0.18690452737454613
5.298607494966,0.18686512756520365
5.299647494966,0.18678426515336705
5.300687494966,0.18672758891037497
5.301727494966,0.18668720268737699
5.302767494966,0.18663891431094054
5.303807494966,0.18657283912907258
5.304847494966,0.18968588971225456
5.305905325144,0.18006061948666574
5.306909760842,0.18640470151800193
5.307949760842,0.18640306807091536
5.308989760842,0.18639572888291983
5.310029760842,0.18631850905570368
5.311069760842,0.18623688838702446
5.312109760842,0.19232957733512127
5.313184384784,0.1794550940038323
5.314187840643,0.18929268367743765
5.315246886941,0.17942022059991816
5.316250905061,0.17877834655543468
5.31725173777,0.18623727190785566
5.318294711321,0.1856301622258614
5.319334711321,0.18546299319905796
5.320374711321,0.1800922279159375
5.32138554091,0.1786970987120232
5.322389665728,0.18790429635327524
5.323446902048,0.18459868895149917
5.324486902048,0.18442989032515386
5.325526902048,0.18858513748152422
5.326591413075,0.18978741803660398
5.327664093067,0.1779172013510728
5.328670815751,0.1837113495019055
5.329711488402,0.18349997217772154
5.330752157692,0.1878140754864518
5.331818566892,0.1787574991821534
5.332834392326,0.18723634578813583
5.333899049344,0.17577812041396268
5.334899088647,0.18046175798203742
5.335926196345,0.18199050091057903
5.336962584452,0.18155098055664762
5.337997081105,0.1835335203619937
5.339043239604,0.17674246449265169
5.340050824839,0.18108478933540337
5.341083343689,0.17985781434802903
5.342109054588,0.18080725386997157
5.343140427952,0.18188619090672462
5.344178100834,0.188454097668049
5.345253087872,0.18086999003429113
5.346284844797,0.1830830848235949
5.347329542197,0.176855720487604
5.348339295612,0.1820978697562072
5.349379614107,0.17646845762444105
5.350388086353,0.17916187131646927
5.351411923704,0.17872422279500672
5.352433317153,0.1816441631391495
5.353471857206,0.17779414200475394
5.354488774365,0.17728484560098756
5.355502978657,0.17500250636749848
5.356504343863,0.17576101753428386
5.357510318355,0.18737810417953277
5.358583078658,0.18014865348094916
5.359614761509,0.17510522626852223
5.360617913414,0.1866281672621107
5.36168738224,0.1814594524279014
5.36272738224,0.1861733549884882
5.363794687451,0.18132338569309814
5.364834687451,0.18122731216764923
5.365874687451,0.17434096459734977
5.366875588038,0.18108015281821102
5.367915588038,0.1844770559739342
5.368975588038,0.18088310902880755
5.370015588038,0.1807571177610619
5.371055588038,0.17841896847956148
5.372082869153,0.17666046717938721
5.37310077064,0.17548891092603042
5.374112541932,0.17940270899877236
5.375147616017,0.17925000784749623
5.376182769154,0.17993937731465748
5.377222769154,0.17981227930917829
5.378262769154,0.1811126614988951
5.379310894182,0.18220070464768176
5.380365869684,0.18089037008093634
5.381413992113,0.17567226724035048
5.38243252697,0.1792563544894489
5.38347252697,0.17912120886315763
5.38451252697,0.18484215496538386
5.385586363632,0.18267266298165086
5.386648038955,0.1788270866123478
5.387688038955,0.1738319617520229
5.388699672917,0.17317800755564047
5.389707910034,0.17407699360849205
5.39072198021,0.174639818844897
5.391740228206,0.18057754652922114
5.392793819689,0.17232127279352935
5.393799610724,0.17250408905349493
5.394806889726,0.17393480178052445
5.395823017745,0.1735082011880921
5.396837215736,0.17101866732588789
5.39783761337,0.17171762755975253
5.398843179995,0.17736023487198607
5.399883179995,0.1771067371382151
5.400923175857,0.18011083312121293
5.401982302166,0.17662273722889343
5.403022299393,0.17164065003691747
5.404034267121,0.17482093935856638
5.405066267121,0.17596837838986124
5.406106267121,0.17576362746162644
5.407146267121,0.1728702823492036
5.408170267121,0.17253831840666564
5.409193226712,0.1697052450852373
5.410200287884,0.17782853329787282
5.41125648453,0.1749586789003434
5.41229648453,0.1748499253144608
5.41333648453,0.17475726978892017
5.41437648453,0.17464076460107247
5.41541648453,0.17455130057673146
5.41645648453,0.1757065162638428
5.417503872108,0.17435606383022087
5.418543872108,0.18003550522297587
5.419618504443,0.1691068304727561
5.42062862139,0.17444834239724383
5.421671194979,0.17397082796345836
5.422711194979,0.17958796145994466
5.423785169796,0.17651221345722815
5.424841337496,0.17504787574507452
5.425889421099,0.17876051072517993
5.426960403627,0.17350923105468044
5.428000403627,0.17012744086021256
5.429020611019,0.17334181914545307
5.430060611019,0.17326107051874298
5.431100611019,0.026647817426442427
5.431260611019,0.1731760663380588
5.432300578979,0.17445147874326697
5.433348660765,0.17308961037983403
5.43438926612,0.1704589578241191
5.435414810504,0.17082456462072576
5.436443272674,0.17267725332415346
5.437483272674,0.17262967810319213
5.438523272674,0.1725538014086544
5.439563272674,0.17245712134926178
5.440603272674,0.17236310605645672
5.441643272674,0.17229232897609167
5.442683272674,0.1722060958839407
5.443723272674,0.17211830798043767
5.444763272674,0.17204084399451117
5.445803272674,0.17196658526501118
5.446843272674,0.17190539859788218
5.447883272674,0.17182464609294978
5.448923272674,0.1717215499658403
5.449963272674,0.17490564353067045
5.451023272674,0.16730714222617984
5.452037847185,0.16676898320136438
5.453049716855,0.1718864755271646
5.454093242545,0.1768828271277204
5.455167659694,0.17051979716287333
5.456204072382,0.1710156697883933
5.457244072382,0.17093256587982064
5.458284072382,0.17083095537620832
5.459324072382,0.1649203343873601
5.460328712262,0.16849796593489577
5.461355614114,0.16478931348090065
5.462360417281,0.1755676047591854
5.463431613205,0.1756256093714814
5.464503819268,0.16625762796659713
5.46551942701,0.16606473495671029
5.466534483394,0.17006215164432795
5.467574680572,0.16727697697728652
5.468598521045,0.16671251433235518
5.469619553988,0.16637246212320442
5.470639021343,0.1658862283641987
5.471656038142,0.16777014719212585
5.472685061234,0.16804498796632578
5.473716121525,0.1679848558983787
5.474747174391,0.16715629380944835
5.475773446162,0.16654788432138434
5.476796248209,0.17566501925271708
5.477875284832,0.1678226741832885
5.478906316993,0.16777540124328147
5.47993734399,0.1631035849301797
5.480940049313,0.16862323344565067
5.481977006082,0.16685380632902458
5.483003242237,0.17005167550230926
5.484049216277,0.16789392721124424
5.485081883055,0.1683980962211218
5.486117660325,0.1668530999051433
5.487143873339,0.17482722211027102
5.488219271896,0.16415616316806303
5.489229432302,0.16709621879225814
5.49025790671,0.16679046299317624
5.491284810019,0.16245016446396637
5.492285340021,0.16356352436671334
5.493293030461,0.16391950100479508
5.494303162531,0.16646640995730363
5.495329288162,0.16380253668183206
5.496339408301,0.16750217214485102
5.497372726031,0.16409321347796924
5.498385541944,0.1637857185771355
5.499397154307,0.1630987599677203
5.500405052996,0.16738863174869079
5.501439890213,0.16497564031105086
5.502460364662,0.16559901049882123
5.503485505903,0.16805964681360838
5.504526791683,0.16162781696908385
5.505528907406,0.16350644371281178
5.506543593116,0.16210301367316945
5.507550728813,0.1652175597542914
5.50857794895,0.16716921581478106
5.50961794895,0.16343146133276976
5.510635594936,0.11554831412105147
5.511355594936,0.0578552733055661
5.511716243255,0.16853840042718898
5.51276742095,0.16378722957360947
5.513789569658,0.17236706676650976
5.514864975265,0.172992450238936
5.515943389795,0.16157026448469933
5.51694994038,0.16614986442700327
5.517984877636,0.16465824546591123
5.519010820114,0.16628151820581924
5.520047235001,0.16607822322728136
5.521082879826,0.1607684694919085
5.522085898685,0.16148760622496716
5.523093515946,0.16476673303580597
5.524121994085,0.16597455991535953
5.525158928974,0.1700699520083559
5.526222208457,0.16315819931134898
5.527243010546,0.16132791909137403
5.528253053076,0.17393207433232236
5.529342892029,0.17535707406927747
5.530442892029,0.16105220625871552
5.531454366102,0.16643761337989438
5.532500792873,0.1747060628108929
5.533600356005,0.15977647904586315
5.534607022682,0.16022408753717485
5.535617417924,0.1607146974127371
5.536631902464,0.16902246572289598
5.537700021251,0.16068742937955524
5.538716527461,0.16207675606338157
5.53974282067,0.1623886950195097
5.540771939613,0.1602869826129664
5.541788606362,0.1642186936437932
5.542831186482,0.15872893531494814
5.543839871051,0.1704500534053269
5.544924055302,0.15962136059606918
5.545940055302,0.1643468799146151
5.54698685741,0.1608377071250971
5.548012307345,0.15697975295048974
5.549014089532,0.1642904451778378
5.550063327249,0.15932284554248602
5.551081602594,0.15829992414369615
5.552094024781,0.16280900813424237
5.553135952775,0.15941444245694447
5.554156755008,0.1603209406089935
5.555183809969,0.1593146814550591
5.556205039996,0.16785697511003855
5.557281646242,0.16474641633464115
5.558338789314,0.15620038497575112
5.559341712591,0.1584092953787414
5.560359330589,0.16183743411562354
5.561399468017,0.16243749926666867
5.562444054734,0.15701901952664307
5.563454281097,0.15689674371254234
5.564464183138,0.15843811323049975
5.565484629039,0.17067448446628394
5.566584629039,0.15685585022830956
5.567596175418,0.17046663286243685
5.568696175418,0.1660085671837776
5.569768183832,0.17020598954921298
5.570868183832,0.1561821200723084
5.57187839875,0.1576614346841372
5.572898825197,0.15523851717121528
5.573904221424,0.16070632663070253
5.574945795802,0.15512696974091844
5.57595190213,0.16214656913813275
5.577004313413,0.15888327793657672
5.578036295048,0.15661221381004262
5.579054281707,0.16558857694945453
5.580131787802,0.16427822398110328
5.581201993427,0.15651395031711962
5.582222401491,0.1566900948624289
5.583244969816,0.16023765640841386
5.584291745465,0.15577302751985891
5.585310009178,0.15517519101141267
5.586325080587,0.15468750767707232
5.587337703675,0.1679036760195832
5.588437703675,0.16775549472894724
5.589537703675,0.16480768570680263
5.590619182415,0.16037284961093654
5.591672165035,0.16743540840565707
5.592772165035,0.16431040692079774
5.59385222815,0.16724547998895006
5.59495222815,0.16710564741387912
5.59605222815,0.16315425081627521
5.59712722815,0.16664028431871697
5.598226106269,0.1667123845608429
5.599326106269,0.15208213674901344
5.600329936519,0.15486620650976973
5.601352528012,0.15449341037032369
5.602373247529,0.15589856532473412
5.603403787061,0.1588811021634997
5.604454324174,0.15433975053523688
5.605475036398,0.15578013769230437
5.606505565768,0.15713028066687584
5.607545583955,0.15617936846662958
5.608580352487,0.16292774582958333
5.609661047527,0.15518699232934194
5.610691566162,0.15804171607767994
5.61174208115,0.15346632446058228
5.61276276514,0.15487065246119772
5.613793274679,0.1577847863599686
5.614843781096,0.1576741653643443
5.615894284967,0.15982690759513804
5.61695988971,0.15444824406552968
5.617990386927,0.15735580196296714
5.619040881491,0.16175593169344427
5.620121538416,0.16450158324071712
5.621221538416,0.1530962001355564
5.62224583278,0.1544765620810403
5.623279949651,0.16421704042907612
5.624379949651,0.1624501933469074
5.625468695238,0.16402946161244186
5.626568695238,0.1503762749660087
5.627577584798,0.16141118858697334
5.628661183311,0.16369296949553877
5.629761183311,0.15491476314272518
5.63080321933,0.16335773453691455
5.63190321933,0.16317247849609026
5.63300321933,0.14967464425736637
5.634013368053,0.16283497298820943
5.635113368053,0.14942306442647843
5.636123489562,0.15444814456397196
5.637168368956,0.1600783274243139
5.638252252826,0.16229611244992473
5.639352252826,0.14752189522653164
5.640353117791,0.16197489610263957
5.641453117791,0.16185660403347393
5.642553117791,0.155176936144085
5.643608100541,0.1517608367338688
5.644640390597,0.15667279607058446
5.645706716004,0.1528822039084454
5.64674779109,0.16115591100985133
5.647845688934,0.1614087200207154
5.648945688934,0.1508157972036271
5.649973852461,0.1585903491744229
5.651055404064,0.1551750538621171
5.652114108754,0.14839949007552583
5.653126956312,0.15086391684084016
5.654156955776,0.15004204433369822
5.655181696318,0.14677955833256268
5.656184492267,0.16096416064747066
5.657284492267,0.1609435504589156
5.658384492267,0.1609195771105483
5.659484492267,0.16087215682469544
5.660584492267,0.1608310453694901
5.661684492267,0.1608228166816258
5.662784492267,0.1608109216486442
5.663884492267,0.1519917744475404
5.664924456162,0.028061678413742474
5.665116502888,0.15090338902162329
5.666149518915,0.15363790531669114
5.66720162193,0.1490458679010658
5.66822270229,0.1502114312329892
5.669252353285,0.1471416358225714
5.670261562031,0.14794648498482965
5.671276892427,0.15065111219126762
5.672311292265,0.15030245211052984
5.673343702284,0.15558049499047202
5.674412854484,0.15804964186076062
5.675499772256,0.14543182688285897
5.676500899852,0.15074802785428681
5.677539457895,0.158290315365649
5.678630996059,0.15898906737512464
5.679730996059,0.1583183708030452
5.680830996059,0.1544671087617152
5.681906542823,0.15623389899017276
5.682995580936,0.15766928032401326
5.684095580936,0.15756202006485093
5.685195580936,0.15746240891914676
5.686295580936,0.1573581638047026
5.687395580936,0.14523858432910192
5.688411637912,0.15709286171167933
5.689511637912,0.1451896420979246
5.690529217026,0.15681012606532044
5.691629217026,0.1426098576763611
5.69263057238,0.1514741663485886
5.693695116782,0.1444061477721687
5.694710977727,0.1462450331610095
5.695740831692,0.1560390524750549
5.696840831692,0.15585636289638075
5.697940831692,0.14631139281895422
5.698974630203,0.15172617359668317
5.700047559294,0.1555099768423603
5.701147559294,0.15550298361473955
5.702247559294,0.14572970550864764
5.7032786208,0.15541500559761753
5.7043786208,0.15535029519698623
5.7054786208,0.14288787388656737
5.706490641639,0.14439758250051432
5.707513569946,0.14251923137387057
5.708523618677,0.14735424253402057
5.709568391951,0.15503534387480766
5.710668391951,0.15491428324839956
5.711768391951,0.15486700438463258
5.712868391951,0.14234998806277607
5.713879698733,0.1547738332994044
5.714979698733,0.1546868490274372
5.716079698733,0.1546508063367616
5.717179698733,0.14139299520953322
5.718185557407,0.15456531996670414
5.719285557407,0.14412781311029235
5.720311493361,0.14170254982932937
5.721320440417,0.14951568377733246
5.722385440417,0.1438576254531516
5.723410769838,0.14155484530521206
5.724420048684,0.14779557510766406
5.72547406491,0.14170123759844033
5.726485167632,0.1411231296417631
5.727492658392,0.14907012218125842
5.728557388712,0.14605755091359415
5.729601164125,0.14555142527364925
5.730642111239,0.14224612419983493
5.731660113189,0.14452672332032637
5.732695085437,0.1445136760672519
5.733730893877,0.14008091498616976
5.73473559082,0.14209256428264558
5.735757036868,0.14391485916878669
5.736796221079,0.14460968756425086
5.737843447584,0.14240958390310265
5.738875537627,0.14331296779392264
5.739914697296,0.14323925168649748
5.740953857874,0.14316908029360575
5.741993010697,0.14069852980579484
5.743014784966,0.14723233508058126
5.744085000987,0.14287807198097086
5.745124869364,0.14669930095856
5.746193602952,0.14094381464374928
5.747220845737,0.1425039183256329
5.748259877028,0.14119819178328763
5.74929003713,0.14228405888510803
5.750328765024,0.1433194031127605
5.751375837372,0.13683259783563173
5.752376318837,0.1431381234601298
5.753423377721,0.1390256846577832
5.754440696464,0.14191605109301803
5.755479702307,0.13999193484803854
5.756505151094,0.1381347009810863
5.757517366762,0.14284679260280408
5.758564400831,0.13892075973134224
5.759583115093,0.1443086311288333
5.76064210318,0.13849607132636096
5.761659150218,0.14180990402156352
5.762701038658,0.1453330335765886
5.763769499954,0.1412001461754702
5.764808471226,0.13696614337760618
5.765816921429,0.14107067144102692
5.766855884339,0.14129209864192419
5.767896696577,0.14311364204640975
5.768951114341,0.1377289719183779
5.76996592404,0.1412043959055559
5.771006553747,0.1410354086677094
5.772046111649,0.13883445194966573
5.77306942092,0.13793986559353152
5.774086188035,0.1492341868773863
5.775186188035,0.13719472701570556
5.776197491412,0.14231241734889594
5.777246657203,0.14921154728754069
5.778346657203,0.14166004007600685
5.779390929789,0.14339081841275128
5.780448034725,0.1444222747029206
5.781512899102,0.13984916453346272
5.782544234654,0.14330192576376755
5.783601241305,0.13766748180520075
5.784616826378,0.14907856405163905
5.785716826378,0.1393344148549453
5.786745127498,0.14427633934355083
5.787810127498,0.14897023000234627
5.788910127498,0.13598293202835662
5.789914522171,0.14887069715361376
5.791014522171,0.13741630862544996
5.792030142947,0.13567582955031782
5.793033187815,0.1379967881647175
5.794053910201,0.1464048782945549
5.795137183108,0.1417270236620103
5.796186169772,0.13912908088640588
5.797216198456,0.14854337709258014
5.798316198456,0.13554595175093342
5.799320633054,0.14609472740541032
5.800404687184,0.14755622773897253
5.801504686955,0.13353181000487746
5.802504686955,0.14131428308256216
5.803564164509,0.1332867823833674
5.804564164509,0.13321831064800013
5.805564164509,0.13699563642176685
5.806593016241,0.13341374080045101
5.80759569963,0.1332987683630086
5.808598377224,0.1354107123603071
5.809617610736,0.13315821274311931
5.810620276734,0.13575339725210764
5.81164293416,0.13883540622396306
5.812689386436,0.13670892464558632
5.813720369434,0.13287382373575476
5.814723006857,0.132772646436212
5.815725636463,0.13268962624966585
5.816728261958,0.13756472865645605
5.817768343344,0.13998044676201343
5.818827500031,0.1351702602908791
5.819850731816,0.13911698690332785
5.820904291873,0.13503276573098558
5.821927506638,0.1389556194771593
5.82298105189,0.02299592329810393
5.82315546788,0.13526702847120167
5.824181838048,0.13477575996272478
5.825205032923,0.13371710076679238
5.826220608324,0.13654958199776443
5.827257955161,0.13463455807699384
5.828281131112,0.13855985434312645
5.829334630892,0.1319231179318643
5.8303380038,0.13783065512292483
5.831386677799,0.13173286067531034
5.832389218482,0.1375423638209204
5.83343627929,0.13305768357504952
5.834449661186,0.1380513650373382
5.835501572197,0.13202004764482306
5.836507889433,0.13251726840184982
5.837518395652,0.13282012147008365
5.838531753986,0.1349639784860666
5.839561874149,0.1322783957030652
5.840571808327,0.13322079428782804
5.84158920837,0.13333848246177055
5.842607694188,0.13350207793382365
5.843627650055,0.1315289189216765
5.844632819724,0.1342444360162868
5.845659093982,0.1348555808726247
5.846690195195,0.13441369325629615
5.847718219556,0.13284340392998326
5.848734656086,0.13073192117210014
5.849735245606,0.13156275269211232
5.850742524327,0.13562671913811114
5.851781276568,0.13460710775179907
5.852812521519,0.13178603856904933
5.853822482792,0.13199399978200185
5.854834433324,0.13260535587000932
5.855851314446,0.13453195160088977
5.856883299933,0.13187956685597374
5.857895410141,0.13516481256164317
5.858934230541,0.13512327166795893
5.859977476803,0.1317950898951085
5.860998887825,0.1334844480034624
5.862034381559,0.12880358668072886
5.863034381559,0.13018941789144028
5.864045701831,0.12867750996032082
5.865045701831,0.12863173054733468
5.866045701831,0.1285817978946135
5.867045701831,0.1285405060988771
5.868045701831,0.12851512893312778
5.869045701831,0.12848111227325662
5.870045701831,0.12842989707497368
5.871045701831,0.12838671140144023
5.872045701831,0.12834585799805073
5.873045701831,0.136426221217599
5.874108990055,0.12826629665143277
5.875108990055,0.13554662535986933
5.876166179908,0.1348218386575776
5.877218087036,0.12835926148721818
5.878220144761,0.1383668631692132
5.879302222826,0.12762000720082986
5.880302222826,0.12748618102674014
5.881302222826,0.13649151577378174
5.882373655714,0.12730331369337688
5.883373655714,0.1272311660527512
5.884373655714,0.13543122482795475
5.885438655714,0.1270811125183194
5.886438655714,0.12701285941331675
5.887438655714,0.1277914585303241
5.888445237651,0.13365899293254313
5.889498571619,0.12683989400157916
5.890498571619,0.12680077911862406
5.891498571619,0.12674864470211772
5.892498571619,0.12811956665488203
5.893509894026,0.13155891521515573
5.894548841719,0.12684753402273571
5.895551012803,0.1267937686713655
5.896553180141,0.12673506341130453
5.897555340601,0.12711352554784064
5.898560898658,0.12663798880493837
5.89956305105,0.1307348241815091
5.900598053289,0.1265299195125527
5.9016001954,0.12647365870030172
5.902602334639,0.12642032383372345
5.903604464045,0.12638183715111354
5.904606673718,0.1345020395632648
5.905673731577,0.1331412362282328
5.906730473454,0.13171105605594302
5.907776264153,0.13417893022206248
5.908842046807,0.12753625090694082
5.909855550079,0.12989561017200538
5.910888205304,0.13229687602022522
5.911940433989,0.1300887495638968
5.912975541336,0.13004643575582256
5.914010635074,0.12971340672814646
5.915043632419,0.13055956546653613
5.916083861104,0.1287297662116648
5.9171099512,0.12877785362064217
5.918137036233,0.13273031691784215
5.91919611978,0.12830063145826273
5.920220263936,0.1347301024359264
5.921296120484,0.12748224247589032
5.922314440556,0.12951241445041703
5.923349447203,0.1267699984643845
5.924362957993,0.1271835753128062
5.925380184753,0.12501910698044247
5.926380566607,0.12658923596501404
5.927393906214,0.12637052299075688
5.928405840316,0.12554390349953304
5.92941157558,0.12633440140254895
5.930424137177,0.12544147410683185
5.931429845963,0.12818138094114986
5.932457651761,0.129388844400201
5.933495478248,0.13238231985162652
5.934557668829,0.12537155878503045
5.935563955384,0.12530050452460878
5.936570233776,0.12759876259293523
5.937595728992,0.12433040100056265
5.938595728992,0.12715706145850608
5.939618790801,0.1261006590591317
5.940633688436,0.12619258748919096
5.941650112425,0.1260525879638318
5.942667102911,0.12332374045548289
5.943667102911,0.12278798197677551
5.944667102911,0.12266519381200398
5.945667102911,0.1225971357287584
5.946667102911,0.04902797820717215
5.947067102911,0.12256106369572792
5.948067102911,0.13048960643988672
5.949132102911,0.12385438675754414
5.950143226548,0.13331807306426546
5.951231431834,0.12708570450118323
5.952268832382,0.12969014721972363
5.953327595676,0.12251046753716924
5.954327595676,0.12895191057766991
5.955379858512,0.12459756001119911
5.956396503574,0.12844182584797306
5.95744465321,0.12441745732328215
5.958459906934,0.12368053739009516
5.959469089899,0.12258196569813662
5.96046929742,0.13059399836838417
5.961534587938,0.12286666654197924
5.962536427038,0.12290890128880477
5.963538259311,0.12294790929755624
5.964540079929,0.1229860786981363
5.965541896347,0.12304380686170421
5.966543710337,0.12311321368100425
5.96754551934,0.12418680294609442
5.968555309788,0.1254147667545331
5.969574309505,0.1311114700062032
5.970639738071,0.12873661555545782
5.971689785626,0.12248343987847442
5.972693158367,0.12887178252010328
5.973750532007,0.1305604868495605
5.974822569569,0.12860964116598964
5.975878959766,0.12289498079698426
5.976888749972,0.12466490236465554
5.977913363211,0.13081012028970665
5.978988696454,0.12811678945646557
5.980042124224,0.12958284332926293
5.981107933559,0.1265720816216097
5.982149265068,0.12297323258029778
5.983161256717,0.12650220008089635
5.984202578964,0.12950764112397253
5.985268889873,0.12747861951250725
5.986318867145,0.12138572395439956
5.987319068208,0.12172282945404736
5.988322372532,0.13087284331296062
5.989401385409,0.12627363922230173
5.990442687056,0.12268589278525517
5.991454636399,0.12140479118715729
5.992456313295,0.12137715381758267
5.993457984761,0.12134688432242768
5.994459650543,0.12130456990643818
5.995461311317,0.12126107575616915
5.996462966868,0.12238640088003333
5.997474317718,0.12115017210875809
5.99847596344,0.12103810002345497
5.999477130656,0.12297818158433363
6.000494801984,0.1209793919406278
6.001496431619,0.12094301980213924
6.002498055384,0.12474789351241324
6.003531498265,0.12493886875467371
6.004567064797,0.12455140326965754
6.005599849392,0.12074929139122409
6.006601448853,0.12246898626614883
6.00761780083,0.12373771096511062
6.00864519968,0.1212517692881101
6.009652488047,0.12162451939666143
6.010663397667,0.12211241630820034
6.011678834076,0.12080172804486636
6.01268392839,0.12129556477697712
6.013693475648,0.12160016945352564
6.0147058684,0.12465387562954648
6.015744274329,0.12540280318278144
6.016789340689,0.13107287547334717
6.0178820517,0.12083269495858595
6.018889889113,0.1211030859764238
6.019900412826,0.11979240339132577
6.020900412826,0.12014819231579081
6.021903862112,0.12960963368031414
6.022987111291,0.1190989071942445
6.023987111291,0.1184419848965497
6.024987111291,0.11821692909541483
6.025987111291,0.11813333261469859
6.026987111291,0.11913499187315726
6.027996134394,0.12230378698473049
6.029032623089,0.12846704401957343
6.030121942838,0.1178792751676646
6.031121942838,0.11784616689855092
6.032121942838,0.11781621220553727
6.033121942838,0.11778983658168621
6.034121942838,0.11834628994608219
6.03512686269,0.12674015139180006
6.036203475428,0.12126662253721195
6.037234040033,0.12329953186356904
6.03828218217,0.12764642638507706
6.039367542303,0.11775150981786879
6.040368949933,0.12169623394536414
6.041404105032,0.11770677592185934
6.042405502759,0.11771058615022857
6.0434068995,0.11771468006479859
6.044408291139,0.11770226008252552
6.045409677844,0.11810889766826797
6.046414525587,0.11864837109465216
6.047423880508,0.11898411244631561
6.04843608513,0.12132678265255475
6.049468252184,0.12078117010327456
6.050495782795,0.11965312325748001
6.0515136187,0.12259621791403387
6.052556379443,0.1268651762893934
6.053635613057,0.1211412017751161
6.054666350528,0.12068031212328244
6.055693280026,0.11993788202245845
6.056714064122,0.11941897572257291
6.057730529995,0.1198257906083498
6.05875062869,0.12023513713619591
6.059775050821,0.12255928404248523
6.060824675168,0.11877959828722807
6.061847612714,0.1180054693994442
6.062865510474,0.12158468474110047
6.063915118261,0.12653176056027354
6.065008202367,0.12269515973021511
6.06606886953,0.11924984264563479
6.067100366529,0.12028233073341783
6.068141379215,0.11681374593816728
6.069152893083,0.12575350186548248
6.070242381118,0.11900612747369842
6.071273860401,0.11777362217503017
6.072295117324,0.1165474423880388
6.073306231817,0.11583135344679203
6.074311556268,0.1183263123053046
6.075339072134,0.11523561208386915
6.076340290177,0.11517868723144235
6.077341503749,0.11511698079814085
6.078342711663,0.11505152443178383
6.079343915853,0.1217279312013731
6.080403868726,0.12616829971479201
6.08150309096,0.01147460614054471
6.08160309096,0.11470420446858785
6.08260309096,0.11464297724206393
6.08360309096,0.12520392283776788
6.084695776079,0.11451941789123866
6.085695776079,0.11447833177119004
6.086695776079,0.12005886968461471
6.087744921551,0.12564484052350114
6.088843535977,0.12294744921888057
6.089919122912,0.11426216412202725
6.090919122912,0.12438846867626388
6.092008250869,0.11413865673663277
6.093008250869,0.1140711919260085
6.094008250869,0.11402570411276616
6.095008250869,0.113982743366538
6.096008250869,0.11393991422401882
6.097008250869,0.11389756226262611
6.098008250869,0.11385381384070384
6.099008250869,0.11380284139582617
6.100008250869,0.11372944735170515
6.101008250869,0.11366277152493348
6.102008250869,0.11359729106399365
6.103008250869,0.11887864097739582
6.104055487316,0.1131373738973285
6.105055487316,0.11248681466785526
6.106055487316,0.11685777568203468
6.107097750116,0.11724329734335935
6.108144465861,0.11193128648061622
6.109144465861,0.112411057224598
6.11014915044,0.11719890595171886
6.111196977037,0.11181436441736778
6.112196977037,0.11710621946600809
6.113244676478,0.11174002543622066
6.114244676478,0.1128904298030898
6.115255115805,0.11170567493274836
6.116255115805,0.11167630240392884
6.117255115805,0.11164624599995059
6.118255115805,0.11859134409065017
6.119317608031,0.11404032672176119
6.120339654308,0.11704577515929597
6.121389002114,0.11518246455157438
6.122422130939,0.11499574550149183
6.123453988272,0.11155818302918931
6.124455352849,0.11136728203930998
6.125455352849,0.11134612712727918
6.126455352849,0.11132312289552021
6.127455352849,0.11129667757031797
6.128455352849,0.11129170162723155
6.129455352849,0.11498562998485946
6.130488635619,0.11126125559793136
6.131488635619,0.11125262575699843
6.132488635619,0.11122221152665289
6.133488635619,0.11120230026729076
6.134488635619,0.11119456966796434
6.135488635619,0.11118695607276222
6.136488635619,0.11783894764628883
6.137548503046,0.11116098832446326
6.138548503046,0.11113812189282159
6.139548503046,0.11110874180074236
6.140548503046,0.11106105454844659
6.141548503046,0.11101382082202099
6.142548503046,0.11834436996150417
6.143614956535,0.11261321756416767
6.144630154474,0.11200112204100475
6.145640145828,0.11189146649363046
6.146649508991,0.1165208880001184
6.147700987181,0.11361543767733467
6.148726564361,0.1143324700516847
6.149759068856,0.11354235732114261
6.150784925257,0.11078154974386797
6.151786371611,0.11153051505142351
6.152795059231,0.1144036032930316
6.153830185073,0.11404103929886907
6.154862543705,0.11111453397081118
6.155868818726,0.11258559830896166
6.15688906607,0.10985656750628352
6.15788906607,0.1091649839374247
6.15888906607,0.10885659885924603
6.15988906607,0.11008655948934576
6.160901483783,0.11386630209393812
6.161949740099,0.10853425193701281
6.162949740099,0.11101338588804854
6.163973155268,0.1084117062644689
6.164973155268,0.10835890191699858
6.165973155268,0.10831217413560976
6.166973155268,0.10825491592602592
6.167973155268,0.10819522264167868
6.168973155268,0.10813001964900369
6.169973155268,0.10806801703742425
6.170973155268,0.010803577051981464
6.171073155268,0.1098673936976964
6.172090416419,0.11155672055227177
6.173122665361,0.10868835194552125
6.17412672647,0.10931444333112472
6.175135461565,0.10972342819264055
6.176147039145,0.1139779365291595
6.177196841142,0.10883683884918904
6.178198605767,0.11439551701346919
6.179251035873,0.1118082453778003
6.180279334264,0.11038217551593849
6.181294311071,0.11053352791442274
6.18231042429,0.11455284599894597
6.183363256076,0.11006247509000947
6.184374775483,0.1096983176990551
6.185382964269,0.10906183940824377
6.186385301495,0.10971955477579061
6.187393794348,0.11115556606031718
6.18841554622,0.11339800239603609
6.189458001414,0.10966383628271156
6.190466469525,0.11107183681269094
6.191488197628,0.10997099556622487
6.19250018321,0.11360338182410949
6.193546309629,0.10868234146347133
6.194550293337,0.11151921173324787
6.195585480722,0.1090432138834122
6.196600019819,0.10873328179174103
6.197611836227,0.11160091622466246
6.198650304744,0.11485018770606985
6.199719300181,0.11438527254612382
6.200784300181,0.1122950091383087
6.201829975042,0.10737135517456323
6.202829975042,0.10733219852651762
6.203829975042,0.10728582163672112
6.204829975042,0.10724990847968281
6.205829975042,0.10719606105041617
6.206829975042,0.10712263714048739
6.207829975042,0.10706039535930943
6.208829975042,0.10699634822566767
6.209829975042,0.10692075784531661
6.210829975042,0.11063537035346947
6.211865464497,0.11379286966424758
6.212933015508,0.10603512651320575
6.213933015508,0.10560050211395239
6.214933015508,0.10694328104658536
6.215947338212,0.10858872742513695
6.21697859134,0.10519699546282439
6.21797859134,0.10510905086980464
6.21897859134,0.10502321672261435
6.21997859134,0.10493726984823123
6.22097859134,0.10485253402988094
6.22197859134,0.11329717455789068
6.223059834778,0.10732261287387403
6.224084834778,0.10462593054913515
6.225084834778,0.10461264893105648
6.226085345092,0.10452034877612147
6.227085851197,0.10442758924796586
6.228086353076,0.10435181511110347
6.22908685281,0.1042719276721718
6.230087349498,0.10419424720149861
6.231087839256,0.11246402486131121
6.232168546693,0.10402385330667104
6.233169029334,0.10457820481285723
6.234175657459,0.10385639994521272
6.235176132585,0.1037774479632603
6.236176603222,0.10369605365548827
6.237177069598,0.10361677318138011
6.238177531726,0.10515661457941672
6.239193595386,0.10853213241836421
6.240243028579,0.10582096665161907
6.241266910483,0.10332442392730275
6.242267346112,0.1054853480401667
6.243289373536,0.10969911976732723
6.244352991017,0.10424373033611938
6.245364440154,0.10520006374293153
6.246385701596,0.10862518134208102
6.247440891146,0.10722988185239543
6.248483124796,0.1038928134717889
6.249493330947,0.10707478312710471
6.250535121203,0.1075795081627634
6.251582498312,0.10313419341118946
6.252587120957,0.10702866819254438
6.253630288992,0.10531389179539899
6.254657375641,0.10401205746904797
6.25567242257,0.1026185628897073
6.256674561714,0.10774978317359767
6.257727576141,0.1044414955352803
6.258748920249,0.10509603679255629
6.259777945811,0.10341109282960552
6.260794316122,0.10138605241076397
6.261794661922,0.10142159715413304
6.262796939325,0.1020823515026834
6.263806355605,0.10394868321283281
6.264834411358,0.10248502753804328
6.265848327914,0.1031450812533842
6.266869279795,0.10927363407255708
6.2679512501,0.10219114675056913
6.268963306397,0.10114038229152027
6.269965228658,0.10370007201643276
6.270992827997,0.10232665561732622
6.272007207559,0.10398059392397051
6.273038457379,0.10137873328785621
6.274044375239,0.10091427342727215
6.275046095058,0.10380943293420633
6.276077002007,0.1029879296334558
6.277100315447,0.10786660372881661
6.278172779433,0.10895314618290322
6.279256692299,0.10316573248585152
6.280283536512,0.10367135253670041
6.281316156894,0.10348437180688258
6.282347781864,0.10025781024825842
6.283347781864,0.10513869839873609
6.284397083132,0.10012650840118958
6.285397083132,0.10008316491220248
6.286397083132,0.10003105748001863
6.287397083132,0.09995609168085817
6.288397083132,0.0998870026245618
6.289397083132,0.0998180374388795
6.290397083132,0.10042768950077637
6.291403819237,0.10159303533873904
6.2924243445,0.09901090104471527
6.2934243445,0.09856517141630171
6.2944243445,0.09842688017440708
6.2954243445,0.10112747067506211
6.296452712302,0.09848843847968305
6.297455096478,0.09819145159671225
6.298455265021,0.09812916830671856
6.299455426437,0.10502430494789483
6.300526574489,0.1029338409551645
6.301577012853,0.04410930050847545
6.302027314503,0.0984488556156886
6.303032799008,0.09853869213325545
6.304039890837,0.10246847716546777
6.305087867195,0.09831009458522873
6.306093876941,0.0979890153378934
6.307097160655,0.09814350299840943
6.308102613328,0.10349906103124934
6.30916354728,0.09751933625834865
6.31016354728,0.09748147879071888
6.31116354728,0.09741240381203113
6.31216354728,0.09734902739850534
6.31316354728,0.09729758158828271
6.31416354728,0.09724089815541753
6.31516354728,0.09719527410728511
6.316163632569,0.1015053882881907
6.317208672406,0.09708115328407967
6.318208751921,0.09704680566094098
6.319208825696,0.09952939938216185
6.320234806103,0.10182079220034522
6.321284976512,0.09859037195723401
6.322302440246,0.09752905642061681
6.323309376744,0.10221483502767464
6.324365362653,0.09863961132645829
6.325385585043,0.09846816258759934
6.326405796426,0.10002437683936473
6.327444414339,0.09726899405417698
6.328456441086,0.09763930634610662
6.32947386762,0.09799745913935143
6.330496209384,0.09692630540590645
6.331508225019,0.09940058102437735
6.332546822754,0.09679169631682669
6.333558829522,0.10038801820470093
6.334609083108,0.09744682174493238
6.33562925666,0.10023310042195235
6.336679348036,0.09731149283861809
6.337699511896,0.10010901268895542
6.338749588637,0.09624819145804409
6.339759659865,0.09715945858718654
6.340779801368,0.09994680750887099
6.341829857713,0.09704239982206218
6.342849991243,0.09524373062669962
6.343851710656,0.09693910626992278
6.344871836118,0.0997261457946736
6.345921873465,0.09656754174147875
6.346939209191,0.09862852550985055
6.347978908034,0.10133786470598412
6.349047811879,0.10422987148550797
6.350147763578,0.09805635347753128
6.351182981394,0.09523735816308944
6.352188611755,0.09876826266260098
6.353231601541,0.10063936144221697
6.354294585694,0.09540796951317547
6.355302478478,0.09765759266451626
6.356334180522,0.1002321916474809
6.357393228159,0.09468446840034758
6.358393777532,0.09947994008633586
6.359445011086,0.09558605721801225
6.360455087911,0.09489750374854422
6.361457880271,0.09600023692092181
6.362472277523,0.0974708196812145
6.363502294172,0.09588419319490706
6.364515614337,0.09473798312205979
6.365516873488,0.09499375704942008
6.366521062037,0.0964209520943868
6.36754047544,0.09938942708283333
6.368591360565,0.09583524767217017
6.369604827808,0.09771619922846893
6.370638426194,0.09470196278242791
6.37164034978,0.09535285898238965
6.372649312951,0.09527577974297605
6.373657566356,0.10015870864070234
6.374717416967,0.09961359523856206
6.37577141536,0.09790584105999986
6.376807358323,0.09644277287891777
6.377827857901,0.10214178807044873
6.378908855125,0.09734919224096361
6.37993959959,0.0982582250925905
6.380980586886,0.09632986634389216
6.382001573043,0.09723535258929714
6.383032310631,0.09905626267397469
6.38408304665,0.09620819318722461
6.385104025284,0.09711524745149315
6.386134757359,0.09895166487382762
6.387185487688,0.09688250159482509
6.388214929244,0.09581023119999178
6.389234686042,0.09353729017251654
6.390234686042,0.09315608200204156
6.391234686042,0.09305545391358343
6.392234686042,0.09298909588344739
6.393234686042,0.0929279751526502
6.394234686042,0.09289155905155147
6.395234686042,0.0928444025688435
6.396234686042,0.0927932324913804
6.397234686042,0.09273299172746766
6.398234686042,0.09264382421571066
6.399234686042,0.09319709532454382
6.400241822044,0.09242273447102102
6.401241822044,0.09426444634678595
6.402262762385,0.0922580813197623
6.403262762385,0.09218733112959132
6.404262762385,0.09211292039596652
6.405262762385,0.09335222808121961
6.406277007668,0.09299337471802718
6.407288081421,0.09190917583121808
6.408288081421,0.09696944295819153
6.409343659722,0.09342421610847662
6.410360931622,0.09180473996368489
6.411360931622,0.09175374497141763
6.412360931622,0.09168064450127357
6.413360931622,0.09177790665964612
6.414363006222,0.09318708707485848
6.415381481928,0.09585797345121896
6.416429991817,0.0939992519360382
6.417458653248,0.0920501401782738
6.418466230873,0.09134800435365836
6.419466519779,0.09210124892561032
6.420475455411,0.0918831787320495
6.421482323355,0.0917571339381563
6.422488119328,0.09278990082344389
6.423505493628,0.05858581640167472
6.424148002817,0.09704347956964861
6.425212625954,0.09510276998741173
6.426256338181,0.0922014084312527
6.4272686359,0.09341844256421318
6.428294785385,0.09452531794287973
6.429333553143,0.09226514456578924
6.430347934461,0.09229249267586404
6.43136311082,0.09142508247169277
6.432369221842,0.09270348866765916
6.433389723567,0.09203981666144084
6.434403291837,0.092012272649399
6.435416967227,0.0907505689819695
6.436417138955,0.09227601398115971
6.437434712757,0.0923538820401401
6.438453595682,0.09097562599514335
6.439457498519,0.09094552261829474
6.440461496543,0.09307356209933815
6.441489481062,0.09130075428184836
6.442498219706,0.09050452147039498
6.443498512424,0.0913024191596276
6.444508031964,0.09061474515045687
6.445510370136,0.0924395033436785
6.446533128801,0.09396847482759899
6.44757306861,0.09180550460565591
6.448589547657,0.09063660171437574
6.449593305256,0.0914610729341576
6.450606371032,0.09349434121679699
6.45164224884,0.09312386160518767
6.452674353545,0.0917236628033829
6.453691254463,0.09136454145498692
6.454704472039,0.09096903543821379
6.45571362429,0.09039515574268496
6.456716641549,0.09075651910832307
6.457724028768,0.09246753534561648
6.458750882765,0.09034557696028146
6.459754559865,0.08999027502672324
6.460754565792,0.09020112199574999
6.46175716401,0.09033475722328312
6.462761558979,0.09030157736022544
6.463765938592,0.09430514563157137
6.464815301039,0.09545891290500173
6.465877670635,0.09318547898189149
6.466914879598,0.09117051233484011
6.467930124215,0.0900850616275993
6.468933774368,0.09136532060115193
6.469952189941,0.09205497166273471
6.470978984287,0.09093333325129349
6.471994185903,0.08980700320113101
6.472997790235,0.09137202419781067
6.474019986505,0.09028079715442508
6.475031142091,0.09173345153169501
6.476059787862,0.09793298952862792
6.477159178123,0.09765556455954531
6.478256548774,0.09063373409823011
6.479275919925,0.08885450844902769
6.480276141018,0.08878358592350533
6.481276358703,0.0899965312308249
6.482291152079,0.09073781836635332
6.483316075322,0.08827267657915192
6.4843166471,0.09226830789619442
6.485365849903,0.08801892579286845
6.48636806825,0.09572516623141966
6.487459157876,0.09337867181096184
6.488524552344,0.09069363722727708
6.489560203822,0.09024295429743265
6.490591510881,0.09099307005216527
6.491632058752,0.08834397562180034
6.492642877116,0.09131002216949073
6.493688347836,0.09184014706007647
6.494740529303,0.09342359485312515
6.495811328774,0.0907317657001341
6.496851859183,0.08809286480321292
6.497862650916,0.09064124814980284
6.498903176365,0.08799615139682902
6.499913960995,0.0905284727614952
6.500954481756,0.08789080588923867
6.501965259247,0.09041820085123502
6.503005774702,0.08777681214079917
6.504016544204,0.09031559623460537
6.505057054668,0.08769399036959599
6.5060678167,0.09021940265222252
6.507108322441,0.09090781079317835
6.508157437047,0.08949014808298734
6.509190790829,0.05514373664814415
6.509827846379,0.08799441047922575
6.510844834762,0.08749076953020382
6.5118565473,0.08773661817543056
6.512871605798,0.08851724175841542
6.513896186126,0.08885255974636137
6.514925232614,0.0865193772549973
6.515927779412,0.08792351654748358
6.516947060499,0.0904529331886676
6.517995950517,0.08953334819083685
6.519034526851,0.08769078810353674
6.52005224333,0.08688466257454139
6.521061081528,0.08940350466717115
6.522099639802,0.08633451197305601
6.523102971764,0.08601659518033421
6.524103077728,0.08923273442421996
6.525141001433,0.08635569252303271
6.526145853843,0.08602211643481984
6.527147361488,0.08824265827645567
6.52817534145,0.08783254646403967
6.529199180226,0.08888837174121626
6.530235977685,0.08880644915196553
6.531272441272,0.08786274420428719
6.532298474626,0.0894892276703012
6.533344144879,0.08833676884888131
6.534376948236,0.08649612185674782
6.535388798934,0.08871996928611928
6.536427231014,0.08941748873936808
6.53747432114,0.0878100576482323
6.538503146946,0.08944604149170857
6.539551774618,0.08583121636841706
6.54055855573,0.08695292046654746
6.541579081296,0.08889452647205183
6.54262313232,0.08539129490161393
6.543626677489,0.09076806623359125
6.544694043598,0.08728060479235503
6.545721086193,0.08713357856321018
6.546746939033,0.08801608170021763
6.5477837612,0.08781620916929135
6.548818935645,0.0856853349368137
6.549829559533,0.08719573374672084
6.550858741697,0.08528813480882834
6.551866168585,0.08493162604168965
6.55286996305,0.08517949527665254
6.5538773225,0.08615868784487546
6.554896996415,0.08681191368852519
6.555925054942,0.08479316843001866
6.556929816313,0.08746065659413967
6.557966862105,0.08731288327479428
6.559002801792,0.08468028842553538
6.560008142038,0.08586992147365774
6.561028172487,0.08454780142014998
6.562032981605,0.08683149443477571
6.563065534981,0.08558191023009878
6.564083832769,0.08737283455003421
6.565123840177,0.08664616955645327
6.566155689724,0.08818441121521944
6.567206521497,0.08408596221552449
6.568208835786,0.08861603048998076
6.56926561576,0.08776315486865088
6.57031290919,0.08391531137628204
6.571314860789,0.08779348488737179
6.572363774422,0.08381848480565056
6.573365720588,0.087693781266642
6.574414628527,0.0837104737605059
6.575416569427,0.08610211705210673
6.57644768121,0.08774673616358834
6.577499094895,0.08522458512133019
6.57852097726,0.08596284389868974
6.579552387235,0.087575027959507
6.580603795718,0.08506627676369075
6.581625671362,0.08581493327639456
6.582657076361,0.08663338315239404
6.583698947419,0.08396842858095777
6.584709423325,0.08640034961937842
6.585749738275,0.08468767221246883
6.586770050721,0.08382203756894745
6.587780515891,0.0851537325248379
6.588807555352,0.08748948529255858
6.589863729999,0.038927860426873025
6.590333880124,0.08598927811528785
6.591372532809,0.08678474135709607
6.592421383952,0.08285082910644961
6.593423271418,0.08401790035687222
6.594439916169,0.0884039513954549
6.595510351138,0.08585299230834965
6.596550638943,0.0833329268086456
6.597561067418,0.08574410639808067
6.598601350858,0.08324043621083886
6.599611772588,0.0856550029014772
6.600652051488,0.0831451943990864
6.601662466473,0.08554716793487015
6.602702740794,0.08575131321537512
6.603746188245,0.08465584723472169
6.604776914488,0.0829418228152894
6.605787315948,0.08534155723342646
6.6068275814,0.0828444646918397
6.607837976162,0.08816991143816835
6.608913889372,0.08586122337093866
6.609962691589,0.08713630770675496
6.611027701848,0.08410610443514253
6.612055841209,0.08177353917926615
6.613056002363,0.08175941262638456
6.614056507009,0.08367505435016731
6.615081017757,0.08366982808672735
6.616106063259,0.08518871610559758
6.617150354869,0.08252183622448776
6.618162548451,0.08524098137230217
6.619208672161,0.08242773472803783
6.620220854859,0.08218580850693172
6.621230645408,0.08462116421480073
6.622270995951,0.08345640132379313
6.623297837322,0.08301742623606623
6.624320204011,0.08117686924926125
6.62532089638,0.08115915461911997
6.62632242075,0.08422898278762442
6.627362953769,0.08255711871286095
6.62838395136,0.08242014598403449
6.629404327916,0.08152298199370785
6.630414555383,0.08200648112077664
6.63143157688,0.08240417093608973
6.632454282929,0.08430384756038044
6.633501376712,0.08073645191916418
6.634504833637,0.08054039685764812
6.63550645373,0.08157998263828951
6.63652166144,0.08119332132052225
6.637532664719,0.08038726998425588
6.638534263028,0.08141971380403591
6.639549455673,0.08194169205176388
6.640571901941,0.0813078846522816
6.641587042197,0.08184195315410671
6.6426094217,0.08312912644048041
6.643648504179,0.08392484790972334
6.644698070717,0.08257439375870027
6.645731250708,0.0816809548442549
6.646753956827,0.08181742642691096
6.647779113537,0.0813374794104124
6.648798818089,0.08095321400885792
6.649814081266,0.07979453831265235
6.650815160075,0.08083599136902767
6.651829626627,0.08271520180504577
6.652868087226,0.07969629988075246
6.653869307426,0.08114100184191422
6.654889240772,0.08027502552666764
6.655898668493,0.07985952653208951
6.65690326732,0.08248645557083636
6.657941265003,0.07949432263515388
6.658941894663,0.08074799362570893
6.659958804393,0.08135296043197728
6.660983741982,0.08340250996212407
6.662034833217,0.08323599147138135
6.663084271356,0.0799158058967158
6.66409216685,0.08301476340394731
6.665139127522,0.08061236228924867
6.66615558763,0.08100647332312423
6.667176416824,0.08048398186003812
6.66818942556,0.08164278942488665
6.669216132408,0.08368642730432578
6.670268443889,0.08186513741678415
6.67129760769,0.08027391184200727
6.672306297468,0.08229902300791682
6.673340228328,0.058387057169184055
6.674073584506,0.0805535478400797
6.675085197365,0.07990156884864195
6.676088618591,0.08146579520035559
6.677111515853,0.08117885249562433
6.678130742762,0.08500220455591116
6.679197749147,0.08381791898103363
6.680248966073,0.08136348533120905
6.681268154576,0.08319535722580217
6.682309032164,0.08288959350320133
6.68334479931,0.08307194030701132
6.684381063749,0.08442263461124458
6.685431976359,0.08186879020670951
6.686449205968,0.08430703659967156
6.687495245186,0.0840004482452095
6.688536083194,0.08411060485333356
6.689576918315,0.0841691613923746
6.690617750256,0.08418473885677809
6.691658578986,0.08421761338819136
6.692699404711,0.029205315474855064
6.693060201044,0.08163590780813966
6.694068960867,0.08651825453793803
6.695138998964,0.08478632287254821
6.696189034376,0.08384607893755652
6.697227543261,0.08392863619467847
6.698265639389,0.08189644801526876
6.699277199356,0.08515075502202193
6.700327222921,0.08434696734046807
6.701365717282,0.08366397353459097
6.702395077596,0.08191048222030928
6.703403484951,0.08330951713239758
6.704431332691,0.08183413795632456
6.705442870426,0.08099626932129385
6.706444478762,0.08303352707379795
6.707471456535,0.08366292359263654
6.708506324565,0.08453765010246926
6.709551896579,0.08760568591610007
6.710635339859,0.08896269515808701
6.711735339859,0.08899461399827785
6.712835339859,0.08902936974959626
6.713935339859,0.08905044361816306
6.715035339859,0.0890502983084552
6.716135339859,0.08901362311949337
6.717235339859,0.08893726344987206
6.718335339859,0.08424999825280291
6.719378245438,0.08880485921688368
6.720478245438,0.08875208910831839
6.721578245438,0.0886962834911884
6.722678245438,0.08861092626763135
6.723778245438,0.0824151252257308
6.724803245438,0.08814951462172514
6.725903245438,0.08776793375691641
6.727003245438,0.0811376073655968
6.728023245438,0.08662312896794841
6.72911362477,0.08730612443595277
6.73021362477,0.0872363803741471
6.73131362477,0.08459125740151682
6.732381032598,0.0871065621090502
6.733481032598,0.08702413221977157
6.734581032598,0.086935540115377
6.735681032598,0.0868473711906244
6.736781032598,0.08675408902153732
6.737881032598,0.08665162010900375
6.738981032598,0.0865761317851745
6.740081032598,0.08657918619613879
6.741181032598,0.08064298283883194
6.742205427379,0.08647954390726868
6.743305427379,0.08313604501052653
6.744365427379,0.08012567886878232
6.745389279228,0.08097834263890538
6.746426365934,0.07793057324564796
6.747426525241,0.07967122955546398
6.748450984677,0.08029922798209255
6.749485573892,0.07915893625581875
6.750507336396,0.07900660487817038
6.751528874671,0.08143069874991048
6.752583228671,0.08135875823972785
6.753637563354,0.07797617185224581
6.75464818555,0.07832489862472451
6.755663616244,0.07881330267348619
6.756686449268,0.07903950641956001
6.757713244412,0.07692101234786526
6.758713334266,0.0798126258318472
6.759751956182,0.08247552103372705
6.760826433118,0.07812723940238939
6.761845413514,0.07936237182294928
6.762881629065,0.07702688272710334
6.763888407915,0.07911443999029819
6.764923533842,0.08049375660984423
6.76597780901,0.07921651801300121
6.767016397272,0.08186936307805633
6.768090839504,0.07696799597336777
6.769101953422,0.07739784997862398
6.770119480032,0.07956048768668271
6.771166087088,0.07797295951101547
6.772192816929,0.0775296604645559
6.773214934651,0.07636607299183462
6.774222874389,0.07818236334354371
6.77525598042,0.07933376372332289
6.776305480389,0.0760585277019297
6.777312732794,0.07907313156397676
6.778360945143,0.07797432879642376
6.77939559834,0.07603162116291456
6.780405407516,0.07541002004634612
6.781407745141,0.07618701702708731
6.782421207136,0.0786232516158382
6.783468032735,0.0782896229925939
6.784511474128,0.07524804861138482
6.785515343508,0.07633937316266615
6.786534579265,0.08122702253315413
6.787619878309,0.0761911227125717
6.788638825804,0.07718687543471543
6.789672245328,0.07935763689194758
6.79073589541,0.07594173471648395
6.791754657504,0.07717597176268773
6.792790703593,0.07479599298638952
6.793795525538,0.07624238052122122
6.794820820616,0.07507632702157765
6.79583165452,0.07468631497443107
6.796838748996,0.07447581698258773
6.797844209786,0.07450410263008347
6.798850551902,0.07558276588514237
6.799871823319,0.07663298933658463
6.80090783838,0.07667488936320697
6.80194513195,0.07998501195143484
6.803027767087,0.07892113230465295
6.804096531538,0.07392980344938636
6.805098242964,0.07661015642478693
6.806136840395,0.0738547412665993
6.807138541488,0.07654361061614474
6.808177129074,0.07378975040603997
6.809178822128,0.07646542088296356
6.810217400838,0.07370709805850413
6.811219086213,0.07665620082685608
6.812261441439,0.005469752731399945
6.812335841439,0.07576649973236797
6.813366854918,0.07640687025572869
6.814407360285,0.080717070798533
6.815507360285,0.07487744844924007
6.816528454812,0.07481427558506994
6.817549359098,0.07995146980957199
6.81864181546,0.08039118053749472
6.81974181546,0.07354873900562117
6.82074890428,0.0765501009684606
6.82179732735,0.07360689718177439
6.822805846873,0.08021857817185923
6.823905846873,0.08015647040497866
6.825005846873,0.0800888532574436
6.826105846873,0.08002415717442243
6.827205846873,0.07996561434236135
6.828305846873,0.07991224316201405
6.829405846873,0.07985484403670975
6.830505846873,0.07399227179801855
6.831525846873,0.07613857776425435
6.83257616907,0.07608404298664748
6.833626490948,0.07962244130227862
6.834726490948,0.07955490043289476
6.835826490948,0.07948602909144796
6.836926490948,0.07731506670187628
6.837997279808,0.07595649031237381
6.839049879433,0.07933656123425484
6.840149879433,0.07929403793768272
6.841249879433,0.07924498312226151
6.842349879433,0.07918748238372053
6.843449879433,0.07351439651073245
6.844471680852,0.07515645582711188
6.84551680156,0.07387740469640151
6.846544608162,0.07354462813027096
6.847568115163,0.07559665830738226
6.848620518211,0.07378136144904666
6.849648407672,0.07342154890849907
6.850671901158,0.07327752270456442
6.851693619134,0.07235488024329736
6.852702710083,0.0745638618702621
6.853742952365,0.07513694489503121
6.854791980617,0.07591615244519025
6.85585263489,0.072555842764297
6.856867250531,0.07178132224436598
6.857872278018,0.07299325921089161
6.858895165985,0.07140865122364727
6.8598964325,0.07213339936933703
6.860908485245,0.07205707580446245
6.861920235731,0.07221421950650751
6.862934829193,0.0738999916428582
6.863973713659,0.07240438167917254
6.864992179488,0.07270870683712738
6.866015544342,0.07530063735437452
6.867076143346,0.07199358613813489
6.868090717147,0.07368434208458656
6.869129581535,0.07219960035864306
6.870148023616,0.07230896433013805
6.871168828005,0.07182532263519714
6.872183222719,0.07146006054760369
6.873192571732,0.07174323533896763
6.874206497309,0.07323392455109284
6.875242146743,0.07147060910466671
6.876253357722,0.07100619103235015
6.877258629854,0.07096963692849322
6.878264112673,0.07108205703833669
6.879271747718,0.07118947236449537
6.880281494597,0.07180426648113356
6.881300593435,0.07175911828352761
6.882319687318,0.07172641210385347
6.883338776467,0.07059679519460219
6.884342209627,0.07175950973511809
6.885362627716,0.074363270050418
6.886420545348,0.07042974837625852
6.887422973047,0.07068582162224474
6.888429573954,0.07072004296100548
6.88943716134,0.07022146856894301
6.890438116705,0.07071728176094766
6.891446686518,0.07079874982153543
6.892456983053,0.07070083734184686
6.893466635591,0.07077017942837342
6.894477599204,0.07226633159023621
6.895510132029,0.07127030562314166
6.896529119083,0.0703564437963748
6.897535762251,0.07039741235629247
6.898543646225,0.07060928493635014
6.899555193678,0.07330155703409588
6.900606030288,0.07192574625959826
6.901638163909,0.070595950287392
6.902653476145,0.07274783530697732
6.903702405345,0.07094658789262394
6.904726719689,0.0700345565684509
6.905738605649,0.06941159648461705
6.906742274285,0.074587415018853
6.907821638943,0.0693170272805146
6.90882562404,0.07055562981699108
6.909847890045,0.0723107098282806
6.910895777663,0.07584538646911919
6.911995777663,0.07578567208506184
6.913095777663,0.07574051714321836
6.914195777663,0.07570701518506517
6.915295777663,0.07566868899803453
6.916395777663,0.07493836811631872
6.917485777663,0.07475307494149452
6.918573628385,0.07555114824086369
6.919673628385,0.07551038220845
6.920773628385,0.07546457531560725
6.921873628385,0.0716712209497208
6.922918590734,0.07541970902633541
6.924018590734,0.07536787052320004
6.925118590734,0.07086635370325646
6.926153579085,0.07526542612655013
6.927253579085,0.07371089613025898
6.928331419939,0.07057066848660884
6.929363849924,0.03213077393018146
6.92983412975,0.07095332639763209
6.930873088359,0.07172858842611021
6.931923924996,0.06967719313693858
6.932945039095,0.070317944446248
6.933975873231,0.07164246704653826
6.935026706164,0.06958543704379551
6.936047814884,0.07022424971599642
6.937078645053,0.07360067929370734
6.93815974982,0.06877799669008187
6.939170765237,0.07081123266647027
6.940212418405,0.07072896169880417
6.941253518706,0.0713596342622751
6.942304342681,0.06864337945194424
6.943315703154,0.07267056182691774
6.944387067538,0.06922954983692209
6.945408156921,0.06854618643056208
6.946419516649,0.0698420830182552
6.94745033094,0.07051078430379393
6.948491414729,0.06845407382945323
6.949502767294,0.06840454952868388
6.950514117124,0.06897388711630355
6.951534656545,0.06944667515415337
6.952562979324,0.07101554840024439
6.953615118564,0.0702029289965481
6.954655783968,0.06967176850671669
6.955689271972,0.07087838879173548
6.956741187476,0.0700875344617449
6.957781628577,0.0678357179284336
6.958788853067,0.06947463589444434
6.959820991861,0.06761354826055002
6.960826248313,0.06994689782055734
6.961866865808,0.07125883339662255
6.962927657665,0.06755221471071385
6.963933792308,0.06835612827168423
6.964952312348,0.07035108385642484
6.966000980442,0.06799786523374932
6.967014950411,0.0696404868514466
6.968053765806,0.06794693870549204
6.969067948489,0.06952530175585478
6.970106409365,0.06812531752372405
6.971124398969,0.06842485042334973
6.972147348825,0.07087178138937823
6.973207450313,0.06777224833602455
6.974221614316,0.06938084324024929
6.975260056011,0.06798925520696861
6.976278024182,0.06828082777881397
6.977300955414,0.0707207517749776
6.978361034625,0.06762641662288359
6.979375179597,0.06921560891958613
6.98041360223,0.06780924570582866
6.981431549023,0.06810125899321982
6.982454461346,0.06746235763567258
6.9834681545,0.06656214813120179
6.984468593941,0.06714018935112218
6.985478125965,0.06699959140830468
6.986486127921,0.06842623716959025
6.987516173614,0.06795855341460366
6.988539674657,0.06906317355651331
6.989580326728,0.06804860712679495
6.990606220875,0.07089583501122246
6.991675386073,0.06629258959624909
6.992675407964,0.06693961048581404
6.993685671137,0.06682076858362222
6.994694628935,0.0663016126956044
6.995696318174,0.06636766058606522
6.996699533423,0.06662060238598855
6.997706946708,0.06632109088693217
6.998710365546,0.0677170657080773
6.9997352535,0.06805361731151602
7.000765561026,0.0669181798410836
7.001779270283,0.0672992008003817
7.00279925996,0.0670848858585135
7.003816533563,0.0666793742825866
7.004828134978,0.06650941716204092
7.005837591324,0.06603842364079021
7.006840315476,0.06677069842090459
7.007854654251,0.06739645642598448
7.008879103448,0.06655560853548051
7.009891227077,0.06587517310888828
7.010893475378,0.0661317388999009
7.011900211153,0.06598946112752281
7.01290517332,0.06597095715786441
7.01391013126,0.06582180850753418
7.014913173989,0.03103059541730015
7.015386170989,0.06570793041564557
7.016388227402,0.06589828933758274
7.017393807731,0.06575481772033526
7.018397685315,0.06572343241647016
7.019401558804,0.0659528002096895
7.020409391527,0.06606450572530821
7.021419271985,0.06657347321156848
7.022437248147,0.07100590930887338
7.023523565282,0.06732966661707189
7.024554274122,0.06572583204707848
7.025560865885,0.06599739025206819
7.026572043953,0.06988832542985922
7.02764368701,0.06606928292743545
7.02865784898,0.07029777028244175
7.029739394077,0.06802539279025352
7.030790092676,0.06592282318584687
7.03181102281,0.06650007461061556
7.032841719277,0.07033166923765936
7.033932608868,0.06769225146924794
7.03498330342,0.0657471046039543
7.036004227876,0.06437629768305095
7.037004316469,0.0656800437321376
7.038025238527,0.06627246321239469
7.039055928818,0.06751579453157615
7.04010661806,0.06557613857810969
7.041127535372,0.06617705075339005
7.042158222154,0.06741867606728505
7.043208907944,0.0654979560521684
7.044229820801,0.0661015998893676
7.045260504228,0.06734061131538664
7.046311186629,0.06540996971529006
7.047332094946,0.06599116352080604
7.048362775048,0.06724428873896937
7.049413454135,0.06725824850555523
7.050464583881,0.06912186496617728
7.051545486106,0.06588141775652703
7.05257616154,0.06713262524432109
7.053626835962,0.06520010695038976
7.054647733607,0.0657958211464868
7.055678405605,0.06704500735553069
7.056729076595,0.06512770855215275
7.057749969617,0.06572262962916744
7.05878063816,0.06695683945733447
7.059831305709,0.06732878279569295
7.060888313629,0.06561593381290794
7.061918978683,0.06875724277267216
7.062999642648,0.06683522352071478
7.06405030546,0.06493266678168375
7.065071187602,0.06552755574523192
7.066101847986,0.06621411466327817
7.067143657105,0.06359776680080656
7.068144577763,0.06352957830160755
7.0691450531,0.06448088707762631
7.070161020656,0.06356290731186964
7.071162803703,0.06628163128623273
7.072207957686,0.06361499185391695
7.073211529318,0.06415859839488902
7.074224012295,0.06380625700082183
7.075231325783,0.06338551513480682
7.076232549864,0.0634579068421197
7.077235326485,0.06329725843011057
7.07823590549,0.0637383181122954
7.079243980545,0.06371185494258416
7.080252051453,0.06332354954014119
7.081254361402,0.0636419059613915
7.082262211886,0.06374150859765157
7.083271940091,0.06340020980897702
7.084276597324,0.06331453784087834
7.085280400741,0.06321987727548932
7.086283138251,0.06304956643261388
7.087283677918,0.06376755572152534
7.088296170703,0.06337942849770498
7.089302928159,0.06336033781503173
7.090309681319,0.06324489682025164
7.091314944321,0.06321849562871372
7.092320203019,0.06359585982343448
7.093331985757,0.04880811971114267
7.094108918329,0.06319908409151852
7.095115337931,0.06294053031083811
7.096118033372,0.06291657162199249
7.097120724613,0.06275504100090025
7.098121218357,0.06319870599795835
7.099129207518,0.06317121086138545
7.100137192471,0.06305380112878815
7.101143900724,0.06301660671264456
7.102150604469,0.0633848910211335
7.103163600531,0.06331084112784355
7.104175813933,0.06369479541076808
7.10519460272,0.06308163772954334
7.106203977643,0.06312621159112698
7.107214481997,0.06353402865438802
7.108231987876,0.06305028005641013
7.10924227265,0.06246675802886148
7.110243567875,0.06353977785208809
7.111262333294,0.06291898203814086
7.112271684881,0.06295297647835267
7.113282164038,0.06336307705470137
7.114299642804,0.06288764526462869
7.115309901177,0.062309540761713536
7.116311170117,0.06247802141732711
7.117315371512,0.06274228633817751
7.118324272065,0.062348982600178446
7.119327225757,0.062437934501783254
7.120332102808,0.06218061604792671
7.12133347177,0.06314930060474394
7.122350916922,0.06268446114152715
7.123361141712,0.06210819293281619
7.124362377908,0.06316428180840872
7.125381084751,0.06276197318623021
7.126393717093,0.06309923517624208
7.127412202464,0.06296125208190656
7.128428915307,0.06312300339233226
7.129448666144,0.06259829633649902
7.130460277195,0.06227654660864228
7.131467003393,0.06260793847580909
7.132479526918,0.061908861875287095
7.133481224097,0.06796593691719173
7.134581224097,0.06302950707147956
7.135601612445,0.0636336336976052
7.136632193907,0.06361060244540556
7.137662773773,0.06482442347542751
7.138713353198,0.06295985190693658
7.139734124082,0.0635353823859541
7.140764700963,0.06473837404709509
7.141815276763,0.06472908274764481
7.142866233521,0.06652664017458776
7.143946997902,0.06340120755143375
7.144977569806,0.06581929903270554
7.146047950251,0.06457371732439512
7.147098519734,0.06271434172421032
7.14811927742,0.06329539458226638
7.149149844475,0.0645046288686429
7.150200410505,0.06264819823673488
7.151221163606,0.06322019257256883
7.152251727268,0.06442231207697142
7.153302289925,0.06176497271892024
7.154309929299,0.018105209053926194
7.154605386558,0.06424919324703164
7.155654346328,0.0630893652490772
7.156684905097,0.06429521213454818
7.157735462872,0.06184061415922672
7.15874639055,0.06301085614253327
7.159776945924,0.06420734986131377
7.160827500251,0.06235751842824866
7.161848237159,0.06292821766099274
7.162878789089,0.06412548728195118
7.163929339999,0.062281238247305415
7.164950072891,0.0628535134014635
7.16598062129,0.06405221207011948
7.167031168585,0.062210290435438714
7.168051896715,0.06278075312748489
7.169082441532,0.06393312894454105
7.170132361224,0.061740824277864516
7.171146671375,0.061918541779731426
7.172164422527,0.0624974487126675
7.173192546257,0.06385555086237038
7.174243444385,0.06384985111285602
7.175294340764,0.06382153714771276
7.176345235246,0.06379141438469929
7.177396127731,0.06376228940930946
7.178447018413,0.06372952638294443
7.179497907292,0.06370150887689136
7.180548793823,0.060945744031267415
7.181554587811,0.061121517393824425
7.182563788269,0.061551231234590394
7.183580622849,0.0611718677703034
7.184591653655,0.061849183245415836
7.185614289766,0.06208228414605317
7.186641225419,0.060559736993981754
7.187643461134,0.06129078477886298
7.188658153055,0.06165859525305305
7.189679273071,0.06094255293660208
7.190689076878,0.060367443161887344
7.19168978689,0.061896970999069656
7.192716202481,0.06079624228072224
7.193724862684,0.061213282909072846
7.194740874222,0.061230030496526595
7.195757560569,0.061024858426897956
7.196771300922,0.06115794656322697
7.197787724867,0.060733652412164364
7.198797496774,0.061037325337132894
7.199812710061,0.06124781405624998
7.200831879915,0.0614261292225333
7.20185451161,0.061642751915369144
7.202881198514,0.061208404307150216
7.203901063836,0.06160125676774199
7.204927907429,0.061139655556673396
7.205947552549,0.06052569336728825
7.206957434239,0.06061583217421689
7.20796922107,0.061100037528206294
7.208989490268,0.060509036981608685
7.210000420773,0.0607368686839997
7.211015590537,0.06032465004748242
7.212024250196,0.061140444338747296
7.21304704966,0.06041466136188209
7.21405817667,0.060924948096047864
7.215078280709,0.06084821069316755
7.216097602679,0.06077310192282201
7.217116142619,0.06058531623747225
7.218131920517,0.06055965986430047
7.21914769414,0.060375770945354026
7.220160917664,0.060347647706387605
7.221174137078,0.06018780589906215
7.222185018827,0.060815920719448656
7.223206928232,0.060263856910635884
7.224220135996,0.060189272083696434
7.225232562167,0.05990450916409735
7.226240671955,0.060177395756824376
7.227253869467,0.060153763153674225
7.22826706358,0.06012968086743832
7.22928025478,0.06009986313054756
7.230293442951,0.05937895540163755
7.231294959834,0.06004469260771539
7.232308140809,0.06051628302255287
7.233329723482,0.047380833946842116
7.234129910214,0.05958060518927149
7.235136568712,0.059468938264365855
7.236141674216,0.06095889028047039
7.237172444833,0.05962369972653543
7.23818114978,0.06028804849536403
7.23920146224,0.059641854443353466
7.240211220656,0.05978964190192214
7.241223945258,0.05976106971139137
7.242236666107,0.06051862682249049
7.243262606057,0.06011416974971345
7.244282107431,0.059911223796999036
7.245298635199,0.06219563331682802
7.246354464191,0.06476316693858888
7.247454464191,0.06473956230753805
7.248554464191,0.06471256759121793
7.249654464191,0.06468044312575877
7.250754464191,0.06465391855427556
7.251854464191,0.06092938090224544
7.252891510852,0.060192579007205704
7.253916480555,0.059346292589243774
7.254927570147,0.059219875748733206
7.255937103831,0.05917620818826216
7.256946409893,0.060521106759040835
7.257979009038,0.05993847785031831
7.259002042536,0.0594554957944985
7.260017344087,0.05971959764453209
7.261037530005,0.06018587627780513
7.262066080054,0.05859164518731605
7.263067884266,0.058657869427434166
7.264071213627,0.058471836539895704
7.265071739662,0.05857208211201577
7.266074387638,0.05880187293812423
7.267081431179,0.059237508333505
7.268096396423,0.06107315771477383
7.269143234462,0.05937552509021463
7.270161411098,0.05959276357182305
7.271183692638,0.059537989340586336
7.272205495923,0.06052695547589264
7.273244782324,0.05835989245071072
7.274247272426,0.06034041528642853
7.275284348253,0.05944267369511674
7.276306492794,0.06005397095866179
7.277339579684,0.058557416013598255
7.278347324097,0.05989537063501973
7.279378571299,0.05827695692317776
7.280382459156,0.060671891756300264
7.281428028171,0.0592993859679123
7.282450445751,0.05982143564866243
7.283482370679,0.058377471425444506
7.284489750032,0.06062568794073691
7.285536381247,0.06046167807316964
7.286584295003,0.05847987948563136
7.287602811915,0.05911465133184513
7.288634130019,0.05925148613843614
7.289668724981,0.05799700556490959
7.290682102904,0.061829428049538705
7.291762939566,0.057661803516767945
7.292771404718,0.05935984334775097
7.293810131107,0.05787162371250151
7.294823295526,0.058451823885328005
7.295847031143,0.0571055248229209
7.296847520832,0.05796566477734256
7.297863503634,0.05709653284991124
7.298864650765,0.05704173468813842
7.299865143711,0.058362174568551556
7.300889216949,0.05811893714655475
7.301909440872,0.05835210813533581
7.302934157262,0.05781614724163042
7.303949934071,0.05759496292050737
7.304962222601,0.056950988863721366
7.305963584643,0.0396008556015815
7.306660112899,0.05780597622352315
7.307677190004,0.058272713516597664
7.30870291133,0.05794204439955501
7.309723233631,0.05697307029474177
7.310726953719,0.05839144362982029
7.311756122166,0.05677123359127313
7.312757092134,0.05712709096349138
7.313764762794,0.05772829693110254
7.31478356844,0.05702338292445501
7.315790451616,0.05733479411380785
7.316803311679,0.05741516002840949
7.317818019909,0.057043301442964094
7.318826546004,0.05747889328722735
7.31984315491,0.05739299778044068
7.320858659472,0.05764942275042619
7.321879107518,0.05761352163114383
7.322899382116,0.05678116499627859
7.323905355361,0.05665474625104947
7.32490942582,0.05762563090640704
7.325931276512,0.057049170582427866
7.326943371804,0.05787457275019968
7.327970393463,0.05743743755160131
7.328990024505,0.05647652983087776
7.32999303563,0.05656742670525499
7.330998107298,0.057279726387996
7.33201623807,0.05654159447380465
7.333021727796,0.05672445556897493
7.334030849814,0.056566351339818834
7.335037535489,0.05668093206500556
7.33604671891,0.05629415440465021
7.337049366957,0.05692995772516608
7.338063688117,0.056874916680595175
7.339077468503,0.056723225410262444
7.340088969197,0.056205021950385646
7.341091667303,0.05653731231720732
7.342100785473,0.057915430291342426
7.343134935877,0.056705182266014544
7.344147932242,0.057012252041205747
7.345166875434,0.0568710793796285
7.346183649242,0.05593050623925223
7.347184035082,0.056074659454571595
7.348187421425,0.05699516590778435
7.349207666722,0.055876082238285905
7.350208238906,0.05627539873890963
7.351216398308,0.0564182173107014
7.352227607124,0.05633576545791318
7.353237667067,0.056019449428888084
7.354242365557,0.0559022904089894
7.355245346285,0.057178929594098135
7.356271634023,0.05678716003703562
7.357291180423,0.05654737041650845
7.35830661469,0.055749376025496365
7.359307951408,0.057393132926822354
7.360339139243,0.05641101658087167
7.361352881352,0.05855091780489124
7.362405220938,0.05889939428974754
7.363464042391,0.05829641405911496
7.364512277525,0.06116127988448329
7.365612277525,0.061151235036476397
7.366712277525,0.05670397215250732
7.367732501919,0.06112131683448127
7.368832501919,0.0561146989457679
7.369842613494,0.059285224372755393
7.370909957174,0.061087749478044004
7.372009957174,0.06107230520958191
7.373109957174,0.06105949247449294
7.374209957174,0.0610492505321103
7.375309957174,0.06103314330465803
7.376409957174,0.05998772140673454
7.377491416996,0.05652950792903251
7.37851079998,0.02458183281915485
7.378954182726,0.056421325644750026
7.379971977947,0.057342427302917415
7.381006535722,0.05617417239100369
7.382020251825,0.05641409376914346
7.383038490882,0.060774367622091756
7.384135723882,0.058003771353771605
7.385183272902,0.05798744072141042
7.386230820585,0.05545862787135651
7.387232952911,0.056341645319913126
7.388251240215,0.056132283040092816
7.389266076775,0.056777060694166895
7.390292911616,0.06070300121081978
7.391390988293,0.060062765774930825
7.392477819633,0.05599135301262939
7.393491319573,0.0577492218329589
7.394536888858,0.05790681219060299
7.395585576518,0.060626931575811026
7.396683960427,0.056290344312821254
7.397704132935,0.05760600455895793
7.398748364924,0.058287788581229356
7.399805252482,0.05736762532417824
7.400845807895,0.05567395311181481
7.401855983029,0.05889377093998524
7.402924919078,0.05626638859967819
7.403946470033,0.057809886805798405
7.404996460913,0.055705731905889753
7.406008641361,0.05560938251605809
7.407019418457,0.05689627901093008
7.408053927214,0.05726869636527114
7.409095581598,0.0576718242935446
7.410144993649,0.056458525282630574
7.411172637632,0.05576304560111086
7.412188026986,0.05505020674612886
7.413190937345,0.0567312635493705
7.414224769141,0.05711300073760467
7.415265875028,0.05663620095817652
7.416298760026,0.05672428842197812
7.417333633903,0.057558275505529354
7.418384111685,0.05633126568354506
7.419412687487,0.055640142432813997
7.420429104072,0.05591944778384423
7.421450991118,0.05529359406810766
7.422461830316,0.0564431385687364
7.423494096351,0.056125780628537694
7.424520906965,0.05743930112531239
7.425572168429,0.05567403250448339
7.42659155484,0.05605307110708011
7.427618318975,0.055841727829971856
7.428641674577,0.054893653191412387
7.429648744004,0.058043476631610434
7.430718994791,0.05537081945782205
7.431744869313,0.054642111390641124
7.432758187389,0.055047527316728226
7.433779783299,0.054263028778629215
7.434787535428,0.055557258695563785
7.435819906587,0.05416804086120904
7.436826986683,0.054273314847932554
7.437836555233,0.05465440646623999
7.438853632034,0.0543056122711423
7.439864611314,0.054164336204549295
7.440873354014,0.05368181698204489
7.441873429152,0.05798665855609647
7.442954081251,0.05457481972109868
7.443971580582,0.05511357023947628
7.444999563529,0.05512698141136413
7.44602821506,0.05495906535632865
7.447054095657,0.0544333637392714
7.448070566798,0.05366613217183577
7.449073192025,0.053637411899730515
7.450075678252,0.05463098601154474
7.451097073243,0.054831594426785465
7.452122706253,0.05487300011523445
7.453149654314,0.05662640642776108
7.454209920255,0.05421741589116102
7.455225608649,0.05432665568218673
7.456243753412,0.05429531905911207
7.457261671717,0.05687132265485593
7.458328332822,0.05458739155619402
7.459352605,0.05351560590742382
7.460357239448,0.055133755984423695
7.461392681503,0.05593187367786473
7.462443557044,0.053407998036614904
7.4634474782,0.05498627522759588
7.464481490423,0.054717346783861705
7.46551083327,0.05332701804404694
7.466514418652,0.0558715859401305
7.467566347263,0.054655199031945434
7.468595843462,0.05767379571441686
7.469682727842,0.053036424537125794
7.470682727842,0.055765437660035756
7.471734652729,0.052988942606799184
7.472734652729,0.04078979979614499
7.47350472906,0.05551437182170133
7.474553205028,0.056523717366062654
7.475621258443,0.053431396112431605
7.476631333525,0.0578152541906364
7.47772478549,0.055503124500995205
7.478775009135,0.05389946897477513
7.47979530616,0.05545823134458164
7.480845527864,0.05385458743046552
7.481865822151,0.0548893070959985
7.482906114864,0.05539777540273523
7.483956479082,0.052734084548216965
7.484956768985,0.053131646633485755
7.485965018434,0.05374533123692444
7.486985305928,0.052673386461736374
7.487985592136,0.05265256645406009
7.488985876517,0.054211241204144486
7.490016229919,0.05470898649277325
7.491056511118,0.052583433952995466
7.49205679156,0.05466205270974997
7.493097070166,0.0550065368214193
7.494144382044,0.05458974002582712
7.495184226578,0.05511501677400249
7.496234570264,0.05402619114144389
7.497264645989,0.05243539354754864
7.498264918358,0.0565961768632517
7.499345057592,0.05239258612615596
7.500345326775,0.055534009040084625
7.50140599362,0.05270196956892488
7.502413016226,0.05395979992347534
7.503444463879,0.052305917614637265
7.504444728123,0.05694997371563579
7.505534306059,0.055551891621651805
7.506597522884,0.05287213817261153
7.507609876754,0.05351248266314411
7.50863489752,0.05241832101109024
7.509639353219,0.05369207008753289
7.510668698275,0.05409810325135799
7.51170630408,0.05384686464737772
7.512739512117,0.05330875687212436
7.513762813194,0.05356329042787121
7.514791507045,0.05455582234641444
7.515839695423,0.055053470106516525
7.516897837236,0.05370000602869633
7.517930469147,0.05556188242320798
7.518999391032,0.05389592603843677
7.520036661222,0.05463007569520333
7.521088486397,0.05348626289183233
7.522118749593,0.05290778708381057
7.523138317726,0.05350657167938131
7.524169926407,0.052269636769731384
7.525178112076,0.05208703941537089
7.526183164297,0.0522180643764515
7.527191180281,0.054290229032938175
7.528239571102,0.05226208610153174
7.529249229942,0.05205221119263638
7.530255294894,0.05198997924384962
7.531260595295,0.054055011510024904
7.53230631505,0.0522947297389404
7.533318450583,0.053513707080446095
7.534354628905,0.0541488719826438
7.535403518269,0.05276246267114984
7.536426006553,0.05410848808694311
7.537475116044,0.05248738517248838
7.538493281972,0.055542577329111636
7.539571174801,0.05207188940188518
7.5405821897,0.053641260857968096
7.541624258129,0.052010063361713745
7.542635114281,0.054237920442956736
7.54368973856,0.05284223394744286
7.54471770788,0.05318116116171845
7.545752756756,0.051788422667549905
7.546761175268,0.05626345039626317
7.547857209351,0.05225272426787505
7.54887563615,0.0513518105982803
7.549876986577,0.05162828366136356
7.550884229225,0.05202927324645209
7.551899896985,0.05132874647175468
7.552902418558,0.05188206329922355
7.553916197587,0.05149484257389896
7.554922969768,0.052459022250247136
7.555949174946,0.05112269281852388
7.556949644748,0.015634587153823844
7.557255694529,0.005458074065357232
7.557362556025,0.005212857457481844
7.557464626173,0.008252445252773858
7.55762622434,0.019905904219414308
7.558016073636,0.01617018144757408
7.558332802151,0.051553652474701964
7.559344238342,0.05131284939432362
7.560354049258,0.05179070745525804
7.561375201471,0.05171994858411499
7.562395876652,0.05132325859805239
7.563409410623,0.051717247669146066
7.564431278831,0.05420064499487683
7.565502817563,0.05169827632046794
7.566525348211,0.0526600278377369
7.567567626602,0.05057285016390814
7.568569152503,0.05314331978972235
7.569621621122,0.05266012438553838
7.570665177368,0.05127026413978364
7.57168286204,0.05101511630298072
7.572695653778,0.05156818489981519
7.573719193961,0.05037621911871186
7.574719998681,0.05177921083597198
7.5757494424,0.051703098717413104
7.576777846374,0.051278496857776225
7.5777980592,0.051995111743117266
7.578833038726,0.05054031862965471
7.579839369863,0.05163705783534222
7.580867696009,0.05024960216432639
7.581868773164,0.0507720520142743
7.582881001871,0.05200986751738513
7.583918992957,0.05045271320225431
7.584926625312,0.05175505438613256
7.585960592469,0.05063732062480412
7.58697271876,0.05051987450514473
7.587982988098,0.05001879991839868
7.588983530099,0.05024097753999238
7.58998890462,0.0501736578588785
7.590993381689,0.05259033391501136
7.592046704665,0.05110516503395294
7.593070664217,0.04992818396219826
7.594071439311,0.05142159638728985
7.595102590396,0.04998528579109432
7.596105370073,0.050932825947204226
7.597127604205,0.05033099616873002
7.598138501065,0.050828116497364344
7.599159869213,0.05099483761834755
7.600184770344,0.051906459896522865
7.601228467683,0.051584493269632256
7.602266183937,0.05025859246254521
7.603277704233,0.035135073786614165
7.603985090662,0.049711600909376256
7.604986278741,0.04994722537902431
7.605992671379,0.05020172450781337
7.607004668565,0.05035319113331103
7.60802015924,0.0516387377842361
7.609061974794,0.05025345056017708
7.610076228448,0.04964339684637624
7.611078597763,0.04956528487696833
7.612079844385,0.05060458805864195
7.613102531834,0.05010952679664477
7.614115621191,0.05048433420884436
7.615136745704,0.050499173947499344
7.616158614951,0.04958840588684579
7.617162499382,0.050229673617410917
7.618179892131,0.04977336868908172
7.619188456983,0.05219705298085132
7.62024654627,0.05105445229339953
7.621282024844,0.05033905437115908
7.622303522915,0.049916956784068565
7.623316887416,0.04969197859189189
7.624326125826,0.05053395588353193
7.625352906276,0.05008758427929366
7.626371581349,0.05007657286252924
7.627393121636,0.049267494264373574
7.628400866529,0.049173750082889794
7.629407434611,0.04888185318900279
7.63040859512,0.049224378386445215
7.631417277091,0.04895424888327084
7.632420994568,0.049284250032396996
7.633432001342,0.049095496712189025
7.63443954211,0.04875189186549843
7.635440528526,0.049799805187574535
7.636463566262,0.04917916414158006
7.637474267631,0.049818327249595354
7.63849853966,0.04896967423337859
7.639505845861,0.048729478021020296
7.640508646303,0.049929473023852845
7.641536618355,0.049488227981872766
7.642556036386,0.04870746077698653
7.643559768161,0.04884668702969857
7.644566796843,0.023241097598739626
7.645046119042,0.04923326557646717
7.646061817548,0.04948249536131109
7.647083167699,0.04911384081681032
7.648097403346,0.0484646959407977
7.649098642292,0.052632753121198285
7.650186430367,0.04841230203390854
7.651187407186,0.05239841426787508
7.6522712799,0.04858260394496052
7.65327666915,0.05020843338361034
7.654316130121,0.05088120450595963
7.655369946848,0.048291459057910796
7.656370590183,0.051084852583117596
7.657429588042,0.050920271851159396
7.658485710634,0.04919537007542861
7.65950666004,0.04951494922899899
7.660534557272,0.05021690315269429
7.661577306219,0.05082414158805377
7.662633171375,0.05044249064918353
7.663681599804,0.048189815357630755
7.664683631587,0.05116938782722643
7.665748068154,0.052314943477318146
7.666836824359,0.049973646587048455
7.667877298845,0.04837153410067085
7.668884807551,0.04926544772265345
7.669911371312,0.04874880273717916
7.670927623779,0.04863857300787709
7.671942019271,0.050486115549344714
7.672995387067,0.0480979098715169
7.673999326902,0.05083774631886472
7.675060787942,0.04915667490427678
7.676087179736,0.04830430144034066
7.677095851115,0.048576564694172826
7.678110647601,0.04943959931225494
7.679144017139,0.04995395919772692
7.680188539643,0.050101357347392385
7.681236518297,0.04897822709441961
7.68226147605,0.048160534606347644
7.683269771039,0.04775425969180319
7.684270037155,0.047945709791993654
7.685274780662,0.04858551674560852
7.686293309842,0.04773143252229595
7.687294301909,0.04862151214843006
7.688314383239,0.04781092646963404
7.689317898838,0.049300469600051786
7.690353087119,0.048680047316255706
7.691375709972,0.04787711679312541
7.692381912151,0.04777495112693692
7.69338635112,0.047587649754270794
7.694387270188,0.04871466212852518
7.69541234745,0.049027221780283556
7.696444458603,0.01232737426823566
7.696704045418,0.04881976611764826
7.697732349772,0.047631117205239
7.698736089814,0.04889574471708115
7.699766943687,0.04811098317332806
7.700781629854,0.04771884887931613
7.701788473104,0.04749119306770027
7.702790924592,0.04738675927993295
7.703791550473,0.048401676910499965
7.704814048087,0.04779434726698692
7.70582414867,0.04838365274039183
7.706847134406,0.047850447461551905
7.707859312867,0.047400065446113984
7.708862380825,0.04827646764925383
7.709884392801,0.04733222864691501
7.710886877622,0.04830893153025029
7.71191056012,0.04836069593922637
7.712935844019,0.05076847132866762
7.714012577942,0.04857580479801045
7.715043171141,0.04826275936847566
7.716067563057,0.04817673070769473
7.717090569274,0.04736969944853414
7.718096857316,0.047889904611205826
7.719114590271,0.04723111905428822
7.72011875402,0.04836001260172767
7.721147417595,0.04802304359100133
7.722169382042,0.04742427296808282
7.723178956544,0.04709218823049745
7.724181852604,0.04979398655595348
7.725242864856,0.047077779813916525
7.726246468541,0.04700908354019387
7.727248987434,0.047187728066425856
7.728255794292,0.046904695097428
7.729257007876,0.046868905630439266
7.730257819995,0.04748871827305194
7.731272247669,0.048215291617382756
7.732302628069,0.047501947029231335
7.733318201027,0.04777778102638895
7.734340197876,0.046892630320053294
7.735343761142,0.04751836139484968
7.736361112012,0.04940475523899663
7.737421261709,0.04732549477541236
7.738440108759,0.029393864971706304
7.73907375481,0.04695121392925546
7.740086407667,0.04637939950655905
7.741087375789,0.04737139992586895
7.742110306167,0.047954483572519205
7.743146413941,0.04757675371142816
7.744174919839,0.049213584212629356
7.745239283221,0.04698163523623964
7.746255803267,0.04720583161223806
7.747277669389,0.04665182361179248
7.748288051473,0.046249970991122054
7.749290137378,0.047111628457871826
7.750311308283,0.046478705476170494
7.751319170832,0.04632468892445567
7.752324109505,0.046361848768749776
7.753330311982,0.04654370139069379
7.754340848481,0.04663032926084205
7.75535365836,0.04644270277529758
7.756362872404,0.04617794180451794
7.757366769249,0.04760173218424726
7.758402039681,0.04835277833398437
7.759454123836,0.04735741681135985
7.760484959422,0.04654180498252268
7.761498404487,0.046676099076105954
7.762515232352,0.04635731089139432
7.763525523984,0.04890864809926845
7.764591763722,0.04986418081629694
7.76567929212,0.048145032993373776
7.766729815206,0.04720286333336247
7.767760259408,0.04855762264736493
7.768820838107,0.04797253388025996
7.769869142054,0.047881268075501804
7.770915848582,0.045823258760411385
7.771917975816,0.04591937092883564
7.772922654515,0.0472780903438476
7.773957514414,0.04871513671600617
7.775024225075,0.047053584063625656
7.776054944864,0.04794585495604463
7.777105693301,0.04976322291881395
7.778196778491,0.04790266296278021
7.779247593593,0.04652626788474304
7.780268723571,0.046949720956184784
7.781299603726,0.047841206211026034
7.782350511543,0.04647179432852087
7.783371765716,0.04735098316401926
7.784412830445,0.047779691639010705
7.785463830871,0.04594181505906122
7.786474859982,0.04587647187107045
7.787484899,0.0463307993771415
7.788505391905,0.045852386256366236
7.78951576539,0.04989794904418259
7.79061575789,0.04611147856109951
7.791632747249,0.04580428839604058
7.792643324866,0.04578273635614264
7.793653921334,0.045583364632238985
7.794660745692,0.04531767318444244
7.795662132493,0.011112828911124452
7.795907739495,0.046048590547975866
7.796925733059,0.04594885867825756
7.79794199483,0.045353218485152565
7.798945642522,0.04538918355084714
7.799950538255,0.04555373865600977
7.800959410915,0.045359367423965596
7.801964416366,0.04550204514263544
7.802973016561,0.04537095505731311
7.803979083665,0.046451359659221515
7.805009540107,0.04625518988089255
7.806036116731,0.045908397409301034
7.807055405399,0.046285054696848335
7.808083654805,0.04519458964799678
7.809088106227,0.045322512306083765
7.810095658127,0.045333007689226636
7.811103860169,0.04530063836644558
7.812111664391,0.04531129032765039
7.813120092678,0.045201707844054154
7.814126553089,0.04575980813043601
7.815145907927,0.0454027848622459
7.816157745739,0.0449613766305487
7.8171602214,0.046362259714496035
7.818194358197,0.04550840637427458
7.819209808456,0.044923843117352875
7.820212625414,0.04632629543795135
7.82124711547,0.045473177200477416
7.82226291178,0.044890703859178344
7.823266071483,0.046288922171974035
7.824300914234,0.045432580531384895
7.825317058789,0.04484916219054438
7.826320561558,0.04624821242211649
7.827355758324,0.04542536491029451
7.828372918249,0.04571309822834961
7.829396911213,0.045111946730776877
7.830407845527,0.04548702917711441
7.831427655574,0.04515377466051835
7.83244041006,0.04497259327095146
7.833449440787,0.044860868761708854
7.834456338188,0.04462987417554174
7.835458497643,0.04461716395359291
7.836460768548,0.044764158814508535
7.83746669804,0.0446648580801185
7.838470791681,0.044504038106661925
7.839471685551,0.04562437954918566
7.840498183436,0.027209911050088225
7.841110563805,0.04515785475993221
7.842127225882,0.04477638969131753
7.843135682856,0.04615636349431185
7.84417561476,0.045885240705206234
7.845209862899,0.04587247082045287
7.846244230143,0.04440628377405045
7.847245921567,0.04447575942810448
7.848249608702,0.0453089672575846
7.849272564469,0.04460705765132472
7.850280042037,0.04444447164092395
7.851284198817,0.04443069320896321
7.85228846552,0.04433536866536348
7.853291049827,0.045587359217055784
7.854322395786,0.045322200397588656
7.855348104125,0.04505201242628047
7.856368085672,0.04508301321318949
7.857389195502,0.04520661106298881
7.858413520505,0.0451588379703251
7.859437192949,0.044389735788056474
7.860443836723,0.0457852157302122
7.861482517308,0.045143664967691025
7.862507112701,0.04426087628938123
7.863512076834,0.04512074595173147
7.86453876411,0.044405744590527096
7.865552444283,0.04418270964089624
7.86656267488,0.04446476360499814
7.867580104543,0.0438678265619628
7.868584462227,0.04371429935426218
7.869585842632,0.04369367989024756
7.870587329888,0.04468726539043993
7.871612073216,0.04445847728496402
7.872631941199,0.04424690826913598
7.873647408773,0.04377641932702497
7.874652536506,0.044462812817283745
7.875673804249,0.04507689609396089
7.876709615787,0.0438041357399274
7.877716591688,0.044315040910231876
7.878735677126,0.04386574006908857
7.879744774972,0.04563999898541249
7.880795090796,0.044323569767704935
7.881815552563,0.04473672208690986
7.88284593142,0.043434806147771836
7.883846743458,0.04687525980034012
7.884927324127,0.04467949023633598
7.885957791552,0.04377564270859753
7.886967953453,0.043308176471959337
7.887967953453,0.04327446126921549
7.888967953453,0.04323769591416301
7.889967953453,0.04322201740443101
7.890967953453,0.04321130717649479
7.891967953453,0.04318722395457797
7.892967953453,0.04398494598388955
7.893986880816,0.04314958226603894
7.894986880816,0.04356972115382899
7.895997131275,0.044877093396743686
7.897038176037,0.04441874556719737
7.898068980846,0.042676814240578106
7.899059821715,0.045159087869944214
7.900108823284,0.044360873287597316
7.901139723239,0.04520338852272874
7.902190649942,0.04390828475962101
7.90321192621,0.04430688687672569
7.904242915775,0.04514822708496932
7.905293933157,0.043855925356609655
7.906315328759,0.04495639703450662
7.90736283421,0.04639090142528238
7.908444312457,0.04421155670044638
7.909475452574,0.04503600862581215
7.910526217282,0.04421163148799135
7.91155820317,0.04356428079875981
7.912575520498,0.04320762926053275
7.913584958505,0.04325669881051863
7.914596057187,0.043449567112895986
7.915612155436,0.04282820965008747
7.916614171284,0.04367685765296565
7.917636455738,0.044228575694370165
7.918672097402,0.04345866969900115
7.91969019485,0.04310429816400094
7.920700406984,0.04315426743314181
7.921712279617,0.043345754001799595
7.922729156075,0.042727838446537145
7.923731937648,0.0432879573964811
7.924748318518,0.043157199702383776
7.925762064825,0.04483714170611684
7.926815725444,0.04371270941016959
7.927843477787,0.04284161488134116
7.928851152964,0.04362127233168461
7.929877641856,0.043108370899138396
7.930892541234,0.04333555955644593
7.931913209366,0.04389080656720681
7.93294748258,0.04349552142003738
7.933972874991,0.04315836713211608
7.934990729174,0.04285776766706712
7.936001999665,0.0425778742649372
7.937007162689,0.04361452217159578
7.938037297622,0.042981958729065
7.939052958676,0.043077810554706816
7.94007136101,0.04268711081982795
7.941081053491,0.0438167915653284
7.942118179554,0.04333867625458986
7.943144564179,0.04300786946793061
7.944163402666,0.04232182978648927
7.945166353806,0.043021813823343226
7.946186326337,0.0434726823039632
7.947217458623,0.042478642574205326
7.948225485388,0.042530014931198706
7.949235174961,0.04235789825748676
7.950241230902,0.009503119984522268
7.950467002073,0.043285027296104374
7.951495640749,0.04300944914069365
7.952518247151,0.042994965034590285
7.953540959775,0.042831151706314505
7.954560191543,0.04201550821971829
7.955560447803,0.04209403074172576
7.956562995755,0.043232514305155
7.957593075244,0.042189560645839286
7.95859876576,0.04225702689697834
7.959606467441,0.04206966371544103
7.960610084262,0.04221361682930766
7.961617583252,0.04251300456440617
7.96263264112,0.04187801319111378
7.963632982661,0.042878531644526895
7.964657710496,0.042985612072120725
7.965685477481,0.04208773850070129
7.966692252933,0.042998012567560674
7.967721338256,0.043583372828559064
7.968765022548,0.0435660266459188
7.96980882528,0.04293175428116694
7.970837948371,0.04292481417740981
7.971867504828,0.04271888863554013
7.972892695689,0.04270089267531183
7.97391799793,0.04251682910626849
7.974939450257,0.04249882037011947
7.975961012894,0.04233257358813868
7.976979082373,0.04231432493252786
7.977997260216,0.042162146438549215
7.97901230281,0.04214737185376726
7.9800274512,0.04276711402662048
7.98105800136,0.04256574566993068
7.982084178991,0.042550888598152606
7.98311046847,0.042372447866580475
7.984132904438,0.042358149840003044
7.985155451197,0.04219346146612271
7.986174504632,0.04140872308626603
7.987175086237,0.042271776099592574
7.988196955648,0.0424241155307374
7.989222967693,0.041456828796029264
7.990226080829,0.04251499829392097
7.991255236901,0.041649551556298924
7.992263854245,0.04179083356014741
7.993276325922,0.042443814600883235
7.99430707695,0.043476681379213726
7.995366382737,0.041431516716543916
7.996377287753,0.04200455388391777
7.997402879964,0.04180055399870923
7.998424253329,0.041234974525265755
7.999432469546,0.03110650442151622
8.000193436333,0.04185882316501612
8.001217987013,0.04138068470736115
8.002231329237,0.041771950909667864
8.00325472583,0.041035685005211514
8.00426065055,0.041556452624433214
8.005279827727,0.04217298338856923
8.006314715319,0.0418873332650149
8.007343048489,0.04191140601064511
8.008372233482,0.041938656780195
8.009402581963,0.0407145467286064
8.01040333371,0.0408659897324645
8.011408145134,0.04104878313069218
8.012417803136,0.042269090867265026
8.013457957472,0.041643768561136316
8.014483185772,0.04155255483511937
8.015506534579,0.042487239443096805
8.01655325932,0.04273112402832382
8.017606480436,0.040779085583296175
8.018612128384,0.041750039604658506
8.019642078886,0.04064413766985589
8.020645063048,0.04154898252542352
8.021670775742,0.044509609584187856
8.022769931953,0.04229170852304103
8.023814742374,0.04127956048793549
8.024835055126,0.04067901121417642
8.025840929253,0.041362899711494205
8.026864044579,0.041410685741138986
8.02788864116,0.04258377022384737
8.028942654231,0.04052646352069942
8.029946141955,0.04121197923693633
8.030966940479,0.04044998073756653
8.031969301987,0.04069492082922919
8.032978129236,0.04054558252699304
8.03398351817,0.04102269367332042
8.035001124344,0.041008105078827274
8.03601883448,0.04089587072163002
8.037034111873,0.04088708614907962
8.038049493113,0.04075779827389374
8.039062077547,0.04074549411789131
8.040074764916,0.04091314431049476
8.041091980176,0.04066539485376794
8.04210348039,0.04069783498989813
8.043116238195,0.04059604361146522
8.044126803064,0.04058596489682274
8.045137470972,0.041038011953680904
8.046159766963,0.04060902082804364
8.047171703166,0.04051006969305622
8.048181313762,0.040425769664276634
8.049188729374,0.009715632104606874
8.049430834209,0.04085662316649917
8.050449156412,0.041161270835429864
8.051475433869,0.041036351627082954
8.052499034483,0.04102303144864731
8.053522740768,0.040916059375367804
8.054544011679,0.04060431161919385
8.055557763367,0.04043520387424737
8.056567746472,0.040888351719943025
8.057589331191,0.04103392068343043
8.058614894719,0.040844790210589385
8.059636203975,0.04062213177789434
8.060652424662,0.04037852956743431
8.061662823311,0.0401399307176178
8.062667501401,0.04132891643554192
8.063702317242,0.040195777033411685
8.064709020535,0.0405838837552382
8.065725637653,0.04036718362399741
8.066736908969,0.04011375667417761
8.067742106697,0.04130557071774668
8.068777453631,0.040177899359875056
8.069784675097,0.04052510049969678
8.070800899256,0.04009020983194142
8.07180651349,0.04013765237733666
8.072813641279,0.04057270896049643
8.073831992309,0.04025220593499328
8.074842648012,0.040290414738890196
8.07585468516,0.03992490884830714
8.076857649975,0.04151008959890641
8.077900762465,0.040725205391795166
8.0789245385,0.04003745940789922
8.079931301487,0.04121165198319493
8.080967932139,0.040080265669933224
8.081976416677,0.04045739173915158
8.082994869407,0.0403911728071362
8.084012131927,0.04049904679629661
8.085033178472,0.04024129394369012
8.086049265455,0.040007670547317166
8.087060631724,0.04051428094389072
8.088085724801,0.039702649880175814
8.089090795605,0.03964375998067094
8.090094853127,0.03970600472938529
8.091102505981,0.039607864417980705
8.092110641893,0.023868801043353403
8.09271902073,0.039687021717814575
8.093731321189,0.03984692066525381
8.094748371078,0.039310492541952
8.095752263016,0.039627661626036585
8.09676499745,0.039356610738862395
8.097771169456,0.03917177811465561
8.098773118099,0.03962629991275557
8.099787537879,0.03985145724233705
8.100808247937,0.03903176099115957
8.101808632377,0.03920092545334851
8.102814139515,0.03956162078659794
8.103830143281,0.0389886995838537
8.104833055891,0.03895963573492738
8.105835795405,0.039276835018821364
8.106846890948,0.03956560456746183
8.107865741933,0.039047716776505974
8.108871635254,0.03895504641901874
8.109875476971,0.039015441849649286
8.110881080386,0.03937350079258765
8.111896205277,0.040535984167093725
8.112941668137,0.03944537084856494
8.113959407207,0.0388600550615396
8.114962308352,0.03905638932582218
8.115970764296,0.040001046363928094
8.117004151561,0.04003255217004392
8.118038612595,0.039910871596104146
8.119070332204,0.03958556858914643
8.120094144276,0.038791021475580396
8.121097933215,0.04127123578565709
8.122166183661,0.04019181551553611
8.123206759787,0.03920734160780109
8.124222181441,0.03966335193988419
8.125249655373,0.03957894436782334
8.126275157505,0.039046555221922574
8.127287146529,0.04015486580832488
8.128328232909,0.03861633649491688
8.129329706141,0.04132635421606389
8.130401876218,0.0400093735204758
8.131440423941,0.038813307661286434
8.132448311881,0.021915512621629645
8.13301762595,0.03990206754739014
8.134054284957,0.04027257546745542
8.135101166831,0.040745459047785454
8.136161122392,0.0410550253200066
8.137229336074,0.03991159376806058
8.138268190482,0.038719574957132054
8.139276541069,0.03915374824094778
8.140296727211,0.03868676238111186
8.141305214376,0.03983799157376129
8.142344255449,0.03831782417918242
8.14334430066,0.04021687648747282
8.144394932191,0.0408652797236789
8.14546370353,0.03971256272234719
8.1465029302,0.038357296829651
8.147506721186,0.0408926112684735
8.148576918262,0.04002488892199564
8.149624654504,0.038218613131775214
8.150625416135,0.038346009502448514
8.151629923172,0.04020835515226568
8.15268419393,0.03845054441742284
8.153693541029,0.039588704968487445
8.154733153186,0.03843397141628213
8.155742645682,0.03823632755008741
8.156747333763,0.03981164805433142
8.157793892756,0.0388548386535457
8.158815770778,0.03876556895036335
8.159835594414,0.038674325824106306
8.160853094512,0.038529672916269284
8.161866841033,0.03860913482688489
8.162882989689,0.03878134355188312
8.163904180818,0.03848245379931835
8.164917851925,0.03820643752695263
8.165924732464,0.03858698528761506
8.16694295803,0.03821395499365788
8.167952374878,0.0395872902696979
8.168998015082,0.04046211651682281
8.170066561287,0.03860879186063931
8.171086511424,0.0379967688118535
8.172091128382,0.03864350375782637
8.173113658009,0.03918837175010639
8.174151529775,0.0383633697532633
8.175168551146,0.03857871896227458
8.176191302225,0.03773201894478162
8.177191546625,0.03818834804680977
8.178204278756,0.03800053024519414
8.179212571323,0.03781824960915767
8.180216914893,0.03775483385917815
8.181220753933,0.038105486372193104
8.182234776739,0.038490386183408255
8.183259442645,0.03797488237354916
8.184268698795,0.038306432291989594
8.185278827471,0.038244210598987013
8.186290719934,0.016514966298699224
8.186732849372,0.03748929907630186
8.187740471711,0.03807970607146509
8.188767872027,0.0374334649063157
8.189779849963,0.037529260124312895
8.190794213031,0.037041184920863536
8.191795044883,0.03832183861161248
8.192830773281,0.03739702934443972
8.193842931787,0.037057597146648275
8.194847383595,0.03717240597445531
8.195855908015,0.03712157927614853
8.19686343804,0.036981895138547605
8.197867579423,0.03722396156340648
8.19887901139,0.03752783818665465
8.199899421546,0.03750794218759646
8.200919831702,0.03689965374004753
8.201924529914,0.036909991228449984
8.202930821079,0.003208139279923326
8.20301835627,0.002730007509633607
8.20309287505,0.0018429944449534538
8.203143199147,0.004344395395834582
8.203261832297,0.007455702086275522
8.203465397437,0.013331076722985105
8.203829122782,0.02140681377844227
8.204413271113,0.027612377692611798
8.205167717171,0.029935421750095843
8.205987791076,0.02755997284855282
8.206744908358,0.025133157317484545
8.207435116871,0.026014759808477735
8.208148441,0.027018245800744644
8.20888917983,0.032065531696283976
8.209768341901,0.030813745068338994
8.210612447917,0.03482444138742192
8.21156630176,0.03669245886507467
8.212572386784,0.036742410749924466
8.213580694322,0.03709890675243403
8.214599564766,0.02431561200984168
8.215267906552,0.02225597013359109
8.215880043259,0.027830410418918518
8.216645975058,0.029994770408378658
8.217472321673,0.024062503160153938
8.218135592563,0.03644361538856841
8.219137893741,0.024594586373407428
8.219812053043,0.007810155559934532
8.220026120935,0.030247484215225943
8.220859473371,0.01433751338643065
8.221256476879,0.03514682711327044
8.222231039492,0.036203845193228945
8.223234976914,0.012930562220701061
8.223593478879,0.01935372840434256
8.224130311927,0.003967005453493231
8.224240395923,0.011117464928376352
8.224548926081,0.016162605895414784
8.22499751138,0.013016704377243603
8.225358893461,0.01244514947335615
8.225704570575,0.011734470802785809
8.226030605868,0.003787442745726971
8.226135836819,0.022563163154026247
8.226762413967,0.010731630022023746
8.227060310039,0.03153205056143676
8.227936494208,0.011169085221471472
8.228247258741,0.008646718941212514
8.228487944799,0.03614159916058302
8.22949461118,0.023804470195755892
8.230158124138,0.03614348889564817
8.231165846695,0.01578158299719079
8.231605918252,0.03598632955711742
8.23260967874,0.01014526744287934
8.23289270589,0.02390639274904004
8.233559745466,0.030538690201654173
8.234411989054,0.0157961367496532
8.234852724956,0.018060448660971864
8.235356658944,0.023036230401181385
8.235999621778,0.027998515403302074
8.236781009386,0.03075507744296373
8.237639243948,0.023029305987606982
8.238282033474,0.012023986001957788
8.238617742283,0.026079349727397054
8.239346065694,0.01746198040318932
8.23983373562,0.02531197881279993
8.240540757902,0.03041841896289262
8.241390574053,0.00540571712561857
8.241541594867,0.010362705516834762
8.241831186701,0.0028475917064279504
8.241910789588,0.020489279066192613
8.242483604581,0.02893516523479663
8.243292286786,0.015166087938405504
8.243716188221,0.03601781917275069
8.244723326894,0.02170955985687419
8.245330531447,0.02135936192654279
8.245928263568,0.035956297675232264
8.246934704691,0.016652727905260047
8.247400837664,0.03587943422781401
8.248405358089,0.022303944695226587
8.249029997022,0.030983781770550514
8.249898036804,0.026956265577714154
8.250653517749,0.034080211237186575
8.251608913314,0.0195692078149406
8.252157619068,0.016763574272577676
8.25262773071,0.03249879756845528
8.253539128489,0.027838211518143117
8.254319911296,0.0356559984748227
8.255320588243,0.02443363784448065
8.25600658741,0.021635921273913096
8.256614017344,0.019311068848965503
8.257156261754,0.01529165924560853
8.257585685604,0.035887924230899475
8.25859349669,0.027908707532394647
8.259377453466,0.01346886271099701
8.25975593879,0.01803809905503197
8.260262928473,0.026573167978778418
8.261009852594,0.03740384731968442
8.262060873593,0.03597394687466178
8.263071207855,0.03338186991494859
8.264008845939,0.03247969562894463
8.264921218057,0.022970862886678954
8.265566266894,0.018698508220780223
8.266091451667,0.024066820986797063
8.266767463349,0.024040757335579428
8.267442607605,0.02758793076241784
8.26821810028,0.007750523604727345
8.268436196691,0.015927022447023622
8.268884448959,0.03074188591873663
8.269749881885,0.025064041225245873
8.270455782303,0.03586795582968435
8.271466366144,0.012053359024849115
8.271806059511,0.02729470564639165
8.272575521501,0.01394821952094212
8.272968805463,0.03561820207283273
8.273973724329,0.03566167966317281
8.274980492026,0.009837955777323321
8.275258220357,0.032721655894309754
8.276182061449,0.03559663272080969
8.277187461296,0.03560276241605199
8.278193370503,0.018189264881589513
8.278707372766,0.01612811884695418
8.279163346108,0.024255640662609622
8.279849408347,0.024928779079710486
8.280554708866,0.03158851259767922
8.281448856923,0.018340084761012836
8.281968256458,0.0161381457092765
8.282425432381,0.018040975549843807
8.282936605019,0.008858707240565998
8.283187626794,0.01402726476838658
8.28358509214,0.010577341263617524
8.283884791832,0.013064723798061714
8.284254971218,0.015480310148709757
8.284693611766,0.03427613580598204
8.285665304401,0.019074052809703777
8.28620637392,0.008096015004750446
8.286436113034,0.0352550399922413
8.287436959348,0.03661577502609533
8.288477194945,0.035338449059493945
8.289482101449,0.03522616373348606
8.290485139626,0.022676719738627428
8.291131560829,0.03557203772359269
8.292146230294,0.031385891354110455
8.293042155394,0.030767321563163915
8.293921530765,0.014263803439092912
8.294329394713,0.035053715530156376
8.295331546258,0.035117978867478014
8.296335996848,0.031627554884363585
8.297241044484,0.0327676853250944
8.298179195901,0.024149988506500672
8.298870960339,0.020599174532793307
8.29946104988,0.021836955433516544
8.300086663128,0.005616311104419713
8.300247621129,0.018581826519869074
8.300780078868,0.0024190529981093205
8.300849384094,0.03553468798214705
8.301867541711,0.013776315912636193
8.302262340372,0.009806457987281603
8.302543440085,0.013418486913540747
8.302928177473,0.026698008916105395
8.303693451062,0.03201979172711356
8.304611364856,0.015221395109848932
8.30504793289,0.019753057441539684
8.305614526674,0.020666047854213873
8.306207373854,0.02348630196133272
8.306881225302,0.023969937268654196
8.307569217912,0.02269279094283509
8.308220888801,0.015086766794080681
8.308654301999,0.03268316413314279
8.309593587419,0.023473184437438267
8.310268533635,0.019835236091834612
8.310839077992,0.01614741501897591
8.31130364106,0.01085760096150885
8.31161607958,0.027262022862309866
8.312400705131,0.00803058414616859
8.312631855821,0.006773852680430202
8.312826851421,0.020384016166688917
8.313413758056,0.018037985165725638
8.313933149991,0.026509764844957602
8.314696867831,0.023927586630667297
8.315386917108,0.00929530880713809
8.315655141644,0.00926077301384027
8.315922458829,0.02710997048367886
8.316705494503,0.013376750813461938
8.31709210111,0.029231510558962694
8.317937171544,0.028020323684576645
8.318747552801,0.017533071501361776
8.319254814705,0.022507599069017347
8.319906078279,0.021901365876137738
8.320539894496,0.01622989769059189
8.321009672256,0.02244393777371473
8.32165944564,0.007486651895179021
8.321876217763,0.02792664989943266
8.322684863836,0.03456287108913749
8.323685866462,0.034665636255307414
8.324690184026,0.016576617888511863
8.325170558209,0.005191143804822898
8.325321016065,0.015006786929020948
8.325756048411,0.022949787697471576
8.326421395629,0.014341629874241769
8.32683718247,0.022676478135729827
8.327494788782,0.034682390223431815
8.328501141593,0.034722492003174156
8.329509374024,0.034657371291225654
8.330516551408,0.034362112506956345
8.331515444991,0.034570094058437965
8.332520381767,0.029228359288729782
8.333370480053,0.022541963492035993
8.334026439176,0.024891059302416883
8.334750877204,0.009253571470268299
8.335020209113,0.013491433153652232
8.335412929673,0.010053280484489693
8.335705612468,4.5649446388415655e-05
8.3357069416,4.564940437001422e-05
8.335708270732,5.478197728483261e-05
8.335709865691,6.57348578453775e-05
8.335711779642,6.573820469159489e-05
8.335713693592,6.573468207313147e-05
8.335715607543,6.573802849208418e-05
8.335717521493,6.573450555212901e-05
8.335719435444,6.573785154525445e-05
8.335721349394,7.888187016091437e-05
8.335723646135,7.888517657319692e-05
8.335725942875,7.888161357041264e-05
8.335728239616,9.451557572437243e-05
8.335730991507,0.00011359086038089678
8.335734298814,0.00011359059173269236
8.33573760612,0.00011359032241860778
8.335740913427,0.0001363094041638855
8.335744882194,0.00013630901401307245
8.335748850962,0.00016341368714556267
8.335753608989,0.0001635676750592213
8.33575837151,0.00019628046175403555
8.335764086536,0.00019628307813530842
8.335769801561,0.00019627882357874178
8.335775516587,0.00023553350383579915
8.335782374618,0.0002826420752148145
8.335790604254,0.00033916342970348175
8.335800479819,0.00033916440875332885
8.335810355383,0.00033915852420354753
8.335820230947,0.0003391595169672933
8.335830106511,0.0005125605090988255
8.335845031317,0.0004624701576810801
8.335858497724,0.00046182355210412597
8.33587194536,0.0006933196510347431
8.335892134176,0.00027322756687942184
8.335900090415,0.00012634175268072946
8.335903769432,0.00012634143940300145
8.335907448449,0.00019275337371405709
8.335913061263,0.00029025338367222027
8.33592151337,0.00022384713734632865
8.335928031838,0.00018820751339470118
8.335933512414,0.00028307926096434366
8.335941755735,0.0004247620986724904
8.335954124949,0.0006391357450036269
8.33597273692,0.00038300073992521267
8.335983890196,0.00025392681969902466
8.33599128482,0.00038103245286320257
8.336002380912,0.00038100606016805395
8.336013476273,0.0003804199975062186
8.336024554711,0.0003106004884576381
8.336033599939,0.00031060244733402913
8.336042645166,0.0003048424626074586
8.336051522753,0.00030483765297686694
8.33606040034,0.0004577226625316013
8.336073730232,0.0006867689847245943
8.336093730615,0.0003967080228020701
8.336105283775,0.00035243828348375964
8.336115547806,0.0003524365708503863
8.336125811837,0.0005307359012424662
8.33614126853,0.00047797729894262584
8.336155188804,0.0004779741391395061
8.336169109077,0.0007191509639983614
8.336190053484,0.0007191434897525215
8.33621099789,0.0009755578086506406
8.336239410518,0.000691327123556121
8.33625954529,0.00047850423698593336
8.336273481774,0.00047850029872499307
8.336287418259,0.0004321282953169536
8.336300004264,0.00025927534316764214
8.336307555867,0.00025927409018802993
8.336315107471,0.00039299781528133123
8.336326553989,0.0003110451580524703
8.336335613554,0.00018662410579507215
8.336341049294,0.00018662339779519963
8.336346485033,0.00028402104290200906
8.33635475765,0.00042599743731970086
8.336367165578,0.00019179369162594808
8.33637275203,0.0001189299472961211
8.336376216065,0.0001088119925039967
8.336379385532,0.00010879112857447565
8.336382554345,0.00016342308078670791
8.336387314375,0.00016341903793784887
8.336392074405,0.00012993829486079023
8.336395859169,0.000117582008620333
8.336399284061,0.00011758168460795062
8.336402708954,0.0001814306191890581
8.336407993702,0.00027213242894014156
8.336415920425,0.0004104318752938349
8.336427875578,0.0006168413869738977
8.336445843449,0.0002463211759699053
8.336453018533,0.00010507335017250597
8.336456079206,0.00015980143390756355
8.336460734139,0.0002396545473585182
8.336467715098,0.00035961970732040455
8.336478190737,0.0005413385623096908
8.336493959861,0.0005406268564390055
8.336509708576,0.0001594742464656454
8.336514354241,0.00013197697567385116
8.336518198816,0.00020345698709707487
8.33652412568,0.0003052880432758949
8.336533019066,0.00045820187110567494
8.336546367164,0.0005938335043393539
8.336563666676,0.0004453679697489123
8.33657664131,0.00026721958185102306
8.33658442609,0.00026721766675093803
8.33659221087,0.0002504341716471832
8.33659950675,0.00018788203454968687
8.336604980424,0.00018788453967829842
8.336610454098,0.00018788361877043343
8.336615927771,0.0001878792720282798
8.336621401445,0.00022546010870190563
8.336627969853,0.0002705435618783017
8.336635851943,0.0003246567199741626
8.336645310451,0.0003891652089753761
8.336656648615,0.00046749387662324386
8.336670268866,0.00011219528747528374
8.336673537727,0.00011219842386185719
8.336676806587,0.00017098284570051824
8.336681788182,0.0002582646477920983
8.336689312813,0.0003881698348926818
8.336700622322,0.0002947624663930512
8.336709210389,0.00019193900591912703
8.336714802718,0.00011516370747116236
8.336718158115,0.00011516342280975595
8.336721513512,0.00017465632164744943
8.336726602278,0.00026197641886967915
8.336734235266,0.00039295511827969486
8.336745684604,0.0003536922923292595
8.336755990008,0.0003536898176790423
8.336766295411,0.000534868296542678
8.336781879924,0.0003134262845446061
8.336791012301,0.00024065580474940955
8.336798024404,0.00026829250223765283
8.336805841833,0.00020122022916822273
8.336811704905,0.0001509138319800193
8.336816102209,0.00011318596242872601
8.336819400187,8.488932091943822e-05
8.33682187367,6.366604802812985e-05
8.336823728783,6.366597559701608e-05
8.336825583895,6.366590346345945e-05
8.336827439008,6.366583132230226e-05
8.33682929412,6.366575958986569e-05
8.336831149233,6.366568790729618e-05
8.336833004345,6.36690483159993e-05
8.336834859458,7.63979592400004e-05
8.336837085591,7.639785672559278e-05
8.336839311726,7.64011864832915e-05
8.336841537861,7.639422075337173e-05
8.336843763874,7.639755108879268e-05
8.336845990009,9.167967304636884e-05
8.336848661371,9.167609573040447e-05
8.336851332733,9.16793825170554e-05
8.336854004095,0.0001100123227342117
8.336857209729,0.00013201725888377735
8.336861056491,0.00013201696124968203
8.336864903252,0.00013201323291976344
8.336868750013,0.0001584175489245721
8.336873366127,0.00015841712565273564
8.336877982241,0.0001584201359442446
8.336882598354,0.0001900988048869652
8.33688813769,0.0001900982037728948
8.336893677027,0.00022811842823559653
8.33690032423,0.00027374304440038556
8.336908300875,0.00032848523694730476
8.336917872848,0.0003941841049300566
8.336929359216,0.00047256193124996324
8.336943129576,0.000567612604992167
8.336959669945,0.0005676111150817439
8.336976210315,0.0001961665700684285
8.336981926667,0.00019616256654572656
8.336987643018,0.0001766498035925872
8.336992790719,0.00017664934860270117
8.336997938419,0.00026896927935360885
8.33700577638,0.0004034760308378786
8.337017534138,0.0006069754346432659
8.337035222136,0.0009110102376586457
8.337061770287,0.0005547538406273529
8.33707793677,0.00040113355346983623
8.337089626569,0.00040113177160137507
8.337101316367,0.0006069446106297561
8.337119004098,0.0006069409872186014
8.337136691829,0.0009124006405600711
8.337163281546,0.0007778703272121566
8.337185950834,0.0006744035070176135
8.337205604948,0.0010049303344412703
8.337234891676,0.000355066745262729
8.337245239535,0.0003111107499112164
8.337254306277,0.00046858985709981316
8.337267962582,0.00042302423163421087
8.337280290972,0.0004230230187896124
8.337292619362,0.0003835003742297997
8.337303796013,0.0003835027805395467
8.337314972663,0.0005780675241374061
8.337331819782,0.0004575839838757228
8.337345155559,0.0004575789226113006
8.337358491337,0.0006877976435426988
8.337378536617,0.0010320777123412148
8.337408615943,0.0007601525495143376
8.337430770336,0.0004072176194641678
8.337442638561,0.00036673546959547246
8.337453327107,0.00036673732598396704
8.337464015652,0.0003667322602589408
8.337474704198,0.0003667305656954535
8.337485392743,0.00036673224354179614
8.337496081289,0.000543040743244048
8.337511908572,0.00042757652132430554
8.337524370732,0.0003856712624878536
8.337535611461,0.0003856656203233258
8.33754685219,0.00035085984699761714
8.337557078476,0.0003508579427209902
8.337567304762,0.00030664873276775893
8.337576242635,0.00030665066792858744
8.337585180509,0.0003066491558669062
8.337594118382,0.0004649198665795248
8.337607669488,0.00041884718003964115
8.337619877782,0.0004188442793351341
8.337632086075,0.000379545200170041
8.337643149019,0.0003795462337339665
8.337654211963,0.0003447664254829957
8.337664261308,0.00034476787811138135
8.337674310652,0.0005203832604152122
8.33768947908,0.0005203787838225453
8.337704647508,0.00018859349554986224
8.337710144808,0.00018859291099531167
8.337715642108,0.00028373735347704543
8.337723912822,0.00042525879076927404
8.337736308813,0.00031840699116657316
8.3377455902,0.0003184053474477296
8.337754871587,0.0002881222529555338
8.337763270316,0.00028812091360506774
8.337771669045,0.00026192756662501114
8.337779304186,0.0002618407002549294
8.337786936872,0.0003856801807220448
8.337798179626,0.0002603697330926686
8.337805769524,0.0003925645113268529
8.337817213014,0.0005879244645206043
8.337834351459,0.0005879154257100449
8.337851489904,0.000280439959252656
8.337859665091,0.00022472289238357408
8.337866216106,0.0003376384984728207
8.337876058769,0.00030508634571097513
8.33788495256,0.00030502305977088624
8.337893844629,0.0003705844705713093
8.337904647935,0.0002781675342172641
8.337912757081,0.00020862137097877302
8.337918838941,0.00015631633389487273
8.337923395884,7.040910611364807e-05
8.337925448512,7.040902295789917e-05
8.33792750114,0.00010900587346097415
8.337930678907,8.801271534071609e-05
8.337933244692,8.801258500284449e-05
8.337935810477,8.801245463162584e-05
8.337938376261,8.800889405369307e-05
8.337940942046,8.801219370577416e-05
8.33794350783,0.00010561583220402192
8.337946586771,0.0001056122140766547
8.337949665713,0.00010561545627591855
8.337952744654,0.00010561183810489229
8.337955823596,0.00010561165014046599
8.337958902537,0.00012673784834495326
8.337962597267,0.00012673414800410925
8.337966291997,0.00015208267942352409
8.337970725672,0.0001520788612251165
8.337975159348,0.00015208190419020145
8.337979593023,0.00018249640356120405
8.337984913434,0.0001824958497156764
8.337990233845,0.00018249872880340303
8.337995554256,0.00021899089132031873
8.338001938749,0.0002627921536312904
8.33800960014,0.00031534980264052797
8.33801879381,0.00037815563190313873
8.33802981857,0.0003778687265978551
8.338040835136,0.00037801749210341983
8.338051856047,0.0002834165552618163
8.338060118908,0.00017000684360725846
8.33806507544,0.00017000986225308668
8.338070031973,0.00017000602723448807
8.338074988505,0.00025694450239194694
8.338082479744,0.0002569470484561301
8.338089970982,0.00033102561889135183
8.338099622129,0.00039723168790763266
8.338111203505,0.0003932751505195365
8.338122669631,0.00029792290031224625
8.338131355663,0.0002979184923496298
8.338140041696,0.0004285880344896328
8.338152537494,0.0004290011915480586
8.33816504538,0.00025739847935979973
8.338172550112,0.000257397848264698
8.338180054844,0.00032175072975228333
8.338189435758,0.00024130727912674292
8.338196471445,0.0001809835419080919
8.338201748209,0.00013573746214461826
8.338205705782,0.00010180298765781401
8.338208673962,7.628529868510727e-05
8.338210898175,5.726367159383634e-05
8.338212567777,4.294773436679275e-05
8.338213819978,3.220907497200756e-05
8.338214759128,3.2212495485792006e-05
8.338215698279,3.220905638637997e-05
8.33821663743,3.221247685523495e-05
8.338217576581,3.220903766073548e-05
8.338218515731,3.221245815174106e-05
8.338219454882,3.220901905028346e-05
8.338220394033,3.221243944197222e-05
8.338221333183,3.8653543163664156e-05
8.338222460164,3.865009987948622e-05
8.338223587145,3.865351624732355e-05
8.338224714126,3.865350265254327e-05
8.338225841107,3.865348924964468e-05
8.338226968088,4.6384169255564617e-05
8.338228320465,4.63807198252758e-05
8.338229672842,4.6384130146274896e-05
8.338231025219,4.6384110648491734e-05
8.338232377596,4.638409087826753e-05
8.338233729973,4.6384071273173536e-05
8.33823508235,5.565811561541153e-05
8.338236705202,5.5661516804005685e-05
8.338238328055,5.565805854054348e-05
8.338239950907,5.56614594877779e-05
8.33824157376,5.5658000801320376e-05
8.338243196612,5.566140160023832e-05
8.338244819465,6.67908995853358e-05
8.338246766887,6.679085740233025e-05
8.33824871431,8.014965862599704e-05
8.338251051218,8.01495968953257e-05
8.338253388125,8.014953444185149e-05
8.338255725033,8.014947158384166e-05
8.33825806194,9.617996787627193e-05
8.338260866229,9.617987509383954e-05
8.338263670518,0.00011541709777405596
8.338267035665,0.00013849553339883062
8.338271073841,0.00013849876013207282
8.338275112018,0.00013849855260878715
8.338279150194,9.97186898300445e-05
8.338282057681,9.971857804204882e-05
8.338284965167,0.00015243630221998007
8.338289409838,0.00022886314338898116
8.338296082812,0.0002868376774008035
8.338304446244,0.0003446228637971399
8.338314494518,0.00041354310810477697
8.338326552448,0.0002977532424181233
8.338335234157,0.0002977483478738636
8.338343915866,0.0002977467914197354
8.338352597575,0.0004471846082379904
8.338365636696,0.0004471324791148306
8.338378674392,0.0004034432573532021
8.338390438346,0.00040344281364412013
8.3384022023,0.0004034249633551989
8.33841396594,0.0006002662074800211
8.338431469477,0.0006002521342023116
8.338448973013,0.0006002441766735531
8.33846647655,0.0006002286930742997
8.338483980087,0.0003193110232134553
8.338493291782,0.0002771159724118404
8.338501373077,0.0004210780033435793
8.338513652823,0.0004218874983111195
8.338525956333,0.0003164137737394425
8.338535183965,0.0002373052412090989
8.338542104689,0.00017795950160031138
8.338547294702,0.00013348253441858318
8.338551187609,0.00010011230201963073
8.33855410729,0.00010011190995864038
8.33855702697,0.00010011151677982219
8.338559946651,0.00012013192829604543
8.338563450268,0.00012013135915201028
8.338566953884,0.00014415619211356664
8.338571158224,0.00014415879727030706
8.338575362564,0.00010379149166370421
8.338578389689,0.00010379106317361556
8.338581416814,0.0001597265139697358
8.338586075316,0.00023953129056484833
8.338593061427,0.00035869777979036775
8.33860352317,0.0004304285130760737
8.338616077262,0.0005165038253778341
8.338631142173,0.0005152522116357455
8.338646170909,0.00044624271724339024
8.338659186992,0.0004462349703510377
8.338672203075,0.0004462272874208354
8.338685219157,0.0006717452784476176
8.338704813894,0.0005086442565846445
8.338719651287,0.0003051496813188144
8.338728552813,0.00018308814227355034
8.338733893729,0.00018308689693874433
8.338739234645,0.00027976826225016533
8.338747395912,0.0002797653840217017
8.338755557178,0.00027975909256074523
8.338763718444,0.0004177205707048149
8.338775904435,0.00041771084631613876
8.338788090269,0.00041766345691265835
8.338800275023,0.000627575270355039
8.338818583915,0.0005045002480638735
8.338833302527,0.000334436502328698
8.338843059679,0.00033442914712729165
8.33885281683,0.0005077732714303632
8.338867631485,0.000507760872658378
8.338882446139,0.00017568140779438527
8.338887571921,0.00017568033528722227
8.338892697702,0.00016115760974235067
8.338897399792,0.0001611567093485507
8.338902101881,0.0002316040019628149
8.338908859503,0.0001737017848072588
8.33891392772,0.0001302773683035204
8.338917728882,9.770764172734759e-05
8.338920579753,7.327794455565146e-05
8.338922717907,7.32811866492873e-05
8.338924856061,7.327757434391278e-05
8.338926994215,7.328081643240872e-05
8.338929132369,8.793536474143731e-05
8.338931698153,0.00010552003021289769
8.338934777094,0.00010551964724090245
8.338937856036,0.00010552269190484322
8.338940934977,0.00010551888245623317
8.338944013919,0.00010552192761936196
8.33894709286,0.00010551811881968777
8.338950171802,0.00010551773731581174
8.338953250743,0.00012662489444038204
8.338956945473,0.00012662091910006264
8.338960640202,0.000126620371460856
8.338964334932,0.0001266232513587496
8.338968029662,0.00012661927767063365
8.338971724391,0.00015194446870123618
8.338976158067,0.0001519402564672744
8.338980591743,0.00018233344130129625
8.338985912154,0.00018232888683207194
8.338991232564,0.00018232776097640857
8.338996552975,0.00021879251516920557
8.339002937468,0.00021879090002897822
8.339009321961,0.00021878928764423804
8.339015706454,0.00021878425159575608
8.339022090947,0.0002625430950665409
8.339029752338,0.0003150493571371843
8.339038946008,0.00017908974314879246
8.339044172213,8.653235915306225e-05
8.339046697357,8.652868268779003e-05
8.339049222501,0.0001307606057531623
8.339053038446,0.00019611071641164655
8.339058761428,0.0002935023395742506
8.339067326564,0.00029338984294618943
8.339075888618,0.00044094296199010617
8.339088756814,0.0004407447161523982
8.339101619389,0.0003303230894187297
8.339111259646,2.3067179308405276e-05
8.33911193279,2.151839413078178e-06
8.339111995634,4.848491104365761e-06
8.339112137103,1.0923664585692517e-05
8.339112455939,1.818782433716254e-05
8.339112986732,2.9087475852665222e-05
8.33911383556,4.363972822034584e-05
8.339115109221,6.546632880932208e-05
8.339117019833,9.819237823532324e-05
8.339119885453,0.00014904403352734773
8.339124235323,0.00014897478196070746
8.339128583064,0.034280659278842066
8.34012952908,0.03440595425738791
8.341134820741,0.034441806460434786
8.342141565599,0.03469695921959988
8.343156399619,0.03419563747025915
8.344157164596,0.03416558911049166
8.345157410762,0.034367180497108483
8.346164047482,0.03441355658906635
8.347171422445,0.03437338710988502
8.348178181303,0.034529654296081305
8.349191283867,0.034445112387808216
