-0.34462761827,0.0
-0.343626301376,0.0
-0.342619596326,0.0
-0.341575222688,0.0
-0.340537423828,0.0
-0.339499624968,0.0
-0.338461826107,0.0
-0.337424027247,0.0
-0.336386228387,0.0
-0.335367744417,0.0
-0.334327744417,0.0
-0.333287744417,0.0
-0.332247744417,0.0
-0.331207744417,0.0
-0.330167744417,0.0
-0.329127744417,0.0
-0.328087744417,0.0
-0.327047744417,0.0
-0.326007744417,0.0
-0.324967744417,0.0
-0.323927744417,0.0
-0.322887744417,0.0
-0.321847744417,0.0
-0.320807744417,0.0
-0.319767744417,0.0
-0.318727744417,0.0
-0.317687744417,0.0
-0.316647744417,0.0
-0.315607744417,0.0
-0.314567744417,0.0
-0.313527744417,0.0
-0.312487744417,0.0
-0.311447744417,0.0
-0.310407744417,0.0
-0.309367744417,0.0
-0.308327744417,0.0
-0.307287744417,0.0
-0.306247744417,0.0
-0.305207744417,0.0
-0.304167744417,0.0
-0.303127744417,0.0
-0.302087744417,0.0
-0.301047744417,0.0
-0.300007744417,0.0
-0.298967744417,0.0
-0.297927744417,0.0
-0.296887744417,0.0
-0.295847744417,0.0
-0.294807744417,0.0
-0.293767744417,0.0
-0.292727744417,0.0
-0.291687744417,0.0
-0.290647744417,0.0
-0.289607744417,0.0
-0.288567744417,0.0
-0.287527744417,0.0
-0.286487744417,0.0
-0.285447744417,0.0
-0.284407744417,0.0
-0.283927744417,0.0
-0.282887744417,0.0
-0.281847744417,0.0
-0.280807744417,0.0
-0.279767744417,0.0
-0.278727744417,0.0
-0.277687744417,0.0
-0.276647744417,0.0
-0.275607744417,0.0
-0.274567744417,0.0
-0.273527744417,0.0
-0.272487744417,0.0
-0.271447744417,0.0
-0.270407744417,0.0
-0.269367744417,0.0
-0.268327744417,0.0
-0.267287744417,0.0
-0.266247744417,0.0
-0.265207744417,0.0
-0.264167744417,0.0
-0.263127744417,0.0
-0.262087744417,0.0
-0.261047744417,0.0
-0.260007744417,0.0
-0.258967744417,0.0
-0.257927744417,0.0
-0.256887744417,0.0
-0.255847744417,0.0
-0.254807744417,0.0
-0.253767744417,0.0
-0.252727744417,0.0
-0.251687744417,0.0
-0.250647744417,0.0
-0.249607744417,0.0
-0.248567744417,0.0
-0.247527744417,0.0
-0.246487744417,0.0
-0.245447744417,0.0
-0.244407744417,0.0
-0.243367744417,0.0
-0.242327744417,0.0
-0.241287744417,0.0
-0.240247744417,0.0
-0.239207744417,0.0
-0.238167744417,0.0
-0.237127744417,0.0
-0.236087744417,0.0
-0.235047744417,0.0
-0.234007744417,0.0
-0.232967744417,0.0
-0.231927744417,0.0
-0.230887744417,0.0
-0.229847744417,0.0
-0.228807744417,0.0
-0.227767744417,0.0
-0.226727744417,0.0
-0.225687744417,0.0
-0.224647744417,0.0
-0.223607744417,0.0
-0.222567744417,0.0
-0.222487744417,0.0
-0.221447744417,0.0
-0.220407744417,0.0
-0.219367744417,0.0
-0.218327744417,0.0
-0.217287744417,0.0
-0.216247744417,0.0
-0.215207744417,0.0
-0.214167744417,0.0
-0.213127744417,0.0
-0.212087744417,0.0
-0.211047744417,0.0
-0.210007744417,0.0
-0.208967744417,0.0
-0.207927744417,0.0
-0.206887744417,0.0
-0.205847744417,0.0
-0.204807744417,0.0
-0.203767744417,0.0
-0.202727744417,0.0
-0.201687744417,0.0
-0.200647744417,0.0
-0.199607744417,0.0
-0.198567744417,0.0
-0.197527744417,0.0
-0.196487744417,0.0
-0.195447744417,0.0
-0.194407744417,0.0
-0.193367744417,0.0
-0.192327744417,0.0
-0.191287744417,0.0
-0.190247744417,0.0
-0.189207744417,0.0
-0.188167744417,0.0
-0.187127744417,0.0
-0.186087744417,0.0
-0.185047744417,0.0
-0.184007744417,0.0
-0.182967744417,0.0
-0.181927744417,0.0
-0.180887744417,0.0
-0.180487744417,0.0
-0.179447744417,0.0
-0.178407744417,0.0
-0.177367744417,0.0
-0.176327744417,0.0
-0.175287744417,0.0
-0.174247744417,0.0
-0.173207744417,0.0
-0.172167744417,0.0
-0.171127744417,0.0
-0.170087744417,0.0
-0.169047744417,0.0
-0.168007744417,0.0
-0.166967744417,0.0
-0.165927744417,0.0
-0.164887744417,0.0
-0.163847744417,0.0
-0.162807744417,0.0
-0.161767744417,0.0
-0.160727744417,0.0
-0.159687744417,0.0
-0.158647744417,0.0
-0.157607744417,0.0
-0.156567744417,0.0
-0.155527744417,0.0
-0.154487744417,0.0
-0.153447744417,0.0
-0.152407744417,0.0
-0.151367744417,0.0
-0.150327744417,0.0
-0.149312832703,0.0
-0.148397020284,0.0
-0.147391750068,0.0
-0.146384175906,0.0
-0.145376230618,0.0
-0.144369870183,0.0
-0.14349707319,0.0
-0.142466849655,0.0
-0.14143628893,0.0
-0.14042165182,0.0
-0.13938165182,0.0
-0.13836569976,0.0
-0.137356785223,0.0
-0.136336887662,0.0
-0.135272343952,0.0
-0.134231256705,0.0
-0.133200531527,0.0
-0.132180902908,0.0
-0.131102838698,0.0
-0.130062838698,0.0
-0.129022838698,0.0
-0.128016824012,0.0
-0.126981461833,0.0
-0.125941461833,0.0
-0.124901461833,0.0
-0.123861461833,0.0
-0.122821461833,0.0
-0.122261461833,0.0
-0.121208227259,0.0
-0.120159698849,0.0
-0.11910033387,0.0
-0.118075435973,0.0
-0.117061893726,0.0
-0.116021893726,0.0
-0.114981893726,0.0
-0.113941893726,0.0
-0.112901893726,0.0
-0.111861893726,0.0
-0.110821893726,0.0
-0.109781893726,0.0
-0.108755138178,0.0
-0.10773626702,0.0
-0.106660126661,0.0
-0.105597598246,0.0
-0.104588689804,0.0
-0.103580811055,0.0
-0.102560004271,0.0
-0.101553661627,0.0
-0.100544826347,0.0
-0.099535991067,0.0
-0.098596030408,0.0
-0.097593724425,0.0
-0.096542149144,0.0
-0.095534464014,0.0
-0.094526778883,0.0
-0.093519093753,0.0
-0.092511408622,0.0
-0.09148694375,0.0
-0.090456407448,0.0
-0.089451326906,0.0
-0.088444238874,0.0
-0.087395240715,0.0
-0.0863465053,0.0
-0.085510800206,0.0
-0.084494313459,0.0
-0.083466029085,0.0
-0.08244919217,0.0
-0.081434360151,0.0
-0.080411369787,0.0
-0.079391494755,0.0
-0.078371619723,0.0
-0.077351744691,0.0
-0.076898466899,0.0
-0.075871828003,0.0
-0.074831828003,0.0
-0.073791828003,0.0
-0.072751828003,0.0
-0.071711828003,0.0
-0.070671828003,0.0
-0.069631828003,0.0
-0.068591828003,0.0
-0.067551828003,0.0
-0.066511828003,0.0
-0.065471828003,0.0
-0.064831828003,0.0
-0.063791828003,0.0
-0.062751828003,0.0
-0.061711828003,0.0
-0.060671828003,0.0
-0.059631828003,0.0
-0.058591828003,0.0
-0.057551828003,0.0
-0.056511828003,0.0
-0.055471828003,0.0
-0.054431828003,0.0
-0.053391828003,0.0
-0.052351828003,0.0
-0.051311828003,0.0
-0.050279600875,0.0
-0.049245031222,0.0
-0.048169752591,0.0
-0.047123773567,0.0
-0.046083773567,0.0
-0.045080973341,0.0
-0.044011299186,0.0
-0.042971299186,0.0
-0.042651299186,0.0
-0.041611299186,0.0
-0.040571299186,0.0
-0.039531299186,0.0
-0.038491299186,0.0
-0.037451299186,0.0
-0.037051299186,0.0
-0.036011299186,0.0
-0.034971299186,0.0
-0.033931299186,0.0
-0.032891299186,0.0
-0.031851299186,0.0
-0.030811299186,0.0
-0.030251299186,0.0
-0.029211299186,0.0
-0.028171299186,0.0
-0.027131299186,0.0
-0.026331299186,0.0
-0.025291299186,0.0
-0.024281835358,0.0
-0.023257591096,0.0
-0.022200769851,0.0
-0.021560769851,0.0
-0.020520769851,0.0
-0.019480769851,0.0
-0.018600769851,0.0
-0.017560769851,0.0
-0.016520769851,0.0
-0.016120769851,0.0
-0.015080769851,0.0
-0.014040769851,0.0
-0.013560769851,0.0
-0.012520769851,0.0
-0.011594743593,0.0
-0.010574743593,0.0
-0.010109743593,0.0
-0.0090747624174,0.0
-0.0088947624174,0.0
-0.0079610124174,0.0
-0.0069822624174,0.0
-0.0061638288994,0.0
-0.0054550788994,0.0
-0.0048349226494,0.0
-0.0043033601494,0.0
-0.0038097663994,0.0
-0.0033921101494,0.0
-0.0030076765556,0.0
-0.0026801960869,0.0
-0.0023811921806,0.0
-0.0021142244072,0.0
-0.001884632122,0.0
-0.001678399517,0.0
-0.0014921894951,0.0
-0.0013300065727,0.0
-0.0011843422813,0.0
-0.0010536949272,0.0
-0.0009365628166,0.0
-0.00083745103071,0.0
-0.00074622313688,0.0
-0.00066682108114,0.0
-0.0005958660526,0.0
-0.00053378040264,0.0
-0.00047866355012,9.828187241763216e-16
-0.00045205541442,5.904886683788919e-10
-0.00044339169287,1.2781901905756477e-09
-0.00043268951893,1.408468388610752e-09
-0.00041687278128,1.4348065975899171e-09
-0.00039513696253,1.8352886855444038e-09
-0.00035789984158,8.243699352165201e-10
-0.00033745336778,5.714428152444129e-10
-0.00032231074644,4.814488679517235e-11
-0.00032100527965,4.914593420209083e-10
-0.00030750496993,5.056347409156454e-10
-0.00029336102178,4.565391733655422e-10
-0.00028048828696,4.955091849286584e-10
-0.00026652867838,3.6511683649831297e-10
-0.00025630746686,3.3465321775082436e-10
-0.0002470238337,1.2049126602031396e-10
-0.00024370531546,2.966251062070914e-10
-0.00023560108269,3.4387166701555946e-10
-0.00022633271685,3.0677215834657026e-10
-0.00021818948968,3.5738237595761267e-10
-0.00020886421939,3.119465008886324e-10
-0.00020087292399,3.136766635959623e-10
-0.00019298163461,3.4507777797326165e-10
-0.00018447043752,2.8930375770747754e-10
-0.00017747236214,3.6396131828996915e-10
-0.00016884692562,4.5459051736658787e-10
-0.00015834977216,3.4779645093495716e-10
-0.0001505210835,3.808910948576112e-10
-0.00014214426323,4.172827626100708e-10
-0.00013319671912,5.094999526271456e-10
-0.00012258607676,5.436435787358694e-10
-0.00011162949809,5.600029540975182e-10
-0.00010071846713,5.329146942719447e-10
-9.0671209344e-05,3.347855925124272e-11
-9.0050543349e-05,4.662455189125323e-10
-8.1532037134e-05,4.6554137961899195e-10
-7.3251881046e-05,4.5378993727072453e-10
-6.5387890732e-05,4.2526089369140957e-10
-5.8195828375e-05,4.1358578283498364e-10
-5.1359094769e-05,3.897984550749924e-10
-4.5052624198e-05,3.8750901590078097e-10
-3.8910038881e-05,3.9052437125553986e-10
-3.2842882269e-05,3.7527980399303445e-10
-2.712514728e-05,3.471080313496177e-10
-2.1931275862e-05,3.5298057239055927e-10
-1.673995238e-05,3.5807659201076577e-10
-1.1563869484e-05,3.5237865252373204e-10
-6.5559664162e-06,3.591819767687012e-10
-1.5362945708e-06,3.3083927182742206e-10
3.0138079706e-06,3.036350945015311e-10
7.1294729131e-06,3.190222019889665e-10
1.1393319291e-05,3.22027547681473e-10
1.563606687e-05,3.2520706743997525e-10
1.9860108949e-05,1.2820707586725038e-11
2.0025397552e-05,7.510663600785094e-10
2.94788932e-05,1.2676510598731806e-09
4.4661540198e-05,1.4882108939953463e-09
6.1532177082e-05,1.6049585587122537e-09
7.8700945818e-05,1.7521764038723248e-09
9.6368642236e-05,1.8453816008827361e-09
0.00011390254192,1.934973162413298e-09
0.00013124048485,2.0169552954124846e-09
0.00014830056393,2.1276652880289877e-09
0.00016530103551,2.2184647613439364e-09
0.0001820565819,2.4107305792813026e-09
0.00019926323608,2.6081115856502557e-09
0.00021683331327,2.7451542269516014e-09
0.00023428346721,3.113063118805422e-09
0.00025292414567,3.2343088834082614e-09
0.00027114724358,3.636379566546966e-09
0.00029040732096,4.119496938291714e-09
0.00031084611508,4.069238204066497e-09
0.00032977450312,4.933950119597189e-09
0.00035125459379,5.657691523316644e-09
0.00037416485736,5.542735052244166e-09
0.00039507196208,6.7851916325360334e-09
0.00041888079012,7.933769611120104e-09
0.0004445943244,9.299283434927503e-09
0.00047228176029,9.450596029727766e-09
0.00049815495614,1.1709105527786692e-08
0.00052757355787,1.3680895849114875e-08
0.00055888534537,1.6235840609359207e-08
0.00059253232535,1.9197048226033907e-08
0.0006284782125,2.1010140038761388e-08
0.00066449245576,2.30160894890132e-08
0.00070060032333,2.8558711553686742e-08
0.0007402550099,3.6000016336822754e-08
0.00078274535546,4.736853856923735e-08
0.00082846176046,6.598378090583445e-08
0.00087789158436,9.372769872892222e-08
0.00092980131543,1.4097356323693995e-07
0.0009850065406,2.1963687544970058e-07
0.0010430338564,4.5755427240588776e-07
0.0011165306549,8.995503122157906e-07
0.0011972848439,1.7464359216378479e-06
0.0012820575473,3.3088070824635397e-06
0.0013680112932,7.699176543396777e-06
0.0014690547594,1.7073853762245028e-05
0.0015778859391,3.702041454034973e-05
0.0016927547392,8.795446946910445e-05
0.0018226931882,0.00019290672652006187
0.0019594122304,0.00042602431124091385
0.0021073702384,0.0008124913564602277
0.0022539410504,0.0014666557850519359
0.0024005118623,0.00252550029005199
0.0025470826743,0.0041677980473287845
0.0026936534862,0.00795249001476132
0.0028642987729,0.013253303861008031
0.0030426222225,0.019807776452271265
0.0032209456721,0.027687560132809513
0.0033992691217,0.03656388823916047
0.0035775925713,0.04609185435017397
0.0037559160209,0.055964411958784155
0.0039342394705,0.06805092093717849
0.0041179569751,0.0889578271224126
0.0043247501145,0.10447412990890839
0.0045372414715,0.11694390287102016
0.0047497328284,0.1285869634222813
0.0049622241853,0.1288023506793569
0.0051589855616,0.1767724482650229
0.005409559138,0.17173474551704057
0.0056362740374,0.17301881648522424
0.0058514044296,0.20947502309488175
0.0060970012865,0.22800573258781007
0.0063485210426,0.24264379222436805
0.006600586146,0.25714443101129225
0.0068526512494,0.2704514932308825
0.0071034139329,0.28573970147687167
0.0073542865901,0.3037651582220888
0.0076065861543,0.3221560228324934
0.0078590571677,0.3405381364985701
0.0081102441952,0.36099376202107275
0.0083604390036,0.38890804385829786
0.0086134997751,0.41558629572044087
0.0088673887231,0.44346884518877233
0.0091220009678,0.46783386840177643
0.0093750334404,0.4932993742883608
0.0096271752907,0.5248463446081213
0.0098814194779,0.5434384006591669
0.010131553377,0.576246993384503
0.010383960319,0.6049880238728313
0.010636367261,0.6346798048604333
0.010888774204,0.6658692152765148
0.011141181146,0.6977719415715384
0.011393588088,0.7291728735430932
0.01164599503,0.7547363558089796
0.011896411254,0.7966690500681147
0.012149601588,0.8315197372138318
0.012402791922,0.8651819836827352
0.012655982256,0.897817707254504
0.01290917259,0.9315916477127837
0.013162362924,0.9667674353862066
0.013415553259,1.0016487364367346
0.013668743593,1.0352044115529964
0.013921933927,1.0688832124979346
0.014175124261,1.1034294600391508
0.014428314595,1.1368134594188812
0.014681504929,1.1682727073129988
0.014934695263,1.2000049133099115
0.015187885597,1.2328550921021242
0.015441075931,1.264479079508627
0.015694266265,1.2941587388514235
0.015947456599,1.3643342277470638
0.01620812944,1.3804265180762607
0.01646524862,1.4149123626622142
0.0167223678,1.446536577822827
0.01697948698,1.4768712940676743
0.017236606159,1.5078954970469916
0.017493725339,1.5395982250076776
0.017750844519,1.5711706713538711
0.018007963699,1.6029008565193332
0.018265082879,1.6357991104881378
0.018522202059,1.6698485073890172
0.018779321239,1.704109788902722
0.019036440419,1.7388338793987945
0.019293559599,1.7743175269359543
0.019550678778,1.8096531457840028
0.019807797958,1.844936013547528
0.020064917138,1.8810977535091549
0.020322036318,1.9175351450908051
0.020579155498,1.9529466044823938
0.020836274678,1.9885776474128156
0.021093393858,2.0264193907418497
0.021350513038,2.0650598602926995
0.021607632218,2.1021900127124704
0.021864751397,2.138243554410305
0.022121870577,2.173546008153519
0.022378989757,2.206355238287977
0.022636108937,2.236080723605221
0.022893228117,2.2645205166776416
0.023150347297,2.2943511088666018
0.023407466477,2.3270133934054797
0.023664585657,2.3608299491745863
0.023921704837,2.392703313630867
0.024178824016,2.420761736921302
0.024435943196,2.406373862819324
0.024688929563,2.414215258103076
0.024940279976,0.769231487823717
0.025019857108,9.917008685674237
0.026020887515,10.49360542646512
0.02703460622,10.98383749981113
0.02805123552,11.369262787356462
0.029062655133,11.796983049228695
0.030074074745,12.1101676465524
0.031075852417,6.111493994301616
0.03156881645,12.723519343119845
0.032571436558,13.006449818499371
0.033572867525,13.437096589662612
0.034584338762,13.702037349463822
0.035594304504,13.850243625452364
0.036601171343,13.997078867793466
0.037607369454,14.568298168699814
0.038643132641,14.27670741412781
0.039643192269,14.885183231735928
0.040665258823,15.245772669202118
0.041687325378,15.61180745114341
0.042709391933,15.991427307230687
0.043734650529,16.278051884877975
0.044762948833,16.549808159548615
0.045797340646,16.3195504113803
0.046808828146,16.690140834773253
0.047829268898,16.708906620083646
0.048839696101,16.97591518229016
0.049864707991,16.954663340893006
0.050875610663,17.70229115542822
0.051917846275,17.262027230742614
0.052933840738,17.285072773919346
0.053943350728,17.835969697876937
0.054974777378,17.967493776839653
0.05600831588,17.896480758936047
0.057024494254,18.617138214069584
0.058067610405,18.181339604754307
0.059082548973,18.123225221020515
0.060093040933,18.68199772384992
0.061130150828,19.081808544236317
0.06218506191,18.52622839600313
0.063203864441,18.398699322533503
0.064206215077,19.158602789679243
0.065244140974,18.48082016190714
0.066245802477,18.814429514537697
0.067264149841,18.67390494939903
0.068270770805,19.327446262366088
0.069310506667,18.79047222721367
0.070319205732,19.474924820488653
0.071356681217,20.325111593280443
0.072429118084,19.331100592715813
0.073443615324,19.18357512749283
0.07444646983,19.61792099047127
0.075466705589,19.538758777294767
0.076478568887,20.016718120429335
0.077508327487,19.659264563167316
0.078509778137,19.94018645405664
0.079517944334,21.015586400615106
0.080573161195,20.27690862437178
0.081581241195,21.604026738928823
0.082644429675,20.461507267313735
0.083644677609,20.676724955999518
0.084651890069,21.115856016434503
0.08567808928,20.64802890890213
0.086678409632,21.300179397972126
0.08770705651,21.794056914953284
0.088758119386,20.753818473762497
0.089758221572,4.740302927347615
0.089986544372,21.281663784371744
0.091009302035,22.19797295972692
0.092071307199,21.913410026657818
0.09311699354,21.089370735198138
0.094122290037,21.524980009151115
0.095148553763,21.06857063569713
0.096153208303,21.860479978829648
0.097190654935,21.21011988802786
0.09819259035,21.481002730617433
0.099208557469,21.699483705919256
0.100237047469,21.80492617615168
0.101269208356,21.4673640167616
0.102281987675,21.248338177208677
0.103282904611,21.345663253397053
0.104289072803,21.616431517435153
0.10530763961,21.4657781106867
0.106316879962,21.51303878889616
0.107325041148,21.77992784442204
0.108341838279,22.03395638002125
0.109368164722,22.114818302767404
0.110396876102,22.17340038627975
0.111424468043,22.10231430582547
0.112444327699,21.696733025279077
0.113445184803,21.628104011955386
0.114446126374,21.84871804629156
0.115458698015,22.307734942497387
0.11648911819,22.086431562944313
0.117506251567,21.984440923903847
0.118521227834,21.789858982684493
0.11952859016,22.282569413637447
0.120554829677,22.245186118435253
0.121575251487,21.896019055035126
0.122579847927,22.48477020620417
0.123613000864,21.92180950739817
0.124619147801,22.046098693582522
0.125629349683,21.972060084116563
0.126636396383,22.330882190372886
0.127658107807,21.97725539592841
0.128661262772,21.922837976756043
0.129663556825,22.218309115339128
0.130681136666,22.113969497548428
0.131696404822,21.944312405177726
0.132707827687,21.723043592142478
0.133715931934,21.859945610331803
0.134736938065,21.47439016664477
0.135739930299,21.704179914563206
0.136754487357,21.41093365085567
0.137758399957,21.950511933637657
0.138788138572,21.315663604504557
0.139788711061,21.252728801340748
0.14078888625,21.582275372366542
0.141807757009,21.3575160956531
0.142818176551,21.1339942184667
0.143820549058,21.074357429573976
0.144824376585,21.09797421638066
0.145830826163,21.1903360424684
0.146841518554,21.050870833924336
0.147846724329,21.01154406545538
0.14885278243,20.97715306747486
0.149861088286,20.780688546981313
0.150862801778,20.823832776166263
0.151869189551,20.989567855987737
0.152884674229,20.986435210747654
0.153902578594,20.797336684510444
0.154914454424,20.649647059347938
0.155920437559,20.659317105169116
0.156928618328,10.24677255060384
0.15742868591,20.71887427821831
0.158440359056,20.38564584760199
0.159440366456,20.336390993361615
0.160444403459,20.296062010203766
0.161448648454,20.305702142404318
0.16245739234,15.605215650706512
0.163237975997,19.450523152816423
0.164217431367,19.926300078166022
0.165224274466,18.180925014953107
0.166144396107,19.84195250528398
0.167152801511,16.724189721355877
0.168002069492,19.942698133839205
0.16901810443,18.930390960381438
0.169982770634,19.817978998526176
0.170988925858,19.8728254924574
0.171995081081,19.86824871806061
0.173001236305,19.698558144660673
0.174007618108,19.4439389201309
0.175008081571,19.462238550275664
0.176008457527,19.762251031699414
0.17702162447,16.654895238511806
0.177873286881,17.553488742278248
0.178769259449,19.68652062326375
0.17977072118,16.5220778095509
0.180611526767,17.33462416629204
0.181494119068,17.368792255840223
0.18237671137,17.40423222441048
0.183259303671,17.327991783179957
0.184141895973,19.53393766784401
0.185145966505,19.5241003521462
0.186154874029,19.41228566125558
0.187163781552,13.733991996023207
0.187880398975,16.244257725097146
0.188731241035,16.208841161281757
0.189584679647,18.843554711424662
0.190584720327,14.24492377461901
0.191345246923,11.686463881917195
0.191976609559,14.985550757611533
0.192798009489,7.736913852565814
0.193226417363,16.95445404469568
0.194180975621,11.679504532743506
0.194851712101,8.479855637300581
0.195345492484,17.05096325598977
0.196346179946,13.776326790825147
0.19716434592,16.610729710763778
0.198165192543,14.203904539454658
0.199030523436,11.348409844010003
0.199730086185,8.865786182836853
0.200278405124,11.296820366651108
0.200985058615,14.97989619579166
0.201938022751,9.330240965110915
0.20253915972,15.285407037975297
0.2035458648,11.944925844038345
0.204349980969,14.813694014383604
0.205363111339,14.369746272789936
0.2063654704,14.20263807833312
0.20737281956,14.04085903389313
0.208379013003,14.024704500550452
0.209388399007,13.962532146084062
0.210395480765,12.918731711566576
0.211332793878,9.402791033034957
0.212018727196,13.667466263427665
0.213021496525,10.433478808933438
0.213796071139,12.786518500776015
0.214756461343,13.414608540537081
0.215757696262,13.503535802715634
0.216759670953,12.56933345055969
0.217698028767,10.826087530040642
0.218511502122,13.086618987109729
0.219502212384,5.530677500884482
0.219923176955,12.867370387826956
0.220905572528,11.990389045024012
0.221826392235,6.282122858382116
0.222312016494,6.778727242982436
0.222836415957,11.686616366788899
0.223741793654,12.940303387870328
0.224742810765,12.04701838443141
0.225669265226,5.23296322056151
0.226069936436,13.061595795432673
0.227072738629,4.680135882624218
0.22743399929,13.013181798027755
0.228439419549,4.200291765575689
0.228764577607,9.222198570251408
0.229477744947,9.879232025959888
0.2302452764,6.005677270231538
0.230713050747,9.106812720803497
0.231423519753,9.826652207197839
0.232191911787,6.081986595126338
0.232664001006,10.310827644244672
0.233463601957,9.838966113043794
0.234225026286,13.004447890874706
0.235229851518,9.233760301329692
0.235946352975,9.282333780747805
0.236668300432,12.931542678415116
0.23767827655,6.088398442139759
0.238155523329,6.930952973836751
0.238695017775,6.309139054283286
0.239181940116,12.339634132345928
0.240129910452,4.889444088508329
0.240503690007,7.5079954859445674
0.241080146111,6.876915628411062
0.241609073747,8.706594796270712
0.242277060552,10.946791140485645
0.243119012709,0.9611802449203279
0.243193064969,6.827134023885566
0.243719592533,5.929446681445202
0.244178702329,10.052362103565121
0.244957082969,4.603373194069659
0.245313331339,8.37659174563793
0.245964370426,12.956961777979481
0.24696978516,6.003841204633825
0.24743304196,7.3187982634180955
0.247993278384,1.6467552145422826
0.248118469063,11.120360572803516
0.248965256261,5.007231093503634
0.249346590586,7.571940773026755
0.249922504164,6.601500417775788
0.250426166156,5.06200121879631
0.250812553058,10.25271489628775
0.251595773489,4.3266853995632975
0.251927398961,9.594669658405353
0.25266105149,3.745930406816952
0.252947132218,12.794617332746252
0.253924246424,8.143650435763615
0.254546555524,8.125008947477877
0.255169654645,13.0975370616072
0.256175129286,10.632681135095847
0.256987756592,5.533753244627205
0.257407346789,8.403647919782042
0.258041138164,7.145913743707807
0.258577598141,10.115104748623576
0.259337041089,8.022691788531382
0.259940081152,4.562652562185801
0.260282293913,8.51873029721772
0.26092305103,4.050754127652951
0.261228739872,10.35173831657951
0.26200889281,13.431852714361808
0.263018993995,13.42939604089647
0.264022365675,3.5800566373637874
0.264287691271,11.99685189809315
0.265175079818,9.217932243477438
0.265855960918,8.382905734730757
0.266474793024,11.935023526465333
0.267356791281,9.54026682480093
0.26806339312,8.20564356608781
0.268672454815,2.7569227009075123
0.268876739409,10.230958055381057
0.26963642284,5.984180305129629
0.270082248138,13.427030849071848
0.271084417379,12.331193554783049
0.272000147905,9.096722034850831
0.272673829682,4.953519384844579
0.273041293079,11.375558974891192
0.27388628241,11.12078514878065
0.274712128184,4.355796265194653
0.275034900894,8.901523175807418
0.275698576756,6.745133342895258
0.276203581266,13.33297824937245
0.277205165967,7.6368085169531605
0.277777799336,10.862091627886873
0.278586862533,13.489037273247249
0.279590748847,13.639169834769273
0.280596694,13.817679300800144
0.281603525582,13.870085266162235
0.282610357164,13.910149139399937
0.283617188746,13.968446220314087
0.284624020328,13.995399783780124
0.28563085191,13.96993920641487
0.286637683492,13.970107240424298
0.287644515074,13.992462945901792
0.288651346656,13.978489577067233
0.289658178238,12.458360554769744
0.290557549466,14.01213238128552
0.29156645699,14.14428229336907
0.292575364513,14.218021405740956
0.293584272037,14.197731728129796
0.29459317956,14.172109049599246
0.295602087083,12.098969407901539
0.296466370017,7.3115005406864375
0.296989713364,13.207951856068263
0.297929138747,13.305389070158368
0.298868483645,13.328579470187627
0.299807828543,13.327872724989366
0.300747173441,13.302077030982504
0.301686518338,13.2629136886609
0.302625863236,13.242442901433574
0.303565208134,13.218870284104147
0.304504553032,10.437353521561398
0.305248433094,13.005203850948968
0.306177098816,13.30587259810288
0.307122478882,13.436375785623461
0.308067858948,13.459934265073501
0.309013239015,13.414549699517675
0.309958619081,13.398099087607484
0.310903999147,13.361851514034734
0.311849379213,13.33341110453016
0.312794759279,13.327705573132453
0.313740139345,12.371361617145977
0.314619569234,11.101041878826877
0.315411366242,11.46453792209372
0.316228581336,11.557913447921916
0.31704579643,11.636567292305127
0.317863011524,11.643010594986357
0.318680226618,11.627142560197154
0.319497441712,11.613016218544967
0.320314656806,11.613128150309908
0.3211318719,11.606585175449435
0.321949086994,11.583577590571917
0.322766302088,11.573422230764653
0.323583517182,11.572338276358991
0.324400732276,9.748132168482707
0.325090264606,11.519796778800542
0.3259074797,11.566281067930444
0.326724690746,11.677919343004708
0.327541673605,11.719401581742208
0.328358166927,11.698459653171621
0.329174188944,11.575197258323104
0.32998379256,10.235197415879723
0.330702452072,11.610122602333094
0.331519667166,11.67618371826399
0.33233688226,11.759718345406803
0.333154097354,11.766177849410656
0.333971312448,11.724224704344108
0.334788527542,11.689395034470541
0.335605742636,11.687511568563963
0.33642295773,11.678957841502989
0.337240172824,11.6783303631425
0.338057387918,11.681405455396828
0.338874603012,11.66860720198437
0.339691818106,11.66700997987006
0.3405090332,11.673814574973918
0.341326248294,11.658833990137673
0.342143463388,9.158412460086586
0.342787242493,9.948718152057836
0.343487872717,9.994310478586266
0.344188502942,10.08525243389637
0.344889133167,10.135297397153485
0.345589763391,10.144488388352425
0.346290393616,7.203880998218505
0.346787841075,10.142666376513741
0.3474884713,10.13776884410592
0.348189101525,10.129067156985547
0.348889731749,10.127207284028215
0.349590361974,10.125637285537806
0.350290992199,10.124864013651928
0.350991622423,10.133251040482538
0.351692252648,10.129498301330504
0.352392882872,10.132803570808777
0.353093513097,10.138237393195453
0.353794143322,10.134206765063716
0.354494773546,10.129224241011702
0.355195403771,10.116199395890062
0.355896033995,10.099321668447564
0.35659666422,10.072291420946161
0.357297162577,10.047327600009782
0.357997600117,10.013939125797812
0.358698037658,10.007745311702926
0.359398475198,9.609885914912821
0.360070202905,9.97705190980908
0.36077083313,9.992376207074813
0.361471463354,10.089511686762338
0.362172093579,10.119598331479965
0.362872723804,10.121237278381882
0.363573354028,10.128387856281464
0.364273984253,9.577363884553272
0.364937541864,9.026856191748601
0.365564022057,10.074025223109524
0.366264652281,10.130959799993436
0.366965282506,10.243405435559572
0.36766591273,9.755640602354804
0.368330449446,9.52641027037289
0.368979181135,9.291146336625253
0.369616124529,10.800621588251031
0.370364792189,13.592641087479686
0.371310723384,12.270232850929078
0.372158035624,11.69761466905998
0.372958938944,11.715896670423948
0.373759842265,11.73837608305948
0.374560745585,11.737221588116833
0.375361648905,11.709473543698925
0.376162552225,11.701501832418765
0.376963455546,11.696605020537689
0.377764358866,10.196380949790708
0.378463241275,8.261857554316277
0.379030046087,8.617311120634975
0.379622416508,9.15291500400903
0.38025298371,9.174682347960644
0.380883550913,9.252920058455556
0.381514118115,9.316486963896908
0.382144685317,9.321088313843248
0.382775252519,9.313940292634205
0.383405819721,9.303477129015354
0.384036386923,9.291894426566804
0.384666954126,9.286443504576331
0.385297521328,9.277169557114028
0.38592808853,9.277062215753002
0.386558655732,9.272115914010257
0.387189222934,9.270405242732016
0.387819790136,1.8554009737588077
0.387945903577,9.274164946530885
0.388576470779,9.270001570513667
0.389207037981,9.260396670140775
0.389837605183,9.246626313694945
0.390468172385,9.498447050630688
0.391117062173,10.24052971892931
0.391817692398,10.271147928496221
0.392518322622,10.35582228860142
0.393218952847,10.408879592461798
0.393919583072,10.399213235607029
0.394620213296,9.102214579789216
0.395234878995,9.059934144000234
0.395847790315,9.041327717067592
0.396460701636,9.03077894788129
0.397073612956,9.017452958865352
0.397686524277,9.00082618352589
0.398299435597,9.011385632546242
0.398912346918,9.0318675877331
0.399525258238,9.04659135230099
0.400138169559,9.051032654544256
0.400751080879,9.048081530642573
0.4013639922,9.038380749581732
0.40197690352,8.491395645636482
0.402553990416,8.56990052213047
0.403137848936,8.556201575630901
0.403721707457,8.6053112519087
0.404305565977,8.690339882223084
0.404889424498,8.732495435411455
0.405473283018,8.741519502088098
0.406057141539,8.729354149588323
0.406641000059,1.9172309770728393
0.406769448934,6.871756510632359
0.407230389677,11.958478378701558
0.408034942136,11.854142373337025
0.408839494595,11.726949542259554
0.409644047055,11.699501048741332
0.410448599514,11.729851600797602
0.411253151974,11.726195100887562
0.412057704433,11.760322436351762
0.412862256893,11.737467454628254
0.413660693103,8.568805873343482
0.414241794514,8.604297504092933
0.414825653034,8.562782395136814
0.415409511555,8.507329305587216
0.415993370075,8.459377366879016
0.416577228596,8.454888930249234
0.417161087116,8.491163182973335
0.417744945637,8.567217269213042
0.418328804157,8.662991278026153
0.418912662678,8.68907596322584
0.419496521198,8.650599455545496
0.420080379719,8.604732114459527
0.420664238239,8.597222784175663
0.42124809676,8.623424397179715
0.42183195528,8.636170720696292
0.422415813801,8.658305634980424
0.422999672322,8.661478689472117
0.423583530842,8.652441447577148
0.424167389363,8.658927166990269
0.424751247883,8.657005239346276
0.425335106404,8.667468931199636
0.425918964924,8.674842193157977
0.426502823445,8.679796468189677
0.427086681965,8.684986606640487
0.427670540486,8.668622064090611
0.428254399006,8.648860835012938
0.428838257527,8.63115671157941
0.429422116047,8.631682909266203
0.430005974568,8.642754860140286
0.430589833088,8.659903780345436
0.431173691609,8.67599557839999
0.431757550129,8.675568301579094
0.43234140865,8.681891499467241
0.43292526717,8.675045039379143
0.433509125691,8.664671404807526
0.434092984211,8.667210243784007
0.434676842732,8.654347233691585
0.435260701252,8.64759430113241
0.435844559773,8.641308562864221
0.436428418293,8.628188437290186
0.437012276814,8.621808163660383
0.437596135334,8.600999143542033
0.438179993855,8.58507050885263
0.438763852375,8.607970139082157
0.439347710896,8.65521770219268
0.439931569416,8.692701330142159
0.440515427937,8.706035930637531
0.441099286457,8.710559742828954
0.441683144978,8.712849304889797
0.442267003498,8.705119217173674
0.442850862019,8.696659456840592
0.443434720539,7.21430039102336
0.443919323111,8.684103317912854
0.444503181632,8.680774416542803
0.445087040152,8.683079455611368
0.445670898673,8.686460343051449
0.446254757193,8.691823566721496
0.446838615714,8.696963428562944
0.447422474234,8.714183513710564
0.448006332755,8.718829533060743
0.448590191275,8.696540138696086
0.449174049796,8.677929784205293
0.449757908316,8.66307742107628
0.450341766837,8.658714692894241
0.450925625357,8.672096104682156
0.451509483878,8.686826070265537
0.452093342398,8.715779026850404
0.452677200919,8.750008665338013
0.453261059439,8.764019944777873
0.45384491796,8.768505601880657
0.45442877648,8.763690843702596
0.455012635001,8.753623928094003
0.455596493522,8.56713724892605
0.456168145294,8.13817864335469
0.456711269989,7.999787036957091
0.457245209896,8.131478707504076
0.457788022349,8.188720764039317
0.458335193134,8.442797483599087
0.458900294473,8.427010860279015
0.45946519661,8.414692231645784
0.460029936505,8.4024463971762
0.460594498867,8.393709094895216
0.461158892343,8.385353671764781
0.461723119278,8.307397270193269
0.462282652464,8.298324989877635
0.462842033247,8.361835508087347
0.463405743769,8.391977949097617
0.463969275797,8.309951472640432
0.464523629496,8.207907031592939
0.465068790688,8.217706095377821
0.465613869199,8.072440226434836
0.466149707665,8.389089670111254
0.466707911581,8.338816951448957
0.467265947743,8.350519742676159
0.467828316136,8.319218979912538
0.468390526601,8.323022463400553
0.468952556056,8.378658744146131
0.469514424588,8.440036963469742
0.470076124363,8.473923633579668
0.470637641246,8.487279544707455
0.471199000398,8.471675283101664
0.471760184261,8.44565341134368
0.472321198863,8.426490535499168
0.472882047431,8.415942866473234
0.47344272178,8.343451765912057
0.473998744282,7.937611568457472
0.474527711241,8.009407124101081
0.475061001761,8.220548043685177
0.475607581528,8.230798576397266
0.476153993694,8.446795457679688
0.476713724634,8.458865119750657
0.477273287198,8.46183983454462
0.477832680709,7.6142423598351945
0.478336022058,8.459826550567778
0.478895098294,8.444328547875017
0.479454026698,8.426431400143315
0.480012792199,8.429411161507455
0.480571394159,8.431941387819204
0.481129849136,8.429113184044718
0.481688130274,8.430861724423576
0.482246241356,8.429232200476086
0.482804196492,8.418737950195068
0.48336196857,8.407547289664791
0.483919593705,6.67339181594141
0.484362624347,5.593400912687399
0.484734193932,5.59181383917075
0.485105691747,5.595609299933701
0.485477118561,5.604574856731866
0.485848460278,6.112504173735437
0.486253158129,8.405874370057456
0.486809933605,8.399090771733789
0.487366551697,8.386658942143585
0.48792302922,8.376082858283407
0.48847931924,8.380219825177958
0.489035459267,8.381160252853686
0.489591467869,8.371203106333216
0.490147276969,8.378284547624151
0.49070294699,8.272549530395446
0.491249016951,6.101841836352203
0.491649936711,6.149482855141381
0.492053073347,5.95575611653628
0.492442778733,5.9012709659641995
0.492829087521,5.9120911727137395
0.49321863866,5.955574110202833
0.493614758236,6.113930607756892
0.494024119437,5.903535420149489
0.494420070694,6.142960625190544
0.494831982091,9.280171337215547
0.495454299158,8.884662290258099
0.496049585488,8.296152304542186
0.496603610112,8.358542511345965
0.497157450116,8.42903601390325
0.497711132466,8.451187834592428
0.498264697559,8.418993508784999
0.498818099355,8.37656356209963
0.499371324801,8.352076216284757
0.499924425252,1.4189439609682177
0.500018426415,7.523802700733249
0.500517751887,7.442570690672597
0.501012250095,7.574259639834371
0.501514732342,7.52996259262526
0.502013034271,7.544359681232106
0.502511207417,7.5480421389018915
0.50300926719,7.563094952101197
0.503507198381,7.57775330735602
0.504004992614,7.703482721701504
0.504510772028,7.653861372511462
0.505012353113,7.745039941785187
0.505517861461,7.766411443154694
0.506023239654,7.762682851498162
0.506528477797,7.736755485837482
0.507033600384,7.7141228470642655
0.507538605072,7.707891813399748
0.50804346978,7.715711724238701
0.508548220567,7.742379591742069
0.509052824058,7.381304192491198
0.509532501997,6.211093494457481
0.509936030565,3.4718325530840928
0.510161557435,3.949030961121828
0.510417927856,3.316688970139939
0.510633358893,3.2860837929755347
0.510847355488,3.6165457377976944
0.511083782992,4.1934662757388095
0.511358665774,4.199126091410154
0.51163327867,2.102666310998304
0.51176997601,2.694439964162231
0.511943680075,1.61910215556922
0.512047083151,2.2926424998208095
0.51219196969,1.3277094361349535
0.512274985113,2.2544424529203346
0.512414298766,1.1653984607808947
0.512485491167,2.4786313819653625
0.512635072472,1.6078246833680319
0.512730844191,2.600519863499515
0.512883933874,2.766923748904896
0.513044773552,2.1782415171833738
0.513170261805,3.9476551663644233
0.513396480079,3.0094393556962635
0.513568923901,4.7986679893155335
0.51384693633,5.828705892344526
0.514193680943,4.772404418311574
0.51448801548,8.308056863895775
0.515029903055,6.886465764426359
0.515509052357,6.106952332620519
0.515952908999,7.909979298740353
0.516548658803,6.955929516502987
0.517090075684,6.755824488362739
0.517630685425,6.603083654240358
0.518171295167,6.086607539443242
0.518677373461,6.151254598954239
0.519193066499,5.673518091911091
0.519669426574,5.8312106840505455
0.520155975341,5.921295572816177
0.520642524108,6.054096341621856
0.521129072876,6.2014622311878576
0.521615621643,6.327307475836715
0.52210217041,6.409965084092813
0.522588719177,6.434168007336465
0.523075267944,6.376977027386195
0.523561816711,3.4643563194326212
0.523829418533,6.260158800211676
0.5243159673,6.254239794386889
0.524802516067,6.2691119929402195
0.525289064834,6.281697292048681
0.525775613601,6.277496856015478
0.526262162368,6.2184865857305285
0.526748711135,6.1127719295785
0.527235259902,6.037507774265213
0.52772180867,6.001808103935878
0.528208357437,5.986283341001591
0.528694906204,5.982168997009665
0.529181454971,5.94677151427129
0.529668003738,5.893749152737964
0.530154552505,5.870352912864035
0.530641101272,5.883208080881245
0.531127650039,5.919392762788079
0.531614198806,5.944900396674316
0.532100747573,5.916273437609305
0.53258729634,5.87319236938952
0.533073845108,5.869638397361119
0.533560393875,5.891970550028516
0.534046942642,5.917030138862918
0.534533491409,5.918418860785431
0.535020040176,5.863146613418528
0.535506588943,5.797874765108774
0.53599313771,5.786923517922946
0.536479686477,8.458996259166181
0.537185413897,8.810826945400127
0.5379154945,7.36332546785442
0.538529905201,6.4175630939268045
0.539070514942,6.401732623626582
0.539611124684,6.394321903006859
0.540151734425,6.393657963115143
0.540692344166,6.3919575886060676
0.541232953907,6.359177578059092
0.541773563648,6.324422715889853
0.54231417339,6.299083685398713
0.542854783131,6.2697630723128235
0.543395392872,6.265988031413397
0.543936002613,6.260345686640417
0.544476612354,6.252563949312046
0.545017222096,6.2641897659178305
0.545557831837,6.2477076289241795
0.546098441578,6.218443854136243
0.546639051319,6.189981096655952
0.54717966106,6.1625410867064945
0.547720270802,6.170258723999724
0.548260880543,6.17260098567803
0.548801490284,6.134606690603811
0.549342100025,6.079436602323078
0.549882709766,5.630329393297612
0.550386005722,6.1910151921336505
0.550940472524,6.493261217309503
0.551522320412,6.0034949416332
0.552062755982,5.933463150929304
0.552603103972,5.896486973883433
0.553143336601,5.880779125022434
0.553683436677,5.83877598743302
0.554223448661,5.800624950840993
0.55476335931,7.096322843027305
0.555426962103,5.421409827455886
0.555935521493,0.34983326925860486
0.55596834719,5.8304506651793195
0.556515442136,5.8132939173981875
0.557062537081,5.870750129315416
0.557620625245,5.247323123449363
0.558124265559,5.693496157661931
0.55867265201,6.109607772637483
0.559263244559,6.248933386999931
0.559868608482,5.51905611396622
0.56040433214,5.063054228738604
0.560896354112,5.726245336241846
0.561452362474,5.179893915948801
0.56195712848,6.450387138669279
0.562592363087,5.411020128191966
0.56313097636,6.128361330299896
0.563749653476,6.7756461444479275
0.564443999166,6.3432993251172665
0.565102337409,6.187779812830957
0.565753321639,6.014767489435684
0.56639158424,4.227416491771496
0.566842318572,5.621863608466441
0.567441390975,6.4682158016394595
0.568132338866,6.689002465764922
0.568853151855,4.060257558121943
0.569294976756,4.697815313701988
0.569811900159,6.128084193179256
0.570495753276,5.850860717315753
0.571158055941,6.950567143286934
0.571952389013,6.047689204077551
0.572648523016,6.546624975085212
0.573407797101,4.772764871872632
0.573963381422,6.146331725284475
0.574680753278,4.5020930613283685
0.575209283266,5.7612389013007785
0.575890800925,3.7169268015273382
0.576334364342,6.532915317931959
0.577122150413,7.22308521777328
0.578004742715,5.321566645201725
0.578662713701,3.4667875340221332
0.579093983217,3.5391892414828674
0.579536028332,3.79283675747029
0.580011626501,4.632120993817503
0.580595480492,7.7969947079469435
0.581586136573,7.854420998874046
0.582592291797,7.770014342005713
0.58359844702,7.658867604213791
0.584604606931,7.5397061474819616
0.58560832574,7.482126705938012
0.586615287791,7.345533514351122
0.587616796869,4.682113265997937
0.588263837601,4.972756965651645
0.588958803343,7.124353037165494
0.589965635261,7.016815680438153
0.590969399917,6.948547404489747
0.5919731991,6.925165064722484
0.592976998424,7.0097654971414105
0.593993611706,6.935597544415402
0.595001682018,6.921492201301135
0.596009752331,6.978438511796689
0.597026464096,1.5838127955787125
0.597257301522,6.856480501558805
0.598257597039,6.833528718623854
0.599257892555,6.7901885154764585
0.600258188072,6.7681572486622725
0.601259669785,6.824089350579611
0.602270263305,6.899473078095647
0.603293053396,6.8686900726801055
0.604315843487,6.830787228238955
0.605338633578,6.764839844736107
0.606355554431,6.732861788788905
0.607370367248,6.711352354737397
0.608382867248,6.6575707683988865
0.609388617248,6.711484037799303
0.610405487805,6.608231221138126
0.611409911295,6.582663580818935
0.612411758499,6.773924563820091
0.613441414591,6.78290894045445
0.614468762421,6.634645278298026
0.615471584374,6.748110857078867
0.616493854648,6.716344081700356
0.61751340061,6.679692229481806
0.618530411866,6.669353903665255
0.619552285017,6.629213224696777
0.62057330632,6.597036384584218
0.621592570005,6.5606344699519274
0.622607741557,6.52636354740905
0.623616268573,6.606824179873038
0.624634973426,6.536637495227065
0.625643634436,4.8798710049198295
0.626398511033,6.555142476404311
0.627414228318,6.524479210363347
0.628425236696,6.477369105344164
0.62942856308,6.475283026238405
0.630432446365,6.44864242187085
0.631433767728,6.491596727421617
0.632444461133,6.58985232620754
0.633474775587,6.449879050840649
0.634485642853,6.417506902724509
0.635492710813,6.447042895013448
0.63650621439,6.457807032398244
0.63752527976,6.375906214996849
0.638543295347,6.360459746274256
0.639561841319,6.416172536153316
0.640564581069,6.671736994827563
0.641587670306,6.645434866968781
0.642612227129,6.574857404080786
0.643634849537,6.508943247496421
0.644650754215,6.477098739284202
0.645661128299,6.521089283187528
0.646679253163,6.498141424631897
0.647697288316,6.432920074488164
0.648705886037,6.503663379859373
0.649723923594,6.409926465472396
0.65072633691,6.509982705639081
0.651745958633,6.492261004437744
0.652765233249,6.512191953306637
0.65378794315,6.5434580048630115
0.654813451205,6.400467217685311
0.65581452375,6.517298823599449
0.65683301792,6.465615004767607
0.657842840591,6.449787699021201
0.658850762451,6.458058610524057
0.659860207603,6.695574562891966
0.660904269443,6.442446259586697
0.661909456818,6.384282277422089
0.66291132793,6.46588562224955
0.663930232435,6.358011763091138
0.664933737183,6.361179990358534
0.665942421208,6.324074092119749
0.666949372617,6.399551370960563
0.667969097682,6.3323849908134004
0.668978426506,6.525051487894524
0.670018557898,6.359442582050928
0.671033336235,6.320284402123762
0.672042719213,6.276976301205536
0.673044721732,6.330318403378198
0.674055646012,6.487726833940173
0.675092124647,6.51443139749077
0.676132105298,6.458174469673436
0.677161783648,6.3737849186201645
0.678175369857,6.39511193987678
0.67919202396,6.386558722382751
0.680210559634,6.463866619623244
0.681242587582,6.364401502613331
0.68225633763,6.353475580817208
0.683267015988,6.3730108555430665
0.684282100058,6.546581709730261
0.685328770632,6.372803348579414
0.686350941699,6.287791919258277
0.687360317715,6.266953479827734
0.688365607849,6.262524482217027
0.689368281221,6.337757889434096
0.690382852481,6.237519230553003
0.691383015513,6.342913430606644
0.692403235406,6.238873351635127
0.693407186268,6.245054241527168
0.694410576141,6.278658557018004
0.695417617143,6.245161652260313
0.696419962034,6.313337770134911
0.697437884439,6.272727929248452
0.698451821875,6.231607979111359
0.699459948827,6.17731138217495
0.70046123291,6.348543465514532
0.701490126507,6.255807223752636
0.702502147274,6.318319703362285
0.703523984319,6.298504357814945
0.704541172646,6.4299672884421035
0.705580785138,6.195425671132393
0.706588962922,6.181817670460712
0.707597887342,6.204766182991812
0.70860767848,6.20236308140281
0.709616848594,6.168475390227592
0.710623132918,6.180884336227422
0.711631661465,6.218855249109715
0.71264478373,6.3735952092810875
0.713685355893,6.163415920602653
0.714696882859,6.209416751508444
0.715717409434,6.202786371209325
0.716734774787,6.4218277575047376
0.717787637465,6.163875000823004
0.718798284551,6.281978648939935
0.71982865625,6.221281429832995
0.720850660203,6.126799684593801
0.72185889906,6.105626261852241
0.72286407998,6.101361490661044
0.723866995997,6.144481637464019
0.724875281183,6.18850292292478
0.725889188399,6.180742782104289
0.726901649805,6.373688978758993
0.72794438164,6.171452366808572
0.728955272163,6.177377965772565
0.72997266723,5.102415338747667
0.730815425145,6.066341277308378
0.731818906092,6.218476727402981
0.732848601235,6.125580505248353
0.733861320865,6.1524852745545635
0.734875610322,6.205981096429318
0.735897872957,6.065083776437846
0.73689827518,6.10474398742247
0.73790724544,6.079737456066814
0.738912948589,6.155564047172255
0.739931038541,6.143545254374596
0.740946345384,6.095038179683085
0.741951008209,6.111700573772169
0.742957591769,6.405385889689314
0.74401670171,6.077914871962057
0.745026788309,6.098069102858344
0.746040277258,6.050129741922657
0.747042674375,6.0570453184121265
0.748048071634,6.0964716828120515
0.749067851041,6.01627780016158
0.75008202561,5.996175527492359
0.751094590748,6.021791995693634
0.752108882455,6.005233787855279
0.753119561533,6.0363538056561215
0.754138962492,5.979031241007369
0.755154082081,5.949987088400726
0.756164878246,5.953586470624167
0.757173904016,5.953427136980387
0.758183112983,5.988759143567771
0.759198628119,5.95177463112386
0.760206291008,5.981506990943026
0.761217793796,5.973194684381179
0.762227731019,5.928585525630338
0.763230636827,5.947975201140217
0.764237319277,5.98282203060148
0.765249649224,6.019916655220141
0.766267739038,5.985224524522211
0.767279784183,5.92951394034097
0.768282244612,5.932326018578754
0.769285024304,5.9666036050584275
0.770294675523,5.961034922323273
0.77130595522,5.9513947598697055
0.772315666069,5.968737142620378
0.773327818303,5.912130276951924
0.774333656376,5.930829956175027
0.775344103327,5.889153733412736
0.776345998373,5.883628172579203
0.777346636638,5.9124878681318735
0.778352210035,5.899102544110658
0.77935581773,5.932549743511834
0.78036809814,5.851383256804272
0.781369535349,5.887664638142212
0.78237795425,5.979230426566174
0.783402641473,5.864030057734947
0.78440835808,5.905046037305617
0.785420234152,6.009639516527984
0.786447229447,5.8948309220542505
0.787451547282,5.926387028706478
0.788460008245,5.943547182790084
0.78947302978,5.911539760527612
0.790481574022,5.97228879590191
0.791502553372,5.972408072121666
0.792529844128,5.837755716554955
0.793535893192,5.860963284598525
0.79454367937,5.857233623581921
0.7955516998,5.8635960692459115
0.796563288344,5.883049275178375
0.797579613448,5.903717748001961
0.798599271506,5.908894038557765
0.799618145856,5.864447834005618
0.800628898248,5.616893061597737
0.801596829533,5.350805578768437
0.802517063432,5.878159758756857
0.803526208227,5.87500554583165
0.804535249508,5.839718194221571
0.805539863895,5.921665903811851
0.806560503325,5.784820559415211
0.807563404587,5.769526599408654
0.808571142811,5.761331194899986
0.809577855103,5.753384315026074
0.810579806508,5.794221252308041
0.81158901439,5.801169310670644
0.812602635299,5.764667030917592
0.813613218123,5.742204933948454
0.814616846521,5.8176186339272045
0.815629843131,5.771403151889901
0.816634594282,5.806105316954112
0.817646746866,5.765057437320361
0.818655870076,5.764223763796351
0.81966677351,5.740250458861458
0.820673303291,5.713357801968964
0.821674319372,5.73119208655527
0.822677926142,5.742361379270071
0.823685318777,5.715737279938274
0.824692166524,5.725187688905016
0.82569925363,5.782224308503794
0.826710597311,5.764515928815167
0.827718149299,5.759977553678318
0.828726638681,5.748381890264717
0.829736799111,5.781296832269135
0.83075417709,5.887855967087889
0.831788192354,5.715433039113658
0.832793133706,5.724114208528292
0.8337997656,5.747182107895332
0.834807795226,5.788719742331447
0.835822386653,5.7883449674539404
0.836837011614,5.725301034445485
0.83784241989,5.840795310281594
0.838872415345,5.65073628567825
0.839873851166,5.688789650662091
0.84088315351,5.712622142637328
0.841893267757,5.6944438323929605
0.842898989311,5.738630736178004
0.84391179454,5.738919546148872
0.844922757397,5.706829255744688
0.845929124944,5.680992472070457
0.846935307089,5.75815380183534
0.847958946752,5.862596002532168
0.849003520316,5.658368604725491
0.850013472909,5.656760066230598
0.851022903401,5.715604123150334
0.852038880715,4.075236447880195
0.852761692485,5.621920708916666
0.85376125389,5.665407178715454
0.854769676877,5.625787601794724
0.855770310479,5.620489829673657
0.856772095453,5.660116950436899
0.857785209442,5.620666348634907
0.858794646385,5.585785819162275
0.859798417052,5.6090033015879825
0.860803540962,5.63935387006378
0.861813914246,5.6468337002338265
0.862829794912,5.570158330545432
0.863832365076,5.604341537940474
0.864839707068,5.635083414576107
0.865850952698,5.592041146314527
0.866852685845,5.628335030345056
0.86786052964,5.642313554434696
0.868872531328,5.609288269620459
0.869882561365,5.54976595352833
0.870884094011,5.5425248255521
0.871885423468,5.6089935151770645
0.872898939069,5.560736595047872
0.873903482115,5.609867351505149
0.874915380148,5.398587767357295
0.875886232061,5.617576987575367
0.876895937045,5.601737323522894
0.877906547226,5.5245093479100476
0.878908377484,5.55014670396676
0.87991664589,5.710612661103323
0.880951436667,5.60466969341763
0.881965029211,5.54000144260431
0.882966413626,5.629789517938864
0.883983433908,5.68156127943011
0.885007940961,5.640958176338683
0.886023193798,5.559467654276334
0.887023531217,5.606946981110417
0.888036949611,5.5038898912272565
0.889040323845,5.498148585270641
0.890049592345,5.475373381280116
0.891057799358,5.5062677014602315
0.89207231062,5.505003411181033
0.893086261554,5.49995222177387
0.894097308129,5.6981841924361225
0.895141802042,5.502720706455176
0.896150722279,5.482590140796158
0.89715598144,5.553262970332401
0.898169958095,5.539348989258758
0.899178389912,5.53133240034717
0.900185196623,5.472248100989612
0.901186012807,5.451052177527612
0.902187385232,5.537229410491869
0.903200177186,5.574669191236026
0.904215919238,5.499863071644644
0.905218460155,5.487810145215601
0.906221051775,5.523850634467973
0.907233980271,5.470498047355096
0.908238360455,5.47861151090375
0.909244642627,5.5144959810461724
0.910259332607,5.455983987284344
0.911264344453,5.506279274447003
0.912278771382,5.508713169302396
0.913291969744,5.459328825130415
0.914294921263,5.514923968375434
0.915308863902,5.589049453146545
0.916336786993,5.450085462326053
0.917340730978,5.548297278933522
0.918364652717,5.424309615071999
0.919367139027,5.4217879996835965
0.920368369268,5.454798586963175
0.921373060841,5.437141632550219
0.922376651723,5.473464623819772
0.923394097632,5.576261594090009
0.924438596001,5.392904744093883
0.925454700984,5.374400951825918
0.926467828598,5.323612747292928
0.927468529594,5.379560541341011
0.928477649422,5.410083472067229
0.929491067277,5.369195663424093
0.930494488815,5.476053653751004
0.931516263557,5.4009067234329065
0.932523342434,5.3913444162875725
0.933527780808,5.4109319662590725
0.934536231502,5.376451874969957
0.935538219604,5.401847570152112
0.936544273583,5.4725590583079855
0.937567915686,5.426134626306007
0.938587763671,5.327425265516982
0.939588024027,5.3490992531505785
0.940588573793,5.425051742908255
0.941599895106,5.411335509415516
0.942609605318,5.359142131123845
0.943613592368,5.368525922798201
0.944625078578,5.280854186852465
0.945626941373,5.4387407830487
0.946660744046,5.321832092609977
0.947670720527,5.303742201134508
0.948676257408,5.317711054350312
0.949682602387,5.427087243084411
0.950707897704,2.4262404948406
0.951165728038,5.373997842626528
0.952179686737,5.3034619127931775
0.953182661713,5.373290061992889
0.954200307255,5.3246999549280805
0.955210237852,5.284650307516444
0.956212694458,5.372851857446969
0.957227206507,5.461006364302159
0.958253714327,5.3830955768195805
0.959265455027,5.3742402380636225
0.960277713102,5.355157088574693
0.96128853785,5.327748503057457
0.962298794572,5.318812301683627
0.963309391454,5.303109441905758
0.964315577971,5.368207316973418
0.965333122186,5.284601757984133
0.966335666401,5.346228363954598
0.967350877769,5.50589578588011
0.968395311855,5.338348300625857
0.969405729317,5.3021811407042785
0.970408320211,5.5451132293174155
0.971459841057,5.283756781298353
0.972466231821,5.326410424701275
0.973480145913,5.33888319059314
0.974493567636,5.317879294118602
0.975506322393,5.386318942462051
0.976535397601,5.237404714093492
0.977536169649,5.256048725088472
0.978541812994,5.270166377956635
0.979551383318,5.243757892474474
0.980560598311,5.190232466417908
0.981566098532,5.169361633309576
0.982570045997,5.182752481820163
0.98357614337,5.363849318938701
0.984614546363,5.240182670847018
0.98562754101,5.201792388760473
0.986629997975,5.277146309764286
0.987643155025,5.242320966900192
0.988652304287,5.156281641909603
0.989652366868,5.141007801639306
0.990654727852,5.21792748329657
0.991672174896,5.362043610484569
0.992717241646,5.143875810777514
0.993722695359,5.1089297290150055
0.994723375049,5.161308868510094
0.995731440615,0.0730542729676947
0.995745678896,2.7798061373686047
0.996287223586,1.9409186266048257
0.996665424895,0.42051972334498894
0.996747434491,3.51474779694498
0.997431117794,5.175818412722324
0.998431206906,5.23170021793026
0.999439208186,5.188089244548308
1.000443163499,5.166355792126558
1.001448528448,5.192091963396972
1.002460906869,5.1777971086722205
1.003470127026,5.156114224438231
1.00447607516,5.247449009208452
1.005501566244,5.14004966519541
1.00650514349,5.174488312520589
1.007513409174,5.1538079133637105
1.008518292066,5.185323300280474
1.00953150316,5.256077329331279
1.010560888315,5.1482629754309475
1.011571799715,5.143352296873302
1.012581852836,5.1191844247447715
1.013585046484,5.108662491460719
1.014585813185,5.206357374490496
1.015603383866,5.198196482006555
1.01661427545,5.230314879010772
1.017629178392,5.174644653593173
1.018633797548,5.230461103829657
1.019649048275,5.206979912854232
1.020659091845,5.1761000421618055
1.021666506292,5.147878795414752
1.022674284191,5.093685270926123
1.023676280015,5.147555702087898
1.024691581877,5.097378953130394
1.025697071639,5.119908381583565
1.026705533986,5.117217398008522
1.027713452348,5.08902745498265
1.028719542631,5.12742818497302
1.029734417561,5.156447175200872
1.030751887075,5.092532444234933
1.031754162506,5.158048318029439
1.032766908328,5.124716579241084
1.03377242403,5.111067856342173
1.034777415549,5.142721824719262
1.035791376829,5.083844338528453
1.036796704445,5.0668234095318105
1.037798941857,5.139128239687905
1.038813691332,5.108164363343654
1.039823227863,5.093740985240359
1.04083308962,5.101077520443464
1.041845346995,5.061820366776278
1.042848498537,5.113839289167955
1.043859374946,5.084326827337991
1.044861739738,5.144091519223982
1.045872338794,5.130335161527629
1.046879077501,5.104819803209719
1.047884096746,5.113452443351305
1.048894270364,5.07141092730454
1.049897224503,5.065715452563325
1.050899949085,5.067946171233169
1.051903910066,5.082314056508591
1.052910280218,5.078151771759707
1.05391755446,5.044472887180578
1.05492126224,5.0294701279753085
1.05592275827,5.069300661429747
1.056930564997,5.1291650988663
1.057951210386,5.032528962962073
1.058952812258,5.11091289673405
1.059968338587,5.044315194271695
1.060969961147,5.163444451467384
1.061995296969,5.050495778646429
1.062999447213,0.8115641014327033
1.063160991849,5.084997122470664
1.064176245522,4.9866374144035905
1.065176546821,4.981691057089
1.066176921736,5.035902998975878
1.067186520533,5.052281919477105
1.068200975072,5.0361016036874275
1.069217597573,5.049619449472952
1.070238265551,5.002428575536207
1.071246934485,5.012463385890871
1.072255699496,5.105710056517368
1.073280058743,5.061036580961789
1.074294340587,5.0332652291774584
1.075304155616,5.198231997279439
1.076344744726,5.045511526452458
1.077348455863,5.0994422077869785
1.078354658425,5.170028867111537
1.079370639449,5.327031209090155
1.080416973589,5.177817711920399
1.081432864196,5.180273042232867
1.082450902775,5.176045518781459
1.083469604371,5.135379645132026
1.084480750608,5.239544592019938
1.08551282604,5.138871731446378
1.086522164757,5.24198220442129
1.08754937054,5.147111104885009
1.08855699444,5.136482415705126
1.089557261273,5.169783802698644
1.090558132394,5.2547794735877735
1.091574167155,5.381646922065539
1.092615962822,5.205370573523596
1.093626417232,5.151437413493588
1.094629697943,5.178679710391732
1.095640183163,5.165413796933734
1.096648459869,5.179857629833651
1.097661472121,5.125161459755607
1.098668340228,5.0713475211399635
1.099669401269,5.057239317218213
1.100670049744,5.087321791997201
1.101676789993,5.0532110214637065
1.102677049582,5.083736171050217
1.103687488904,5.011304160003712
1.104692279568,4.972099872598321
1.105697068065,4.922138065101705
1.106697227351,5.008802125461859
1.107715915208,4.963747959740979
1.108723631454,4.9745260620928
1.109735212006,4.916337169959334
1.11073734172,4.935693526887834
1.111744187028,4.947833225855621
1.112754445711,4.938293814687961
1.113766139283,4.960316025109895
1.114784683997,4.9349261509569144
1.115799803759,4.853565857814818
1.116802246716,4.84394043182347
1.117806689693,4.862819372411943
1.118818197024,4.852873431956104
1.119830062505,4.819917027063398
1.120838406257,4.793172721446523
1.121843056023,4.791931965990193
1.122848725807,4.78765218600204
1.123853996743,4.77678396805916
1.124854673951,4.786396571576084
1.125856224178,4.832115275643677
1.126868712048,3.8138787954030104
1.12766822323,4.802118892999638
1.128674935055,4.775127582405291
1.12967768022,4.7504679285344595
1.130678221073,4.916878350520906
1.131714542023,4.837670806198314
1.132730485141,4.798042167875251
1.133734899503,4.8769830240068925
1.134753834828,4.820308490571563
1.135758773243,4.8059184893678335
1.136761950971,4.886131866050389
1.137781808439,4.832634123231491
1.138787102308,4.858221716171925
1.139796789014,4.841376840399796
1.140804670713,4.869571409785034
1.141822142252,4.91049067193983
1.142847206837,4.8319012099071195
1.143853855504,4.808499729889731
1.144858885653,4.866852291075793
1.145876969801,4.791349130134956
1.146879097052,2.5215863709318223
1.147407278769,4.81692086738595
1.148415671515,4.819432767262703
1.149421072537,4.828341829760294
1.150430251751,4.7612694494001
1.15143316481,4.753369734183989
1.152440514065,4.719413559055675
1.153443218733,4.746332740618504
1.15445283324,4.7228385936196595
1.155457447105,4.73272890636614
1.156460377633,4.780981225590921
1.157473626794,4.747637216244825
1.158485286848,4.689316224793507
1.159487640326,4.700333882484603
1.160491351609,4.810901154484226
1.161516464292,4.735235104369233
1.162524002759,4.751671373801825
1.163535154991,4.709726615059586
1.16453750572,4.730107815227719
1.16554496287,4.729962649836899
1.166551748383,4.753899320227176
1.167560552652,4.735146942882459
1.168562995254,4.75752751201379
1.169569010986,4.82126737506108
1.170590659811,4.703472712631342
1.171590791274,4.823873279763804
1.172618226533,4.761225367346319
1.173634255934,4.743711050788559
1.174650985617,4.653183629036775
1.175651125678,4.670714883972661
1.176653953465,4.691338155187647
1.17765950853,4.728218246563574
1.178670262461,4.725935153277282
1.179678148114,4.719097805585788
1.180685655735,4.741972140738461
1.181698423574,4.7110276603129
1.182703013807,4.7284436244282215
1.183710015426,4.713530534685823
1.184711444158,4.7209639401096775
1.185713295846,4.703332609022339
1.186716041,4.685387787958771
1.187720245481,4.6783350038928795
1.18872553621,4.649363956288184
1.189727139296,4.690479323443954
1.190740003395,4.683873019749833
1.19175147432,4.656807031220016
1.192756266876,4.694091042806366
1.193768861515,3.896264745626632
1.194608520994,4.692284912262971
1.19562103544,4.617603934659128
1.19662107694,4.635369770761862
1.197628538485,4.614471927910175
1.198632980405,4.607323676412387
1.199637973326,4.70820712653844
1.200663574334,4.652365584591865
1.201672332971,4.727950691145624
1.202697546973,4.637286652970589
1.203701778626,4.653638317829939
1.204705357795,4.650619256225802
1.205710193745,4.662327419853002
1.20672340779,4.644660054512903
1.20773450448,4.657535870659214
1.208747344464,4.677389014817183
1.20976331059,4.660701923810942
1.210777623551,4.585281581283478
1.211777994438,4.581490066436157
1.212780351357,4.591761018309257
1.213790036787,4.584966017943286
1.214798594954,4.575210639667302
1.215801612325,4.666392832556851
1.216822226642,4.653830692832026
1.217840990808,4.592740378306536
1.218848676792,4.567613776875883
1.219850822931,4.6176315997538095
1.220861886846,4.597430362348616
1.221866793603,4.646536764661506
1.222881142301,4.612086613053303
1.223887052707,4.662387620600797
1.224904611224,4.609610175805364
1.225913122289,4.642376126524482
1.226930512971,4.572977672517699
1.2279330115,4.572880009389333
1.228935990844,4.59519597581375
1.229942309833,4.687575525312621
1.230965564427,4.612122657953482
1.231971955996,4.648240446007201
1.232989335602,4.59092325568359
1.233997565701,4.556347219720131
1.235002857904,4.511727956415172
1.236004229184,4.503100833055428
1.23700719068,4.486329552520091
1.238008515572,4.53990211640705
1.23902362271,4.50499349876029
1.240028486662,4.542021002500327
1.2410364252,4.531585790467467
1.242040566479,4.531668633478255
1.243043814422,4.556495934250842
1.244050871518,4.626244399440137
1.245071963542,4.54964929384511
1.246075851913,4.592570921119622
1.247089907536,4.562368671921434
1.24809691033,4.549011984596405
1.24910385553,4.561855155745758
1.250116586397,4.512709861338544
1.251117695942,4.551326062514522
1.252123744017,4.57103710677302
1.253128913064,4.56798858070651
1.254131302051,4.561969962261736
1.255133836891,4.5494621945767175
1.256138404539,4.533716079656881
1.257141501523,4.535393220533039
1.258146418766,4.494593255885496
1.259149061082,4.473634759856254
1.260150152582,4.589733178279983
1.261176837719,4.53518732317085
1.262193252814,3.1102381411074322
1.262891732561,4.463655886569074
1.26389436834,4.48791383191593
1.264901313773,4.481601539286787
1.265904873245,4.512670947734001
1.266912332522,4.573097058655614
1.267929793391,4.507614563792787
1.268931136326,4.521873974807051
1.269936888551,4.522313257248559
1.270945747517,4.532000473214658
1.271956183447,4.520084198485863
1.272962751117,4.500905729972855
1.273968264466,4.57821162014043
1.27499129464,4.4925415025409325
1.275994954789,4.498151257680994
1.277003648032,4.4598778960194885
1.278004380911,4.481859183816005
1.279009624166,4.47798725122896
1.280015877384,4.460192937106809
1.28102253065,4.473294731252301
1.28203768929,4.477498081323573
1.283056716599,4.465526802168932
1.284073225653,4.429217757495913
1.285082430344,4.389438307220999
1.286084317649,4.42577184855676
1.287093720802,4.436619130153406
1.28810579235,4.4523592151906115
1.289122415127,4.421861179719885
1.290128502263,4.467387809816728
1.291138970232,4.447278395557656
1.29214220596,4.524236352662607
1.29316187516,4.480618816467653
1.294171304834,4.48557111932397
1.295181875725,4.549780822432975
1.29620485704,4.462066672432
1.297207265566,4.482870218344048
1.298214338671,4.537656605824341
1.299230582962,4.508453621527715
1.300240452175,4.585151818004418
1.301274757874,4.435347529639518
1.302282261109,4.42320287836335
1.303288513383,4.475642312337695
1.304307409952,4.448921130726052
1.305322469744,4.3860379938326215
1.306324593235,4.400595516429494
1.307329754076,4.4033877857818355
1.308333251185,4.4122241530983315
1.309337043113,4.443636022638127
1.310345904378,4.419628232929716
1.311348339047,4.5096780838298205
1.312371794273,4.505189710903096
1.313395124967,4.422498597981803
1.314399910799,4.461454549055682
1.315411466619,4.434577181645342
1.316414032632,4.4772420742784345
1.317424327685,4.44317504369017
1.318424582475,4.470714514095046
1.319430497382,4.451018735683713
1.320436632011,4.419683600752013
1.321442349871,4.411067358297441
1.322450824064,4.405474230706698
1.323461158693,4.3999134148474255
1.324472429946,4.415159952138806
1.325488024609,4.426962185071846
1.326507053231,4.340090517792592
1.327508365914,4.387785490267756
1.328520576973,4.438433015385891
1.329539904402,4.426721921926247
1.330553830887,4.409633027626668
1.331562505003,4.403564484364948
1.332570281142,4.378731902387787
1.333574758044,3.152284778397155
1.334298822021,4.434597938516463
1.335320994387,4.352409597190302
1.336328581071,4.418758430718454
1.337347870114,1.5400374309827045
1.337701015918,2.072354366387371
1.338176053019,1.0119667935610073
1.338408444183,1.3859649681342774
1.338727523691,2.9207097791493473
1.339402722022,4.1757990769330675
1.340369084022,4.082293795911389
1.341309260932,4.3601784586314345
1.342311697007,4.331599280840495
1.343311814483,4.384901329194851
1.344327164264,4.383225151515818
1.34534228743,4.3589140436377125
1.346350499292,4.36313337770873
1.347357793757,4.10984898687202
1.348306304025,4.097567102110458
1.349250997977,4.404499006307332
1.350266251973,4.4081072311692315
1.351284669833,4.349081590408181
1.352292062414,4.363226316698429
1.353304421541,4.410612089345552
1.354327300975,4.3233905137482225
1.355329869329,4.323833637945943
1.356333739762,4.391471508048802
1.357355147016,4.3272375087999135
1.358364569849,4.3239914565597966
1.359374978256,4.289814702667939
1.36037642457,4.330866980915849
1.361381892797,3.777094551629258
1.362253412763,4.2467948651498
1.363231796009,4.358343844511566
1.364236876496,4.3329393754235745
1.365240273099,4.321752787974671
1.366246635181,4.284292852947984
1.367246674432,4.309705578764937
1.368252786114,4.319348791099488
1.369261804465,4.174205430325569
1.370238842312,4.194238110629766
1.371221925325,4.286464006525716
1.372227231069,4.259575706252776
1.373228330789,4.259082223322915
1.374230507554,4.299482090597718
1.37524081533,4.262433221220073
1.376241138028,4.269789796477918
1.377242262262,4.3233304563563
1.3782552905,4.266994363220946
1.379256372715,2.841210261795887
1.379924185121,4.333118551278917
1.380941213268,4.271103726931382
1.381941685751,4.2747979074560885
1.38294556734,4.327034353475068
1.383964825761,4.206810878054825
1.384955030378,4.320039009597062
1.385968824144,4.275281979217738
1.38696924489,4.3027025869314395
1.387974234243,4.404987707644566
1.389004907461,4.303173541691391
1.3900173213,4.26164073693936
1.391024790753,4.048982982005775
1.391983020941,4.2811299825964575
1.392994257714,4.243707108319851
1.393997359923,4.223291752983375
1.394997963707,4.005943747839145
1.395948233187,4.256800712798032
1.396961029654,4.202151440298796
1.397963353185,3.9136357136259785
1.398898415339,4.202213471666232
1.399903760198,4.198121606795628
1.400907843347,4.2650819180314326
1.401927618649,4.208981896315034
1.402932844399,4.211687879129518
1.403935404654,4.230703625412561
1.404940456788,4.253480433771135
1.405951812594,4.209141660592961
1.406953852287,4.226999834170744
1.407960514725,4.2094998168663516
1.408962237446,4.25099776327095
1.409971209955,4.236510700658192
1.410974948458,4.255929504417133
1.41198383337,4.228185327248927
1.412986655911,4.241223580272771
1.413992144863,4.233537493067322
1.414995728365,4.106419199325876
1.415971946863,4.2899412424031045
1.416994043275,3.6130048955870304
1.417854565022,3.830353670242322
1.418766675779,4.222765107662701
1.419772266856,4.189930146455839
1.420774409829,4.162366950204938
1.421777228919,4.165155097341477
1.422782951666,3.909330874343388
1.423725348033,4.186150190914623
1.424731467144,3.965907716544267
1.425685514009,2.725525938777529
1.426343572154,3.565821825870039
1.427205762355,4.006828449068948
1.42817834404,4.119753685030655
1.429183400987,4.102581103431778
1.43018786422,4.128990754805617
1.431199926373,4.11292018447871
1.432205963327,4.138524614433311
1.433215764708,4.143223814357882
1.434224188051,4.162466095949722
1.435234646709,4.211995250836829
1.436255177465,4.181175563039492
1.437266800792,4.153633635401127
1.438271127443,4.154558677615935
1.43927685923,4.1406516875979955
1.440279005992,4.139090082075859
1.441280219784,4.165396302945738
1.442288824836,4.147087386071636
1.443292626184,4.156324617032208
1.444298021654,3.9724690494747783
1.445259982094,4.139163725185372
1.446264979867,4.148132939281593
1.447274590962,4.130857131279835
1.448280951714,4.114344266494581
1.449283903876,4.109134486150514
1.4502858513,4.1469358853279115
1.45129533143,4.122234889667042
1.452295683662,4.191457748623971
1.453310675329,4.132639064472626
1.454311421554,4.175710663997736
1.45532344016,4.1294470382565445
1.456324462294,4.154909477542434
1.457330413128,4.214501275396618
1.458349189433,4.155076401169918
1.459353359045,4.0043931352397975
1.460322209338,4.191624989706448
1.46133672772,4.245249739968051
1.462362465533,4.164612011555834
1.463369408182,4.1245662600202815
1.464370502497,4.142630633602952
1.465378047066,4.111636525628664
1.466379132108,4.112836433431188
1.46738167046,4.136134994071851
1.46838983257,4.130685019041458
1.469397986992,3.4627302396641255
1.470244525527,4.0393471474428475
1.471230100414,4.120053972997254
1.472232079512,4.118069670951142
1.473234524899,4.094550693094434
1.474235534747,0.9332864050216926
1.474464240401,4.136199149566171
1.475476662297,4.099929765429874
1.476478624572,4.098261229339775
1.477482361096,4.115211829471342
1.478491053985,4.12686871229663
1.479502205401,4.09443058719877
1.480506803502,4.117553143984596
1.481517576657,4.092867183388927
1.482521387918,4.091319460037534
1.483522614083,4.094969424947283
1.484524518904,4.095495333703423
1.485528710817,4.114565138640677
1.486538282637,4.0785650704469525
1.487538575524,4.09167446565626
1.488542334521,4.074239614323682
1.489543225989,4.075023198673651
1.490546226978,4.081421612897915
1.491552007922,4.008333489258095
1.492540325458,4.128603471706077
1.493557354041,4.102443002941819
1.494568444389,4.049767056829005
1.495569046727,4.069216991310283
1.496573658961,4.119787403976712
1.497589397123,4.069582201540126
1.498592479982,3.614092957176616
1.499483387696,4.065310988719067
1.50048387618,4.096816726519664
1.501488454311,4.067608240176381
1.502488955184,4.0717623231320905
1.503496348064,4.081533197439346
1.504506916492,4.122631624848128
1.505525007776,4.103703924405707
1.506535838747,4.0881885587408355
1.507542429292,4.103038558986106
1.508551261399,4.0930619310104275
1.509556270751,4.0961971479354125
1.510563731315,4.078349619928135
1.511571563994,4.046667110416682
1.512576234319,4.042868086228588
1.513582227642,4.046916223333678
1.514590239347,4.015778385450606
1.515591684515,4.017574632155959
1.516595065771,4.072039206742625
1.517612186942,4.012779508155319
1.518612529586,3.68653054064635
1.519530561551,4.043365517230095
1.520537759849,4.029183769613516
1.521540001372,2.8445576442921454
1.522247286609,4.056522259550112
1.523257798686,4.011069744078393
1.524259026571,4.010393208530044
1.525260446545,4.027792727474774
1.526267109446,4.0355947765719264
1.527275142946,4.013146804942778
1.52827633098,4.045837824129388
1.529284771539,4.062660521547546
1.530297811616,4.023697208280704
1.531302992694,4.020505130931335
1.532307729071,4.027262048376639
1.533314579177,4.004391905585658
1.534317201939,4.051606300574037
1.535331380709,4.063326456606777
1.53634784917,4.020907227173633
1.537355675846,3.9963471030646622
1.538356730391,4.022137933553987
1.539362386352,4.006816117210869
1.540365180284,3.9843734640771635
1.541366896991,4.038915183345051
1.542385075949,3.991318464261896
1.543389852629,4.001729932898869
1.544395771508,4.014408874977236
1.54540402576,3.1704333053355427
1.546198841521,4.019837060017719
1.547203141,3.9988456122703915
1.54820462379,4.003113351839742
1.549216361927,3.9883352517356845
1.55023119064,3.9756298591917143
1.551244149387,3.976118804716168
1.55225467634,3.971083320493075
1.553262078097,3.960165365756538
1.554267391561,3.943971981183227
1.555271138849,3.9392996799650883
1.556273186187,3.963428380080736
1.557279394801,3.9721452834127193
1.558290757619,3.925837328572451
1.559293899074,3.9543348778453655
1.56030579398,3.871150982899498
1.561294472489,3.946311026730819
1.562300855331,3.950040687081986
1.563310227481,3.931677531546383
1.564316707157,3.6680969248278257
1.56525573715,2.9392779652060157
1.566006891509,3.9617004406429155
1.567017067239,3.93739553935251
1.568023471854,3.9046604507976346
1.569024682972,3.931026791622846
1.570033312845,3.946253679593307
1.571048023234,3.894209739985801
1.572050730198,3.912351924200073
1.573058610456,3.8867078109246997
1.574059534851,3.911701005305658
1.57506687082,3.9003920967943695
1.576071180253,3.9366994932440926
1.577083176651,3.9719913179145503
1.57810335423,3.922999827217479
1.579111485827,3.914714782269963
1.580117463754,3.920322799545604
1.581122304021,3.9184388374770074
1.582124034923,3.929327394260723
1.583125438699,3.9452543575785906
1.58413177553,3.9241094734970536
1.585138523066,3.9149935595366596
1.586144332694,3.9072578363114805
1.587148305437,3.9100793166958496
1.588154052767,3.898702848670929
1.589156569341,3.9240062358018135
1.590164731619,3.9159021393869775
1.591168347321,3.920922333310747
1.592171816795,3.9476806798291655
1.593182203507,3.915440654564806
1.594185574496,3.91737797741403
1.595192216555,3.884419545400454
1.596192536896,3.91106170562787
1.597199751524,3.9246787955759257
1.5982117464,3.889833569896448
1.599216208411,3.8910944824082327
1.600218811475,3.9045864026845654
1.601222383058,3.9604153928618255
1.602238005443,3.9580233079575944
1.60325194278,3.9717524110890534
1.604270665104,3.9456786344432064
1.605284968353,3.932648824380373
1.606297785238,3.9214634836062374
1.607307492863,3.9152304707331567
1.608312784647,3.916039128421108
1.609316301538,3.9334318387846996
1.610325013052,3.9019961211493523
1.611326125618,3.918782424317472
1.612329869885,3.9431322423923363
1.613338391245,3.9471148987546223
1.61434977336,3.9136572819670006
1.615356383268,3.891903125579729
1.616358380002,3.51386613078457
1.617261452428,3.9119355708834216
1.61826679427,3.9152697417267057
1.619274029631,3.9216741670151243
1.62028514407,3.869890705574126
1.621286894713,3.858072746817569
1.622284924087,3.8945765433716804
1.623289207126,3.8745290207627647
1.624290001087,3.881151164737516
1.625298066591,3.8883220950939803
1.626310915632,3.851538688608656
1.627315861044,3.8772370724670644
1.628327981238,3.8435405525495576
1.629328653649,3.8784407175897186
1.630337217879,3.8656795058200055
1.63134089128,3.702670799230908
1.632301247369,3.8616754008630023
1.633307279808,3.849569398070298
1.634317589271,3.7884131277207707
1.635317595961,3.801010046356849
1.636322889103,3.806877850464681
1.637328478002,3.8399231016872672
1.63834208275,3.801098687403551
1.63934477689,3.819507506911019
1.64035018348,3.844471647452011
1.641360358412,3.823127794861438
1.64236753378,3.8180571958226257
1.643374762659,3.819417801444434
1.644379608936,3.83018992231102
1.645385952532,3.8405826123403277
1.646393525676,3.8361537811357502
1.647400658605,3.8165667890083226
1.648402164421,3.600210214715548
1.649341559473,3.871928422579695
1.650348752779,3.853211261446395
1.651353029815,3.840252830357472
1.652359815153,3.839134157963223
1.653372411698,3.8075307302280184
1.654379932994,3.7918812258006005
1.65538306005,3.8740639948060007
1.656402031291,3.8648226259264407
1.657412781557,3.8653107720039137
1.658424619041,3.8191257467773543
1.659428288586,3.8306060429453743
1.660436406635,3.8531492549403388
1.661451505961,3.7794525607407556
1.662453155221,3.7682003854350627
1.663459034489,3.751168528703235
1.664461563372,3.8169033391386087
1.665478877863,3.7794331758198885
1.666482213932,1.1393064907225137
1.666783772489,3.798105937770712
1.667786268332,3.852961333801874
1.668798354289,3.869081160970681
1.6698134578,3.8034362152152417
1.670817220161,3.7768343680876915
1.671819947513,3.8030997998987095
1.672828629001,3.7955261753779315
1.673833356612,3.808607357724854
1.674842815129,3.8514744946748283
1.675863727956,3.781372268057233
1.676865955484,3.796892129372929
1.677871329725,3.8075354454959354
1.678874549292,6.855820284776653
1.680679938336,3.781388077353388
1.681680761167,3.7857327116331665
1.682685961523,3.7638114614073928
1.683686546681,3.7941509660511166
1.684699535211,3.7343327726245876
1.685700731524,3.735905207437594
1.686702259896,3.733815272945085
1.687702987435,3.7497144325397556
1.688707469188,3.8253811661469044
1.689733015714,3.742911873531151
1.690734509332,3.7828726475964034
1.691742688826,3.795988758679349
1.692755312327,3.7801814502221407
1.693764788336,3.765444933770048
1.694767383689,3.80154059892175
1.695778511645,3.7920513788138965
1.696787222397,3.7689105387071704
1.69778798744,3.7770912951312527
1.698793327111,3.761987010330923
1.699799738643,3.785985389558757
1.700815028134,3.747031771038698
1.701820087602,3.7293239629628925
1.702820941779,3.8009449577929915
1.703840428158,3.7768739448232984
1.704850097103,3.77627656406756
1.705856892231,3.7721434237377935
1.706860945435,3.794368093144121
1.707871002655,3.7925886741227623
1.708880291902,3.7781954147591463
1.709888256384,3.74241912176769
1.710893820531,3.7426227507732164
1.71190654546,3.6865889698778926
1.712908837112,3.718865013400726
1.713920401873,3.765539655400003
1.714940686668,3.7199050895696764
1.715941181434,3.743113499599713
1.716942610198,3.770479073180215
1.717949521893,3.752208749592739
1.718952409559,3.8141960990423356
1.719974115782,3.7288910883039006
1.720974821094,3.7308887621972584
1.721978153262,3.7404821255364014
1.722986188783,3.493994389829546
1.723930936196,3.711744708123254
1.724938040726,3.8188055221459085
1.725973851815,3.706534009609041
1.726977346778,3.7114236908093554
1.727983271132,3.7086001433661435
1.728987646362,3.7120539524000424
1.72998981323,3.7526036943903147
1.731003508093,3.7245845714586707
1.732010320935,3.7459051722468195
1.733019857345,3.747165265102524
1.734027829311,3.7255060776530273
1.73502967065,3.7656033548633103
1.736042712352,3.728964965256895
1.737046275586,3.7639472131591973
1.738057147859,3.7735996216325662
1.739068086169,3.8170394533223173
1.740091387155,3.7511680083892247
1.741099281138,3.7312805037764076
1.742101173565,3.7778013361644436
1.74311504476,3.7529398453748195
1.744124374063,3.7326187726413678
1.745130885391,3.721755640405658
1.746134943992,3.7236860629154527
1.747142945399,3.6713990242484953
1.748143897034,3.6701954778894397
1.749147488961,3.678193593594849
1.750153340311,3.6856408115070796
1.751163010717,3.654874160630692
1.752164841571,3.6850374621831343
1.753173319955,3.663403293652967
1.754173541086,3.6810315369885305
1.755173914151,3.731916763577909
1.756184161985,3.7053133293720473
1.757184630298,3.7383385077952926
1.758191265948,3.725542135741469
1.759193234012,3.7441870712914405
1.760199361749,3.7208441952249274
1.76120157752,3.705580571590568
1.762204563878,3.7022251933004053
1.763208418756,3.6922824468520514
1.764209919623,3.750124455303496
1.765224125396,3.778856339666163
1.766238445549,3.792333205935948
1.767252526755,3.7937037408573357
1.768271249535,3.7198293941272262
1.769277299482,3.700034152226042
1.770282644658,3.6993949285475614
1.771288136961,3.6937441578580605
1.772292408216,3.6912825819418007
1.773297776329,3.742732918795261
1.774317411079,3.7612787619893306
1.775340082627,3.6815181585940184
1.77634028231,3.6978206688783297
1.777346947045,3.3138023013359086
1.778251834304,3.689252653286757
1.779260650811,3.6930946366073303
1.78026816387,3.6815962371798214
1.781269509858,3.7078008055635565
1.782277185911,3.67972440204658
1.783277461782,3.678212990296401
1.784279685199,3.726746422741043
1.78529680376,3.7159962951773453
1.786308676121,3.6799849559148194
1.787309850342,3.713180631919156
1.788319182291,3.6977454251036614
1.789323757798,3.6966835837795124
1.790328564893,3.694957533986094
1.791332162299,3.7739075656664864
1.792355743792,3.6922242561951126
1.793357622546,3.784220469454574
1.794387699561,3.7093010410882794
1.795397774999,3.701111819545597
1.796405507262,3.718313615185326
1.797419187178,3.732928897512379
1.798437445443,3.6653806298021574
1.799438217378,3.6588278518860426
1.800438648095,3.6900692938485977
1.801449350423,3.6911698006451132
1.802460871647,3.6728150060916276
1.803468328329,3.650763677377663
1.804472783961,3.6292964745850504
1.805476753906,3.6237953284208992
1.806482894181,3.61222799123951
1.807484757241,3.651147176623199
1.808494788691,3.622177072560089
1.809495124471,3.668961303601841
1.810509267641,3.6128182126620576
1.811511899625,3.6454830192378846
1.812526592899,3.6223798561985614
1.813532736873,3.650944080005909
1.814545868144,3.6416262158320802
1.815555480315,3.6490395443869055
1.816566487585,3.6328304641535194
1.817575818358,3.648572816261813
1.818591980417,3.6641407425338506
1.819614351123,3.5913699955211067
1.820616044826,3.6275001044366135
1.821625957754,2.257425879403038
1.822253878116,1.8672703268943476
1.822773115448,1.7714379813391972
1.823265475093,2.696306923096995
1.824014828582,2.4765637196894685
1.824702892652,3.1163715633338738
1.825567314918,3.624921693163915
1.826573134663,3.172440066773005
1.827456654564,3.067972832678868
1.828313440309,2.9150481933375176
1.829127422211,3.205033772475114
1.830021824737,3.5618753138458605
1.831017797616,3.1498322244167842
1.831899838376,3.5705075352242415
1.832899317793,3.3141188277883593
1.833827669648,2.8423486381391565
1.83462505291,3.5721054544673434
1.835626920653,3.5806448759014047
1.836631478815,2.9991840049806338
1.837474504,3.5677748108585394
1.838476406497,3.5727259939297036
1.839476726312,3.3432635593626
1.840411566398,3.137205926997694
1.841289012699,2.9809478107218608
1.842122732146,3.2357989012865613
1.843029983438,3.5527565961635124
1.844030289486,3.5564666087226247
1.845033783848,3.5764114335546937
1.846044169054,3.554364030298362
1.847048691098,3.446630872508066
1.848020512392,3.561757224740612
1.849020652886,3.181311728745164
1.849910958288,3.3952782771899033
1.85085897044,3.0323950835047495
1.85170515083,3.2933476936304884
1.852623736668,3.4681721062543107
1.853589748083,3.0760128538646687
1.854448181443,3.2205967304018266
1.855349837088,3.599419660213083
1.856358995735,3.4449761191784543
1.857326444749,3.165224553398827
1.858216439136,3.3883758628159266
1.859169526952,3.611787289552492
1.860186355164,3.5480296746675464
1.861186405154,0.33062381829576837
1.861279652931,3.547373442365096
1.862280761583,3.5641213447565603
1.863287693575,3.5727109731206363
1.864297068141,3.5501276621148423
1.865299876487,3.594673995670906
1.866315672798,3.5532408334758827
1.867319256721,3.548321723982074
1.868320242701,3.3952110974688408
1.869276549411,3.436613536163187
1.870243417741,3.571803075397002
1.871248756929,3.3614128306982125
1.872196914818,3.400259257950505
1.873155965718,3.561793101407136
1.874158811687,3.564803337716702
1.875162871688,3.578972656797418
1.876172657031,3.3324594783391177
1.877114060887,3.4333517176975774
1.878084678246,3.5494411786859885
1.87908818409,3.5829480946957433
1.880099005843,3.6360451038562966
1.881123891883,3.5505095809461222
1.882125004923,3.1956223089295044
1.883026650171,3.558978726637752
1.884029842202,3.124505808935473
1.884908257964,3.561572614903162
1.88591002709,3.6074652216043144
1.886926371593,3.586589820372797
1.887938829435,3.532357524855525
1.888938904745,3.384321081385909
1.889898506761,3.5453668663644304
1.890904438372,3.527599721171033
1.891905677054,3.534988011367145
1.892909503674,3.5245587074949283
1.893909822091,3.238500944319916
1.89482655904,3.5480007729785923
1.895829685877,3.1751824949868315
1.896729351245,3.0916178875011044
1.897607586192,3.5230686386587218
1.898609944021,3.5395035206974694
1.899618303965,3.516000308202162
1.900620658298,2.308342274813901
1.901279475872,3.276666590726793
1.902215707967,3.5209904356190465
1.903220251207,3.553566985089539
1.904234428735,3.305669002551192
1.905180686368,3.074531048603977
1.906060166619,3.5266281723443984
1.907066786597,3.1761441441200313
1.907972974337,3.2089682124212846
1.908889650897,3.5073009538987403
1.909894185614,3.044112493316484
1.910768819948,3.238906736025973
1.911701671484,3.505699195431832
1.912710306432,3.4914661072045554
1.913713761768,3.485372238500307
1.914716462719,3.475838765880577
1.915716873812,3.250018838176849
1.916649674869,3.524261284367372
1.917656304987,3.041013119616967
1.918523390531,2.9564638262455247
1.919366935676,3.473100115533869
1.92035948002,3.436378268482597
1.921343925944,3.5032442049445347
1.92235009858,3.529938957243719
1.923363985486,3.4711529417605242
1.9243609077,3.5117407094620634
1.925369858871,3.5067709097444717
1.926377506337,3.281582889754182
1.927319985468,3.098444201784211
1.928207758289,3.5010353998914514
1.929209262342,3.5197933090362583
1.93021726904,3.5232175775062755
1.931228200867,3.5045301315747164
1.932235713891,3.51200425292507
1.933246272771,3.502588633420841
1.934253451849,3.496019724626372
1.935258332259,3.4936269206129693
1.936263028285,3.194205655857867
1.937183455435,3.4814555930176647
1.938185482075,2.9460633723072167
1.939032643872,3.3191947117432274
1.939990388404,3.413221127723797
1.940978490519,3.172652904094632
1.941899449642,3.151546340961518
1.942816470137,3.364654167128002
1.943797061143,3.4333368724621645
1.944800844909,2.946270510557866
1.945664652591,0.6413295147182749
1.945852713544,3.4550550684305366
1.94686359859,3.162346880876261
1.947788469196,3.442946496914201
1.948798344586,3.3061475279372856
1.949769990058,3.096954133227635
1.950680892474,3.094005161524065
1.951589669461,3.37068802460029
1.952576092598,3.149617060221483
1.953497957669,3.4192255581435584
1.954502727108,3.4117719720130033
1.955508291015,3.4244052546186414
1.956519651402,3.4097731765722514
1.957526840369,3.392223586081096
1.95852903905,3.4035369486448555
1.959533535417,3.433347457906369
1.960543690347,3.4185676350459158
1.961547135861,3.304119629820461
1.962515544913,3.4162296473784193
1.963516175391,3.1033424905510225
1.964423600428,3.2027421037544257
1.965359076344,3.429829031956136
1.966361348458,3.3277449024362493
1.967335305427,3.0388451914201053
1.968227457816,3.3990818685541986
1.969227514342,3.390937827311199
1.970228777506,3.3410829838634353
1.971218211509,3.334601046839952
1.972204059507,3.320204130698675
1.973181968405,3.223602711584958
1.974130951706,3.2199808432926895
1.975080164866,3.107332682115261
1.975996185512,3.326271411049475
1.976978025579,3.405182976644532
1.977986091183,3.3785031530732876
1.978988092037,3.4025568121364156
1.979996040636,3.4166400904805543
1.9810068371,3.393620308240512
1.982009102674,3.4215585755574303
1.983017026246,3.193792977251286
1.983956365254,3.431470302405747
1.984964627207,3.189623444130389
1.985903162231,3.3200023315755525
1.986883786464,3.407082766762632
1.987889574017,3.401091692758889
1.988890117478,2.964004871479272
1.989761476829,2.9467233472122993
1.990628071876,2.6609023411208903
1.991410718765,3.1568113536296356
1.992340890565,0.3228052976812301
1.992436190949,3.388708720082559
1.993440292687,3.384449013069141
1.994450459031,3.353001150760425
1.995456141084,2.479943997105596
1.996199850947,3.3549234939880437
1.997200771677,3.164333287557353
1.998140855347,3.049444170184728
1.999048317863,3.3953521835425793
2.000060825925,3.1622131506113536
2.001003724036,3.2893087738321576
2.001983833354,3.2607060013320024
2.002954892231,3.21724168974363
2.003914576534,3.3582690560120363
2.004918385253,3.3583604525928905
2.005922181097,2.8623844300299623
2.00677711884,3.1531581194775224
2.007718571607,3.2125472297121327
2.008676045796,3.3249102051524453
2.009665278717,3.038535743839251
2.010569862881,3.243616734909983
2.011535310819,2.968155786795198
2.012418361229,2.780692684013244
2.01324707081,3.218088681866577
2.014207510348,2.834603221425098
2.015054803154,3.3529780288133657
2.016061148733,3.2853292307448614
2.017051557511,3.3103714772289177
2.0180521977,3.150394769432757
2.019005215261,3.3285961688731165
2.020010448594,2.658316726320176
2.020811980827,3.2360127868057065
2.021787583258,3.3438037208774176
2.022796173369,3.323151703806454
2.023801020606,3.3135873092779815
2.024805058798,3.304821999486512
2.025808785341,3.329263259355159
2.026821883677,3.2965112496380957
2.027823088009,3.318676897593846
2.02882835901,2.6612045354072023
2.029633129199,2.935407164472328
2.030518259462,3.3295636196175984
2.031519497851,2.8933284580966077
2.032391740601,3.153870279701297
2.033347159405,3.3031673923968006
2.034351032539,3.317646532980425
2.035362580991,3.2844156374185354
2.0363649122,0.7587175612227531
2.036596200793,3.292935460088095
2.037599405374,3.1692040810216757
2.038563445263,3.334916819480089
2.039574994213,3.3068775562473993
2.04057717428,3.339349669104766
2.041589945291,3.0535001336144867
2.042517517384,3.2995452690157756
2.043521842995,3.1495757009923606
2.04447964783,3.331684192937599
2.045493127026,3.2994863026792967
2.04649891785,3.289182677303643
2.04750144623,3.293923996675769
2.048503668972,2.6965357957153064
2.049324493097,3.072988615557401
2.050260551066,3.188466059712109
2.051229956018,3.067961537513023
2.052164667244,3.2753602347566555
2.05316793336,3.2975251644308465
2.054180705136,3.0931203582175137
2.055132119417,3.090373924770247
2.056083634408,3.2995042791590175
2.057098345748,3.26657040429773
2.058104440859,3.256127291898006
2.059110879134,3.1853160639148284
2.060094407579,3.2591818386014175
2.061097539558,3.2539389825387373
2.062098361729,3.2964349701758136
2.063110877496,3.3348157572020494
2.064131577967,3.310848792274008
2.065142701106,3.2990167778557202
2.066150202879,3.137270955028789
2.067108417378,3.2127001014005634
2.068088268778,3.0120161826587335
2.069005163355,3.020293117196826
2.069923891266,3.245840095163548
2.070914357794,3.2611443066242
2.071914971693,3.25973587787547
2.072918112784,3.2664938476674696
2.073922310311,1.4304875752528508
2.074361255848,3.1742099892011373
2.075333768573,3.2886279951275625
2.076339709545,3.2751803177261793
2.077340829573,3.0556922933602966
2.078276595106,3.2959254036470123
2.079286468705,3.2883151972292466
2.080293703864,3.064498177630137
2.081234645275,3.27929208428817
2.082240900495,3.298857304798318
2.083250719753,3.3024339804329075
2.084260933537,3.327361258283132
2.085277805172,3.3371143857455867
2.0862976457,3.279548036923324
2.087301551058,3.284768121157384
2.088307613576,3.299228474023549
2.089317686385,3.266810388535599
2.09031829479,3.312090426430898
2.09133270838,3.2965739935438405
2.092340885307,3.299050366828508
2.093348100865,3.278225155146007
2.094349156069,3.312179390338411
2.095362544214,3.2870315476453644
2.096370223318,3.2638930117678497
2.097371570276,3.282684575652902
2.098376764581,2.3276017175222043
2.099087465186,2.946434445701329
2.099984007491,3.357609874197837
2.101005671045,3.260189981268904
2.102006276073,2.832691882383375
2.102882027647,3.2706742442514862
2.103892024777,3.172673183485114
2.104872529685,2.871172134841263
2.105763462855,3.05325674265154
2.106711872048,3.2858918818890723
2.107732228053,3.2318840942214586
2.108736185733,3.2441810121024224
2.109745089831,3.2346455991883305
2.110752009786,3.2453892393387975
2.111760659621,3.275399355742414
2.112775900981,3.2555615744686675
2.113783568215,3.2462690556280176
2.114788240639,2.9982250303103153
2.11571620639,2.9342903875724162
2.116621968871,3.259936252816541
2.117627074611,3.2352169831490514
2.118629436722,3.2159220644183675
2.119629966007,1.7939122420676348
2.120187786084,3.222941711394964
2.121188329136,3.241335159632206
2.122193546089,3.2361868531613553
2.123196102545,3.2364085463754795
2.124197406402,3.2426910620072804
2.125197592404,3.248006029302198
2.126198070528,3.126232614712138
2.127160633017,3.283572648778746
2.128169723177,3.2587126146296415
2.129172145708,3.256398388154962
2.130175712793,3.035727967416641
2.131113302717,3.2419335257376924
2.132116439847,3.2409276615752454
2.133119291007,3.132194357701809
2.134089223971,3.230324024509455
2.135090445781,3.2364783200336253
2.136092671749,3.2063763618508303
2.137085507987,3.06437528742721
2.13803479555,3.093900424848374
2.138991641634,3.1942205002436768
2.139977642003,3.244521665330054
2.140981851504,3.2241504496034197
2.141982972319,3.2350498636901026
2.142988320847,2.6284122241079317
2.143806403994,3.246318030038185
2.144817670923,3.2480578988156887
2.145827997942,3.2578367413883145
2.146840789246,3.2077828398969794
2.147841363697,3.134247631436774
2.148821093141,3.207997625163975
2.149821715579,3.0111599179446857
2.150759418898,3.2645351375903706
2.151776344366,3.224970587713941
2.152784861814,2.736585129994708
2.153645661015,3.124327188698942
2.154626487806,3.2127828679434467
2.155630092205,3.213730690335361
2.156633488863,3.226063221701981
2.157643516756,3.2172408633406717
2.158649849588,3.2171807314172316
2.159654032899,3.2113820656222436
2.160658943506,3.205480887648474
2.161663069845,3.173583406493874
2.162655423356,3.1055968087042416
2.163624009568,3.2235510725450722
2.164627754321,3.2122377122738066
2.165629439032,2.9541397967458303
2.166555245906,0.6274819060183985
2.166752543287,3.1649809079100377
2.167746659832,3.2006048764161643
2.168751760608,3.2070309951764604
2.169760893553,3.1715127396441263
2.170761394087,3.1699473381364793
2.171763994348,3.1839102784859064
2.172769916182,3.192671571353126
2.173776971474,3.1798790898201053
2.174780185526,3.2276503122674916
2.175796436269,3.239992943096036
2.176812800192,3.203445928916335
2.177813073608,2.9996749936345757
2.17874664474,3.0644496136941792
2.179699294164,3.07229095080353
2.180654797389,3.2434681961622465
2.181666261532,3.212443788013111
2.182672793903,3.184644814514346
2.183673757971,3.1902938047350453
2.184677349848,3.1976545679458255
2.185682522257,2.858165702976385
2.186579457281,2.222433143541796
2.187275873056,3.1995117882674164
2.188277523958,3.223217903260569
2.189286811689,3.2168519264394138
2.19029606039,3.2286210015707715
2.191310141575,3.2307993079341286
2.192325382068,3.1820557196092625
2.193329102912,2.97723037453869
2.194271132232,3.1859760543834987
2.195278087334,3.1822534602559718
2.196283362215,3.1824540130000467
2.197288763182,3.175351178639493
2.198290056026,2.8632977122092385
2.199191645509,3.1751425491213094
2.200190661456,3.215718654207799
2.201199193785,3.2037015384444163
2.20220462129,3.1828141470644633
2.203210124385,3.1623258146156505
2.204212743455,3.0239918021118193
2.205170716948,3.178644159094124
2.206177399907,3.085724372329337
2.207157993626,3.171031134214737
2.208167032905,3.1894473580077936
2.209182282009,3.164746529441256
2.210190092019,3.147680446680476
2.211191626771,3.0519012794281104
2.212161266251,3.1634877111323827
2.213163634765,1.0214778262273494
2.213486719765,3.186424849653133
2.214493933823,3.184426540227107
2.215501098781,3.1556669417808445
2.216501328758,3.174651515000959
2.217509177273,3.1604210467920986
2.21851000904,3.195160324040569
2.219518140771,3.1870448180259356
2.220523458302,3.0556816360508963
2.221488588688,3.1821516518227706
2.222491194834,3.179009476964975
2.223491337426,3.1938925797660658
2.224498996635,3.1909163648547834
2.225508839683,3.17364112701868
2.226515050261,3.1650942203004884
2.227519281369,3.051707258688599
2.228486687306,3.0008142872748076
2.229434862641,3.184071512633081
2.230437830853,3.10688403397987
2.23141776055,3.061733327223864
2.232386526886,3.2132492198373517
2.233403396766,3.19289835828571
2.234413142362,3.170581084408835
2.235417671898,3.1819734870900596
2.236428069389,3.1522462382637197
2.237429862559,3.1567557850220225
2.238434761901,3.142702512849231
2.239436623491,3.151298468445221
2.240443613779,3.129303765579662
2.241446358845,3.1845222060595884
2.242465706131,3.1474072301325404
2.243471034395,3.1520359394103594
2.244477810564,3.152496015715476
2.245480976492,3.1921893999932047
2.246491444297,3.1572414213830204
2.247490171482,2.9605583360117476
2.248426832467,2.9752621431760864
2.249367848871,3.1617913223991483
2.250368001129,3.046103542869089
2.251335113742,3.068953150875103
2.252315441598,3.129026030474893
2.253318708002,3.1407677587598513
2.254329343891,3.103511842571368
2.255331497286,2.885262030425006
2.256264269571,2.894810778709462
2.257197509203,3.1627382890147717
2.258213629275,3.130982163066001
2.259223506589,1.7253547230379704
2.259783672759,2.9939838556651517
2.260754993573,3.1259827398428253
2.261764185173,3.123026957488294
2.262771291334,3.1357489206724387
2.263785828575,3.132165710199805
2.264801213597,3.1173785306135016
2.265810660088,2.9805584505705247
2.266772778602,3.12956440623566
2.267777468,3.1479905952560037
2.268785750157,3.127132631682148
2.269789274549,3.1182604296947627
2.270793373998,3.1273345186755264
2.271804267494,3.0994933000442764
2.272806943536,3.1125020037227165
2.273817030489,3.109745034637561
2.27482724841,3.108354868457183
2.275834859306,3.096469487024
2.276841154117,3.1056416996728027
2.277854706557,3.087823775386182
2.278862070383,3.1132406706070928
2.279870852695,3.130101344313683
2.280878727572,3.117211647588133
2.281879674197,3.1677752572244406
2.282896363334,3.1371631761938468
2.283905556759,3.108322921900024
2.284907957893,3.1391288631907286
2.285918881685,3.123529630075389
2.286923114572,3.1114664469862574
2.287924475264,3.121701273426304
2.288930205693,3.132113957034635
2.28994149314,3.0657366727455355
2.290932820176,3.1050144638330734
2.291936827649,3.0182153091782036
2.29291526292,3.100387070533949
2.293924460887,3.085928244262068
2.294933170229,3.0531407898025313
2.295935988406,3.050441086246762
2.296939160162,3.0520272405356925
2.297941862554,3.0503227887219997
2.298942967003,3.076107823311877
2.299950946305,3.069676816814608
2.300955984931,0.5327307382861897
2.301130157288,3.0501597193081826
2.302124757077,3.1306327511920786
2.303140497436,3.096359344543206
2.304140783144,3.1155128888167125
2.305147935566,3.128406347947686
2.306160373701,3.095276009170313
2.307162570499,3.1091104093194573
2.308169542106,3.123962115122473
2.309180021771,3.1126274850593263
2.310186970613,3.096833370649307
2.311188245451,3.093049578997392
2.312189114018,3.1144824531961577
2.313200725023,3.1123245481800574
2.314213902556,3.0951533122292134
2.315221651001,3.1189146502261433
2.316234907331,2.967975719052377
2.317197831446,3.0993462965305683
2.318204856495,3.091844269190197
2.319210033905,2.89961132032769
2.320153406163,3.077296184420178
2.321153990654,3.0906551988078443
2.322158712891,3.0653328261423773
2.323159955773,3.073675406729442
2.324167815621,3.0893741525272644
2.325182999005,3.0566934180106586
2.326188717584,3.068396188596362
2.327195803268,3.0736191370213564
2.32820054954,3.064188381554502
2.329201015562,3.084396294676854
2.330209760889,2.84302233468178
2.331139238655,3.0795730072130545
2.332141351875,3.143232841795691
2.333164172495,3.0651318705573236
2.334169103557,2.90226793511128
2.335123857261,3.0606099047229676
2.336127817685,3.1027092567617425
2.337141305085,3.08205153839425
2.338148171626,2.7578927340007966
2.339049611469,3.065944704322657
2.340049831082,3.0636263781521724
2.341049953371,3.0673775083964308
2.342056008392,3.0462073120357105
2.343059832167,3.0515919597139924
2.344066637066,3.0648579455661498
2.345077394675,2.932998468119319
2.346045581968,3.1233041077439374
2.347077336103,3.0659543551325554
2.348089777687,3.0411718039237123
2.349093859466,3.0686366140393657
2.350105550564,3.0465052887935093
2.351108314988,3.0758101497478307
2.352119926523,3.0718782372745244
2.353128033607,3.0845469682669706
2.354137938104,3.063837968120803
2.355141127137,3.0720035901020144
2.356147118606,3.0694310597977035
2.357152204679,3.03363381099097
2.358144589998,3.0847100516012333
2.359151518,3.086857975060479
2.360158984851,3.061114482115049
2.361162633991,3.0413997508318533
2.362164283841,2.7436053166180083
2.3630702068,3.0466000635457293
2.364078401725,3.051352966702811
2.365090077508,3.032386682049103
2.36609710975,3.0348754392812545
2.367105337105,3.0765577487280074
2.368125905281,2.9292793546952858
2.369096843969,3.0277154270117164
2.3701008229,3.037792229168775
2.371107726586,3.045326136333521
2.372120122287,3.0290363423113402
2.37312990592,3.024953585121587
2.374139672916,3.0405976605489995
2.375154187199,3.022745866982827
2.376159902808,3.027777064848112
2.377166531516,2.7396955415384503
2.378075235333,3.0378772968221397
2.379076989545,3.067940764309159
2.38008630592,3.034892647338321
2.381088113541,3.0349871777072246
2.382091483048,3.042574967931812
2.383094960286,3.069839156138146
2.384106000704,3.0595844919241286
2.385116478477,3.058750445056548
2.386128428561,3.048745590439312
2.387134921403,3.0690199172536095
2.388147597757,3.0494861680403327
2.389153696602,3.045269086530202
2.390160829189,3.041390782324386
2.391171768213,3.0297630279084586
2.392180541454,3.007325703058423
2.39318227468,3.002364221243339
2.394183264054,2.2002382217964493
2.394916883334,3.0197351170912525
2.395921762868,3.019986439788714
2.396925298597,3.020142304402126
2.397929631545,3.010343113645008
2.398930132395,3.0434105667808167
2.399938778492,3.050158062340871
2.400950136979,3.0198409951540537
2.401954818833,3.0434686488048834
2.402966660043,3.0387950621590365
2.403976502392,3.0083133056249163
2.40497979381,3.0287363650686614
2.405990794023,3.0152264156799182
2.406994998238,3.0264918945621604
2.407999923052,3.0206028253111272
2.409002350329,3.010104409099429
2.410005055066,3.0363337002828494
2.411018297417,3.001448426266136
2.412018733128,3.036323543392027
2.413025924202,3.049656561950108
2.414036127952,3.0231784577274783
2.415042855815,2.9899547751606135
2.416042867398,3.0013772105779495
2.417048908391,2.996783065789957
2.418053725078,3.0063086624170423
2.419058343758,3.0413125677042534
2.420068123143,3.0458704264518253
2.42107502334,2.936079662403563
2.422046911984,3.0404580749085977
2.423061059773,3.0085603055520553
2.424071836477,2.1150126789909045
2.424784390668,2.13657924051508
2.425503516929,2.328794815277015
2.426284498605,3.016664541363034
2.427293039574,3.030361351296109
2.428306424503,2.6919833259307753
2.429207828642,2.570727491690194
2.430068900878,2.698010025339292
2.430971970274,2.738110174646512
2.431888184975,2.5082068446308834
2.432728862017,2.8530755429395303
2.433687143643,2.63385716867338
2.434574269219,2.779482535022779
2.435513924754,2.6055553014549164
2.436396766214,2.6050139340369056
2.437278886983,2.4763637657755617
2.438117409981,2.6821894930441457
2.439026577972,2.939437383442958
2.440023074168,2.619798608700966
2.440911810641,2.97460820166042
2.441921511651,2.802130804993381
2.442872693435,2.4966831595205616
2.443719636979,2.5186857969657983
2.444572243899,2.4409973353590995
2.445396354856,2.9657107128823994
2.446396757122,2.858225378231111
2.447363556949,2.5247743658069153
2.448220020949,2.8601681056880137
2.449190382419,2.3874625527079263
2.450000226196,2.586975080451622
2.450879462172,2.5919465859074973
2.451762417729,2.431660148618483
2.4525912742,2.2650168826119152
2.453363078546,2.5585244685080966
2.454232941908,2.3302584451567254
2.455023664329,2.4165641813473298
2.455845141047,2.903896210785174
2.456833700046,2.6250096131887566
2.457727839739,2.4789481294957603
2.458573549453,2.3434023762688896
2.459372993094,2.879443182587911
2.460353671402,2.5042797064338695
2.461203441226,2.4733875063456763
2.462040439402,1.2818798911424916
2.46247451137,2.4156437812518834
2.463293260315,2.473659742553487
2.464132969157,2.750435602672647
2.465070266803,2.4848234527653488
2.465920167427,2.5308641699312453
2.466785250483,2.548857387383492
2.467654608392,2.4275370909674567
2.468482384168,2.4229490210211555
2.469308870276,2.4501632380761365
2.470144817391,2.622389939874115
2.471039730443,2.645590862402682
2.471942918051,2.731271564095269
2.472875018793,2.468203498398912
2.473717401141,2.15564381443538
2.474453872657,2.512704812243075
2.475312063867,2.9283126177888534
2.476309701405,2.3810995226128244
2.477121730458,2.447990535619724
2.477959909989,2.931325011748858
2.478963011262,2.2283767004846684
2.479725335013,2.5488260147464805
2.480598073938,2.932229635138555
2.481602144215,2.396747472920039
2.482423779689,2.176375828892485
2.483170608394,2.552362662697024
2.484046078668,2.803691769040466
2.485008322525,2.277639490880938
2.485792336833,2.2698609154378686
2.48657496486,2.1369457000389884
2.487311396638,2.4725250469140247
2.488162699765,2.6815518687172673
2.489087850746,2.5010130269675264
2.489955657372,2.573217580391644
2.490852586657,2.482204386123753
2.491717422425,2.6012012325075915
2.492621727117,2.419769387565854
2.49346253574,2.4302458376333886
2.494306221243,1.8345374222874744
2.494942335707,2.722356095245674
2.495886288953,2.58342027645438
2.496782426929,2.436439661906295
2.497627846208,2.85489813826355
2.498617413213,2.810911503561878
2.499590150293,2.4275198859467366
2.500429650686,2.28496447966631
2.501220045612,2.73519143577556
2.502164389028,2.729951786775648
2.503104743312,2.535276476673086
2.503978499662,2.6486540296011714
2.504892766822,2.5356022475952793
2.505770455873,2.1709871155597176
2.506523707607,2.1982069858022877
2.507286302023,2.4645951287228627
2.508138498676,2.655693991590081
2.509054165654,2.46678319706403
2.509905682066,2.4479099329711786
2.510753324283,2.4154352466902567
2.511591293728,2.217203658694911
2.512360618506,2.9213215518292515
2.513373215955,2.889410523457396
2.514374456608,2.3160360214024314
2.515177805626,2.5330396147266856
2.516055906255,2.7571801548942068
2.517009506874,2.4383685797035817
2.517852688579,2.678395147502608
2.51877935189,2.354465368467339
2.519593611619,2.294121708477637
2.520386669132,2.4802027272533245
2.521243704236,2.291671528716599
2.522035437832,2.3919667041583335
2.522860669744,2.7432133617963657
2.523806457534,2.707794622918322
2.524742807587,2.326988929397904
2.525549954157,2.38984771077117
2.526379948133,2.153604685491382
2.527127437387,2.4426607108086067
2.527972616861,2.4189073176116165
2.528807668733,2.3340202311306433
2.529613153751,2.5422528143925964
2.530493186724,2.147204623445094
2.531240730202,2.4403144718275427
2.532092924266,2.0763397659015213
2.532816840969,2.2091750465639537
2.533585289557,2.6948090208885094
2.534522113451,2.525619185865723
2.535404021394,2.4792140797312436
2.536275160649,2.4833760760496135
2.537148764713,2.488873327718806
2.538022682368,2.4334763338725183
2.538876132247,2.410070772452119
2.539722110071,2.582191216005986
2.540627767187,2.3286867796432884
2.541443851619,2.302370152408445
2.54225229241,2.413263977686378
2.543100406171,2.433820915098896
2.543954274467,2.222507342677279
2.544733565262,2.3307592869685267
2.545550752325,2.871435300149389
2.546556224823,2.745346818834036
2.547518399275,2.42869094508052
2.548371057668,2.4595991641884063
2.549235148693,2.573536931467685
2.550138224531,2.7426561262111546
2.551099307437,2.622716773978952
2.552019286953,2.4639622086203246
2.552884343305,2.3420344021516586
2.553704877599,2.5742219625517104
2.554603137947,2.348555947449678
2.555419592824,2.5398595045005687
2.556301906748,2.4009709500716334
2.557137572923,2.4901490510453264
2.558006196062,2.4735061205814945
2.558870499932,1.7114834565167687
2.559469379654,2.4750797873465373
2.560335981554,2.3066166914880983
2.561143243281,2.57234984224947
2.562042922564,2.457786974006012
2.562901495256,2.4717676080187543
2.56376451711,2.141336552694915
2.564512347214,2.1900620813279086
2.565277571996,2.3974550820873755
2.56611603542,2.2160722947378044
2.566894305014,2.2897093747007253
2.567702024111,2.3481797989612967
2.568531573862,2.132100125690771
2.569287338474,2.502074195257797
2.570176513991,2.5696005810701843
2.571089332099,2.639529138582316
2.572025647204,2.65953634306482
2.572968374995,2.3161707996175123
2.573789442078,2.3406220388783487
2.574617866235,2.2546365146243295
2.575413002404,2.723828306841529
2.576371535593,2.835202978354977
2.577370785394,2.495756695966602
2.578251584657,2.562076964672523
2.579153631227,2.490647888416191
2.58002820873,2.594339173769802
2.580938192402,2.8672838396075995
2.581944732081,2.786219924502605
2.582927026412,2.464114578927985
2.583798174815,2.197541974978026
2.584574016345,2.553122098151449
2.585471561259,2.317867526723616
2.586285232487,2.0952628516030245
2.587021871961,2.443594534747568
2.587881276905,2.592180559852269
2.588793774636,2.478502854709614
2.58966824467,2.4707486011950897
2.590541597712,2.519237969651007
2.591432500731,2.3935712984045745
2.592279340521,2.1688365750895295
2.59304790642,2.404842886838539
2.593901056529,1.625591056368745
2.594477192874,2.819366811032896
2.595479166554,2.511839518615024
2.596377598382,2.597631990653752
2.597309551182,2.8095497945515584
2.598315308634,2.632611176331376
2.599254106881,2.2531191992653348
2.600054514879,2.4263581166167265
2.600912153582,2.2973577636791696
2.601720954741,2.4639061919509797
2.602588501359,2.187482191594758
2.603361723409,2.672790629867998
2.604309628447,2.3632128466743927
2.605149827808,2.314106645940613
2.605973922223,2.411694615810388
2.606830310745,2.7681057184736946
2.607811166695,2.854996262484236
2.608825648201,2.7401525538015368
2.609801748695,2.3246331155865367
2.610629464162,2.3665364613911253
2.61147139536,2.5399100469366873
2.612372460774,2.618523556846608
2.613298309805,2.58375100532965
2.614212005319,2.5100340373235137
2.615101247388,2.627513369085619
2.616034334806,2.7776876976790996
2.617021369298,2.6121618233514248
2.617949271321,2.4660226523321707
2.618824730357,2.17409840165128
2.619594381221,2.5561883243709507
2.62049717303,2.5989507817204873
2.621414737325,2.74921784146247
2.622389245038,2.7440097138819493
2.623367028869,2.4433099728591285
2.624238273813,2.316649729063712
2.625062412393,2.4447771799329123
2.625927291721,2.3734878644705413
2.626764630009,2.4984877445880738
2.627648570132,2.593213257629951
2.628567399637,2.658028985520878
2.629512530758,2.0676877839899124
2.63025172845,2.494222955414951
2.631145143218,2.6385272881796777
2.632090576318,2.4279793738689297
2.63295705964,2.521359238591081
2.633852332508,2.3104562669735684
2.634671663701,2.7133514736356252
2.635635422778,2.366602118146425
2.636479261745,2.7577792469666025
2.637466596215,2.806833119575638
2.638472638867,2.7216638912017954
2.639446272595,2.3751294213270584
2.640294715418,2.3233273163085864
2.641122088906,2.279131064900399
2.641929944613,2.6584080088380473
2.642872076339,2.407446867835704
2.643728797289,2.3585592711451047
2.644571028,2.3445295095201977
2.645409082494,2.6881229095776735
2.646367556976,2.5450216494036955
2.647272472283,2.4859452498934407
2.648156709672,2.599436057332911
2.649083534281,2.647583043546097
2.65003070152,2.721567489399445
2.651006611178,2.345217468498928
2.651846683256,2.5573038643675514
2.652760957713,2.6359949030660172
2.653703239153,2.5080442012394575
2.654602162928,2.549814884838269
2.655517062225,2.318519849415143
2.656348444391,2.435850377647007
2.657222429678,2.7188627560698655
2.658196346179,2.5247284642842995
2.659100512917,2.5466536389876575
2.660014308052,2.5823247961976
2.660941104948,2.810804392251341
2.661948241026,2.524230504131548
2.662850983419,2.2550252761322254
2.663656390307,2.001203284479028
2.664370842251,2.430720015546691
2.665240474776,2.6289375800275714
2.666184536656,2.383122658284519
2.667043026312,2.4458981329277507
2.667924782581,2.5705975904498186
2.668849360896,2.2756312554896163
2.669665579444,2.345720334947405
2.670505219716,2.435958817929998
2.671377014623,2.5078280827763524
2.672278504248,2.5649990509430296
2.673206630237,2.5279221930865847
2.674124250438,2.7582590806809044
2.675125101301,2.3346703868954575
2.675971276883,2.4395825513101834
2.676853845823,2.579622799708717
2.677784962626,2.4163460277047797
2.678657416944,2.4277278316006496
2.679535279202,2.463212225011305
2.680425414776,2.4435967706506996
2.681307741366,2.735113054972561
2.682295376409,2.5168165670860003
2.683204959181,2.4404195111671614
2.684087526378,2.771972945732854
2.685088978776,2.4229942287172928
2.685964112523,2.4362639517433466
2.686844937495,2.56509297983456
2.687771994359,2.67715265631047
2.688739578761,2.752145783907205
2.689733806632,2.685132225104123
2.690703999451,2.3949503475372276
2.691570680665,2.5506648811476684
2.692493863359,2.772790755887417
2.693496112928,2.774344410937276
2.69449899133,2.555350033640151
2.695423220233,2.401381445852077
2.696290932714,1.840737938400475
2.696955217902,2.3254804124320816
2.697792166705,2.3408000592445086
2.698632294474,2.326848012983065
2.699468404938,2.4274030337475834
2.700344841055,2.5898819486230837
2.701284458691,2.5106222106433
2.702197763224,2.573094631944642
2.703135306161,2.5986473097149316
2.704084003119,2.6479533147915406
2.705051387396,2.3170444057575033
2.705899810653,2.7030292599666916
2.706892828506,2.299528391803925
2.707737314854,2.280151997276161
2.708572372686,2.283958855025862
2.70940710501,2.396855603662497
2.710283202051,2.535839645123912
2.711211187158,2.735336614409499
2.712212558677,2.5641341728424045
2.713151757667,2.7119793399953074
2.714144362664,2.7488415920723686
2.715149717289,2.517820930007292
2.716071324745,2.5314029737215664
2.71699823983,2.419441012696394
2.717881635863,2.5620238791031262
2.71881348959,2.49787142722928
2.719721312427,2.762974199541786
2.72072700204,2.7599291521353373
2.721732797671,2.61357023412065
2.72268590417,2.7770970828900996
2.723698759546,2.683807356986507
2.7246769054,2.4042073566757103
2.725552251594,2.346708863085026
2.726405847167,2.3696609045883203
2.727267290755,2.5226338954459013
2.728185811031,2.5561702324514677
2.729120952169,2.4018667885691523
2.730002031613,2.369764572476058
2.730870124254,2.7469387760950834
2.731875922848,2.7468433046958287
2.732884186256,2.42085980249793
2.733775012575,0.6199809107124556
2.734003287869,2.5870796119207835
2.734953017146,2.621632724670066
2.735915184489,2.398857683979803
2.736798075362,2.515886062419049
2.73772360558,2.6596566471669303
2.738699316612,2.5383537035136015
2.739631121149,1.9418031138224732
2.740346738312,2.3472810304586296
2.741212130515,2.5341325245705426
2.742144203389,2.39535939868079
2.743029240831,2.5486839212466066
2.743976783591,2.519340138444689
2.744912808504,2.6451378204591047
2.745894881015,2.69948346131503
2.746897266438,2.63231784440444
2.747873233491,2.399854619472177
2.748759897992,2.44649002848728
2.749660286556,2.686251925580599
2.750646878659,2.7331269094357746
2.751653503322,2.4684055580270563
2.752565705708,2.712129999774413
2.753568995056,2.4797716248048065
2.754486007074,2.629897653221689
2.755455576691,2.39129486737189
2.756334829834,2.7259853343961398
2.757336500699,2.308671560026805
2.758185293642,2.370015926556892
2.759057086753,2.476877262986406
2.759966276558,2.3837693135293394
2.760838344071,2.6429046841041557
2.761806110989,2.7199436045488783
2.762807577658,2.664020016514511
2.763794029178,2.6428965207319166
2.764774581943,2.6705134876128556
2.765767080727,2.489255087319509
2.766694009365,2.6147553414793165
2.767666161121,2.529134373812103
2.768602903452,2.629610071256481
2.769574174085,2.613681104484484
2.770538275758,2.7208128345242906
2.771540670804,2.65961167425424
2.772521190051,2.4523049007902236
2.773426424803,2.717912673587551
2.774429940065,2.7474914195554483
2.775444290532,0.7255756454702371
2.775712004077,2.6292185063336544
2.776681698766,2.186134454667982
2.777487550594,2.42099897547363
2.778377439425,2.5519151175584707
2.779311149485,2.7207260520483745
2.780308038398,2.453852312142716
2.781212400314,2.4794412522082543
2.782127996334,2.286633337839688
2.78297218517,2.7053004598282673
2.783971314451,2.6451194669363556
2.784950675443,2.6416615357160573
2.785932746083,2.1567476481734253
2.786736912634,2.599853922405808
2.787706266717,2.4220798234689314
2.788609428678,2.683864291728428
2.789613538379,2.6691645272647775
2.790615423747,2.6995443562604264
2.791630501198,2.678256299403815
2.792638318836,2.6671765139349004
2.793641341528,2.16314420437803
2.794452833175,2.154846814615208
2.795257558402,2.4004995159023697
2.796148056929,2.5204550309966103
2.797079741519,2.398878806813175
2.797969613491,2.622219417872953
2.798946131738,2.487394935594464
2.799874209713,2.572669177808453
2.800834613101,2.3152258213416865
2.801697552876,2.6326250392944486
2.802679482896,2.6902248527161827
2.803684970119,2.423703645041847
2.804589516855,2.5261091717363233
2.805530758748,2.4834220023108156
2.806455704597,2.6818766733786172
2.807455949741,2.6854084529021707
2.808461371904,2.340638315241828
2.809339372341,2.3134695003766197
2.810207058729,2.296358710907766
2.811067204902,2.3320272416564016
2.811937775715,2.5160262229489256
2.812876801036,2.4233936307194375
2.813784342565,2.4574690537819976
2.814706871415,2.2730057193014095
2.815560319812,2.5633684878392757
2.816522736157,0.08659508966933795
2.816555271297,2.6862163579561447
2.817563655747,2.660068925636241
2.818563776418,2.651623221968433
2.819562473156,2.6759843775520316
2.820567778408,2.2051033244224967
2.821394238045,2.410832615013528
2.822296094733,2.511109570820714
2.823231516407,2.519638783766052
2.82416880411,2.657136655790494
2.825160725452,2.4743400735335097
2.826088063019,2.385868866312359
2.826984942601,2.028852145146929
2.82774866159,2.207769027321926
2.828578805597,2.6322771299362406
2.82956609519,2.395756090503878
2.83046763657,2.4055269870336953
2.831378300686,2.6418039708594536
2.832379802,2.4733485464239355
2.833315395635,2.6694019835751073
2.834320951384,2.657454913541848
2.835321265305,2.2744446877194955
2.836177448027,2.5308898107794873
2.837126927886,2.5788067718326353
2.838092195262,2.4023409101455244
2.838992725181,2.5140734182367934
2.839937168179,2.1616117301241338
2.84074999895,2.5457142097652734
2.841709005779,2.6506727521841484
2.842711011846,2.4685308093514586
2.843645676601,2.5597590829620303
2.844612749962,2.672976287152558
2.845622451611,2.660473427100799
2.846629427676,2.6321051247612544
2.847625526301,2.3087085330630193
2.848495801412,2.269021459529589
2.849346837763,2.680984343362032
2.850350242527,2.684428879470409
2.851358417187,2.612348127040837
2.852344976116,2.615403333287421
2.853334306477,2.486018606767048
2.854274070087,2.5469815931111275
2.85523526825,2.540967991866758
2.85619466033,2.137489381792914
2.857002679803,1.5726420802560113
2.857596143317,2.638797952873005
2.858592148727,2.64185700567815
2.859594318346,2.650492690824794
2.860604056323,2.32876594356443
2.86149126982,2.4168229283842697
2.862409122649,2.562745220453207
2.863378389903,2.4151925722587593
2.86429011799,2.509597953002088
2.865238948006,2.5410324656248364
2.866202069111,2.6279394052451304
2.867203081286,2.638052127064365
2.868211946,2.6300770969126916
2.869216873867,2.634847885565696
2.870223359356,2.635136512881965
2.871228824682,2.6272755580928093
2.872227380594,2.652198732805674
2.873230426538,2.65175194868926
2.874231129915,2.290394489569645
2.875097640825,2.6457526145253434
2.876099968158,2.454782651606295
2.877028960821,2.643401994514555
2.878029813584,2.641908456158117
2.879032805315,2.332496144488303
2.879920810098,2.5775302816460814
2.880902510844,2.6367107979139686
2.881907429348,2.403893493111071
2.882826970637,2.431105623505789
2.883758281848,2.4831096682232205
2.884707021139,2.3729013593403323
2.885610891312,2.4910864065315326
2.886560138864,2.5052414500975653
2.88751632335,2.382076747463385
2.888424247871,2.4645339966412982
2.889362939181,2.6448710179178185
2.890372868279,2.6120526840452745
2.891376572277,2.3777439479589444
2.89229294803,2.6058237922002645
2.893295568496,2.608005771921108
2.89429873003,2.488100711554715
2.895252782589,2.6323762661783547
2.896258624,2.6513995151792207
2.897273028061,1.245245679823921
2.897750327355,2.6147262961378517
2.898753126755,2.4368392130654177
2.899687684925,2.437297163652296
2.900620583917,2.6551176000102092
2.901634080574,2.293447662115835
2.902506706834,2.1277445921444325
2.903314913983,2.377102442615612
2.904215842073,2.6162811399782995
2.905205529866,2.5941708068374982
2.906193696412,2.289749815861998
2.907073139762,2.609797501851806
2.908077784466,2.436339155594757
2.909015043975,2.3868974735517483
2.909931075637,2.563910895293194
2.910915905284,2.3200769001394455
2.911808780822,2.262256080540477
2.912679124493,2.516502598818747
2.913646196771,2.3853731135573506
2.914567075935,2.364288311207933
2.915485672853,2.491866385012191
2.916454926659,2.578793050334811
2.91746062066,2.5804905125378506
2.918469467945,2.564206178411333
2.919471550098,2.55722737122425
2.920470384873,2.5827267172595416
2.921476879962,2.591484849266197
2.922482463549,2.355112986378633
2.923392556629,2.6105140252604477
2.924398599504,2.6020432286623745
2.925400161087,2.4292643413215824
2.92633382761,2.138258067423812
2.927152713716,2.509324726952568
2.92810968705,2.476046187615978
2.929053427747,2.1044844397981413
2.929857849915,2.137439265976252
2.930676987599,2.6195526809762253
2.931683388059,2.236299531440153
2.932548787634,2.4772718015042243
2.933513912555,2.36917003007389
2.934437337431,2.5008431952148236
2.935410555199,2.4879389405565964
2.936379175194,1.364904757699172
2.93691190644,2.4273543661986903
2.937861435664,2.5880824060705963
2.938874078742,2.4814435523568035
2.939844680748,2.428995681827272
2.940795423736,2.367749238471457
2.941721506218,2.211419132133777
2.942584940401,2.4370833785927846
2.943534668932,2.60581113818939
2.944549619347,2.3768614717354803
2.94548131417,2.543448840589663
2.946483482034,2.412801710212176
2.94743123569,2.5237108982979533
2.948420204878,2.575922456883609
2.949428142849,2.57688531006057
2.950438568087,2.5532161352565117
2.951444168899,2.558948413230249
2.952449000139,2.5906803988707803
2.953461004897,2.5640991128387047
2.954461812529,2.5650444435597315
2.955465147598,2.5213693786075884
2.956449962551,2.3831098730370353
2.957378314628,2.4183151197336463
2.958317185961,2.630889807073522
2.95933725622,2.5712584706737447
2.960339516635,2.5548097085774715
2.961338330381,2.5677149189478614
2.962341551178,2.1734498330362433
2.963191605725,2.3162733040848202
2.96409811097,2.3221125484000935
2.965003142503,2.197440862831969
2.96585834186,2.3000164652476442
2.966755979078,2.5836663871761876
2.967766932956,2.5518177912074536
2.968771008053,2.545527272003081
2.969779076998,2.5241835444779364
2.970780799138,2.540079073160892
2.971787237684,2.4283495321989004
2.972745656221,2.526843559749417
2.973741365262,2.5430215381052483
2.974745305337,2.373011613097011
2.975680239352,2.559694282641259
2.976684763148,2.467591550732041
2.977654910843,2.540892625616941
2.978658339765,2.5404517699250424
2.979661299872,2.3990171155296163
2.980603964925,2.538603525728196
2.981595235459,2.5779472642207755
2.982597425474,2.580223868383032
2.983601900123,2.563246821388582
2.984604476519,2.4156548806973457
2.985551018422,2.341724887729266
2.986468232345,2.567030448146716
2.987471210679,2.58262928762971
2.988479071977,2.565934626195111
2.989485523823,2.5647891276550867
2.990496835777,2.4717303812760747
2.991473545408,2.4437998565249437
2.992437601777,2.3498166435197425
2.99336307022,2.491559257535062
2.994343344147,2.4324736266825018
2.995299175847,2.4937915534370396
2.996280981603,2.5587820778637647
2.997291980008,2.4101123077242947
2.998248047085,2.526140285368875
2.999251281155,2.52143503815571
3.000252014465,2.539718076321586
3.001259392859,2.5435267203377676
3.002266604681,2.555295714825848
3.003275246238,2.549010942821499
3.004279112813,2.4156535320030805
3.005231378235,2.5086848570757145
3.006220652839,2.5376658775648404
3.007221165296,2.5508282578595316
3.00822825612,2.3212898537773197
3.009145276238,2.301649309115867
3.010053737078,2.2286910115148144
3.010933574627,1.9393735922960624
3.011700859532,2.056835228456903
3.012517698493,2.233589465607408
3.013408031308,0.4647693557526304
3.013593549441,2.2545758936374205
3.014493847552,2.373042903202885
3.015442443932,2.49706895988542
3.01644440037,2.3701962235335876
3.017397942041,2.509731293535365
3.018407065743,2.2766164133707782
3.019319832075,2.5126381045858768
3.02032176332,2.1241501759766623
3.021167121095,2.366477838913418
3.022110260481,2.5260266604232164
3.023115408274,2.2258188399950956
3.023999133706,2.3657286747349144
3.024938012482,2.170203150267212
3.025800324235,2.3704326263801194
3.026745471052,2.432409175216678
3.027721103998,2.314382168783815
3.028656518811,2.482576923108869
3.029661712523,2.4883410721155705
3.030667613444,2.4849201819779774
3.031670399289,2.2302538472616344
3.032567956814,2.2593437077620298
3.033474552455,2.352073729741222
3.034414118208,2.511177265014836
3.035415939218,2.2918619851470465
3.036332263493,2.500916149272442
3.037332612116,2.497369197569665
3.038333598606,2.4832157201453295
3.039333933757,2.3863769660535663
3.040298316209,2.482177381541457
3.041302964184,2.462700646085005
3.042301008903,2.5019591343815506
3.043316631754,2.4951342246852644
3.04432822261,2.498805267610638
3.045336456366,2.4999469135772174
3.046342428947,2.5187191734818106
3.047357050441,2.4856843449826576
3.048359048193,2.282797010934077
3.049276841062,2.113531761250602
3.050124063739,2.197307441168446
3.051001405519,2.4799220986758614
3.05198698626,2.5035946337123134
3.052987210413,2.3738921862033058
3.053944307761,2.3640773405512094
3.054899809076,0.4610410844001129
3.055086175403,2.4792953252448178
3.056087072606,2.346030928752656
3.057032505911,2.437761266631402
3.05801305373,2.3089731148706547
3.058942345466,2.2448670445739114
3.059850200114,2.1676032759223456
3.060729627108,2.511477953303596
3.061745718423,2.473540898558207
3.062745887413,2.465261618623209
3.063747169721,2.469074487720215
3.064752190204,2.269097351978527
3.065676278,2.3009794992551096
3.066611337598,2.383713965796014
3.067576625737,2.4675389971774275
3.068576744718,2.4771574704448818
3.069583633435,2.458639729346348
3.070585655565,2.2238791528173256
3.071494582343,2.372148540269595
3.072461229252,2.3867346689007576
3.073427552444,2.034690184431255
3.074250389876,2.195360102587735
3.075137236853,2.422938103991734
3.076114345636,2.5002957066369804
3.077125054422,2.463631158726701
3.078125075741,2.469609774510159
3.079130210719,2.4754185667189263
3.080139679298,2.353598468397231
3.081101177085,2.472711238413397
3.082105985581,2.474428923986986
3.083107880829,2.4883740319273286
3.084119664028,2.223444921761705
3.085025698969,2.2006364118018245
3.085921679984,2.291639522980519
3.086851597089,2.4591397464586886
3.087853022123,2.388239483406747
3.088832612749,2.460572824100639
3.089842567053,2.4558488425247975
3.090849628935,2.462208039084103
3.091855832363,2.4750875698332666
3.092862929151,2.469153033326979
3.093866051511,2.4770907023826836
3.094875116117,2.17732603658914
3.095766466809,2.4458248405249123
3.096770056925,2.4497056304079816
3.097773843399,2.4588594999545763
3.098780631159,2.269264421680797
3.099707188763,2.4817730949415773
3.100713663617,2.4807890011333966
3.101716480621,2.491065929281749
3.102724964039,2.497666048247376
3.10373712263,2.4874959475881733
3.104745799829,2.465308696766935
3.105746830532,2.3849543296331808
3.106714312422,2.47620352305084
3.107720314423,2.361800659229378
3.108681528053,2.4021606001202227
3.10965815481,2.4827173885492497
3.110669281824,2.4665890466984393
3.111672909848,2.4866610568061533
3.112682894491,2.473897808502125
3.113687727016,2.484687419868767
3.114694230032,0.46809663368369
3.114883464495,2.4452991175466683
3.115871422032,2.3430083829218766
3.116819871355,2.0345516392607226
3.117646324042,2.4774477817512097
3.118653831246,2.479690310508579
3.119658080681,2.337472766262237
3.120601212319,2.3736359510159177
3.121561775606,2.4641453723007274
3.122563286119,2.4637782555438204
3.123568441485,2.416938070391303
3.124561657033,2.450655383134518
3.125574805767,1.0970217745899271
3.126027887347,1.367634628411458
3.126591778608,1.558027004828819
3.127234364549,1.9227002397798538
3.128026021814,2.040982318593503
3.128862851253,1.982364238632887
3.129672543462,1.7497918262346084
3.130386503695,1.8715908274104678
3.131151005806,1.9271354291790408
3.131939718304,1.8801241147587795
3.132710445403,1.7465379840697635
3.133426555896,1.9466810881534846
3.134225472423,1.97854379772566
3.135039705018,1.845337016797647
3.135800855539,1.848448945661717
3.136563565294,1.7758904923047614
3.13729545017,1.7852374909284654
3.138029559558,2.0637285721280323
3.138876244601,1.8035394045613877
3.139613917415,1.8065822977280594
3.1403503075,1.7859834729380246
3.141076855295,1.799377875409146
3.141808466003,1.7404435543564558
3.142516840539,1.7960140563925033
3.143249791477,1.9096226583676634
3.144033174915,1.7778138608878868
3.144767477294,1.783777906605127
3.145508088376,1.7907514439582557
3.146253352592,1.994789408390354
3.147084407843,1.6374158856314907
3.147766946519,1.7772440052087048
3.14850863986,1.8757224147490463
3.149292896484,1.9425528538272347
3.150107310086,1.9153834300096122
3.150911660516,1.7326428752783942
3.151638240992,1.8577939435923634
3.152415366988,1.927867546155738
3.1532193398,1.8905492186668982
3.154007244916,1.9666884239181806
3.154827216487,1.9309637903464048
3.155630970565,2.2523396255715724
3.156568466528,2.174373459747971
3.157475243703,2.077519528152448
3.158342804375,1.8915353172521974
3.159132220402,1.8135925470218746
3.159887204611,1.7407019236710732
3.160610554569,1.7863061265879427
3.161352512591,1.5761384119085668
3.162006586015,1.8040526691788832
3.162754820514,1.7520766342670917
3.16348275481,1.8160348437941203
3.164238398922,1.715182426272417
3.164952313114,2.076552383767307
3.165816402107,1.875560623303782
3.166596468844,1.7278632014468545
3.167315644375,1.8159836799324482
3.168072217968,1.6371361026509892
3.168754276701,1.915759325610302
3.169553444173,1.830951851017399
3.170319732806,1.8773161646384213
3.171106939222,1.6799242146560491
3.171811634041,1.4569508171928538
3.172423233358,1.6650161731749686
3.17312207393,1.3740387111079342
3.173698236927,1.7543788113055523
3.174434544844,1.3671802107140372
3.175008942513,1.6504498666025051
3.175702527501,1.7269336193656726
3.176429521191,1.7974148116121038
3.177187522083,1.90445492680383
3.177990375407,1.7850692861061612
3.178741212557,2.046831022710211
3.179603424782,1.9197830491132784
3.180415916407,1.9741754027396616
3.181251379649,2.2329022635300593
3.182193792256,1.9623627757810116
3.183021426243,1.7918627817202273
3.183777467314,1.7491171321922419
3.184514688722,1.8837793445939186
3.185306312883,1.5466600750130644
3.185955748165,1.960545404917004
3.186780200442,1.766719439038616
3.187523862223,1.9594302625881415
3.188347882002,1.8785391108982503
3.18913671012,1.818059941942906
3.189900831397,1.8263772334964863
3.190669802849,2.003215379894439
3.191511478598,1.4189997017269063
3.192105786715,1.4304376355083896
3.192704204711,1.7857809387426826
3.193449742052,1.7507400366447101
3.194178661527,1.7298261778734543
3.194897063507,1.7992673274053232
3.195643005232,1.8048847856271983
3.19639241664,1.7778689016262994
3.197134939254,1.7752686817161274
3.19788181514,2.0255238802623454
3.198738783915,1.906699445419277
3.199547806011,1.7750245455408287
3.200301522737,1.7664243960421098
3.201051234167,1.421584686928459
3.201654070258,1.4677133220072327
3.202275695864,1.7873083994006964
3.20303136493,1.9939166718986947
3.203874198045,2.154425275521156
3.204788371037,1.8963875800602592
3.205596994116,1.7473834090693035
3.206342050369,1.9134554054309458
3.207153965552,1.8169233436144152
3.207921572017,2.054147024561333
3.208789986048,1.6656575761871109
3.209495427512,1.9823786956961595
3.210333961451,1.903740835694297
3.211137348305,1.625457090653737
3.211821768232,1.7581503729229901
3.212560863203,1.670890320515673
3.213262418331,1.4757491646089895
3.213880336808,1.803577427195515
3.214631913945,1.7958956343473593
3.215378949788,1.966890750601689
3.216200195861,1.894359873765038
3.21699529621,1.9274744840419966
3.217806578053,1.7094087209833106
3.218526724268,1.8739212896052337
3.21931773455,1.8921428178770803
3.220119105231,1.984375857043448
3.220963419905,1.9521517098687247
3.221796492235,1.9220174339829643
3.22261691572,1.9351556478293839
3.22344267731,0.700536838503475
3.223741345839,2.022993010185387
3.224603052185,1.9854009473031273
3.225449443187,2.087140858661418
3.226340048016,1.9555641450566381
3.227173308503,1.9164970630455758
3.227987775457,1.9217131794376947
3.228802813722,1.8099697323373192
3.229570011756,1.0834691816707567
3.23002900018,1.4498553853917295
3.230643360883,2.048410198308693
3.231512491669,2.1307408546421263
3.232415451158,2.0722388486985346
3.233290710833,1.8860939312379732
3.234085522716,1.8619293255722833
3.234869346517,1.9408692048161897
3.235686237377,1.6123843547441044
3.236364227656,1.8041557857727917
3.237124275001,1.906986395461202
3.237931199162,1.9156910098722324
3.238743396835,1.8856755264837661
3.239542754651,1.8750529877361548
3.240337078996,1.9759231026483348
3.241173673829,1.5851553175402533
3.241845850279,1.8519610340850954
3.24263413921,1.8961840708947233
3.243442269328,1.8658427514018083
3.244235563828,1.861470259021056
3.245025274402,1.7918068560854652
3.24578618711,1.7964394163599176
3.246550340409,1.8844166256423023
3.247353103933,2.0442920385212564
3.248227951632,1.4184295254456911
3.24883787261,1.843539290872574
3.249632928094,1.9200433012900313
3.250461679566,1.9609967213579236
3.251305268039,1.9922204713373388
3.252158535181,1.9239068893803557
3.252980783293,1.984839411771311
3.253828507,0.554720473154171
3.254065244453,2.0057561638237673
3.254920307064,0.8795486482166757
3.255295483223,1.3134419128002592
3.255857171337,1.712332599531576
3.256591580257,2.0245203710986703
3.257461111086,1.9644483704097295
3.258303520935,1.3974262268304487
3.258901024432,1.5869784173124837
3.259578112634,1.8446433586658428
3.260365250272,1.9651589390674
3.261210119669,1.6097493716631504
3.261908746208,2.0992218916737535
3.262823983365,1.995919689578153
3.263696218203,2.125856126916801
3.26462409628,2.0422244715007194
3.265511521817,2.069385850699914
3.266407168754,1.3252084284378598
3.266978936311,1.0598794025575409
3.26743484079,1.6657995349205144
3.268149673753,1.9993910100581744
3.269004502842,1.7865790713158436
3.269766699394,1.7726109249926192
3.270524375762,1.5703092093766997
3.271197357499,2.0303251355484675
3.272067365918,1.985971363591669
3.272917198908,1.4794787071608018
3.273550047927,1.975150830547653
3.27439589974,2.1537609438249676
3.275318306186,2.169507412216749
3.276245842271,1.8589946354098035
3.277040391125,1.8266848759518506
3.277821027082,1.983676742523208
3.278667804,1.8013969759260766
3.27943693245,1.824785365825448
3.28021861408,1.9860229612785543
3.281070555665,1.780490397719238
3.281833777801,1.8245246507435233
3.282616076778,1.9196972557127552
3.283440559046,1.8385817887713356
3.284235109641,2.2120389815570873
3.285198935034,1.9920932329889305
3.286069070695,1.953553522289862
3.286921126325,2.004402395601151
3.287793927465,0.9882333452168276
3.288223582022,1.5606136819797158
3.288902452628,1.9993857246630753
3.28977232772,1.8338691364613364
3.290567722062,1.5652320664430677
3.291243545038,1.8333742896206167
3.29203190134,1.9875409538947426
3.292884186578,1.7401867637987771
3.293629658161,1.8348638167407054
3.294417100227,1.8412262453090138
3.295209313431,1.9376859175432206
3.296045234252,1.295032455415336
3.296606490379,1.6816813921560725
3.297338702652,2.0043690057151844
3.298211889438,1.946645641080589
3.299057592127,1.9485207721441715
3.299902807119,1.9385083375031942
3.300743720294,1.8955643190225717
3.301567047716,1.8439190619194197
3.302369958621,1.8527496925407236
3.303178178222,1.839659920816899
3.303982173797,1.892261627572941
3.304812327715,1.992007774541313
3.305689063243,1.296095473145894
3.306259696667,1.4822454493062678
3.306912646336,1.68902109855959
3.307657624299,1.7144408603328674
3.308412260609,2.21423217238061
3.309382797062,2.0199750036496056
3.310266025975,2.159383358668698
3.311209150206,2.1255993712539825
3.312137635359,1.7193080180402138
3.312889976509,1.909366257423963
3.313725432657,2.0700295741867865
3.314632063058,1.509306745425761
3.315295677461,2.0792854599050914
3.316212351669,2.040563144113424
3.317111226577,0.01422326950269353
3.317117482899,2.087658112011954
3.318034688486,1.9920488729433272
3.318909027343,2.013557591487164
3.319792389118,1.8582442107866428
3.320606634736,1.9693982261811707
3.321467590846,1.9494244446214857
3.322319672161,1.5404124204783136
3.322994829462,1.2080694246251467
3.323524921367,1.3324803931487126
3.324109659951,1.6065690757130384
3.324813934039,1.6312063414189555
3.325526832349,1.9244443002714935
3.326364667062,1.5360856817401567
3.32703144953,1.5159573208653387
3.327689325135,1.6986704018632526
3.32842783118,1.6512293173885644
3.329146717298,1.7085831954654351
3.329892040123,1.9009314802004929
3.330723252717,2.04034036030069
3.331615757317,2.051825513034946
3.332513022932,1.8895920090173888
3.333339770319,1.7111077696118613
3.334088668763,1.63241029437678
3.334802660172,1.6921942477920062
3.335543430894,1.523943567492126
3.336213524924,1.949007679000618
3.337074795962,1.7236066674870203
3.337838100894,1.9493251435006382
3.338701356766,1.5677147690467617
3.339394980138,1.7908309170259613
3.340186963108,2.027982070124883
3.341083630272,1.908754283721171
3.341925834811,1.81292792089863
3.342723682409,1.6942355119027206
3.343468286777,1.6046951879898432
3.344173010933,1.9002636117099327
3.345009354014,1.9446984737264386
3.345868189477,1.9503916732579218
3.346731238994,1.9155543422892176
3.347580343508,1.9043583422093133
3.3484251612,1.4475562893094656
3.349067990239,1.5348393366369983
3.349751236663,2.1416795589719793
3.350706030922,2.0435877844237518
3.351615399804,1.892920257929773
3.352454689938,1.9129223675554001
3.353300851537,1.3658348998666516
3.353904876801,1.3154932669464674
3.354486260746,1.4879911313296166
3.355142512772,1.9446578299455128
3.355998648368,1.6409107943293633
3.356719794416,1.6845813480837597
3.357459566535,1.9451418936604106
3.358313809661,1.9308293359836233
3.35916106366,1.9300658777346247
3.36000840152,1.920738747259563
3.360853348329,1.7526290048752593
3.361625644581,1.4005362845982763
3.362243190713,1.4516355572571362
3.362882933285,1.57304017263873
3.363576848003,1.955444617860175
3.364442841501,1.8162336958806908
3.365249673978,1.811915361231796
3.366055596943,1.9240714091288234
3.366913402493,1.698200037842479
3.367672529307,1.6246864575358948
3.36839986335,1.5962671569139997
3.369114498294,1.3617434700545854
3.36972270848,1.6670148713843116
3.370463776799,1.8302287690114887
3.371275966977,1.7925321884452696
3.372074770434,1.5089035916523017
3.372750379463,1.9166990151474703
3.373609902342,1.9198836374577504
3.374470696265,2.0987677413217556
3.375410446063,1.9736881886371918
3.376293646438,2.0445722701858573
3.377209659127,1.573410811805048
3.377915734555,1.1808844064960935
3.378446169136,1.2386386162205927
3.379001942971,1.7867477199702697
3.379801457286,1.9154645146294886
3.380656856666,1.9652807443008191
3.381536318579,0.34867360558550053
3.381692795631,1.5003893689360925
3.382367122718,2.18124069385262
3.3833488056,1.9689944232935492
3.384234096215,1.8584985939495997
3.385068444264,1.892710120472698
3.385916591617,2.0529303542981663
3.386835190623,2.1230449535630367
3.387787379126,1.6633638298100686
3.388535273474,0.7752358792247381
3.38888375671,1.0983795142294375
3.389376250791,1.492923783874598
3.390044148763,1.8405178964097033
3.390867446481,1.9629737853003055
3.391745889117,1.9623122446658958
3.392625580405,1.8561970280168651
3.393460115974,1.9982050630901171
3.394358939297,1.9998735494861761
3.395256949778,2.1309117898807513
3.396212911544,2.0490953615046372
3.397131633567,0.8818351640017621
3.397526895706,1.3734803945554024
3.398143041501,1.4623099833368007
3.398799340104,1.4959461362365198
3.399470301719,1.9157559784833058
3.400326851179,1.944486890501273
3.401192935549,1.5808450792545097
3.401896470947,1.44609861552732
3.402541046158,1.5300596088237879
3.403223820051,1.5229667899290926
3.403905430815,1.9210490449402189
3.404771262597,1.9379942015305984
3.405650269503,1.9961507667771134
3.406558969351,1.978989052120416
3.40745976703,1.8622454393256147
3.408304480218,1.987402942840569
3.409203705841,1.963929049793152
3.410091082383,1.8590336584740406
3.410930558331,1.8691259302452938
3.411774227332,1.1675904567897697
3.412300835079,1.7374627237640665
3.413086070753,1.351059992601317
3.413698061146,1.7892269327794463
3.414507754703,1.859993080870738
3.415348566384,1.0002530163988805
3.415800495696,2.079537905833674
3.416737262391,1.844763580324312
3.41756652893,1.9495999432704503
3.418443350183,1.8173424144349273
3.419262671385,1.7513004208473386
3.42005440362,1.8498849277801122
3.42089247938,1.9233969436468912
3.421766884655,1.8649112277152886
3.422616888533,2.0319180605439895
3.423543133631,1.0719369186115857
3.424031477637,1.0808067693935415
3.424523516027,1.4191952875465261
3.425168381175,1.927740763475401
3.426040065871,1.889793644093681
3.426890317591,1.952346577472273
3.427769385796,1.9886199920608576
3.428668646771,1.0614714675445738
3.4291501862,1.3438842224366339
3.429760267042,1.4964524906661265
3.430438499368,1.4526102692327545
3.431096211068,1.1651692266334022
3.431624492587,1.6412194403773384
3.432370300594,1.8875410020769514
3.433229686457,1.6777115112430052
3.433993329829,1.9304821275041057
3.43487119515,1.819343201832088
3.435699856366,1.8776116295937793
3.436557755131,1.6091647005138592
3.437293278096,2.0160611268807775
3.438213997584,2.1064803378128465
3.439177925547,1.7652307656204929
3.43998827585,2.065247984306574
3.440937361151,1.5347555687826073
3.441641870669,1.303325631306487
3.442239554237,1.6649550750951716
3.443002963499,1.9809494905682907
3.443908845439,1.947974013719696
3.444796718983,1.6282318103506832
3.445539438341,2.140568902545874
3.446518541919,1.2772137256779548
3.447103396089,1.0179914111656312
3.447569071024,2.1035878821924974
3.448529670155,1.977980800228434
3.449429697389,1.8992198670813025
3.450290866139,1.7343361832518818
3.451075379411,1.8624978792159423
3.451916833543,1.8286589742661965
3.45274487893,1.6544778798335016
3.453496779792,1.69976656040457
3.45427254468,1.8562882830144114
3.455123730811,1.9595516669995758
3.456022234295,1.9814212248433059
3.456927616352,2.070969973504905
3.457872593652,2.1933621396622835
3.458874974213,1.8882226666692126
3.459738655087,1.746291886078009
3.460535702828,0.8373513846245718
3.460917004892,1.6740726734910674
3.461677843044,2.0452620371784684
3.462607742837,1.9170048045171408
3.46348039888,1.84688439333513
3.464320783226,1.0796676100143923
3.464812149215,1.4581979068433897
3.465476401025,2.015315040751767
3.466397089557,1.513489897590948
3.46709020447,1.7835079872827302
3.467907877867,1.9270062848842198
3.468792604502,1.8661297484514752
3.469649897627,2.12827585136047
3.470626794984,1.823152908521921
3.471463188384,1.5225986504993456
3.472162514163,1.7099230364985463
3.472948338725,1.7631788249030738
3.473759422009,1.47437013920475
3.474441338749,1.8418904509651157
3.475298182855,1.943721331079214
3.476203072068,2.0316127077573127
3.477148948257,1.9691419533038153
3.478065853163,2.168058338192313
3.479075208896,1.9025639142680377
3.479961027811,2.1296226078339955
3.480951557022,1.9693554039970766
3.481865248493,0.7872976686277607
3.482229589253,1.8980644536836018
3.483107368685,2.0725291185639905
3.48406448399,1.9205619034671448
3.484950635174,1.5648533291161428
3.48567376365,2.0721821959989293
3.486631248218,1.952394528446925
3.487530966837,2.119828773628019
3.488505102712,1.999876333349227
3.489422490659,1.716918195313928
3.490210272155,1.805034254535444
3.491038687607,1.7221894842811878
3.491827186084,1.965354693995652
3.492725915853,1.9553281720117013
3.493624525448,1.6968179874207112
3.494408400764,2.0712155637167715
3.495367562046,1.4164545151202095
3.496024458025,1.485551428209288
3.49671298749,1.946291232128326
3.497612881324,2.0924676673935516
3.498580069727,1.7170202116289495
3.499375812463,1.9920039100880202
3.500299424812,1.896271144578265
3.501177987067,1.9297740862016652
3.502072765173,2.0039628139845216
3.503002405004,1.8510902746969582
3.503860961905,1.731582481265446
3.504663824194,1.2839367115378608
3.505258015646,1.8776760951786866
3.506127444446,1.895750117456463
3.507008622197,1.1807564272948767
3.507559001475,1.511894798139612
3.508264310688,1.8575530255100103
3.509129684328,2.103240885191415
3.510109162885,1.8603067258502688
3.510977598107,1.9607736617746079
3.511892364754,1.7041806446796477
3.512685225973,1.7023673681608713
3.513477274927,1.8834294656627564
3.514354851852,1.7463150752516434
3.51517000525,1.9931436696703457
3.516102364893,1.3632971474564555
3.516740771331,1.7442788280258221
3.517557017755,1.7285032205896738
3.518364493143,1.7219804516387482
3.519167720743,1.9200127604405084
3.520064377575,1.7091687237448567
3.520863463059,1.8960541021296031
3.521748553729,1.9353661250274772
3.522651622684,1.9928459367852462
3.523583847788,1.6027137333371582
3.524335601405,2.0464197904580974
3.525295406957,2.1390439441833586
3.526300195738,2.094792643270431
3.52728551092,1.6641954704276025
3.528065526001,1.681833227955384
3.528850935848,1.954435756542086
3.529761722058,1.8392745018818646
3.530620765666,1.8768632083309031
3.53150016583,2.030618862184952
3.532453334918,2.0192517959839393
3.533404214053,2.0320459549607466
3.534361108231,1.9598437824178887
3.535282380178,1.9717303935672827
3.536206401832,1.9299669169426914
3.537108590895,1.9256610952060589
3.538008717682,1.7476480009021493
3.538824062666,1.9602312784603009
3.539736722918,1.8292740746843668
3.540590102851,2.034629936943372
3.541544222033,2.0291774475825997
3.542501004953,1.9772563122584181
3.543435809265,1.9104798339805928
3.544338206256,2.067537440371226
3.545313175355,2.127470635246185
3.546315161032,1.8765617459208854
3.547199306574,1.8497689588726782
3.54807018918,1.8221273511578455
3.548926527235,1.9032167807758642
3.549823361416,2.0543416977674656
3.550795046216,1.8038278733826993
3.551650120261,2.1050180468932207
3.552650152675,1.90520926587255
3.55355609014,1.9043619053926497
3.554460603254,2.1126835322283206
3.555462833444,2.051008145018887
3.556435016958,1.7212256343509484
3.557249104538,1.014294513833789
3.557727190427,1.961568412537998
3.558649123134,2.130211002140606
3.559650669499,1.9939184396672647
3.560590298457,1.989484169156731
3.561528565151,1.914950596216891
3.562430813544,2.009049239633346
3.563377276978,2.0960775089440102
3.564367820723,1.9699122709798271
3.56530009423,1.8605468322832213
3.566177928241,1.9032976980078098
3.567073062916,1.9688784262595729
3.567998067733,1.946411283320271
3.568914275251,1.8856089790875812
3.569806529535,1.976705114021294
3.570745864217,1.9858568709072615
3.571692004507,2.047106431371151
3.572670359165,1.8109542977685258
3.573537072135,1.8719837069089427
3.57443267727,2.0929239910650157
3.575437452441,2.0463437916473697
3.576423128972,2.0195428432492584
3.577395002801,2.0743531068863845
3.578391706205,2.090961851917588
3.579392682866,2.037120290048044
3.580366160452,1.9799219815918552
3.581311685782,2.0012187738229845
3.582264262723,2.1050576652448307
3.583265501958,2.101666479551467
3.584267714094,2.092581316668227
3.585268230519,2.10481612359528
3.586277240532,2.0901757301154014
3.58727816601,2.0712937794554818
3.588266330341,2.0067477169029426
3.589223447138,2.005585610745676
3.590181183975,2.029232817879209
3.591150835254,2.0393814875715863
3.59212627663,1.9105389116907776
3.593039844113,2.084085307842299
3.59403520458,2.0946064298901783
3.595036440943,2.0964015873565893
3.59603966571,2.126014114367331
3.597056354332,1.9256573463098996
3.597975731522,2.0659521919729333
3.598959873645,2.1224502469289477
3.599969895356,0.4429661049876032
3.600180787311,2.10236629163901
3.601183286827,1.9695879791349722
3.602123408598,2.014823768285654
3.60308739628,1.9965747315977402
3.604046431895,1.9830193552294575
3.604998627051,2.106493872644141
3.606008468448,2.1017751759582124
3.60701641667,2.035818782682667
3.607993742192,2.092590714560471
3.608998326862,2.031208063618376
3.60997196934,2.110917772513563
3.610984344326,2.10184390573494
3.611994309142,2.0894898855695727
3.612999056511,2.0858675909312376
3.614000881963,2.084231827225593
3.615001198047,1.9879833590979747
3.615957249214,2.0861932260110954
3.616961137417,2.085832609028667
3.617964310015,2.094616265870293
3.61897101266,1.8020265030420424
3.61983580318,1.9156460979828918
3.62075421368,1.9883200460984192
3.621708498398,1.9635260653243445
3.622653083107,2.0428496190655685
3.62363791955,2.0293550041182407
3.624619612446,1.9401536968419077
3.625560384179,2.0754790422239333
3.626566131286,1.9549916435511197
3.627512026587,1.967814316604775
3.628464491918,1.8773836724443929
3.629372475735,2.087734914556256
3.630380852602,1.7411914194546942
3.631222426195,1.8820450506698545
3.632129896869,1.9776207281567382
3.633082098769,2.0787820731736346
3.634086633191,2.073798744964566
3.635093438944,1.8879680097399332
3.636009739852,1.9747070936242281
3.636965215118,1.9952910564276192
3.637931529579,2.0409801968240093
3.638920865483,2.0774734906108296
3.63992778233,1.865090644121914
3.640833062063,2.0058354478648424
3.641805477505,1.9729108795376358
3.642761876373,1.9208006325916247
3.643696542085,0.8943290514711516
3.644132502522,1.9664822391023067
3.645093170181,2.029373946689776
3.646086354881,2.0458534131603097
3.64708725808,1.9123380577680744
3.648022403,2.0726198868687042
3.649035716803,2.070982177424705
3.650049029246,2.04616053569008
3.651053066817,2.044475719646165
3.652060441234,1.9869856273026927
3.653039528756,1.9920106365981456
3.654016370538,2.0226256456588483
3.655005193353,1.9366439404678835
3.655952135366,2.0063585517511306
3.656933109302,2.0164998905556106
3.657918071199,2.053717001661447
3.658920458348,2.04730862584723
3.659920953616,2.0275244038410754
3.660914340255,1.9501458994171537
3.661871064345,2.0501610143027755
3.662876237595,2.048841848020374
3.663880186433,2.0504789372824703
3.664884507225,1.9122229782787221
3.665818501648,1.8842007670552428
3.666735283529,2.060774099760349
3.667737123193,1.9538798693065154
3.668690896126,2.037898895751223
3.669692103778,2.0349797946048707
3.670696068957,2.0293313541670663
3.671700112506,2.026528534689605
3.672705464124,2.026111277066399
3.673710385256,2.0000262022572164
3.674698253703,2.032690076815647
3.675698400294,2.04061385143806
3.676702352195,2.0499057323216596
3.677711656455,2.0321019631767783
3.678714500484,2.054046201834875
3.679729111343,1.996702587324541
3.680714410918,2.0370765719627224
3.681719082793,1.9732791938738012
3.682691244559,2.0391942336830513
3.6836961188,2.033007927365297
3.684699472708,1.9615456259482842
3.685668419367,1.898892146362367
3.686605200317,1.988364531877165
3.687585543344,2.023602129847332
3.688586058074,0.24318037886169577
3.688706602197,2.0224508371950907
3.68970958607,2.0367772047631987
3.690720042571,1.9912559847387346
3.691708457546,2.0192642758959174
3.692710156146,2.0350897719256427
3.693719960042,2.0183318741409177
3.694722196237,2.031083025160341
3.695730977576,2.019069985121091
3.696734350235,2.009479662429174
3.69773073531,1.95848099286544
3.698699197626,1.9959562586066204
3.699685618522,2.00822326688639
3.700679552324,1.9677770916111994
3.701656722909,1.974495515165462
3.70264132868,2.0174871259337017
3.703649159401,1.9840781909909055
3.70463988391,1.9940941384261681
3.705636823176,1.9401309795585735
3.706609285416,1.9928395584961922
3.707609693103,2.0052341962456026
3.708615362617,1.9999967133376357
3.709617681366,2.0089834467049537
3.710624782228,2.0050276217140355
3.711629984698,2.004545771422298
3.712633372438,1.991497922578746
3.713627340777,2.0247525795439922
3.714638622732,2.003880019135653
3.715643258488,2.018734397295911
3.716655286249,2.0109615192677976
3.717660529224,2.0278381264469094
3.718672617345,2.013988972478543
3.719678083754,2.006071779082562
3.72068196626,2.01580933689269
3.721690330619,2.0118437825418987
3.722696067915,1.9972365506687975
3.723698186049,1.9989708194198679
3.724703191902,1.9662794965982677
3.725690023113,2.0259378774478214
3.726707212839,1.9884366726924974
3.727707706623,1.9859755755827153
3.728709419482,1.4663774947223376
3.729450095562,1.979349238378993
3.730450621179,1.9889890208671044
3.731455421662,1.9847993887526358
3.732456197151,1.9862138765064468
3.733460966497,1.9793704424039378
3.734466826575,1.968607222966824
3.735467325456,1.9842435873396493
3.73647139649,2.00334684547953
3.737480406473,2.0059211651121647
3.738490284688,2.000410127878622
3.739499971672,1.9924356701623487
3.74050750825,1.990583940767693
3.741514579339,1.9857317427508343
3.74251812903,1.9896857606734328
3.743521632117,1.9894759187829825
3.744523105867,1.98277227406484
3.745523166147,1.9877783066423986
3.746531033458,1.9967096355658605
3.747546111443,1.972017612972795
3.748547658523,1.9719821183173145
3.749548549689,1.9863978314418278
3.750557215568,1.9860608552518226
3.751566767612,1.9857619793158596
3.752578291136,1.963981930917574
3.753580617426,1.9851753872000366
3.754596051645,1.9553417581631787
3.755597069662,1.9532506791705693
3.756595676463,1.968253496988321
3.757600136355,1.9582850062994408
3.758602602933,1.9574270501241815
3.759609805189,1.9598507475316533
3.760617831387,1.9632433665357736
3.761625492603,1.959803950017762
3.762633040641,1.9431069899517048
3.763633971333,1.943762435333947
3.764634294748,1.9659659232003026
3.765642998163,1.9565274046644217
3.76664415182,0.4739989391201159
3.766886616029,1.5407532468216734
3.76767482319,1.6465672253190191
3.768516781314,1.6441597615619261
3.769356077439,1.740449960199183
3.770242571506,1.6802025772258133
3.771098681006,1.7049666926185132
3.771968532873,1.6853989538627572
3.772827691649,1.716876783299507
3.773702300585,1.7304695012785223
3.774584528013,1.7275450103055183
3.77546598956,1.6941634925562141
3.77632985365,1.6747354758897584
3.777183012953,1.6911008869270239
3.778045103313,1.754696870315567
3.778941124237,1.6236444307018734
3.77977157676,1.7559355356784265
3.780669516241,1.668114071556301
3.781522674279,1.6526666824135863
3.782369572775,1.685044203237009
3.783233395878,1.4870962113862018
3.783995433345,1.5325212346692307
3.784780064068,1.690357106648015
3.785644683358,1.6591442088864063
3.786495396031,1.7342951407833354
3.787386995886,1.6714685615672964
3.788246676306,1.7054162291013535
3.789124595718,1.6941778419621873
3.78999723054,1.6688853651778972
3.790855860998,1.7159562542079982
3.791738384759,1.7155544551613124
3.792621991885,1.8034941868680021
3.793552512999,1.5454007628114437
3.794350661226,1.6665351060016753
3.795212231803,1.6855255161414926
3.796084815838,1.717299189394972
3.79697448797,1.537111511254304
3.797771367738,1.7147575344435089
3.798660971133,1.7211459742126858
3.799554436959,1.5476243743420168
3.800357196171,1.626108778918255
3.801199037094,1.2856028229569356
3.801863858779,1.7183210717303
3.802752964117,1.7202840562823998
3.803644548766,1.520401358988669
3.804434287478,1.5580517931225157
3.805244816803,1.6595507252474468
3.806106148439,1.550953309308365
3.806908787782,1.6242400141999298
3.807749107602,1.6343307068510218
3.808595608741,1.5912907489992503
3.809421073798,1.640346824375007
3.810273142189,1.6647680305315111
3.811139412604,1.68170168523149
3.812015914139,1.6678628338558281
3.812886232894,1.6209350189798089
3.813732181074,1.6447266691060995
3.814588997406,1.5652025109578398
3.815402761758,1.7116394524753789
3.81629211547,1.7598240305046258
3.817208083359,1.6945005772586
3.818091824616,1.6620732033030712
3.81895903898,1.656352976126421
3.81982305972,1.64283203515397
3.820678816933,1.5579233973313458
3.821489776302,1.6741367250386179
3.822362323353,1.5353768531877305
3.823163882906,1.7159318589999393
3.824060880186,1.655991872862903
3.824928473209,1.814027361662408
3.825880171338,1.5793511923041592
3.826708156466,1.665946104841589
3.827580964998,1.7058609003880307
3.828473959482,1.6572521314168271
3.829341080793,1.7422319098115504
3.830252922603,1.6320644328014342
3.831106937681,1.7169674734158944
3.832005121502,1.6956714374775497
3.832891487119,1.732700983114908
3.833795835834,1.7780990176585698
3.834722398558,1.5438538306069116
3.835526280295,1.563345452013023
3.836340893264,1.5439561176239325
3.837145666717,1.6974877547694804
3.838032223668,1.5168324758044456
3.838828840501,1.7048214483533475
3.839728311655,1.6957820283645755
3.840624479087,1.6656433632562573
3.841506117103,1.7108359293231645
3.842411853119,1.6636933405408798
3.843290593497,1.6879532662227015
3.844180539375,1.6702975997753737
3.845060974463,1.7266849750327913
3.84597006174,1.8341697411002678
3.846934469162,1.7409491942761242
3.847851712855,1.7672141727533162
3.848784117705,1.6974797366303056
3.849677422268,1.6356641242889114
3.85053598327,1.5982462801023667
3.851374271799,1.623208200973824
3.852225085363,1.6334557235545244
3.853081808341,1.678108485228586
3.853964262223,1.5897606357445475
3.854802882639,1.6249849824183746
3.855662522813,1.6660934416055018
3.856546026886,1.5725019490292638
3.857383074423,1.6849331428586725
3.858282490154,1.7086562133333236
3.859194657225,1.6764430207332708
3.860089210401,1.670077987455555
3.860978549853,1.7764173555040912
3.861922234109,1.5427904893116284
3.862741103994,1.7324587797523592
3.86366132423,1.6151889770558026
3.864520023771,1.782345993977145
3.865468337968,1.655784916914919
3.866352091628,1.612803478783527
3.867215006527,1.4907957224771549
3.868012381038,1.7379586243624574
3.868942084368,1.6205412265455057
3.86981238222,1.8309151612683414
3.870799628494,1.716904747331701
3.871726297142,1.6447289150128506
3.872612629478,1.8737331824976111
3.873619397698,1.7449860588513115
3.874558148394,0.7480869173580853
3.874961509403,1.6944771734821942
3.875873106072,1.8031271212841813
3.876837877194,1.8593938657677036
3.877829228197,1.5983463193584566
3.87868244976,1.7184024919814151
3.879600976204,1.6807290927255107
3.880498671337,1.7020781548852102
3.881407456829,1.71438628605455
3.882323261732,1.6018275361683763
3.883180992864,1.7940836915226746
3.884145138581,1.7401558055113753
3.885083697395,1.7320038908636672
3.886020046172,1.7179190512069018
3.886949037722,1.862408314621014
3.887956108398,1.714403902712473
3.888883169277,1.7058315483908604
3.889803185389,1.6420871029167818
3.890685170488,1.7616460576628994
3.891630289484,1.7012975596098074
3.892544581517,1.6009692263089492
3.893406921585,1.6755750067006376
3.894310902078,1.7643469455374017
3.895263890307,1.7404820369108376
3.896206076434,1.8553463576412599
3.89721241911,1.6720762685473136
3.898121267406,1.6472718520252896
3.899017636608,1.6705637234712987
3.899925554575,1.7541355499843758
3.900878581725,1.666324094533943
3.901783378126,1.614904544058259
3.902659101155,1.5430510194264344
3.903495042586,1.6498458025297376
3.904390188758,1.660235068167322
3.905294676591,1.596247678817254
3.906167740644,1.6782698721443376
3.907086935191,1.76327966899664
3.908051101537,1.7611491698963375
3.90901224152,1.5910924343760753
3.909878594167,1.7378452805376965
3.910823004089,1.7994113213461522
3.911802375015,0.7512015909607794
3.91221223276,1.6713551738032975
3.913123251035,1.632024679858749
3.91400922611,1.7041612672378792
3.914932489246,1.6710242842655414
3.915837759447,1.6668735057647397
3.916742664146,1.8065709570313448
3.917728635964,1.705096216144092
3.918662677812,1.70109340740104
3.919595506728,1.7359756327349314
3.920549155684,1.6847664067679333
3.9214763169,1.6959628480556204
3.922407539896,1.6206829667637188
3.923294573264,1.6073635902503574
3.924171988051,1.7511351716372563
3.925127008449,1.7470565607615487
3.926081651118,1.6858553454041045
3.927004570799,1.5159951151564695
3.927835634371,1.7635601410193702
3.928801926322,1.7294006247739446
3.929750155238,1.7398385809948587
3.930706613906,1.6024960496447438
3.93158967023,1.5970931976193208
3.932470239257,1.6361909642734025
3.933370854462,1.6500483006568902
3.934279837043,1.6769747629052376
3.935206541477,1.5663256981803788
3.936073414757,1.622294478628918
3.936969936299,1.5765697856139544
3.937841287741,1.7462363483272716
3.938808207746,1.5411489863627104
3.939662663034,1.59965672988934
3.940549859747,1.597819704560124
3.941435960446,1.7297223455809672
3.942397198783,1.6987730279562674
3.943344690613,1.790843638322799
3.944347080307,1.7676256615418031
3.945337653172,1.7422153822547313
3.946313449647,1.7913619782428307
3.947315748159,1.435578835602105
3.948118422805,1.7128703426764322
3.949074503258,1.7600426090103567
3.950055051265,1.6587796120996832
3.950979525223,1.6127465521257796
3.951877583403,1.608233576978732
3.952770817656,1.7411014191220124
3.953738294176,1.6430517430584595
3.954655382452,1.6871942366681814
3.955600769082,1.7174556719131044
3.956566147605,1.7986243813010274
3.957578959377,1.6069062099692957
3.958483926872,1.7039128291343615
3.959442333735,1.6203011024945195
3.960351460651,1.7195708271119134
3.961316357005,1.7900033322104032
3.962321513449,1.7958729282972812
3.963329090137,1.7810091155428134
3.96432682225,1.6580906168276124
3.965254829253,1.7098437247245049
3.966211299686,1.6034519888451633
3.967108823607,1.734012709487001
3.968081636855,1.7939526689770933
3.969089981511,1.7911189195584067
3.970097781358,1.7432443060138936
3.971076543995,1.800660956496236
3.972083864893,1.7581086220791904
3.973066322647,1.5839706268807103
3.973950988663,1.7612050050625918
3.974934616157,1.649005038905445
3.975857749446,1.600797663390155
3.97675741906,1.7728176961494901
3.977757239453,1.7473593883904828
3.978744559394,1.7469972103675355
3.979731329169,1.7776399162141925
3.980732854673,1.681898582059611
3.981679415595,1.7383543302845712
3.982658133877,1.6600879135473772
3.983593873614,0.3415435560045692
3.983786726968,1.6993306555628263
3.984747756519,1.7656490506394962
3.985747594562,1.7835757745022995
3.986758519205,1.6897467806099897
3.987717123141,1.6702225023229702
3.988664353162,1.6508551294457445
3.989599041538,1.656566476732731
3.990535570591,1.7774035367836354
3.991541090885,1.757783024951925
3.992539672722,1.7591499674458062
3.993542683024,1.7658057635118791
3.994550216927,1.7197017968847839
3.995533032085,1.681595057346162
3.996495162084,1.6601054785825093
3.997444879449,1.7664081856940743
3.998454600044,1.6696223002388353
3.999409038263,1.7576855420315058
4.000414434983,1.7531998300544727
4.001417339096,1.6799100028065217
4.002378629873,1.7404312043435564
4.003370961659,1.6616731708371548
4.004314350719,1.6617088371195623
4.00525768368,1.7608868367332289
4.006259046816,1.729256183903059
4.007245977093,1.747863496952619
4.008247861068,1.7448632631490237
4.009250172181,1.6200504054742482
4.010181432776,1.766996088037585
4.011196669762,1.7458496251983708
4.012200953596,1.7276153384593418
4.013197141056,1.747105128594194
4.014202747785,1.7471882180329426
4.015205445343,1.7523937524487683
4.016210826087,1.741313368547367
4.017211401859,1.6355497505742367
4.018152171124,1.7459211173492306
4.019155988695,1.741753845785793
4.020157601931,1.6772432668957897
4.021123354015,1.1093170840456192
4.021762290088,1.6961144556285581
4.022737982945,1.6795468298932605
4.023702912716,1.7472569101678777
4.024706739946,1.7144137603097462
4.025692298904,1.7412413650306282
4.026694397923,1.7133804252490943
4.027680587323,1.6198868060794713
4.02861301447,1.7023728887415415
4.02959292091,1.7012171764846595
4.030572582157,1.737286215833128
4.031575403549,1.6498390340451572
4.032530067834,1.7527464807814723
4.033544987566,1.737698795618455
4.034551383598,1.6758785965646419
4.035523745491,1.735877327497934
4.036529832872,1.7421887269526213
4.037535746439,1.7433362734431979
4.038541524229,1.7118842436813109
4.039529777814,1.6548155712839374
4.040484586962,1.7260816351394985
4.041480501119,1.731535607164577
4.042482618029,1.7046082897122663
4.04347399704,1.7030471576558546
4.044468156832,1.7026998050684914
4.045463297142,1.715301298354684
4.046464635454,1.7346743867053416
4.047475245537,1.7285440724766612
4.048480646038,1.7050653472848727
4.049474156388,1.6541088691748145
4.050439592426,1.712144777317561
4.051439613659,1.6901206894359146
4.052426984662,1.5154418163067336
4.053309614404,1.6846614279820162
4.054288338375,1.7241103868136807
4.055291677152,1.7207582268245907
4.056297445533,1.6779989843593404
4.057281868744,1.7076973737934256
4.058284209236,1.720387533282351
4.059293403905,1.6131550704680975
4.060240876123,1.7108627844879005
4.06124630503,1.198168135502024
4.061950532181,1.678556722945332
4.06293741873,1.7254634109365221
4.063950979143,1.6465275173139644
4.064918757979,1.7011875931365636
4.065920658395,1.6919366988890854
4.066917351972,1.7108332645801518
4.0679225704,1.6900219183665435
4.068912305784,1.7207926837193437
4.069918071805,1.7061215405664503
4.070915088221,1.6580758030370428
4.071885001215,1.7174767751268862
4.072890750277,1.7021546561970293
4.073891165345,1.5321837703483998
4.074795440899,1.7114687383347449
4.07580552713,1.5225100400385787
4.076703088797,1.5342007903584678
4.077606497319,1.715898918860386
4.078617804292,1.583470349312894
4.079556188422,1.5811166028505543
4.080494436545,1.7161324779253466
4.081511464401,1.691824757768936
4.082516942331,1.5872554560973862
4.083463115573,1.5941809917079688
4.084411479042,1.6948161655770644
4.085417625467,1.5996674867915952
4.086370673688,1.6852567500495037
4.087377948281,1.5728580745459086
4.088317909218,1.6886565330600762
4.089325338875,1.6840392713326402
4.090328948223,1.6880127759525663
4.091337716593,1.6891295984331116
4.092350267753,1.6822292489661064
4.093359011239,1.6743034455748873
4.094361501612,1.6903645274997599
4.095372095809,1.6590818786121408
4.096365662741,1.6003484879831569
4.097326572422,1.6738617445285255
4.098332293057,1.6701420111067276
4.099335788791,0.8077952757750528
4.099821097204,1.6733059086330264
4.100826676044,1.6615000592529587
4.101827885972,1.659158992896982
4.102830217267,1.6507463626849006
4.103827991267,1.6632678746350695
4.104833752505,1.6536016388262322
4.105834295843,1.6303875440200657
4.106822354319,1.6500315142066626
4.107823365994,1.6706560842243512
4.108836370989,1.6515547369432901
4.109838897601,1.662932104044429
4.110849446755,1.6511704087226293
4.111850305186,1.670906135164639
4.112858737308,1.6686596548080517
4.113864461928,1.6869407870175457
4.114880809359,1.6771416061401565
4.1158910226,1.665115506385217
4.116897023986,1.6673495960741922
4.117908021564,1.653607128594359
4.118913586054,1.657752525593684
4.119922971602,1.6599127300994496
4.120931726145,1.6223027869632236
4.121913615202,1.6647328395686052
4.122916650728,1.6720118786692164
4.123923534384,1.672115999574686
4.124933037682,1.660163052126175
4.125937395512,1.6549831547246527
4.126940161023,1.6248938067606638
4.127925279606,1.6670022533724667
4.128936329714,1.6623465045813697
4.129946509166,1.5866721338155574
4.130912046936,1.6502427637225416
4.131914184773,1.663855732174523
4.132925164946,1.519931813400468
4.133851896232,1.6589613575253934
4.134864368013,1.6185789199015177
4.135853915423,1.6437195781077705
4.136860959939,1.6345897431179817
4.137863938214,1.6358120794393334
4.138869258026,1.6415780860521096
4.139879845944,1.5621303136399798
4.14084383932,1.634498895775053
4.14185173251,1.6351464635731734
4.142859150749,1.5957268968285303
4.143843379519,1.6238995898325672
4.144846054132,1.6412434787852668
4.145858208533,1.5976813527764377
4.146842192375,1.625414366123299
4.147844845935,1.5913444089559456
4.148828089031,1.6274458921417927
4.149831019676,1.6282136335877986
4.150833477491,1.6273822147070516
4.151839783126,1.6310081211641425
4.152848300255,1.6199884523292953
4.153848315675,1.6266102815765948
4.154853678884,1.624580840300899
4.155859064318,1.6232004704220147
4.156865254755,1.630866612143681
4.157875309189,1.6244666228320133
4.158877616646,1.489332831565122
4.159796843905,1.630178745972535
4.160805414894,1.6127310716652787
4.161807862674,1.6046355867431024
4.162810271368,1.6009844135500604
4.163810337961,1.6087394559347459
4.164815925486,1.5994534340930122
4.165815955237,1.6077433044942193
4.166818325864,1.617984170114049
4.16782420324,1.6185734411768706
4.168829951284,1.6174852047133899
4.169836275841,1.6082561994747488
4.170838105763,1.6071056750157375
4.17183843355,1.6255944226342356
4.172846844182,1.6279476265246104
4.173855506043,1.615675770672587
4.174859418061,1.618039208650772
4.175867282656,1.6304795088809425
4.176882104175,1.6196892587741927
4.177888116163,1.6214966796329908
4.178894971706,1.619502457190987
4.179900250181,1.6280430563854529
4.180909963201,1.609267201270872
4.181910076009,1.6182265235599724
4.182918619449,1.609638226898838
4.183923812783,1.6021570258307058
4.184925845069,1.6019527717781692
4.185927410039,1.6037007286178744
4.186930005805,1.6190569219189177
4.187945475661,1.0604053287237445
4.188613469355,1.5705464878089772
4.18960383859,1.5948438651287915
4.190607742943,1.6084562667012128
4.191622292393,1.5905446925090858
4.19262828396,1.5958053071765688
4.193635448557,1.5992367541820771
4.19464387717,1.5947158380405886
4.195653170228,1.5851038479790422
4.196659987748,1.5735558760324206
4.197660040596,1.579667982056944
4.198662627744,1.5865247489469638
4.199666234957,1.5905379033174574
4.200671332153,1.588326792257051
4.201677125047,1.5774908833052905
4.202677390729,1.5903643446338676
4.203682744853,1.6001026836164067
4.204688861534,1.600776141997169
4.205694605741,1.58778260822908
4.206695798947,1.5804248134495842
4.207696364469,1.5820561236247062
4.208701469483,1.58031691125299
4.209706613591,1.5768278605104025
4.210708103424,1.5749707867254084
4.211708923898,1.5757052971725767
4.212709385151,1.5848301270144356
4.213712987347,1.5916863139146815
4.214721727471,1.5757205439015194
4.215722498854,1.587332755790539
4.216729221327,1.5877723028024384
4.217735904227,1.5733221495560392
4.218737113922,1.5773192553968804
4.219744356098,1.5690948788057975
4.22074748769,1.5773825306138254
4.221755498431,1.5669834564084408
4.222756406009,1.5837486120967201
4.223767173193,1.574153884934
4.224771906145,1.5787602491927157
4.225779666384,1.568029468308511
4.22678055901,1.5634821653683288
4.227781752386,1.5689910799410938
4.228790647808,1.5560588594272553
4.229793024111,1.5641875312306635
4.230801332101,1.5639302407477726
4.231810191045,1.553074973288236
4.232813333443,1.5550196339287155
4.233817364943,0.36560775087941116
4.234052981078,1.5707492895165978
4.235064121144,1.557311903480929
4.236068727336,1.548913133775358
4.237071512344,1.5536605060370277
4.238075503767,1.5628882662908996
4.239080758423,1.572869660085657
4.240092667032,1.561968487083628
4.24110094911,1.549608986619316
4.24210226481,1.5645649272512105
4.243111189429,1.5544038853582336
4.244113243609,1.5526128575885703
4.245117926457,1.5397824943785405
4.246119115307,1.5397082766210486
4.24712349398,1.5462675274071875
4.248129874584,1.5520109963413284
4.249135773655,1.5670289946784064
4.250152393149,1.5456670722137924
4.251158914056,1.5486712774009261
4.252170216458,1.5291574341025644
4.253170406011,1.5377703803653229
4.254173912421,1.5539552165233619
4.255182000163,1.5736726578864642
4.256200893601,1.5473632359875187
4.257208155064,1.5352226628831869
4.25821260317,1.5301468438135453
4.259213574275,1.5514697002234854
4.260228719862,1.5532356577017525
4.261248564364,1.530805356622161
4.262254911579,1.526156344330865
4.263256296588,1.5245703257332806
4.264257840184,1.5263209667371933
4.265262218069,1.5243165497121502
4.266264995302,1.5268456966580668
4.267269918133,1.5230507340381467
4.268273228202,1.5315119008846563
4.26928223311,1.5249218040761103
4.270287802548,1.5135247851932112
4.271288358796,1.5219864959764084
4.272293419421,1.534175352497484
4.273304742755,1.5210538402681655
4.2743094029,1.5324744597093054
4.2753214682,1.5244822162056153
4.276325648975,1.5311305322889346
4.277336566634,1.5204929231106254
4.278347769225,1.5129851943438104
4.279358528413,1.5021431052542924
4.280362756024,1.50347844612331
4.28136776825,1.5026780222642184
4.282372646318,1.5108582166563713
4.283383629154,0.6456913521529238
4.283815691632,1.4980487130928057
4.284818028845,1.5044510707554581
4.285823931261,1.5222714718648702
4.286840553544,1.5127150190340537
4.287848589081,1.5084685868473855
4.288852917452,1.5053344784633447
4.289855441785,1.502831840661958
4.290856261301,1.5105796465259684
4.291862360176,1.5173381905232994
4.292874373902,1.4950548011666147
4.293874550472,1.4989317619700269
4.294878131773,1.502933566495227
4.29588386842,1.4996625506613264
4.296888147677,1.4953678659072995
4.29789001145,1.4938157560542067
4.298890344487,1.4995822831608845
4.299895640814,1.4925933823276394
4.300899275751,1.4955273484400227
4.301906788576,1.490974232248357
4.302912145259,1.4886758074334097
4.303918048493,1.4959727851680296
4.304930281485,1.492980947540365
4.305939698789,1.4854049475703595
4.306941938458,1.492533323274302
4.307949091237,1.4827207687009167
4.308953183317,1.4900433267728561
4.309962747113,1.4927145305219294
4.310970039338,1.5010232835875112
4.311980297173,1.4929179658959866
4.312986594931,1.5004538737102995
4.314000052097,1.493063033222777
4.315008151836,1.4871886811865074
4.31601109334,1.5021979215305175
4.317023504661,1.4975532608188153
4.318033282105,1.487040343447367
4.319036311268,1.4853113207449233
4.320041191911,1.4722073691112305
4.321043866478,1.4719789106969836
4.322052247551,1.4708140511645198
4.323061837462,1.4595242023444406
4.324064512773,1.4544584478040525
4.325066251521,1.4608847378346346
4.326074495091,1.455991560502915
4.327078118052,1.4578066925862283
4.328078989769,1.4743830558546098
4.329088087634,1.3315821513464445
4.330000232584,1.4542642557377634
4.331001532386,1.3382798869075356
4.331925741507,1.4491932066654707
4.332924421714,1.4560781180523283
4.333926731491,1.4651138672368216
4.334937260153,1.4532656953180614
4.335940011069,1.4562795324010336
4.336943598323,1.482704048712369
4.337966032913,1.470857130905643
4.33898109578,1.4563769929859187
4.339986335938,1.4571729503070479
4.340993238754,1.460837465791755
4.342002701397,1.4566555213610424
4.343008094018,1.4513303426616928
4.344009427668,1.4694369697475647
4.345025167279,1.449665890117671
4.346030313905,1.4620602897898243
4.347044327643,1.444140572772764
4.348044949498,1.4420831047440028
4.349046059753,1.445274831436173
4.350051060208,1.437972969766872
4.351052159011,1.4675879024956628
4.352073702659,1.4415674373115808
4.35307483488,1.444627192414614
4.354078769587,1.438563315486112
4.355082572718,1.4314181519773175
4.356083173256,1.4413145296853012
4.357089037935,1.455008980832846
4.358104740698,1.4397812806326924
4.359111407336,1.4325001239559532
4.360112342484,1.4442643091774512
4.361118879551,1.4432413795061856
4.362125002451,1.4503448262290737
4.363140911906,1.4478251357485417
4.364160131038,1.4359379664199698
4.365172694397,1.4239221054273592
4.366176444208,1.4310138706448425
4.367185526547,1.4260622008455222
4.368190881873,1.4492234585399246
4.369211802856,1.4305285912451957
4.370220457482,1.41825975578058
4.371221752269,1.43039358178078
4.372231111266,1.4371549584837804
4.373244273482,1.4264276796628086
4.374250567897,1.4158489254462654
4.375252040346,0.07278716633057461
4.375303611652,1.427912238384702
4.37631567718,1.4210330008189052
4.377323197388,1.416190608422685
4.378325094129,1.4302891398152524
4.379334375923,1.421621417633572
4.380338905791,1.4221830858055162
4.381347414109,1.4137653188599448
4.38235195472,1.4227814014323212
4.383363070478,1.4112756951193197
4.384364716252,1.4291015574722992
4.385378261908,1.4053111094263744
4.386379241777,1.4124242659945767
4.387391478614,1.3972812392964309
4.388393786481,1.4082112012952943
4.389401456575,1.41039951904324
4.390409597418,1.4065119973388698
4.391414655146,1.3933818346371083
4.392412193069,1.3960513244675086
4.39341306109,1.4050737243765854
4.394421261592,1.39553998634827
4.395427569845,1.3925551672015248
4.396435273794,1.392943844313336
4.397440493648,1.3950024826690555
4.398443479549,1.3911822536876535
4.399443913598,1.395533546894413
4.400447384891,1.407457592013436
4.401458332469,1.3894640813165597
4.402459012232,1.3899403221790423
4.403463802179,1.3945310562863407
4.404474758324,1.3843967014585652
4.405480915526,1.3883540543458022
4.40648925525,1.4095589674024962
4.407512477606,1.3819672048990517
4.408518089197,1.375239014405293
4.40952076909,1.3854650617388684
4.41053131083,1.3731282815767976
4.411533761997,1.376427501922017
4.412536333485,1.404299661911003
4.413556478178,1.3786890300969667
4.414558461323,1.3796990773997968
4.415561781205,1.376903347246119
4.416565928109,1.3714123929485367
4.417571428098,1.3603923966747784
4.41857305069,1.373243496355989
4.419582995645,1.3673300594597508
4.420585956342,1.2407386984996323
4.421495225574,1.3713654704805924
4.422501322316,1.368125049748152
4.423507142828,1.381155733359087
4.424522953642,1.3612789292784688
4.425525284082,1.3613932342623896
4.426528835384,1.3576984149344296
4.42753066251,1.3684346815591133
4.428542240072,1.3585974641426868
4.429545790193,1.3708557590060901
4.430556733153,1.3675227798537577
4.431566580499,1.3679218728328804
4.432579708791,1.3518030473543743
4.433582826021,1.3563010294384066
4.434592479673,1.341972447435309
4.435596050969,1.3447726631314658
4.436604501167,1.3424805387845264
4.437610922742,1.342438931078208
4.438615269516,1.3403019834511527
4.43961588206,1.3413400775657278
4.440618420837,1.3399187280541904
4.441623309796,1.3383518468608862
4.44262688446,1.3578652711530397
4.443643196561,1.3614105194169142
4.44466246883,1.3433568283881443
4.445670580236,1.343350423996721
4.446681055644,1.3383295444051342
4.447686728298,1.364599902095736
4.44870878838,1.3362594239113672
4.449709211535,1.3425235975581005
4.450716277451,1.3369203442775657
4.45171940102,1.3398724495546241
4.452725846361,1.3290123466956236
4.453727038994,1.3333691915476884
4.454734547049,1.338440754004829
4.455748858914,1.3242117733808867
4.456752312268,1.327567765915726
4.457755408225,0.9343950180520632
4.458460875833,0.78642082201385
4.459056465062,0.8511086212180858
4.459702629015,0.7659152808199664
4.460283774819,0.8063538602339791
4.460894327004,1.1724250235648046
4.461779294426,1.3322068450905478
4.4627800942,1.339320115803034
4.463787424705,1.3315571588832769
4.464794449138,1.3335908995965975
4.465806091263,0.7617688586112088
4.466385936436,0.7721958076731192
4.466976724954,0.7297277792096124
4.467538458652,0.6971753328819451
4.468077058891,0.6781989143479951
4.468600780055,0.7000368198012988
4.469139700653,0.703301569121731
4.469678903739,0.7222382313522675
4.470230155354,1.0257351224178801
4.47100890394,1.0495241198600442
4.471801448804,0.6949417299524808
4.472325220314,0.6687462941235489
4.472830781538,0.6619207590623568
4.473333015863,0.6564722466549204
4.473831497592,0.6634296777061092
4.474334680959,0.6683068096323573
4.474840560011,0.6225093442771542
4.475310650562,0.6665878648625086
4.475812919666,0.6731993090393503
4.47631916798,0.6008828991740764
4.476770184592,0.4950629160597712
4.477141217475,0.4956519891088702
4.477512247146,0.49618552771550556
4.477883272096,0.5245833803009758
4.478275168589,0.49709850365433655
4.47864618537,0.5366973336090074
4.479046455782,0.5484537274663602
4.47945529281,0.6973258395966736
4.479974927325,0.6764121341646904
4.480479121265,0.6602930507925874
4.480971596812,0.6549022761039768
4.481460137439,0.12677073202545341
4.481554702269,0.6053179167053347
4.48200644687,0.4967063554205352
4.482377424252,0.49254020275154986
4.482745434496,0.49649130288792565
4.483116403851,0.4868029265764852
4.483480173563,0.4963538905137394
4.483851136054,0.6148784266051076
4.484310770729,0.496052176802761
4.484681727583,0.7518810825545204
4.485244637812,1.2421142065165458
4.486180554951,0.40248448909819745
4.486486044111,0.4007354307383641
4.486791530616,1.101133832929206
4.487639081107,1.2910869620195324
4.488640885076,1.2896983856325464
4.489645901607,1.2771760607639175
4.49064915419,1.2707229738291859
4.491655725478,1.2588535145690403
4.492659583654,1.2539301733692323
4.493664174983,1.2642291076886714
4.494678723808,1.2523380168968044
4.495683980766,1.2657981159413283
4.496701067716,1.2465652954178539
4.497704093922,1.2439792538748098
4.498704841969,1.2452077592854374
4.499707320255,1.250658781208663
4.500716997876,1.248965619090582
4.501726691666,1.2407888396653777
4.502730316631,1.2603903939608836
4.503747580835,1.2610867101505645
4.50476208669,1.2614410891689714
4.505773417193,1.2595524317567326
4.506779158818,1.2613938477493674
4.507784187492,1.264107976245184
4.508792606994,1.2513528260176747
4.509794589992,1.2527809169106965
4.510800474091,1.2729768138586013
4.511822951523,1.2523364604589604
4.512827462654,0.6572888103061659
4.513354116695,1.2510998683246006
4.514356157363,1.2578152294022933
4.515362464512,1.2728039908880426
4.516379975741,1.2731535668052365
4.517398035515,1.261379255591142
4.518405808432,1.2590927661599447
4.519411516235,1.258653785566525
4.520419633623,1.2506522194393042
4.521424705464,1.2534707426548877
4.522432551125,1.2515647209710759
4.523438319948,1.25236451800312
4.524443775619,1.2539590346823462
4.525451739937,1.2395255705767239
4.526452334512,1.246288528043515
4.527459832034,1.2499162458158068
4.528467415463,1.2495551845542405
4.529471078814,1.2536139135720263
4.530477908738,1.2416951623513908
4.531478011746,1.2396061211202785
4.532478808521,1.2412766440611753
4.533480535457,1.2461773962619214
4.534483598889,1.2433345767323063
4.535484414111,1.2627442875536885
4.536503058599,1.2582001548555077
4.537517088493,1.2559778442893215
4.538528339665,1.2603983369163276
4.539543762251,1.2436602636935086
4.540545718783,1.2387640392187862
4.5415469813,1.2494259397731908
4.542561882996,1.2344718969029282
4.543567439006,1.2283275630107093
4.544569385518,1.2405972655758843
4.545581473383,1.2270906462004572
4.54658157707,1.2323227713783846
4.547584004389,1.2440299834302229
4.548595893826,1.238786348247576
4.549604374296,1.228844436308236
4.550604486938,1.2292208185470832
4.551604788119,1.235055331620309
4.552611418404,1.2282782268612198
4.553613538476,1.2330856739351983
4.554617834293,1.2355614498360328
4.555623337844,1.2397940632223965
4.556634681008,1.2906139538445656
4.557690449363,1.22793385893325
4.558695165447,1.2409315261494982
4.559708152635,1.289321848222019
4.560757776985,1.2459441256208235
4.561772825378,1.2368140225834066
4.562783266001,1.23128567777211
4.563790844823,1.2520203582044285
4.564815426599,1.242131450010183
4.565831352535,1.2497818105613316
4.566853018699,1.2254009323919366
4.567855182188,0.2828646633996844
4.568086844932,1.2259449425536788
4.569092333782,1.224350463124409
4.570094694195,1.2319102482955446
4.571100151515,1.2388691937338316
4.572111439526,1.2238827723360277
4.573111505593,1.2326178680426862
4.57411858872,1.2451234221465002
4.575137648903,1.2292976960051818
4.57614846081,1.2103014679437123
4.577148920716,1.211645890444044
4.578156541282,1.1980733562390142
4.579157876957,1.1997004554598187
4.580162050801,1.218298464991356
4.581180192325,1.2040933932741116
4.58218524302,1.2127777001683493
4.583198510758,1.2037832036524805
4.584206420442,1.20113028344675
4.585213795508,1.195848789190739
4.586215570845,1.2130457929489447
4.58722921554,1.2000852415531795
4.58823252037,1.1966484108892788
4.589235303447,1.1979931982928846
4.590237429556,1.2043158969890144
4.591241296211,1.205000315854151
4.592249068578,1.2149481861379123
4.593272697788,1.1855159977541403
4.594277028282,1.1855511814961481
4.595283207783,1.1844127984867627
4.596289600907,1.210885634583696
4.597320547816,1.1743572678320864
4.598322787664,1.1750331971997088
4.599328679307,1.1901651225612713
4.600348833132,1.1725597168073238
4.601353111184,1.1854359538628108
4.60236371783,1.190703100102719
4.603371174004,1.1894521505206586
4.604373401961,1.194177302877085
4.605381824855,1.2059448908037258
4.606403719853,1.1910387734057095
4.607414945143,1.1862030489976974
4.608423879642,1.193168850987006
4.60944020179,1.1783850783003262
4.610444399239,1.1822207919821224
4.611451781844,1.179106667705063
4.612456894221,1.1789972917795377
4.613464001578,1.1698892412326456
4.61446519613,1.1741167220834354
4.615470935497,1.1896036198167144
4.616491196851,1.1804478211282168
4.617501999296,1.1815513640199145
4.618511256683,1.184467917192255
4.619523019326,1.1887227882510847
4.620537025749,1.1959676396174896
4.621554734627,1.201709904891207
4.622578104318,1.1869555532466662
4.623591179594,1.1810634332521255
4.62460041848,1.175500897622343
4.625604277928,1.1974393099444727
4.626627553156,1.173981271952232
4.627632459912,1.2193125735066679
4.628677695352,1.1639611159514396
4.629680409742,0.47327044845085786
4.630090152871,1.1696739147203175
4.631104247204,1.1669519218328885
4.63211699737,1.1638164032139873
4.633127695927,1.1556439025278469
4.634129953671,1.1566736279370085
4.635134651465,1.169266391185097
4.636155705304,1.161864477077168
4.637175797617,1.1373109132296517
4.63817647974,1.1466252819606988
4.639183458168,1.1521179729834208
4.640194951232,1.1483331448926755
4.641205347822,1.1463214696624862
4.642216763556,1.1424542137669085
4.643226019482,1.1336623477800174
4.644226127352,1.1356471084808093
4.645226664924,1.142450137876948
4.646234591255,1.1456271912151652
4.647247426458,1.1396295382634107
4.648255213596,1.17030128693772
4.649288686297,1.1381960565135825
4.650293469163,1.134768818677331
4.651296603389,1.1457854574659005
4.652308000313,1.1558451007966666
4.653326153266,1.1508886660951807
4.654343015204,1.1370247380165812
4.655350757954,1.1371245223237891
4.656360539464,1.1266861904302745
4.657365820764,1.126278861594453
4.658377037366,1.1128267936920946
4.659380835022,1.115334147210394
4.660386777167,1.1184063750868036
4.661392974059,1.1196604036346216
4.662398646071,1.167145566639757
4.663445891539,1.1222054856324881
4.664452981039,1.1180898088916043
4.665457091648,1.132636865243442
4.66647320129,1.133348926569521
4.667487348132,1.1308693777110737
4.668496739984,1.1360917909509916
4.669513011101,1.1337484975847576
4.670533098845,1.1171267952811688
4.671539409481,1.1129097603419762
4.67254072077,1.1115561014290813
4.67354253983,1.1496240972640477
4.674580801465,1.1201759845507284
4.67559242014,1.1134414282211158
4.676598719756,1.1151372772056367
4.677607502206,1.1173251584855974
4.678616979909,1.1230936488041485
4.679631315655,1.1082409897435175
4.68063240885,1.1386290461089195
4.681661717296,1.109865943881902
4.68266715311,1.1184159841316679
4.683681954793,1.1062672307034633
4.684686025916,1.1166408637442033
4.685699010406,1.137519520244668
4.686730702045,1.1195051113913244
4.687747271659,1.0994194979135619
4.688747954736,1.1102123547489808
4.689757983066,1.1273697012280155
4.690779258278,1.1121334194702337
4.691781994147,1.118583099765486
4.692788553589,1.1179627232014713
4.693796061383,1.1165246123851684
4.694804511966,1.1077399017801817
4.695809868442,1.126105496506285
4.696838368875,1.1046146414960063
4.697848173187,1.0976708198712573
4.698850093592,0.4634625404845146
4.699273276451,1.1064475970106171
4.700284454033,1.1044477454005412
4.701294295756,1.1368218121685731
4.702333096779,1.0953751054602792
4.703334618341,1.115561136633328
4.70435609134,1.114811590278436
4.705379693703,1.11403560714437
4.706408619975,1.1150094996960627
4.707442119755,1.083028754744038
4.708446099928,1.0804057124356665
4.709447194914,1.0879621674300584
4.710454824371,1.0864594763697846
4.711460086464,1.0893471679109172
4.712467927585,1.1213992066429697
4.713508139237,1.0759518063009406
4.71450906073,1.0711448287713419
4.715509807695,1.106354095739595
4.716546329189,1.09939556094111
4.717573792724,1.0810360134510237
4.718579621193,1.1042040948557241
4.719604401769,1.0826966236091131
4.720611417664,1.0812359428541711
4.721620740265,1.0895250329978805
4.722638258078,1.0793338949757354
4.723645760927,1.0763755494783889
4.724650582256,1.077201835330642
4.725656028598,1.078366304161868
4.726662994351,1.0673866169588406
4.727663063897,1.0803236825956866
4.728680404174,1.0976947034492643
4.72971534146,1.063645769863457
4.730717345475,1.1048960575897075
4.731756823702,1.0660285102083717
4.732758214365,1.0654378601242862
4.733760313781,1.0815989342088657
4.734780036206,1.1102752389736
4.735827172263,1.0739821361404465
4.736837560782,1.0840740508376034
4.737853495213,1.0807065157624496
4.738864350149,1.0670619246819149
4.739865394597,1.0852874021657717
4.740888524758,1.0922622485393148
4.741920634215,1.064707754576418
4.742926338547,1.0671474220536197
4.743931880995,1.0913625530684166
4.744957539846,1.0834736241295768
4.745973173452,1.0929381391736561
4.746995073425,1.0718239410651678
4.747997176029,1.0687091971002018
4.748997446477,1.0725304001245837
4.750003309202,1.0750224495961305
4.751016180627,1.0945129910890585
4.752053110633,1.1180507420470571
4.753118462598,1.049289555329958
4.754120891801,1.0575149044357373
4.755129144601,1.0929268372752325
4.756167997834,1.1122458423315005
4.757224528422,1.054748046547029
4.758228427581,1.0489844960670223
4.759228472009,1.0565938351474695
4.760235826465,1.0710752461953206
4.761256360001,1.0504134756956995
4.762258485448,1.047884562421293
4.763260701131,1.054318052402327
4.764272015463,1.0476747187714897
4.765282323189,1.0368106814093232
4.766289480052,1.044658594487212
4.767310661419,1.0314938712208463
4.768322257855,1.0374975963543762
4.769339836235,1.0516813352588525
4.770370728655,1.0211979174224302
4.771371724419,1.0870694246127486
4.772437678665,1.044247299915568
4.773464342232,1.0240016766530566
4.774474315842,0.040039621745185446
4.77451384694,1.0316846095907566
4.775530729672,1.027703440868511
4.77653990369,1.0293514481173034
4.777546826074,1.0609569781776882
4.778583620845,1.0254670270198971
4.779587086971,1.0323711578927715
4.78059852826,1.033277906958982
4.781614983186,1.0312463326454877
4.782634635873,1.0303884178723222
4.783655941716,1.0189561668563962
4.784666488861,1.0197414756714496
4.785677658918,1.0142519711563633
4.786683320722,1.01490721708544
4.787690113553,1.0260516817069874
4.78870887844,1.0623301738031685
4.789766571874,1.043247626834488
4.790807754116,1.0392902189297863
4.79184356696,1.0134364201795087
4.792853498738,1.0084877060386648
4.79386133319,0.9987638043260572
4.794864102789,1.0255499954439375
4.795898038058,0.9941777690714383
4.796901026488,0.998369315268416
4.7979059964,1.0181441109141796
4.798926760434,1.0716129414808109
4.799996424641,1.0112831949822327
4.801002109829,1.070524532650915
4.802063435717,1.02069318174864
4.803073709084,1.0270714733474242
4.804090686247,1.0169647091474954
4.805098484872,1.0441103332648343
4.806134481103,1.0115812333242462
4.807140016698,1.0758555863673886
4.80821199612,1.0138019862398888
4.809226764903,1.0013777955172365
4.810232933101,1.0011763017965016
4.811239057656,1.0017193351708822
4.812243889742,1.0242806988700928
4.81326922038,1.0174753395980292
4.814286679944,1.013174722014862
4.815302052507,1.0045194214450637
4.816312997945,1.0063473667339884
4.817329865132,0.9889714028541028
4.818333815751,1.006666302710778
4.81935926187,0.9815831848681573
4.820362960814,0.9855487501504745
4.821374682801,0.9723382050136862
4.822374829207,0.9745283613571428
4.823376929344,0.9872709309363722
4.824388871206,0.986808110330082
4.825397042039,0.9911808621437396
4.82640843666,0.9944777390242657
4.827425390765,0.9870436818648914
4.828439521494,1.025461904903195
4.829496141193,1.038893477332917
4.830565295332,0.999229281132976
4.83158990573,0.9794333563445098
4.832590210567,1.0299689861610544
4.833638512768,1.0093895369181842
4.834662755506,1.0225104119975648
4.835697178253,1.0210040296235283
4.836727270656,1.0575113296844203
4.837792073576,1.0144274051539928
4.838811979311,1.013278593296965
4.839829747231,1.0154600616280327
4.840849100445,0.9990425316985021
4.841853016544,1.0220166139467801
4.842883422632,1.006101428771736
4.843901953801,1.007203979421979
4.844925564693,0.9827584799114076
4.845926743649,0.994886513623258
4.846940949185,0.9937349858177198
4.847953804171,1.0575136559917495
4.849031382978,0.9824765350601349
4.850034094341,1.0308159794269267
4.851089323727,0.9826716886503211
4.852099130896,0.9762303732742776
4.853104830382,0.9719207622903046
4.854105547427,0.9771031243645993
4.855110938078,0.9775629494498992
4.856116575337,0.9858404461921847
4.857130918997,0.6705420112477906
4.857822048843,0.9925512180972357
4.858849081036,0.9644879188683075
4.859851066524,0.9802111752103101
4.860873275532,0.9756628638689214
4.861895225856,0.9630615415189716
4.862908603162,0.9502915146928326
4.863914793149,0.9532158437953325
4.864930066923,0.9530555766510649
4.86594818653,0.9478029622512838
4.866961926416,0.9734988097733958
4.868004170719,0.9652685364898381
4.86903817527,0.945398898528815
4.870050471642,0.9421964555078824
4.871058393383,0.9391457592856636
4.872062242523,0.9521652766929184
4.873081142291,0.9596429939391692
4.874111490567,0.9289072218040688
4.875114304753,0.9263581704940539
4.876119228661,0.9641083628313741
4.877167745389,0.932773533272307
4.878184972894,0.9316809850398334
4.879202199362,0.9332937725002237
4.880219414859,0.9866152827832502
4.881291358535,0.9701981862044002
4.882341840759,0.9506333595652349
4.883367705237,0.9322443467564325
4.884370827862,0.9348133464699242
4.885375339781,0.9359000955532031
4.886380890408,0.935449225464001
4.88738661299,0.9755107785468445
4.888436718549,0.9401907428322088
4.889449684255,0.9366059242483764
4.890458691523,0.9354190856765691
4.891465773445,0.9949916128800124
4.892535782456,0.9681604314013545
4.893575782456,0.996518647057898
4.894645588916,0.9668059257502051
4.895682617427,0.9685991516759832
4.896721026023,0.9384559421695219
4.897728250829,0.956865917585401
4.898756802956,0.9339884973103465
4.89976149772,0.9305422729748476
4.900762825834,0.932171319230264
4.901766853064,0.9340171776292547
4.902775153721,0.9335983186879421
4.903785636302,0.9329369720832051
4.904798160735,0.9541544110095824
4.905837149647,0.9294771737593854
4.906852708513,0.9435948254986933
4.907887109282,0.9351910371473209
4.90891600205,0.9077547336757643
4.909917328011,0.9188044825307451
4.910932376227,0.9087385350012176
4.91193854504,0.9084771444222509
4.912947204347,0.9074221923401051
4.913957564543,0.9096587410748342
4.914973883346,0.9094173914691269
4.915992929492,0.9151306600999388
4.917019574289,0.8983487342968832
4.918027376754,0.12576991739656665
4.91816844983,0.8957807545687364
4.919172043154,0.8939167929262185
4.920172889723,0.9175292213047215
4.921199791585,0.8986355092996775
4.922203818828,0.8999206857992476
4.923208581653,0.9129319575149712
4.92423060887,0.9027189037631811
4.925246979005,0.9198464666114157
4.92628911674,0.9220886600047695
4.927340125368,0.9080052713615474
4.928380125368,0.9066059595217831
4.929421970007,0.9108415565885577
4.9304711379,0.8727007509464386
4.931478393624,0.8970491007082259
4.932516260171,0.920032422243065
4.933582729076,0.9071547045142984
4.934635226286,0.8625874511263626
4.935636341853,0.8705789833245302
4.936646533957,0.8919825544192496
4.937680685866,0.8795490393685989
4.93869946422,0.8765479726546481
4.939714041757,0.9092321594055941
4.94076543894,0.9006367808933466
4.941805916257,0.9012435155599321
4.94284662787,0.8723701824540672
4.943854500544,0.9025765123828592
4.944898314966,0.8743128964376939
4.945910577549,0.9118579679011143
4.946967612122,0.8639265631380052
4.947971395019,0.8975589134440837
4.949017173542,0.8695551291885157
4.950031705909,0.9051599263049295
4.951087971243,0.9235972196034424
4.952164835523,0.8691027260253198
4.953176601889,0.8737220449788258
4.954192235227,0.9110997302427241
4.955249983814,0.86772801751899
4.956256105755,0.8844250520129487
4.957280033593,0.8997049319020964
4.958319770537,0.8900032835140623
4.959346726941,0.8890288937422316
4.960371457507,0.8799656910263488
4.961384552929,0.908711403512073
4.962429381443,0.8711416106605
4.963430142008,0.8736311855326769
4.964432919264,0.8978549978487748
4.965462638514,0.9069018909196913
4.966502181896,0.9323144606629983
4.967570181896,0.8961629156892911
4.968596047868,0.8926834766332413
4.969617278746,0.934767379021546
4.970686315645,0.92400105637129
4.971743145639,0.8883134696636029
4.972759797035,0.879019215559716
4.973766989573,0.8903469959087268
4.974789153388,0.8684623378037375
4.975789200292,0.8784161169992243
4.97680446384,0.8961454152665553
4.977844189364,0.8819856887927838
4.978870952646,0.8815028666087936
4.979899988459,0.8580540923423066
4.980904083705,0.8917751396649117
4.981950018258,0.8852783956611394
4.982990498594,0.901094688391727
4.984051792608,0.8847378501377445
4.985096104708,0.8734806266403653
4.98612886554,0.8634546310430786
4.98715091782,0.8472513323041326
4.988154964232,0.8463933697469653
4.989159033099,0.8448320853734528
4.990162120694,0.8902782374827669
4.991220091811,0.8840247623072744
4.992271803554,0.8442699735405713
4.993278122457,0.8443623724269038
4.99428681034,0.8398268437769195
4.995291987044,0.47130431554539093
4.995856921255,0.33617111764957114
4.996260365699,0.835084392800774
4.997264651732,0.8437812688584021
4.99828244394,0.8327087911012818
4.999289462841,0.836260789638102
5.000302546344,0.829962147523392
5.001309250148,0.8552594040296078
5.002347797465,0.8251043829192921
5.003350285674,0.8268740484104213
5.004355023054,0.8286525391938792
5.005361955281,0.8370699706948561
5.006378890699,0.8332272216827571
5.007390913611,0.829314487653065
5.008397777459,0.8266307619045307
5.009400856361,0.8374233900858847
5.010416878715,0.8572274758816617
5.011456878715,0.857245299447583
5.012496878715,0.8573919073340162
5.013536878715,0.8497516848443304
5.014567471825,0.8363705968644407
5.015581726366,0.836423303293564
5.016595924447,0.8363293450006051
5.017610092627,0.8532853448427564
5.018645005193,0.8285080618837711
5.019650067963,0.8403844705860405
5.020669525453,0.8526422988238964
5.021703953386,0.8457184168707764
5.022730303272,0.8564545507681108
5.023770303272,0.853490163238658
5.024807531345,0.8383667354124703
5.025827040589,0.8498131597704134
5.026861220246,0.8628188602654906
5.027911884858,0.8262972891413586
5.028918721607,0.836794407107559
5.029939258179,0.8334777396456503
5.030956820774,0.8210621831988371
5.031960289315,0.8344373980572274
5.032981299274,0.8243448752955905
5.03399135188,0.8730943961194522
5.035062583694,0.8679885632693565
5.036129708425,0.8119095580172044
5.037130275346,0.8179710351334539
5.03814009093,0.835147465246717
5.039172356435,0.8093132529083703
5.04017366528,0.820844090115145
5.041190293604,0.8114379544712813
5.042196703015,0.8223244563083658
5.043218311413,0.8291450544934756
5.044250156841,0.8117510168783691
5.045261933577,0.8022587604976145
5.046263016181,0.5774673494648358
5.04698414957,0.8336771364236985
5.048025926891,0.8036188503839529
5.049031631168,0.8030814102292084
5.050038536602,0.8116854818746437
5.051057625581,0.8343344962916367
5.052106311741,0.7967374054479149
5.053108763811,0.8441849319348055
5.054172152076,0.8404584864264381
5.055232269908,0.825428398412401
5.05627514183,0.8414369565954267
5.057339875512,0.8023693774039122
5.058356135685,0.8010485774021631
5.059371435988,0.8085831101307901
5.060396833351,0.8044527905050411
5.061417343997,0.8008990060095879
5.062433530945,0.8180115787210338
5.06347153655,0.8301819748910922
5.064525145483,0.7959550367086627
5.065535426604,0.8495772814755154
5.066614098232,0.7886820906332964
5.067615770867,0.8186426651930863
5.068655770867,0.8117521171478261
5.069687514285,0.8030386786924147
5.070708661859,0.8472063949278182
5.071786427205,0.7965261471564806
5.072800364843,0.7857703415610546
5.073801549082,0.8015475996567757
5.074824212451,0.800282952553312
5.075847307779,0.8188732610968894
5.076897382051,0.7828752184168141
5.077904786624,0.8324061226725662
5.078979169808,0.7771735148910878
5.079984413136,0.7008002261010341
5.080892105025,0.7925906584290187
5.081920009569,0.798561956275222
5.082956872839,0.775989167185297
5.083965928522,0.7953606661926911
5.085001922511,0.7950378343982261
5.086038675309,0.4149632952597061
5.0865801692,0.7803680659111347
5.087598747163,0.77492567530555
5.088610837264,0.7947748815530454
5.089649826084,0.7668105257935395
5.090652996628,0.7649455262994913
5.09165468679,0.7742611224355661
5.092669794651,0.8097132441363176
5.093733190075,0.7711211685145277
5.094747667223,0.8070797938259897
5.09581084976,0.7631084905861711
5.096817095264,0.7625351697415045
5.097823305277,0.7879596801404556
5.098863811675,0.766737624063947
5.099876855775,0.7721396225699753
5.100897013139,0.7581286577420474
5.101898554016,0.8009750641800735
5.102957035657,0.7804448673823654
5.10398844982,0.7587823415990396
5.104991129819,0.7571375092516917
5.105991455349,0.7639480581111352
5.107000589223,0.7636770828183779
5.108008911718,0.7957765724860211
5.109059310891,0.7902000113296632
5.110102729091,0.7591366191077011
5.11110587038,0.7650787672995071
5.112117913812,0.7580282662492996
5.113121553838,0.8027457428047144
5.114185461348,0.5538185645454992
5.114920181554,0.7614560256943219
5.115931015851,0.7709636251962778
5.116955036893,0.7876972005883456
5.118002351919,0.7621484772382304
5.119017168561,0.7533434957957931
5.12002178195,0.7988006133852996
5.121088408284,0.7780159842072085
5.122128408284,0.7481732565896767
5.123129899946,0.7503877647205669
5.124135754645,0.792154198355078
5.125199173697,0.7998200481487802
5.12627501789,0.7517691782563174
5.127288166088,0.7465582311970971
5.128296157955,0.74213797481689
5.129299848452,0.7599310324454726
5.130328889526,0.7600214433550784
5.131359737433,0.7378615368256186
5.132362791731,0.7363521314141803
5.133365978477,0.7497283179204015
5.134389302631,0.7606310862757372
5.135429302631,0.7476814206158767
5.136453087717,0.7438907220262881
5.137472529058,0.7606665932825334
5.138515321335,0.7476367244882496
5.139540639704,0.7739379083548578
5.140602233365,0.7573169845736213
5.141640902125,0.7399770579465527
5.142655796244,0.7554363699232456
5.143691837381,0.7448517166191312
5.144713441068,0.7438810537599971
5.145733827495,0.7498040911628113
5.146762260815,0.7603981100474446
5.147805245448,0.7480970769022917
5.148831493207,0.7356956761021592
5.149840951096,0.7563761376269587
5.150879007081,0.7508863850907347
5.15190996296,0.7444512906363879
5.152932598092,0.7395457985273484
5.153948814733,0.7643380478416166
5.1549993958,0.7619674753270298
5.156047035503,0.7554084605891731
5.15708602758,0.7533741469561371
5.158122320965,0.731210992200376
5.159128092104,0.736168925022303
5.160140916809,0.7384159444731855
5.16115724943,0.7506973927415219
5.162190866165,0.7395719578336297
5.163209449979,0.7634212878611244
5.164261246344,0.7344004383666721
5.165273647705,0.2842301705058304
5.165665640049,0.726571255374582
5.166667844992,0.7631322214623293
5.167720593269,0.777332845850324
5.168793336916,0.7337615628357294
5.169806288697,0.7533446395558648
5.170846288697,0.7325176161456755
5.171857760424,0.7252819590202356
5.172859533685,0.7526865064215177
5.173899533685,0.7523592830029465
5.174939533685,0.7580378519977398
5.175987823747,0.7507352255335276
5.177026416098,0.7681713036489553
5.178089561707,0.7511170587504622
5.179129561707,0.7277926454124675
5.180137795754,0.7233615594072258
5.181140476042,0.7471655115917973
5.182176927755,0.7298721141270557
5.18319004378,0.7642201503639955
5.184251744727,0.747789850025324
5.185291744727,0.74713071019249
5.186331744727,0.7256480966474702
5.187342745772,0.7170479994064609
5.188342757408,0.7218989190728842
5.189350628216,0.7272845563490162
5.190366950542,0.7587835292143522
5.191428601137,0.7422307692820839
5.192468601137,0.7191548574339804
5.19347750574,0.7191367689399181
5.194487540388,0.7130837721514857
5.195490368083,0.7127655118912554
5.196494142559,0.7120663534164544
5.197498181977,0.6968458878165698
5.198481829687,0.7248167574618267
5.199506233157,0.715751454549359
5.200519058038,0.7066023889969548
5.20151975071,0.7455026854048524
5.202576592495,0.725183213294931
5.203605785565,0.7216571643760386
5.20463117107,0.715732107628916
5.205649273121,0.7035661880132433
5.206650835191,0.7246285414840936
5.207683264669,0.7300524594500569
5.208724302525,0.7120979442595048
5.209740461748,0.7150685862334013
5.210761580004,0.7032056812202339
5.211766528792,0.7347877568979115
5.212817429626,0.7380327617003789
5.213873682791,0.7033180660091489
5.21488082667,0.7268598706727308
5.21592229863,0.7166006277016137
5.216950028952,0.711261312756327
5.217970995112,0.7281922874117952
5.219017020401,0.7122805981538617
5.220041055567,0.6974037077252723
5.221044453701,0.6967025036994594
5.22204765445,0.6953181927852778
5.223049702552,0.7093877329746503
5.224072729444,0.720662874010566
5.225112729444,0.7201096966939412
5.226152729444,0.6979342328774474
5.227161604698,0.6968780411644377
5.228169755723,0.6969734759933663
5.229178740712,0.7137098827717009
5.230212941089,0.7166947506107204
5.231252941089,0.6908559073397964
5.232256905071,0.6908676536393726
5.233262440135,0.7130689704576793
5.234302440135,0.7380722990561231
5.235381053806,0.71040954891579
5.236421053806,0.6931342970183992
5.237437648781,0.6884184284934327
5.238449004011,0.7066625176624248
5.239489004011,0.7052249724960942
5.240529004011,0.7038547644425849
5.241569004011,0.7070109245497558
5.242615328093,0.6884785733975862
5.243635328093,0.6850568763313154
5.244651328093,0.6921685638883975
5.245678894854,0.6914982736100512
5.246706458047,0.7057325047289293
5.247756077849,0.6958161534443568
5.248791556041,0.7176218453418239
5.249860290267,0.6977499503596003
5.250900290267,0.697365016756217
5.251940290267,0.6970172004828882
5.252980290267,0.6966209155845258
5.254020290267,0.6962988743083564
5.255060290267,0.669229262956229
5.256060385136,0.6956871672747938
5.257100385136,0.6952670753823659
5.258140385136,0.6945502274152904
5.259180385136,0.6940590500993853
5.260220385136,0.6720509281033217
5.261227900562,0.6759538855307023
5.26224171213,0.6845887665792549
5.263269222452,0.7100166022132538
5.264335771369,0.666874623559445
5.265338301911,0.6673498838461005
5.266342611417,0.6900529941289856
5.267382611417,0.6689905878173263
5.268392630749,0.6763066472893993
5.269415471948,0.6977208876337981
5.270472546505,0.6906783262601839
5.271520756612,0.6841572371873279
5.272560756612,0.683223518305919
5.273600756612,0.6824605395135637
5.274640756612,0.6685383119445517
5.275660593917,0.6810723592195352
5.276700593917,0.6914764893594131
5.27775765679,0.690717451216479
5.278814717418,0.052249067783560796
5.278894717418,0.6790817042033525
5.279934717418,0.6871731755629199
5.280987595098,0.6783939886516306
5.282027595098,0.6721019815797649
5.283058680433,0.6932419253636706
5.284122974483,0.6558486096918343
5.285130385632,0.6797461147187054
5.286174896207,0.6661200597477304
5.28719876341,0.6942697258757445
5.288266198373,0.6872585395873022
5.289323244911,0.6758387536109915
5.290363244911,0.6529667078633485
5.291368527609,0.6599476765858292
5.292384945525,0.6749731109515571
5.293424945525,0.6745739088279439
5.294464945525,0.6529062879036764
5.295472364606,0.6736914606157204
5.296512554932,0.6828329900187863
5.297567494966,0.6729061737427874
5.298607494966,0.6727545657793645
5.299647494966,0.6724403818155146
5.300687494966,0.6722189426912905
5.301727494966,0.6720603935227445
5.302767494966,0.6718737536450834
5.303807494966,0.671620245767714
5.304847494966,0.6828115346845163
5.305905325144,0.6481566731745867
5.306909760842,0.6709928733376564
5.307949760842,0.6709935677596365
5.308989760842,0.6709712233049292
5.310029760842,0.6706887451778124
5.311069760842,0.6703985513261114
5.312109760842,0.6923202775833358
5.313184384784,0.6459457888319213
5.314187840643,0.6813392484531878
5.315246886941,0.64580884395483
5.316250905061,0.6434903505702555
5.31725173777,0.6703271648784633
5.318294711321,0.6681382882447063
5.319334711321,0.667528256842122
5.320374711321,0.648200990501609
5.32138554091,0.6431825132098259
5.322389665728,0.6763173401946801
5.323446902048,0.6644081223600642
5.324486902048,0.6638070123544396
5.325526902048,0.6787582646704922
5.326591413075,0.6830621792729948
5.327664093067,0.6403290819774052
5.328670815751,0.6611696208025296
5.329711488402,0.6603910850301035
5.330752157692,0.6758883546261121
5.331818566892,0.6432789323192758
5.332834392326,0.6737792841091558
5.333899049344,0.6325331962735189
5.334899088647,0.6493737932321707
5.335926196345,0.6548532792645159
5.336962584452,0.65324444698236
5.337997081105,0.6603601109710219
5.339043239604,0.6359200395677013
5.340050824839,0.6515343682053852
5.341083343689,0.6471133307648315
5.342109054588,0.6505324107841629
5.343140427952,0.6544254529514036
5.344178100834,0.6780756976420479
5.345253087872,0.6507921316126136
5.346284844797,0.6587311731019987
5.347329542197,0.6362819491218276
5.348339295612,0.6550970043007107
5.349379614107,0.6348140394078282
5.350388086353,0.644486053122034
5.351411923704,0.6429013532943079
5.352433317153,0.653387189664845
5.353471857206,0.6395182761331305
5.354488774365,0.6376706589608855
5.355502978657,0.62944483305908
5.356504343863,0.632154688962434
5.357510318355,0.6739175754870042
5.358583078658,0.6478936345108313
5.359614761509,0.629734327540211
5.360617913414,0.6711576810429507
5.36168738224,0.6525542959483607
5.36272738224,0.6694854234747684
5.363794687451,0.6520210232739584
5.364834687451,0.6516490827238596
5.365874687451,0.6268657338838277
5.366875588038,0.6510728621936909
5.367915588038,0.6632593686893464
5.368975588038,0.650310588439731
5.370015588038,0.6498270172740892
5.371055588038,0.6413902724332947
5.372082869153,0.635039597225413
5.37310077064,0.6308018813412607
5.374112541932,0.6448358681080768
5.375147616017,0.6442488022505123
5.376182769154,0.6466957495201717
5.377222769154,0.6462103245621729
5.378262769154,0.6508594307300156
5.379310894182,0.6547454436941502
5.380365869684,0.6500017107674755
5.381413992113,0.6312224758666204
5.38243252697,0.6440713217886034
5.38347252697,0.6435540561172338
5.38451252697,0.6640836831521848
5.385586363632,0.6562724092922851
5.386648038955,0.6424340075268817
5.387688038955,0.6244632720085591
5.388699672917,0.6220982728536796
5.389707910034,0.6253041530807062
5.39072198021,0.6272891068980476
5.391740228206,0.6485858750876105
5.392793819689,0.6189094665549276
5.393799610724,0.6195401475180722
5.394806889726,0.6246508622528878
5.395823017745,0.6231058490999624
5.396837215736,0.6141586164028128
5.39783761337,0.6166483245021191
5.398843179995,0.6368858806104124
5.399883179995,0.6359481397279542
5.400923175857,0.6467099748833989
5.401982302166,0.6341596157896918
5.403022299393,0.6162411246392226
5.404034267121,0.6276297115058423
5.405066267121,0.6317185699738831
5.406106267121,0.6309531555654659
5.407146267121,0.6205366435414154
5.408170267121,0.6193164260498695
5.409193226712,0.6091203338135173
5.410200287884,0.6382461930498429
5.41125648453,0.6279089255155006
5.41229648453,0.6274933985909396
5.41333648453,0.6271415003376798
5.41437648453,0.6266966821862204
5.41541648453,0.6263545689418925
5.41645648453,0.6304806490664994
5.417503872108,0.6256124318518569
5.418543872108,0.6459616839860806
5.419618504443,0.6067239650604036
5.42062862139,0.6258675282797395
5.421671194979,0.6241344266003781
5.422711194979,0.6442645145212736
5.423785169796,0.6332105705293798
5.424841337496,0.6279285846386825
5.425889421099,0.6412137327506997
5.426960403627,0.6223543194702867
5.428000403627,0.6102001019075116
5.429020611019,0.6217061715737272
5.430060611019,0.6213944497124112
5.431100611019,0.09556909689033552
5.431260611019,0.6210659057551772
5.432300578979,0.6256199732988897
5.433348660765,0.620708871208923
5.43438926612,0.6112438472322396
5.435414810504,0.6125232027360504
5.436443272674,0.6191481919785653
5.437483272674,0.6189613550263929
5.438523272674,0.618672133118169
5.439563272674,0.6183085417028659
5.440603272674,0.6179533112551034
5.441643272674,0.6176858380082091
5.442683272674,0.6173615113462355
5.443723272674,0.6170288258787247
5.444763272674,0.6167344783064881
5.445803272674,0.6164535461706807
5.446843272674,0.6162250175377011
5.447883272674,0.6159257299412365
5.448923272674,0.615538713205797
5.449963272674,0.6269311159924336
5.451023272674,0.5996776118970033
5.452037847185,0.5977379618559359
5.453049716855,0.6160672805018795
5.454093242545,0.6339608240339697
5.455167659694,0.6111466072880871
5.456204072382,0.6129210364804761
5.457244072382,0.6126204758189419
5.458284072382,0.612247094822035
5.459324072382,0.5910527233319907
5.460328712262,0.603871954412596
5.461355614114,0.5905733315294047
5.462360417281,0.6291832972304284
5.463431613205,0.6293746775974497
5.464503819268,0.5957940530821509
5.46551942701,0.5950930804230253
5.466534483394,0.6094048192434807
5.467574680572,0.599411513639034
5.468598521045,0.5973736271869806
5.469619553988,0.5961416574003908
5.470639021343,0.5943828355280237
5.471656038142,0.6011190209730187
5.472685061234,0.6020925111493662
5.473716121525,0.6018651211814284
5.474747174391,0.5988852140092332
5.475773446162,0.5966971250814447
5.476796248209,0.6293553653676104
5.477875284832,0.6012517201915267
5.478906316993,0.6010718960831105
5.47993734399,0.5843236959205985
5.480940049313,0.6040897686799084
5.481977006082,0.5977441411963009
5.483003242237,0.6091952409621845
5.484049216277,0.6014687162228136
5.485081883055,0.6032746886048341
5.486117660325,0.5977400483902784
5.487143873339,0.6263005859203115
5.488219271896,0.5880566638206743
5.489229432302,0.5985787754334472
5.49025790671,0.5974705673763353
5.491284810019,0.5819119484315988
5.492285340021,0.5858884969299865
5.493293030461,0.5871523464792737
5.494303162531,0.5962616405274608
5.495329288162,0.58669932268364
5.496339408301,0.599932607865065
5.497372726031,0.5877009917104029
5.498385541944,0.5865699154091945
5.499397154307,0.5840861090854258
5.500405052996,0.5994309580737899
5.501439890213,0.5907655788777535
5.502460364662,0.5929596887819186
5.503485505903,0.6017326283516625
5.504526791683,0.5786725480851083
5.505528907406,0.5853622952110394
5.506543593116,0.5802958204128478
5.507550728813,0.5914121145739243
5.50857794895,0.5983712319785888
5.50961794895,0.5849567923661662
5.510635594936,0.4135513558764717
5.511355594936,0.20705871411067628
5.511716243255,0.6031564852433406
5.51276742095,0.5860979506030983
5.513789569658,0.616733321037728
5.514864975265,0.6189379548434365
5.515943389795,0.5780685916666578
5.51694994038,0.5944258783237824
5.517984877636,0.5890370607577663
5.519010820114,0.5948052319652506
5.520047235001,0.5940448856349215
5.521082879826,0.575026037743346
5.522085898685,0.5775931328899866
5.523093515946,0.5893020323025686
5.524121994085,0.593579925124592
5.525158928974,0.6082031254833178
5.526222208457,0.5834629661049874
5.527243010546,0.5768889624691081
5.528253053076,0.6219187734147589
5.529342892029,0.6269706258037604
5.530442892029,0.5757927865259442
5.531454366102,0.595016962332861
5.532500792873,0.6245416848280064
5.533600356005,0.5711334242490603
5.534607022682,0.572702087306213
5.535617417924,0.5744197904510252
5.536631902464,0.6040738694793467
5.537700021251,0.5742502370926266
5.538716527461,0.5791824954878895
5.53974282067,0.5802762233153487
5.540771939613,0.572748872236539
5.541788606362,0.5867721719434893
5.542831186482,0.5671215879902501
5.543839871051,0.6089684772805602
5.544924055302,0.5702606990531824
5.545940055302,0.5871255908832768
5.54698685741,0.5745654807956392
5.548012307345,0.5607562564761929
5.549014089532,0.5868458564941301
5.550063327249,0.569075534474741
5.551081602594,0.5653994588063562
5.552094024781,0.5814869080034419
5.553135952775,0.569361400582876
5.554156755008,0.5726022661591587
5.555183809969,0.568992399506308
5.556205039996,0.5994849410188807
5.557281646242,0.5883727534468589
5.558338789314,0.5578440741770628
5.559341712591,0.5657244771624402
5.560359330589,0.577961663575012
5.561399468017,0.5800928090083907
5.562444054734,0.5607332733279733
5.563454281097,0.5602946795299015
5.564464183138,0.5657937413742321
5.565484629039,0.6094818980570428
5.566584629039,0.5601269445466182
5.567596175418,0.6087178748634021
5.568696175418,0.5927823840082386
5.569768183832,0.6077507876377155
5.570868183832,0.5576536584416097
5.57187839875,0.5629216005691289
5.572898825197,0.5542556480070281
5.573904221424,0.5737549014153697
5.574945795802,0.5538148137032676
5.57595190213,0.5788532594496222
5.577004313413,0.5671853026417514
5.578036295048,0.5590596840134006
5.579054281707,0.5910704973505638
5.580131787802,0.5863634617317516
5.581201993427,0.5586395275826477
5.582222401491,0.5592484599488649
5.583244969816,0.5718861190814198
5.584291745465,0.5559382131232357
5.585310009178,0.5537868694884978
5.586325080587,0.5520256794512284
5.587337703675,0.599166691504884
5.588437703675,0.598618664251461
5.589537703675,0.5880811621114275
5.590619182415,0.5722446128463488
5.591672165035,0.5974350479968127
5.592772165035,0.5862721453207692
5.59385222815,0.5967320562717788
5.59495222815,0.5962141379596883
5.59605222815,0.582089595599243
5.59712722815,0.5945021647487243
5.598226106269,0.5947480353991997
5.599326106269,0.5425493551722919
5.600329936519,0.5524755630939215
5.601352528012,0.5511338308875432
5.602373247529,0.5561356242710245
5.603403787061,0.5667700130133676
5.604454324174,0.5505663471862361
5.605475036398,0.5557022120187849
5.606505565768,0.5605060785916391
5.607545583955,0.5570949850369924
5.608580352487,0.5811382895722146
5.609661047527,0.5534928617750688
5.610691566162,0.5636495185549608
5.61174208115,0.5473197894934563
5.61276276514,0.5523184744313391
5.613793274679,0.5626939154861625
5.614843781096,0.5622803003392629
5.615894284967,0.5699337707841255
5.61695988971,0.5507340196770378
5.617990386927,0.5610920790303398
5.619040881491,0.5767580228170391
5.620121538416,0.5865152441268905
5.621221538416,0.5458369482566116
5.62224583278,0.5507424084754454
5.623279949651,0.5854510767046008
5.624379949651,0.5791409845636364
5.625468695238,0.5847569716945306
5.626568695238,0.5360716812399039
5.627577584798,0.57538591324029
5.628661183311,0.5834853488630087
5.629761183311,0.5521650075623894
5.63080321933,0.5822268051986116
5.63190321933,0.5815335266228652
5.63300321933,0.5333960686849584
5.634013368053,0.5802615241062372
5.635113368053,0.532447341627942
5.636123489562,0.5503337776862249
5.637168368956,0.5703673497401905
5.638252252826,0.5782354697534923
5.639352252826,0.5255704069321835
5.640353117791,0.5770352743827583
5.641453117791,0.5765944938026306
5.642553117791,0.5527882895882027
5.643608100541,0.5405958655973045
5.644640390597,0.5580708520430883
5.645706716004,0.5445535599940381
5.64674779109,0.5740143750575912
5.647845688934,0.5749090273722395
5.648945688934,0.5371712999675342
5.649973852461,0.5648576163169016
5.651055404064,0.5526848171763313
5.652114108754,0.5285441983615947
5.653126956312,0.5373168629926812
5.654156955776,0.5343842130079353
5.655181696318,0.5227558679640492
5.656184492267,0.5732676971490549
5.657284492267,0.5731962607553772
5.658384492267,0.5731139655144172
5.659484492267,0.5729422889422323
5.660584492267,0.572792481594027
5.661684492267,0.5727674859560077
5.662784492267,0.5727308064711293
5.663884492267,0.5413161670057715
5.664924456162,0.09993998801809993
5.665116502888,0.5374285214792365
5.666149518915,0.5471622127104925
5.66720162193,0.5308022437273406
5.66822270229,0.5349399692769463
5.669252353285,0.5239939916378598
5.670261562031,0.5268484769405698
5.671276892427,0.5364700593576107
5.672311292265,0.5352238839185461
5.673343702284,0.5540085358484649
5.674412854484,0.5627777696534942
5.675499772256,0.5178196643006902
5.676500899852,0.5367267321342358
5.677539457895,0.5635532886751402
5.678630996059,0.5659307666763878
5.679730996059,0.5634098021967089
5.680830996059,0.5496397936137192
5.681906542823,0.5558904867543221
5.682995580936,0.5609630406004957
5.684095580936,0.5605507344530148
5.685195580936,0.5601727173686778
5.686295580936,0.5597758697132678
5.687395580936,0.5166309583225321
5.688411637912,0.5587614665203072
5.689511637912,0.5163912317295763
5.690529217026,0.5576871243251662
5.691629217026,0.5071527289160954
5.69263057238,0.5386425951342
5.693695116782,0.5134680005227098
5.694710977727,0.5199712357653764
5.695740831692,0.5547557256098952
5.696840831692,0.5540638329067243
5.697940831692,0.5200982478059792
5.698974630203,0.5393172946136069
5.700047559294,0.5527531815321738
5.701147559294,0.552723340585989
5.702247559294,0.5179801817393344
5.7032786208,0.5524015893009567
5.7043786208,0.5521685889087534
5.7054786208,0.5078759527016987
5.706490641639,0.5132408736877994
5.707513569946,0.5065517994248189
5.708523618677,0.5237353483590423
5.709568391951,0.5510215817509928
5.710668391951,0.5505624595774156
5.711768391951,0.5503895396056298
5.712868391951,0.5059021400039005
5.713879698733,0.5500417933749157
5.714979698733,0.5497060126814627
5.716079698733,0.5495703108791652
5.717179698733,0.5024551562329447
5.718185557407,0.5492496050974451
5.719285557407,0.5121570163982136
5.720311493361,0.5035317044687828
5.721320440417,0.5312886780220983
5.722385440417,0.5111602394022281
5.723410769838,0.5029602709219357
5.724420048684,0.5251301973542759
5.72547406491,0.5034585888540617
5.726485167632,0.5013847045771332
5.727492658392,0.5295993890159959
5.728557388712,0.5188763633314434
5.729601164125,0.5170574560267086
5.730642111239,0.5052954324647106
5.731660113189,0.5133789129536648
5.732695085437,0.5133054370657607
5.733730893877,0.4975405217787174
5.73473559082,0.5046160983284723
5.735757036868,0.5109460158712565
5.736796221079,0.5133230006900964
5.737843447584,0.5054967043306559
5.738875537627,0.5087029345679611
5.739914697296,0.5084441694862248
5.740953857874,0.508198289110702
5.741993010697,0.49941489125910826
5.743014784966,0.5225603821869508
5.744085000987,0.5070441717550997
5.745124869364,0.520563168888892
5.746193602952,0.5001303837939686
5.747220845737,0.5056598924746893
5.748259877028,0.5010164228619086
5.74929003713,0.5048579930181457
5.750328765024,0.508515449154101
5.751375837372,0.48548236896971203
5.752376318837,0.5078469047061315
5.753423377721,0.4932567531030264
5.754440696464,0.5035068977035122
5.755479702307,0.4966709426508585
5.756505151094,0.4900788123063855
5.757517366762,0.506800041648765
5.758564400831,0.49286709033490983
5.759583115093,0.5119686104103393
5.76064210318,0.4913329311743367
5.761659150218,0.5030809255372655
5.762701038658,0.5155697652347634
5.763769499954,0.5008923487795905
5.764808471226,0.48585995296485135
5.765816921429,0.5004141411978207
5.766855884339,0.5011958079663
5.767896696577,0.5076525681289678
5.768951114341,0.48854948710707885
5.76996592404,0.5008691504460205
5.771006553747,0.5002626571797879
5.772046111649,0.49246339254140115
5.77306942092,0.48929271633111393
5.774086188035,0.529359557203435
5.775186188035,0.4866643860965425
5.776197491412,0.5048257218402774
5.777246657203,0.5293060833712327
5.778346657203,0.5025255843311975
5.779390929789,0.5086697406922146
5.780448034725,0.5123279891126714
5.781512899102,0.4961037065965406
5.782544234654,0.5083480585171234
5.783601241305,0.48836331665837657
5.784616826378,0.5288429610111717
5.785716826378,0.4942735287194886
5.786745127498,0.5118052438816264
5.787810127498,0.5284527184103253
5.788910127498,0.4823760910901146
5.789914522171,0.5280814719158284
5.791014522171,0.487444757066743
5.792030142947,0.4812669993922024
5.793033187815,0.4894865799033342
5.794053910201,0.519302342142578
5.795137183108,0.5027021347970012
5.796186169772,0.4934827502320171
5.797216198456,0.5268707170582976
5.798316198456,0.4807512606715379
5.799320633054,0.5181283595550824
5.800404687184,0.523164204879155
5.801504686955,0.47330891087011223
5.802504686955,0.5008642053215012
5.803564164509,0.47239411936839265
5.804564164509,0.4721354845709304
5.805564164509,0.4855054164120181
5.806593016241,0.47279026410354924
5.80759569963,0.4723539629759195
5.808598377224,0.4798134838460054
5.809617610736,0.4718216267789646
5.810620276734,0.4810051290240377
5.81164293416,0.49191028017191657
5.812689386436,0.4843625589789123
5.813720369434,0.4707591910013659
5.814723006857,0.4703780174709354
5.815725636463,0.47006913868169936
5.816728261958,0.48732475458872737
5.817768343344,0.4958596706453559
5.818827500031,0.47880866925521776
5.819850731816,0.49277521534074054
5.820904291873,0.4782934373074788
5.821927506638,0.49217355446851135
5.82298105189,0.08144857719363527
5.82315546788,0.47908498561728596
5.824181838048,0.47733068308810667
5.825205032923,0.4735710093030274
5.826220608324,0.4835966301126377
5.827257955161,0.47680840275585745
5.828281131112,0.4906983261522984
5.829334630892,0.46718759127266235
5.8303380038,0.4881035889165905
5.831386677799,0.46650611149590904
5.832389218482,0.48707375309751144
5.83343627929,0.4711816519149012
5.834449661186,0.48885286447817383
5.835501572197,0.4674898808202759
5.836507889433,0.46924631410831935
5.837518395652,0.47030528866773735
5.838531753986,0.4778840848743877
5.839561874149,0.46837145816096737
5.840571808327,0.4717049785236552
5.84158920837,0.47211617960889957
5.842607694188,0.47269167558249464
5.843627650055,0.46569922183682383
5.844632819724,0.4753069694358412
5.845659093982,0.47746988588439027
5.846690195195,0.47589690809270585
5.847718219556,0.4703259531012562
5.848734656086,0.4628401105833461
5.849735245606,0.46577156749434034
5.850742524327,0.48015109315090687
5.851781276568,0.47653300724884523
5.852812521519,0.46653574207945764
5.853822482792,0.46726166495453697
5.854834433324,0.46942258171139517
5.855851314446,0.47623804065686187
5.856883299933,0.4668356638128793
5.857895410141,0.4784193564270693
5.858934230541,0.47813628195355184
5.859977476803,0.46624996441970334
5.860998887825,0.472196352399691
5.862034381559,0.4556128947056851
5.863034381559,0.46049278257625637
5.864045701831,0.45512606716187265
5.865045701831,0.4549563058845415
5.866045701831,0.4547707280342534
5.867045701831,0.45461500636513125
5.868045701831,0.45451956605930566
5.869045701831,0.4543928619373456
5.870045701831,0.4542021217889393
5.871045701831,0.4540420161522657
5.872045701831,0.45388961406840406
5.873045701831,0.4824568575122425
5.874108990055,0.45359255577521984
5.875108990055,0.47932529912314886
5.876166179908,0.4767536768220681
5.877218087036,0.45388361491295554
5.878220144761,0.4892140889430439
5.879302222826,0.4511637001281623
5.880302222826,0.45066456610677036
5.881302222826,0.4824765033305766
5.882373655714,0.4499755034672496
5.883373655714,0.44970226760741094
5.884373655714,0.478668679628227
5.885438655714,0.4491353321513204
5.886438655714,0.44887902447386024
5.887438655714,0.4516200529399846
5.888445237651,0.47234223040634804
5.889498571619,0.44822977232972
5.890498571619,0.4480815461162993
5.891498571619,0.44788814910154506
5.892498571619,0.45271941635189517
5.893509894026,0.4648584002995122
5.894548841719,0.4481938716807025
5.895551012803,0.44798862038595666
5.896553180141,0.4477697054657134
5.897555340601,0.4490947184348123
5.898560898658,0.4474039900761139
5.89956305105,0.4618657800324553
5.900598053289,0.44699752728110786
5.9016001954,0.4467857809580716
5.902602334639,0.446582340332106
5.903604464045,0.44643156831999475
5.904606673718,0.4751034443696533
5.905673731577,0.47028186520904947
5.906730473454,0.4652160817288365
5.907776264153,0.47392408813359765
5.908842046807,0.45044595014666305
5.909855550079,0.4587653447347477
5.910888205304,0.46723333005122725
5.911940433989,0.4594230938473327
5.912975541336,0.4592648366292803
5.914010635074,0.4580693470225818
5.915043632419,0.46104023376904124
5.916083861104,0.45456609326970054
5.9171099512,0.4547163603830686
5.918137036233,0.46865292782843465
5.91919611978,0.4529925360938369
5.920220263936,0.47567661413317675
5.921296120484,0.45007695451895835
5.922314440556,0.45722748901461907
5.923349447203,0.44752898688453435
5.924362957993,0.4489771462293445
5.925380184753,0.44132277178886437
5.926380566607,0.4468567444380048
5.927393906214,0.44607608476251465
5.928405840316,0.44314923543656903
5.92941157558,0.44593390003024796
5.930424137177,0.4427829425309124
5.931429845963,0.45246435625092635
5.932457651761,0.4567263131145332
5.933495478248,0.4672901663942373
5.934557668829,0.4425401745188591
5.935563955384,0.44227799318558925
5.936570233776,0.45036705527249177
5.937595728992,0.43880304197534925
5.938595728992,0.44877569262129685
5.939618790801,0.44506136931199175
5.940633688436,0.44537201864968784
5.941650112425,0.44481821031426755
5.942667102911,0.4350368843511004
5.943667102911,0.4330310945683691
5.944667102911,0.4325823616375973
5.945667102911,0.4323344271636436
5.946667102911,0.17289436836152614
5.947067102911,0.4322074895703572
5.948067102911,0.460163782309503
5.949132102911,0.43675957268960597
5.950143226548,0.4701480707394473
5.951231431834,0.4481706277033585
5.952268832382,0.4573527285475235
5.953327595676,0.4320411907797064
5.954327595676,0.4547717312124558
5.955379858512,0.4394169945416603
5.956396503574,0.45296728930049673
5.95744465321,0.438777179759965
5.958459906934,0.4361769316465202
5.959469089899,0.43230206675200483
5.96046929742,0.4605622649719918
5.961534587938,0.433313495662386
5.962536427038,0.4334652233057077
5.963538259311,0.4336070198318466
5.964540079929,0.43375119512523497
5.965541896347,0.43397744853191106
5.966543710337,0.4342539061944699
5.96754551934,0.4380840039465904
5.968555309788,0.44245540920624765
5.969574309505,0.46254633272263074
5.970639738071,0.45403941503111084
5.971689785626,0.43184375537101366
5.972693158367,0.45430404916643696
5.973750532007,0.4602276246713691
5.974822569569,0.45333923043831187
5.975878959766,0.43318779401261726
5.976888749972,0.43941725449252866
5.977913363211,0.46106793401616203
5.978988696454,0.4515674942725027
5.980042124224,0.4567272201565643
5.981107933559,0.44610911263543673
5.982149265068,0.43341327620926423
5.983161256717,0.4458401650388146
5.984202578964,0.45642542933669883
5.985268889873,0.4492648492334879
5.986318867145,0.4277800033563987
5.987319068208,0.4289581290647784
5.988322372532,0.46119656022702804
5.989401385409,0.4449818466625986
5.990442687056,0.4323302040933301
5.991454636399,0.4278027378473518
5.992456313295,0.4276966876455968
5.993457984761,0.42758184776426394
5.994459650543,0.4274175172011167
5.995461311317,0.4272511006450123
5.996462966868,0.43120189308299706
5.997474317718,0.4268280200282588
5.99847596344,0.42641715043386763
5.999477130656,0.43323773554983686
6.000494801984,0.426175992701104
6.001496431619,0.42603281975939844
6.002498055384,0.43942448561546504
6.003531498265,0.4400794286808931
6.004567064797,0.4386970741055477
6.005599849392,0.4252896465446382
6.006601448853,0.4313299173665933
6.00761780083,0.43578104190832817
6.00864519968,0.42700825204717563
6.009652488047,0.4283029516368478
6.010663397667,0.43000617515457984
6.011678834076,0.4253742287383084
6.01268392839,0.4271024804060358
6.013693475648,0.42816512177989974
6.0147058684,0.43890135107151457
6.015744274329,0.44153012215995535
6.016789340689,0.46148555144271364
6.0178820517,0.4254184352518938
6.018889889113,0.4263604676645026
6.019900412826,0.42173995478722914
6.020900412826,0.42298856500063076
6.021903862112,0.45628218677648147
6.022987111291,0.4191387358124511
6.023987111291,0.41666499561636877
6.024987111291,0.41582268575040204
6.025987111291,0.41550651153297957
6.026987111291,0.41901113523653855
6.027996134394,0.43013325068007263
6.029032623089,0.4517874659945758
6.030121942838,0.41453445491341795
6.031121942838,0.41440995182365176
6.032121942838,0.4142998539492316
6.033121942838,0.4142016982623594
6.034121942838,0.41615564035995617
6.03512686269,0.44565897094630547
6.036203475428,0.4263977084110942
6.037234040033,0.43353945401053107
6.03828218217,0.4488156507059543
6.039367542303,0.41402146397611334
6.040368949933,0.4278938036062929
6.041404105032,0.4138672158294553
6.042405502759,0.4138883380836224
6.0434068995,0.4139091263195909
6.044408291139,0.41386446990420095
6.045409677844,0.41530287794932075
6.046414525587,0.4172138851926981
6.047423880508,0.4184059459560113
6.04843608513,0.42665602206424674
6.049468252184,0.42475100136188215
6.050495782795,0.42080207447681156
6.0515136187,0.4311702486339586
6.052556379443,0.4461950366254023
6.053635613057,0.42607490794948577
6.054666350528,0.4244647904558694
6.055693280026,0.4218595716777811
6.056714064122,0.4200437040593685
6.057730529995,0.42148091043009267
6.05875062869,0.42290399511994764
6.059775050821,0.4309329861628243
6.060824675168,0.41749008081674766
6.061847612714,0.4147254604376079
6.062865510474,0.4272824433823992
6.063915118261,0.44464665401027104
6.065008202367,0.4311440858476975
6.06606886953,0.41902811832691333
6.067100366529,0.42264448367643775
6.068141379215,0.4104407001485121
6.069152893083,0.4418378366849792
6.070242381118,0.41812422227832513
6.071273860401,0.41378649143693885
6.072295117324,0.4094687778019709
6.073306231817,0.4069440217986315
6.074311556268,0.4156973166210195
6.075339072134,0.40482633592226647
6.076340290177,0.40461523552237744
6.077341503749,0.40438742412418605
6.078342711663,0.4041453059096678
6.079343915853,0.42758347873300384
6.080403868726,0.4431690307939426
6.08150309096,0.040304408954902435
6.08160309096,0.4028882592102473
6.08260309096,0.40266041833583477
6.08360309096,0.43974151952158885
6.084695776079,0.4022021924314384
6.085695776079,0.4020509546112375
6.086695776079,0.4216430959069765
6.087744921551,0.44124468974711484
6.088843535977,0.4317606332950754
6.089919122912,0.401248416289815
6.090919122912,0.4367970703974109
6.092008250869,0.4007933066721897
6.093008250869,0.4005434981044302
6.094008250869,0.4003773749104969
6.095008250869,0.40021907789580236
6.096008250869,0.4000615080352472
6.097008250869,0.3999058503966315
6.098008250869,0.3997435793926393
6.099008250869,0.39955451610150566
6.100008250869,0.3992806400751239
6.101008250869,0.3990330706326728
6.102008250869,0.39879210465114756
6.103008250869,0.4173144114925604
6.104055487316,0.39706124736011794
6.105055487316,0.3946161420587931
6.106055487316,0.4098623389128993
6.107097750116,0.41118637992068263
6.108144465861,0.39253168457886894
6.109144465861,0.3942004127573777
6.11014915044,0.41098187356373994
6.111196977037,0.3920936845184532
6.112196977037,0.4106406532370413
6.113244676478,0.3918125638781394
6.114244676478,0.39584134675625354
6.115255115805,0.3916815975222694
6.116255115805,0.39156962576004517
6.117255115805,0.39145712097023116
6.118255115805,0.4158002021035006
6.119317608031,0.39983228943079935
6.120339654308,0.41035865071045713
6.121389002114,0.40381226883769666
6.122422130939,0.4031438726843098
6.123453988272,0.39108053240561946
6.124455352849,0.39040475253331514
6.125455352849,0.39033225122140996
6.126455352849,0.3902520112917177
6.127455352849,0.3901554243436715
6.128455352849,0.3901409285116101
6.129455352849,0.4030916601116228
6.130488635619,0.3900349994463203
6.131488635619,0.39000944930260906
6.132488635619,0.3898973210038747
6.133488635619,0.3898282621776877
6.134488635619,0.3898053805326814
6.135488635619,0.3897821651903631
6.136488635619,0.41310700822290913
6.137548503046,0.3896966535269968
6.138548503046,0.38961853560470605
6.139548503046,0.3895159995730688
6.140548503046,0.38934403321681654
6.141548503046,0.3891729346938671
6.142548503046,0.4148651057648779
6.143614956535,0.3947690016797904
6.144630154474,0.39261737212315584
6.145640145828,0.3922223494191074
6.146649508991,0.4084432658805938
6.147700987181,0.39825665162442997
6.148726564361,0.40076727450007843
6.149759068856,0.39799367745736347
6.150784925257,0.38830757778002817
6.151786371611,0.3909237916000449
6.152795059231,0.4009839475246472
6.153830185073,0.39970225192645914
6.154862543705,0.3894411010025171
6.155868818726,0.39458465820611205
6.15688906607,0.3848974705526128
6.15788906607,0.38230449876253736
6.15888906607,0.38115151379746304
6.15988906607,0.38542811237326485
6.160901483783,0.39862485440187867
6.161949740099,0.3799293707550958
6.162949740099,0.3885971521345109
6.163973155268,0.37947674947462207
6.164973155268,0.37927852557432984
6.165973155268,0.3791063297079468
6.166973155268,0.37889437572795837
6.167973155268,0.3786754247124801
6.168973155268,0.37843609640680054
6.169973155268,0.3782073423957937
6.170973155268,0.037808830055408235
6.171073155268,0.3844870236525796
6.172090416419,0.39041065253291335
6.173122665361,0.3804054295398782
6.17412672647,0.3826063953736817
6.175135461565,0.38405089514874186
6.176147039145,0.39896326601972093
6.177196841142,0.3809732300385169
6.178198605767,0.4004272398992852
6.179251035873,0.39136518075099924
6.180279334264,0.38636701309044724
6.181294311071,0.3868961103374601
6.18231042429,0.4009635571671671
6.183363256076,0.385240440653838
6.184374775483,0.38396051363424244
6.185382964269,0.3817301066496957
6.186385301495,0.3840258330936736
6.187393794348,0.3890465845655737
6.18841554622,0.3968932035393643
6.189458001414,0.38381518748927107
6.190466469525,0.3887394279484226
6.191488197628,0.3848816019938651
6.19250018321,0.39757548835937506
6.193546309629,0.38026455833687456
6.194550293337,0.3900521162936343
6.195585480722,0.3813291520892016
6.196600019819,0.38024388805101933
6.197611836227,0.39027715096044724
6.198650304744,0.4016372913616822
6.199719300181,0.4000111269572894
6.200784300181,0.3927065137903005
6.201829975042,0.37548768698274587
6.202829975042,0.37534179135533247
6.203829975042,0.37516689468370135
6.204829975042,0.3750342108156874
6.205829975042,0.37483913257358825
6.206829975042,0.3745694597960166
6.207829975042,0.3743421633650861
6.208829975042,0.37410958387671583
6.209829975042,0.3738294013489964
6.210829975042,0.3868002983887228
6.211865464497,0.39776303764502446
6.212933015508,0.37049751126936037
6.213933015508,0.3688770575022735
6.214933015508,0.3735282751522925
6.215947338212,0.3792374359085734
6.21697859134,0.36736437116165066
6.21797859134,0.3670370531717535
6.21897859134,0.3667206637134597
6.21997859134,0.3664017237567834
6.22097859134,0.36608577702407863
6.22197859134,0.3955561762447112
6.223059834778,0.3746808450695719
6.224084834778,0.36524791610168794
6.225084834778,0.3651881633688763
6.226085345092,0.36484431906635967
6.227085851197,0.3644982194081068
6.228086353076,0.3642196928427677
6.22908685281,0.363925605017171
6.230087349498,0.3636393867316264
6.231087839256,0.39248568168548836
6.232168546693,0.3630100226147568
6.233169029334,0.36492725695219974
6.234175657459,0.3623914921915728
6.235176132585,0.3620980534396021
6.236176603222,0.36179767094697407
6.237177069598,0.3615046519135976
6.238177531726,0.3668608786232711
6.239193595386,0.37862264830034237
6.240243028579,0.36915083765423357
6.241266910483,0.3604279825573484
6.242267346112,0.3679559438589213
6.243289373536,0.3826421328358585
6.244352991017,0.3636038216092034
6.245364440154,0.3669405769691204
6.246385701596,0.3788828287973701
6.247440891146,0.37400789032022297
6.248483124796,0.36236909898306807
6.249493330947,0.37346206093612533
6.250535121203,0.37521222516587144
6.251582498312,0.3597030004558515
6.252587120957,0.3732795004390753
6.253630288992,0.3672920651498497
6.254657375641,0.3627422810116823
6.25567242257,0.35787209618530913
6.256674561714,0.37576005531074796
6.257727576141,0.3642189243443418
6.258748920249,0.36647368085201043
6.259777945811,0.3604999233533358
6.260794316122,0.35334621878146516
6.261794661922,0.3534351196662672
6.262796939325,0.35572514309709735
6.263806355605,0.36222740777250273
6.264834411358,0.35712220155076146
6.265848327914,0.35941355243551065
6.266869279795,0.38076425645000256
6.2679512501,0.3560847960570874
6.268963306397,0.3524196626969244
6.269965228658,0.3613351659862472
6.270992827997,0.3565463196907759
6.272007207559,0.36230262453107775
6.273038457379,0.35323097096181016
6.274044375239,0.35160629686921524
6.275046095058,0.3616826068031998
6.276077002007,0.3588064582111558
6.277100315447,0.37579033233778414
6.278172779433,0.3795648546183802
6.279256692299,0.3593926590458445
6.280283536512,0.3611337636565529
6.281316156894,0.3604553236638898
6.282347781864,0.3492020903792317
6.283347781864,0.3661891814156324
6.284397083132,0.348711978572458
6.285397083132,0.34855057544981166
6.286397083132,0.34835533097900157
6.287397083132,0.348073962309655
6.288397083132,0.34781708875461115
6.289397083132,0.34756040120733084
6.290397083132,0.34966996629596697
6.291403819237,0.3536624186846366
6.2924243445,0.34452268195212776
6.2934243445,0.34285834270649623
6.2944243445,0.34234659906859194
6.2954243445,0.3517226384151563
6.296452712302,0.3425208654321374
6.297455096478,0.3414638647008396
6.298455265021,0.34123518433194194
6.299455426437,0.36519910730147803
6.300526574489,0.35791939154903446
6.301577012853,0.15337324622120985
6.302027314503,0.3423129729114759
6.303032799008,0.3426130295495681
6.304039890837,0.3562602797372944
6.305087867195,0.3417939047662059
6.306093876941,0.3406704226186675
6.307097160655,0.3412031244544504
6.308102613328,0.3598135125063741
6.30916354728,0.3390266819861186
6.31016354728,0.33889936491597394
6.31116354728,0.3386454532213311
6.31216354728,0.3384128780407997
6.31316354728,0.33822688242563825
6.31416354728,0.3380224307303939
6.31516354728,0.3378578265441421
6.316163632569,0.3528307695378028
6.317208672406,0.3374412897127141
6.318208751921,0.3373204697553664
6.319208825696,0.34594968660850584
6.320234806103,0.35390516625752794
6.321284976512,0.34266748916300016
6.322302440246,0.33897302345097563
6.323309376744,0.355245812792871
6.324365362653,0.34279357847047104
6.325385585043,0.34215182860939414
6.326405796426,0.3474994775008924
6.327444414339,0.33787653362388853
6.328456441086,0.3391271168564415
6.32947386762,0.3403431727249358
6.330496209384,0.33660205045043873
6.331508225019,0.3451775768514761
6.332546822754,0.3361027418117483
6.333558829522,0.3485771380473476
6.334609083108,0.3383503794777758
6.33562925666,0.34800586583116633
6.336679348036,0.3378425488630354
6.337699511896,0.34753976600314
6.338749588637,0.3341260040151183
6.339759659865,0.33727966562486505
6.340779801368,0.34693677704015435
6.341829857713,0.3368365439485637
6.342849991243,0.33058170896509315
6.343851710656,0.3364517949844261
6.344871836118,0.3461098660122471
6.345921873465,0.33513312673824375
6.346939209191,0.34226716045862693
6.347978908034,0.3516549243873077
6.349047811879,0.3616801884940831
6.350147763578,0.34024941227207167
6.351182981394,0.33046594020544484
6.352188611755,0.34271799541315645
6.353231601541,0.34920717127812906
6.354294585694,0.33105378033699717
6.355302478478,0.33886319102940576
6.356334180522,0.34779473418366486
6.357393228159,0.3285402902460266
6.358393777532,0.3451811633306333
6.359445011086,0.33167228491622724
6.360455087911,0.32928415456010623
6.361457880271,0.3331128646185703
6.362472277523,0.33821314412813064
6.363502294172,0.3327050325773264
6.364515614337,0.32872669464414167
6.365516873488,0.329608963433579
6.366521062037,0.33455936851375756
6.36754047544,0.3448591936890931
6.368591360565,0.33252238620733443
6.369604827808,0.3390420090503944
6.370638426194,0.3285785216207117
6.37164034978,0.33083659889385264
6.372649312951,0.3305704198545714
6.373657566356,0.34751860828299325
6.374717416967,0.3456336779288759
6.37577141536,0.3397104044426023
6.376807358323,0.33463671573129894
6.377827857901,0.3544090274463233
6.378908855125,0.3377652464189184
6.37993959959,0.3408974726108408
6.380980586886,0.334193731524527
6.382001573043,0.3373408758488779
6.383032310631,0.34363872963747977
6.38408304665,0.33374292570923075
6.385104025284,0.33688966422924815
6.386134757359,0.34324794642312717
6.387185487688,0.33605154982544694
6.388214929244,0.33228072955308646
6.389234686042,0.32427872591552637
6.390234686042,0.32284495174979533
6.391234686042,0.3224685368560159
6.392234686042,0.3222202426607455
6.393234686042,0.3219862897182356
6.394234686042,0.3218519826886438
6.395234686042,0.32167618945886883
6.396234686042,0.3214821707047252
6.397234686042,0.3212556007176648
6.398234686042,0.32092131784049616
6.399234686042,0.32280802404487696
6.400241822044,0.3200931633601883
6.401241822044,0.3264456576497445
6.402262762385,0.31947833074372317
6.403262762385,0.3192160055155133
6.404262762385,0.31893781543110866
6.405262762385,0.3232064336249
6.406277007668,0.32194670576874607
6.407288081421,0.31818472027576566
6.408288081421,0.33570839780551687
6.409343659722,0.3234482553315193
6.410360931622,0.3178465948824646
6.411360931622,0.31765903461140854
6.412360931622,0.3173818382912478
6.413360931622,0.31768075950097363
6.414363006222,0.3225187617291122
6.415381481928,0.33173709746658064
6.416429991817,0.32529479843031384
6.417458653248,0.31855134353099007
6.418466230873,0.3161139231588607
6.419466519779,0.31871457957272403
6.420475455411,0.3179606570825478
6.421482323355,0.3175219732169253
6.422488119328,0.32109481426582037
6.423505493628,0.2027313324635627
6.424148002817,0.33580439974910203
6.425212625954,0.32908162219002113
6.426256338181,0.3190348262898791
6.4272686359,0.32323736859015373
6.428294785385,0.32705733668427134
6.429333553143,0.31922901099905443
6.430347934461,0.3193177522365325
6.43136311082,0.3163100786471036
6.432369221842,0.32072732543397486
6.433389723567,0.31842251523349724
6.434403291837,0.3183206294211302
6.435416967227,0.3139487561199877
6.436417138955,0.3192144340711913
6.437434712757,0.3194732654681869
6.438453595682,0.31470152380862587
6.439457498519,0.3145875273625926
6.440461496543,0.3219347711183822
6.441489481062,0.31579747996693397
6.442498219706,0.31303553328299355
6.443498512424,0.3157860310799544
6.444508031964,0.31339656730665855
6.445510370136,0.3197020084226405
6.446533128801,0.32498614105341833
6.44757306861,0.3174929780810898
6.448589547657,0.31344640673822916
6.449593305256,0.31629527825764076
6.450606371032,0.32331945872446083
6.45164224884,0.32202948206699067
6.452674353545,0.31718199012002807
6.453691254463,0.3159358904753763
6.454704472039,0.31455961320823805
6.45571362429,0.31256935880986225
6.456716641549,0.3138135322767622
6.457724028768,0.3197208166587897
6.458750882765,0.3123716071731346
6.459754559865,0.3111341191827968
6.460754565792,0.31185997013936373
6.46175716401,0.31231897088682015
6.462761558979,0.31219766533942067
6.463765938592,0.32603063066566346
6.464815301039,0.3300222599444999
6.465877670635,0.32216775710849477
6.466914879598,0.31519318029007054
6.467930124215,0.3114276172748944
6.468933774368,0.31584283317696765
6.469952189941,0.3182121838740943
6.470978984287,0.3143161661936705
6.471994185903,0.3104029109935148
6.472997790235,0.31578828391821556
6.474019986505,0.3119939187366449
6.475031142091,0.31698832915585456
6.476059787862,0.3383868832156414
6.477159178123,0.33741038983374383
6.478256548774,0.31313585462399735
6.479275919925,0.30697520023807706
6.480276141018,0.30671636576556566
6.481276358703,0.3108896990713379
6.482291152079,0.31340675562409287
6.483316075322,0.3048003482522163
6.4843166471,0.3185105900445055
6.485365849903,0.30380850098452744
6.48636806825,0.33038047845024654
6.487459157876,0.322258632226492
6.488524552344,0.3129717694553813
6.489560203822,0.3113980189335726
6.490591510881,0.3139745476063507
6.491632058752,0.3048246469508909
6.492642877116,0.3150389372709217
6.493688347836,0.31684894995271273
6.494740529303,0.322300391972194
6.495811328774,0.31299899296286204
6.496851859183,0.3038824787348023
6.497862650916,0.31266154821361225
6.498903176365,0.3035226326940952
6.499913960995,0.31224113466511144
6.500954481756,0.3031295249383788
6.501965259247,0.3118291630537611
6.503005774702,0.3027020682293593
6.504016544204,0.31144304335622014
6.505057054668,0.302390623217583
6.5060678167,0.3110810152422254
6.507108322441,0.3134374569201406
6.508157437047,0.30853278050358734
6.509190790829,0.19010829982863411
6.509827846379,0.30335192644691533
6.510844834762,0.30160251986714404
6.5118565473,0.30243999703028973
6.512871605798,0.30512142045698626
6.513896186126,0.3062659590638075
6.514925232614,0.29821661424116874
6.515927779412,0.30305120904456806
6.516947060499,0.3117708333114047
6.517995950517,0.30860196405706763
6.519034526851,0.30224856132511346
6.52005224333,0.29946792558030166
6.521061081528,0.3081476990691543
6.522099639802,0.2975683575654424
6.523102971764,0.2964679992146839
6.524103077728,0.30754724229055935
6.525141001433,0.2976250091415871
6.526145853843,0.29646633131300826
6.527147361488,0.3041099198863525
6.52817534145,0.30268534013834913
6.529199180226,0.3063098873197796
6.530235977685,0.30601612789263993
6.531272441272,0.3027532389886659
6.532298474626,0.30834216239999385
6.533344144879,0.3043563019152515
6.534376948236,0.2980015695400629
6.535388798934,0.3056491794421667
6.536427231014,0.3080406028122722
6.53747432114,0.30249215458029344
6.538503146946,0.30811140877822063
6.539551774618,0.2956485184245287
6.54055855573,0.2995027435309685
6.541579081296,0.306173482825423
6.54262313232,0.29409161585447685
6.543626677489,0.3125938053904721
6.544694043598,0.3005652936314026
6.545721086193,0.3000471597360104
6.546746939033,0.3030756204357342
6.5477837612,0.30237058178732945
6.548818935645,0.2950214737144169
6.549829559533,0.3002055905219098
6.550858741697,0.29361953982887695
6.551866168585,0.2923805706334112
6.55286996305,0.29322330719645595
6.5538773225,0.29657862566293663
6.554896996415,0.298812753752084
6.555925054942,0.29185279375497836
6.556929816313,0.30102154564869127
6.557966862105,0.3005015878303998
6.559002801792,0.2914272897906717
6.560008142038,0.29551107777589136
6.561028172487,0.29095830188432054
6.562032981605,0.2988103298910562
6.563065534981,0.2945019487333296
6.564083832769,0.3006678620672264
6.565123840177,0.29816576953856144
6.566155689724,0.30344623176217406
6.567206521497,0.2893412567479414
6.568208835786,0.3049246387894668
6.56926561576,0.30198202503452215
6.57031290919,0.28873787696240444
6.571314860789,0.30207337830404507
6.572363774422,0.28838856516674327
6.573365720588,0.30170915259345343
6.574414628527,0.2879909772271607
6.575416569427,0.29621114958022854
6.57644768121,0.3018611255491785
6.577499094895,0.2931717356705155
6.57852097726,0.2956977907956269
6.579552387235,0.3012318683137508
6.580603795718,0.29259212536285084
6.581625671362,0.29515792373001076
6.582657076361,0.29796196155153876
6.583698947419,0.2887851157660952
6.584709423325,0.297141402725238
6.585749738275,0.291238977749136
6.586770050721,0.2882501571036184
6.587780515891,0.29282208702122037
6.588807555352,0.3008400372827129
6.589863729999,0.1338543401861408
6.590333880124,0.2956704762953925
6.591372532809,0.2983918034696813
6.592421383952,0.28485565357254145
6.593423271418,0.28885517451925574
6.594439916169,0.30392193450459604
6.595510351138,0.2951383439041273
6.596550638943,0.28646139535657666
6.597561067418,0.2947387816458776
6.598601350858,0.286121838023592
6.599611772588,0.29441051178386246
6.600652051488,0.2857704320520611
6.601662466473,0.2940104920208569
6.602702740794,0.29469850572171136
6.603746188245,0.29092274979777255
6.604776914488,0.28502407331682506
6.605787315948,0.2932584081884677
6.6068275814,0.28466574176428955
6.607837976162,0.3029539145468211
6.608913889372,0.2950058843557099
6.609962691589,0.29937484728597946
6.611027701848,0.2889540371596481
6.612055841209,0.28092764573154
6.613056002363,0.28086974867895026
6.614056507009,0.28744058266844574
6.615081017757,0.2874100496553259
6.616106063259,0.2926133848653965
6.617150354869,0.28343959677059294
6.618162548451,0.2927670343377421
6.619208672161,0.2830914451123926
6.620220854859,0.28224665928524867
6.621230645408,0.29059580212561753
6.622270995951,0.2865754621477679
6.623297837322,0.28504503552530197
6.624320204011,0.27870240885572567
6.62532089638,0.2786145124201227
6.62632242075,0.2891227790530951
6.627362953769,0.28335597505780624
6.62838395136,0.2828601234940836
6.629404327916,0.2797557797952959
6.630414555383,0.28139322952455725
6.63143157688,0.28273891268227364
6.632454282929,0.28923811939245153
6.633501376712,0.27698163992204283
6.634504833637,0.2762906910047634
6.63550645373,0.27983904170937446
6.63652166144,0.2784987966861194
6.637532664719,0.2757196498390587
6.638534263028,0.2792440756866063
6.639549455673,0.2810138683796416
6.640571901941,0.2788264804903458
6.641587042197,0.2806468611835996
6.6426094217,0.2850424831903913
6.643648504179,0.2877588361357642
6.644698070717,0.2831175250267347
6.645731250708,0.2800379806346976
6.646753956827,0.28049131081283174
6.647779113537,0.27883941148199587
6.648798818089,0.2775216024979939
6.649814081266,0.2735445255258229
6.650815160075,0.27711057187742155
6.651829626627,0.28355012765340837
6.652868087226,0.2731908056536735
6.653869307426,0.2781326586679487
6.654889240772,0.2751581891069457
6.655898668493,0.2737258707007916
6.65690326732,0.28272298282316627
6.657941265003,0.27246574245429284
6.658941894663,0.27675244332856047
6.659958804393,0.2788160047149013
6.660983741982,0.2858351205614578
6.662034833217,0.28525324504390376
6.663084271356,0.27386709218050054
6.66409216685,0.28448973530247
6.665139127522,0.2762610572277201
6.66615558763,0.2776301373986303
6.667176416824,0.2758824983050231
6.66818942556,0.27988735831510225
6.669216132408,0.2868978637304455
6.670268443889,0.2806695889783724
6.67129760769,0.27523686190548313
6.672306297468,0.28218615833666966
6.673340228328,0.20020548235684082
6.674073584506,0.2762244880810898
6.675085197365,0.2739914204837733
6.676088618591,0.27936273943322365
6.677111515853,0.27838699500586833
6.678130742762,0.29151207728807965
6.679197749147,0.2874841231032315
6.680248966073,0.2791088200278877
6.681268154576,0.2854378931173884
6.682309032164,0.28443512385715247
6.68334479931,0.28512553433734483
6.684381063749,0.28983883529993754
6.685431976359,0.2811362757566132
6.686449205968,0.2895629114604748
6.687495245186,0.28856083504586216
6.688536083194,0.2889882179972728
6.689576918315,0.2892177783600409
6.690617750256,0.28928435958401033
6.691658578986,0.28941692175352646
6.692699404711,0.10037190163326588
6.693060201044,0.2805470244947169
6.694068960867,0.29728175436876836
6.695138998964,0.2912869350414625
6.696189034376,0.28805650989990017
6.697227543261,0.28838241672879994
6.698265639389,0.28143658136914096
6.699277199356,0.2926717402065853
6.700327222921,0.28996328244421116
6.701365717282,0.28764796669747916
6.702395077596,0.2816118249986795
6.703403484951,0.2863710545971566
6.704431332691,0.28126237617272526
6.705442870426,0.27838332358148116
6.706444478762,0.2853880401370942
6.707471456535,0.28755774591636407
6.708506324565,0.29057952350325106
6.709551896579,0.3011414670810961
6.710635339859,0.3058280548624657
6.711735339859,0.3059550620519096
6.712835339859,0.3060914926545543
6.713935339859,0.3061769436668133
6.715035339859,0.3061819251634489
6.716135339859,0.3060507135744615
6.717235339859,0.3057705795762808
6.718335339859,0.28963635063326215
6.719378245438,0.305279800162637
6.720478245438,0.30508816387447896
6.721578245438,0.3048857095134256
6.722678245438,0.3045640096866532
6.723778245438,0.2832011747128367
6.724803245438,0.30277833856700287
6.725903245438,0.3013106432947966
6.727003245438,0.2784493534560976
6.728023245438,0.29723071216614816
6.72911362477,0.2995444413241983
6.73021362477,0.29928332070802455
6.73131362477,0.2901918838906133
6.732381032598,0.2988004047061858
6.733481032598,0.2984896356808751
6.734581032598,0.2981544940681308
6.735681032598,0.2978244336242133
6.736781032598,0.29748035930022076
6.737881032598,0.2970977760309665
6.738981032598,0.29681129331068307
6.740081032598,0.29682151448614824
6.741181032598,0.2764641255681101
6.742205427379,0.29641171880250816
6.743305427379,0.2848681408816073
6.744365427379,0.2744842031974571
6.745389279228,0.27733156609224313
6.746426365934,0.266825866009168
6.747426525241,0.2727251622183034
6.748450984677,0.27480905300855
6.749485573892,0.27084400298946204
6.750507336396,0.2702627429321252
6.751528874671,0.2784977131942483
6.752583228671,0.27820139309274516
6.753637563354,0.2665972976503013
6.75464818555,0.26776447378575996
6.755663616244,0.26940766778379627
6.756686449268,0.27015247149695615
6.757713244412,0.2628862164577416
6.758713334266,0.27274225887649134
6.759751956182,0.2818059008129545
6.760826433118,0.2669113566455573
6.761845413514,0.27109411112295956
6.762881629065,0.2630822532532073
6.763888407915,0.2701807300020531
6.764923533842,0.27485773630403565
6.76597780901,0.27046574142340646
6.767016397272,0.27949275769805876
6.768090839504,0.262737057199507
6.769101953422,0.26419648865693757
6.770119480032,0.27156256232054393
6.771166087088,0.2661038766100173
6.772192816929,0.26454669347923887
6.773214934651,0.26053139927782143
6.774222874389,0.2666810145110086
6.77525598042,0.2705630967000437
6.776305480389,0.25935072909795875
6.777312732794,0.2695896394896043
6.778360945143,0.2658025146611472
6.77939559834,0.2591422120247396
6.780405407516,0.25698717421346917
6.781407745141,0.259600683592023
6.782421207136,0.26786865759206935
6.783468032735,0.2666964611519189
6.784511474128,0.2563107304098769
6.785515343508,0.26000656226049096
6.786534579265,0.2766279487540968
6.787619878309,0.2594513437298353
6.788638825804,0.26280691253483623
6.789672245328,0.27015312079033743
6.79073589541,0.2584836696138694
6.791754657504,0.2626527691861967
6.792790703593,0.2545247582136129
6.793795525538,0.2594175428646074
6.794820820616,0.25542903739927547
6.79583165452,0.2540814263387306
6.796838748996,0.2533429766568856
6.797844209786,0.25342468294833753
6.798850551902,0.25708029121389764
6.799871823319,0.26063296203742164
6.80090783838,0.26075033530003744
6.80194513195,0.27198209158991926
6.803027767087,0.26834238454405546
6.804096531538,0.2513511074819841
6.805098242964,0.2604433445121948
6.806136840395,0.2510581340144
6.807138541488,0.26017995723715387
6.808177129074,0.2508004147398152
6.809178822128,0.2598737958982926
6.810217400838,0.2504797046079202
6.811219086213,0.26048111882859165
6.812261441439,0.018585538137583787
6.812335841439,0.25742985203395263
6.813366854918,0.25957492985265496
6.814407360285,0.2741863571017717
6.815507360285,0.25432655063943754
6.816528454812,0.254086688556337
6.817549359098,0.27147872948947654
6.81864181546,0.27291879817084314
6.81974181546,0.2496682703992083
6.82074890428,0.2598583409485087
6.82179732735,0.24983680290306323
6.822805846873,0.2722265060420574
6.823905846873,0.27200794780488435
6.825005846873,0.271766415811738
6.826105846873,0.2715221926957542
6.827205846873,0.2712990410786774
6.828305846873,0.2711015743536089
6.829405846873,0.27089207516972347
6.830505846873,0.2509885007979743
6.831525846873,0.25825223418665866
6.83257616907,0.2580495159084551
6.833626490948,0.2700326411312544
6.834726490948,0.269783115475429
6.835826490948,0.2695265240763609
6.836926490948,0.2621462872651676
6.837997279808,0.2575248611311709
6.839049879433,0.26896963697220366
6.840149879433,0.26881246054667796
6.841249879433,0.2686306249598095
6.842349879433,0.26841422302724766
6.843449879433,0.24917085936715766
6.844471680852,0.2547264276718384
6.84551680156,0.25038627438474853
6.846544608162,0.2492621575062537
6.847568115163,0.25621360387563724
6.848620518211,0.2500482142850091
6.849648407672,0.24882467763150318
6.850671901158,0.24834258332346407
6.851693619134,0.24522237800374402
6.852702710083,0.2527111386834026
6.853742952365,0.2546397437100379
6.854791980617,0.2572647254309206
6.85585263489,0.2458499334096505
6.856867250531,0.24318986065701162
6.857872278018,0.24727739622806696
6.858895165985,0.24190186431160113
6.8598964325,0.24434559402006104
6.860908485245,0.2440691438763459
6.861920235731,0.24458873723077362
6.862934829193,0.2502844917745685
6.863973713659,0.24520561371230745
6.864992179488,0.2462216590676465
6.866015544342,0.254981729259221
6.867076143346,0.24377287951618284
6.868090717147,0.24948931212137837
6.869129581535,0.24445404460053205
6.870148023616,0.24480097361312264
6.871168828005,0.24315536582399416
6.872183222719,0.24192863050648414
6.873192571732,0.2428745339044276
6.874206497309,0.2478999768166758
6.875242146743,0.24191991097225693
6.876253357722,0.240337936213833
6.877258629854,0.24020329841421525
6.878264112673,0.24057529238390207
6.879271747718,0.240928782323287
6.880281494597,0.2430002273882072
6.881300593435,0.24283582948772248
6.882319687318,0.24271325328576074
6.883338776467,0.23887989047492506
6.884342209627,0.24280475649469632
6.885362627716,0.251605917461128
6.886420545348,0.23828966227848644
6.887422973047,0.23914847235004572
6.888429573954,0.2392560524010214
6.88943716134,0.23756213923542793
6.890438116705,0.2392298921091696
6.891446686518,0.23949512258700903
6.892456983053,0.23913952434400054
6.893466635591,0.2393661463072457
6.894477599204,0.2444354473756605
6.895510132029,0.24105876761270773
6.896529119083,0.23795358996895138
6.897535762251,0.2380805773984946
6.898543646225,0.23878819730348652
6.899555193678,0.24788065749090055
6.900606030288,0.24320713568075386
6.901638163909,0.238654257682298
6.902653476145,0.24586141605350822
6.903702405345,0.23974321568745507
6.904726719689,0.2366452442152533
6.905738605649,0.23452135228384097
6.906742274285,0.25198514844491043
6.907821638943,0.2341578783288313
6.90882562404,0.23834078538059167
6.909847890045,0.24426713042903114
6.910895777663,0.25619812151752186
6.911995777663,0.255989766256816
6.913095777663,0.25582035581052737
6.914195777663,0.25569408322566345
6.915295777663,0.25555070282092174
6.916395777663,0.25307106188428496
6.917485777663,0.2524323587274394
6.918573628385,0.25511289769447554
6.919673628385,0.2549638313831568
6.920773628385,0.254794286763156
6.921873628385,0.24198564459146607
6.922918590734,0.25464304812871674
6.924018590734,0.2544583852537822
6.925118590734,0.23925162320188037
6.926153579085,0.25408976471705225
6.927253579085,0.248834397377716
6.928331419939,0.23822615076525833
6.929363849924,0.10845882979084844
6.92983412975,0.23949574257009992
6.930873088359,0.2421015732106915
6.931923924996,0.23516919508579423
6.932945039095,0.23732305031495832
6.933975873231,0.2417807920967942
6.935026706164,0.23483176270589182
6.936047814884,0.2369854327608551
6.937078645053,0.24837020486970485
6.93815974982,0.232084812302574
6.939170765237,0.2389334789419048
6.940212418405,0.23864519741123522
6.941253518706,0.24076874448649557
6.942304342681,0.23158933212329352
6.943315703154,0.24515342620758168
6.944387067538,0.23353445492109887
6.945408156921,0.23122463017317757
6.946419516649,0.2355912157347574
6.94745033094,0.23783882975809367
6.948491414729,0.23089084769386042
6.949502767294,0.23071382327589118
6.950514117124,0.23261658383602957
6.951534656545,0.23419203338147979
6.952562979324,0.23947456221833074
6.953615118564,0.23672309005457742
6.954655783968,0.23491253079721638
6.955689271972,0.23897104421495097
6.956741187476,0.23630177112371525
6.957781628577,0.2287048994307327
6.958788853067,0.23421898044295478
6.959820991861,0.22792840663296768
6.960826248313,0.23577895225893522
6.961866865808,0.24018859642286333
6.962927657665,0.22768943437315592
6.963933792308,0.2303943913102238
6.964952312348,0.23710619654995246
6.966000980442,0.2291644872405691
6.967014950411,0.23469091041444667
6.968053765806,0.22897259061319647
6.969067948489,0.2342801255922784
6.970106409365,0.22955150032919333
6.971124398969,0.2305528975564578
6.972147348825,0.238792866036413
6.973207450313,0.2283447831011104
6.974221614316,0.23376161700649845
6.975260056011,0.22906444637814652
6.976278024182,0.2300337702468033
6.977300955414,0.23824400833051793
6.978361034625,0.22781189148221745
6.979375179597,0.23315917017432597
6.98041360223,0.22841377726784554
6.981431549023,0.22938791241600986
6.982454461346,0.22722707309919685
6.9834681545,0.22418870825053291
6.984468593941,0.22612466786831367
6.985478125965,0.2256383924374317
6.986486127921,0.23043609945089724
6.987516173614,0.22885673667855821
6.988539674657,0.23257394135548698
6.989580326728,0.22914976369552384
6.990606220875,0.23873329509942334
6.991675386073,0.22323010628680423
6.992675407964,0.22539612576997137
6.993685671137,0.2249850989955215
6.994694628935,0.2232261245573241
6.995696318174,0.22344120885521468
6.996699533423,0.22428981907843362
6.997706946708,0.2232688215190251
6.998710365546,0.2279585074496386
6.9997352535,0.22908588763642768
7.000765561026,0.22525231959856226
7.001779270283,0.22652402741281988
7.00279925996,0.22579392225433326
7.003816533563,0.2244240893658551
7.004828134978,0.2238474208141435
7.005837591324,0.22225731854120934
7.006840315476,0.2247150137197449
7.007854654251,0.2268087639989564
7.008879103448,0.22397126473716358
7.009891227077,0.22167088877564295
7.010893475378,0.22252264579776437
7.011900211153,0.2220409853568084
7.01290517332,0.2219736644207433
7.01391013126,0.22146426561441454
7.014913173989,0.10440270902542756
7.015386170989,0.22106299797353304
7.016388227402,0.22169260998873166
7.017393807731,0.22120157932705392
7.018397685315,0.2210865037891565
7.019401558804,0.22185193961228794
7.020409391527,0.22222078115658447
7.021419271985,0.22392662319147386
7.022437248147,0.23882318948633885
7.023523565282,0.22644341628230152
7.024554274122,0.221044129967579
7.025560865885,0.22195139950865564
7.026572043953,0.23501587257648468
7.02764368701,0.22214685783588933
7.02865784898,0.2363053483982911
7.029739394077,0.2285680210903639
7.030790092676,0.22143765205220703
7.03181102281,0.22335962837111573
7.032841719277,0.23621796814100304
7.033932608868,0.22734008451049273
7.03498330342,0.22079554012288152
7.036004227876,0.21617863054385064
7.037004316469,0.22054551107697568
7.038025238527,0.22252396518594894
7.039055928818,0.22668637015509505
7.04010661806,0.22017113086461962
7.041127535372,0.22217436927658651
7.042158222154,0.22632576625213563
7.043208907944,0.21988476102274185
7.044229820801,0.22190450976737178
7.045260504228,0.22605219444003075
7.046311186629,0.21956414173510053
7.047332094946,0.22149088172122625
7.048362775048,0.22569448971516762
7.049413454135,0.22574131075175394
7.050464583881,0.23198444889550257
7.051545486106,0.22110313241709764
7.05257616154,0.22529319983894416
7.053626835962,0.21879843734775584
7.054647733607,0.22078513796001417
7.055678405605,0.22497529233605335
7.056729076595,0.21854076961858826
7.057749969617,0.22052403179270957
7.05878063816,0.22464945939157557
7.059831305709,0.22589101188516014
7.060888313629,0.22013407735759408
7.061918978683,0.23065347355773524
7.062999642648,0.22420971218584776
7.06405030546,0.21783061786799116
7.065071187602,0.21981380416485377
7.066101847986,0.22211789099847187
7.067143657105,0.21333855879151087
7.068144577763,0.21308755805885982
7.0691450531,0.21626986369164705
7.070161020656,0.2131890081850972
7.071162803703,0.22229530565339561
7.072207957686,0.213343966490509
7.073211529318,0.21516524844966284
7.074224012295,0.21397605725125193
7.075231325783,0.21254900739039495
7.076232549864,0.2127848158521979
7.077235326485,0.21223586869191421
7.07823590549,0.2137016170267068
7.079243980545,0.21360958075027447
7.080252051453,0.21230382032547052
7.081254361402,0.21336663706699535
7.082262211886,0.21369696970374485
7.083271940091,0.21254589526133258
7.084276597324,0.21224920450693885
7.085280400741,0.2119234680404081
7.086283138251,0.2113404553015654
7.087283677918,0.21373166986901113
7.088296170703,0.21242180089359936
7.089302928159,0.2123538302069749
7.090309681319,0.21196041825473078
7.091314944321,0.21186655051110562
7.092320203019,0.2131247928034337
7.093331985757,0.1635610420685117
7.094108918329,0.21178110857076576
7.095115337931,0.21090737820915173
7.096118033372,0.21081801142799042
7.097120724613,0.21027100073968458
7.098121218357,0.21175180005535704
7.099129207518,0.21165566017280707
7.100137192471,0.21125427188388368
7.101143900724,0.2111153934828797
7.102150604469,0.21233810311234314
7.103163600531,0.21208154362238202
7.104175813933,0.21336376950687458
7.10519460272,0.21130704319702875
7.106203977643,0.21144992046552522
7.107214481997,0.2128085392479424
7.108231987876,0.21117531607606832
7.10924227265,0.209213246248119
7.110243567875,0.21280617410121042
7.111262333294,0.21071809603471778
7.112271684881,0.21082029578326583
7.113282164038,0.21218579467874707
7.114299642804,0.21058396838829294
7.115309901177,0.2086399509109913
7.116311170117,0.20920265069828198
7.117315371512,0.21008198267382228
7.118324272065,0.2087611787220862
7.119327225757,0.2090509153144485
7.120332102808,0.20817532057059882
7.12133347177,0.21140945608827988
7.122350916922,0.2098480351950479
7.123361141712,0.20791525631465888
7.124362377908,0.2114430502612396
7.125381084751,0.2100905602453177
7.126393717093,0.21121564393497347
7.127412202464,0.21074449322875283
7.128428915307,0.21127628112122204
7.129448666144,0.20951473052922742
7.130460277195,0.20843292676927772
7.131467003393,0.20953389055875882
7.132479526918,0.20718571678721373
7.133481224097,0.22745519044575999
7.134581224097,0.21093750919639356
7.135601612445,0.21295442831592137
7.136632193907,0.2128702820919284
7.137662773773,0.21692710919329838
7.138713353198,0.21068380002800105
7.139734124082,0.2126033766464662
7.140764700963,0.2166206062387593
7.141815276763,0.21657978384258014
7.142866233521,0.2225819491688642
7.143946997902,0.21211306088040818
7.144977569806,0.22019076114930017
7.146047950251,0.21601732071038582
7.147098519734,0.20978965293151827
7.14811927742,0.21172760936442206
7.149149844475,0.2157711768794784
7.150200410505,0.2095577417747298
7.151221163606,0.21146212332974396
7.152251727268,0.2154758698585764
7.153302289925,0.20658343137766308
7.154309929299,0.06055427319136312
7.154605386558,0.21487847040114127
7.155654346328,0.21098839529281493
7.156684905097,0.21501404887095524
7.157735462872,0.20679746474201866
7.15874639055,0.21070058342112055
7.159776945924,0.2146915733466253
7.160827500251,0.20849861413327153
7.161848237159,0.21039935922545963
7.162878789089,0.21439504680810523
7.163929339999,0.20822431009445386
7.164950072891,0.21013270581845608
7.16598062129,0.21413845987152122
7.167031168585,0.20797734680475063
7.168051896715,0.20987998205732553
7.169082441532,0.21372614785720387
7.170132361224,0.20639165065082749
7.171146671375,0.20698037863246085
7.172164422527,0.2089012561320571
7.173192546257,0.21342913041516415
7.174243444385,0.21340920387680706
7.175294340764,0.2133082269467909
7.176345235246,0.2131985229309571
7.177396127731,0.21309503732568946
7.178447018413,0.2129757387269087
7.179497907292,0.21287223767185018
7.180548793823,0.20365818049594836
7.181554587811,0.20423638303454925
7.182563788269,0.20565938274101228
7.183580622849,0.20438268434887755
7.184591653655,0.20663854118107983
7.185614289766,0.20741170015426538
7.186641225419,0.20231838688802736
7.187643461134,0.20475470330645792
7.188658153055,0.2059794455972681
7.189679273071,0.20358062429205798
7.190689076878,0.201652960562182
7.19168978689,0.20675634501364587
7.192716202481,0.20307123929123475
7.193724862684,0.2044584360490512
7.194740874222,0.20451064161524032
7.195757560569,0.20381922670245617
7.196771300922,0.204256230789307
7.197787724867,0.20283216137437202
7.198797496774,0.20384053660986962
7.199812710061,0.2045383373725749
7.200831879915,0.20512557952663318
7.20185451161,0.20583818103654447
7.202881198514,0.2043814538782478
7.203901063836,0.20568855392727306
7.204927907429,0.20413941351155004
7.205947552549,0.20208064420128105
7.206957434239,0.20237282788830518
7.20796922107,0.203984557548981
7.208989490268,0.20200299116797693
7.210000420773,0.20275681332061177
7.211015590537,0.20137746200093382
7.212024250196,0.20409386475322322
7.21304704966,0.20166192895706733
7.21405817667,0.203358450095905
7.215078280709,0.20309433485467604
7.216097602679,0.20283558907738358
7.217116142619,0.2022028865317212
7.218131920517,0.20210810914721797
7.21914769414,0.20148554058740448
7.220160917664,0.20138346533117493
7.221174137078,0.2008418114290115
7.222185018827,0.2029292670455933
7.223206928232,0.20107604887547775
7.224220135996,0.20081716336078656
7.225232562167,0.19985815737512957
7.226240671955,0.2007587027069598
7.227253869467,0.20067291440963123
7.22826706358,0.20058639726834884
7.22928025478,0.2004777232563073
7.230293442951,0.19806389913236497
7.231294959834,0.20027897480507023
7.232308140809,0.20184540135631948
7.233329723482,0.15802805948009876
7.234129910214,0.19871020394959593
7.235136568712,0.19833385551008892
7.236141674216,0.20329723196390684
7.237172444833,0.19883576354543725
7.23818114978,0.2010462643664904
7.23920146224,0.19888673493535636
7.240211220656,0.19937188641598047
7.241223945258,0.1992670847777629
7.242236666107,0.20178805277375114
7.243262606057,0.20043256555971073
7.244282107431,0.1997456337128019
7.245298635199,0.20735316032867077
7.246354464191,0.21590335435162641
7.247454464191,0.21582032407077403
7.248554464191,0.21572537941667014
7.249654464191,0.21560855605549528
7.250754464191,0.2155135519887358
7.251854464191,0.20309318103906063
7.252891510852,0.20063008780059743
7.253916480555,0.19779930226966852
7.254927570147,0.19736676847325801
7.255937103831,0.1972129827935086
7.256946409893,0.20169064858258856
7.257979009038,0.19974371019177106
7.259002042536,0.1981253212202284
7.260017344087,0.19899995689100697
7.261037530005,0.20054638449764028
7.262066080054,0.1952257803401139
7.263067884266,0.19544017435336186
7.264071213627,0.19481108539704883
7.265071739662,0.1951367148858282
7.266074387638,0.19589691483723556
7.267081431179,0.19734329105521597
7.268096396423,0.2034522761436263
7.269143234462,0.19778982959344082
7.270161411098,0.19850675554810132
7.271183692638,0.19831660871606477
7.272205495923,0.20160406945740414
7.273244782324,0.1943810515307058
7.274247272426,0.20096876948696485
7.275284348253,0.19797025314917452
7.276306492794,0.19999864983241405
7.277339579684,0.1950089240895117
7.278347324097,0.19945780666818202
7.279378571299,0.1940600910285927
7.280382459156,0.20202808904057956
7.281428028171,0.19745047162696913
7.282450445751,0.19918121683301884
7.283482370679,0.19436830575425212
7.284489750032,0.2018485168071732
7.285536381247,0.20120708150666128
7.286584295003,0.19449715258208278
7.287602811915,0.19657112252984726
7.288634130019,0.197008494990049
7.289668724981,0.1928262618685197
7.290682102904,0.2055612771205138
7.291762939566,0.19169758429300912
7.292771404718,0.1973315202914061
7.293810131107,0.19237482936541814
7.294823295526,0.1942986713735646
7.295847031143,0.1898201334649698
7.296847520832,0.19267284670269108
7.297863503634,0.1897759064700469
7.298864650765,0.18958930733622878
7.299865143711,0.1939726422493985
7.300889216949,0.19315579535794217
7.301909440872,0.19392485838758614
7.302934157262,0.19213557003777926
7.303949934071,0.19139303785524936
7.304962222601,0.18924713301404297
7.305963584643,0.13158985660130643
7.306660112899,0.1920782271040946
7.307677190004,0.19362057780547834
7.30870291133,0.19251414987188317
7.309723233631,0.18928646797103899
7.310726953719,0.1939904705102998
7.311756122166,0.18860200290694842
7.312757092134,0.18977759706144
7.313764762794,0.1917662853957187
7.31478356844,0.18941491572070274
7.315790451616,0.19044021150635582
7.316803311679,0.19069944270664968
7.317818019909,0.18945752574308466
7.318826546004,0.19089852078108283
7.31984315491,0.19060661309506433
7.320858659472,0.1914522481883105
7.321879107518,0.19132633959905346
7.322899382116,0.18855531431697642
7.323905355361,0.18812997959747738
7.32490942582,0.1913462513636827
7.325931276512,0.18942489548118005
7.326943371804,0.19215815645417308
7.327970393463,0.19070132897562195
7.328990024505,0.18750498323433046
7.32999303563,0.18779786501788875
7.330998107298,0.19015743537265883
7.33201623807,0.18769988655945788
7.333021727796,0.18829905433922328
7.334030849814,0.18777063501675598
7.335037535489,0.18814398630974674
7.33604671891,0.1868536169908444
7.337049366957,0.1889598950296933
7.338063688117,0.18877003728646913
7.339077468503,0.18825929836218974
7.340088969197,0.18653269493552369
7.341091667303,0.1876266172583949
7.342100785473,0.19219186107469766
7.343134935877,0.18817002949175432
7.344147932242,0.18918222101047244
7.345166875434,0.18870758041742913
7.346183649242,0.18558107080887323
7.347184035082,0.18605388135689385
7.348187421425,0.18910113106108634
7.349207666722,0.18538250342507853
7.350208238906,0.18670193949033875
7.351216398308,0.18716779248939527
7.352227607124,0.1868888307242436
7.353237667067,0.18583604961120986
7.354242365557,0.1854411836688528
7.355245346285,0.1896693549930914
7.356271634023,0.1883638895269854
7.357291180423,0.18756381327638838
7.35830661469,0.18491427256000148
7.359307951408,0.19036100603159797
7.360339139243,0.1870986669484043
7.361352881352,0.19419274961265454
7.362405220938,0.19534738185988682
7.363464042391,0.19334364107666105
7.364512277525,0.20283796436715945
7.365612277525,0.20280188702114904
7.366712277525,0.18804957411363607
7.367732501919,0.20269291806387676
7.368832501919,0.18608502359424936
7.369842613494,0.19659421853457948
7.370909957174,0.20256710151320875
7.372009957174,0.20251177668958137
7.373109957174,0.20246491761139535
7.374209957174,0.2024271809299821
7.375309957174,0.20236882765818956
7.376409957174,0.198897013354147
7.377491416996,0.18742638089361705
7.37851079998,0.08150020583932656
7.378954182726,0.18705872390069198
7.379971977947,0.19010947122228716
7.381006535722,0.1862328348663512
7.382020251825,0.18702453482698583
7.383038490882,0.2014731190280725
7.384135723882,0.19228103137292094
7.385183272902,0.19222364668729536
7.386230820585,0.18383718340865496
7.387232952911,0.18675883991282263
7.388251240215,0.1860591302753829
7.389266076775,0.18819045168154985
7.390292911616,0.2011986999911842
7.391390988293,0.19907227804253322
7.392477819633,0.1855718151478787
7.393491319573,0.19139329048591724
7.394536888858,0.191912366956597
7.395585576518,0.200919191227424
7.396683960427,0.18654118011793588
7.397704132935,0.19089833703548933
7.398748364924,0.1931525161573358
7.399805252482,0.19009653356756775
7.400845807895,0.18447903767151994
7.401855983029,0.1951434538844103
7.402924919078,0.18643250511776766
7.403946470033,0.19153996484409613
7.404996460913,0.18456149842301528
7.406008641361,0.1842352579180764
7.407019418457,0.1884925252908341
7.408053927214,0.18971988740623294
7.409095581598,0.1910491304827863
7.410144993649,0.18702460326471054
7.411172637632,0.18471166122498692
7.412188026986,0.18234025279236887
7.413190937345,0.1879012048056327
7.414224769141,0.18915816302121707
7.415265875028,0.18756922944354115
7.416298760026,0.18785361318014485
7.417333633903,0.19060742587983043
7.418384111685,0.18653333395777508
7.419412687487,0.18423626917062877
7.420429104072,0.18515261137767036
7.421450991118,0.18307127883388122
7.422461830316,0.1868689685680447
7.423494096351,0.18581056766746773
7.424520906965,0.1901508588793236
7.425572168429,0.18429935188882848
7.42659155484,0.1855458696636438
7.427618318975,0.18483588005293955
7.428641674577,0.1816703905934555
7.429648744004,0.19196839013849723
7.430718994791,0.18301725067665817
7.431744869313,0.18058839455979542
7.432758187389,0.181912424482844
7.433779783299,0.17930333372941534
7.434787535428,0.18356769285065608
7.435819906587,0.17896936169660133
7.436826986683,0.17930695619746714
7.437836555233,0.1805564823182547
7.438853632034,0.17939785469429317
7.439864611314,0.17892562625020586
7.440873354014,0.17732620663623902
7.441873429152,0.1915402882670015
7.442954081251,0.18026347410229268
7.443971580582,0.1820359702382265
7.444999563529,0.18207274675724755
7.44602821506,0.18151340954546544
7.447054095657,0.17977209843356073
7.448070566798,0.1772305220936345
7.449073192025,0.17712931756434008
7.450075678252,0.1804061732700804
7.451097073243,0.18106236729491035
7.452122706253,0.1811896012087521
7.453149654314,0.1869692407789047
7.454209920255,0.17900864914714318
7.455225608649,0.17936402208382188
7.456243753412,0.17925389721753876
7.457261671717,0.18775362381188337
7.458328332822,0.1802075889688012
7.459352605,0.17666141479537822
7.460357239448,0.18199745849583698
7.461392681503,0.18462671552305582
7.462443557044,0.176289969324457
7.4634474782,0.18149658878732314
7.464481490423,0.18060543580568714
7.46551083327,0.17601055188591958
7.466514418652,0.18440331240911156
7.467566347263,0.18038404382166323
7.468595843462,0.19034063128496997
7.469682727842,0.17502857897570573
7.470682727842,0.18402920520111407
7.471734652729,0.1748608237346143
7.472734652729,0.13460048975255007
7.47350472906,0.18318483739216818
7.474553205028,0.18650827422787813
7.475621258443,0.1762987178804735
7.476631333525,0.19075826183505779
7.47772478549,0.18312257751563027
7.478775009135,0.17782511965113737
7.47979530616,0.18296435830798297
7.480845527864,0.17766936046490742
7.481865822151,0.1810786304131762
7.482906114864,0.18275106615246173
7.483956479082,0.17395830006353918
7.484956768985,0.1752636670751185
7.485965018434,0.17728192832267323
7.486985305928,0.17374282545950606
7.487985592136,0.17367117379259783
7.488985876517,0.17880640880173732
7.490016229919,0.18044184373537636
7.491056511118,0.17342716684980267
7.49205679156,0.18027778042024795
7.493097070166,0.18140912846808682
7.494144382044,0.1800303589627657
7.495184226578,0.18175701378385975
7.496234570264,0.17816168995509987
7.497264645989,0.17291090659974664
7.498264918358,0.1866250414243981
7.499345057592,0.17275966010663374
7.500345326775,0.18311558171334083
7.50140599362,0.1737723913156466
7.502413016226,0.17791805137568462
7.503444463879,0.17246184738034187
7.504444728123,0.18776823379249116
7.505534306059,0.18315629686959697
7.506597522884,0.17431479486556906
7.507609876754,0.17642126507534592
7.50863489752,0.1728111208049769
7.509639353219,0.17700398693126426
7.510668698275,0.1783361925095004
7.51170630408,0.17750300533104565
7.512739512117,0.17572502795162936
7.513762813194,0.17655586925210662
7.514791507045,0.17982108495378027
7.515839695423,0.1814596511910387
7.516897837236,0.17699155541387845
7.517930469147,0.18312082683439632
7.518999391032,0.1776264943045253
7.520036661222,0.1800402130094007
7.521088486397,0.1762646246990147
7.522118749593,0.17435197761299023
7.523138317726,0.176318362702516
7.524169926407,0.17223746729497216
7.525178112076,0.17162912211064044
7.526183164297,0.17205412203312523
7.527191180281,0.1788777382849002
7.528239571102,0.17218917386108676
7.529249229942,0.17149039387482642
7.530255294894,0.1712788455981631
7.531260595295,0.17807557001589053
7.53230631505,0.17226947677742305
7.533318450583,0.17627623892046923
7.534354628905,0.1783632269897132
7.535403518269,0.1737910779038586
7.536426006553,0.17821541642380564
7.537475116044,0.17286721910222877
7.538493281972,0.18292203715544939
7.539571174801,0.1714835489042286
7.5405821897,0.17664036018477852
7.541624258129,0.17126193471863194
7.542635114281,0.1785900175150205
7.54368973856,0.1739849563318189
7.54471770788,0.1750930077290001
7.545752756756,0.17049762187031856
7.546761175268,0.18522136086639127
7.547857209351,0.1720092492361871
7.54887563615,0.16903396346379468
7.549876986577,0.16993634457599371
7.550884229225,0.17124636721389788
7.551899896985,0.16892788312685772
7.552902418558,0.17074005411964965
7.553916197587,0.16945657505698716
7.554922969768,0.1726182656261117
7.555949174946,0.16821480444121312
7.556949644748,0.051443152515490954
7.557255694529,0.017958723133527293
7.557362556025,0.017151821247512248
7.557464626173,0.02715274259083765
7.55762622434,0.06549472702719668
7.558016073636,0.053202570356988034
7.558332802151,0.16959125384621154
7.559344238342,0.168731113690132
7.560354049258,0.1702514809538035
7.561375201471,0.16999834735337693
7.562395876652,0.1686812611436057
7.563409410623,0.16996609568014426
7.564431278831,0.1781178058427888
7.565502817563,0.16988795023940256
7.566525348211,0.17303480908756033
7.567567626602,0.16616836200758262
7.568569152503,0.17462511277952847
7.569621621122,0.1730192339734007
7.570665177368,0.16840686300245836
7.57168286204,0.16757449843485395
7.572695653778,0.16940566657056189
7.573719193961,0.16547183348561548
7.574719998681,0.17006656051268268
7.5757494424,0.16981110801839508
7.576777846374,0.16841550445291414
7.5777980592,0.1707627355474637
7.578833038726,0.16598361993147795
7.579839369863,0.16958832777425567
7.580867696009,0.16502743958388336
7.581868773164,0.16673040153083554
7.582881001871,0.17077572857342666
7.583918992957,0.16565152876987838
7.584926625312,0.16992487104360926
7.585960592469,0.1662493191070993
7.58697271876,0.16585778584228858
7.587982988098,0.1642102488862412
7.588983530099,0.16493558027548466
7.58998890462,0.1647095680327415
7.590993381689,0.17263770058284914
7.592046704665,0.16775891887534888
7.593070664217,0.16389124346397926
7.594071439311,0.1687887377261006
7.595102590396,0.16406947866108645
7.596105370073,0.1671745359181662
7.597127604205,0.16519307562289665
7.598138501065,0.16681983937654726
7.599159869213,0.16736292564577238
7.600184770344,0.1703489866953028
7.601228467683,0.16928658579846947
7.602266183937,0.16492967748863765
7.603277704233,0.11529706229115669
7.603985090662,0.16312571632034878
7.604986278741,0.1638921945891178
7.605992671379,0.16472074681543303
7.607004668565,0.16521199758472466
7.60802015924,0.16942488388117763
7.609061974794,0.16487512458154827
7.610076228448,0.1628688439621148
7.611078597763,0.1626058036417479
7.612079844385,0.16600811673319682
7.613102531834,0.16437781769488863
7.614115621191,0.16559937101537978
7.615136745704,0.16564097724885515
7.616158614951,0.1626469614803496
7.617162499382,0.1647425256542477
7.618179892131,0.16324013561473458
7.619188456983,0.1711829876022019
7.62024654627,0.16742681123420516
7.621282024844,0.1650719688755086
7.622303522915,0.163680832254985
7.623316887416,0.16293532244189485
7.624326125826,0.165688772643672
7.625352906276,0.16420490036399119
7.626371581349,0.1641021852412111
7.627393121636,0.16139461056143659
7.628400866529,0.1610733634364412
7.629407434611,0.16010641829942274
7.63040859512,0.16121956262095682
7.631417277091,0.1603253569169695
7.632420994568,0.16139761100563305
7.633432001342,0.16077270266915153
7.63443954211,0.15963900625572014
7.635440528526,0.16306165333013348
7.636463566262,0.1610227165188673
7.637474267631,0.1631081495491722
7.63849853966,0.16032133202034088
7.639505845861,0.15952773296084752
7.640508646303,0.16344883409775995
7.641536618355,0.1619959107875623
7.642556036386,0.15943380743996274
7.643559768161,0.15988247548774376
7.644566796843,0.07606863690035423
7.645046119042,0.16113760988897968
7.646061817548,0.16194617850989312
7.647083167699,0.16073288702055075
7.648097403346,0.15860180139970081
7.649098642292,0.17223473919010124
7.650186430367,0.1584178284147047
7.651187407186,0.17145404182572785
7.6522712799,0.15896215777885045
7.65327666915,0.16427651355254483
7.654316130121,0.16647194288812736
7.655369946848,0.1579918108364147
7.656370590183,0.16712467630895356
7.657429588042,0.16658004231229478
7.658485710634,0.1609302294701515
7.65950666004,0.16197078822701103
7.660534557272,0.164261456729785
7.661577306219,0.16624063553670362
7.662633171375,0.16498511222832066
7.663681599804,0.1576113755129649
7.664683631587,0.1673508720238801
7.665748068154,0.17109185765458332
7.666836824359,0.1634300792068335
7.667877298845,0.15818609197437922
7.668884807551,0.1611041240068407
7.669911371312,0.15940892764362413
7.670927623779,0.1590427293803545
7.671942019271,0.16507928404171085
7.672995387067,0.1572665892470754
7.673999326902,0.16622350976558045
7.675060787942,0.1607319971012538
7.676087179736,0.15794681341013786
7.677095851115,0.1588310630833433
7.678110647601,0.1616452524726898
7.679144017139,0.16332202385111788
7.680188539643,0.16380043806598402
7.681236518297,0.16012323343389245
7.68226147605,0.15744385029310534
7.683269771039,0.1561076603039549
7.684270037155,0.15672749919692638
7.685274780662,0.15881671872418593
7.686293309842,0.15601994645503545
7.687294301909,0.15892266296329657
7.688314383239,0.15626862251349696
7.689317898838,0.16113272666472572
7.690353087119,0.15909951082847432
7.691375709972,0.15646934649535724
7.692381912151,0.15612989364110721
7.69338635112,0.15551303446828413
7.694387270188,0.15919027935452107
7.69541234745,0.16020574078592567
7.696444458603,0.04028117181583672
7.696704045418,0.1595220642053715
7.697732349772,0.1556321230573823
7.698736089814,0.15975759787541546
7.699766943687,0.15718869452742987
7.700781629854,0.15590159009721805
7.701788473104,0.1551525705185354
7.702790924592,0.15480724218100214
7.703791550473,0.1581167341626554
7.704814048087,0.15612646898227125
7.70582414867,0.15804553763428003
7.706847134406,0.15629662144994994
7.707859312867,0.15481943178738128
7.708862380825,0.1576770164107906
7.709884392801,0.15458656336341856
7.710886877622,0.1577687842052132
7.71191056012,0.15793195037034033
7.712935844019,0.1657894096995174
7.714012577942,0.15862296640061052
7.715043171141,0.15759554010636925
7.716067563057,0.15730895830612107
7.717090569274,0.1546677684545681
7.718096857316,0.15636127087457785
7.719114590271,0.15420399264489648
7.72011875402,0.1578824020832288
7.721147417595,0.1567768916827502
7.722169382042,0.15481769312608032
7.723178956544,0.1537282005015184
7.724181852604,0.16253957447886455
7.725242864856,0.15366627047976547
7.726246468541,0.15343723870163722
7.727248987434,0.1540138889863052
7.728255794292,0.1530832686599734
7.729257007876,0.1529616388837922
7.730257819995,0.15498005058594824
7.731272247669,0.15734476893057733
7.732302628069,0.1550108477929685
7.733318201027,0.15590303024332028
7.734340197876,0.15300704191044467
7.735343761142,0.15504415974210217
7.736361112012,0.16114612260160166
7.737421261709,0.15429306552352737
7.738440108759,0.09581630061359328
7.73907375481,0.15303987657351206
7.740086407667,0.15116454797889137
7.741087375789,0.1543893563836113
7.742110306167,0.1562803645741289
7.743146413941,0.15504052742309957
7.744174919839,0.16036787597923594
7.745239283221,0.15308894879539148
7.746255803267,0.15381214781957567
7.747277669389,0.15199953155133608
7.748288051473,0.1506849196627794
7.749290137378,0.15348656195554727
7.750311308283,0.15141936387630422
7.751319170832,0.15091137119545894
7.752324109505,0.15102519293559313
7.753330311982,0.1516128005243296
7.754340848481,0.15189056922520613
7.75535365836,0.15127259151896744
7.756362872404,0.15040433602681783
7.757366769249,0.15503637668500825
7.758402039681,0.15747579010988544
7.759454123836,0.15422979700246975
7.760484959422,0.15157181192913607
7.761498404487,0.15200440482268762
7.762515232352,0.15095932247905347
7.763525523984,0.1592624825299925
7.764591763722,0.1623680035704497
7.76567929212,0.15676316580267352
7.766729815206,0.15368905265255475
7.767760259408,0.1580924800292179
7.768820838107,0.156180185747284
7.769869142054,0.1558774955447063
7.770915848582,0.14917214411178045
7.771917975816,0.1494788256723992
7.772922654515,0.1538959798067072
7.773957514414,0.1585695032378872
7.775024225075,0.15315682651911375
7.776054944864,0.15605504356045655
7.777105693301,0.16196335994813618
7.778196778491,0.15589993067613162
7.779247593593,0.15141270926497744
7.780268723571,0.15278454398300492
7.781299603726,0.15568053134252197
7.782350511543,0.15121913274239523
7.783371765716,0.15407275571660797
7.784412830445,0.1554605091401115
7.785463830871,0.14947463669582078
7.786474859982,0.14925622400470992
7.787484899,0.15072859277684064
7.788505391905,0.1491673119043867
7.78951576539,0.16232311422715412
7.79061575789,0.14999971991017724
7.791632747249,0.14899623712859072
7.792643324866,0.14891724883749358
7.793653921334,0.14825817311469663
7.794660745692,0.14738951436901804
7.795662132493,0.03614255901771141
7.795907739495,0.14976143532717562
7.796925733059,0.14943106157558989
7.79794199483,0.14748715332960122
7.798945642522,0.14759811296281306
7.799950538255,0.1481294394119293
7.800959410915,0.14749340059619914
7.801964416366,0.1479528865221577
7.802973016561,0.1475224725369444
7.803979083665,0.15103063246506204
7.805009540107,0.15038752412724937
7.806036116731,0.1492565197207257
7.807055405399,0.15047712040891847
7.808083654805,0.14692766850787142
7.809088106227,0.1473402483393769
7.810095658127,0.1473707243418653
7.811103860169,0.14726303757482093
7.812111664391,0.1472936895910472
7.813120092678,0.1469320677194677
7.814126553089,0.1487421226872401
7.815145907927,0.14757806055722375
7.816157745739,0.1461393156504645
7.8171602214,0.15068843936319312
7.818194358197,0.1479092425563378
7.819209808456,0.14600588010111323
7.820212625414,0.15056123976336322
7.82124711547,0.14778577571825277
7.82226291178,0.14588982950374424
7.823266071483,0.15042965566672034
7.824300914234,0.14764222654424766
7.825317058789,0.1457427027950107
7.826320561558,0.15028624498828008
7.827355758324,0.14760920327688803
7.828372918249,0.14854111399905393
7.829396911213,0.14658459044411237
7.830407845527,0.14779788393040974
7.831427655574,0.1467112005575889
7.83244041006,0.14612108582863706
7.833449440787,0.1457548195025461
7.834456338188,0.1449994259155643
7.835458497643,0.14495458477844533
7.836460768548,0.14542915316477112
7.83746669804,0.14510291079471624
7.838470791681,0.14457680908099094
7.839471685551,0.14821297796241356
7.840498183436,0.08839070185214087
7.841110563805,0.14669019478577222
7.842127225882,0.145447625409129
7.843135682856,0.1499266903206111
7.84417561476,0.14904215656841086
7.845209862899,0.14899714427110702
7.846244230143,0.14423139606540164
7.847245921567,0.14445268634883698
7.848249608702,0.1471538676274981
7.849272564469,0.14487084987421167
7.850280042037,0.14433974877347447
7.851284198817,0.1442908567955545
7.85228846552,0.1439762168379948
7.853291049827,0.14803773490414168
7.854322395786,0.14717414568666673
7.855348104125,0.14629284648477406
7.856368085672,0.14638917373703475
7.857389195502,0.14678620463621103
7.858413520505,0.14662621646029372
7.859437192949,0.14412519283317857
7.860443836723,0.1486529100115307
7.861482517308,0.14656505698644134
7.862507112701,0.1436942501017813
7.863512076834,0.14643921017316186
7.86453876411,0.14405241889373474
7.865552444283,0.1433005884841452
7.86656267488,0.14420288720180588
7.867580104543,0.14225746825939004
7.868584462227,0.14175166540102974
7.869585842632,0.1416769193762996
7.870587329888,0.1448930735826608
7.871612073216,0.14414795012902407
7.872631941199,0.14345675340507313
7.873647408773,0.14192519632723355
7.874652536506,0.14414623936290633
7.875673804249,0.14613214294115232
7.876709615787,0.14200144379184534
7.877716591688,0.14365447800444298
7.878735677126,0.14219589436377858
7.879744774972,0.14794309988257598
7.880795090796,0.1436710850023039
7.881815552563,0.14500694972704756
7.88284593142,0.14078246350230092
7.883846743458,0.15192792062331167
7.884927324127,0.14480528025174658
7.885957791552,0.14186977227129544
7.886967953453,0.14034441062147443
7.887967953453,0.14021999572100555
7.888967953453,0.14008654909097074
7.889967953453,0.1400320385510211
7.890967953453,0.1399946282311078
7.891967953453,0.13990716346053608
7.892967953453,0.142484473189129
7.893986880816,0.13977205033404874
7.894986880816,0.14112546525541259
7.895997131275,0.14535413506099268
7.897038176037,0.14386399972663635
7.898068980846,0.1382148719779817
7.899059821715,0.14624621640823623
7.900108823284,0.14365488753899597
7.901139723239,0.1463767141759604
7.902190649942,0.14217588150235422
7.90321192621,0.14345955903117633
7.904242915775,0.1461767574482707
7.905293933157,0.141985634165637
7.906315328759,0.14554101661432758
7.90736283421,0.15017614522998438
7.908444312457,0.14311365300449927
7.909475452574,0.14577643013708277
7.910526217282,0.1431010119719484
7.91155820317,0.1409981066610145
7.912575520498,0.13983443823050834
7.913584958505,0.13998396829272775
7.914596057187,0.14060065448688966
7.915612155436,0.13858246716439812
7.916614171284,0.14132175351110504
7.917636455738,0.14309973752405675
7.918672097402,0.14060051714386204
7.91969019485,0.13944729020965663
7.920700406984,0.139601527931333
7.921712279617,0.1402126525542965
7.922729156075,0.13820722105558012
7.923731937648,0.14001212960319193
7.924748318518,0.13958217444819543
7.925762064825,0.14500819042810162
7.926815725444,0.1413645058757061
7.927843477787,0.1385416649676664
7.928851152964,0.14105723194860428
7.929877641856,0.13939154136770598
7.930892541234,0.14011901866257076
7.931913209366,0.14190722826106444
7.93294748258,0.1406216968066164
7.933972874991,0.13952417842041814
7.934990729174,0.1385446097064201
7.936001999665,0.13763268141401808
7.937007162689,0.14097692766545306
7.938037297622,0.13892581232076381
7.939052958676,0.13922872068253148
7.94007136101,0.13795823891862702
7.941081053491,0.14160083876741983
7.942118179554,0.14004912019183688
7.943144564179,0.13897494220756532
7.944163402666,0.13675244662533026
7.945166353806,0.13900870990619218
7.946186326337,0.14045965496938048
7.947217458623,0.13724150571201615
7.948225485388,0.13740138189199075
7.949235174961,0.1368396368141795
7.950241230902,0.03069964095027098
7.950467002073,0.13982765172763678
7.951495640749,0.1389305461505633
7.952518247151,0.1388782945696213
7.953540959775,0.13834492274581284
7.954560191543,0.13570582082002935
7.955560447803,0.1359554920862272
7.956562995755,0.13962848945716066
7.957593075244,0.13625443796228448
7.95859876576,0.13646796244504603
7.959606467441,0.13585859483270604
7.960610084262,0.13631840538045636
7.961617583252,0.13728068372640514
7.96263264112,0.1352247118231055
7.963632982661,0.13844985061127996
7.964657710496,0.13879002741094074
7.965685477481,0.13588453799867392
7.966692252933,0.13881593327414526
7.967721338256,0.14069761411162798
7.968765022548,0.1406345667037663
7.96980882528,0.13857990835875394
7.970837948371,0.1385490939600029
7.971867504828,0.1378771723765269
7.972892695689,0.1378124232145438
7.97391799793,0.13721098490111894
7.974939450257,0.13714577640194134
7.975961012894,0.1366029572112921
7.976979082373,0.13653752789123444
7.977997260216,0.13603994813685902
7.97901230281,0.1359861796034642
7.9800274512,0.13798028350437447
7.98105800136,0.13732558482808865
7.982084178991,0.13727271199009866
7.98311046847,0.1366926737404073
7.984132904438,0.136642044004379
7.985155451197,0.1361057169170271
7.986174504632,0.13356927060928425
7.987175086237,0.13634842251230117
7.988196955648,0.13683454059828368
7.989222967693,0.13370913032536363
7.990226080829,0.13711761557019853
7.991255236901,0.13432240340276466
7.992263854245,0.13477354753467344
7.993276325922,0.13682972047396647
7.99430707695,0.14009183111713688
7.995366382737,0.13348027400477047
7.996377287753,0.13531701647262248
7.997402879964,0.13464812556254305
7.998424253329,0.13281638503153104
7.999432469546,0.1001873997803271
8.000193436333,0.13481169491481607
8.001217987013,0.1332668047256384
8.002231329237,0.1345219420869923
8.00325472583,0.13214419300731003
8.00426065055,0.13381592813870868
8.005279827727,0.13579469647915157
8.006314715319,0.13487207565560416
8.007343048489,0.13495023803691858
8.008372233482,0.13503341142751085
8.009402581963,0.13108747535603196
8.01040333371,0.13157294972671418
8.011408145134,0.13215899437116926
8.012417803136,0.13608418885061016
8.013457957472,0.1340678941977725
8.014483185772,0.13377198948968752
8.015506534579,0.1367791753642333
8.01655325932,0.13756012429051898
8.017606480436,0.13127142602472444
8.018612128384,0.1343960114587647
8.019642078886,0.13083418585247486
8.020645063048,0.13374391659494814
8.021670775742,0.14327396514968294
8.022769931953,0.13613239507985017
8.023814742374,0.13286915304943464
8.024835055126,0.13093328249571576
8.025840929253,0.13313279035654735
8.026864044579,0.13328631510594766
8.02788864116,0.1370615926787618
8.028942654231,0.13043721334005162
8.029946141955,0.1326429341181207
8.030966940479,0.13018711112245432
8.031969301987,0.1309714402576205
8.032978129236,0.1304899300309805
8.03398351817,0.13202286131997049
8.035001124344,0.1319727331236919
8.03601883448,0.13161024463052085
8.037034111873,0.13158149047677428
8.038049493113,0.13116350022726364
8.039062077547,0.131121059518229
8.040074764916,0.13165821128642324
8.041091980176,0.13085784013639346
8.04210348039,0.13095878738731737
8.043116238195,0.13063001245019665
8.044126803064,0.13059632772815735
8.045137470972,0.1320481145040889
8.046159766963,0.1306658285868352
8.047171703166,0.13035100082380488
8.048181313762,0.13008799945610725
8.049188729374,0.0312654096782361
8.049430834209,0.1314781488890761
8.050449156412,0.13245623465802273
8.051475433869,0.13205135462437964
8.052499034483,0.13200762006185418
8.053522740768,0.1316642863437714
8.054544011679,0.1306603242115863
8.055557763367,0.13011230263598852
8.056567746472,0.13157047247661915
8.057589331191,0.13203825706835814
8.058614894719,0.13142637302396054
8.059636203975,0.1307080718701455
8.060652424662,0.12992434307450312
8.061662823311,0.12915618225353967
8.062667501401,0.13297999329548243
8.063702317242,0.12933347166285733
8.064709020535,0.13058509021937625
8.065725637653,0.1298925641721519
8.066736908969,0.12907736075870727
8.067742106697,0.1329133252883071
8.068777453631,0.12928817644816326
8.069784675097,0.13040634476942564
8.070800899256,0.1290075125756445
8.07180651349,0.12915950327151962
8.072813641279,0.13055987607469477
8.073831992309,0.12952941970278517
8.074842648012,0.12965006929079953
8.07585468516,0.12847616572984433
8.076857649975,0.13357690768109856
8.077900762465,0.1310501299208598
8.0789245385,0.12883736432253187
8.079931301487,0.13261453242430563
8.080967932139,0.12897352459980274
8.081976416677,0.13018397889340907
8.082994869407,0.12996687522824796
8.084012131927,0.13029647525156363
8.085033178472,0.12943900096001154
8.086049265455,0.12866743909224404
8.087060631724,0.1302836465694513
8.088085724801,0.12766902920211504
8.089090795605,0.12747505405405588
8.090094853127,0.12763578290815242
8.091102505981,0.1272642507727632
8.092110641893,0.07667916076972062
8.09271902073,0.12748263919120997
8.093731321189,0.1279866199436014
8.094748371078,0.1262585044256766
8.095752263016,0.12726768971738864
8.09676499745,0.1263940892944945
8.097771169456,0.1257948046268497
8.098773118099,0.12724213380448643
8.099787537879,0.12795891642031326
8.100808247937,0.12531725325501472
8.101808632377,0.12584767918858406
8.102814139515,0.12698494429993212
8.103830143281,0.12512013753087323
8.104833055891,0.1250213209253326
8.105835795405,0.1260391960919343
8.106846890948,0.12696351078527338
8.107865741933,0.12529788214789675
8.108871635254,0.12499781960114263
8.109875476971,0.12519159359029639
8.110881080386,0.12633868112217547
8.111896205277,0.13006607728210662
8.112941668137,0.12656201601057004
8.113959407207,0.12468168687440903
8.114962308352,0.12530398815749927
8.115970764296,0.12832626806219435
8.117004151561,0.12842514647470993
8.118038612595,0.1280276617586921
8.119070332204,0.12697454814952572
8.120094144276,0.12441756831248695
8.121097933215,0.13236890381553051
8.122166183661,0.12890400594288343
8.123206759787,0.12574392149399805
8.124222181441,0.1272030203927103
8.125249655373,0.12693182850582563
8.126275157505,0.1252245716155518
8.127287146529,0.12877575810804012
8.128328232909,0.12384028563642223
8.129329706141,0.13252480715948098
8.130401876218,0.12829270062916331
8.131440423941,0.12445167550274173
8.132448311881,0.07026675883590616
8.13301762595,0.12793568433687583
8.134054284957,0.12911270237383457
8.135101166831,0.13061815357828482
8.136161122392,0.13161189951830285
8.137229336074,0.12793776940668306
8.138268190482,0.12410211062213374
8.139276541069,0.1254802723303568
8.140296727211,0.12397312604274888
8.141305214376,0.127648672800136
8.142344255449,0.12276213270232529
8.14334430066,0.12882386587309214
8.144394932191,0.13087780613067027
8.14546370353,0.12717635144453904
8.1465029302,0.12283402899714359
8.147506721186,0.13094842919857955
8.148576918262,0.12816332645614978
8.149624654504,0.12237472293095199
8.150625416135,0.12277532165910163
8.151629923172,0.12872070261603707
8.15268419393,0.12307450122042295
8.153693541029,0.12671761756856845
8.154733153186,0.1230250680854705
8.155742645682,0.12238807667302391
8.156747333763,0.1274206618815598
8.157793892756,0.12434706058855928
8.158815770778,0.12405572269218802
8.159835594414,0.12377115933804651
8.160853094512,0.12331891876961798
8.161866841033,0.12356824081872662
8.162882989689,0.1241054260949409
8.163904180818,0.12314347966179835
8.164917851925,0.12225012367178457
8.165924732464,0.12343772490622452
8.16694295803,0.12222364999387106
8.167952374878,0.12662256991665374
8.168998015082,0.1294240809373392
8.170066561287,0.1234860448112453
8.171086511424,0.12151740679558815
8.172091128382,0.1235702598106685
8.173113658009,0.12529191235743944
8.174151529775,0.12263595351578636
8.175168551146,0.12332543794285648
8.176191302225,0.1206204506825215
8.177191546625,0.12207391201168914
8.178204278756,0.12146242793228845
8.179212571323,0.12085996696960609
8.180216914893,0.12063364606761856
8.181220753933,0.12173823788622488
8.182234776739,0.12296342547175565
8.183259442645,0.12137154994650659
8.184268698795,0.1226169836158914
8.185278827471,0.12234369659721346
8.186290719934,0.052715277093226286
8.186732849372,0.11948274197578836
8.187740471711,0.12115433340999268
8.188767872027,0.11899854625308885
8.189779849963,0.11929467358448954
8.190794213031,0.11775627058946955
8.191795044883,0.12182960966691589
8.192830773281,0.11886972479589433
8.193842931787,0.11776618814424183
8.194847383595,0.11811759491496977
8.195855908015,0.11795633180019305
8.19686343804,0.11750952529010819
8.197867579423,0.11826812917811105
8.19887901139,0.11922363179728591
8.199899421546,0.11915231725415885
8.200919831702,0.11720391851901969
8.201924529914,0.11721228996402912
8.202930821079,0.010186584364396166
8.20301835627,0.00866828992349112
8.20309287505,0.005851826551439887
8.203143199147,0.013794101274831824
8.203261832297,0.02367350706763243
8.203465397437,0.042334136162659276
8.203829122782,0.06797829439804033
8.204413271113,0.08766611070826928
8.205167717171,0.09498661186597417
8.205987791076,0.08739162951003318
8.206744908358,0.07970031273258345
8.207435116871,0.08252669770349848
8.208148441,0.08572558571285287
8.20888917983,0.1017512184647377
8.209768341901,0.09780234011508225
8.210612447917,0.11054478112400738
8.21156630176,0.11645655600475165
8.212572386784,0.11659954975222926
8.213580694322,0.1177184127610822
8.214599564766,0.07714569614480409
8.215267906552,0.0706043852013311
8.215880043259,0.08828413770189121
8.216645975058,0.09513974047792423
8.217472321673,0.07632781236127224
8.218135592563,0.11571670134768168
8.219137893741,0.07818736183766306
8.219812053043,0.02483237475335137
8.220026120935,0.09607473507311129
8.220859473371,0.045493959400116496
8.221256476879,0.1114786678206542
8.222231039492,0.11482140516624066
8.223234976914,0.04101337192339447
8.223593478879,0.06138004596943298
8.224130311927,0.01257982789139534
8.224240395923,0.03525434131473403
8.224548926081,0.05125209850919688
8.22499751138,0.04127337385982928
8.225358893461,0.039457266866921324
8.225704570575,0.03720218001665519
8.226030605868,0.012007544862951407
8.226135836819,0.07154276866483313
8.226762413967,0.03403173836831676
8.227060310039,0.0999710087531435
8.227936494208,0.0354004535306199
8.228247258741,0.027403222264959812
8.228487944799,0.11452756848981478
8.22949461118,0.07542327791602596
8.230158124138,0.11451440479456805
8.231165846695,0.05000028821996644
8.231605918252,0.11400805392093499
8.23260967874,0.03214035339514578
8.23289270589,0.0757332250642943
8.233559745466,0.09674089164110765
8.234411989054,0.050041691152620166
8.234852724956,0.05721488158266366
8.235356658944,0.07297490305950588
8.235999621778,0.08869639370468273
8.236781009386,0.09743038894727529
8.237639243948,0.07295348821780522
8.238282033474,0.038088599416382395
8.238617742283,0.08260909073298434
8.239346065694,0.05531315322375162
8.23983373562,0.0801779119711467
8.240540757902,0.0963504113698895
8.241390574053,0.01712236402660597
8.241541594867,0.03282169974817461
8.241831186701,0.009018872349953933
8.241910789588,0.06489467254344647
8.242483604581,0.09165523100932266
8.243292286786,0.04804043995317727
8.243716188221,0.11408287277903131
8.244723326894,0.06876082355495725
8.245330531447,0.06764418966947813
8.245928263568,0.11386818966663792
8.246934704691,0.052737547388075505
8.247400837664,0.11362462034382861
8.248405358089,0.0706310643239421
8.249029997022,0.09811434507812568
8.249898036804,0.08535655688503102
8.250653517749,0.10791035001611292
8.251608913314,0.061962787002376
8.252157619068,0.05307903999550075
8.25262773071,0.10290461498619519
8.253539128489,0.08814813176017683
8.254319911296,0.11289082500141934
8.255320588243,0.07735432026790104
8.25600658741,0.06849863727484151
8.256614017344,0.06113789424583209
8.257156261754,0.04841334323774434
8.257585685604,0.11362448432033002
8.25859349669,0.08835796472939035
8.259377453466,0.04263937246512541
8.25975593879,0.05710351135210199
8.260262928473,0.08412414043924382
8.261009852594,0.11842543483295416
8.262060873593,0.11391856249677951
8.263071207855,0.10571330333379458
8.264008845939,0.10285863253854577
8.264921218057,0.07275376036059997
8.265566266894,0.05922104823523907
8.266091451667,0.07622380773860687
8.266767463349,0.07614688514824923
8.267442607605,0.08736414728342753
8.26821810028,0.02453786756416662
8.268436196691,0.050422565147561056
8.268884448959,0.09731829423777646
8.269749881885,0.07933584768226609
8.270455782303,0.11352547901789968
8.271466366144,0.03814837420384961
8.271806059511,0.08638184608952634
8.272575521501,0.04414173617399874
8.272968805463,0.11270246287127937
8.273973724329,0.1128264124821715
8.274980492026,0.03112663454741984
8.275258220357,0.10352802535606134
8.276182061449,0.11261763658044535
8.277187461296,0.11263183190438529
8.278193370503,0.05754232070024028
8.278707372766,0.051017762144720404
8.279163346108,0.07672118949927173
8.279849408347,0.07884746802649366
8.280554708866,0.09990517465770153
8.281448856923,0.057999917741672555
8.281968256458,0.0510340586872539
8.282425432381,0.0570503896411446
8.282936605019,0.028013570793844502
8.283187626794,0.04435886758136914
8.28358509214,0.03344991483718587
8.283884791832,0.04131652417159215
8.284254971218,0.04895651414523378
8.284693611766,0.10839173527382889
8.285665304401,0.060312370710388856
8.28620637392,0.025598349252974925
8.286436113034,0.11146542240377104
8.287436959348,0.11575640534248949
8.288477194945,0.11170263853114781
8.289482101449,0.11132471197309354
8.290485139626,0.07165286997507413
8.291131560829,0.11239153501325809
8.292146230294,0.09915656084061243
8.293042155394,0.0971944917780038
8.293921530765,0.04505788571636916
8.294329394713,0.11072611217129262
8.295331546258,0.11092306952225427
8.296335996848,0.09989316146843498
8.297241044484,0.1034879659067224
8.298179195901,0.07626661545747246
8.298870960339,0.06505422021183699
8.29946104988,0.06896301893148932
8.300086663128,0.017735731359864147
8.300247621129,0.05868255838034005
8.300780078868,0.0076399031576089285
8.300849384094,0.11222631775756751
8.301867541711,0.04350820055378322
8.302262340372,0.03096947744414321
8.302543440085,0.04237480358271549
8.302928177473,0.08431933704255598
8.303693451062,0.1011286951061197
8.304611364856,0.0480698601246735
8.30504793289,0.062380861282655665
8.305614526674,0.06526386258275646
8.306207373854,0.07417058307274989
8.306881225302,0.07569461475772309
8.307569217912,0.07165655008087203
8.308220888801,0.04763720190670308
8.308654301999,0.10319489119765575
8.309593587419,0.07411058773146295
8.310268533635,0.06262240861112203
8.310839077992,0.050978819846229255
8.31130364106,0.034277576712108106
8.31161607958,0.08606491912197894
8.312400705131,0.025352092735693735
8.312631855821,0.02138453701716328
8.312826851421,0.0643495296209495
8.313413758056,0.05694498429181144
8.313933149991,0.08368465476458131
8.314696867831,0.07551945545044136
8.315386917108,0.02933460651715561
8.315655141644,0.0292239054592508
8.315922458829,0.08554111624838058
8.316705494503,0.04220426685727647
8.31709210111,0.09222521867746582
8.317937171544,0.08839812419519681
8.318747552801,0.055311167717511496
8.319254814705,0.07100794455025929
8.319906078279,0.06909590708376086
8.320539894496,0.05120237965369631
8.321009672256,0.07080621007150578
8.32165944564,0.02361914527956579
8.321876217763,0.0881045851113514
8.322684863836,0.1090403146483151
8.323685866462,0.1093621997182953
8.324690184026,0.05229444937516669
8.325170558209,0.01637633883103554
8.325321016065,0.0473409357994581
8.325756048411,0.07239876849961964
8.326421395629,0.045243321148745526
8.32683718247,0.07153435946004782
8.327494788782,0.10939783104878706
8.328501141593,0.10951305803329635
8.329509374024,0.10929369564867095
8.330516551408,0.10836084474043026
8.331515444991,0.10902121495225252
8.332520381767,0.09216908332300008
8.333370480053,0.07108007461378159
8.334026439176,0.07848804015328349
8.334750877204,0.029179538794589333
8.335020209113,0.04254277713665436
8.335412929673,0.0317008076538523
8.335705612468,0.0001439443042855999
8.3357069416,0.00014394415474003192
8.335708270732,0.0001727414517204191
8.335709865691,0.00020727862596444513
8.335711779642,0.00020728914353577917
8.335713693592,0.00020727799977160775
8.335715607543,0.00020728851555361155
8.335717521493,0.0002072773704277514
8.335719435444,0.0002072878845324724
8.335721349394,0.00024873421350355795
8.335723646135,0.00024874458607608633
8.335725942875,0.00024873329744201563
8.335728239616,0.00029803098759728755
8.335730991507,0.0003581799749646701
8.335734298814,0.0003581790141831643
8.33573760612,0.0003581780505326278
8.335740913427,0.0004298167159882381
8.335744882194,0.00042981531818355335
8.335748850962,0.0005152826910195405
8.335753608989,0.0005157680063979608
8.33575837151,0.0006189189204147805
8.335764086536,0.0006189268098025717
8.335769801561,0.0006189130302121011
8.335775516587,0.0007426917318976089
8.335782374618,0.0008912352723738174
8.335790604254,0.0010694590408706216
8.335800479819,0.0010694610061624224
8.335810355383,0.0010694413257236169
8.335820230947,0.001069443331517273
8.335830106511,0.0016162120573728958
8.335845031317,0.0014582643920334057
8.335858497724,0.0014562235118159514
8.33587194536,0.002186174170036527
8.335892134176,0.0008615394810489436
8.335900090415,0.0003983798211657908
8.335903769432,0.00039837869921996807
8.335907448449,0.0006077879641597992
8.335913061263,0.0009152234353525493
8.33592151337,0.00070583161864401
8.335928031838,0.0005934529672629637
8.335933512414,0.0008926005796531802
8.335941755735,0.0013393513879058608
8.335954124949,0.0020153079506310895
8.33597273692,0.001207667863211966
8.335983890196,0.0008006749246009602
8.33599128482,0.001201460220038877
8.336002380912,0.0012013763015683225
8.336013476273,0.0011995277006414372
8.336024554711,0.0009793746938248074
8.336033599939,0.000979380489502624
8.336042645166,0.0009612179608505392
8.336051522753,0.0009612024631441164
8.33606040034,0.0014432730525951172
8.336073730232,0.002165491596525029
8.336093730615,0.001250882654653102
8.336105283775,0.0011112927879244495
8.336115547806,0.0011112869743044877
8.336125811837,0.0016734914981318854
8.33614126853,0.0015071346608509391
8.336155188804,0.0015071237868610064
8.336169109077,0.0022675883784430938
8.336190053484,0.0022675622165996344
8.33621099789,0.0030760683651591776
8.336239410518,0.0021798460326721454
8.33625954529,0.0015087852762734498
8.336273481774,0.001508771113248101
8.336287418259,0.0013625528203777256
8.336300004264,0.0008175257913306843
8.336307555867,0.0008175212610232014
8.336315107471,0.0012391665195851556
8.336326553989,0.0009807595218916361
8.336335613554,0.0005884458506930165
8.336341049294,0.0005884432839048209
8.336346485033,0.000895547689564019
8.33635475765,0.001343212399392081
8.336367165578,0.0006047440256629361
8.33637275203,0.0003749974130916013
8.336376216065,0.0003430944111264287
8.336379385532,0.0003430285000130915
8.336382554345,0.0005152878654326364
8.336387314375,0.0005152748300852006
8.336392074405,0.00040970684813329674
8.336395859169,0.0003707462338493614
8.336399284061,0.0003707450598290894
8.336402708954,0.0005720658835504229
8.336407993702,0.0008580555651169693
8.336415920425,0.001294123309131703
8.336427875578,0.0019449447145399813
8.336445843449,0.0007766669218056164
8.336453018533,0.0003313029895994897
8.336456079206,0.000503863886361334
8.336460734139,0.0007556451667429929
8.336467715098,0.0011339012365310798
8.336478190737,0.0017068681563350593
8.336493959861,0.001704620670302198
8.336509708576,0.0005028287825830667
8.336514354241,0.0004161285461922582
8.336518198816,0.0006415074124439058
8.33652412568,0.0009625836126395193
8.336533019066,0.0014447241574986162
8.336546367164,0.001872371323336068
8.336563666676,0.0014042534650598464
8.33657664131,0.0008425473118199083
8.33658442609,0.0008425405540965385
8.33659221087,0.0007896213514861107
8.33659950675,0.0005923934641028339
8.336604980424,0.00059240102857216
8.336610454098,0.0005923977971799016
8.336615927771,0.0005923837705622771
8.336621401445,0.000710875819617213
8.336627969853,0.0008530233872173755
8.336635851943,0.0010236412765915566
8.336645310451,0.0012270351639188867
8.336656648615,0.0014740033891805007
8.336670268866,0.00035375035036214593
8.336673537727,0.00035376014908956047
8.336676806587,0.0005391064850260183
8.336681788182,0.0008143043899384578
8.336689312813,0.0012238925912970969
8.336700622322,0.0009293801848775857
8.336709210389,0.0006051795775186553
8.336714802718,0.0003631085991770938
8.336718158115,0.00036310762372445234
8.336721513512,0.000550687219981932
8.336726602278,0.0008260050848433149
8.336734235266,0.0012389769462676035
8.336745684604,0.001115181617645402
8.336755990008,0.0011151731806054422
8.336766295411,0.0016864222208229536
8.336781879924,0.000988222171498724
8.336791012301,0.0007587790654564898
8.336798024404,0.0008459162563320099
8.336805841833,0.0006344396611648311
8.336811704905,0.00047582539880059057
8.336816102209,0.0003568708357847805
8.336819400187,0.00026765261256659863
8.33682187367,0.00020073646559042586
8.336823728783,0.00020073621871377972
8.336825583895,0.000200735972746861
8.336827439008,0.00020073572676699273
8.33682929412,0.00020073548216776926
8.336831149233,0.00020073523767226697
8.336833004345,0.0002007458144775182
8.336834859458,0.00024087950757440042
8.336837085591,0.00024087915767829454
8.336839311726,0.00024088962975919742
8.336841537861,0.00024086764057684685
8.336843763874,0.00024087811440612268
8.336845990009,0.0002890619370138353
8.336848661371,0.00028905061967590847
8.336851332733,0.00028906094453198024
8.336854004095,0.00034686382497437233
8.336857209729,0.0004162443099838355
8.336861056491,0.000416243292043082
8.336864903252,0.00041623145719300625
8.336868750013,0.000499482907003779
8.336873366127,0.0004994814575060805
8.336877982241,0.0004994908335978576
8.336882598354,0.0005993719537292114
8.33688813769,0.0005993698920159445
8.336893677027,0.0007192454906840575
8.33690032423,0.0008630972053580676
8.336908300875,0.0010356959589311611
8.336917872848,0.0012428402339577022
8.336929359216,0.001489960157728846
8.336943129576,0.0017896480441922783
8.336959669945,0.001789641922326805
8.336976210315,0.000618500454547898
8.336981926667,0.0006184876667893508
8.336987643018,0.0005569650694312336
8.336992790719,0.0005569635043018362
8.336997938419,0.000848041784871152
8.33700577638,0.0012721318527108905
8.337017534138,0.0019137501504689247
8.337035222136,0.002872347755521078
8.337061770287,0.001749096439955726
8.33707793677,0.0012647428540867379
8.337089626569,0.0012647367939458765
8.337101316367,0.0019136476651657017
8.337119004098,0.0019136354331436398
8.337136691829,0.002876723590346542
8.337163281546,0.002452559751947664
8.337185950834,0.0021263370678975277
8.337205604948,0.00316845965271893
8.337234891676,0.0011194950896657495
8.337245239535,0.0009809055776913783
8.337254306277,0.0014774237321168134
8.337267962582,0.00133375924195944
8.337280290972,0.0013337554698589788
8.337292619362,0.0012091440065730113
8.337303796013,0.0012091516644388502
8.337314972663,0.0018225979150534998
8.337331819782,0.001442723661136695
8.337345155559,0.001442707822887889
8.337358491337,0.0021685682533819795
8.337378536617,0.0032540545492439807
8.337408615943,0.002396697147317059
8.337430770336,0.0012839228192445607
8.337442638561,0.0011562858905781168
8.337453327107,0.0011562915883968359
8.337464015652,0.0011562754214982417
8.337474704198,0.0011562698410195955
8.337485392743,0.0011562748492044705
8.337496081289,0.0017121595702538856
8.337511908572,0.0013481104478528356
8.337524370732,0.001215986395315955
8.337535611461,0.0012159680501108488
8.33754685219,0.001106228137920588
8.337557078476,0.001106221592605829
8.337567304762,0.0009668337036498105
8.337576242635,0.000966839340609136
8.337585180509,0.0009668340861754322
8.337594118382,0.0014658448063411555
8.337607669488,0.001320581274944147
8.337619877782,0.0013205710813284429
8.337632086075,0.0011966643670491338
8.337643149019,0.0011966667156257161
8.337654211963,0.0010870090765744648
8.337664261308,0.0010870128803393815
8.337674310652,0.0016407061941143772
8.33768947908,0.0016406902726940576
8.337704647508,0.0005946116370990867
8.337710144808,0.0005946095552836066
8.337715642108,0.0008945874777826408
8.337723912822,0.0013407853989372957
8.337736308813,0.0010038948374852328
8.3377455902,0.001003888968616467
8.337754871587,0.0009084098764531218
8.337763270316,0.0009084050868759078
8.337771669045,0.0008258206193902653
8.337779304186,0.000825546267100033
8.337786936872,0.0012159935533282082
8.337798179626,0.0008209073253403616
8.337805769524,0.0012376970039656798
8.337817213014,0.0018536354063421138
8.337834351459,0.0018536040721045545
8.337851489904,0.0008841816514394654
8.337859665091,0.0007085142757191447
8.337866216106,0.0010645176862498133
8.337876058769,0.0009618852183199845
8.33788495256,0.0009616847071119406
8.337893844629,0.0011683870306388089
8.337904647935,0.0008770117640719886
8.337912757081,0.0006577446936064874
8.337918838941,0.0004928361904918767
8.337923395884,0.0002219866483303136
8.337925448512,0.00022198631917797634
8.33792750114,0.00034367474642308293
8.337930678907,0.0002774871977410689
8.337933244692,0.000277486676094103
8.337935810477,0.00027748615229089595
8.337938376261,0.0002774748118208203
8.337940942046,0.0002774850980886299
8.33794350783,0.0003329857428906486
8.337946586771,0.0003329741604013458
8.337949665713,0.0003329842033183878
8.337952744654,0.0003329726130247234
8.337955823596,0.0003329718334277667
8.337958902537,0.0003995781427261635
8.337962597267,0.00039956619369010553
8.337966291997,0.0004794844136392962
8.337970725672,0.00047947194405158135
8.337975159348,0.0004794810930795179
8.337979593023,0.0005753707720514055
8.337984913434,0.0005753683398019442
8.337990233845,0.0005753767064035464
8.337995554256,0.0006904271631518264
8.338001938749,0.0008285208478560702
8.33800960014,0.0009942203186464767
8.33801879381,0.0011922282227193825
8.33802981857,0.0011913197249316136
8.338040835136,0.0011917845344014944
8.338051856047,0.000893531065820919
8.338060118908,0.0005359815590357341
8.33806507544,0.0005359901268060445
8.338070031973,0.000535977064314095
8.338074988505,0.0008100656109912373
8.338082479744,0.0008100712769434704
8.338089970982,0.0010436135323861737
8.338099622129,0.0012523336245159032
8.338111203505,0.0012398537883019315
8.338122669631,0.0009392384905335571
8.338131355663,0.0009392208153511072
8.338140041696,0.0013511640934756673
8.338152537494,0.0013524583475086995
8.33816504538,0.0008114639255731808
8.338172550112,0.0008114588693804178
8.338180054844,0.0010143300065993536
8.338189435758,0.0007607261191411788
8.338196471445,0.0005705524977311166
8.338201748209,0.000427912740081662
8.338205705782,0.00032093363654316244
8.338208673962,0.00024048886937623213
8.338210898175,0.00018052314122574543
8.338212567777,0.000135392192421725
8.338213819978,0.0001015386460710252
8.338214759128,0.00010154937972226328
8.338215698279,0.0001015384886145443
8.33821663743,0.0001015492221449186
8.338217576581,0.00010153833061337103
8.338218515731,0.00010154906417739662
8.338219454882,0.00010153817308038275
8.338220394033,0.0001015489062844486
8.338221333183,0.00012185425874634968
8.338222460164,0.00012184333271078628
8.338223587145,0.00012185403155188878
8.338224714126,0.00012185391751147695
8.338225841107,0.00012185380416235284
8.338226968088,0.0001462244149181716
8.338228320465,0.0001462134383033428
8.338229672842,0.0001462240870332214
8.338231025219,0.0001462239234414797
8.338232377596,0.0001462237589183533
8.338233729973,0.00014622359512517818
8.33823508235,0.00017545944765622382
8.338236705202,0.00017547002312588155
8.338238328055,0.00017545897480253605
8.338239950907,0.00017546954995326328
8.33824157376,0.00017545850062269033
8.338243196612,0.00017546907583279153
8.338244819465,0.00021055392794407676
8.338246766887,0.00021055358610651276
8.33824871431,0.00025266601367246065
8.338251051218,0.000252665520168134
8.338253388125,0.00025266502533481943
8.338255725033,0.0002526645304601341
8.33825806194,0.00030319894430774145
8.338260866229,0.00030319822867043867
8.338263670518,0.00036384125261397515
8.338267035665,0.0004365929993000228
8.338271073841,0.0004366023147786064
8.338275112018,0.0004366008131369613
8.338279150194,0.00031435122047315567
8.338282057681,0.00031435043671995206
8.338284965167,0.0004805356944697797
8.338289409838,0.0007214595802717914
8.338296082812,0.0009042133121252253
8.338304446244,0.0010863683066263724
8.338314494518,0.0013036225494607505
8.338326552448,0.0009386114920619898
8.338335234157,0.0009385931613593534
8.338343915866,0.0009385855388420414
8.338352597575,0.0014096529456612088
8.338365636696,0.0014094837444740664
8.338378674392,0.001271759770640615
8.338390438346,0.0012717555035106302
8.3384022023,0.0012716969136157108
8.33841396594,0.0018921871109130477
8.338431469477,0.0018921408764948134
8.338448973013,0.0018921156173629754
8.33846647655,0.0018920682305264768
8.338483980087,0.0010065477564834885
8.338493291782,0.000873539211858413
8.338501373077,0.0013273454216633101
8.338513652823,0.0013298995874092396
8.338525956333,0.0009974206655599177
8.338535183965,0.0007480505617537479
8.338542104689,0.0005609773308773635
8.338547294702,0.00042077407135295556
8.338551187609,0.000315582039195193
8.33855410729,0.00031558099683493484
8.33855702697,0.00031557995462855765
8.338559946651,0.000378690247626529
8.338563450268,0.00037868874883889743
8.338566953884,0.0004544223608251647
8.338571158224,0.0004544310154357248
8.338575362564,0.0003271816490476873
8.338578389689,0.00032718053390011183
8.338581416814,0.0005035063041897392
8.338586075316,0.0007550761890556833
8.338593061427,0.001130728030105732
8.33860352317,0.0013568497828721343
8.338616077262,0.0016281926871285358
8.338631142173,0.0016242532848941777
8.338646170909,0.001406716264930657
8.338659186992,0.0014066961063655633
8.338672203075,0.0014066759258707362
8.338685219157,0.0021176001731030565
8.338704813894,0.0016034478319730749
8.338719651287,0.0009619543256485485
8.338728552813,0.0005771679647706075
8.338733893729,0.0005771644772649194
8.338739234645,0.0008819442971773384
8.338747395912,0.0008819360747000578
8.338755557178,0.0008819169943255692
8.338763718444,0.0013168300876258397
8.338775904435,0.0013168005032626953
8.338788090269,0.0013166518487009924
8.338800275023,0.001978383188569861
8.338818583915,0.0015903984360034688
8.338833302527,0.0010542851759237698
8.338843059679,0.0010542615701387135
8.33885281683,0.0016007140955819881
8.338867631485,0.001600673160514124
8.338882446139,0.0005538202701831272
8.338887571921,0.0005538166118898052
8.338892697702,0.0005080347546154956
8.338897399792,0.0005080316557120483
8.338902101881,0.0007301097599596516
8.338908859503,0.0005475780919403647
8.33891392772,0.00041068658542274365
8.338917728882,0.00030801359428576735
8.338920579753,0.00023100133464792487
8.338922717907,0.00023101148866784313
8.338924856061,0.00023100003401095598
8.338926994215,0.00023101018594803648
8.338929132369,0.0002772070405213533
8.338931698153,0.000332640725022405
8.338934777094,0.00033263936864362894
8.338937856036,0.00033264881493075184
8.338940934977,0.00033263665184106016
8.338944013919,0.0003326460947052327
8.33894709286,0.0003326339287993573
8.338950171802,0.0003326325647372386
8.338953250743,0.0003991702403705903
8.338956945473,0.00039915746901845567
8.338960640202,0.0003991554995908071
8.338964334932,0.0003991643317268808
8.338968029662,0.0003991515555673347
8.338971724391,0.0004789857426703737
8.338976158067,0.00047897209516874033
8.338980591743,0.0005747822031683937
8.338985912154,0.0005747673002650305
8.338991232564,0.0005747631990598267
8.338996552975,0.0006897125857011889
8.339002937468,0.0006897066813218188
8.339009321961,0.0006897007778506964
8.339015706454,0.0006896840753309001
8.339022090947,0.0008276260740064867
8.339029752338,0.0009931422667756795
8.339038946008,0.0005645507431346565
8.339044172213,0.00027277872289119205
8.339046697357,0.0002727670014720928
8.339049222501,0.000412200388873468
8.339053038446,0.0006182048421731094
8.339058761428,0.0009252136889532582
8.339067326564,0.000924857550995747
8.339075888618,0.0013899888123603053
8.339088756814,0.001389360519030198
8.339101619389,0.0010412760014573042
8.339111259646,7.271449669355569e-05
8.33911193279,6.783226862052002e-06
8.339111995634,1.528386093352929e-05
8.339112137103,3.443458164355733e-05
8.339112455939,5.7333330571180125e-05
8.339112986732,9.169220154309659e-05
8.33911383556,0.00013756511518785023
8.339115109221,0.00020636884729055042
8.339117019833,0.0003095307057209386
8.339119885453,0.0004698294821932904
8.339124235323,0.00046961080679983156
8.339128583064,0.10805503121958646
8.34012952908,0.10844040629695173
8.341134820741,0.1085492593285888
8.342141565599,0.10934455557011187
8.343156399619,0.1077563145650969
8.344157164596,0.10766002713491872
8.345157410762,0.1082922425441664
8.346164047482,0.10847326141463624
8.347171422445,0.10833884912328122
8.348178181303,0.1087824987600004
8.349191283867,0.10850762883123377
