-0.34462761827,0.0
-0.343626301376,0.0
-0.342619596326,0.0
-0.341575222688,0.0
-0.340537423828,0.0
-0.339499624968,0.0
-0.338461826107,0.0
-0.337424027247,0.0
-0.336386228387,0.0
-0.335367744417,0.0
-0.334327744417,0.0
-0.333287744417,0.0
-0.332247744417,0.0
-0.331207744417,0.0
-0.330167744417,0.0
-0.329127744417,0.0
-0.328087744417,0.0
-0.327047744417,0.0
-0.326007744417,0.0
-0.324967744417,0.0
-0.323927744417,0.0
-0.322887744417,0.0
-0.321847744417,0.0
-0.320807744417,0.0
-0.319767744417,0.0
-0.318727744417,0.0
-0.317687744417,0.0
-0.316647744417,0.0
-0.315607744417,0.0
-0.314567744417,0.0
-0.313527744417,0.0
-0.312487744417,0.0
-0.311447744417,0.0
-0.310407744417,0.0
-0.309367744417,0.0
-0.308327744417,0.0
-0.307287744417,0.0
-0.306247744417,0.0
-0.305207744417,0.0
-0.304167744417,0.0
-0.303127744417,0.0
-0.302087744417,0.0
-0.301047744417,0.0
-0.300007744417,0.0
-0.298967744417,0.0
-0.297927744417,0.0
-0.296887744417,0.0
-0.295847744417,0.0
-0.294807744417,0.0
-0.293767744417,0.0
-0.292727744417,0.0
-0.291687744417,0.0
-0.290647744417,0.0
-0.289607744417,0.0
-0.288567744417,0.0
-0.287527744417,0.0
-0.286487744417,0.0
-0.285447744417,0.0
-0.284407744417,0.0
-0.283927744417,0.0
-0.282887744417,0.0
-0.281847744417,0.0
-0.280807744417,0.0
-0.279767744417,0.0
-0.278727744417,0.0
-0.277687744417,0.0
-0.276647744417,0.0
-0.275607744417,0.0
-0.274567744417,0.0
-0.273527744417,0.0
-0.272487744417,0.0
-0.271447744417,0.0
-0.270407744417,0.0
-0.269367744417,0.0
-0.268327744417,0.0
-0.267287744417,0.0
-0.266247744417,0.0
-0.265207744417,0.0
-0.264167744417,0.0
-0.263127744417,0.0
-0.262087744417,0.0
-0.261047744417,0.0
-0.260007744417,0.0
-0.258967744417,0.0
-0.257927744417,0.0
-0.256887744417,0.0
-0.255847744417,0.0
-0.254807744417,0.0
-0.253767744417,0.0
-0.252727744417,0.0
-0.251687744417,0.0
-0.250647744417,0.0
-0.249607744417,0.0
-0.248567744417,0.0
-0.247527744417,0.0
-0.246487744417,0.0
-0.245447744417,0.0
-0.244407744417,0.0
-0.243367744417,0.0
-0.242327744417,0.0
-0.241287744417,0.0
-0.240247744417,0.0
-0.239207744417,0.0
-0.238167744417,0.0
-0.237127744417,0.0
-0.236087744417,0.0
-0.235047744417,0.0
-0.234007744417,0.0
-0.232967744417,0.0
-0.231927744417,0.0
-0.230887744417,0.0
-0.229847744417,0.0
-0.228807744417,0.0
-0.227767744417,0.0
-0.226727744417,0.0
-0.225687744417,0.0
-0.224647744417,0.0
-0.223607744417,0.0
-0.222567744417,0.0
-0.222487744417,0.0
-0.221447744417,0.0
-0.220407744417,0.0
-0.219367744417,0.0
-0.218327744417,0.0
-0.217287744417,0.0
-0.216247744417,0.0
-0.215207744417,0.0
-0.214167744417,0.0
-0.213127744417,0.0
-0.212087744417,0.0
-0.211047744417,0.0
-0.210007744417,0.0
-0.208967744417,0.0
-0.207927744417,0.0
-0.206887744417,0.0
-0.205847744417,0.0
-0.204807744417,0.0
-0.203767744417,0.0
-0.202727744417,0.0
-0.201687744417,0.0
-0.200647744417,0.0
-0.199607744417,0.0
-0.198567744417,0.0
-0.197527744417,0.0
-0.196487744417,0.0
-0.195447744417,0.0
-0.194407744417,0.0
-0.193367744417,0.0
-0.192327744417,0.0
-0.191287744417,0.0
-0.190247744417,0.0
-0.189207744417,0.0
-0.188167744417,0.0
-0.187127744417,0.0
-0.186087744417,0.0
-0.185047744417,0.0
-0.184007744417,0.0
-0.182967744417,0.0
-0.181927744417,0.0
-0.180887744417,0.0
-0.180487744417,0.0
-0.179447744417,0.0
-0.178407744417,0.0
-0.177367744417,0.0
-0.176327744417,0.0
-0.175287744417,0.0
-0.174247744417,0.0
-0.173207744417,0.0
-0.172167744417,0.0
-0.171127744417,0.0
-0.170087744417,0.0
-0.169047744417,0.0
-0.168007744417,0.0
-0.166967744417,0.0
-0.165927744417,0.0
-0.164887744417,0.0
-0.163847744417,0.0
-0.162807744417,0.0
-0.161767744417,0.0
-0.160727744417,0.0
-0.159687744417,0.0
-0.158647744417,0.0
-0.157607744417,0.0
-0.156567744417,0.0
-0.155527744417,0.0
-0.154487744417,0.0
-0.153447744417,0.0
-0.152407744417,0.0
-0.151367744417,0.0
-0.150327744417,0.0
-0.149312832703,0.0
-0.148397020284,0.0
-0.147391750068,0.0
-0.146384175906,0.0
-0.145376230618,0.0
-0.144369870183,0.0
-0.14349707319,0.0
-0.142466849655,0.0
-0.14143628893,0.0
-0.14042165182,0.0
-0.13938165182,0.0
-0.13836569976,0.0
-0.137356785223,0.0
-0.136336887662,0.0
-0.135272343952,0.0
-0.134231256705,0.0
-0.133200531527,0.0
-0.132180902908,0.0
-0.131102838698,0.0
-0.130062838698,0.0
-0.129022838698,0.0
-0.128016824012,0.0
-0.126981461833,0.0
-0.125941461833,0.0
-0.124901461833,0.0
-0.123861461833,0.0
-0.122821461833,0.0
-0.122261461833,0.0
-0.121208227259,0.0
-0.120159698849,0.0
-0.11910033387,0.0
-0.118075435973,0.0
-0.117061893726,0.0
-0.116021893726,0.0
-0.114981893726,0.0
-0.113941893726,0.0
-0.112901893726,0.0
-0.111861893726,0.0
-0.110821893726,0.0
-0.109781893726,0.0
-0.108755138178,0.0
-0.10773626702,0.0
-0.106660126661,0.0
-0.105597598246,0.0
-0.104588689804,0.0
-0.103580811055,0.0
-0.102560004271,0.0
-0.101553661627,0.0
-0.100544826347,0.0
-0.099535991067,0.0
-0.098596030408,0.0
-0.097593724425,0.0
-0.096542149144,0.0
-0.095534464014,0.0
-0.094526778883,0.0
-0.093519093753,0.0
-0.092511408622,0.0
-0.09148694375,0.0
-0.090456407448,0.0
-0.089451326906,0.0
-0.088444238874,0.0
-0.087395240715,0.0
-0.0863465053,0.0
-0.085510800206,0.0
-0.084494313459,0.0
-0.083466029085,0.0
-0.08244919217,0.0
-0.081434360151,0.0
-0.080411369787,0.0
-0.079391494755,0.0
-0.078371619723,0.0
-0.077351744691,0.0
-0.076898466899,0.0
-0.075871828003,0.0
-0.074831828003,0.0
-0.073791828003,0.0
-0.072751828003,0.0
-0.071711828003,0.0
-0.070671828003,0.0
-0.069631828003,0.0
-0.068591828003,0.0
-0.067551828003,0.0
-0.066511828003,0.0
-0.065471828003,0.0
-0.064831828003,0.0
-0.063791828003,0.0
-0.062751828003,0.0
-0.061711828003,0.0
-0.060671828003,0.0
-0.059631828003,0.0
-0.058591828003,0.0
-0.057551828003,0.0
-0.056511828003,0.0
-0.055471828003,0.0
-0.054431828003,0.0
-0.053391828003,0.0
-0.052351828003,0.0
-0.051311828003,0.0
-0.050279600875,0.0
-0.049245031222,0.0
-0.048169752591,0.0
-0.047123773567,0.0
-0.046083773567,0.0
-0.045080973341,0.0
-0.044011299186,0.0
-0.042971299186,0.0
-0.042651299186,0.0
-0.041611299186,0.0
-0.040571299186,0.0
-0.039531299186,0.0
-0.038491299186,0.0
-0.037451299186,0.0
-0.037051299186,0.0
-0.036011299186,0.0
-0.034971299186,0.0
-0.033931299186,0.0
-0.032891299186,0.0
-0.031851299186,0.0
-0.030811299186,0.0
-0.030251299186,0.0
-0.029211299186,0.0
-0.028171299186,0.0
-0.027131299186,0.0
-0.026331299186,0.0
-0.025291299186,0.0
-0.024281835358,0.0
-0.023257591096,0.0
-0.022200769851,0.0
-0.021560769851,0.0
-0.020520769851,0.0
-0.019480769851,0.0
-0.018600769851,0.0
-0.017560769851,0.0
-0.016520769851,0.0
-0.016120769851,0.0
-0.015080769851,0.0
-0.014040769851,0.0
-0.013560769851,0.0
-0.012520769851,0.0
-0.011594743593,0.0
-0.010574743593,0.0
-0.010109743593,0.0
-0.0090747624174,0.0
-0.0088947624174,0.0
-0.0079610124174,0.0
-0.0069822624174,0.0
-0.0061638288994,0.0
-0.0054550788994,0.0
-0.0048349226494,0.0
-0.0043033601494,0.0
-0.0038097663994,0.0
-0.0033921101494,0.0
-0.0030076765556,0.0
-0.0026801960869,0.0
-0.0023811921806,0.0
-0.0021142244072,0.0
-0.001884632122,0.0
-0.001678399517,0.0
-0.0014921894951,0.0
-0.0013300065727,0.0
-0.0011843422813,0.0
-0.0010536949272,0.0
-0.0009365628166,0.0
-0.00083745103071,0.0
-0.00074622313688,0.0
-0.00066682108114,0.0
-0.0005958660526,0.0
-0.00053378040264,4.844887282066784e-10
-0.00047866355012,1.3133792108025487e-09
-0.00045205541442,3.9613125603666634e-10
-0.00044339169287,4.846398949309136e-10
-0.00043268951893,6.69659870433901e-10
-0.00041687278128,9.113669181268513e-10
-0.00039513696253,1.4547406244184135e-09
-0.00035789984158,7.654753213900609e-10
-0.00033745336778,5.57569617555343e-10
-0.00032231074644,4.753567316079067e-11
-0.00032100527965,4.907594954278932e-10
-0.00030750496993,5.090680319335733e-10
-0.00029336102178,4.6023228673901284e-10
-0.00028048828696,4.958815255036948e-10
-0.00026652867838,3.6170510606577874e-10
-0.00025630746686,3.277123003188442e-10
-0.0002470238337,1.170098480097921e-10
-0.00024370531546,2.8551289972906043e-10
-0.00023560108269,3.262175788650656e-10
-0.00022633271685,2.864425488011016e-10
-0.00021818948968,3.280087875601379e-10
-0.00020886421939,2.812257132355987e-10
-0.00020087292399,2.779319415570256e-10
-0.00019298163461,3.001133609812107e-10
-0.00018447043752,2.4704670156723566e-10
-0.00017747236214,3.051644250928598e-10
-0.00016884692562,3.724109142676571e-10
-0.00015834977216,2.7862565517245607e-10
-0.0001505210835,2.9877079944287275e-10
-0.00014214426323,3.205425969398103e-10
-0.00013319671912,3.8170831595081615e-10
-0.00012258607676,3.9615487722619447e-10
-0.00011162949809,3.968397996559612e-10
-0.00010071846713,3.6759356690086604e-10
-9.0671209344e-05,2.2742990167415476e-11
-9.0050543349e-05,3.136676717518803e-10
-8.1532037134e-05,3.066349352574639e-10
-7.3251881046e-05,2.9287503127878665e-10
-6.5387890732e-05,2.692480226576119e-10
-5.8195828375e-05,2.572797874492211e-10
-5.1359094769e-05,2.385019109874885e-10
-4.5052624198e-05,2.3348146994805103e-10
-3.8910038881e-05,2.3180469371746563e-10
-3.2842882269e-05,2.1951703965101625e-10
-2.712514728e-05,2.0028647794715064e-10
-2.1931275862e-05,2.0110328449886567e-10
-1.673995238e-05,2.014528334706038e-10
-1.1563869484e-05,1.957905432509937e-10
-6.5559664162e-06,1.9716039832178893e-10
-1.5362945708e-06,1.7951055376690346e-10
3.0138079706e-06,1.6303395530560722e-10
7.1294729131e-06,1.6955796408979068e-10
1.1393319291e-05,1.6979563245869772e-10
1.563606687e-05,1.694323024076533e-10
1.9860108949e-05,6.699840667959302e-12
2.0025397552e-05,3.831636040807511e-10
2.94788932e-05,6.233030464831694e-10
4.4661540198e-05,7.043618760784185e-10
6.1532177082e-05,7.302590223572176e-10
7.8700945818e-05,7.675050635015829e-10
9.6368642236e-05,7.781750867835684e-10
0.00011390254192,7.875032502769291e-10
0.00013124048485,7.926746700926113e-10
0.00014830056393,8.094803966925823e-10
0.00016530103551,8.176965298723889e-10
0.0001820565819,8.609618963046194e-10
0.00019926323608,9.037790227447578e-10
0.00021683331327,9.23051998351158e-10
0.00023428346721,1.015778400044041e-09
0.00025292414567,1.0243952284058413e-09
0.00027114724358,1.1193904828573803e-09
0.00029040732096,1.2297648127619795e-09
0.00031084611508,1.1815160730027994e-09
0.00032977450312,1.393467672195571e-09
0.00035125459379,1.5506613722898491e-09
0.00037416485736,1.4825176012890638e-09
0.00039507196208,1.761522931852032e-09
0.00041888079012,2.0244503989036835e-09
0.0004445943244,2.348641052285048e-09
0.00047228176029,2.41353801158537e-09
0.00049815495614,3.0707299844346184e-09
0.00052757355787,3.854457859979898e-09
0.00055888534537,5.107190981670977e-09
0.00059253232535,7.123649306738379e-09
0.0006284782125,9.708357561389778e-09
0.00066449245576,1.3485299536840665e-08
0.00070060032333,2.117564060128173e-08
0.0007402550099,3.357189886865221e-08
0.00078274535546,5.376749759526595e-08
0.00082846176046,8.845752254950416e-08
0.00087789158436,1.3846255632757024e-07
0.00092980131543,2.3600469578010766e-07
0.0009850065406,3.963865897777348e-07
0.0010430338564,8.317948976478077e-07
0.0011165306549,1.6010663160525006e-06
0.0011972848439,3.0322170376945503e-06
0.0012820575473,5.8597917234074965e-06
0.0013680112932,1.2799341218174972e-05
0.0014690547594,2.531553215843388e-05
0.0015778859391,4.9500328574386e-05
0.0016927547392,0.00010155549376575509
0.0018226931882,0.00018282095397711723
0.0019594122304,0.00032146963826155614
0.0021073702384,0.0004898861984840421
0.0022539410504,0.00071546935494042
0.0024005118623,0.00103206690754707
0.0025470826743,0.0014815956063096087
0.0026936534862,0.002504447753033993
0.0028642987729,0.0036506299851113973
0.0030426222225,0.005232344460502124
0.0032209456721,0.00682646337390723
0.0033992691217,0.008641318739425136
0.0035775925713,0.010694661832885134
0.0037559160209,0.012650837383487537
0.0039342394705,0.0151619325768221
0.0041179569751,0.019788138690154045
0.0043247501145,0.023167886982299737
0.0045372414715,0.02585472914100052
0.0047497328284,0.028355875696980483
0.0049622241853,0.028297674493345366
0.0051589855616,0.038664004150154106
0.005409559138,0.03746803774573677
0.0056362740374,0.037489964076348664
0.0058514044296,0.04526324902558265
0.0060970012865,0.048893394197409394
0.0063485210426,0.05172126512206427
0.006600586146,0.05459090256702887
0.0068526512494,0.05738213905694487
0.0071034139329,0.06076403990800575
0.0073542865901,0.06485335380462391
0.0076065861543,0.06905264503274927
0.0078590571677,0.07323709515627795
0.0081102441952,0.0778600748803434
0.0083604390036,0.08411511028279076
0.0086134997751,0.09011928938742195
0.0088673887231,0.09642520157718326
0.0091220009678,0.10215305184235325
0.0093750334404,0.10822521279094996
0.0096271752907,0.11579564460220867
0.0098814194779,0.12059693347861418
0.010131553377,0.12844160510410316
0.010383960319,0.1353300831450255
0.010636367261,0.1423171588924923
0.010888774204,0.14943275598669697
0.011141181146,0.15664049619698356
0.011393588088,0.16389673848511035
0.01164599503,0.1698056582309709
0.011896411254,0.1790642174740041
0.012149601588,0.18650999032544202
0.012402791922,0.19385156216009167
0.012655982256,0.2011409598322342
0.01290917259,0.20865813753232526
0.013162362924,0.2161341083416288
0.013415553259,0.2234703207343922
0.013668743593,0.23099234055064768
0.013921933927,0.23867688279708904
0.014175124261,0.24595859984311774
0.014428314595,0.25284014884498246
0.014681504929,0.25994430323326534
0.014934695263,0.26720212839366964
0.015187885597,0.2740513383184927
0.015441075931,0.2805539190694127
0.015694266265,0.2871787209278341
0.015947456599,0.3027718477870883
0.01620812944,0.30569786756704564
0.01646524862,0.31255886546383804
0.0167223678,0.31932802625191453
0.01697948698,0.3258313598990681
0.017236606159,0.3325853272629763
0.017493725339,0.3393579505709484
0.017750844519,0.3466532162928371
0.018007963699,0.3539312299910666
0.018265082879,0.36125700225430596
0.018522202059,0.36864072159656164
0.018779321239,0.3761453935797445
0.019036440419,0.3837623481200336
0.019293559599,0.39129399514801955
0.019550678778,0.3987263496315459
0.019807797958,0.4064140729743504
0.020064917138,0.41321113267330123
0.020322036318,0.42019699937490274
0.020579155498,0.4268258694104675
0.020836274678,0.43308745682149435
0.021093393858,0.43923014424280343
0.021350513038,0.44561766373953876
0.021607632218,0.4519302076545115
0.021864751397,0.457665702388816
0.022121870577,0.4622695978920527
0.022378989757,0.46607981652594266
0.022636108937,0.47041956057393075
0.022893228117,0.475897527147002
0.023150347297,0.4815597603506567
0.023407466477,0.48616747431730817
0.023664585657,0.4894697620516789
0.023921704837,0.49261764484791903
0.024178824016,0.4969176474271442
0.024435943196,0.49452153112980524
0.024688929563,0.49704385816660684
0.024940279976,0.15842839557706698
0.025019857108,2.031498553095969
0.026020887515,2.1319301485972098
0.02703460622,2.210634000995356
0.02805123552,2.265895001483282
0.029062655133,2.3205024340626577
0.030074074745,2.3395297421808094
0.031075852417,1.1759127506774294
0.03156881645,2.4228542123670316
0.032571436558,2.4846879363676453
0.033572867525,2.5677324847108567
0.034584338762,2.61082946011664
0.035594304504,2.6391192085597157
0.036601171343,2.6699270095341574
0.037607369454,2.78192092685631
0.038643132641,2.7208899543630727
0.039643192269,2.8248120879198813
0.040665258823,2.8644816284525176
0.041687325378,2.885425453430923
0.042709391933,2.8990744118048095
0.043734650529,2.9163529731907065
0.044762948833,2.960485301002828
0.045797340646,2.9417739465188175
0.046808828146,3.0287173935805742
0.047829268898,3.0425047757975556
0.048839696101,3.0961419005929045
0.049864707991,3.0549484173764605
0.050875610663,3.164946011262854
0.051917846275,3.103893069165805
0.052933840738,3.099290707719486
0.053943350728,3.161071701612479
0.054974777378,3.13582153777955
0.05600831588,3.067320301846377
0.057024494254,3.165409533263583
0.058067610405,3.102229825142135
0.059082548973,3.121496563958099
0.060093040933,3.251476296217037
0.061130150828,3.348906508791583
0.06218506191,3.2512969741450446
0.063203864441,3.2071050217686365
0.064206215077,3.3349044373382304
0.065244140974,3.214629577361071
0.066245802477,3.2494677609058056
0.067264149841,3.2012952191836566
0.068270770805,3.3177626078753035
0.069310506667,3.245832280310105
0.070319205732,3.3663669189502077
0.071356681217,3.4854798543288297
0.072429118084,3.277323940205152
0.073443615324,3.237715231053938
0.07444646983,3.313172951673183
0.075466705589,3.3242147433011047
0.076478568887,3.3984923379408754
0.077508327487,3.255288186673412
0.078509778137,3.212904283079232
0.079517944334,3.3252340679716474
0.080573161195,3.1742253035000143
0.081581241195,3.351434910493292
0.082644429675,3.1409999472291537
0.083644677609,3.147625571816991
0.084651890069,3.2036795791285866
0.08567808928,3.123805019635622
0.086678409632,3.2041151322439427
0.08770705651,3.260516294308655
0.088758119386,3.092342889036852
0.089758221572,0.7046329581309662
0.089986544372,3.1500506466754405
0.091009302035,3.2652181513486864
0.092071307199,3.213926484727846
0.09311699354,3.084137339943925
0.094122290037,3.1268966834729675
0.095148553763,3.0329707691335663
0.096153208303,3.104528551945562
0.097190654935,2.976582176392319
0.09819259035,2.99970210511059
0.099208557469,3.018045765913642
0.100237047469,3.0094315949239006
0.101269208356,2.9308194418367055
0.102281987675,2.875501534878988
0.103282904611,2.8738809249101838
0.104289072803,2.893074066850186
0.10530763961,2.8495097779104492
0.106316879962,2.826080971179304
0.107325041148,2.8314433548810265
0.108341838279,2.8391638420514353
0.109368164722,2.8258334990025276
0.110396876102,2.810264647638375
0.111424468043,2.7749896142343307
0.112444327699,2.710701131150702
0.113445184803,2.6988323208945295
0.114446126374,2.7168833902155196
0.115458698015,2.7538149833885766
0.11648911819,2.7044202051276556
0.117506251567,2.682726614976479
0.118521227834,2.651791882984094
0.11952859016,2.6915472364295443
0.120554829677,2.6678831825744744
0.121575251487,2.6157419743293486
0.122579847927,2.669537029738002
0.123613000864,2.584732451062234
0.124619147801,2.586707149238964
0.125629349683,2.566852953757412
0.126636396383,2.594836559951013
0.127658107807,2.5424138166846895
0.128661262772,2.5367330303227087
0.129663556825,2.570628001478933
0.130681136666,2.5616091569717017
0.131696404822,2.546393245844339
0.132707827687,2.53182311519177
0.133715931934,2.5616549989010817
0.134736938065,2.5108036757203873
0.135739930299,2.536041203501074
0.136754487357,2.5038013570228776
0.137758399957,2.5553183023535704
0.138788138572,2.470795223467764
0.139788711061,2.4587583367608605
0.14078888625,2.4929362544798224
0.141807757009,2.4619304305759178
0.142818176551,2.4341441717519805
0.143820549058,2.431408986620021
0.144824376585,2.428451487614327
0.145830826163,2.429110563820874
0.146841518554,2.4096769237791045
0.147846724329,2.404465574043786
0.14885278243,2.3991652975241076
0.149861088286,2.3698643260277517
0.150862801778,2.3657885339419793
0.151869189551,2.3715609126669173
0.152884674229,2.3621390151830215
0.153902578594,2.3342798172467663
0.154914454424,2.306482237411473
0.155920437559,2.29617786163411
0.156928618328,1.1330195345183973
0.15742868591,2.2863067043269014
0.158440359056,2.251616232693919
0.159440366456,2.255504496566519
0.160444403459,2.253717674040409
0.161448648454,2.259107190938517
0.16245739234,1.745197021033455
0.163237975997,2.1865791483654644
0.164217431367,2.2431590145551192
0.165224274466,2.047356544083292
0.166144396107,2.2399849249418606
0.167152801511,1.8815979613417742
0.168002069492,2.244038010703613
0.16901810443,2.122772623816991
0.169982770634,2.2040148094027137
0.170988925858,2.1932826345347256
0.171995081081,2.1820323077729338
0.173001236305,2.1707226266609188
0.174007618108,2.1451123715388123
0.175008081571,2.132869513210738
0.176008457527,2.1511395462816743
0.17702162447,1.8039820578211927
0.177873286881,1.8952031775058944
0.178769259449,2.1171914392352997
0.17977072118,1.7780646477470294
0.180611526767,1.8658590241080475
0.181494119068,1.8643307130554596
0.18237671137,1.8645395554795001
0.183259303671,1.864546754631499
0.184141895973,2.1227695572196494
0.185145966505,2.1312729368731422
0.186154874029,2.1309426555089446
0.187163781552,1.5147209267784598
0.187880398975,1.798575082955071
0.188731241035,1.8028059697594294
0.189584679647,2.1076605004303692
0.190584720327,1.5980891743453445
0.191345246923,1.3210425531284118
0.191976609559,1.7135304690257898
0.192798009489,0.8921927249981126
0.193226417363,1.9754144237357496
0.194180975621,1.3801575942477529
0.194851712101,1.0143766066552227
0.195345492484,2.0445732018343765
0.196346179946,1.665973695339103
0.19716434592,2.0394204859653957
0.198165192543,1.7638715379085936
0.199030523436,1.4260041322190908
0.199730086185,1.116608560726869
0.200278405124,1.4379531732256439
0.200985058615,1.9414142162191033
0.201938022751,1.2255677566961947
0.20253915972,2.053279431365481
0.2035458648,1.638528737097428
0.204349980969,2.0620087606506003
0.205363111339,2.0421579924429105
0.2063654704,2.05485482269336
0.20737281956,2.051838727753293
0.208379013003,2.0596132316481293
0.209388399007,2.0624672576028895
0.210395480765,1.9243963624184186
0.211332793878,1.4091960257861982
0.212018727196,2.060782944401247
0.213021496525,1.5911612248166518
0.213796071139,1.9707446597835863
0.214756461343,2.049783870307199
0.215757696262,2.0490914008935985
0.216759670953,1.9166313539666475
0.217698028767,1.6600048820275501
0.218511502122,2.019798153702601
0.219502212384,0.856139442367825
0.219923176955,1.9915758272327968
0.220905572528,1.860772462091842
0.221826392235,0.9805847114023899
0.222312016494,1.0576785784901181
0.222836415957,1.8240054340037337
0.223741793654,2.015614988765475
0.224742810765,1.8677847741485747
0.225669265226,0.8072834189546797
0.226069936436,2.019208521611729
0.227072738629,0.7273707397939307
0.22743399929,2.0251697629761143
0.228439419549,0.6551249446706671
0.228764577607,1.4386852237567427
0.229477744947,1.547258534013368
0.2302452764,0.942191472502268
0.230713050747,1.4313618113735442
0.231423519753,1.546282966954617
0.232191911787,0.949381717521331
0.232664001006,1.600416355364361
0.233463601957,1.520506458976081
0.234225026286,1.9996840051652807
0.235229851518,1.421051401000932
0.235946352975,1.4286163844735633
0.236668300432,1.9977613389432514
0.23767827655,0.9429509995903864
0.238155523329,1.0657630237934266
0.238695017775,0.9604005510273014
0.239181940116,1.8685527011782805
0.240129910452,0.7362545347638284
0.240503690007,1.135617142672574
0.241080146111,1.042327664451709
0.241609073747,1.3180739651501543
0.242277060552,1.6635150505996221
0.243119012709,0.14632423115317636
0.243193064969,1.0437775650060692
0.243719592533,0.9114485102453651
0.244178702329,1.5503047866954116
0.244957082969,0.7102295211123386
0.245313331339,1.3007205436014198
0.245964370426,2.012975686582298
0.24696978516,0.9265456173001594
0.24743304196,1.120629836569474
0.247993278384,0.2504209573269363
0.248118469063,1.694040827669258
0.248965256261,0.7618641809666139
0.249346590586,1.150946312128574
0.249922504164,1.0067756474356546
0.250426166156,0.7725336586573267
0.250812553058,1.5670025677628294
0.251595773489,0.6640175549880889
0.251927398961,1.470915222064015
0.25266105149,0.5741623477607436
0.252947132218,1.9626045514328343
0.253924246424,1.2493952890894773
0.254546555524,1.2484428341236713
0.255169654645,2.0080083470383587
0.256175129286,1.620003654713464
0.256987756592,0.835853332674798
0.257407346789,1.2583764689888486
0.258041138164,1.0630949531027136
0.258577598141,1.4999034270955092
0.259337041089,1.1883027114288698
0.259940081152,0.6742075773217722
0.260282293913,1.2611827777233187
0.26092305103,0.6015633421290477
0.261228739872,1.5346448415990437
0.26200889281,1.9891736667173583
0.263018993995,1.9822368697685433
0.264022365675,0.524976528953522
0.264287691271,1.7590883152781498
0.265175079818,1.3505874218508034
0.265855960918,1.2299099546936971
0.266474793024,1.7542334758002587
0.267356791281,1.4029302387516605
0.26806339312,1.2097047973816362
0.268672454815,0.4062465986035699
0.268876739409,1.5110507511211426
0.26963642284,0.8862399951229764
0.270082248138,1.9922408708346042
0.271084417379,1.8213433987818923
0.272000147905,1.3377508479196925
0.272673829682,0.7290408836963973
0.273041293079,1.6757529264313533
0.27388628241,1.6371373811534202
0.274712128184,0.6396213347478579
0.275034900894,1.3157860221927986
0.275698576756,1.0028735200879684
0.276203581266,1.9916073251108128
0.277205165967,1.1385333290196327
0.277777799336,1.6065697302603377
0.278586862533,1.990640608324512
0.279590748847,1.986530727558609
0.280596694,1.9762972764222695
0.281603525582,1.9710908363791793
0.282610357164,1.9692693316108028
0.283617188746,1.96563460158961
0.284624020328,1.961992333512821
0.28563085191,1.9639477631163904
0.286637683492,1.9682478940791406
0.287644515074,1.9727056709001796
0.288651346656,1.9785528673507495
0.289658178238,1.7690232296568524
0.290557549466,1.9869386249552583
0.29156645699,1.9884276306586715
0.292575364513,1.986543148816036
0.293584272037,1.9918454158599894
0.29459317956,1.997384730145808
0.295602087083,1.7145546072669717
0.296466370017,1.0389011279372653
0.296989713364,1.8650019209375606
0.297929138747,1.8587638490226541
0.298868483645,1.8553095226437581
0.299807828543,1.8515310020562852
0.300747173441,1.8438625071331771
0.301686518338,1.8446492439859934
0.302625863236,1.8468027938564062
0.303565208134,1.8448933811747823
0.304504553032,1.4586963948286829
0.305248433094,1.8157592751867855
0.306177098816,1.838959243416181
0.307122478882,1.826066756470517
0.308067858948,1.8181017405359683
0.309013239015,1.8136399463664032
0.309958619081,1.8146324668330422
0.310903999147,1.82014974096492
0.311849379213,1.828366003377516
0.312794759279,1.8350202526428425
0.313740139345,1.7110248327654862
0.314619569234,1.5432468442057548
0.315411366242,1.5941391715359987
0.316228581336,1.5916136454692582
0.31704579643,1.5893519387176915
0.317863011524,1.591108266128412
0.318680226618,1.5888524911730786
0.319497441712,1.588456269201935
0.320314656806,1.5905543085568876
0.3211318719,1.5913830866357586
0.321949086994,1.5920658028888541
0.322766302088,1.5932656065000301
0.323583517182,1.5905919530067707
0.324400732276,1.340476693763141
0.325090264606,1.5871635977028513
0.3259074797,1.5879971995595172
0.326724690746,1.5871378006138426
0.327541673605,1.5849454776223997
0.328358166927,1.5876318314019058
0.329174188944,1.5776321704286982
0.32998379256,1.4024127041292749
0.330702452072,1.5960809440565296
0.331519667166,1.5935361050993775
0.33233688226,1.592438860005844
0.333154097354,1.590597847416889
0.333971312448,1.5869896294701897
0.334788527542,1.5812689287634005
0.335605742636,1.5727837798372746
0.33642295773,1.563986826849991
0.337240172824,1.5590839775028584
0.338057387918,1.5561562638161577
0.338874603012,1.5550038233650902
0.339691818106,1.5567260355047943
0.3405090332,1.5618703419048303
0.341326248294,1.5643442867406092
0.342143463388,1.2355771869714667
0.342787242493,1.3476480430200541
0.343487872717,1.3477272677728174
0.344188502942,1.3459484661466874
0.344889133167,1.347002025979274
0.345589763391,1.3498969543116628
0.346290393616,0.9565318100333056
0.346787841075,1.345521412853296
0.3474884713,1.3486538359979605
0.348189101525,1.3485355543978204
0.348889731749,1.349877649295416
0.349590361974,1.3515814355517684
0.350290992199,1.3525807764165338
0.350991622423,1.3544370061739626
0.351692252648,1.3529601850280768
0.352392882872,1.3506141248297152
0.353093513097,1.3496236969818083
0.353794143322,1.3495193699500003
0.354494773546,1.350822831790815
0.355195403771,1.3520367750904796
0.355896033995,1.3505966993814982
0.35659666422,1.3484316516369281
0.357297162577,1.3460937477018138
0.357997600117,1.3466020319346534
0.358698037658,1.3479885299990468
0.359398475198,1.2924200086335178
0.360070202905,1.3468895615591654
0.36077083313,1.345110387160223
0.361471463354,1.3408786750406865
0.362172093579,1.335606302501135
0.362872723804,1.3300117569640881
0.363573354028,1.3225397588720145
0.364273984253,1.2507796513026659
0.364937541864,1.180909990576813
0.365564022057,1.3213082749835816
0.366264652281,1.323377986111433
0.366965282506,1.3273108153249231
0.36766591273,1.2645809167359434
0.368330449446,1.239147484820387
0.368979181135,1.21727798085649
0.369616124529,1.4300959883045614
0.370364792189,1.8106072953442234
0.371310723384,1.6213411106401576
0.372158035624,1.5342101993434805
0.372958938944,1.539034104621004
0.373759842265,1.5360250021497703
0.374560745585,1.5398834964227248
0.375361648905,1.5437250768169433
0.376162552225,1.541242730249833
0.376963455546,1.5446766244315597
0.377764358866,1.3511838318427787
0.378463241275,1.095026106898838
0.379030046087,1.1419858727689582
0.379622416508,1.2142073800030175
0.38025298371,1.2137087084453846
0.380883550913,1.2115275894220048
0.381514118115,1.2068800781928033
0.382144685317,1.205050046958884
0.382775252519,1.2063259847934753
0.383405819721,1.2050595697219066
0.384036386923,1.2005759675773098
0.384666954126,1.1990926834531248
0.385297521328,1.2006426155319885
0.38592808853,1.200059220906046
0.386558655732,1.2010878385037451
0.387189222934,1.203741077828393
0.387819790136,0.24089192406381396
0.387945903577,1.204606627177258
0.388576470779,1.2061710327331248
0.389207037981,1.2096546844196459
0.389837605183,1.2089580261755095
0.390468172385,1.2426799181146115
0.391117062173,1.337722179446801
0.391817692398,1.3362619310912027
0.392518322622,1.33405686612148
0.393218952847,1.328906229649909
0.393919583072,1.3248313248655346
0.394620213296,1.1604052233499462
0.395234878995,1.1545191755704782
0.395847790315,1.1525952936258639
0.396460701636,1.1518236406294953
0.397073612956,1.1508759588800432
0.397686524277,1.1518783465425138
0.398299435597,1.1530530598322921
0.398912346918,1.1540316455332849
0.399525258238,1.1539726274983968
0.400138169559,1.1536260004549606
0.400751080879,1.155169742433619
0.4013639922,1.155496490347188
0.40197690352,1.0881285847571067
0.402553990416,1.1023084521210917
0.403137848936,1.1023504282506444
0.403721707457,1.101514403360632
0.404305565977,1.1009197555433257
0.404889424498,1.1042038328999175
0.405473283018,1.1055339752717235
0.406057141539,1.1063848105994436
0.406641000059,0.24425274466554017
0.406769448934,0.8764766764805503
0.407230389677,1.5294725413519736
0.408034942136,1.5263348027984887
0.408839494595,1.5213294660329748
0.409644047055,1.5288086119082154
0.410448599514,1.5336383118931787
0.411253151974,1.531740367027088
0.412057704433,1.5303681423758069
0.412862256893,1.518848789742352
0.413660693103,1.106103379615067
0.414241794514,1.1113586542547107
0.414825653034,1.110715609170679
0.415409511555,1.1106146826847372
0.415993370075,1.1112395716564891
0.416577228596,1.111261160281815
0.417161087116,1.110160811478791
0.417744945637,1.1087505648489862
0.418328804157,1.1082948902319443
0.418912662678,1.1093438448457964
0.419496521198,1.1084287742421242
0.420080379719,1.104962389919291
0.420664238239,1.1035284817790658
0.42124809676,1.103214212797288
0.42183195528,1.1012336597852743
0.422415813801,1.099922311302527
0.422999672322,1.1015909922797142
0.423583530842,1.1034136233203127
0.424167389363,1.1036660792426471
0.424751247883,1.1021633798826216
0.425335106404,1.1016749816145477
0.425918964924,1.1018207128858117
0.426502823445,1.104276114716167
0.427086681965,1.106149597207817
0.427670540486,1.1088487712791997
0.428254399006,1.1064932146154838
0.428838257527,1.1053935514905169
0.429422116047,1.098433441599812
0.430005974568,1.0969022042490257
0.430589833088,1.0928088318197753
0.431173691609,1.0912320740965766
0.431757550129,1.0892501935746486
0.43234140865,1.088356012900339
0.43292526717,1.088695757067845
0.433509125691,1.0889369655154033
0.434092984211,1.0892550145741133
0.434676842732,1.0901769479144134
0.435260701252,1.0911535638626313
0.435844559773,1.0937912214694538
0.436428418293,1.095222657270547
0.437012276814,1.0952487974403755
0.437596135334,1.0946414892299832
0.438179993855,1.0944354400665237
0.438763852375,1.094005008806501
0.439347710896,1.0933355588708058
0.439931569416,1.0942628115044701
0.440515427937,1.0947382268804486
0.441099286457,1.0941329445098515
0.441683144978,1.0923311247485545
0.442267003498,1.091623793549521
0.442850862019,1.091879162678152
0.443434720539,0.9068848151494248
0.443919323111,1.0970527571191269
0.444503181632,1.1021158600931023
0.445087040152,1.102259672149881
0.445670898673,1.101761151297654
0.446254757193,1.1041807887822326
0.446838615714,1.1032510245053555
0.447422474234,1.1015412109263214
0.448006332755,1.1023400267540822
0.448590191275,1.1045765098546565
0.449174049796,1.101961644121739
0.449757908316,1.1002373244760029
0.450341766837,1.1008299590955084
0.450925625357,1.0987098720499529
0.451509483878,1.0961283808243674
0.452093342398,1.0969524276255675
0.452677200919,1.099392771657629
0.453261059439,1.0988349025270274
0.45384491796,1.095762096000725
0.45442877648,1.0963410752537004
0.455012635001,1.0967987593497364
0.455596493522,1.071089759268439
0.456168145294,1.0157856368041653
0.456711269989,0.9993077624267268
0.457245209896,1.0186842857886935
0.457788022349,1.0281385004260577
0.458335193134,1.0619683464720142
0.458900294473,1.0615989836996451
0.45946519661,1.0617593833827208
0.460029936505,1.0610253341664613
0.460594498867,1.05862638933703
0.461158892343,1.0575186813997768
0.461723119278,1.047477052940002
0.462282652464,1.0474300919071848
0.462842033247,1.0557032453543684
0.463405743769,1.0546589036318554
0.463969275797,1.0371793012304629
0.464523629496,1.0192042137721917
0.465068790688,1.0193165108138968
0.465613869199,1.0024288884461923
0.466149707665,1.0448953011748294
0.466707911581,1.044870712539109
0.467265947743,1.0544299717506078
0.467828316136,1.0542571876853908
0.468390526601,1.0535151687395699
0.468952556056,1.0525260136062722
0.469514424588,1.0526044144288482
0.470076124363,1.054172096009602
0.470637641246,1.0550273004490727
0.471199000398,1.048385813844598
0.471760184261,1.042581116624507
0.472321198863,1.0411415116552405
0.472882047431,1.040004115800385
0.47344272178,1.0300369587716292
0.473998744282,0.9805280814851046
0.474527711241,0.991585285451657
0.475061001761,1.0185603718331646
0.475607581528,1.0184674523685384
0.476153993694,1.0437889845421138
0.476713724634,1.0437262260001285
0.477273287198,1.0429939603194613
0.477832680709,0.9402105545922972
0.478336022058,1.0467905789645355
0.478895098294,1.0490698123525741
0.479454026698,1.0504107225622532
0.480012792199,1.0483204231649743
0.480571394159,1.0475644466309022
0.481129849136,1.0435358899023484
0.481688130274,1.040060506501968
0.482246241356,1.0371363298555336
0.482804196492,1.036197500982794
0.48336196857,1.0354571014451892
0.483919593705,0.8240633669856012
0.484362624347,0.691242892460729
0.484734193932,0.6921951512181378
0.485105691747,0.6923372288442625
0.485477118561,0.6922462475443995
0.485848460278,0.7551603450016092
0.486253158129,1.038935172537196
0.486809933605,1.0393841523835061
0.487366551697,1.0391293100763326
0.48792302922,1.0387123084157373
0.48847931924,1.0373176429773692
0.489035459267,1.0351774615671652
0.489591467869,1.033005435679534
0.490147276969,1.03136475584651
0.49070294699,1.013846547376036
0.491249016951,0.7444281995479495
0.491649936711,0.7486904037152572
0.492053073347,0.7238717668040952
0.492442778733,0.7175626347183814
0.492829087521,0.7226491336960074
0.49321863866,0.7347990525104917
0.493614758236,0.7594079244333225
0.494024119437,0.734588255849348
0.494420070694,0.7641982155140989
0.494831982091,1.1567131076071204
0.495454299158,1.1060791572548163
0.496049585488,1.0285863801797255
0.496603610112,1.0270950018000753
0.497157450116,1.0264277174253695
0.497711132466,1.027482737493937
0.498264697559,1.025746995260162
0.498818099355,1.0245261708444846
0.499371324801,1.0258912249649215
0.499924425252,0.17431715243376605
0.500018426415,0.921605317007928
0.500517751887,0.9115351372977986
0.501012250095,0.9229533995061332
0.501514732342,0.9169481393826174
0.502013034271,0.9189042879098056
0.502511207417,0.9214168173923416
0.50300926719,0.924712521777043
0.503507198381,0.9258072878189777
0.504004992614,0.9380526349521765
0.504510772028,0.9260441999177507
0.505012353113,0.9321400275695029
0.505517861461,0.9327994202043804
0.506023239654,0.9344651243843936
0.506528477797,0.9371497520158782
0.507033600384,0.9420671080952514
0.507538605072,0.9453100350250384
0.50804346978,0.9446595702926951
0.508548220567,0.9443679984494391
0.509052824058,0.8966771006985946
0.509532501997,0.7543257822310131
0.509936030565,0.42215109871236856
0.510161557435,0.47988570871584396
0.510417927856,0.40325333107509914
0.510633358893,0.40044064168353405
0.510847355488,0.4423653770866905
0.511083782992,0.5134146902662197
0.511358665774,0.5118917619267059
0.51163327867,0.25357127092215725
0.51176997601,0.3218344050137954
0.511943680075,0.1915825542694415
0.512047083151,0.2684215103237704
0.51219196969,0.1537966193254285
0.512274985113,0.25809640242310156
0.512414298766,0.13214952241242095
0.512485491167,0.27933014798778755
0.512635072472,0.1788494811175609
0.512730844191,0.2884190458342505
0.512883933874,0.30553541909876186
0.513044773552,0.24062983949918076
0.513170261805,0.4394337993370749
0.513396480079,0.3403734491139598
0.513568923901,0.55869777075192
0.51384693633,0.7151658546492243
0.514193680943,0.6181731904040871
0.51448801548,1.1320850674728025
0.515029903055,0.9557008743111665
0.515509052357,0.8511169625502409
0.515952908999,1.098945226274078
0.516548658803,0.9665973494579335
0.517090075684,0.9530585854175673
0.517630685425,0.917745509935355
0.518171295167,0.8496451101488711
0.518677373461,0.8424473899402107
0.519193066499,0.7684064191003752
0.519669426574,0.771378518602171
0.520155975341,0.7595297683982729
0.520642524108,0.7492385968611243
0.521129072876,0.7404824645533464
0.521615621643,0.7320723228772085
0.52210217041,0.727795949214348
0.522588719177,0.7225566798054275
0.523075267944,0.7198397803678831
0.523561816711,0.39344533270689885
0.523829418533,0.7148119860340374
0.5243159673,0.708317905736664
0.524802516067,0.7079923121613876
0.525289064834,0.7049857257702113
0.525775613601,0.7049851037535569
0.526262162368,0.7049396404815713
0.526748711135,0.7049835114831283
0.527235259902,0.7057259386645361
0.52772180867,0.7057257936173851
0.528208357437,0.707734682559001
0.528694906204,0.7094047754366966
0.529181454971,0.7116110418188284
0.529668003738,0.7148366344697668
0.530154552505,0.7171246011958898
0.530641101272,0.7220789732109416
0.531127650039,0.7268367431538402
0.531614198806,0.7318352864188357
0.532100747573,0.737442126352156
0.53258729634,0.7456674935492825
0.533073845108,0.7475813567753454
0.533560393875,0.7570912987010247
0.534046942642,0.7602547944188115
0.534533491409,0.771211266939543
0.535020040176,0.7743605501179441
0.535506588943,0.7847677436377557
0.53599313771,0.7916464831006426
0.536479686477,1.160156142166895
0.537185413897,1.2150395011133375
0.5379154945,1.0315631310911084
0.538529905201,0.9138743583193824
0.539070514942,0.9150081136033376
0.539611124684,0.9153513502083178
0.540151734425,0.9143042654512353
0.540692344166,0.911826357322898
0.541232953907,0.9084125941755916
0.541773563648,0.9064798186520328
0.54231417339,0.9013239308074191
0.542854783131,0.8951365011289183
0.543395392872,0.8899412324920171
0.543936002613,0.8860873881168354
0.544476612354,0.8801489742252103
0.545017222096,0.8761170222737938
0.545557831837,0.8722897717782235
0.546098441578,0.8661705388292134
0.546639051319,0.8632921010419863
0.54717966106,0.8592386248060898
0.547720270802,0.8566991208092803
0.548260880543,0.8506509498277018
0.548801490284,0.8464996550982696
0.549342100025,0.8425315568046552
0.549882709766,0.7783974512731053
0.550386005722,0.8545197625279627
0.550940472524,0.891840618363832
0.551522320412,0.8250788887395157
0.552062755982,0.8228477733108776
0.552603103972,0.8219135506269072
0.553143336601,0.8212175813025671
0.553683436677,0.8190168564100078
0.554223448661,0.8163288321857147
0.55476335931,1.0001200664778118
0.555426962103,0.7609052984443422
0.555935521493,0.048957675486054675
0.55596834719,0.814141507075273
0.556515442136,0.8119959293991234
0.557062537081,0.8240497412387331
0.557620625245,0.7423263764725183
0.558124265559,0.8078506364246473
0.55867265201,0.8684396171148923
0.559263244559,0.888090917072654
0.559868608482,0.7854766332909985
0.56040433214,0.7187988655695152
0.560896354112,0.8098110498310074
0.561452362474,0.7329966034876085
0.56195712848,0.9207220407273866
0.562592363087,0.7782416517694566
0.56313097636,0.8920370849883811
0.563749653476,0.9999049893001115
0.564443999166,0.9470446479696445
0.565102337409,0.9356699356865232
0.565753321639,0.9147899216431319
0.56639158424,0.6456973113487527
0.566842318572,0.8561474173972919
0.567441390975,0.9858765548080337
0.568132338866,1.0208991451816454
0.568853151855,0.6246711618189981
0.569294976756,0.7245967620883863
0.569811900159,0.9517433966123461
0.570495753276,0.9189668785802889
0.571158055941,1.092560017012147
0.571952389013,0.9557839719226312
0.572648523016,1.0431572372744087
0.573407797101,0.7644810666245083
0.573963381422,0.9867804022639728
0.574680753278,0.7267890601983729
0.575209283266,0.9335108031202186
0.575890800925,0.6070850531534073
0.576334364342,1.068166692514805
0.577122150413,1.1869155174486328
0.578004742715,0.8793365369308868
0.578662713701,0.5741354125113293
0.579093983217,0.5872098791336733
0.579536028332,0.6299274057757653
0.580011626501,0.7717693762864702
0.580595480492,1.3040150502143426
0.581586136573,1.3161863576298205
0.582592291797,1.3058913420435025
0.58359844702,1.297409839529251
0.584604606931,1.2884879040974553
0.58560832574,1.288403433849213
0.586615287791,1.2774441430165056
0.587616796869,0.8227607254522228
0.588263837601,0.880956685992317
0.588958803343,1.2700736062663203
0.589965635261,1.254857764764685
0.590969399917,1.2422542578023317
0.5919731991,1.2347198907154282
0.592976998424,1.2481269637211683
0.593993611706,1.2356099750871095
0.595001682018,1.229897755230461
0.596009752331,1.2300709747017395
0.597026464096,0.2778474542956417
0.597257301522,1.1954977582359914
0.598257597039,1.1843352077260476
0.599257892555,1.1746931853161588
0.600258188072,1.1691340960155396
0.601259669785,1.1754503323953076
0.602270263305,1.1870920709410036
0.603293053396,1.185206692261813
0.604315843487,1.1853870580581667
0.605338633578,1.1781395876220806
0.606355554431,1.1704826991359423
0.607370367248,1.1598407406519187
0.608382867248,1.1459159172137343
0.609388617248,1.1556813070092193
0.610405487805,1.141290325583198
0.611409911295,1.1401342290555743
0.612411758499,1.1734559501536652
0.613441414591,1.168637553422859
0.614468762421,1.135442418158064
0.615471584374,1.1535369478039756
0.616493854648,1.1479652121719648
0.61751340061,1.1434849377483491
0.618530411866,1.1468571732691233
0.619552285017,1.1383272625141347
0.62057330632,1.1230410941709745
0.621592570005,1.111303154494508
0.622607741557,1.110831867864525
0.623616268573,1.135269549986297
0.624634973426,1.1317330541561612
0.625643634436,0.8452857775479886
0.626398511033,1.1333894188440405
0.627414228318,1.1245842572676468
0.628425236696,1.1136699989533152
0.62942856308,1.1118442193403697
0.630432446365,1.1075172360377505
0.631433767728,1.1185342004034327
0.632444461133,1.1410546615757249
0.633474775587,1.119712515297021
0.634485642853,1.1157300657324716
0.635492710813,1.1208426534710962
0.63650621439,1.1225641718700232
0.63752527976,1.116570716931074
0.638543295347,1.1133588174761964
0.639561841319,1.0935385017136268
0.640564581069,1.1124891845530909
0.641587670306,1.1114123468037433
0.642612227129,1.1106554829588235
0.643634849537,1.1085159388782495
0.644650754215,1.107457145888366
0.645661128299,1.1190979911688133
0.646679253163,1.1210405942212858
0.647697288316,1.1104180729365145
0.648705886037,1.1172677648047553
0.649723923594,1.095114373841899
0.65072633691,1.1105075055417368
0.651745958633,1.1092995880071341
0.652765233249,1.1127282813234596
0.65378794315,1.1141080307909252
0.654813451205,1.0846823959797294
0.65581452375,1.1009039255177768
0.65683301792,1.0919371600924828
0.657842840591,1.0938581617110688
0.658850762451,1.0982003857304279
0.659860207603,1.133795036466132
0.660904269443,1.0884142256830645
0.661909456818,1.0860030739082052
0.66291132793,1.1073465350944967
0.663930232435,1.0899358919178324
0.664933737183,1.092928784183506
0.665942421208,1.0889456828261246
0.666949372617,1.1013832557701588
0.667969097682,1.0891527013174083
0.668978426506,1.1219406444772297
0.670018557898,1.0953696910761606
0.671033336235,1.0906493929275556
0.672042719213,1.0816548042834406
0.673044721732,1.0857743718346955
0.674055646012,1.1055968137919383
0.675092124647,1.1058086460632277
0.676132105298,1.0948953330521738
0.677161783648,1.077683463160868
0.678175369857,1.0799208824754853
0.67919202396,1.0806779673316642
0.680210559634,1.0947025095924492
0.681242587582,1.0749782185676056
0.68225633763,1.0707084103335724
0.683267015988,1.0756163946185189
0.684282100058,1.1107600125230586
0.685328770632,1.085933281599493
0.686350941699,1.0733640739637904
0.687360317715,1.0684231754896445
0.688365607849,1.0641774381383207
0.689368281221,1.077483821949094
0.690382852481,1.064493765568145
0.691383015513,1.0872621601771806
0.692403235406,1.0691977541049107
0.693407186268,1.0677924726124708
0.694410576141,1.072152682972397
0.695417617143,1.0692651347238573
0.696419962034,1.0870953933116725
0.697437884439,1.080596067711199
0.698451821875,1.0718519391609072
0.699459948827,1.064970611610817
0.70046123291,1.0960899670560704
0.701490126507,1.0781609253954734
0.702502147274,1.086048504596055
0.703523984319,1.0776551053105237
0.704541172646,1.0995489157059506
0.705580785138,1.0660931957663642
0.706588962922,1.067150231187963
0.707597887342,1.0674544883682904
0.70860767848,1.0650984715328786
0.709616848594,1.0601571290494551
0.710623132918,1.06137063086261
0.711631661465,1.066925577572185
0.71264478373,1.0972303536401877
0.713685355893,1.0664035256428113
0.714696882859,1.0746011384691412
0.715717409434,1.070034445827721
0.716734774787,1.1047663999562172
0.717787637465,1.0565686618102084
0.718798284551,1.0733780685148628
0.71982865625,1.0611877635815805
0.720850660203,1.0444858270977158
0.72185889906,1.039865309509381
0.72286407998,1.0359889970576912
0.723866995997,1.040318148898637
0.724875281183,1.0456040106513003
0.725889188399,1.043830008550068
0.726901649805,1.0747288670222228
0.72794438164,1.042385803722085
0.728955272163,1.0512251534112416
0.72997266723,0.8728848032546466
0.730815425145,1.041660964866209
0.731818906092,1.0711049400293278
0.732848601235,1.0550723373231397
0.733861320865,1.0570467843980071
0.734875610322,1.0645720522653361
0.735897872957,1.0420093622632849
0.73689827518,1.0526733440055647
0.73790724544,1.0511179890341074
0.738912948589,1.0640115672716304
0.739931038541,1.0573639427084973
0.740946345384,1.0411729684367435
0.741951008209,1.0375234598560443
0.742957591769,1.08595342530851
0.74401670171,1.035145214074529
0.745026788309,1.0414165641530195
0.746040277258,1.0329655102780042
0.747042674375,1.036976472651571
0.748048071634,1.0518600440859698
0.749067851041,1.04644379391207
0.75008202561,1.04312759003434
0.751094590748,1.0431553233538238
0.752108882455,1.0384965984814487
0.753119561533,1.0419880967650574
0.754138962492,1.0289044381697827
0.755154082081,1.019476328188352
0.756164878246,1.0168672266447427
0.757173904016,1.0162719167084064
0.758183112983,1.0202605060807082
0.759198628119,1.0114967705614883
0.760206291008,1.0164188627567705
0.761217793796,1.0162326250423699
0.762227731019,1.0116018414910433
0.763230636827,1.0185370474860873
0.764237319277,1.0261076381524843
0.765249649224,1.032003262715596
0.766267739038,1.023794284524748
0.767279784183,1.0131117569025143
0.768282244612,1.0143050725975338
0.769285024304,1.0215247445929325
0.770294675523,1.024168384204406
0.77130595522,1.0247814542034008
0.772315666069,1.0280009598844568
0.773327818303,1.0201885922584912
0.774333656376,1.0231899434166838
0.775344103327,1.0136400517878286
0.776345998373,1.011114896119144
0.777346636638,1.0153901782327834
0.778352210035,1.0139757272900796
0.77935581773,1.0219429745554456
0.78036809814,1.0080093397441747
0.781369535349,1.011355122674007
0.78237795425,1.02506808760423
0.783402641473,1.00504886265809
0.78440835808,1.0102019126151378
0.785420234152,1.0243359978131676
0.786447229447,1.0015570995363283
0.787451547282,1.0068638806647083
0.788460008245,1.0145922763482615
0.78947302978,1.012904556980529
0.790481574022,1.0244896141572155
0.791502553372,1.0283856071684936
0.792529844128,1.0061875421143083
0.793535893192,1.0068555284026757
0.79454367937,1.0054657095134591
0.7955516998,1.0084949667550527
0.796563288344,1.013416083544559
0.797579613448,1.015576513251748
0.798599271506,1.0138504836450812
0.799618145856,1.0066667495473824
0.800628898248,0.9654762687977982
0.801596829533,0.9186579238612168
0.802517063432,1.006968193999734
0.803526208227,1.0046237505363307
0.804535249508,0.9959909413064736
0.805539863895,1.0068810801468662
0.806560503325,0.9870339397252563
0.807563404587,0.9909264325766269
0.808571142811,0.9883698307675952
0.809577855103,0.9826432124829414
0.810579806508,0.9903425737574233
0.81158901439,0.9948117585567033
0.812602635299,0.9920299567052355
0.813613218123,0.9875365206482762
0.814616846521,1.0001288537677442
0.815629843131,0.9951263359807032
0.816634594282,1.0031464559217484
0.817646746866,0.9980127192908452
0.818655870076,0.9973318820872488
0.81966677351,0.9918351721468024
0.820673303291,0.9851763344343122
0.821674319372,0.9855929025264767
0.822677926142,0.9882854885589346
0.823685318777,0.9887089289738229
0.824692166524,0.9897499413758964
0.82569925363,0.9932706906020974
0.826710597311,0.9908666543094269
0.827718149299,0.9944772529375997
0.828726638681,0.995578645667334
0.829736799111,1.0002218089804817
0.83075417709,1.014159322377546
0.831788192354,0.9846172418975264
0.832793133706,0.9862165342724789
0.8337997656,0.9874097474805473
0.834807795226,0.9940274689954137
0.835822386653,0.991384331478606
0.836837011614,0.9772802935433392
0.83784241989,1.0004164175163177
0.838872415345,0.974531005546251
0.839873851166,0.9813804309769972
0.84088315351,0.9786911719235472
0.841893267757,0.9698725283022895
0.842898989311,0.9745518330288421
0.84391179454,0.9722634787649972
0.844922757397,0.9649169610543129
0.845929124944,0.9619909281446468
0.846935307089,0.97890548423137
0.847958946752,1.0003497755876893
0.849003520316,0.9676283456823492
0.850013472909,0.9683564406840389
0.851022903401,0.9772833114922864
0.852038880715,0.6950287736210307
0.852761692485,0.959547586485488
0.85376125389,0.9672803312136076
0.854769676877,0.9603657840326234
0.855770310479,0.9626681401613689
0.856772095453,0.9750483402542929
0.857785209442,0.9719248470812344
0.858794646385,0.9656063572128238
0.859798417052,0.9654331680804836
0.860803540962,0.968969362962732
0.861813914246,0.9730741745504226
0.862829794912,0.9594415839436976
0.863832365076,0.9628614108452138
0.864839707068,0.964170751179795
0.865850952698,0.952760313547869
0.866852685845,0.9581632148569263
0.86786052964,0.9640607631000441
0.868872531328,0.965463358025656
0.869882561365,0.9595172943299282
0.870884094011,0.9597189770905303
0.871885423468,0.9701944086060412
0.872898939069,0.9565817358514686
0.873903482115,0.9576305479534317
0.874915380148,0.916470696096876
0.875886232061,0.9535189788795894
0.876895937045,0.9563380040334529
0.877906547226,0.9489260505316186
0.878908377484,0.9544882094175506
0.87991664589,0.9809852756168516
0.880951436667,0.9641618087050344
0.881965029211,0.9545760487233905
0.882966413626,0.9679503485742056
0.883983433908,0.9739255735033562
0.885007940961,0.9662858236367208
0.886023193798,0.9541000156833035
0.887023531217,0.9664498422961492
0.888036949611,0.9524822491924213
0.889040323845,0.9520026217779242
0.890049592345,0.9463792969864205
0.891057799358,0.9483726200510609
0.89207231062,0.9443094637592216
0.893086261554,0.9409399943101862
0.894097308129,0.9742831815610026
0.895141802042,0.9438827456869431
0.896150722279,0.9440845760352397
0.89715598144,0.9544499852144248
0.898169958095,0.9479944531956216
0.899178389912,0.9439554205710673
0.900185196623,0.9359181037437873
0.901186012807,0.9354487909331106
0.902187385232,0.9479686653869082
0.903200177186,0.9526086859555811
0.904215919238,0.9386126362587417
0.905218460155,0.9363077705244734
0.906221051775,0.945064925710834
0.907233980271,0.936393763815537
0.908238360455,0.9365206713715435
0.909244642627,0.9408749129910936
0.910259332607,0.927942669239815
0.911264344453,0.9342790198776354
0.912278771382,0.9338840315282908
0.913291969744,0.9269340489535315
0.914294921263,0.9394364265258589
0.915308863902,0.9540700882540983
0.916336786993,0.9321238670165292
0.917340730978,0.9489923043439906
0.918364652717,0.9276610012729822
0.919367139027,0.9263006611698564
0.920368369268,0.9294832309740519
0.921373060841,0.9283236096370494
0.922376651723,0.9396412349567511
0.923394097632,0.9613157437914027
0.924438596001,0.9325028992907067
0.925454700984,0.9320285356002747
0.926467828598,0.9244135761765099
0.927468529594,0.9320284566087985
0.928477649422,0.9331484329191392
0.929491067277,0.9218069177070657
0.930494488815,0.9378696904978053
0.931516263557,0.9241889792979381
0.932523342434,0.9224405564524152
0.933527780808,0.9248123144274981
0.934536231502,0.9158061283636121
0.935538219604,0.9184548279331307
0.936544273583,0.9356084641408616
0.937567915686,0.9322443761659405
0.938587763671,0.9140750463147254
0.939588024027,0.9158059245788109
0.940588573793,0.9276995957972557
0.941599895106,0.9266489589158653
0.942609605318,0.9213669987678553
0.943613592368,0.9289754861911977
0.944625078578,0.9207348106259429
0.945626941373,0.9490071426490211
0.946660744046,0.9242521073604582
0.947670720527,0.9188054071332933
0.948676257408,0.9192230659366057
0.949682602387,0.9361323800178128
0.950707897704,0.41832514890288724
0.951165728038,0.927560757971016
0.952179686737,0.9182830211720855
0.953182661713,0.9317551539105365
0.954200307255,0.9248099058354482
0.955210237852,0.9175615162056651
0.956212694458,0.9273319771601661
0.957227206507,0.936893936165968
0.958253714327,0.9229251068477773
0.959265455027,0.9239657491678847
0.960277713102,0.9223852926509356
0.96128853785,0.9205946282862181
0.962298794572,0.9192302196951568
0.963309391454,0.9125842868984495
0.964315577971,0.9204744227401169
0.965333122186,0.9061859971776137
0.966335666401,0.9177065598553319
0.967350877769,0.943435911539337
0.968395311855,0.9120199843560599
0.969405729317,0.904567864119232
0.970408320211,0.9471137971001455
0.971459841057,0.9046071136765194
0.972466231821,0.9107206926753643
0.973480145913,0.9104537277816166
0.974493567636,0.9090213261881772
0.975506322393,0.9213916209914454
0.976535397601,0.8943203836909029
0.977536169649,0.8980930051335192
0.978541812994,0.9013009222935582
0.979551383318,0.9011967365867201
0.980560598311,0.8982290926974238
0.981566098532,0.8965497892544287
0.982570045997,0.8981852592191633
0.98357614337,0.9282078160408479
0.984614546363,0.9069772983884175
0.98562754101,0.8974874490114273
0.986629997975,0.906332151660818
0.987643155025,0.9012073054162092
0.988652304287,0.891153526570976
0.989652366868,0.8914891503851187
0.990654727852,0.9034835349647439
0.991672174896,0.9274675633138292
0.992717241646,0.892364729513677
0.993722695359,0.8891863598623571
0.994723375049,0.896899503642705
0.995731440615,0.012671511462319606
0.995745678896,0.4816389105171476
0.996287223586,0.3362321391560665
0.996665424895,0.07290895943337995
0.996747434491,0.6075406436299585
0.997431117794,0.8880316851087735
0.998431206906,0.8935961175724759
0.999439208186,0.8882786548837438
1.000443163499,0.8882485442147257
1.001448528448,0.8943077114163178
1.002460906869,0.8925134028022716
1.003470127026,0.890012030173336
1.00447607516,0.9063370353753535
1.005501566244,0.8859422053248546
1.00650514349,0.8888372269982369
1.007513409174,0.8843316857466513
1.008518292066,0.8916277179811822
1.00953150316,0.9079271393723022
1.010560888315,0.8934492831408061
1.011571799715,0.8926985452680449
1.012581852836,0.8846857328298348
1.013585046484,0.8812587220509666
1.014585813185,0.8958164402211369
1.015603383866,0.8895930788477278
1.01661427545,0.8912462770632901
1.017629178392,0.8800366203645444
1.018633797548,0.8891173108397872
1.019649048275,0.8849061524290364
1.020659091845,0.8816564441583055
1.021666506292,0.8806692823633712
1.022674284191,0.8745737109095653
1.023676280015,0.8847826367188304
1.024691581877,0.8747506739988961
1.025697071639,0.8767360033428641
1.026705533986,0.8760202321175166
1.027713452348,0.873589600655527
1.028719542631,0.8810208684049695
1.029734417561,0.8847493821384236
1.030751887075,0.8737147661419361
1.031754162506,0.8841922423481282
1.032766908328,0.8777160876088607
1.03377242403,0.8764269856697213
1.034777415549,0.8826451071121818
1.035791376829,0.8735279791540604
1.036796704445,0.8711486762517907
1.037798941857,0.883128719844551
1.038813691332,0.8787349312160551
1.039823227863,0.8778090057424556
1.04083308962,0.87699801666281
1.041845346995,0.8650320363832174
1.042848498537,0.8679208177869772
1.043859374946,0.857936041345649
1.044861739738,0.863131616722026
1.045872338794,0.8585494267945133
1.046879077501,0.8558636431039989
1.047884096746,0.8598714586140479
1.048894270364,0.8543192928292903
1.049897224503,0.8540606923528056
1.050899949085,0.8546656161691251
1.051903910066,0.8573949494194661
1.052910280218,0.8599618284030355
1.05391755446,0.8587306989544191
1.05492126224,0.8578907015093994
1.05592275827,0.8646007960545898
1.056930564997,0.8770651241082968
1.057951210386,0.8599377644285159
1.058952812258,0.8694855791740626
1.059968338587,0.8557689255386097
1.060969961147,0.8751898589420597
1.061995296969,0.857054586888089
1.062999447213,0.13789823544194896
1.063160991849,0.8659178517429401
1.064176245522,0.8531557942081102
1.065176546821,0.854633215531008
1.066176921736,0.8640127092096161
1.067186520533,0.8690061078458784
1.068200975072,0.8705825829962226
1.069217597573,0.8730369013887387
1.070238265551,0.861275107518829
1.071246934485,0.8610538567418804
1.072255699496,0.8751656787677897
1.073280058743,0.8675728765679076
1.074294340587,0.8661291529124429
1.075304155616,0.8935625795669686
1.076344744726,0.8581979853319955
1.077348455863,0.855472591156774
1.078354658425,0.8615382735801643
1.079370639449,0.8872927681871052
1.080416973589,0.8607013148161885
1.081432864196,0.8603396223462002
1.082450902775,0.8603560776645032
1.083469604371,0.8549803247685026
1.084480750608,0.8715451803506489
1.08551282604,0.8497037301475336
1.086522164757,0.8636248917051463
1.08754937054,0.8473712586562024
1.08855699444,0.8406502391483511
1.089557261273,0.8407945410134139
1.090558132394,0.8544633922128039
1.091574167155,0.8773012696010033
1.092615962822,0.8509019412526554
1.093626417232,0.842857923443922
1.094629697943,0.8458588827383908
1.095640183163,0.8410640215735552
1.096648459869,0.8437821124962993
1.097661472121,0.8392078258066968
1.098668340228,0.8353747989753331
1.099669401269,0.8356337561128486
1.100670049744,0.8407088873117237
1.101676789993,0.8352037819882917
1.102677049582,0.8434988724410841
1.103687488904,0.8383047659515767
1.104692279568,0.8383524101537596
1.105697068065,0.8355264284868018
1.106697227351,0.8519722117834887
1.107715915208,0.8425308345563667
1.108723631454,0.8455033089428572
1.109735212006,0.8382208262457166
1.11073734172,0.8416754369951703
1.111744187028,0.8428208647679785
1.112754445711,0.8430409185649309
1.113766139283,0.8476718383066906
1.114784683997,0.84267787400767
1.115799803759,0.8301733082308244
1.116802246716,0.8310319130523761
1.117806689693,0.8371503637348398
1.118818197024,0.8385076576265024
1.119830062505,0.8373596636816463
1.120838406257,0.8369316141370208
1.121843056023,0.8396064509867533
1.122848725807,0.8387321526125322
1.123853996743,0.8347999157653629
1.124854673951,0.8375798228999268
1.125856224178,0.8479223833849534
1.126868712048,0.668493420770468
1.12766822323,0.8386695547753322
1.128674935055,0.8327371544125226
1.12967768022,0.830363102629045
1.130678221073,0.8610196485879483
1.131714542023,0.8451573322012998
1.132730485141,0.8350876112176489
1.133734899503,0.8460934274979274
1.134753834828,0.8342257274170917
1.135758773243,0.8315220084456726
1.136761950971,0.8445156277592057
1.137781808439,0.8324468911358335
1.138787102308,0.8350313603512919
1.139796789014,0.8330591759623004
1.140804670713,0.8416368136372625
1.141822142252,0.8474232022735869
1.142847206837,0.8309743933753169
1.143853855504,0.830083415137065
1.144858885653,0.8403609966165443
1.145876969801,0.8236722929879328
1.146879097052,0.43229210373584087
1.147407278769,0.8222165567988886
1.148415671515,0.818304731013177
1.149421072537,0.8213257604799761
1.150430251751,0.8156308687822506
1.15143316481,0.8190858518816957
1.152440514065,0.8164992904854746
1.153443218733,0.8240918888231586
1.15445283324,0.8218918067204215
1.155457447105,0.8210698150056166
1.156460377633,0.8274416122888257
1.157473626794,0.8238987788883126
1.158485286848,0.81710997413302
1.159487640326,0.8205242422025846
1.160491351609,0.8387100502668561
1.161516464292,0.8228471525810647
1.162524002759,0.8246218047885079
1.163535154991,0.8161081999919614
1.16453750572,0.81688479348871
1.16554496287,0.8122859926851251
1.166551748383,0.8112840658601542
1.167560552652,0.8047260876598296
1.168562995254,0.8071081496319842
1.169569010986,0.8210914721640111
1.170590659811,0.804912915566179
1.171590791274,0.8269190889782648
1.172618226533,0.8175545469435974
1.173634255934,0.8179162631576039
1.174650985617,0.8040207041514299
1.175651125678,0.804963545224739
1.176653953465,0.8070779272937513
1.17765950853,0.8121597410709387
1.178670262461,0.8095840343780354
1.179678148114,0.8083181790961218
1.180685655735,0.8117879410867113
1.181698423574,0.8042216778608987
1.182703013807,0.8053500715527332
1.183710015426,0.8015408242447698
1.184711444158,0.8028512349586376
1.185713295846,0.8033573896383585
1.186716041,0.8040792231835993
1.187720245481,0.8049013991643758
1.18872553621,0.801788973672915
1.189727139296,0.8110513317051464
1.190740003395,0.8105425430749938
1.19175147432,0.8047580233661626
1.192756266876,0.8089159474793672
1.193768861515,0.6689941417780072
1.194608520994,0.8052516098410649
1.19562103544,0.7954627164167293
1.19662107694,0.8034351777757985
1.197628538485,0.803873667509244
1.198632980405,0.8046989820052317
1.199637973326,0.8201901814728074
1.200663574334,0.805264733778024
1.201672332971,0.8159342537215747
1.202697546973,0.7981453206734798
1.203701778626,0.7988368166390021
1.204705357795,0.8009123782739304
1.205710193745,0.8062154446144173
1.20672340779,0.8029198044614978
1.20773450448,0.8043639892726279
1.208747344464,0.806449716676109
1.20976331059,0.8031123817091703
1.210777623551,0.7914522709919222
1.211777994438,0.7938870458265179
1.212780351357,0.7990511396522618
1.213790036787,0.7968443228393153
1.214798594954,0.7906054389853904
1.215801612325,0.8025515801468812
1.216822226642,0.8017312342433066
1.217840990808,0.7946506648521858
1.218848676792,0.7909674165744762
1.219850822931,0.7986644520214458
1.220861886846,0.7943644928654893
1.221866793603,0.8013937283188691
1.222881142301,0.7951976045600433
1.223887052707,0.8057873589450263
1.224904611224,0.7993176977678601
1.225913122289,0.8069357107882227
1.226930512971,0.7961543096839923
1.2279330115,0.7965739899575492
1.228935990844,0.7968489796733156
1.229942309833,0.8087372527949243
1.230965564427,0.7957914533411349
1.231971955996,0.8053779854395441
1.232989335602,0.7984398205573868
1.233997565701,0.7945337712415826
1.235002857904,0.7897098527723647
1.236004229184,0.7905523709427262
1.23700719068,0.789668100205153
1.238008515572,0.8023066702016912
1.23902362271,0.7977466947030935
1.240028486662,0.8009763983530342
1.2410364252,0.7963875971390451
1.242040566479,0.7942227791081709
1.243043814422,0.796308199627299
1.244050871518,0.8051206198063754
1.245071963542,0.7880678453991324
1.246075851913,0.7922743569921548
1.247089907536,0.7841160565892241
1.24809691033,0.7827747124583839
1.24910385553,0.7859905612386096
1.250116586397,0.7757707152979043
1.251117695942,0.7789461114049011
1.252123744017,0.7774452203368527
1.253128913064,0.7747644264520842
1.254131302051,0.7743673027112399
1.255133836891,0.7748372765771082
1.256138404539,0.7727577178771613
1.257141501523,0.7747736210291745
1.258146418766,0.7747673900791026
1.259149061082,0.7741262975023478
1.260150152582,0.7925617068847711
1.261176837719,0.7820783075073994
1.262193252814,0.5356418989235451
1.262891732561,0.7665969739603011
1.26389436834,0.7684717742310044
1.264901313773,0.765502382707249
1.265904873245,0.769135866195128
1.266912332522,0.7781486763975635
1.267929793391,0.7662870900565517
1.268931136326,0.7699864549053902
1.269936888551,0.7726639019831598
1.270945747517,0.7737751888431531
1.271956183447,0.7714194685042114
1.272962751117,0.772209872741914
1.273968264466,0.7873071784493365
1.27499129464,0.7730056079220269
1.275994954789,0.7770524481139977
1.277003648032,0.7709592945514281
1.278004380911,0.7743590194731197
1.279009624166,0.776068578227978
1.280015877384,0.7782001751458928
1.28102253065,0.7860330717071586
1.28203768929,0.7894792768476918
1.283056716599,0.7876854578529499
1.284073225653,0.7811417383551496
1.285082430344,0.7743767758195887
1.286084317649,0.7808680151331446
1.287093720802,0.7841687077950651
1.28810579235,0.7881342949234921
1.289122415127,0.780513310593287
1.290128502263,0.7837598022102489
1.291138970232,0.7763666900301559
1.29214220596,0.7859914121495926
1.29316187516,0.7754741688671217
1.294171304834,0.7752755783283329
1.295181875725,0.783353303980707
1.29620485704,0.7656729089171176
1.297207265566,0.7680798738576303
1.298214338671,0.7737095803624491
1.299230582962,0.7689583028331856
1.300240452175,0.7889667021183756
1.301274757874,0.7704889145068804
1.302282261109,0.7717511534238604
1.303288513383,0.7813724768866634
1.304307409952,0.7773744906591147
1.305322469744,0.7672723984164623
1.306324593235,0.7697589369501064
1.307329754076,0.7682960290567149
1.308333251185,0.7668376657488792
1.309337043113,0.7692451315793508
1.310345904378,0.7645711509201165
1.311348339047,0.7804597941084093
1.312371794273,0.7793462610281571
1.313395124967,0.7639884562079549
1.314399910799,0.7675614419724066
1.315411466619,0.7596037549179826
1.316414032632,0.7650718587251027
1.317424327685,0.7578509767581566
1.318424582475,0.7617658711680705
1.319430497382,0.7604179153721377
1.320436632011,0.7579478865802048
1.321442349871,0.757867685222222
1.322450824064,0.7576198217666837
1.323461158693,0.7565301824582424
1.324472429946,0.7579085287311852
1.325488024609,0.7601204401651573
1.326507053231,0.7476005988496374
1.327508365914,0.7567095099429064
1.328520576973,0.7624372659677489
1.329539904402,0.7575837753952589
1.330553830887,0.7528025761805851
1.331562505003,0.7507210354271059
1.332570281142,0.7453391728667954
1.333574758044,0.5356540154695898
1.334298822021,0.755256993745363
1.335320994387,0.7439888873074822
1.336328581071,0.7528085388110702
1.337347870114,0.26091418928039156
1.337701015918,0.3511494415494825
1.338176053019,0.17180465408481704
1.338408444183,0.23589250850760055
1.338727523691,0.4993602471982702
1.339402722022,0.7149681827002736
1.340369084022,0.6959371789343709
1.341309260932,0.742296246059775
1.342311697007,0.7403478791704158
1.343311814483,0.7507958937052281
1.344327164264,0.7496065541601964
1.34534228743,0.7435990701810129
1.346350499292,0.7429059579465181
1.347357793757,0.7003426421841292
1.348306304025,0.6980270009848671
1.349250997977,0.7500570836040269
1.350266251973,0.7526857972907189
1.351284669833,0.7457090506155506
1.352292062414,0.7503962237300971
1.353304421541,0.7589531197615299
1.354327300975,0.7442865226642312
1.355329869329,0.7443161046466247
1.356333739762,0.7553327777567689
1.357355147016,0.7443685924693085
1.358364569849,0.7434414564209463
1.359374978256,0.7361160883043761
1.36037642457,0.7387317716425371
1.361381892797,0.6393579272190406
1.362253412763,0.715502701971458
1.363231796009,0.7320888236582743
1.364236876496,0.7281895964902927
1.365240273099,0.7285265016590132
1.366246635181,0.7234927778755867
1.367246674432,0.7282052838510658
1.368252786114,0.7309782077946115
1.369261804465,0.7082062615432947
1.370238842312,0.7126425706836119
1.371221925325,0.7297763658368153
1.372227231069,0.7280709566418776
1.373228330789,0.7302096477633363
1.374230507554,0.7372587083642251
1.37524081533,0.7298469853911137
1.376241138028,0.7301728166572752
1.377242262262,0.7393365748459314
1.3782552905,0.7314942376991238
1.379256372715,0.4879333431809014
1.379924185121,0.7416929247886489
1.380941213268,0.7284058539840124
1.381941685751,0.7298829112926507
1.38294556734,0.739075404257766
1.383964825761,0.7166378127100229
1.384955030378,0.7333445630523105
1.385968824144,0.7230236474817602
1.38696924489,0.7256100367625622
1.387974234243,0.7439818593685065
1.389004907461,0.7313321678959301
1.3900173213,0.7285361909490997
1.391024790753,0.6926164317859954
1.391983020941,0.7294358324737249
1.392994257714,0.7229262223160986
1.393997359923,0.7205786583794416
1.394997963707,0.6837200048016596
1.395948233187,0.7285659293989124
1.396961029654,0.7216947928722087
1.397963353185,0.6743372333060507
1.398898415339,0.725697286728393
1.399903760198,0.7253203005642841
1.400907843347,0.7355520981461067
1.401927618649,0.7233782031419125
1.402932844399,0.7208321524286616
1.403935404654,0.7223422170990531
1.404940456788,0.7252884707922886
1.405951812594,0.7162311103165133
1.406953852287,0.7177106445955712
1.407960514725,0.7135807096125045
1.408962237446,0.7196699642914768
1.409971209955,0.717029146372728
1.410974948458,0.7213631708903485
1.41198383337,0.7182536927341492
1.412986655911,0.7216620064522332
1.413992144863,0.7198488386247871
1.414995728365,0.6989671755163859
1.415971946863,0.7321267236456561
1.416994043275,0.6171279617966183
1.417854565022,0.6544695037896309
1.418766675779,0.7218578100765748
1.419772266856,0.7190831212075809
1.420774409829,0.7187551091183587
1.421777228919,0.7209086324863268
1.422782951666,0.6759237950780644
1.423725348033,0.7216290674966266
1.424731467144,0.6841174784941645
1.425685514009,0.47176821390573814
1.426343572154,0.6178218516233438
1.427205762355,0.6963512933200579
1.42817834404,0.7190171123531545
1.429183400987,0.7179128764892327
1.43018786422,0.7231777194710861
1.431199926373,0.7191873284849629
1.432205963327,0.720841223051718
1.433215764708,0.7184507929729793
1.434224188051,0.719760242691862
1.435234646709,0.7289222385324425
1.436255177465,0.7244416844482551
1.437266800792,0.7198673824125229
1.438271127443,0.7216024163525996
1.43927685923,0.7198340657520128
1.440279005992,0.7195738039923592
1.441280219784,0.7235830177472864
1.442288824836,0.7183670077914588
1.443292626184,0.7194674679157594
1.444298021654,0.6876682156390155
1.445259982094,0.7155515083831124
1.446264979867,0.7160102980884985
1.447274590962,0.7128748053037294
1.448280951714,0.7105500806179517
1.449283903876,0.7100847219593064
1.4502858513,0.7167703915652001
1.45129533143,0.7110603409651756
1.452295683662,0.7204579037294636
1.453310675329,0.7087208917306778
1.454311421554,0.7144017129866109
1.45532344016,0.7050133756047349
1.456324462294,0.7088340482658098
1.457330413128,0.7189132812481698
1.458349189433,0.7094149775650365
1.459353359045,0.6844021320113335
1.460322209338,0.7158616762782883
1.46133672772,0.7230868979961056
1.462362465533,0.7084467483281165
1.463369408182,0.7023368867352708
1.464370502497,0.7060295962014682
1.465378047066,0.7024615389392315
1.466379132108,0.7052862688050382
1.46738167046,0.710403377080516
1.46838983257,0.7101120388292517
1.469397986992,0.5957383289009717
1.470244525527,0.694695209245754
1.471230100414,0.7083085064555773
1.472232079512,0.7082370340564014
1.473234524899,0.7053025491969286
1.474235534747,0.16066020018325206
1.474464240401,0.7098055676911043
1.475476662297,0.6992342722941907
1.476478624572,0.6985218019754426
1.477482361096,0.7020218767448406
1.478491053985,0.70440253768385
1.479502205401,0.699943182032642
1.480506803502,0.7040874720046842
1.481517576657,0.6999726908533183
1.482521387918,0.6999685494220869
1.483522614083,0.7017628851707709
1.484524518904,0.7030678815302541
1.485528710817,0.7055750984381931
1.486538282637,0.6973289839233807
1.487538575524,0.697439952236516
1.488542334521,0.6945710673249933
1.489543225989,0.6977959925947724
1.490546226978,0.7013371141886392
1.491552007922,0.6886304149949433
1.492540325458,0.7073714650139219
1.493557354041,0.7029014110068257
1.494568444389,0.6963596729643216
1.495569046727,0.6994228588919682
1.496573658961,0.7061398270653547
1.497589397123,0.6960349291575931
1.498592479982,0.61770099171992
1.499483387696,0.6936023466125557
1.50048387618,0.6970157472963789
1.501488454311,0.6955990932042218
1.502488955184,0.7023149482487537
1.503496348064,0.7076237573194117
1.504506916492,0.7157344344702006
1.505525007776,0.7104726425397512
1.506535838747,0.7038385962202178
1.507542429292,0.701571032858624
1.508551261399,0.696023743900016
1.509556270751,0.6953525078911995
1.510563731315,0.6940058894757393
1.511571563994,0.6910987803548807
1.512576234319,0.6920210167484818
1.513582227642,0.6943320048972648
1.514590239347,0.6903233984403231
1.515591684515,0.691085176142313
1.516595065771,0.6998905142563265
1.517612186942,0.6874990135891138
1.518612529586,0.6296600780171272
1.519530561551,0.6893395171102799
1.520537759849,0.6849674381751774
1.521540001372,0.48320342510167374
1.522247286609,0.6906046296380857
1.523257798686,0.684864905993637
1.524259026571,0.6860618323901969
1.525260446545,0.6902457992412534
1.526267109446,0.6912400185782988
1.527275142946,0.6883639052163246
1.52827633098,0.6957325093278851
1.529284771539,0.6990610630424091
1.530297811616,0.6911963084538768
1.531302992694,0.6872182517663057
1.532307729071,0.6855750791355631
1.533314579177,0.6800185864811052
1.534317201939,0.6863808499489366
1.535331380709,0.6884848526159983
1.53634784917,0.6835096726101499
1.537355675846,0.6788284171072699
1.538356730391,0.681275035447824
1.539362386352,0.6774995525666676
1.540365180284,0.6749496016115708
1.541366896991,0.6862585333665947
1.542385075949,0.6773496977357576
1.543389852629,0.6777764385260734
1.544395771508,0.6793444471182809
1.54540402576,0.5353817976524043
1.546198841521,0.6755757755998157
1.547203141,0.6722943760231412
1.54820462379,0.6790186905200463
1.549216361927,0.6808792192386188
1.55023119064,0.6782121311891531
1.551244149387,0.6752366734611529
1.55225467634,0.6734291989799633
1.553262078097,0.6732322291325192
1.554267391561,0.6714291776700277
1.555271138849,0.6692269807968735
1.556273186187,0.6732765132738042
1.557279394801,0.6770885216569249
1.558290757619,0.6698185676750551
1.559293899074,0.6735836229742448
1.56030579398,0.6571502340586358
1.561294472489,0.6693616002207234
1.562300855331,0.6708591377172768
1.563310227481,0.6681738874954073
1.564316707157,0.6232005049360039
1.56525573715,0.4987207922398167
1.566006891509,0.6717724977849491
1.567017067239,0.6700868334372206
1.568023471854,0.6662335367679215
1.569024682972,0.6705073156968757
1.570033312845,0.6736726943376901
1.571048023234,0.6636414151013275
1.572050730198,0.6651509032746526
1.573058610456,0.6599434834701697
1.574059534851,0.6658633825813974
1.57506687082,0.6659606388419352
1.576071180253,0.6726078901925401
1.577083176651,0.6787509578167048
1.57810335423,0.6704693164730616
1.579111485827,0.669068889807566
1.580117463754,0.6675410114786454
1.581122304021,0.6631754727948
1.582124034923,0.6617593837848547
1.583125438699,0.6654860712866154
1.58413177553,0.6656075096781207
1.585138523066,0.6636839363235514
1.586144332694,0.6607339349724621
1.587148305437,0.6613482806983827
1.588154052767,0.659714289911687
1.589156569341,0.6638128143402261
1.590164731619,0.661212620102483
1.591168347321,0.661741315921701
1.592171816795,0.6662668459452307
1.593182203507,0.6619711214937054
1.594185574496,0.6659549660977806
1.595192216555,0.6639104197013266
1.596192536896,0.6690204959149263
1.597199751524,0.6710174260109465
1.5982117464,0.6645952470905101
1.599216208411,0.6619388662062585
1.600218811475,0.6619845086901324
1.601222383058,0.6688880849043358
1.602238005443,0.6660681897291179
1.60325194278,0.6695500507313028
1.604270665104,0.6677246926169423
1.605284968353,0.6667448516582104
1.606297785238,0.6644698059339345
1.607307492863,0.661876565698546
1.608312784647,0.6598068926913366
1.609316301538,0.6605420020832059
1.610325013052,0.6539380051319255
1.611326125618,0.6555628570301293
1.612329869885,0.6583162521194063
1.613338391245,0.6589729067223635
1.61434977336,0.6558190665335545
1.615356383268,0.6533985829321606
1.616358380002,0.5896644760528859
1.617261452428,0.65877818434748
1.61826679427,0.6623730034498968
1.619274029631,0.6665238733235052
1.62028514407,0.6609438556034153
1.621286894713,0.6577197326340636
1.622284924087,0.6613135669216164
1.623289207126,0.658566945791412
1.624290001087,0.6618176283515972
1.625298066591,0.6642102601029385
1.626310915632,0.6596536261945328
1.627315861044,0.664573715115637
1.628327981238,0.6568536682648081
1.629328653649,0.6618111029392187
1.630337217879,0.6586438279821875
1.63134089128,0.6301612031607383
1.632301247369,0.6603744853961436
1.633307279808,0.6637979078301663
1.634317589271,0.6575521830915201
1.635317595961,0.6601903619851268
1.636322889103,0.6585868820566572
1.637328478002,0.6627557360504659
1.63834208275,0.6554191250749775
1.63934477689,0.6579164005349405
1.64035018348,0.6616638146768644
1.641360358412,0.6589664809825948
1.64236753378,0.658695453002581
1.643374762659,0.6572925294334715
1.644379608936,0.6579135125325154
1.645385952532,0.65883828852737
1.646393525676,0.6588799302472711
1.647400658605,0.6554411303134986
1.648402164421,0.6149728396845026
1.649341559473,0.6590602163579056
1.650348752779,0.657423727134164
1.651353029815,0.6603800350468059
1.652359815153,0.6639868001339102
1.653372411698,0.6584537081402878
1.654379932994,0.6531451275037569
1.65538306005,0.6624836267818873
1.656402031291,0.6571729950012842
1.657412781557,0.6580744251428732
1.658424619041,0.6536460625448612
1.659428288586,0.6582029311003895
1.660436406635,0.6643391751960127
1.661451505961,0.6554538396772277
1.662453155221,0.6573771514304747
1.663459034489,0.6540814125128366
1.664461563372,0.6633789185679093
1.665478877863,0.6541091617704077
1.666482213932,0.1965033975247917
1.666783772489,0.6529763799770294
1.667786268332,0.6595860885134905
1.668798354289,0.6617911172481952
1.6698134578,0.6532301432641687
1.670817220161,0.6513301067782247
1.671819947513,0.6554285534890214
1.672828629001,0.6540003756668951
1.673833356612,0.6580320667400142
1.674842815129,0.6645870927012162
1.675863727956,0.6515555769740505
1.676865955484,0.6536752805246753
1.677871329725,0.6531747336058144
1.678874549292,1.176687972458499
1.680679938336,0.6484272189146106
1.681680761167,0.6493705019393577
1.682685961523,0.6456225689668249
1.683686546681,0.6539667736333267
1.684699535211,0.6467040711908779
1.685700731524,0.6462283399374732
1.686702259896,0.644956944260712
1.687702987435,0.6470571400926384
1.688707469188,0.6599551008097407
1.689733015714,0.6431414830336821
1.690734509332,0.6473008306121251
1.691742688826,0.650880652756892
1.692755312327,0.6494066425289565
1.693764788336,0.6461657237005449
1.694767383689,0.6531644691048883
1.695778511645,0.6524942814697365
1.696787222397,0.6475201521563926
1.69778798744,0.6499491042600444
1.698793327111,0.6498152925854949
1.699799738643,0.6542275016688267
1.700815028134,0.645825137427267
1.701820087602,0.6411659301212219
1.702820941779,0.6517710700218841
1.703840428158,0.6447153357346357
1.704850097103,0.6421341049343674
1.705856892231,0.6405402971515397
1.706860945435,0.6453380466278031
1.707871002655,0.6443246512486339
1.708880291902,0.6415700250658068
1.709888256384,0.6382479674785333
1.710893820531,0.6414791161456167
1.71190654546,0.6341085967871065
1.712908837112,0.6395067068317625
1.713920401873,0.6443697774327826
1.714940686668,0.6314488795236103
1.715941181434,0.6314483787618526
1.716942610198,0.6343414610406811
1.717949521893,0.6324916632856595
1.718952409559,0.6458092655550074
1.719974115782,0.6337966587191779
1.720974821094,0.6354820371755141
1.721978153262,0.6359930482536631
1.722986188783,0.593977956694363
1.723930936196,0.6330036340787262
1.724938040726,0.6513346331399275
1.725973851815,0.6307607546720475
1.726977346778,0.6321583904815753
1.727983271132,0.6315921382091086
1.728987646362,0.6301733552828693
1.72998981323,0.636085844397094
1.731003508093,0.6306011206075482
1.732010320935,0.632181647455194
1.733019857345,0.6315926267617157
1.734027829311,0.6280128087291831
1.73502967065,0.6349985233509288
1.736042712352,0.6292142352213876
1.737046275586,0.6339013575322412
1.738057147859,0.6336980862673947
1.739068086169,0.6413835112351446
1.740091387155,0.6314727975248509
1.741099281138,0.6278488717018407
1.742101173565,0.636574530352964
1.74311504476,0.6345489120476931
1.744124374063,0.6324996621354677
1.745130885391,0.6299411763978865
1.746134943992,0.6309662274818879
1.747142945399,0.6252668721835876
1.748143897034,0.6258824865801299
1.749147488961,0.6269408670980188
1.750153340311,0.6302161093087867
1.751163010717,0.6265198436777712
1.752164841571,0.6316554008969487
1.753173319955,0.6260441965085827
1.754173541086,0.6241320301626899
1.755173914151,0.6280715690954127
1.756184161985,0.6203804286261703
1.757184630298,0.6239453310031409
1.758191265948,0.621841340312516
1.759193234012,0.6245285685736341
1.760199361749,0.6204492420889157
1.76120157752,0.6183619073730751
1.762204563878,0.6171989703403391
1.763208418756,0.6156560131838319
1.764209919623,0.6252954491200833
1.765224125396,0.6266247005858229
1.766238445549,0.6248633710139626
1.767252526755,0.6259382196843485
1.768271249535,0.6177099313336916
1.769277299482,0.6174680227951019
1.770282644658,0.6185178341518338
1.771288136961,0.6195323486336807
1.772292408216,0.6212796002297862
1.773297776329,0.6298012768227038
1.774317411079,0.6314897824858243
1.775340082627,0.6170967027162866
1.77634028231,0.6196593002850908
1.777346947045,0.5568269468361841
1.778251834304,0.6218093473758878
1.779260650811,0.6224332682027717
1.78026816387,0.619797535147094
1.781269509858,0.6244613960371439
1.782277185911,0.6201893552127866
1.783277461782,0.6213408836536715
1.784279685199,0.6308379414861176
1.78529680376,0.6286295334896373
1.786308676121,0.623054151096036
1.787309850342,0.6276600554358707
1.788319182291,0.6224201458242915
1.789323757798,0.6207269519501041
1.790328564893,0.619674767902719
1.791332162299,0.6318422874544122
1.792355743792,0.6172342665418231
1.793357622546,0.6330633105003268
1.794387699561,0.6196626330849873
1.795397774999,0.6174493096186899
1.796405507262,0.6205686134702075
1.797419187178,0.6234882573727141
1.798437445443,0.613504362451493
1.799438217378,0.6136947890588064
1.800438648095,0.6201013131350002
1.801449350423,0.6208168369883995
1.802460871647,0.6187970225063802
1.803468328329,0.6175339129940282
1.804472783961,0.6170623747257212
1.805476753906,0.616510242245285
1.806482894181,0.6108998509624448
1.807484757241,0.6144523383609374
1.808494788691,0.6092581096980346
1.809495124471,0.6190991696790852
1.810509267641,0.6130728529868444
1.811511899625,0.6198971359091813
1.812526592899,0.6141373364552146
1.813532736873,0.6182270095024284
1.814545868144,0.6148746324967935
1.815555480315,0.6136959985732333
1.816566487585,0.6123396107230042
1.817575818358,0.6171561521484771
1.818591980417,0.6205822724756745
1.819614351123,0.6068056700178623
1.820616044826,0.6112506829965788
1.821625957754,0.3803172312518818
1.822253878116,0.31454843706714086
1.822773115448,0.29839677052399716
1.823265475093,0.4537945341038223
1.824014828582,0.4163012541394033
1.824702892652,0.5221513666445922
1.825567314918,0.606987974614297
1.826573134663,0.5319662757665015
1.827456654564,0.5145727597791934
1.828313440309,0.48791010349577557
1.829127422211,0.5353743408651532
1.830021824737,0.5956626369152012
1.831017797616,0.5274665556346589
1.831899838376,0.5985184478428952
1.832899317793,0.5572508857952587
1.833827669648,0.4798038975258218
1.83462505291,0.6039880628699419
1.835626920653,0.6067076024136261
1.836631478815,0.5100707259883215
1.837474504,0.6063909645669332
1.838476406497,0.6050510906615494
1.839476726312,0.5652390638422258
1.840411566398,0.5307711609909785
1.841289012699,0.5041617048879427
1.842122732146,0.547793142882111
1.843029983438,0.602775496830034
1.844030289486,0.6033161570021115
1.845033783848,0.606039199518179
1.846044169054,0.602960083232198
1.847048691098,0.5846263170690669
1.848020512392,0.6017404256607697
1.849020652886,0.535121092602602
1.849910958288,0.5694560093372466
1.85085897044,0.5075563133091966
1.85170515083,0.5498758454773018
1.852623736668,0.5776634333420287
1.853589748083,0.5135612769083238
1.854448181443,0.5409508873471571
1.855349837088,0.6077981029819808
1.856358995735,0.5834068730415111
1.857326444749,0.5357497793630567
1.858216439136,0.5722349919071491
1.859169526952,0.6086449824763472
1.860186355164,0.5965142485395115
1.861186405154,0.055486252608197624
1.861279652931,0.5952875448546414
1.862280761583,0.5983186078089336
1.863287693575,0.5999085462542392
1.864297068141,0.5965769940321708
1.865299876487,0.6062129082474502
1.866315672798,0.601058926372046
1.867319256721,0.6006683495204359
1.868320242701,0.5740963329007127
1.869276549411,0.5805356375895363
1.870243417741,0.6043593473323624
1.871248756929,0.5703596127306295
1.872196914818,0.5763473896268547
1.873155965718,0.6014125542598896
1.874158811687,0.6008322330047222
1.875162871688,0.6032364514757527
1.876172657031,0.5619417861963006
1.877114060887,0.5794530632900421
1.878084678246,0.5990498832398319
1.87908818409,0.6028692793816796
1.880099005843,0.6102768548771565
1.881123891883,0.59456888285754
1.882125004923,0.5344246631808679
1.883026650171,0.5942483263435808
1.884029842202,0.5203223311421483
1.884908257964,0.5939430969006413
1.88591002709,0.6040141985836923
1.886926371593,0.6020354730147218
1.887938829435,0.5936405606989076
1.888938904745,0.5688458767286293
1.889898506761,0.5970342089763232
1.890904438372,0.5962929732165116
1.891905677054,0.5987559304115879
1.892909503674,0.5955834669709356
1.893909822091,0.544282017898848
1.89482655904,0.5947759235230347
1.895829685877,0.5335853563469011
1.896729351245,0.5205965898223129
1.897607586192,0.5937651881800988
1.898609944021,0.5966723631602369
1.899618303965,0.5932780705094166
1.900620658298,0.389862125208773
1.901279475872,0.5528276623594599
1.902215707967,0.5906387177003485
1.903220251207,0.5947523647040538
1.904234428735,0.5550008267130385
1.905180686368,0.5166722232019901
1.906060166619,0.5923123493994279
1.907066786597,0.5331923201895961
1.907972974337,0.538676951302937
1.908889650897,0.5893366250471274
1.909894185614,0.5129916401234593
1.910768819948,0.5474787050738361
1.911701671484,0.5927550336046526
1.912710306432,0.5907641319112698
1.913713761768,0.5916960326938585
1.914716462719,0.5908470419321007
1.915716873812,0.5496826177259072
1.916649674869,0.5923441098033544
1.917656304987,0.5113121068317933
1.918523390531,0.49826769750573846
1.919366935676,0.5850300198002988
1.92035948002,0.5776199259262242
1.921343925944,0.588306299591921
1.92235009858,0.5921327086104982
1.923363985486,0.5819045202236498
1.9243609077,0.5884631234596855
1.925369858871,0.5876440489391428
1.926377506337,0.5497262400000321
1.927319985468,0.5169456099825883
1.928207758289,0.5824150604884577
1.929209262342,0.5863607885828502
1.93021726904,0.5879559780020274
1.931228200867,0.5848542648608286
1.932235713891,0.5854308907071054
1.933246272771,0.5828407569745845
1.934253451849,0.5807303550983416
1.935258332259,0.5797560696825979
1.936263028285,0.5305828700538677
1.937183455435,0.5765949057014038
1.938185482075,0.48676971018557874
1.939032643872,0.5510989526863601
1.939990388404,0.5710897696356712
1.940978490519,0.5334998322283634
1.941899449642,0.5310686022565629
1.942816470137,0.5675490802841524
1.943797061143,0.5801683954072869
1.944800844909,0.4982303562853847
1.945664652591,0.1083471170472079
1.945852713544,0.5822262582171025
1.94686359859,0.5324386080493325
1.947788469196,0.5800899329259736
1.948798344586,0.5561019976303516
1.949769990058,0.5202656764927674
1.950680892474,0.5193532630730506
1.951589669461,0.5632359145087561
1.952576092598,0.5261122783330511
1.953497957669,0.5741361649948225
1.954502727108,0.5758577018519382
1.955508291015,0.5808054615875433
1.956519651402,0.5783811386803963
1.957526840369,0.5736714345779459
1.95852903905,0.5741449658981786
1.959533535417,0.5786978795504663
1.960543690347,0.5766568963666359
1.961547135861,0.556291130553144
1.962515544913,0.5730265998949511
1.963516175391,0.5186869222063965
1.964423600428,0.5342405746994753
1.965359076344,0.5713165894864651
1.966361348458,0.5542182652316219
1.967335305427,0.5081599684583632
1.968227457816,0.5708500172063715
1.969227514342,0.5715616994610431
1.970228777506,0.5649208497514021
1.971218211509,0.5649763740282436
1.972204059507,0.5622985859278066
1.973181968405,0.54605252182577
1.974130951706,0.5453516320135426
1.975080164866,0.5248659776792944
1.975996185512,0.5626715732876706
1.976978025579,0.5794066176649736
1.977986091183,0.5768544176618686
1.978988092037,0.5794669944086179
1.979996040636,0.5800498811862015
1.9810068371,0.5750715037789371
1.982009102674,0.5788235153743487
1.983017026246,0.5403510287628507
1.983956365254,0.5809144760941022
1.984964627207,0.5405031997883716
1.985903162231,0.5635046329806512
1.986883786464,0.5761989650210944
1.987889574017,0.5717237411944659
1.988890117478,0.49740088171128904
1.989761476829,0.49411288880729204
1.990628071876,0.44533464124827743
1.991410718765,0.5275333371729422
1.992340890565,0.05398576750539921
1.992436190949,0.5690265792323883
1.993440292687,0.5738195681194158
1.994450459031,0.5730132591895505
1.995456141084,0.4248335463808695
1.996199850947,0.5722663865679437
1.997200771677,0.5363664758362402
1.998140855347,0.5166120195311612
1.999048317863,0.57497324797788
2.000060825925,0.5345417016489066
2.001003724036,0.5549689827671921
2.001983833354,0.5484443742741578
2.002954892231,0.5411831809062028
2.003914576534,0.5664922276427041
2.004918385253,0.5677266896027955
2.005922181097,0.48476730828717074
2.00677711884,0.5348549690823142
2.007718571607,0.5436460843007835
2.008676045796,0.5592730382384947
2.009665278717,0.5090043443081649
2.010569862881,0.5424132305227876
2.011535310819,0.49681542406762697
2.012418361229,0.4668616189261546
2.01324707081,0.5403800376382433
2.014207510348,0.47649236505375786
2.015054803154,0.5661360107363719
2.016061148733,0.557293272833324
2.017051557511,0.563328422987963
2.0180521977,0.5370398535974621
2.019005215261,0.5672618535700543
2.020010448594,0.4524511205325543
2.020811980827,0.5503802504021335
2.021787583258,0.5691272434024457
2.022796173369,0.5674177662983858
2.023801020606,0.566147924520153
2.024805058798,0.565221521250305
2.025808785341,0.5703837502616199
2.026821883677,0.5629617599056731
2.027823088009,0.5635839748934286
2.02882835901,0.4504928746350228
2.029633129199,0.49616787693899744
2.030518259462,0.5634916126423024
2.031519497851,0.49188428696756853
2.032391740601,0.5387735065420919
2.033347159405,0.5653787547952744
2.034351032539,0.5672121188236675
2.035362580991,0.5589755447917054
2.0363649122,0.12885347196309704
2.036596200793,0.5588706563188526
2.037599405374,0.536958694408649
2.038563445263,0.5622810031029744
2.039574994213,0.5559101318285075
2.04057717428,0.5608885618400793
2.041589945291,0.5138076952390858
2.042517517384,0.5575374376678212
2.043521842995,0.5325453937896424
2.04447964783,0.5649732716597665
2.045493127026,0.5631078608834427
2.04649891785,0.5633040479708608
2.04750144623,0.564006591859289
2.048503668972,0.46168815690992226
2.049324493097,0.5250665329989838
2.050260551066,0.5411744989040568
2.051229956018,0.5197696189707822
2.052164667244,0.5562309490451431
2.05316793336,0.5591481738759883
2.054180705136,0.5234335474452095
2.055132119417,0.5235324769908374
2.056083634408,0.5599687369741521
2.057098345748,0.5570757682671699
2.058104440859,0.5582259783159754
2.059110879134,0.545379879042899
2.060094407579,0.5557992942023273
2.061097539558,0.5537554722587239
2.062098361729,0.5585544905187151
2.063110877496,0.5618272986822005
2.064131577967,0.5568297714990742
2.065142701106,0.555754225951747
2.066150202879,0.5293438989567414
2.067108417378,0.542017822463836
2.068088268778,0.5077860087583774
2.069005163355,0.5090997072965475
2.069923891266,0.5487004467477791
2.070914357794,0.5540474854148605
2.071914971693,0.555091610304993
2.072918112784,0.5548167469671786
2.073922310311,0.24238824459755673
2.074361255848,0.5374010769743599
2.075333768573,0.5559172436854127
2.076339709545,0.5530312102562772
2.077340829573,0.5165553268778373
2.078276595106,0.556814007300018
2.079286468705,0.5557322751536258
2.080293703864,0.5208031708520252
2.081234645275,0.5582827551693721
2.082240900495,0.5598896056884619
2.083250719753,0.5587121396653233
2.084260933537,0.5609179879362586
2.085277805172,0.5613223731943242
2.0862976457,0.550859424434448
2.087301551058,0.5514197299335755
2.088307613576,0.5539027825408087
2.089317686385,0.5482370835389696
2.09031829479,0.5567384566497143
2.09133270838,0.5545755175866438
2.092340885307,0.5536896297773473
2.093348100865,0.5497990357392868
2.094349156069,0.5570558638961947
2.095362544214,0.5548320211432978
2.096370223318,0.5517648598694269
2.097371570276,0.5532244834053744
2.098376764581,0.3894845604308555
2.099087465186,0.49001472958068165
2.099984007491,0.5575565141289299
2.101005671045,0.5460411425111152
2.102006276073,0.4783874149468496
2.102882027647,0.5527284452338765
2.103892024777,0.5373575438784016
2.104872529685,0.488497066344569
2.105763462855,0.5201062160695785
2.106711872048,0.559237040380011
2.107732228053,0.5501451059933622
2.108736185733,0.5531526142113464
2.109745089831,0.5503633350797404
2.110752009786,0.5479903031378613
2.111760659621,0.549187454650856
2.112775900981,0.5438488818522986
2.113783568215,0.5414832265412788
2.114788240639,0.5005307106839197
2.11571620639,0.4895220107578559
2.116621968871,0.5436334626699117
2.117627074611,0.5419781313888199
2.118629436722,0.5408984837909403
2.119629966007,0.3014867083434633
2.120187786084,0.5412048177105047
2.121188329136,0.5443261906022676
2.122193546089,0.5429952576482879
2.123196102545,0.5420584595548609
2.124197406402,0.5408517093799233
2.125197592404,0.5404761017351161
2.126198070528,0.519429965347094
2.127160633017,0.5434387426516846
2.128169723177,0.5389654618030771
2.129172145708,0.538764152232254
2.130175712793,0.5021632943696449
2.131113302717,0.5356073220192115
2.132116439847,0.5329339766506382
2.133119291007,0.5136092107642393
2.134089223971,0.5304183788256291
2.135090445781,0.5320838778929424
2.136092671749,0.5282141322036937
2.137085507987,0.5068402099370514
2.13803479555,0.5129716379789478
2.138991641634,0.5297736753181969
2.139977642003,0.5394218541451721
2.140981851504,0.5373055265577664
2.141982972319,0.5397783776799058
2.142988320847,0.43947310218964286
2.143806403994,0.5425334354742242
2.144817670923,0.5401683391153075
2.145827997942,0.5405881294787488
2.146840789246,0.5354097780405335
2.147841363697,0.526649264933943
2.148821093141,0.5390926959163514
2.149821715579,0.5041898041839332
2.150759418898,0.5449013391333642
2.151776344366,0.5387043653775355
2.152784861814,0.45913686896171446
2.153645661015,0.523577513743311
2.154626487806,0.5377409701001817
2.155630092205,0.5394812957704285
2.156633488863,0.5429825757371154
2.157643516756,0.5409320540343012
2.158649849588,0.539827369708635
2.159654032899,0.5399053203635564
2.160658943506,0.5386284087727342
2.161663069845,0.5303543389846113
2.162655423356,0.5159233217235689
2.163624009568,0.5349787644511943
2.164627754321,0.5340924905291804
2.165629439032,0.4923606207665287
2.166555245906,0.10482880982594422
2.166752543287,0.5283654476493469
2.167746659832,0.5345640911305576
2.168751760608,0.5362256018925644
2.169760893553,0.5305785342574472
2.170761394087,0.5298929510167701
2.171763994348,0.5308605473961632
2.172769916182,0.5319631641737735
2.173776971474,0.5306236832685312
2.174780185526,0.5378075587941441
2.175796436269,0.5373935998250856
2.176812800192,0.527734917088132
2.177813073608,0.49071498309814
2.17874664474,0.49897566195193277
2.179699294164,0.4991750361540085
2.180654797389,0.5274867572045537
2.181666261532,0.5247156392611664
2.182672793903,0.522419866593172
2.183673757971,0.5244762958094125
2.184677349848,0.5259145144913422
2.185682522257,0.4701057916576011
2.186579457281,0.3654077782706011
2.187275873056,0.5257937271050747
2.188277523958,0.5295744539811669
2.189286811689,0.5285193405944463
2.19029606039,0.5287634681478909
2.191310141575,0.527056739934856
2.192325382068,0.5204152033541389
2.193329102912,0.4900845354068289
2.194271132232,0.5251250410900024
2.195278087334,0.5244265813795114
2.196283362215,0.523709600837709
2.197288763182,0.5196784349514946
2.198290056026,0.4662233477450833
2.199191645509,0.5160359132786011
2.200190661456,0.5214368752056731
2.201199193785,0.5204635683297213
2.20220462129,0.52147813642715
2.203210124385,0.5206830185175386
2.204212743455,0.49668516357421805
2.205170716948,0.520516255328588
2.206177399907,0.505912636316899
2.207157993626,0.5209927283798841
2.208167032905,0.5258799463612785
2.209182282009,0.5231952602208896
2.210190092019,0.5207001705325626
2.211191626771,0.5042122276355888
2.212161266251,0.5206051281684865
2.213163634765,0.16770783641955242
2.213486719765,0.5225380781831187
2.214493933823,0.5223807489897407
2.215501098781,0.5192960881019975
2.216501328758,0.5243649759094053
2.217509177273,0.5206569310891274
2.21851000904,0.5230203832404735
2.219518140771,0.5211048531656857
2.220523458302,0.49990392823331603
2.221488588688,0.5190058462032008
2.222491194834,0.5179656308086175
2.223491337426,0.5224227494272684
2.224498996635,0.5243867399324861
2.225508839683,0.5233913173054848
2.226515050261,0.5222044171140846
2.227519281369,0.5016432369874025
2.228486687306,0.48972162988612444
2.229434862641,0.5159398976979344
2.230437830853,0.5033014890448696
2.23141776055,0.4978807302654796
2.232386526886,0.5225765396149221
2.233403396766,0.5183081140289928
2.234413142362,0.5152596787506633
2.235417671898,0.5187690463489073
2.236428069389,0.5151138887576521
2.237429862559,0.5170993412956223
2.238434761901,0.5164105070484079
2.239436623491,0.5197209581251971
2.240443613779,0.5171186269639865
2.241446358845,0.524713192287479
2.242465706131,0.5168374258691859
2.243471034395,0.5170879793468128
2.244477810564,0.5145737129500016
2.245480976492,0.5179971018084393
2.246491444297,0.5115386480215957
2.247490171482,0.4792492979497711
2.248426832467,0.48120209429919497
2.249367848871,0.5117707730441231
2.250368001129,0.49555816363939137
2.251335113742,0.5018703597132843
2.252315441598,0.5119013112844826
2.253318708002,0.5143891913919644
2.254329343891,0.5099504463769909
2.255331497286,0.4748805935922911
2.256264269571,0.4755635889717057
2.257197509203,0.518003626830231
2.258213629275,0.5142729295055377
2.259223506589,0.2851311915130936
2.259783672759,0.49429514878444386
2.260754993573,0.5135971306545439
2.261764185173,0.5124404245232723
2.262771291334,0.516231635024791
2.263785828575,0.517382632104727
2.264801213597,0.5138587449672605
2.265810660088,0.488119085871167
2.266772778602,0.5086679117810088
2.267777468,0.5108795795781046
2.268785750157,0.5088721693058801
2.269789274549,0.5092115911399794
2.270793373998,0.5120188972950521
2.271804267494,0.5062666667087778
2.272806943536,0.5082963535291317
2.273817030489,0.5074402553432871
2.27482724841,0.5056942871285884
2.275834859306,0.5055550587920614
2.276841154117,0.5104424698398503
2.277854706557,0.5066136149943331
2.278862070383,0.506033436977305
2.279870852695,0.5053458841224268
2.280878727572,0.502264099139346
2.281879674197,0.5105247971094586
2.282896363334,0.5066527718332244
2.283905556759,0.5027796888578049
2.284907957893,0.5057045487501209
2.285918881685,0.5010082951198781
2.286923114572,0.4991863154805344
2.287924475264,0.5009038997273167
2.288930205693,0.5039642286807023
2.28994149314,0.49409553108258203
2.290932820176,0.499803237843484
2.291936827649,0.4870852302780125
2.29291526292,0.5033562801533994
2.293924460887,0.503489594384563
2.294933170229,0.5000887135344815
2.295935988406,0.4997839018290182
2.296939160162,0.4999811821815287
2.297941862554,0.5001715397711067
2.298942967003,0.5028407329498452
2.299950946305,0.4997512719120223
2.300955984931,0.08647834282062955
2.301130157288,0.49348032742521475
2.302124757077,0.5036547960643621
2.303140497436,0.49676716167641766
2.304140783144,0.500787413322649
2.305147935566,0.5031036104173072
2.306160373701,0.4979073860891863
2.307162570499,0.500890994364377
2.308169542106,0.5028754509376017
2.309180021771,0.5004163484693543
2.310186970613,0.49662079527002484
2.311188245451,0.4959134307017999
2.312189114018,0.5009816367396476
2.313200725023,0.5017262374498098
2.314213902556,0.49905828787491574
2.315221651001,0.5011841493964191
2.316234907331,0.4754831926886688
2.317197831446,0.4971607097769774
2.318204856495,0.4968537025609185
2.319210033905,0.4666794903414416
2.320153406163,0.49540012389585236
2.321153990654,0.4982791101977462
2.322158712891,0.4970542835548383
2.323159955773,0.50070806814089
2.324167815621,0.5054568432377836
2.325182999005,0.5018081273129638
2.326188717584,0.5025599274073631
2.327195803268,0.5005999229213284
2.32820054954,0.49778388893698305
2.329201015562,0.5014659664170201
2.330209760889,0.4614214952126272
2.331139238655,0.4965004428099292
2.332141351875,0.5060485439201255
2.333164172495,0.4960483402143443
2.334169103557,0.46985019423449326
2.335123857261,0.4931067494883051
2.336127817685,0.4973958385580893
2.337141305085,0.49471307974352013
2.338148171626,0.444221854886516
2.339049611469,0.4931595422997776
2.340049831082,0.491289864464829
2.341049953371,0.49244919521084407
2.342056008392,0.49008108186566157
2.343059832167,0.49045070435965465
2.344066637066,0.49185428263647835
2.345077394675,0.47118742055868734
2.346045581968,0.5021686646891178
2.347077336103,0.4921969284169231
2.348089777687,0.48805699624795
2.349093859466,0.49241442585164846
2.350105550564,0.48896309125014753
2.351108314988,0.49430124820852916
2.352119926523,0.4935059185127572
2.353128033607,0.49442436770109327
2.354137938104,0.4916319575583763
2.355141127137,0.4937283812594849
2.356147118606,0.49334895909373366
2.357152204679,0.4868894869458256
2.358144589998,0.49338674719643494
2.359151518,0.4936190229150073
2.360158984851,0.4921564244587832
2.361162633991,0.49097120198785577
2.362164283841,0.4437218211390574
2.3630702068,0.49425403300253723
2.364078401725,0.49585830141877274
2.365090077508,0.49216755985729127
2.36609710975,0.49129454161773606
2.367105337105,0.49663911823023155
2.368125905281,0.47258577790535466
2.369096843969,0.48849233016040533
2.3701008229,0.4891756041342083
2.371107726586,0.4912724166089401
2.372120122287,0.48944791184841235
2.37312990592,0.4897131538201037
2.374139672916,0.4935635257858531
2.375154187199,0.4901340245806311
2.376159902808,0.4896135788569514
2.377166531516,0.4401793461860868
2.378075235333,0.4829655237504159
2.379076989545,0.48545270813276936
2.38008630592,0.4819024329051117
2.381088113541,0.48273527726144866
2.382091483048,0.4822052962352616
2.383094960286,0.4857492272522655
2.384106000704,0.48629726816845054
2.385116478477,0.48866583922326745
2.386128428561,0.4880634545508306
2.387134921403,0.4923217174488292
2.388147597757,0.48969667044620896
2.389153696602,0.48977281026862124
2.390160829189,0.49003412618297965
2.391171768213,0.4883097944504955
2.392180541454,0.4848732172379746
2.39318227468,0.48449830025586765
2.394183264054,0.3548847150445702
2.394916883334,0.48558123953204757
2.395921762868,0.48426740615528796
2.396925298597,0.48386294826598786
2.397929631545,0.4803383781443846
2.398930132395,0.4816600838369613
2.399938778492,0.4801977673198186
2.400950136979,0.4751182534447954
2.401954818833,0.4786006023531146
2.402966660043,0.4797408687046286
2.403976502392,0.47921912516862475
2.40497979381,0.48472203225521937
2.405990794023,0.4818497848176604
2.406994998238,0.4816821239463093
2.407999923052,0.4808281095233227
2.409002350329,0.48251303523840977
2.410005055066,0.48913493289524074
2.411018297417,0.4829319891622851
2.412018733128,0.48387926125905417
2.413025924202,0.48271285540030984
2.414036127952,0.48024556590333617
2.415042855815,0.47705343364094627
2.416042867398,0.478822366879962
2.417048908391,0.47658050779501476
2.418053725078,0.47574957963373793
2.419058343758,0.4783066745308836
2.420068123143,0.4775341663524643
2.42107502334,0.46153500005313824
2.422046911984,0.48177989180954867
2.423061059773,0.48028709885397797
2.424071836477,0.33858678307861084
2.424784390668,0.34123145461081283
2.425503516929,0.36997279952139456
2.426284498605,0.47705038228406094
2.427293039574,0.47883792621431337
2.428306424503,0.4263271332063998
2.429207828642,0.4075181433794989
2.430068900878,0.4268553448139168
2.430971970274,0.4319284676821147
2.431888184975,0.39558853464678667
2.432728862017,0.45105891827943606
2.433687143643,0.4185822764454046
2.434574269219,0.4444817936084321
2.435513924754,0.4174384245473187
2.436396766214,0.41646707114321985
2.437278886983,0.3951551164873421
2.438117409981,0.42780172967087465
2.439026577972,0.4684506469297011
2.440023074168,0.41757497219773504
2.440911810641,0.4739879455018599
2.441921511651,0.4459365563485065
2.442872693435,0.39662862520936387
2.443719636979,0.39912770071116416
2.444572243899,0.3856852850229818
2.445396354856,0.46846850498402776
2.446396757122,0.4532302779075913
2.447363556949,0.40185248647787053
2.448220020949,0.4554215001001035
2.449190382419,0.3798559660808354
2.450000226196,0.41211585255348493
2.450879462172,0.41387048165136653
2.451762417729,0.3884406547189661
2.4525912742,0.36059941915927807
2.453363078546,0.4053800652139364
2.454232941908,0.36738545451854504
2.455023664329,0.3810962270549418
2.455845141047,0.4589965025986404
2.456833700046,0.41652043648037723
2.457727839739,0.39502124253946275
2.458573549453,0.3738302135722264
2.459372993094,0.45848236639233286
2.460353671402,0.3973246641035612
2.461203441226,0.39188016040996304
2.462040439402,0.20397673124443955
2.46247451137,0.38485925381540964
2.463293260315,0.39467357976166934
2.464132969157,0.43916200646355485
2.465070266803,0.3973078542704106
2.465920167427,0.4040081220778871
2.466785250483,0.4055433922867417
2.467654608392,0.3861615846929326
2.468482384168,0.3863587787026242
2.469308870276,0.3915272691868039
2.470144817391,0.41903474215287917
2.471039730443,0.42141463196494533
2.471942918051,0.43245912086794364
2.472875018793,0.388755796172308
2.473717401141,0.33816880453964016
2.474453872657,0.392383331404349
2.475312063867,0.45466287543776285
2.476309701405,0.3695754004347521
2.477121730458,0.3814995160744062
2.477959909989,0.4572521369063393
2.478963011262,0.34837375362225037
2.479725335013,0.3999295932635726
2.480598073938,0.46045476186123324
2.481602144215,0.37697900206760904
2.482423779689,0.34273150655132567
2.483170608394,0.4017112643101127
2.484046078668,0.44152061211025
2.485008322525,0.36013447408999244
2.485792336833,0.3605856730116234
2.48657496486,0.3404450838678971
2.487311396638,0.3943289455485166
2.488162699765,0.42859689425400027
2.489087850746,0.40104624939128175
2.489955657372,0.4133016638710428
2.490852586657,0.3979018338645638
2.491717422425,0.41560850332812155
2.492621727117,0.3856122941512778
2.49346253574,0.3865751106842177
2.494306221243,0.2915733721571363
2.494942335707,0.43428463652327093
2.495886288953,0.4132834317268373
2.496782426929,0.3900707488388662
2.497627846208,0.45641785566878773
2.498617413213,0.44852230491828615
2.499590150293,0.387444845978969
2.500429650686,0.3654116188396997
2.501220045612,0.43721903147476404
2.502164389028,0.43570617184048016
2.503104743312,0.4048224008759322
2.503978499662,0.42341611816266816
2.504892766822,0.4073613154714493
2.505770455873,0.3497506746840534
2.506523707607,0.353513393172208
2.507286302023,0.393967236776009
2.508138498676,0.4219896031218294
2.509054165654,0.39159485586062553
2.509905682066,0.3883955505375303
2.510753324283,0.38290581527262035
2.511591293728,0.3509924369395537
2.512360618506,0.4612406298544207
2.513373215955,0.45529161987287103
2.514374456608,0.3648959268618008
2.515177805626,0.39851503100458746
2.516055906255,0.43280506163085375
2.517009506874,0.38295908668453793
2.517852688579,0.42115564591703764
2.51877935189,0.3705186420199244
2.519593611619,0.36117989704994047
2.520386669132,0.3903713608759621
2.521243704236,0.3603036786200483
2.522035437832,0.3745433630754456
2.522860669744,0.4283295578048898
2.523806457534,0.42405079822108277
2.524742807587,0.3656965319465299
2.525549954157,0.37616854546657136
2.526379948133,0.3387946464439147
2.527127437387,0.3828703563530381
2.527972616861,0.3775706310354813
2.528807668733,0.3642380380855223
2.529613153751,0.39823961216509757
2.530493186724,0.3385180684580904
2.531240730202,0.3860465819363097
2.532092924266,0.32782346025840275
2.532816840969,0.3482900687695902
2.533585289557,0.42546511547863813
2.534522113451,0.4011943002351732
2.535404021394,0.39633122463397963
2.536275160649,0.3967114215142634
2.537148764713,0.3954372547893662
2.538022682368,0.3846391201861627
2.538876132247,0.38035464035072586
2.539722110071,0.4075388615966019
2.540627767187,0.36771411561232764
2.541443851619,0.36453911006547357
2.54225229241,0.38249513190270396
2.543100406171,0.3849554164598593
2.543954274467,0.3505170174549195
2.544733565262,0.36729080085869564
2.545550752325,0.4524478534686601
2.546556224823,0.43464976444393266
2.547518399275,0.3864620974321254
2.548371057668,0.3914254330561736
2.549235148693,0.40740128332412917
2.550138224531,0.43118332498116263
2.551099307437,0.41129674565006413
2.552019286953,0.3859342749191992
2.552884343305,0.36512513068283914
2.553704877599,0.3990156771071702
2.554603137947,0.36253938681686154
2.555419592824,0.39212753543929935
2.556301906748,0.3720927196016076
2.557137572923,0.38757750468486174
2.558006196062,0.38611771013213914
2.558870499932,0.2668753523394675
2.559469379654,0.38519469898660663
2.560335981554,0.3580198093727836
2.561143243281,0.39893229209372494
2.562042922564,0.3813274173664631
2.562901495256,0.3839134984845581
2.56376451711,0.33259624680012084
2.564512347214,0.339958220909975
2.565277571996,0.37196185767414064
2.56611603542,0.34482991431911914
2.566894305014,0.3581627407784438
2.567702024111,0.36823616379191765
2.568531573862,0.33577845227580155
2.569287338474,0.3952779563293901
2.570176513991,0.4058374114600457
2.571089332099,0.41602394479903265
2.572025647204,0.4186270795990449
2.572968374995,0.36442684569961414
2.573789442078,0.3676296594511394
2.574617866235,0.35312965359345355
2.575413002404,0.4261107631464085
2.576371535593,0.4443708721287382
2.577370785394,0.3914980336273978
2.578251584657,0.40075332213405546
2.579153631227,0.388601934361416
2.58002820873,0.4046619993856685
2.580938192402,0.4473484648701273
2.581944732081,0.4359795894948577
2.582927026412,0.38693136020565116
2.583798174815,0.3453445262461797
2.584574016345,0.3997947242350605
2.585471561259,0.3621813207405486
2.586285232487,0.3272974629617826
2.587021871961,0.3800238467934785
2.587881276905,0.4014289500446312
2.588793774636,0.384396171800933
2.58966824467,0.3839001722226777
2.590541597712,0.3916669265186382
2.591432500731,0.37247700808257816
2.592279340521,0.3383104354120444
2.59304790642,0.37590645271154555
2.593901056529,0.2538401507166327
2.594477192874,0.4414715966515353
2.595479166554,0.3959373711857588
2.596377598382,0.4104928818980914
2.597309551182,0.4425495539384376
2.598315308634,0.4131001715911748
2.599254106881,0.3522715808646551
2.600054514879,0.37714294910347124
2.600912153582,0.3549362297584207
2.601720954741,0.3802628451428807
2.602588501359,0.33853850534239655
2.603361723409,0.4144963873924251
2.604309628447,0.36709991389415697
2.605149827808,0.36021195565294156
2.605973922223,0.37440332428476025
2.606830310745,0.42898846792367795
2.607811166695,0.4443053917545316
2.608825648201,0.427641565232816
2.609801748695,0.36201020760132285
2.610629464162,0.3671101036597588
2.61147139536,0.3920012435097323
2.612372460774,0.40239949788587587
2.613298309805,0.39708933883634334
2.614212005319,0.38654299758607097
2.615101247388,0.40531905793941087
2.616034334806,0.42788418293844954
2.617021369298,0.4020071467667237
2.617949271321,0.38007943771768393
2.618824730357,0.33484779685767485
2.619594381221,0.3933988439338659
2.62049717303,0.39996041776828295
2.621414737325,0.4242945985677344
2.622389245038,0.42500049745945634
2.623367028869,0.37837585988816963
2.624238273813,0.35759879624344043
2.625062412393,0.3748572012995687
2.625927291721,0.36268825734622967
2.626764630009,0.3833744385869625
2.627648570132,0.3980894394702859
2.628567399637,0.4084233432902183
2.629512530758,0.31896050366462886
2.63025172845,0.3856384368984202
2.631145143218,0.4088925351711614
2.632090576318,0.3751389515810556
2.63295705964,0.3870923477771151
2.633852332508,0.3533349331145408
2.634671663701,0.41444600241786533
2.635635422778,0.3621776521204165
2.636479261745,0.4231372072833944
2.637466596215,0.4306216208850251
2.638472638867,0.4159162196720426
2.639446272595,0.362082226318249
2.640294715418,0.35348609387004987
2.641122088906,0.3455343981081731
2.641929944613,0.40352899128051084
2.642872076339,0.3675970429406839
2.643728797289,0.3616923206996425
2.644571028,0.35920909544096247
2.645409082494,0.41049092467459936
2.646367556976,0.3878848093261371
2.647272472283,0.3794644599207517
2.648156709672,0.3978623774353115
2.649083534281,0.40643898607329754
2.65003070152,0.41857950359970253
2.651006611178,0.36012183716271406
2.651846683256,0.3917277952549413
2.652760957713,0.4031800779827037
2.653703239153,0.3838915937164749
2.654602162928,0.39028147549524267
2.655517062225,0.3550854381814184
2.656348444391,0.3743949736020947
2.657222429678,0.4180480016556872
2.658196346179,0.38808410349202965
2.659100512917,0.39201115092444005
2.660014308052,0.39747235429300753
2.660941104948,0.43133700634850747
2.661948241026,0.38595294563188254
2.662850983419,0.34393612972801213
2.663656390307,0.3046568297185107
2.664370842251,0.3706005859798465
2.665240474776,0.4021590590951428
2.666184536656,0.36526761843517186
2.667043026312,0.3743557820349568
2.667924782581,0.391607244106869
2.668849360896,0.3451304518122459
2.669665579444,0.3541368157557062
2.670505219716,0.3679108836634169
2.671377014623,0.3805571664141553
2.672278504248,0.391228546809201
2.673206630237,0.3862250124861962
2.674124250438,0.42161764651415323
2.675125101301,0.35729744542621483
2.675971276883,0.3733167582802594
2.676853845823,0.39412604607213303
2.677784962626,0.36947905288922545
2.678657416944,0.37226750171457634
2.679535279202,0.37848285642854684
2.680425414776,0.37554465386820535
2.681307741366,0.4199203341404343
2.682295376409,0.3866336500591341
2.683204959181,0.37587727577849184
2.684087526378,0.4268695015087119
2.685088978776,0.37186155942001264
2.685964112523,0.3726919879162269
2.686844937495,0.3909768880626603
2.687771994359,0.40734795472608415
2.688739578761,0.41825202614175583
2.689733806632,0.40832739755940545
2.690703999451,0.36517206582066764
2.691570680665,0.38928972896107217
2.692493863359,0.4226247304005805
2.693496112928,0.4221611320580233
2.69449899133,0.38784196355926304
2.695423220233,0.36299775094623526
2.696290932714,0.27719266268271564
2.696955217902,0.3487468831507316
2.697792166705,0.350099813230161
2.698632294474,0.34850397065584965
2.699468404938,0.36532191854870166
2.700344841055,0.3915523556214907
2.701284458691,0.38040380561484866
2.702197763224,0.39027442037529025
2.703135306161,0.3952474821691545
2.704084003119,0.40326090907246115
2.705051387396,0.35275483755918413
2.705899810653,0.41198142183618375
2.706892828506,0.3512466426359271
2.707737314854,0.3492336961346352
2.708572372686,0.34995049581816795
2.70940710501,0.3668834760098489
2.710283202051,0.38751848462356947
2.711211187158,0.41730953793541536
2.712212558677,0.39145436008644857
2.713151757667,0.4135827026807465
2.714144362664,0.4178481213460272
2.715149717289,0.38164610789900666
2.716071324745,0.382275051562988
2.71699823983,0.3631759531160845
2.717881635863,0.38289620219227744
2.71881348959,0.3741219716878396
2.719721312427,0.41667798850086446
2.72072700204,0.41799887625878834
2.721732797671,0.39636704684350904
2.72268590417,0.42195874490687635
2.723698759546,0.40782700112400105
2.7246769054,0.364507555221427
2.725552251594,0.35410379901187744
2.726405847167,0.3552282964933353
2.727267290755,0.3773453177331072
2.728185811031,0.38375016063768114
2.729120952169,0.36175260348229593
2.730002031613,0.3572082922917669
2.730870124254,0.41508640268970587
2.731875922848,0.41641191331679983
2.732884186256,0.36733016487260184
2.733775012575,0.09401260080712447
2.734003287869,0.39060656472454924
2.734953017146,0.3949044623675863
2.735915184489,0.3616819859208468
2.736798075362,0.3785926330433052
2.73772360558,0.3985510483862428
2.738699316612,0.3794994783349777
2.739631121149,0.2909895141231921
2.740346738312,0.3516484173419631
2.741212130515,0.3789095720442467
2.742144203389,0.3601892870949687
2.743029240831,0.3861767416625338
2.743976783591,0.3824762929093523
2.744912808504,0.4019163818177972
2.745894881015,0.40978227006721357
2.746897266438,0.39837669517244356
2.747873233491,0.3616096714098027
2.748759897992,0.36656207937314766
2.749660286556,0.4011032040667094
2.750646878659,0.408946917897445
2.751653503322,0.3697535235509138
2.752565705708,0.4054539417743384
2.753568995056,0.36989897084913886
2.754486007074,0.39090077122201883
2.755455576691,0.3548006618541938
2.756334829834,0.40516629421602357
2.757336500699,0.3439370045923863
2.758185293642,0.3531039448994927
2.759057086753,0.367818364744539
2.759966276558,0.3528501500537847
2.760838344071,0.3915427552316898
2.761806110989,0.40521446579373904
2.762807577658,0.39956426709694637
2.763794029178,0.39750488471664874
2.764774581943,0.40208369936888505
2.765767080727,0.37465561147678955
2.766694009365,0.39203662706558046
2.767666161121,0.37709803615896265
2.768602903452,0.3909035662686778
2.769574174085,0.3887071310281231
2.770538275758,0.4048813010822262
2.771540670804,0.3961670251843582
2.772521190051,0.3658459612272885
2.773426424803,0.4059091268351524
2.774429940065,0.4104874437609315
2.775444290532,0.10832805353714053
2.775712004077,0.39191448090709113
2.776681698766,0.32560671614792175
2.777487550594,0.3598995587784442
2.778377439425,0.3781960314766305
2.779311149485,0.40431999083955045
2.780308038398,0.36694950305170326
2.781212400314,0.37102847663802346
2.782127996334,0.34140268581680794
2.78297218517,0.40321334620013577
2.783971314451,0.3940050080120971
2.784950675443,0.3934238726310699
2.785932746083,0.3211367791312615
2.786736912634,0.3864508057161467
2.787706266717,0.359989680343057
2.788609428678,0.4003441112346003
2.789613538379,0.3992944956078251
2.790615423747,0.4050799586273667
2.791630501198,0.40289824294054416
2.792638318836,0.40038361682872514
2.793641341528,0.3230759211192454
2.794452833175,0.32002149915879946
2.795257558402,0.35366396865836885
2.796148056929,0.3688737619200333
2.797079741519,0.3520756585892961
2.797969613491,0.38755567160819065
2.798946131738,0.36941587006091847
2.799874209713,0.3825629173360536
2.800834613101,0.3435829006672777
2.801697552876,0.3905741455531502
2.802679482896,0.3992550220134032
2.803684970119,0.358514446215849
2.804589516855,0.3728245581757285
2.805530758748,0.3673563458294091
2.806455704597,0.3975240150712713
2.807455949741,0.3980891663811383
2.808461371904,0.3465963424259208
2.809339372341,0.34223663433400947
2.810207058729,0.3392165290212114
2.811067204902,0.3432807753432269
2.811937775715,0.3701516451925225
2.812876801036,0.35766533432116354
2.813784342565,0.36397384177684483
2.814706871415,0.3375606599251782
2.815560319812,0.3820832315090736
2.816522736157,0.01292682233152967
2.816555271297,0.4002612831378919
2.817563655747,0.39632892162875905
2.818563776418,0.3956402487672312
2.819562473156,0.3974717393208498
2.820567778408,0.32615363377167667
2.821394238045,0.35527253396803504
2.822296094733,0.3672799118192495
2.823231516407,0.3675122761405394
2.82416880411,0.38877539294330105
2.825160725452,0.3624633978841444
2.826088063019,0.34980276299149415
2.826984942601,0.29795386496647164
2.82774866159,0.3241688253833085
2.828578805597,0.3861732357007462
2.82956609519,0.353583421491012
2.83046763657,0.3576972672016825
2.831378300686,0.3939340974334985
2.832379802,0.36791770387309447
2.833315395635,0.3954784758705775
2.834320951384,0.39462822054845414
2.835321265305,0.3378311339300614
2.836177448027,0.3734382466544371
2.837126927886,0.3784666933610476
2.838092195262,0.351700985442502
2.838992725181,0.366964259341864
2.839937168179,0.31490384257531534
2.84074999895,0.3713852082082242
2.841709005779,0.38864739695887623
2.842711011846,0.3637668836703378
2.843645676601,0.37725237537920703
2.844612749962,0.39311297865245565
2.845622451611,0.3912608846677411
2.846629427676,0.38666975540001286
2.847625526301,0.33758497439703583
2.848495801412,0.32988067164006507
2.849346837763,0.388886431664271
2.850350242527,0.3903023489935904
2.851358417187,0.38009328206416687
2.852344976116,0.3797122503472411
2.853334306477,0.3606959170417682
2.854274070087,0.36914929004348773
2.85523526825,0.36891873151215454
2.85619466033,0.3115781829108507
2.857002679803,0.2292956730281407
2.857596143317,0.3849422372574102
2.858592148727,0.3869324700290367
2.859594318346,0.38861985569718926
2.860604056323,0.3404451859559907
2.86149126982,0.35261712325269123
2.862409122649,0.37374484102337785
2.863378389903,0.35276456555678465
2.86429011799,0.3671450742984483
2.865238948006,0.3723661465408252
2.866202069111,0.3876401510569446
2.867203081286,0.39111869078627853
2.868211946,0.38922247517639447
2.869216873867,0.38818078385925014
2.870223359356,0.38612700136996314
2.871228824682,0.3827336597988038
2.872227380594,0.38386796445862864
2.873230426538,0.38197620878929434
2.874231129915,0.3303000091342665
2.875097640825,0.38211670226568717
2.876099968158,0.35466156498437634
2.877028960821,0.3828870207133082
2.878029813584,0.38463519480805625
2.879032805315,0.34123868275350994
2.879920810098,0.37707912487918327
2.880902510844,0.38569482323558407
2.881907429348,0.35245432215412004
2.882826970637,0.3561166739088629
2.883758281848,0.36156031857251825
2.884707021139,0.34325838280625137
2.885610891312,0.3596123157168053
2.886560138864,0.3623249514950316
2.88751632335,0.34432944130518683
2.888424247871,0.3563786745338318
2.889362939181,0.3840077741900573
2.890372868279,0.3816349448525493
2.891376572277,0.3480886010029048
2.89229294803,0.3809657831947225
2.893295568496,0.38153392905026257
2.89429873003,0.3629661339038805
2.895252782589,0.38219734265398747
2.896258624,0.38485237493733376
2.897273028061,0.181075960779731
2.897750327355,0.38050408247265644
2.898753126755,0.3541744119447729
2.899687684925,0.35265000860913337
2.900620583917,0.3820226629630632
2.901634080574,0.32838545184596346
2.902506706834,0.30430794486647605
2.903314913983,0.3396089258422843
2.904215842073,0.37295907648084753
2.905205529866,0.3723425288432292
2.906193696412,0.3310339534178194
2.907073139762,0.37773345966799393
2.908077784466,0.35213822743304835
2.909015043975,0.3433781803147567
2.909931075637,0.36814075664136986
2.910915905284,0.33326807011218146
2.911808780822,0.3250027199449598
2.912679124493,0.36161335281709056
2.913646196771,0.34478285803145936
2.914567075935,0.34407094454970766
2.915485672853,0.3628117250577058
2.916454926659,0.375985170028604
2.91746062066,0.37714064481719917
2.918469467945,0.37562394630378915
2.919471550098,0.375829794032452
2.920470384873,0.37910866435263935
2.921476879962,0.37779299631261365
2.922482463549,0.340752267653206
2.923392556629,0.37616954170891925
2.924398599504,0.3736625897507912
2.925400161087,0.3473827145146139
2.92633382761,0.3044949445636426
2.927152713716,0.35631192290946845
2.92810968705,0.35196542739833686
2.929053427747,0.30006689527208746
2.929857849915,0.30546558541071445
2.930676987599,0.37492872926957266
2.931683388059,0.32155053943695455
2.932548787634,0.35819816594349707
2.933513912555,0.34258339530362486
2.934437337431,0.3611014004933995
2.935410555199,0.3594027995170263
2.936379175194,0.1976302406694976
2.93691190644,0.35205411895391087
2.937861435664,0.3755452216890461
2.938874078742,0.3605548599031341
2.939844680748,0.3536707452607959
2.940795423736,0.3445770720491852
2.941721506218,0.3210774607844376
2.942584940401,0.35239307480481596
2.943534668932,0.37580395781928194
2.944549619347,0.3449267955652781
2.94548131417,0.37164594621167324
2.946483482034,0.3522937441746257
2.94743123569,0.36826000809197423
2.948420204878,0.37545462312591127
2.949428142849,0.3760332858556584
2.950438568087,0.3741430847070521
2.951444168899,0.37398702702648456
2.952449000139,0.37627540643722757
2.953461004897,0.3713149787233097
2.954461812529,0.37137818437451314
2.955465147598,0.3637447547394998
2.956449962551,0.34252427979445643
2.957378314628,0.3464939598380209
2.958317185961,0.37657913357765105
2.95933725622,0.36974077442936487
2.960339516635,0.3680989627374587
2.961338330381,0.3696470381251856
2.962341551178,0.3130732789224098
2.963191605725,0.33312373313160165
2.96409811097,0.3325414320828226
2.965003142503,0.31459421474605803
2.96585834186,0.33042129116518937
2.966755979078,0.37212283143470953
2.967766932956,0.3694433180697391
2.968771008053,0.37103251636413453
2.969779076998,0.3688298084149777
2.970780799138,0.37037319402080265
2.971787237684,0.35252570176375675
2.972745656221,0.3660325522219606
2.973741365262,0.3688696015018098
2.974745305337,0.3434945066647932
2.975680239352,0.36882722971854737
2.976684763148,0.35574922682788507
2.977654910843,0.36747701332411736
2.978658339765,0.36695768519241534
2.979661299872,0.34505603292194426
2.980603964925,0.3631831271265596
2.981595235459,0.36741065768720804
2.982597425474,0.36859529875286884
2.983601900123,0.3679186511585386
2.984604476519,0.3465336226620329
2.985551018422,0.3344772454294707
2.986468232345,0.364680837992736
2.987471210679,0.36625141104169684
2.988479071977,0.36577417771454196
2.989485523823,0.3676198170491703
2.990496835777,0.3549295376362496
2.991473545408,0.34988229436822604
2.992437601777,0.3353563118596861
2.99336307022,0.35440884318036864
2.994343344147,0.3451488891587823
2.995299175847,0.3544804616372656
2.996280981603,0.36479247930228414
2.997291980008,0.3449442915193696
2.998248047085,0.3623781459132249
2.999251281155,0.3620617828694022
3.000252014465,0.36452911428200474
3.001259392859,0.3637388137627557
3.002266604681,0.3636357955618419
3.003275246238,0.3620031768913571
3.004279112813,0.34353698203914534
3.005231378235,0.3565741406147161
3.006220652839,0.36002993065498357
3.007221165296,0.3626075825022603
3.00822825612,0.33097400781431435
3.009145276238,0.3281232183527488
3.010053737078,0.3170898068607351
3.010933574627,0.2756486279990207
3.011700859532,0.2926439420208332
3.012517698493,0.3181861932253298
3.013408031308,0.06621468278047869
3.013593549441,0.32126457931136526
3.014493847552,0.33839832541381565
3.015442443932,0.35759108643872606
3.01644440037,0.34054125666164164
3.017397942041,0.3600324892160194
3.018407065743,0.3250136309270307
3.019319832075,0.35631996975601427
3.02032176332,0.30033317142672955
3.021167121095,0.3350210406101013
3.022110260481,0.35743609367830953
3.023115408274,0.31419730613171326
3.023999133706,0.3336409628119238
3.024938012482,0.30666954217747827
3.025800324235,0.33630538243046665
3.026745471052,0.34686460922858176
3.027721103998,0.33201024681558655
3.028656518811,0.35626755068263033
3.029661712523,0.3562574773097204
3.030667613444,0.35529964990058494
3.031670399289,0.3184084626987084
3.032567956814,0.3219406488576536
3.033474552455,0.33364033175379354
3.034414118208,0.35566538953869015
3.035415939218,0.32542788672613854
3.036332263493,0.3544888074925512
3.037332612116,0.35254522135696453
3.038333598606,0.35025114450746747
3.039333933757,0.33649406271914734
3.040298316209,0.34966561419673725
3.041302964184,0.3466789620301221
3.042301008903,0.35278425773284167
3.043316631754,0.35215010186739715
3.04432822261,0.3526245078782785
3.045336456366,0.35312878272403514
3.046342428947,0.35721160423835796
3.047357050441,0.3535662636961
3.048359048193,0.32380183969847715
3.049276841062,0.29923207225527315
3.050124063739,0.3107225952919653
3.051001405519,0.3501285719984988
3.05198698626,0.3557717679617401
3.052987210413,0.3406175567441062
3.053944307761,0.34067851555058104
3.054899809076,0.06655938723485695
3.055086175403,0.3576826142627877
3.056087072606,0.33810562016407114
3.057032505911,0.3504468024592496
3.05801305373,0.3310544699394714
3.058942345466,0.32157312327347104
3.059850200114,0.3096001818192222
3.060729627108,0.35594335867340876
3.061745718423,0.35011176212763
3.062745887413,0.35091212001525063
3.063747169721,0.35267551698223754
3.064752190204,0.32473310515753673
3.065676278,0.3283283321818528
3.066611337598,0.3380062563827463
3.067576625737,0.34961561323043466
3.068576744718,0.3519346204017652
3.069583633435,0.35016508305911626
3.070585655565,0.3172187415675538
3.071494582343,0.33672486712679534
3.072461229252,0.3358449659162849
3.073427552444,0.28597663875307655
3.074250389876,0.30881612805181646
3.075137236853,0.34093609771742367
3.076114345636,0.3525072907143064
3.077125054422,0.34817052340884097
3.078125075741,0.3498443192315553
3.079130210719,0.35164298050107223
3.080139679298,0.335078217733574
3.081101177085,0.35033379538355497
3.082105985581,0.34931905060703267
3.083107880829,0.35246191708415653
3.084119664028,0.3153515238155607
3.085025698969,0.31126638911653987
3.085921679984,0.3220689503861587
3.086851597089,0.3453520166317771
3.087853022123,0.3362785933050191
3.088832612749,0.34546588282952506
3.089842567053,0.34419625493910205
3.090849628935,0.34444925951309074
3.091855832363,0.344341640563981
3.092862929151,0.34158829286774983
3.093866051511,0.34268089808031776
3.094875116117,0.30307242737209034
3.095766466809,0.34158017342567937
3.096770056925,0.3421628385051074
3.097773843399,0.3437958988208647
3.098780631159,0.31640076005294127
3.099707188763,0.34327393974622233
3.100713663617,0.3414281519244621
3.101716480621,0.3427564699279146
3.102724964039,0.3435568305137365
3.10373712263,0.34160117984754995
3.104745799829,0.3384318417028462
3.105746830532,0.327355853253075
3.106714312422,0.34055072759991933
3.107720314423,0.3248038207416587
3.108681528053,0.32922446081139156
3.10965815481,0.3402089570635187
3.110669281824,0.33720288728706443
3.111672909848,0.33893876605259043
3.112682894491,0.33704029293978427
3.113687727016,0.33766060492325034
3.114694230032,0.06351265653382833
3.114883464495,0.3313562702614184
3.115871422032,0.3175865364962787
3.116819871355,0.27643963693382956
3.117646324042,0.33713474102448454
3.118653831246,0.33607818519757465
3.119658080681,0.31538639283619213
3.120601212319,0.3213437328056729
3.121561775606,0.3353251408554718
3.122563286119,0.33659680544198667
3.123568441485,0.33235968649989917
3.124561657033,0.3391103437779845
3.125574805767,0.15198503179599765
3.126027887347,0.18909715161805116
3.126591778608,0.21525043112296127
3.127234364549,0.26446060526571574
3.128026021814,0.27920724055579493
3.128862851253,0.2701802097603122
3.129672543462,0.23836661241473847
3.130386503695,0.2550375977086591
3.131151005806,0.2630345223832067
3.131939718304,0.25704561318188895
3.132710445403,0.23895325289851746
3.133426555896,0.266663092610115
3.134225472423,0.27145260830112333
3.135039705018,0.25342637276723895
3.135800855539,0.2536949557096951
3.136563565294,0.24397212815318342
3.13729545017,0.24517647097625228
3.138029559558,0.2830400137318983
3.138876244601,0.24648294266333304
3.139613917415,0.2449901766912575
3.1403503075,0.24090938196433653
3.141076855295,0.2422597248835451
3.141808466003,0.23454976697846214
3.142516840539,0.2430752313133365
3.143249791477,0.2596424324337064
3.144033174915,0.2430406366912882
3.144767477294,0.24447171054435113
3.145508088376,0.24547716862106528
3.146253352592,0.2734333416643641
3.147084407843,0.22441571745295708
3.147766946519,0.243800004817191
3.14850863986,0.2579548213092863
3.149292896484,0.2679016195937102
3.150107310086,0.26449919941636374
3.150911660516,0.23896319205059252
3.151638240992,0.25593517370331814
3.152415366988,0.2649130938093888
3.1532193398,0.259521694171878
3.154007244916,0.26963817876187507
3.154827216487,0.2641042206696828
3.155630970565,0.30843868501492716
3.156568466528,0.2988031390340971
3.157475243703,0.2856258156265593
3.158342804375,0.2590272621642971
3.159132220402,0.24647799016759575
3.159887204611,0.23469053191874864
3.160610554569,0.24037560196507501
3.161352512591,0.2117542607887104
3.162006586015,0.2427446467855209
3.162754820514,0.23647707872889923
3.16348275481,0.24565354424747882
3.164238398922,0.2321438640049593
3.164952313114,0.28087122395661984
3.165816402107,0.2533368862270376
3.166596468844,0.23334837766021177
3.167315644375,0.24527716781330017
3.168072217968,0.221159313702689
3.168754276701,0.2593959404611115
3.169553444173,0.2487918036621538
3.170319732806,0.2553918681892418
3.171106939222,0.22774140503595477
3.171811634041,0.1971719471715692
3.172423233358,0.22492170388551963
3.17312207393,0.18513752919136195
3.173698236927,0.23642121407270997
3.174434544844,0.18430511867310057
3.175008942513,0.2226462206812058
3.175702527501,0.23354148493342017
3.176429521191,0.24369861709340396
3.177187522083,0.2582116176394118
3.177990375407,0.24154880279072635
3.178741212557,0.2773413126872848
3.179603424782,0.2612517405438691
3.180415916407,0.26848916380843285
3.181251379649,0.30257025498880047
3.182193792256,0.2653072276985313
3.183021426243,0.24196800740119956
3.183777467314,0.23580613755484015
3.184514688722,0.25320289989759265
3.185306312883,0.2079416848512582
3.185955748165,0.263926335131817
3.186780200442,0.23772142475247257
3.187523862223,0.26293180719381515
3.188347882002,0.2514059083239007
3.18913671012,0.24354687204747524
3.189900831397,0.24494955656702863
3.190669802849,0.2678432467190969
3.191511478598,0.18890583743736744
3.192105786715,0.19020209189172702
3.192704204711,0.23701622938547195
3.193449742052,0.23186055772113037
3.194178661527,0.22844677906297925
3.194897063507,0.23703964719998666
3.195643005232,0.23787942165685003
3.19639241664,0.2351849693585883
3.197134939254,0.2360264164178591
3.19788181514,0.2706398423991016
3.198738783915,0.25556540851205234
3.199547806011,0.23831588671244555
3.200301522737,0.23742534225973386
3.201051234167,0.19125218244397685
3.201654070258,0.19744176414788486
3.202275695864,0.24086352956940554
3.20303136493,0.2689878144739196
3.203874198045,0.2917408536790333
3.204788371037,0.2575995178980685
3.205596994116,0.2369587449479593
3.206342050369,0.25802880911972736
3.207153965552,0.2435536989768273
3.207921572017,0.2751357798148373
3.208789986048,0.22335270197205512
3.209495427512,0.2655132357426139
3.210333961451,0.2541135555964017
3.211137348305,0.21626516260498913
3.211821768232,0.23330869024590484
3.212560863203,0.2211389852257706
3.213262418331,0.19474944322530635
3.213880336808,0.2368591906843505
3.214631913945,0.23554501530678507
3.215378949788,0.258473565684039
3.216200195861,0.2496876594271374
3.21699529621,0.25424219997823616
3.217806578053,0.22534587954108645
3.218526724268,0.2468618928908536
3.21931773455,0.24964118749948755
3.220119105231,0.2628474193173802
3.220963419905,0.2594348431110279
3.221796492235,0.25556647222407824
3.22261691572,0.25710916051813415
3.22344267731,0.09302226640379675
3.223741345839,0.2685291151708699
3.224603052185,0.2641353637753025
3.225449443187,0.2781087829284145
3.226340048016,0.260327126912576
3.227173308503,0.25443923789488243
3.227987775457,0.25440823630110193
3.228802813722,0.23897585896795856
3.229570011756,0.14293780416297178
3.23002900018,0.1913113855708685
3.230643360883,0.27102416518873285
3.231512491669,0.2817995877772891
3.232415451158,0.27308716647339243
3.233290710833,0.24775651053388095
3.234085522716,0.24414955292987106
3.234869346517,0.2544653191929429
3.235686237377,0.21085974231956225
3.236364227656,0.2358524972289153
3.237124275001,0.2497029468236744
3.237931199162,0.25064908357689714
3.238743396835,0.24542468204245327
3.239542754651,0.24292694174270557
3.240337078996,0.25548135576581354
3.241173673829,0.20529113329507115
3.241845850279,0.24114302315972627
3.24263413921,0.24754894795974705
3.243442269328,0.2432221781108789
3.244235563828,0.24238722372188326
3.245025274402,0.2338571386279335
3.24578618711,0.23542096887394015
3.246550340409,0.2473751134497538
3.247353103933,0.26973011138203307
3.248227951632,0.18817401130297237
3.24883787261,0.2459497203767749
3.249632928094,0.2570600221476103
3.250461679566,0.26218201823909754
3.251305268039,0.26534681180360564
3.252158535181,0.2554802754932575
3.252980783293,0.26299869478817106
3.253828507,0.07330984333810701
3.254065244453,0.2647916254401407
3.254920307064,0.11620880505686916
3.255295483223,0.17399269614440083
3.255857171337,0.22838154895417007
3.256591580257,0.270674007955104
3.257461111086,0.2620711065347102
3.258303520935,0.18529543088878722
3.258901024432,0.20933964743125963
3.259578112634,0.24262265894611218
3.260365250272,0.25942333601289247
3.261210119669,0.21351977590781385
3.261908746208,0.27863779706374053
3.262823983365,0.26474352250730226
3.263696218203,0.28124728619672656
3.26462409628,0.2685276993605386
3.265511521817,0.27014174436026284
3.266407168754,0.1719145042042182
3.266978936311,0.1370427610520477
3.26743484079,0.21481650257420198
3.268149673753,0.2573969117665168
3.269004502842,0.22972494192924733
3.269766699394,0.22818702801851506
3.270524375762,0.20233144055182636
3.271197357499,0.2604396809261295
3.272067365918,0.25390268729626486
3.272917198908,0.1890144560046051
3.273550047927,0.25260669017781423
3.27439589974,0.27507651919215204
3.275318306186,0.27599230175931483
3.276245842271,0.23603731185706567
3.277040391125,0.23138976382672946
3.277821027082,0.25040830186379764
3.278667804,0.22706279711857033
3.27943693245,0.2307672787814264
3.28021861408,0.25236446225599696
3.281070555665,0.22677315024179756
3.281833777801,0.23289508182747048
3.282616076778,0.24569784260977748
3.283440559046,0.23651020582040838
3.284235109641,0.28596664354786205
3.285198935034,0.25785825549438546
3.286069070695,0.25271252817024004
3.286921126325,0.25880222586409185
3.287793927465,0.1273260129853586
3.288223582022,0.2004952452398893
3.288902452628,0.25630700278445795
3.28977232772,0.23381972500388032
3.290567722062,0.1983198219047678
3.291243545038,0.23089726678362857
3.29203190134,0.2496479844410545
3.292884186578,0.21850658069722106
3.293629658161,0.23100659094143855
3.294417100227,0.2321077519231748
3.295209313431,0.24513083186269014
3.296045234252,0.1648184790467195
3.296606490379,0.21550584284927654
3.297338702652,0.25744534048968326
3.298211889438,0.24928501555384194
3.299057592127,0.24888272298222433
3.299902807119,0.24723439469272387
3.300743720294,0.2415483484036012
3.301567047716,0.23462924328083617
3.302369958621,0.23557824212228642
3.303178178222,0.2341759492028963
3.303982173797,0.24177428866176884
3.304812327715,0.2554878420333238
3.305689063243,0.16649144017059736
3.306259696667,0.19065916633629845
3.306912646336,0.21765089077761954
3.307657624299,0.22053992826618368
3.308412260609,0.2838176506207514
3.309382797062,0.25866964340259274
3.310266025975,0.27620498325915727
3.311209150206,0.2717017386729782
3.312137635359,0.22000862080465083
3.312889976509,0.24407928619269934
3.313725432657,0.2640639481064958
3.314632063058,0.19278773514206493
3.315295677461,0.26623022339866637
3.316212351669,0.2611343617043516
3.317111226577,0.0018181236782512384
3.317117482899,0.2668487045052285
3.318034688486,0.25486188282548616
3.318909027343,0.2577700519392193
3.319792389118,0.23757629680167758
3.320606634736,0.25134763554996087
3.321467590846,0.24888989211757076
3.322319672161,0.19686401441046042
3.322994829462,0.15436187215187208
3.323524921367,0.16961589219365156
3.324109659951,0.20384484423085325
3.324813934039,0.2059448391161347
3.325526832349,0.24178617372993108
3.326364667062,0.19213600800190725
3.32703144953,0.1894576251640542
3.327689325135,0.21253067194595426
3.32842783118,0.20731152058423338
3.329146717298,0.21545842370914314
3.329892040123,0.24082094136993581
3.330723252717,0.25880059097478214
3.331615757317,0.259690855425319
3.332513022932,0.23877961271884487
3.333339770319,0.21593096581628485
3.334088668763,0.20540886855146104
3.334802660172,0.2125197846370673
3.335543430894,0.19166903539349944
3.336213524924,0.24626260524128224
3.337074795962,0.2180368608167424
3.337838100894,0.24620724638479372
3.338701356766,0.1975516860710177
3.339394980138,0.2257345882926294
3.340186963108,0.2556263746925812
3.341083630272,0.23997488274616463
3.341925834811,0.22715262638502706
3.342723682409,0.21206990070505924
3.343468286777,0.20100569328977858
3.344173010933,0.23868305619227315
3.345009354014,0.24486865459711205
3.345868189477,0.24520194695433237
3.346731238994,0.2401684555889062
3.347580343508,0.2382992878442218
3.3484251612,0.1810895343205981
3.349067990239,0.19233465341298098
3.349751236663,0.2684645911875925
3.350706030922,0.2552299297782998
3.351615399804,0.2356996202239706
3.352454689938,0.2379385547073691
3.353300851537,0.16995911509878814
3.353904876801,0.16363123837213156
3.354486260746,0.18451619211966802
3.355142512772,0.24033712095869722
3.355998648368,0.20195239874425772
3.356719794416,0.20696904773103617
3.357459566535,0.23907183239737018
3.358313809661,0.2371980430306462
3.35916106366,0.23733779020313314
3.36000840152,0.2370192468253065
3.360853348329,0.21701438052240551
3.361625644581,0.17331395977310077
3.362243190713,0.179426206493372
3.362882933285,0.19437511823023063
3.363576848003,0.242782698581804
3.364442841501,0.2261908774783743
3.365249673978,0.22563382350645972
3.366055596943,0.23941052873978405
3.366913402493,0.21123038156348942
3.367672529307,0.20218296352119303
3.36839986335,0.19851251277014606
3.369114498294,0.16883489026865278
3.36972270848,0.2054548084666417
3.370463776799,0.22487736126996022
3.371275966977,0.22090508764638012
3.372074770434,0.18683146461130984
3.372750379463,0.23759279001267425
3.373609902342,0.23779530903770454
3.374470696265,0.25955456717188613
3.375410446063,0.24414752632585354
3.376293646438,0.2535769061224154
3.377209659127,0.1958894956352389
3.377915734555,0.14739668132201528
3.378446169136,0.15459754209303564
3.379001942971,0.22269086224945892
3.379801457286,0.23853191303035784
3.380656856666,0.24533210230791982
3.381536318579,0.04363668258672779
3.381692795631,0.18789899361877238
3.382367122718,0.2728711847920061
3.3833488056,0.24536467915395196
3.384234096215,0.23037070394847042
3.385068444264,0.2337443589492969
3.385916591617,0.2533317084679899
3.386835190623,0.26306562668624917
3.387787379126,0.20659758067460596
3.388535273474,0.09613366174571629
3.38888375671,0.13563234357546153
3.389376250791,0.18327271706804935
3.390044148763,0.2253813273087686
3.390867446481,0.24038595218104777
3.391745889117,0.2410328962052212
3.392625580405,0.2289584566080092
3.393460115974,0.24649961488247488
3.394358939297,0.24572098394516867
3.395256949778,0.2607480887697115
3.396212911544,0.24979968855728296
3.397131633567,0.10741271375098631
3.397526895706,0.16740566461991618
3.398143041501,0.1780097289570737
3.398799340104,0.18165127914805784
3.399470301719,0.23079398831665962
3.400326851179,0.23283056147525533
3.401192935549,0.18912971777301896
3.401896470947,0.17326294338421797
3.402541046158,0.1834680769148206
3.403223820051,0.18274778244399476
3.403905430815,0.2319555313274367
3.404771262597,0.23563836159219897
3.405650269503,0.2441749844428841
3.406558969351,0.24285270632404282
3.40745976703,0.2283595161304554
3.408304480218,0.24319742194739633
3.409203705841,0.23916245674284412
3.410091082383,0.22548626145430384
3.410930558331,0.22595084282498037
3.411774227332,0.14078359684799432
3.412300835079,0.2091186240912123
3.413086070753,0.1627193583858464
3.413698061146,0.215182325378073
3.414507754703,0.22350240914551459
3.415348566384,0.12015132031266643
3.415800495696,0.24879192279543672
3.416737262391,0.21975498194625662
3.41756652893,0.23183064348548013
3.418443350183,0.21654126350103756
3.419262671385,0.20938447993954112
3.42005440362,0.22163636207281717
3.42089247938,0.23126381946508656
3.421766884655,0.22500992218425142
3.422616888533,0.24570472633538482
3.423543133631,0.129721291866845
3.424031477637,0.13062012009997773
3.424523516027,0.17093057340059428
3.425168381175,0.2306009551995886
3.426040065871,0.22473503491285454
3.426890317591,0.23213982622512797
3.427769385796,0.23688903502470116
3.428668646771,0.12643570972503526
3.4291501862,0.1599626574809427
3.429760267042,0.17767009635316963
3.430438499368,0.17236184815615158
3.431096211068,0.13846206294747693
3.431624492587,0.19551346146609105
3.432370300594,0.2251579574371863
3.433229686457,0.1998347145443757
3.433993329829,0.2296375580688628
3.43487119515,0.21687721087064474
3.435699856366,0.22480380593407803
3.436557755131,0.19294773254002254
3.437293278096,0.24170011887462906
3.438213997584,0.2532096850069181
3.439177925547,0.2127389496705755
3.43998827585,0.2485874129835474
3.440937361151,0.1840214827556187
3.441641870669,0.15563372300962847
3.442239554237,0.19848922846201505
3.443002963499,0.23509986112643033
3.443908845439,0.23014720236015312
3.444796718983,0.19250193195011192
3.445539438341,0.2539187977984677
3.446518541919,0.15169109639637313
3.447103396089,0.12078167446410233
3.447569071024,0.24885065169732093
3.448529670155,0.2324336419621783
3.449429697389,0.221786338790484
3.450290866139,0.20200388774023145
3.451075379411,0.21705647869255912
3.451916833543,0.2142790902318211
3.45274487893,0.19507702873154228
3.453496779792,0.20107231160048336
3.45427254468,0.22030951762745388
3.455123730811,0.2322824134462752
3.456022234295,0.23402866758923616
3.456927616352,0.24412887980001824
3.457872593652,0.25855570954676393
3.458874974213,0.22248016535094667
3.459738655087,0.20517478595033958
3.460535702828,0.09813323428852397
3.460917004892,0.19575335260883353
3.461677843044,0.23920512181377687
3.462607742837,0.22457130993755903
3.46348039888,0.21635476197367098
3.464320783226,0.1265244194061359
3.464812149215,0.17122179013930977
3.465476401025,0.237400470178276
3.466397089557,0.1786600369486886
3.46709020447,0.2104844140492812
3.467907877867,0.22680657701223006
3.468792604502,0.219098338220577
3.469649897627,0.24925225984903068
3.470626794984,0.21350564161080576
3.471463188384,0.1787486807225931
3.472162514163,0.20138932799039386
3.472948338725,0.2079276086424418
3.473759422009,0.17464538060983523
3.474441338749,0.21906444342200565
3.475298182855,0.23120325103820585
3.476203072068,0.2417302471564153
3.477148948257,0.23414678532867092
3.478065853163,0.25744591923725024
3.479075208896,0.22571490451980536
3.479961027811,0.25196120359264645
3.480951557022,0.23187737333242428
3.481865248493,0.09234297163171662
3.482229589253,0.22205946528846118
3.483107368685,0.24152436776899808
3.48406448399,0.22295487126242494
3.484950635174,0.1815441258580125
3.48567376365,0.24001955140737252
3.486631248218,0.22565902873706603
3.487530966837,0.24462962612037217
3.488505102712,0.2307053276758717
3.489422490659,0.1984325823097211
3.490210272155,0.20870252165666178
3.491038687607,0.19846250695117193
3.491827186084,0.22564305287447858
3.492725915853,0.22526416116444387
3.493624525448,0.19655939101046835
3.494408400764,0.24066649043839528
3.495367562046,0.165005051444652
3.496024458025,0.17312135987791968
3.49671298749,0.22661828104112072
3.497612881324,0.24359478691637268
3.498580069727,0.20010983332219187
3.499375812463,0.23175621908161986
3.500299424812,0.21975023628962403
3.501177987067,0.22299466057836706
3.502072765173,0.2307816458545433
3.503002405004,0.21251945828546234
3.503860961905,0.19843737917886248
3.504663824194,0.14679803016120352
3.505258015646,0.21470954791104133
3.506127444446,0.21755587380362712
3.507008622197,0.13600163040130392
3.507559001475,0.17428801268857566
3.508264310688,0.21373056709115323
3.509129684328,0.24155090264775886
3.510109162885,0.213839783431937
3.510977598107,0.22470038796350872
3.511892364754,0.19434128815931756
3.512685225973,0.19391451471722357
3.513477274927,0.2147970743892126
3.514354851852,0.19968740399368795
3.51517000525,0.22879761755197833
3.516102364893,0.1568241702474407
3.516740771331,0.20039099961765078
3.517557017755,0.19807384711062884
3.518364493143,0.19685438040626096
3.519167720743,0.21954034433755096
3.520064377575,0.19528578173020664
3.520863463059,0.216003445597049
3.521748553729,0.22020830642204683
3.522651622684,0.22741496988150695
3.523583847788,0.18356987199192445
3.524335601405,0.2345827069759038
3.525295406957,0.2454483730947327
3.526300195738,0.2400304772817575
3.52728551092,0.1894422264273266
3.528065526001,0.19012861791836064
3.528850935848,0.21975214285847924
3.529761722058,0.20664939907070015
3.530620765666,0.21113853432980118
3.53150016583,0.22864048822090247
3.532453334918,0.22803072137759392
3.533404214053,0.22935914404903143
3.534361108231,0.220621100605494
3.535282380178,0.22121939518844166
3.536206401832,0.21613955148148029
3.537108590895,0.21575279818649457
3.538008717682,0.19561691946080767
3.538824062666,0.21916939653906997
3.539736722918,0.2049828257066009
3.540590102851,0.22896916459042405
3.541544222033,0.22947503675078315
3.542501004953,0.22432368599225438
3.543435809265,0.2163846853082847
3.544338206256,0.23277699982658728
3.545313175355,0.23774741642823852
3.546315161032,0.2087523752460426
3.547199306574,0.20506949456490378
3.54807018918,0.20129293621285047
3.548926527235,0.21052478409259326
3.549823361416,0.22780299056537487
3.550795046216,0.2005443916214943
3.551650120261,0.23507773920384462
3.552650152675,0.2132632250563492
3.55355609014,0.21313947196681318
3.554460603254,0.23601345936059656
3.555462833444,0.2288382971009568
3.556435016958,0.1919137481097006
3.557249104538,0.1128328178208538
3.557727190427,0.21782796594788092
3.558649123134,0.2366977387257924
3.559650669499,0.22156755889251342
3.560590298457,0.22026441688555104
3.561528565151,0.2108622404883761
3.562430813544,0.2208529586323076
3.563377276978,0.2309895999583475
3.564367820723,0.2172187714716925
3.56530009423,0.20452480105070014
3.566177928241,0.20862477497507168
3.567073062916,0.215380181210434
3.567998067733,0.2127510516985203
3.568914275251,0.20654341758771033
3.569806529535,0.21683488764013054
3.570745864217,0.2179795110371742
3.571692004507,0.22527740732038198
3.572670359165,0.19931071917838644
3.573537072135,0.2055282361374758
3.57443267727,0.2300254087519497
3.575437452441,0.22506438212689567
3.576423128972,0.22162076728990862
3.577395002801,0.22719640176846062
3.578391706205,0.22799092641931587
3.579392682866,0.22134251880523317
3.580366160452,0.21442300637072828
3.581311685782,0.2155612597388712
3.582264262723,0.2264776385225376
3.583265501958,0.22684243788384678
3.584267714094,0.22653741152829965
3.585268230519,0.22844097134016858
3.586277240532,0.2263757669937184
3.58727816601,0.2228225129598195
3.588266330341,0.2148647344725569
3.589223447138,0.21414682891363426
3.590181183975,0.21606314102588497
3.591150835254,0.2164076273560062
3.59212627663,0.2020270511898057
3.593039844113,0.22016680787430565
3.59403520458,0.2220087829428897
3.595036440943,0.22300627360606015
3.59603966571,0.2266539631984626
3.597056354332,0.20539212301090434
3.597975731522,0.2199838980563005
3.598959873645,0.22558480953228885
3.599969895356,0.04705330698798557
3.600180787311,0.22346741997505273
3.601183286827,0.20913795756209375
3.602123408598,0.21367308595634107
3.60308739628,0.21182713970931752
3.604046431895,0.21006879678668777
3.604998627051,0.2229435183738813
3.606008468448,0.2227199328091489
3.60701641667,0.21600411733611033
3.607993742192,0.22173319673054392
3.608998326862,0.21429661416150886
3.60997196934,0.2223827567210407
3.610984344326,0.22160283476509074
3.611994309142,0.22031341743005442
3.612999056511,0.2194464435443008
3.614000881963,0.21879323667380884
3.615001198047,0.2091853926325978
3.615957249214,0.22017036176268434
3.616961137417,0.22059375200976444
3.617964310015,0.221833462197172
3.61897101266,0.1908910768698005
3.61983580318,0.20308899172562778
3.62075421368,0.21138542036958716
3.621708498398,0.20958787197043077
3.622653083107,0.21886246437890933
3.62363791955,0.21819979677363627
3.624619612446,0.20869037413638158
3.625560384179,0.22255338403612435
3.626566131286,0.20883946244426607
3.627512026587,0.2096995612495395
3.628464491918,0.19921797670504682
3.629372475735,0.2204804369517562
3.630380852602,0.18341406482991396
3.631222426195,0.1971885477520793
3.632129896869,0.20625115632062
3.633082098769,0.2170072578751979
3.634086633191,0.21741881676563793
3.635093438944,0.19805030070031185
3.636009739852,0.20667685747368644
3.636965215118,0.20908491709213534
3.637931529579,0.21415477412670203
3.638920865483,0.21816319711638973
3.63992778233,0.19632116201356917
3.640833062063,0.2108522367279859
3.641805477505,0.20693638816626056
3.642761876373,0.20161139823415516
3.643696542085,0.09384787164625155
3.644132502522,0.2060491035096774
3.645093170181,0.2122361643802628
3.646086354881,0.21348348509899168
3.64708725808,0.19912642300145342
3.648022403,0.21523737869329923
3.649035716803,0.214792991216194
3.650049029246,0.21280588710622003
3.651053066817,0.21343860309579318
3.652060441234,0.2073017208427352
3.653039528756,0.20660442519611344
3.654016370538,0.20890937211190835
3.655005193353,0.2000902476029102
3.655952135366,0.2075489271491433
3.656933109302,0.20887035279547508
3.657918071199,0.21310958637108673
3.658920458348,0.21320278350871824
3.659920953616,0.21210584339489702
3.660914340255,0.20447573735939092
3.661871064345,0.21472998210717045
3.662876237595,0.21415088340690697
3.663880186433,0.21391630010002724
3.664884507225,0.1987062170741528
3.665818501648,0.19494006057756352
3.666735283529,0.21310564264069518
3.667737123193,0.2030559749971198
3.668690896126,0.21314218890604844
3.669692103778,0.2135225169990193
3.670696068957,0.21340634762955787
3.671700112506,0.2136773580855375
3.672705464124,0.21357688421435894
3.673710385256,0.20954254277156203
3.674698253703,0.21127285179159241
3.675698400294,0.2110785223050751
3.676702352195,0.21144601314290773
3.677711656455,0.20972476627908906
3.678714500484,0.21212454444808085
3.679729111343,0.2059955110686127
3.680714410918,0.2100265262666257
3.681719082793,0.20327599010518074
3.682691244559,0.21018045890665837
3.6836961188,0.2099176461831749
3.684699472708,0.2027660721455157
3.685668419367,0.1960672656496374
3.686605200317,0.20498905490428665
3.687585543344,0.20862175685723486
3.688586058074,0.025076953860431662
3.688706602197,0.20819478445625764
3.68970958607,0.20907804961759058
3.690720042571,0.20374047482016544
3.691708457546,0.20531713100839452
3.692710156146,0.20581098926159347
3.693719960042,0.20359096817002048
3.694722196237,0.20463802660901015
3.695730977576,0.20332940930627103
3.696734350235,0.20153745670248382
3.69773073531,0.1955267330464962
3.698699197626,0.19910152639262893
3.699685618522,0.20085530585316785
3.700679552324,0.19783015282749136
3.701656722909,0.19970386774599228
3.70264132868,0.20478426522139143
3.703649159401,0.20165385984813167
3.70463988391,0.2031417097412186
3.705636823176,0.19817972941117984
3.706609285416,0.20388591526613575
3.707609693103,0.2050310544106145
3.708615362617,0.20435935458837678
3.709617681366,0.20511860381227656
3.710624782228,0.20403518815919738
3.711629984698,0.20257834764578556
3.712633372438,0.199736818357264
3.713627340777,0.20282675009086673
3.714638622732,0.20148816334622774
3.715643258488,0.20319200123334452
3.716655286249,0.2021579896990121
3.717660529224,0.20383308388597837
3.718672617345,0.2027332513727568
3.719678083754,0.20264758258891677
3.72068196626,0.20373720269269277
3.721690330619,0.20332914102170427
3.722696067915,0.20268359773237274
3.723698186049,0.20328943025042537
3.724703191902,0.19954965112921869
3.725690023113,0.20558381702872783
3.726707212839,0.20208460008314935
3.727707706623,0.202155900050842
3.728709419482,0.1493427704158231
3.729450095562,0.20140030163476985
3.730450621179,0.20184292403205212
3.731455421662,0.20055790135592502
3.732456197151,0.20087185366108642
3.733460966497,0.20053734094962838
3.734466826575,0.1986305016670346
3.735467325456,0.19846054062302884
3.73647139649,0.19894561431291144
3.737480406473,0.19883661702767957
3.738490284688,0.19859279260626958
3.739499971672,0.1979955550878585
3.74050750825,0.19771438569131644
3.741514579339,0.1968876059235311
3.74251812903,0.19687235819676951
3.743521632117,0.1964158162694789
3.744523105867,0.19587390797434115
3.745523166147,0.197095404694473
3.746531033458,0.1983399073126131
3.747546111443,0.1955940375436217
3.748547658523,0.195170804376147
3.749548549689,0.1962428345626937
3.750557215568,0.19595416215938663
3.751566767612,0.1957619255573752
3.752578291136,0.19343718254942058
3.753580617426,0.19532114797554126
3.754596051645,0.19193466038513637
3.755597069662,0.19112407831153594
3.756595676463,0.19205280597464439
3.757600136355,0.19128478455956788
3.758602602933,0.19149595100614067
3.759609805189,0.19108677251585024
3.760617831387,0.1906488728818467
3.761625492603,0.19047157980116608
3.762633040641,0.18929275520198452
3.763633971333,0.18936024792743392
3.764634294748,0.19116477875835056
3.765642998163,0.18973280359115016
3.76664415182,0.04592367407095159
3.766886616029,0.1492802185306821
3.76767482319,0.15925964436605095
3.768516781314,0.15862067075244068
3.769356077439,0.16754656159913348
3.770242571506,0.16189227653177146
3.771098681006,0.16461776079828933
3.771968532873,0.1627765930768745
3.772827691649,0.16588653386420052
3.773702300585,0.16744963275841676
3.774584528013,0.1673834099232688
3.77546598956,0.16408868721925127
3.77632985365,0.1620938829553166
3.777183012953,0.1638454554960803
3.778045103313,0.1702765947300554
3.778941124237,0.157738675570078
3.77977157676,0.17045255390891834
3.780669516241,0.16184068419668593
3.781522674279,0.1605494636487787
3.782369572775,0.16359205096588295
3.783233395878,0.14423936802526355
3.783995433345,0.14844885520722853
3.784780064068,0.1634210092979775
3.785644683358,0.1605447637865458
3.786495396031,0.1679621730814009
3.787386995886,0.16159488111554546
3.788246676306,0.16452306311519888
3.789124595718,0.1628688466146018
3.78999723054,0.15922364382076654
3.790855860998,0.16254770546760752
3.791738384759,0.16204854767587865
3.792621991885,0.17026306456121323
3.793552512999,0.14592529637796586
3.794350661226,0.1575220469385638
3.795212231803,0.15961964418378732
3.796084815838,0.16289290271248638
3.79697448797,0.14599092499478156
3.797771367738,0.16302475175772435
3.798660971133,0.1637666385423149
3.799554436959,0.14716831389782378
3.800357196171,0.1543679641462882
3.801199037094,0.12192981337488099
3.801863858779,0.1630777390615559
3.802752964117,0.1635581732104457
3.803644548766,0.14489792309437832
3.804434287478,0.14873260340807046
3.805244816803,0.15807619668874476
3.806106148439,0.14729149177309944
3.806908787782,0.15414555513707734
3.807749107602,0.15508697595018717
3.808595608741,0.15091308827493016
3.809421073798,0.155262127594529
3.810273142189,0.15707403503732345
3.811139412604,0.15826777387258972
3.812015914139,0.15671325765522184
3.812886232894,0.15205165013585317
3.813732181074,0.1538482948691618
3.814588997406,0.14604876752591905
3.815402761758,0.15961619390493667
3.81629211547,0.16441753725103492
3.817208083359,0.15868430354160562
3.818091824616,0.15578949355456922
3.81895903898,0.15529015148632377
3.81982305972,0.1538723054282394
3.820678816933,0.14587646651263755
3.821489776302,0.1570248360356502
3.822362323353,0.14426528076365724
3.823163882906,0.16129660868378246
3.824060880186,0.15570756556449492
3.824928473209,0.17033289013878716
3.825880171338,0.14785158849906288
3.826708156466,0.15552508124699835
3.827580964998,0.15888656587001196
3.828473959482,0.15402381695212594
3.829341080793,0.16164807832587605
3.830252922603,0.15114215299361472
3.831106937681,0.15878872544857947
3.832005121502,0.15662891260286524
3.832891487119,0.15978391771399636
3.833795835834,0.1635691620439166
3.834722398558,0.14177511959290537
3.835526280295,0.14360633136722104
3.836340893264,0.14182463078138702
3.837145666717,0.15622798325898876
3.838032223668,0.14036272146830553
3.838828840501,0.1584637707428647
3.839728311655,0.15792345449196638
3.840624479087,0.15547587853258155
3.841506117103,0.15981012761742452
3.842411853119,0.1551196541755156
3.843290593497,0.15716045050977542
3.844180539375,0.155537295310019
3.845060974463,0.16064879086091785
3.84597006174,0.17047576446264975
3.846934469162,0.16215959880140784
3.847851712855,0.16479466592560912
3.848784117705,0.15769893917527236
3.849677422268,0.15129343076076573
3.85053598327,0.14749069305732967
3.851374271799,0.14948965060722832
3.852225085363,0.1503454749550865
3.853081808341,0.1547014243971802
3.853964262223,0.1469394371875857
3.854802882639,0.15057634835629696
3.855662522813,0.15463934153961137
3.856546026886,0.14638340852757123
3.857383074423,0.1572046760347898
3.858282490154,0.15937839771546425
3.859194657225,0.1562409808658381
3.860089210401,0.15520165086053522
3.860978549853,0.1644291893552119
3.861922234109,0.1424506326176897
3.862741103994,0.15989215190861178
3.86366132423,0.14903823481330072
3.864520023771,0.1644460928302668
3.865468337968,0.15315510511618857
3.866352091628,0.14949106452565275
3.867215006527,0.13808698240287873
3.868012381038,0.16096003332638428
3.868942084368,0.15064072448574012
3.86981238222,0.1708490264376108
3.870799628494,0.1603527969459052
3.871726297142,0.15339448082659907
3.872612629478,0.17426918312910006
3.873619397698,0.16249399824857744
3.874558148394,0.06981072614173899
3.874961509403,0.15774584205237221
3.875873106072,0.16688715428684534
3.876837877194,0.17142372321983476
3.877829228197,0.14749158123813685
3.87868244976,0.15868566932094144
3.879600976204,0.1549104617589036
3.880498671337,0.15664052426689706
3.881407456829,0.15772049195342983
3.882323261732,0.14761580611652156
3.883180992864,0.16580062193965395
3.884145138581,0.16125383751523556
3.885083697395,0.16072821903739007
3.886020046172,0.15930110958777915
3.886949037722,0.17248621476524253
3.887956108398,0.1586655840406437
3.888883169277,0.15736885020523397
3.889803185389,0.15078499118462851
3.890685170488,0.16149829418860498
3.891630289484,0.1561500884585458
3.892544581517,0.1472132162597799
3.893406921585,0.15425400954630342
3.894310902078,0.1625210265354023
3.895263890307,0.16056942786292214
3.896206076434,0.17137277626175096
3.89721241911,0.15464005269693187
3.898121267406,0.15234845822254026
3.899017636608,0.15405011500810764
3.899925554575,0.16136681470566994
3.900878581725,0.15287298066719657
3.901783378126,0.14769111131960444
3.902659101155,0.14075867370539175
3.903495042586,0.15050708982840477
3.904390188758,0.15185495297364138
3.905294676591,0.14640532997451702
3.906167740644,0.15399919865580786
3.907086935191,0.16134614971092323
3.908051101537,0.16064706024920145
3.90901224152,0.14459163766119587
3.909878594167,0.15724356403355172
3.910823004089,0.16283870538701495
3.911802375015,0.06809055447843776
3.91221223276,0.1511598567472546
3.913123251035,0.14681318980870287
3.91400922611,0.1527699312945336
3.914932489246,0.1495458446828228
3.915837759447,0.1492190735106735
3.916742664146,0.1622575246453456
3.917728635964,0.153380035650069
3.918662677812,0.1528713806474074
3.919595506728,0.15594484927831545
3.920549155684,0.15128382181629468
3.9214763169,0.15166882502783166
3.922407539896,0.14430665031911938
3.923294573264,0.1426070724763388
3.924171988051,0.1550646402215906
3.925127008449,0.15487563514818156
3.926081651118,0.14965254505800527
3.927004570799,0.13470578092365368
3.927835634371,0.15654125992881854
3.928801926322,0.1535309440128642
3.929750155238,0.15480302601698964
3.930706613906,0.14283555186832705
3.93158967023,0.1423269864560232
3.932470239257,0.14547604603982922
3.933370854462,0.14675408803433118
3.934279837043,0.14954220654405068
3.935206541477,0.1398010000741758
3.936073414757,0.1444986767398335
3.936969936299,0.14039779745751907
3.937841287741,0.15574217136862326
3.938808207746,0.13758326460966724
3.939662663034,0.142823641244325
3.940549859747,0.1426185471254988
3.941435960446,0.15467113685360465
3.942397198783,0.15241876970461227
3.943344690613,0.16120778014747214
3.944347080307,0.15921934224446796
3.945337653172,0.15675417734616207
3.946313449647,0.16084967659344399
3.947315748159,0.12870858785442982
3.948118422805,0.15310756449121102
3.949074503258,0.1567400068414818
3.950055051265,0.14751056537566626
3.950979525223,0.1430960630052178
3.951877583403,0.14217804662577396
3.952770817656,0.15383409239291765
3.953738294176,0.14565146947846758
3.954655382452,0.14995832440271614
3.955600769082,0.15293728835541348
3.956566147605,0.16023147225193213
3.957578959377,0.14295630548350588
3.958483926872,0.15122113829450812
3.959442333735,0.14318474632316586
3.960351460651,0.1516662404706586
3.961316357005,0.1576212321555638
3.962321513449,0.1576174980825139
3.963329090137,0.15575448778749088
3.96432682225,0.14465465251094226
3.965254829253,0.1489022739077266
3.966211299686,0.13958035035512387
3.967108823607,0.1511359528725034
3.968081636855,0.15647090387132984
3.969089981511,0.15621489112465106
3.970097781358,0.15157853437930296
3.971076543995,0.15588488994468422
3.972083864893,0.15196997087624947
3.973066322647,0.1368057436198356
3.973950988663,0.15209239733701008
3.974934616157,0.14272191070651968
3.975857749446,0.13905285677714022
3.97675741906,0.15446355728059113
3.977757239453,0.15246226465144253
3.978744559394,0.15231491219780136
3.979731329169,0.15452098907932005
3.980732854673,0.14597422305505686
3.981679415595,0.15080129856633764
3.982658133877,0.14402354483689747
3.983593873614,0.029678244572217356
3.983786726968,0.14772177789353372
3.984747756519,0.15343911209016328
3.985747594562,0.15485379335636265
3.986758519205,0.14658355449875163
3.987717123141,0.14461032072409188
3.988664353162,0.1424698790645677
3.989599041538,0.14250257710872347
3.990535570591,0.15273506838501952
3.991541090885,0.15143559171794074
3.992539672722,0.15188690895300264
3.993542683024,0.15237429190810425
3.994550216927,0.14846661319221752
3.995533032085,0.14517978857403713
3.996495162084,0.14316383978977787
3.997444879449,0.1520943377654906
3.998454600044,0.1436746410543123
3.999409038263,0.15122549674209496
4.000414434983,0.15074180126863995
4.001417339096,0.1444151377860662
4.002378629873,0.14900110453939788
4.003370961659,0.1416364097731943
4.004314350719,0.14165460590821297
4.00525768368,0.15034465574350195
4.006259046816,0.14814572740108994
4.007245977093,0.150359322086664
4.008247861068,0.15038375993823153
4.009250172181,0.1396805971204257
4.010181432776,0.15221116640385754
4.011196669762,0.15049848909779065
4.012200953596,0.14923847992959263
4.013197141056,0.15061679204716125
4.014202747785,0.15014678788051167
4.015205445343,0.1505015295072691
4.016210826087,0.1497123551197985
4.017211401859,0.14069340374899422
4.018152171124,0.1500612128469525
4.019155988695,0.14967747261005612
4.020157601931,0.14423962520704472
4.021123354015,0.09536993123926685
4.021762290088,0.1455642468500349
4.022737982945,0.14388346302969318
4.023702912716,0.14961401150972375
4.024706739946,0.1468359070730316
4.025692298904,0.14924311159113976
4.026694397923,0.14677762605383002
4.027680587323,0.13867259632240736
4.02861301447,0.1456282544896806
4.02959292091,0.14548265791635764
4.030572582157,0.14878505789387927
4.031575403549,0.14152092262384822
4.032530067834,0.15034661205951663
4.033544987566,0.14898817685660867
4.034551383598,0.14385163702768808
4.035523745491,0.14872334608229382
4.036529832872,0.14858044572217013
4.037535746439,0.1484423424426497
4.038541524229,0.14576900322746109
4.039529777814,0.140767945371
4.040484586962,0.1467565836737785
4.041480501119,0.14756050338495094
4.042482618029,0.14582184210739008
4.04347399704,0.14607065910895176
4.044468156832,0.14607081227000443
4.045463297142,0.146852470044604
4.046464635454,0.14807134582548426
4.047475245537,0.14715536170830595
4.048480646038,0.14526140205578666
4.049474156388,0.14101993960066514
4.050439592426,0.1459511491656026
4.051439613659,0.14398008170071347
4.052426984662,0.12857269875546276
4.053309614404,0.14235423982424264
4.054288338375,0.14565331769509476
4.055291677152,0.14572032351751163
4.056297445533,0.14234079459000049
4.057281868744,0.1446155323772195
4.058284209236,0.1452867393723126
4.059293403905,0.13612592304383142
4.060240876123,0.14417924188955805
4.06124630503,0.10089123491407725
4.061950532181,0.14120624298443812
4.06293741873,0.14487318975688226
4.063950979143,0.13828077409720965
4.064918757979,0.14310890138849272
4.065920658395,0.14228103132991482
4.066917351972,0.14338269853330127
4.0679225704,0.14105325378043393
4.068912305784,0.1432043893557445
4.069918071805,0.14181454530656415
4.070915088221,0.13783378526905526
4.071885001215,0.14280492551618318
4.072890750277,0.1419179809306395
4.073891165345,0.12815664038704327
4.074795440899,0.14298450183440542
4.07580552713,0.12693306733067886
4.076703088797,0.12766647818691673
4.077606497319,0.14279855582427595
4.078617804292,0.13237406071985824
4.079556188422,0.13221868124677616
4.080494436545,0.14318612811971104
4.081511464401,0.14141190968943876
4.082516942331,0.1329384415974321
4.083463115573,0.1331309308931689
4.084411479042,0.1411404777118093
4.085417625467,0.1335961811719226
4.086370673688,0.14109694023464986
4.087377948281,0.13158260780359776
4.088317909218,0.1409287047578741
4.089325338875,0.14028212485380845
4.090328948223,0.14090834072355213
4.091337716593,0.14135554516726773
4.092350267753,0.14072189311549715
4.093359011239,0.1397531617388995
4.094361501612,0.140809185702715
4.095372095809,0.138360238677253
4.096365662741,0.13371272739751808
4.097326572422,0.13985465282763326
4.098332293057,0.1394638319436318
4.099335788791,0.06740477478938749
4.099821097204,0.1396224968096498
4.100826676044,0.13893315454329264
4.101827885972,0.13899819981457556
4.102830217267,0.1382768291930967
4.103827991267,0.1393138402043537
4.104833752505,0.13853853731465351
4.105834295843,0.13675732380305336
4.106822354319,0.1384983277792904
4.107823365994,0.14009112182270125
4.108836370989,0.13855719398249722
4.109838897601,0.1395962900607862
4.110849446755,0.1382030841331021
4.111850305186,0.1391877940320984
4.112858737308,0.13873028439073404
4.113864461928,0.14010588868139695
4.114880809359,0.13918367095752548
4.1158910226,0.13853457100218514
4.116897023986,0.13914783395854913
4.117908021564,0.13831518649075553
4.118913586054,0.13876293156843272
4.119922971602,0.13860609016276393
4.120931726145,0.13485291487175208
4.121913615202,0.1377100824452256
4.122916650728,0.13818448230360192
4.123923534384,0.13846162860215525
4.124933037682,0.13765645629830978
4.125937395512,0.13735024641468405
4.126940161023,0.13485676823387235
4.127925279606,0.13832579894761587
4.128936329714,0.13813104277405674
4.129946509166,0.13196502661336296
4.130912046936,0.13688923812667256
4.131914184773,0.1379923328212772
4.132925164946,0.1264037295286542
4.133851896232,0.13800737558364773
4.134864368013,0.1347748508286018
4.135853915423,0.13703875242246202
4.136860959939,0.13634195271677807
4.137863938214,0.1364987300858749
4.138869258026,0.13703330373013592
4.139879845944,0.1305452391071019
4.14084383932,0.13630678814659808
4.14185173251,0.13604527872053382
4.142859150749,0.13274369873550756
4.143843379519,0.13506952878053718
4.144846054132,0.13616670423570387
4.145858208533,0.1321840884928887
4.146842192375,0.1344900163050564
4.147844845935,0.13170958220576998
4.148828089031,0.13418529176048208
4.149831019676,0.1339641764367313
4.150833477491,0.13431733973203305
4.151839783126,0.1344575361745562
4.152848300255,0.1331922080715517
4.153848315675,0.13378907314440477
4.154853678884,0.13368416921536114
4.155859064318,0.13367551389386598
4.156865254755,0.1340643326468995
4.157875309189,0.13291839692545052
4.158877616646,0.12180057749985651
4.159796843905,0.1335269776650211
4.160805414894,0.13263500276763787
4.161807862674,0.1325523939996377
4.162810271368,0.13214148093020409
4.163810337961,0.13279218455013445
4.164815925486,0.13198806067609992
4.165815955237,0.13222429246081494
4.166818325864,0.13263058044627912
4.16782420324,0.13255383027824025
4.168829951284,0.13255157846777274
4.169836275841,0.13189749357644737
4.170838105763,0.13167118834822059
4.17183843355,0.13268917924011792
4.172846844182,0.13263225695935785
4.173855506043,0.13191771668011226
4.174859418061,0.13234179840184135
4.175867282656,0.13313750482299835
4.176882104175,0.1318669825227186
4.177888116163,0.13187019805468161
4.178894971706,0.13155832456265937
4.179900250181,0.13204280652407147
4.180909963201,0.1306857017711837
4.181910076009,0.13168188723860672
4.182918619449,0.13114711367690493
4.183923812783,0.1306486337212048
4.184925845069,0.13049826216113047
4.185927410039,0.1305420819034841
4.186930005805,0.13209652968835378
4.187945475661,0.08682879869056562
4.188613469355,0.12859376668350792
4.18960383859,0.13021889310074988
4.190607742943,0.13147804641358515
4.191622292393,0.1302545501457619
4.19262828396,0.13029974441989617
4.193635448557,0.13034390113264377
4.19464387717,0.13034730903833447
4.195653170228,0.12991840078760603
4.196659987748,0.12895289071969637
4.197660040596,0.12917923889828653
4.198662627744,0.12919877193655624
4.199666234957,0.12928190318802904
4.200671332153,0.12928879569000293
4.201677125047,0.12852394330903336
4.202677390729,0.12912923202442084
4.203682744853,0.1291855287788352
4.204688861534,0.12910171560839695
4.205694605741,0.1284852236493698
4.206695798947,0.1283859672552569
4.207696364469,0.1289671444285701
4.208701469483,0.1289718153295373
4.209706613591,0.12847970850681248
4.210708103424,0.12836828404855458
4.211708923898,0.12829880421246806
4.212709385151,0.12867218275176223
4.213712987347,0.12930568587113925
4.214721727471,0.12824870070476824
4.215722498854,0.12897612556325072
4.216729221327,0.12894078279217053
4.217735904227,0.12821030278496134
4.218737113922,0.12894122306729724
4.219744356098,0.1283577230502226
4.22074748769,0.12891882181520795
4.221755498431,0.127931955961768
4.222756406009,0.12912762088098806
4.223767173193,0.12831800637642127
4.224771906145,0.1286403391898145
4.225779666384,0.12766380060842308
4.22678055901,0.1275837909889082
4.227781752386,0.12843714314542148
4.228790647808,0.1274828893987863
4.229793024111,0.12810810452196172
4.230801332101,0.1280443215517459
4.231810191045,0.12718266485035776
4.232813333443,0.12715850965463216
4.233817364943,0.029822365175117087
4.234052981078,0.12787441902886457
4.235064121144,0.12690024669161548
4.236068727336,0.12643387726197258
4.237071512344,0.12613606002921438
4.238075503767,0.1257812066182811
4.239080758423,0.12629035302425595
4.240092667032,0.12566287890192726
4.24110094911,0.12462712155008472
4.24210226481,0.1254035560808396
4.243111189429,0.12439778537373514
4.244113243609,0.1245934518792233
4.245117926457,0.12403988257131039
4.246119115307,0.12430527768812002
4.24712349398,0.12441525183103962
4.248129874584,0.12422269173969167
4.249135773655,0.1254176478492459
4.250152393149,0.12405818894775439
4.251158914056,0.12453332373510093
4.252170216458,0.123039401377773
4.253170406011,0.12333339954570144
4.254173912421,0.12382663997752189
4.255182000163,0.12511294447659455
4.256200893601,0.12360538116878177
4.257208155064,0.12315621436299824
4.25821260317,0.12265102553957916
4.259213574275,0.12431612712898969
4.260228719862,0.12481423513812569
4.261248564364,0.1230906993162179
4.262254911579,0.12239981008547772
4.263256296588,0.12232720988024103
4.264257840184,0.12258262013936229
4.265262218069,0.12228119642526396
4.266264995302,0.12244322675727928
4.267269918133,0.12216769294095949
4.268273228202,0.1227912102117409
4.26928223311,0.12230673402230512
4.270287802548,0.12161581246208013
4.271288358796,0.122078349182088
4.272293419421,0.12275883651260086
4.273304742755,0.12187996758383242
4.2743094029,0.12271984323654872
4.2753214682,0.1217128451290416
4.276325648975,0.1224865853873086
4.277336566634,0.12247870025719586
4.278347769225,0.12237443297175503
4.279358528413,0.12154402155685695
4.280362756024,0.12160940374925176
4.28136776825,0.12154554889486963
4.282372646318,0.12221681802131479
4.283383629154,0.052208846031980526
4.283815691632,0.12107910571425813
4.284818028845,0.12140469113852456
4.285823931261,0.1225408570742464
4.286840553544,0.12135835775345871
4.287848589081,0.12073516187375692
4.288852917452,0.12015147686184353
4.289855441785,0.1194662575394677
4.290856261301,0.11976915611756384
4.291862360176,0.12031566833558648
4.292874373902,0.11879647272419386
4.293874550472,0.11911752973540711
4.294878131773,0.1193012574529974
4.29588386842,0.11905921000739193
4.296888147677,0.11871154669270079
4.29789001145,0.1184682015822219
4.298890344487,0.11898668009677162
4.299895640814,0.1187259429475105
4.300899275751,0.1191281025670926
4.301906788576,0.11881737284750606
4.302912145259,0.11882267491624132
4.303918048493,0.11950595353461334
4.304930281485,0.11911754323374743
4.305939698789,0.11822135330997047
4.306941938458,0.11875000811003357
4.307949091237,0.11833478891011112
4.308953183317,0.11892082517468401
4.309962747113,0.11859897176516791
4.310970039338,0.11890184605585945
4.311980297173,0.11838387716253068
4.312986594931,0.11917394916761102
4.314000052097,0.11849068171046462
4.315008151836,0.11783767360588876
4.31601109334,0.11891614324533044
4.317023504661,0.1185842361898539
4.318033282105,0.1177871300240979
4.319036311268,0.11800195053261892
4.320041191911,0.11773909120835954
4.321043866478,0.11840623565091607
4.322052247551,0.11854049525445189
4.323061837462,0.11772779767101504
4.324064512773,0.11762281474011445
4.325066251521,0.11838813773084736
4.326074495091,0.11783591730324218
4.327078118052,0.11749886493505256
4.328078989769,0.11846365850319984
4.329088087634,0.10708734173413814
4.330000232584,0.11754681426492626
4.331001532386,0.10847565493556971
4.331925741507,0.11719080313150118
4.332924421714,0.11760810182301878
4.333926731491,0.11855978079712587
4.334937260153,0.11762348684469466
4.335940011069,0.1176928335441399
4.336943598323,0.11986390940750714
4.337966032913,0.11896579111800766
4.33898109578,0.11777917625162294
4.339986335938,0.11793576187819582
4.340993238754,0.1181989217387998
4.342002701397,0.11768911102781725
4.343008094018,0.11717350537121018
4.344009427668,0.11882301785414527
4.345025167279,0.11755655061669674
4.346030313905,0.11856809633857468
4.347044327643,0.11699142756863067
4.348044949498,0.11705140418514984
4.349046059753,0.11750800045919622
4.350051060208,0.11674786468490865
4.351052159011,0.11864293858892817
4.352073702659,0.11601052970090629
4.35307483488,0.11624984159438177
4.354078769587,0.1162000963095227
4.355082572718,0.11581062534303067
4.356083173256,0.11633861303298616
4.357089037935,0.11722368982745018
4.358104740698,0.11587597692904525
4.359111407336,0.11502650205783511
4.360112342484,0.11555821784795667
4.361118879551,0.11541980783372024
4.362125002451,0.11645961113657916
4.363140911906,0.11676716024668117
4.364160131038,0.11594140851933403
4.365172694397,0.11486839416589269
4.366176444208,0.1154214726037441
4.367185526547,0.11493722618225988
4.368190881873,0.11665128845396103
4.369211802856,0.11518087268203499
4.370220457482,0.11426835761643765
4.371221752269,0.11511211991587958
4.372231111266,0.1154730720438149
4.373244273482,0.11462564264477328
4.374250567897,0.11402272196971297
4.375252040346,0.005869000303613942
4.375303611652,0.11515730430365143
4.37631567718,0.11456180831916846
4.377323197388,0.1138544628221838
4.378325094129,0.11463320739205712
4.379334375923,0.11403381794430488
4.380338905791,0.11443272727143551
4.381347414109,0.11395605383698411
4.38235195472,0.11466942799418592
4.383363070478,0.1135553542596602
4.384364716252,0.11487399092883717
4.385378261908,0.11341411985330453
4.386379241777,0.11464965077034456
4.387391478614,0.11348069297256443
4.388393786481,0.1140388361706771
4.389401456575,0.1140486812237466
4.390409597418,0.11364604321869218
4.391414655146,0.11274168507759671
4.392412193069,0.11308214941670734
4.39341306109,0.1138769601827408
4.394421261592,0.11362448828339516
4.395427569845,0.11374167134504198
4.396435273794,0.11341633649046852
4.397440493648,0.11310885628132962
4.398443479549,0.11276088093082809
4.399443913598,0.1130528449792044
4.400447384891,0.11385311276393134
4.401458332469,0.11265882436638264
4.402459012232,0.11307522025775894
4.403463802179,0.11372306573306172
4.404474758324,0.11312362791085254
4.405480915526,0.11331359163215803
4.40648925525,0.11493085496732756
4.407512477606,0.11288386081484929
4.408518089197,0.11229049381294202
4.40952076909,0.11268973995987298
4.41053131083,0.11139452016126751
4.411533761997,0.11122344733849512
4.412536333485,0.11307653419377602
4.413556478178,0.11098407893001311
4.414558461323,0.11106296303048507
4.415561781205,0.11109362573043818
4.416565928109,0.11118399795678391
4.417571428098,0.11069981834400541
4.41857305069,0.11156927786160109
4.419582995645,0.11075588158737701
4.420585956342,0.10037599449914356
4.421495225574,0.11102598861697632
4.422501322316,0.11096690765271737
4.423507142828,0.11203968722935329
4.424522953642,0.11051722208248607
4.425525284082,0.110629118059501
4.426528835384,0.11039574249552246
4.42753066251,0.11101735942077723
4.428542240072,0.10957442022204408
4.429545790193,0.11011263423226568
4.430556733153,0.10982356537286518
4.431566580499,0.11003838100602945
4.432579708791,0.10882528446253883
4.433582826021,0.10942677747604235
4.434592479673,0.1086738026560346
4.435596050969,0.10911312365122251
4.436604501167,0.10880991017884714
4.437610922742,0.10849804483923511
4.438615269516,0.10799480564579342
4.43961588206,0.10811029522154307
4.440618420837,0.10828309111233222
4.441623309796,0.10806999976513046
4.44262688446,0.10937416405078164
4.443643196561,0.10962780956568476
4.44466246883,0.10835950972459851
4.445670580236,0.10853921655307841
4.446681055644,0.10795229434879014
4.447686728298,0.10965022067188072
4.44870878838,0.10727305512671566
4.449709211535,0.10792581813094582
4.450716277451,0.1074454305980889
4.45171940102,0.10774606660271131
4.452725846361,0.10711715105955898
4.453727038994,0.10773196637036275
4.454734547049,0.10841690724541404
4.455748858914,0.10720343894628431
4.456752312268,0.10709983366870822
4.457755408225,0.07528883691385713
4.458460875833,0.06354140148025393
4.459056465062,0.0689257879114016
4.459702629015,0.061953161513634704
4.460283774819,0.06507725657045484
4.460894327004,0.09428839615292632
4.461779294426,0.10657313379869233
4.4627800942,0.10720688195191264
4.463787424705,0.10710212646625733
4.464794449138,0.1075192992646519
4.465806091263,0.061584538315907024
4.466385936436,0.06273606845313019
4.466976724954,0.05960657122938332
4.467538458652,0.0571445791789479
4.468077058891,0.055531841535832974
4.468600780055,0.057135389568284775
4.469139700653,0.0571354678432254
4.469678903739,0.058402475291354325
4.470230155354,0.08247268654894993
4.47100890394,0.08388446962998086
4.471801448804,0.05541442428733653
4.472325220314,0.05346262260806079
4.472830781538,0.053091981133659955
4.473333015863,0.05266950371477333
4.473831497592,0.05314999299786688
4.474334680959,0.053412373301263805
4.474840560011,0.04960052355315344
4.475310650562,0.052927718103664444
4.475812919666,0.053257735830249384
4.47631916798,0.04727571788093148
4.476770184592,0.03889179845019437
4.477141217475,0.03874523374732196
4.477512247146,0.038717888526159615
4.477883272096,0.04089190244433616
4.478275168589,0.03866141256522642
4.47864618537,0.04170975296011013
4.479046455782,0.042586171730358814
4.47945529281,0.05409734119088716
4.479974927325,0.052479809701006803
4.480479121265,0.05123698550547724
4.480971596812,0.050822364637077316
4.481460137439,0.00983310173187607
4.481554702269,0.04697356639289098
4.48200644687,0.038575185025342566
4.482377424252,0.038246613644639244
4.482745434496,0.03855229932344588
4.483116403851,0.03780222566065205
4.483480173563,0.038529861061421686
4.483851136054,0.04773975072145341
4.484310770729,0.03851952113910609
4.484681727583,0.05843800823328608
4.485244637812,0.09712998107666387
4.486180554951,0.03169935853280622
4.486486044111,0.03169151179289897
4.486791530616,0.08791724908007484
4.487639081107,0.10389178672646646
4.488640885076,0.10420972068164254
4.489645901607,0.10401347005815068
4.49064915419,0.10433934760929775
4.491655725478,0.10403422729127694
4.492659583654,0.10407604549380081
4.493664174983,0.10509508102365267
4.494678723808,0.10412892469858394
4.495683980766,0.10534751425580538
4.496701067716,0.10387289001648235
4.497704093922,0.10360697960279222
4.498704841969,0.10376915282257243
4.499707320255,0.1045023503508543
4.500716997876,0.10448214064186262
4.501726691666,0.10382130629057305
4.502730316631,0.1051979373808843
4.503747580835,0.10487650766223562
4.50476208669,0.10450875643315077
4.505773417193,0.10382667076289798
4.506779158818,0.10337600848130944
4.507784187492,0.10318507921164642
4.508792606994,0.10219036372777292
4.509794589992,0.10247142820587075
4.510800474091,0.1040660506522738
4.511822951523,0.10214597665454726
4.512827462654,0.05351995728916454
4.513354116695,0.10175274537755226
4.514356157363,0.10211669999297263
4.515362464512,0.10320177448835591
4.516379975741,0.10319940369465444
4.517398035515,0.10209974324271208
4.518405808432,0.1018343071131662
4.519411516235,0.10202613293353077
4.520419633623,0.10167496651956595
4.521424705464,0.10190932730324817
4.522432551125,0.10164505523494556
4.523438319948,0.10155782238453111
4.524443775619,0.10175870793635887
4.525451739937,0.1009716165416369
4.526452334512,0.10162767295338034
4.527459832034,0.10158305365944839
4.528467415463,0.10112615995329362
4.529471078814,0.1013851426488342
4.530477908738,0.10065424055105798
4.531478011746,0.10066685789477725
4.532478808521,0.10067811811708459
4.533480535457,0.10076945098349194
4.534483598889,0.10051217333218215
4.535484414111,0.10222792525953621
4.536503058599,0.10170095620222358
4.537517088493,0.10135499707575867
4.538528339665,0.10170614536421968
4.539543762251,0.10029925834785024
4.540545718783,0.10017248554251638
4.5415469813,0.10148071711746122
4.542561882996,0.10048076655764865
4.543567439006,0.10005140074011519
4.544569385518,0.10099742903851883
4.545581473383,0.09974043702261104
4.54658157707,0.09991256658899073
4.547584004389,0.10079410246334405
4.548595893826,0.10039677195561775
4.549604374296,0.09949976542768252
4.550604486938,0.0994548357197542
4.551604788119,0.10001795958434395
4.552611418404,0.09950050783713932
4.553613538476,0.09964289337109193
4.554617834293,0.09961849750496847
4.555623337844,0.09983210423194401
4.556634681008,0.10370156550729673
4.557690449363,0.09838476324348235
4.558695165447,0.09908344015866934
4.559708152635,0.10257168501081147
4.560757776985,0.09911366235562957
4.561772825378,0.09860083151613354
4.562783266001,0.09827201610078466
4.563790844823,0.09988138444923092
4.564815426599,0.0989884529822233
4.565831352535,0.09950672022686434
4.566853018699,0.09757811302676275
4.567855182188,0.022551909801340236
4.568086844932,0.09787654099418155
4.569092333782,0.09755664564386199
4.570094694195,0.09784063186683012
4.571100151515,0.09839137887523845
4.572111439526,0.09728612660387996
4.573111505593,0.09795535612510492
4.57411858872,0.09910416568318564
4.575137648903,0.09828109749009595
4.57614846081,0.09725008915829163
4.577148920716,0.09790550516817702
4.578156541282,0.0972449403601045
4.579157876957,0.09747324790876916
4.580162050801,0.0987885078315934
4.581180192325,0.09747681245833736
4.58218524302,0.098219670315316
4.583198510758,0.0976498705000497
4.584206420442,0.09754133935848705
4.585213795508,0.09694469615239516
4.586215570845,0.09805497766395291
4.58722921554,0.09701924841367214
4.58823252037,0.09692472945179505
4.589235303447,0.09681316458264644
4.590237429556,0.09692927766652736
4.591241296211,0.0972539262655893
4.592249068578,0.0987353146612314
4.593272697788,0.09682444575461786
4.594277028282,0.09694085712534739
4.595283207783,0.0968876825831556
4.596289600907,0.09911916434902623
4.597320547816,0.09594851251119241
4.598322787664,0.09572658101730071
4.599328679307,0.09670401526900864
4.600348833132,0.09505829238048454
4.601353111184,0.09554706238716404
4.60236371783,0.09515731668488416
4.603371174004,0.09457639844259527
4.604373401961,0.09507619967269518
4.605381824855,0.09626884271389227
4.606403719853,0.09519396384395977
4.607414945143,0.09491622245766586
4.608423879642,0.09554582182749702
4.60944020179,0.09434078856640175
4.610444399239,0.09458783246083477
4.611451781844,0.09432240557774375
4.612456894221,0.09445147473542292
4.613464001578,0.09384057586456998
4.61446519613,0.09419992776863126
4.615470935497,0.09550656464975178
4.616491196851,0.09457001974765075
4.617501999296,0.09436627873764879
4.618511256683,0.09454370617697301
4.619523019326,0.09469410387851995
4.620537025749,0.09496664409550437
4.621554734627,0.09542146570003261
4.622578104318,0.09438714822002378
4.623591179594,0.09396090182587709
4.62460041848,0.09339074770590168
4.625604277928,0.09511066479118312
4.626627553156,0.09328618273474426
4.627632459912,0.09675283825579037
4.628677695352,0.09241438316946414
4.629680409742,0.037677760086452836
4.630090152871,0.09310381746576532
4.631104247204,0.09286743098733365
4.63211699737,0.09259000107419461
4.633127695927,0.09173800690360395
4.634129953671,0.09189111742497857
4.635134651465,0.09332627257235829
4.636155705304,0.09318963275467755
4.637175797617,0.09136897069456833
4.63817647974,0.09189717118530877
4.639183458168,0.09226511426404603
4.640194951232,0.09212421302646435
4.641205347822,0.09217581832626262
4.642216763556,0.09193136855761405
4.643226019482,0.09105829456780085
4.644226127352,0.09106185333324884
4.645226664924,0.0916927261778672
4.646234591255,0.09209696921649194
4.647247426458,0.09159234638572515
4.648255213596,0.0938779438171838
4.649288686297,0.09123329624903757
4.650293469163,0.09105207468530568
4.651296603389,0.09177479797279003
4.652308000313,0.09235579317671924
4.653326153266,0.09220006446127456
4.654343015204,0.09134080354002944
4.655350757954,0.09149664644256508
4.656360539464,0.0910569491701964
4.657365820764,0.0915641115730347
4.658377037366,0.09086552542134917
4.659380835022,0.09103139194294864
4.660386777167,0.09102039670887421
4.661392974059,0.09094459166585182
4.662398646071,0.09468665335861626
4.663445891539,0.09103801817105396
4.664452981039,0.09075017165726555
4.665457091648,0.09181719869972489
4.66647320129,0.09162103417981374
4.667487348132,0.09116680116087611
4.668496739984,0.09175961531578034
4.669513011101,0.09208614721674191
4.670533098845,0.09081806429852393
4.671539409481,0.09032177708603711
4.67254072077,0.09032076750284733
4.67354253983,0.09355453898153637
4.674580801465,0.091097310243081
4.67559242014,0.0905634767406589
4.676598719756,0.09073534636787087
4.677607502206,0.0907542493394386
4.678616979909,0.09114736120422788
4.679631315655,0.08991021949972224
4.68063240885,0.0923985836376516
4.681661717296,0.0902065681025006
4.68266715311,0.09099127883436844
4.683681954793,0.08997605215299499
4.684686025916,0.09071794083031208
4.685699010406,0.09233965523432593
4.686730702045,0.09094535116132542
4.687747271659,0.08947983233591175
4.688747954736,0.09026366129009587
4.689757983066,0.09122098272128329
4.690779258278,0.08951414893986044
4.691781994147,0.08978863095865355
4.692788553589,0.08979461779561923
4.693796061383,0.08980059781691627
4.694804511966,0.08945004100206834
4.695809868442,0.09142683930879926
4.696838368875,0.08964922021873248
4.697848173187,0.08878520878678416
4.698850093592,0.03743450522844778
4.699273276451,0.08915762893740428
4.700284454033,0.08878467568915173
4.701294295756,0.09118068253234675
4.702333096779,0.0878891241496655
4.703334618341,0.08960149519093133
4.70435609134,0.08970660669199344
4.705379693703,0.09006054849066888
4.706408619975,0.09034238104055103
4.707442119755,0.08767855271641134
4.708446099928,0.08736588818511966
4.709447194914,0.08786248153921403
4.710454824371,0.08756357595490448
4.711460086464,0.08770134362481706
4.712467927585,0.09045226201680956
4.713508139237,0.08698996031794946
4.71450906073,0.08693346174389913
4.715509807695,0.08999952203949067
4.716546329189,0.08917306588381904
4.717573792724,0.08725286758344883
4.718579621193,0.08885341050419159
4.719604401769,0.08726534364319227
4.720611417664,0.08741846521191797
4.721620740265,0.0880830305853167
4.722638258078,0.08716554568902254
4.723645760927,0.08688395434132651
4.724650582256,0.08689640792473033
4.725656028598,0.08698917420497237
4.726662994351,0.08635741706354974
4.727663063897,0.08780118080683369
4.728680404174,0.08927304691792881
4.72971534146,0.08639895490179364
4.730717345475,0.08959379055274373
4.731756823702,0.08627423854295323
4.732758214365,0.08629734801109433
4.733760313781,0.08777356245179935
4.734780036206,0.09009466940402656
4.735827172263,0.08689662982828447
4.736837560782,0.08733027940968534
4.737853495213,0.08684486499717597
4.738864350149,0.08595696096032598
4.739865394597,0.08780752970343994
4.740888524758,0.0885203805311966
4.741920634215,0.08618645143270227
4.742926338547,0.0860482376596396
4.743931880995,0.0875142924398924
4.744957539846,0.08640752386633452
4.745973173452,0.08678473041916634
4.746995073425,0.08501310148401633
4.747997176029,0.08478654754929858
4.748997446477,0.08519467921079463
4.750003309202,0.08571347132406616
4.751016180627,0.08765409612665288
4.752053110633,0.08995319947235346
4.753118462598,0.08454937897657594
4.754120891801,0.08495226381863817
4.755129144601,0.08742778645031118
4.756167997834,0.0888132065619362
4.757224528422,0.0843090148233431
4.758228427581,0.08390580630498799
4.759228472009,0.08443724871516595
4.760235826465,0.08546575845547004
4.761256360001,0.0838652078289469
4.762258485448,0.08381394400340651
4.763260701131,0.08451348797429996
4.764272015463,0.08436549413341465
4.765282323189,0.08403046404082626
4.766289480052,0.08513595896448584
4.767310661419,0.08426781818143154
4.768322257855,0.08470076330857353
4.769339836235,0.08575110643715139
4.770370728655,0.08321229438076105
4.771371724419,0.08856134531673931
4.772437678665,0.08523383352921564
4.773464342232,0.08378934066703583
4.774474315842,0.003279055658904869
4.77451384694,0.08430296877593155
4.775530729672,0.08359901393009211
4.77653990369,0.08334934793340938
4.777546826074,0.08575283785765307
4.778583620845,0.08293306500910731
4.779587086971,0.08352862433986158
4.78059852826,0.0838765554323317
4.781614983186,0.08407537607482549
4.782634635873,0.08414921520553131
4.783655941716,0.08318446323157534
4.784666488861,0.08305190391865389
4.785677658918,0.08236918687456313
4.786683320722,0.0823002147085365
4.787690113553,0.08319645736433025
4.78870887844,0.08631027095096647
4.789766571874,0.08490808542876208
4.790807754116,0.08441307106742828
4.79184356696,0.08225144504153029
4.792853498738,0.082034402147227
4.79386133319,0.08157922270357333
4.794864102789,0.08406921685427715
4.795898038058,0.08151064796288762
4.796901026488,0.08163453822857519
4.7979059964,0.08287708089341002
4.798926760434,0.08679727543948909
4.799996424641,0.08155598497016106
4.801002109829,0.08601376697946495
4.802063435717,0.08183039362745712
4.803073709084,0.08233165957801922
4.804090686247,0.08154360140453308
4.805098484872,0.083780691785387
4.806134481103,0.0812759289512678
4.807140016698,0.08659681616417597
4.80821199612,0.0819290606367924
4.809226764903,0.08119339173007993
4.810232933101,0.08115133849128055
4.811239057656,0.0810033319960314
4.812243889742,0.08260674836846714
4.81326922038,0.08192569928693086
4.814286679944,0.08171064098994758
4.815302052507,0.0813099255996237
4.816312997945,0.08174160899270459
4.817329865132,0.08066486304682163
4.818333815751,0.08235073040195034
4.81935926187,0.08054870633692454
4.820362960814,0.08113534440516425
4.821374682801,0.08016337215464604
4.822374829207,0.08027644357360948
4.823376929344,0.08101824069585455
4.824388871206,0.08066181671261212
4.825397042039,0.08085916554310382
4.82640843666,0.08125037221281364
4.827425390765,0.08096824058133258
4.828439521494,0.08430686743900935
4.829496141193,0.0852465530327793
4.830565295332,0.0816280313060921
4.83158990573,0.07963243314432282
4.832590210567,0.08339880443973219
4.833638512768,0.08142942204136318
4.834662755506,0.08217520304604896
4.835697178253,0.08175918892103358
4.836727270656,0.08444757870616011
4.837792073576,0.08082575966062469
4.838811979311,0.08059236883157204
4.839829747231,0.08064729003005125
4.840849100445,0.07935790458912717
4.841853016544,0.08137699603116874
4.842883422632,0.0803614052155013
4.843901953801,0.08068780707796952
4.844925564693,0.07885559833532889
4.845926743649,0.07981574194232305
4.846940949185,0.07964068274032803
4.847953804171,0.0846448119693297
4.849031382978,0.07869467954217413
4.850034094341,0.08274689273114483
4.851089323727,0.07911703368798664
4.852099130896,0.07873019216554737
4.853104830382,0.07827500958588467
4.854105547427,0.07858308663355165
4.855110938078,0.07854100758285464
4.856116575337,0.07915415352696475
4.857130918997,0.053888656400666035
4.857822048843,0.08002612171837412
4.858849081036,0.07801350824757383
4.859851066524,0.07952843221284492
4.860873275532,0.07944096188683404
4.861895225856,0.07870517266918123
4.862908603162,0.07807682854045368
4.863914793149,0.0787097631798892
4.864930066923,0.07886556563201315
4.86594818653,0.07846741909791148
4.866961926416,0.08061696729692949
4.868004170719,0.0799152350984749
4.86903817527,0.0781683831385344
4.870050471642,0.07776417925441452
4.871058393383,0.07738658631586393
4.872062242523,0.07848148835103556
4.873081142291,0.07929336183448354
4.874111490567,0.0771159764529027
4.875114304753,0.07721175173890386
4.876119228661,0.08048053988044247
4.877167745389,0.07800949928484875
4.878184972894,0.07794528441434655
4.879202199362,0.07787661127686464
4.880219414859,0.08198098249529855
4.881291358535,0.08022554971185238
4.882341840759,0.07820899762839997
4.883367705237,0.0763532748860951
4.884370827862,0.07636047108799873
4.885375339781,0.0763603395560745
4.886380890408,0.0763092609969261
4.88738661299,0.07960155500290972
4.888436718549,0.07671337522859452
4.889449684255,0.07634647768230071
4.890458691523,0.0761319586884088
4.891465773445,0.08081322997824564
4.892535782456,0.07847016535724682
4.893575782456,0.0806367869904168
4.894645588916,0.07808105895969672
4.895682617427,0.07810248796856145
4.896721026023,0.0756890356030512
4.897728250829,0.07723202859410742
4.898756802956,0.07537591332082065
4.89976149772,0.07505828414360667
4.900762825834,0.07520016288899038
4.901766853064,0.07545590719516597
4.902775153721,0.07555105863269442
4.903785636302,0.07562204901038974
4.904798160735,0.07751692165964216
4.905837149647,0.07571459683618906
4.906852708513,0.07706957636700874
4.907887109282,0.0766002354021975
4.90891600205,0.07448771554561848
4.909917328011,0.07544612258017681
4.910932376227,0.07472602878091414
4.91193854504,0.07484610369570424
4.912947204347,0.07490302160703245
4.913957564543,0.07527768438483012
4.914973883346,0.07540857345836566
4.915992929492,0.07589722057952207
4.917019574289,0.07444444902860543
4.918027376754,0.010414869998196252
4.91816844983,0.07406943482320297
4.919172043154,0.07380497568542994
4.920172889723,0.07566386656185786
4.921199791585,0.07391945764627447
4.922203818828,0.07391104227723526
4.923208581653,0.07512222742570922
4.92423060887,0.0746465815619779
4.925246979005,0.07647409833497085
4.92628911674,0.0770659993994887
4.927340125368,0.0761921464451065
4.928380125368,0.07626017539965597
4.929421970007,0.07673445539404332
4.9304711379,0.07359955788985334
4.931478393624,0.07576719283843542
4.932516260171,0.07779458062067887
4.933582729076,0.07670270922187493
4.934635226286,0.07288937719084543
4.935636341853,0.07348771980646683
4.936646533957,0.07515298318102452
4.937680685866,0.07396158258033131
4.93869946422,0.0735882852826219
4.939714041757,0.07617961738418073
4.94076543894,0.07531656711281931
4.941805916257,0.07525991697888812
4.94284662787,0.07281403185920399
4.943854500544,0.07534067677364031
4.944898314966,0.07299119775488812
4.945910577549,0.07613574899516173
4.946967612122,0.07222495096705119
4.947971395019,0.07516102582870879
4.949017173542,0.0728340137993679
4.950031705909,0.07575199133273203
4.951087971243,0.07715394349523025
4.952164835523,0.07242364337539246
4.953176601889,0.07263040028491347
4.954192235227,0.07556919588306238
4.955249983814,0.07181773450691042
4.956256105755,0.07302732231565676
4.957280033593,0.07408980186475414
4.958319770537,0.07312198087362985
4.959346726941,0.0729043851081621
4.960371457507,0.07201590832127626
4.961384552929,0.07420952755965475
4.962429381443,0.07101951663952069
4.963430142008,0.07111086786260919
4.964432919264,0.07296924484957537
4.965462638514,0.07360976930507901
4.966502181896,0.07556506129527592
4.967570181896,0.07249445179541056
4.968596047868,0.07210605472657104
4.969617278746,0.0754554149492472
4.970686315645,0.07454374357157785
4.971743145639,0.07165075907971671
4.972759797035,0.0709240436182754
4.973766989573,0.07192447439190106
4.974789153388,0.07031850196044669
4.975789200292,0.07133651079000174
4.97680446384,0.0729997422946126
4.977844189364,0.0720417966578681
4.978870952646,0.07215368466932259
4.979899988459,0.07035319917643877
4.980904083705,0.0732357093607608
4.981950018258,0.07280264439380658
4.982990498594,0.07419834065069385
4.984051792608,0.07295620044879972
4.985096104708,0.0720991791555383
4.98612886554,0.0713082982126308
4.98715091782,0.07001111173969968
4.988154964232,0.06996522932914825
4.989159033099,0.06984859569168952
4.990162120694,0.07361918605949114
4.991220091811,0.07312727217535482
4.992271803554,0.06992072837448719
4.993278122457,0.07004160188653603
4.99428681034,0.069754203600835
4.995291987044,0.03918749694701855
4.995856921255,0.02797051298457495
4.996260365699,0.0696053311490354
4.997264651732,0.07049582257524227
4.99828244394,0.06970125967074102
4.999289462841,0.07006678287791339
5.000302546344,0.06957119554336622
5.001309250148,0.07171857656598453
5.002347797465,0.06917350201223103
5.003350285674,0.06927186942504311
5.004355023054,0.06936825997692438
5.005361955281,0.07000534281685482
5.006378890699,0.06961934142933839
5.007390913611,0.06921245881402029
5.008397777459,0.06889860779614389
5.009400856361,0.06973246428085308
5.010416878715,0.07131763142450012
5.011456878715,0.07123947468979837
5.012496878715,0.0711550891776013
5.013536878715,0.07038633122569474
5.014567471825,0.069155753170104
5.015581726366,0.06907183095553669
5.016595924447,0.06899923269816118
5.017610092627,0.07034291141828732
5.018645005193,0.06825043462488051
5.019650067963,0.06916525544958362
5.020669525453,0.07012025828296412
5.021703953386,0.06951852404648787
5.022730303272,0.07038979783005123
5.023770303272,0.07014682465534738
5.024807531345,0.06889411645403322
5.025827040589,0.06983447585802557
5.026861220246,0.07089633143358527
5.027911884858,0.06789080069330829
5.028918721607,0.06876695522665711
5.029939258179,0.06851525037596609
5.030956820774,0.06751617317488215
5.031960289315,0.06864841774630934
5.032981299274,0.06786335407879868
5.03399135188,0.0719207033282932
5.035062583694,0.07158766848310859
5.036129708425,0.06706727155839061
5.037130275346,0.06763746838888403
5.03814009093,0.06909604935048934
5.039172356435,0.06698084197615774
5.04017366528,0.06795952360256588
5.041190293604,0.0672314772432122
5.042196703015,0.0682050989876757
5.043218311413,0.06884675306673675
5.044250156841,0.06746539894733855
5.045261933577,0.06671088356630928
5.046263016181,0.04803315759334824
5.04698414957,0.06934416548537645
5.048025926891,0.06690011230209203
5.049031631168,0.06693722253180481
5.050038536602,0.06770567951680828
5.051057625581,0.06962598869824005
5.052106311741,0.0665150406661529
5.053108763811,0.07052280003571412
5.054172152076,0.07025557456165626
5.055232269908,0.06906209661310372
5.05627514183,0.07046528884391533
5.057339875512,0.06721380096583232
5.058356135685,0.06710497092310148
5.059371435988,0.06772948065185996
5.060396833351,0.06736766762786855
5.061417343997,0.06704133203770121
5.062433530945,0.0684312320446279
5.06347153655,0.0694131073013079
5.064525145483,0.06651709907484309
5.065535426604,0.07097150134687334
5.066614098232,0.06585967786472871
5.067615770867,0.06834088712673025
5.068655770867,0.06775448373393407
5.069687514285,0.06701206540205563
5.070708661859,0.07068407760259354
5.071786427205,0.06645620821151622
5.072800364843,0.06557759490947862
5.073801549082,0.06693928748754162
5.074824212451,0.06692462114488962
5.075847307779,0.0686486550741036
5.076897382051,0.06581523334947173
5.077904786624,0.07014481602835784
5.078979169808,0.06558509577103261
5.079984413136,0.059177234548892385
5.080892105025,0.06697172174473301
5.081920009569,0.06750747270282476
5.082956872839,0.06565087622430167
5.083965928522,0.06736314591969463
5.085001922511,0.0673740862533553
5.086038675309,0.035174101818973305
5.0865801692,0.06612894645632482
5.087598747163,0.06566511366023857
5.088610837264,0.06736328627187227
5.089649826084,0.06499502740645392
5.090652996628,0.06485791143908724
5.09165468679,0.06568437618510226
5.092669794651,0.0687638284857459
5.093733190075,0.06555372282053616
5.094747667223,0.06864810276424427
5.09581084976,0.06492841262455916
5.096817095264,0.06488180998900149
5.097823305277,0.06704982983803022
5.098863811675,0.06522941157786803
5.099876855775,0.06563258560750371
5.100897013139,0.06439319540885273
5.101898554016,0.0680153488179481
5.102957035657,0.06622160590596966
5.10398844982,0.06431673580501857
5.104991129819,0.06408065274884873
5.105991455349,0.06444632114578534
5.107000589223,0.06415825358623828
5.108008911718,0.06669475419496823
5.109059310891,0.06616852691765907
5.110102729091,0.06355436302412912
5.11110587038,0.064059287525735
5.112117913812,0.06347575810742527
5.113121553838,0.06723595653997434
5.114185461348,0.04639574002072097
5.114920181554,0.06378745023524159
5.115931015851,0.06456853847253685
5.116955036893,0.0659863650295342
5.118002351919,0.06388969831191225
5.119017168561,0.06319990561518385
5.12002178195,0.06705384645288809
5.121088408284,0.06533315307971192
5.122128408284,0.06286577783950231
5.123129899946,0.06309346252699213
5.124135754645,0.06665428108868467
5.125199173697,0.06738096307948219
5.12627501789,0.06340883290783964
5.127288166088,0.06304011212035969
5.128296157955,0.0627225535254408
5.129299848452,0.06425999916313928
5.130328889526,0.06432546014129999
5.131359737433,0.06254476817268266
5.132362791731,0.0625107377230964
5.133365978477,0.06372481971818122
5.134389302631,0.06471863764381608
5.135429302631,0.0636618904013391
5.136453087717,0.06334703948775562
5.137472529058,0.06475350934419141
5.138515321335,0.06362534557274221
5.139540639704,0.06582708369316556
5.140602233365,0.06436164137459618
5.141640902125,0.06284883564204463
5.142655796244,0.06411209829971702
5.143691837381,0.06317701267057961
5.144713441068,0.06305928932922102
5.145733827495,0.06350371219652345
5.146762260815,0.06435479627642714
5.147805245448,0.06328115741928683
5.148831493207,0.062203985077920854
5.149840951096,0.06392439446922599
5.150879007081,0.06344471817473898
5.15190996296,0.06288974488212258
5.152932598092,0.06245297951726825
5.153948814733,0.06451958652625815
5.1549993958,0.06429057489387044
5.156047035503,0.0637155959550726
5.15708602758,0.06350722223007235
5.158122320965,0.061594312872525196
5.159128092104,0.061984344618650884
5.160140916809,0.06215666706412706
5.16115724943,0.06316768670193836
5.162190866165,0.062202063592424695
5.163209449979,0.06418552777062281
5.164261246344,0.06173930532780089
5.165273647705,0.02389121837631365
5.165665640049,0.061063793295062396
5.166667844992,0.06410067964811322
5.167720593269,0.06527263212959664
5.168793336916,0.061594146803675115
5.169806288697,0.063195651158561
5.170846288697,0.0614194987343918
5.171857760424,0.06078771468465292
5.172859533685,0.06306595701513427
5.173899533685,0.06302511297462694
5.174939533685,0.06348562894376432
5.175987823747,0.06285699770416221
5.177026416098,0.06429645786685055
5.178089561707,0.06284954033588813
5.179129561707,0.06088673826162239
5.180137795754,0.06051396229016744
5.181140476042,0.06251090198584923
5.182176927755,0.06106646967887409
5.18319004378,0.06395609174187361
5.184251744727,0.06260926748915789
5.185291744727,0.0625636063644204
5.186331744727,0.06077679811783957
5.187342745772,0.06007191263229267
5.188342757408,0.06050003241417598
5.189350628216,0.060960632568243564
5.190366950542,0.06363690855332348
5.191428601137,0.06230396812424469
5.192468601137,0.060399859783876596
5.19347750574,0.06042647542192622
5.194487540388,0.0599492328042377
5.195490368083,0.05996102604800341
5.196494142559,0.05993603648528317
5.197498181977,0.05867937311128945
5.198481829687,0.0610721692810184
5.199506233157,0.06034104035513561
5.200519058038,0.0595768377165652
5.20151975071,0.06287619148723719
5.202576592495,0.0611862070615947
5.203605785565,0.060914707918020526
5.20463117107,0.060442193558821994
5.205649273121,0.05942437446035967
5.206650835191,0.061215946756086506
5.207683264669,0.06168380273745766
5.208724302525,0.060167443403387345
5.209740461748,0.0604189931159249
5.210761580004,0.05942299738599335
5.211766528792,0.06209837197590981
5.212817429626,0.06237172990951454
5.213873682791,0.05943488181955225
5.21488082667,0.06142491988882959
5.21592229863,0.060576593288907354
5.216950028952,0.060137865903577364
5.217970995112,0.06157296428291059
5.219017020401,0.06023792332081034
5.220041055567,0.058984929124944796
5.221044453701,0.058937474800559504
5.22204765445,0.05883378744082288
5.223049702552,0.06002654738218542
5.224072729444,0.060983915082986416
5.225112729444,0.06094372733315934
5.226152729444,0.05908261870765306
5.227161604698,0.05900559209798521
5.228169755723,0.05901842668044468
5.229178740712,0.060455120843163374
5.230212941089,0.060754615621505866
5.231252941089,0.05861221567275795
5.232256905071,0.058663809579293506
5.233262440135,0.0606336446260105
5.234302440135,0.06284117689224515
5.235381053806,0.06054854144721308
5.236421053806,0.05914668042031352
5.237437648781,0.05880266915188973
5.238449004011,0.060427797606765754
5.239489004011,0.06039138284049477
5.240529004011,0.060354393030013116
5.241569004011,0.060678707016266875
5.242615328093,0.059111669162534394
5.243635328093,0.058839368194456766
5.244651328093,0.05945637634842322
5.245678894854,0.05942485954208956
5.246706458047,0.060678439279068866
5.247756077849,0.05981686874580281
5.248791556041,0.06169253644580065
5.249860290267,0.059990683934736874
5.250900290267,0.05994513945855331
5.251940290267,0.059909806169409316
5.252980290267,0.05987693529610824
5.254020290267,0.05983451892620697
5.255060290267,0.057499584600458765
5.256060385136,0.05975201278329217
5.257100385136,0.05971038546319668
5.258140385136,0.05967511801254371
5.259180385136,0.05963749514640172
5.260220385136,0.057738553238514394
5.261227900562,0.058062759691669144
5.26224171213,0.05880615407890211
5.263269222452,0.060998063949447096
5.264335771369,0.05730145886790777
5.265338301911,0.057366203917136316
5.266342611417,0.05936524902473942
5.267382611417,0.057615986062786693
5.268392630749,0.05830809616929162
5.269415471948,0.060218290782783034
5.270472546505,0.059672638288477006
5.271520756612,0.05916899889310268
5.272560756612,0.05912868325881576
5.273600756612,0.05908801193902659
5.274640756612,0.05790913032082553
5.275660593917,0.05901769599766863
5.276700593917,0.059947127313094165
5.27775765679,0.05990780651189662
5.278814717418,0.004531310036117999
5.278894717418,0.05889863401425921
5.279934717418,0.05959009013758196
5.280987595098,0.058825658561242535
5.282027595098,0.05828625143496745
5.283058680433,0.06012520124243543
5.284122974483,0.05687607615175208
5.285130385632,0.05893141925402444
5.286174896207,0.05773044781332777
5.28719876341,0.06014670001408983
5.288266198373,0.059520261945777135
5.289323244911,0.05852272000150612
5.290363244911,0.05653496319299627
5.291368527609,0.05712570298564065
5.292384945525,0.05841255046844181
5.293424945525,0.05837252431185527
5.294464945525,0.05650949592618184
5.295472364606,0.058311746547904664
5.296512554932,0.05909764933484921
5.297567494966,0.058219508149931515
5.298607494966,0.05818532212851913
5.299647494966,0.058149236746738046
5.300687494966,0.058110002537460737
5.301727494966,0.05806520007728474
5.302767494966,0.05802452894579366
5.303807494966,0.05799389648718361
5.304847494966,0.058951777352801896
5.305905325144,0.055940020957040516
5.306909760842,0.057881787541464086
5.307949760842,0.05784415696432573
5.308989760842,0.05780751967541872
5.310029760842,0.057769835144987104
5.311069760842,0.05773034435289321
5.312109760842,0.0596125604391488
5.313184384784,0.05562633115862517
5.314187840643,0.0586664856956577
5.315246886941,0.05558335957953099
5.316250905061,0.055372329729779714
5.31725173777,0.05766658667385165
5.318294711321,0.05746193178526411
5.319334711321,0.05742146239195483
5.320374711321,0.055774617994310896
5.32138554091,0.05536729579775237
5.322389665728,0.05826177651300078
5.323446902048,0.05727721058753072
5.324486902048,0.0572383895015763
5.325526902048,0.0585505548156682
5.326591413075,0.05895972056632378
5.327664093067,0.055300547398333885
5.328670815751,0.05713354608303151
5.329711488402,0.05709605280877338
5.330752157692,0.05846782138876229
5.331818566892,0.05565842303148159
5.332834392326,0.05829276911004038
5.333899049344,0.05471992633631783
5.334899088647,0.056167139013915277
5.335926196345,0.05663807647223954
5.336962584452,0.05649484329363335
5.337997081105,0.05709127034051721
5.339043239604,0.05495271245141242
5.340050824839,0.056278486136695546
5.341083343689,0.055849002603474134
5.342109054588,0.05610971968921851
5.343140427952,0.056431668062386385
5.344178100834,0.0584363898582158
5.345253087872,0.05590688541426889
5.346284844797,0.056296086672764714
5.347329542197,0.05423013633261727
5.348339295612,0.05579378181174824
5.349379614107,0.054033759229965575
5.350388086353,0.05480950165295807
5.351411923704,0.054631471866520856
5.352433317153,0.05550255439077005
5.353471857206,0.05430419449574956
5.354488774365,0.05412313886660754
5.355502978657,0.053405369377165265
5.356504343863,0.05361961128797619
5.357510318355,0.05714373937714341
5.358583078658,0.05491918623939315
5.359614761509,0.05336714987318173
5.360617913414,0.05685895186229943
5.36168738224,0.05525559881148444
5.36272738224,0.05667119618340302
5.363794687451,0.05518701908964276
5.364834687451,0.05514975762316526
5.365874687451,0.05304440749534537
5.366875588038,0.055086405626023766
5.367915588038,0.05611152415562881
5.368975588038,0.05502007118582655
5.370015588038,0.05498657139630933
5.371055588038,0.05427466489776678
5.372082869153,0.05374078577173299
5.37310077064,0.05339024524698393
5.374112541932,0.05459594616189432
5.375147616017,0.054568134769962764
5.376182769154,0.054788533875277774
5.377222769154,0.05475463694543482
5.378262769154,0.05514476291208403
5.379310894182,0.055465670606929876
5.380365869684,0.05506733527855156
5.381413992113,0.05347918850534927
5.38243252697,0.05457320352041457
5.38347252697,0.054538301932309484
5.38451252697,0.05627971651947389
5.385586363632,0.05560959944068768
5.386648038955,0.05443775564657731
5.387688038955,0.05291852954050932
5.388699672917,0.052708310613398285
5.389707910034,0.05297844308773296
5.39072198021,0.05315918552158491
5.391740228206,0.05496830898497008
5.392793819689,0.052443797427686976
5.393799610724,0.052491565766037085
5.394806889726,0.052923170727211394
5.395823017745,0.052792327304500876
5.396837215736,0.05204179266698449
5.39783761337,0.052278976866000304
5.398843179995,0.054037430651517365
5.399883179995,0.05400518171560812
5.400923175857,0.0549667905005165
5.401982302166,0.053940600054191164
5.403022299393,0.05245291605745883
5.404034267121,0.05345775027323525
5.405066267121,0.05383649134028863
5.406106267121,0.05380112504426489
5.407146267121,0.0529395769675391
5.408170267121,0.05285650989761713
5.409193226712,0.05200860995085152
5.410200287884,0.05451170829476154
5.41125648453,0.053643302635677625
5.41229648453,0.05360773282560237
5.41333648453,0.053572797125143595
5.41437648453,0.05354165620402001
5.41541648453,0.05350573785015753
5.41645648453,0.05384961983713078
5.417503872108,0.05343584591161733
5.418543872108,0.05517999298251737
5.419618504443,0.05183520046369984
5.42062862139,0.05346690829954772
5.421671194979,0.053305305435771014
5.422711194979,0.05501688022183509
5.423785169796,0.0540711258303274
5.424841337496,0.05362448341677997
5.425889421099,0.054763750921055225
5.426960403627,0.053147521533335546
5.428000403627,0.052105234998281
5.429020611019,0.053085360047499475
5.430060611019,0.05305371787659501
5.431100611019,0.008158563781948142
5.431260611019,0.05301479255475935
5.432300578979,0.05339616737322497
5.433348660765,0.05298437811116724
5.43438926612,0.052186874428498606
5.435414810504,0.052304093119767726
5.436443272674,0.05285844551674177
5.437483272674,0.052824822533754506
5.438523272674,0.05279172833597219
5.439563272674,0.05276171194496561
5.440603272674,0.05273327432733317
5.441643272674,0.05270394690591448
5.442683272674,0.05267483413480168
5.443723272674,0.052645045548327274
5.444763272674,0.05261239493564292
5.445803272674,0.052577499475885636
5.446843272674,0.05254285705621268
5.447883272674,0.05251014626211049
5.448923272674,0.0524811697124068
5.449963272674,0.053460763161063615
5.451023272674,0.0511397890046298
5.452037847185,0.05097494559950202
5.453049716855,0.052540716223180225
5.454093242545,0.05406396298574656
5.455167659694,0.052118648175725465
5.456204072382,0.05226793004022288
5.457244072382,0.05223747710478766
5.458284072382,0.052207110145450444
5.459324072382,0.05040463799230952
5.460328712262,0.051493783300261824
5.461355614114,0.050358367877232774
5.462360417281,0.05365436499069164
5.463431613205,0.05367480603894732
5.464503819268,0.050814751629111456
5.46551942701,0.05075891701606689
5.466534483394,0.051984942528463356
5.467574680572,0.05113714715121218
5.468598521045,0.05097144037326266
5.469619553988,0.05086342860601846
5.470639021343,0.05071131513408104
5.471656038142,0.05128191811383386
5.472685061234,0.05135264228567946
5.473716121525,0.051327935638797104
5.474747174391,0.05106401869435217
5.475773446162,0.05086167442772671
5.476796248209,0.05363018238335686
5.477875284832,0.05121801215445285
5.478906316993,0.05118845809087954
5.47993734399,0.049753756452611514
5.480940049313,0.051426943003696914
5.481977006082,0.05086784101000977
5.483003242237,0.051815702677663285
5.484049216277,0.051125093019737555
5.485081883055,0.051223747152299604
5.486117660325,0.05055382605597655
5.487143873339,0.0526782828350616
5.488219271896,0.04934527773186079
5.489229432302,0.05018138341641503
5.49025790671,0.05006323260304912
5.491284810019,0.048738821573037626
5.492285340021,0.049053022821014224
5.493293030461,0.04913796077209641
5.494303162531,0.04988364299836385
5.495329288162,0.04907357981603956
5.496339408301,0.050169426549498734
5.497372726031,0.04914720573922024
5.498385541944,0.049060573429053685
5.499397154307,0.048852529840486485
5.500405052996,0.050133052658936056
5.501439890213,0.04941160893525607
5.502460364662,0.04960840749648642
5.503485505903,0.05036143875131913
5.504526791683,0.048441562626986255
5.505528907406,0.04902547420484398
5.506543593116,0.04863724134624949
5.507550728813,0.04957970674035443
5.50857794895,0.05016873473426864
5.50961794895,0.049065276627457605
5.510635594936,0.03470161904117453
5.511355594936,0.01737289222276098
5.511716243255,0.05062350568075645
5.51276742095,0.0491915945959786
5.513789569658,0.051692438744826714
5.514864975265,0.05177833874244338
5.515943389795,0.048284649817777296
5.51694994038,0.04960265194457015
5.517984877636,0.04913669324013051
5.519010820114,0.049607880160378016
5.520047235001,0.04953618844592381
5.521082879826,0.04792914261958216
5.522085898685,0.048099968226606
5.523093515946,0.04905144574694121
5.524121994085,0.0494217689832999
5.525158928974,0.05064891619114857
5.526222208457,0.0485954236229646
5.527243010546,0.04805513706305307
5.528253053076,0.051820690068964684
5.529342892029,0.05227419797071219
5.530442892029,0.0480415835334712
5.531454366102,0.04967434306818585
5.532500792873,0.052164972781017185
5.533600356005,0.04772889630785453
5.534607022682,0.047879880465728414
5.535617417924,0.04804892813817249
5.536631902464,0.050562674680137386
5.537700021251,0.04809047956066323
5.538716527461,0.04852381290761695
5.53974282067,0.048633333120274576
5.540771939613,0.04802030883507067
5.541788606362,0.04921421641841991
5.542831186482,0.04758622075777708
5.543839871051,0.05111928419310694
5.544924055302,0.04787922385559277
5.545940055302,0.04930411317515174
5.54698685741,0.04827271142334622
5.548012307345,0.04713420889265591
5.549014089532,0.0493385957620188
5.550063327249,0.04785615949150959
5.551081602594,0.04755572488601541
5.552094024781,0.04891514252562474
5.553135952775,0.04789928912200881
5.554156755008,0.048169013561385546
5.555183809969,0.04787021885237661
5.556205039996,0.050438325816116694
5.557281646242,0.04949905144551996
5.558338789314,0.04693468801671618
5.559341712591,0.04759790061794581
5.560359330589,0.048626557715115995
5.561399468017,0.04881047929771558
5.562444054734,0.04718095655003273
5.563454281097,0.0471416894499897
5.564464183138,0.04761028857319901
5.565484629039,0.05129312922437849
5.566584629039,0.04714323444595272
5.567596175418,0.05123577520529115
5.568696175418,0.049902075347456804
5.569768183832,0.051175198042607214
5.570868183832,0.046972062076079145
5.57187839875,0.047422389728505175
5.572898825197,0.046699635854559746
5.573904221424,0.04835299820145986
5.574945795802,0.046680585756033205
5.57595190213,0.04880318584706677
5.577004313413,0.047833093123843665
5.578036295048,0.04716187656594055
5.579054281707,0.0498928848679966
5.580131787802,0.049528268847458506
5.581201993427,0.04720073269267316
5.582222401491,0.047277357073859744
5.583244969816,0.0483732958557554
5.584291745465,0.047031089680552765
5.585310009178,0.04685846419019618
5.586325080587,0.046721521374408895
5.587337703675,0.050727366893290556
5.588437703675,0.05070253959576583
5.589537703675,0.049821628266865856
5.590619182415,0.04848215802561677
5.591672165035,0.05062004803703785
5.592772165035,0.04967831298176179
5.59385222815,0.05057062099373084
5.59495222815,0.0505451342899143
5.59605222815,0.04936999416993155
5.59712722815,0.05044066818874557
5.598226106269,0.050467583269194774
5.599326106269,0.0460315444457449
5.600329936519,0.04686840386723187
5.601352528012,0.046756680622937155
5.602373247529,0.047178759063105945
5.603403787061,0.048069038982115106
5.604454324174,0.046680801206777506
5.605475036398,0.04710777372980398
5.606505565768,0.04751648661321269
5.607545583955,0.04724964440315364
5.608580352487,0.049323282784646594
5.609661047527,0.047007256770723586
5.610691566162,0.047891499468738184
5.61174208115,0.046506284983240734
5.61276276514,0.04692853013349774
5.613793274679,0.047813698598970035
5.614843781096,0.047788858933615216
5.615894284967,0.04844993713157304
5.61695988971,0.046829103971533566
5.617990386927,0.047713923035417584
5.619040881491,0.049057684871700195
5.620121538416,0.04990709897059897
5.621221538416,0.0463897992111399
5.62224583278,0.046740504409023484
5.623279949651,0.04967076855213665
5.624379949651,0.04913002769765299
5.625468695238,0.049606157457199644
5.626568695238,0.04546624792448659
5.627577584798,0.04880651740233153
5.628661183311,0.04951664952144145
5.629761183311,0.04687650311353342
5.63080321933,0.04945611203822038
5.63190321933,0.049433069670694
5.63300321933,0.04537066446085283
5.634013368053,0.049378210199261065
5.635113368053,0.045321423984154924
5.636123489562,0.04685780208526924
5.637168368956,0.04857955710440501
5.638252252826,0.04927386888107459
5.639352252826,0.04481080492883298
5.640353117791,0.04922250167514325
5.641453117791,0.04919315249671974
5.642553117791,0.04715357205001266
5.643608100541,0.04611615202192694
5.644640390597,0.047613524341884254
5.645706716004,0.04646148330614907
5.64674779109,0.04896773288673289
5.647845688934,0.04903101093260674
5.648945688934,0.045803473909927214
5.649973852461,0.04815676233385489
5.651055404064,0.04711402112755284
5.652114108754,0.045047753306927084
5.653126956312,0.045784622807828475
5.654156955776,0.045525539843242535
5.655181696318,0.0445270360351096
5.656184492267,0.04881705221989604
5.657284492267,0.048789895076580776
5.658384492267,0.048753326760232155
5.659484492267,0.048663532882425066
5.660584492267,0.04856604407677267
5.661684492267,0.04852246483088935
5.662784492267,0.048487491609840526
5.663884492267,0.045811565727512875
5.664924456162,0.008455063085972546
5.665116502888,0.04547241660961947
5.666149518915,0.04628293661015785
5.66720162193,0.044891677244145646
5.66822270229,0.04524370744709053
5.669252353285,0.04431989454742006
5.670261562031,0.044563686055956245
5.671276892427,0.04537454539249202
5.672311292265,0.04526149404633922
5.673343702284,0.04684784148932937
5.674412854484,0.04759912374083966
5.675499772256,0.04381817523139751
5.676500899852,0.04543054350794166
5.677539457895,0.0477213614470009
5.678630996059,0.04806183141630532
5.679730996059,0.048034460097600935
5.680830996059,0.04694223567332918
5.681906542823,0.04750342111065079
5.682995580936,0.04795483276405974
5.684095580936,0.04792798000653931
5.685195580936,0.047901350250992555
5.686295580936,0.04787145042530511
5.687395580936,0.044192518986240055
5.688411637912,0.047817418361090734
5.689511637912,0.04420999674558776
5.690529217026,0.047764076187767436
5.691629217026,0.04345661797442897
5.69263057238,0.046174356360720745
5.693695116782,0.044037289055536465
5.694710977727,0.044620572836114994
5.695740831692,0.04763324939614125
5.696840831692,0.04760653134188704
5.697940831692,0.04471532640199371
5.698974630203,0.04638029232421117
5.700047559294,0.047524389035736324
5.701147559294,0.047500736108234666
5.702247559294,0.044493591861734946
5.7032786208,0.04744089966630139
5.7043786208,0.047417219251671826
5.7054786208,0.04360050256968292
5.706490641639,0.04404817036983671
5.707513569946,0.04346949236129119
5.708523618677,0.04493713585631435
5.709568391951,0.047282555824376814
5.710668391951,0.047252789259049195
5.711768391951,0.04722303746887146
5.712868391951,0.043389952540425436
5.713879698733,0.047168751226433964
5.714979698733,0.04714111181933331
5.716079698733,0.04711329888459987
5.717179698733,0.043057971494511245
5.718185557407,0.047060168409504395
5.719285557407,0.043863429409504794
5.720311493361,0.043109963250908295
5.721320440417,0.045480762287079805
5.722385440417,0.04376564190423766
5.723410769838,0.04305709970791887
5.724420048684,0.044940036251231795
5.72547406491,0.04308623355259972
5.726485167632,0.042906530052452534
5.727492658392,0.045317741065805425
5.728557388712,0.04440065933752619
5.729601164125,0.0442122026133257
5.730642111239,0.043143978144992316
5.731660113189,0.04380707159043807
5.732695085437,0.043809372581561166
5.733730893877,0.04246665693535869
5.73473559082,0.04314708847800204
5.735757036868,0.043866851344226826
5.736796221079,0.044180257075683814
5.737843447584,0.04351523601913706
5.738875537627,0.04378612251490288
5.739914697296,0.04375964421881849
5.740953857874,0.04373382496803202
5.741993010697,0.0429763830346413
5.743014784966,0.04498916070019428
5.744085000987,0.0436909815975599
5.745124869364,0.044880090514937666
5.746193602952,0.04311296428363376
5.747220845737,0.04358457836233131
5.748259877028,0.043191348222113714
5.74929003713,0.043530551602796425
5.750328765024,0.04385798083112394
5.751375837372,0.04188207949136079
5.752376318837,0.04380611706150142
5.753423377721,0.04253950643365286
5.754440696464,0.04342342849155353
5.755479702307,0.042833480493223816
5.756505151094,0.04226073642785606
5.757517366762,0.043693539023584325
5.758564400831,0.042489490296870325
5.759583115093,0.0441479743758525
5.76064210318,0.04237890485239167
5.761659150218,0.043391333072922464
5.762701038658,0.04447477675335752
5.763769499954,0.043226296592039276
5.764808471226,0.041936669188530055
5.765816921429,0.04318564523530262
5.766855884339,0.04324015102484335
5.767896696577,0.04378424082980026
5.768951114341,0.04211756858260964
5.76996592404,0.04316900370747109
5.771006553747,0.043104063671268726
5.772046111649,0.0424105938773937
5.77306942092,0.0421212987999239
5.774086188035,0.04554850537450576
5.775186188035,0.041858007421392375
5.776197491412,0.04340027723055937
5.777246657203,0.04547726545657116
5.778346657203,0.04315486517724855
5.779390929789,0.04366037638563814
5.780448034725,0.043960643879265175
5.781512899102,0.042559207674569006
5.782544234654,0.043592956800908425
5.783601241305,0.041862438488588095
5.784616826378,0.045320024682522865
5.785716826378,0.042345823555221714
5.786745127498,0.04383344613709379
5.787810127498,0.04524965531978092
5.788910127498,0.0412960981666106
5.789914522171,0.04519969673590259
5.791014522171,0.041709719422861925
5.792030142947,0.04118043285781549
5.793033187815,0.04189066451722617
5.794053910201,0.04443592275218966
5.795137183108,0.043008931171921345
5.796186169772,0.042212118972303904
5.797216198456,0.04506376579013049
5.798316198456,0.04113454491468167
5.799320633054,0.04437599655546871
5.800404687184,0.04496367426628046
5.801504686955,0.04079196195645013
5.802504686955,0.043163717075645994
5.803564164509,0.04071087625156542
5.804564164509,0.040680921933278116
5.805564164509,0.041822414189267125
5.806593016241,0.040731944572921515
5.80759569963,0.0407108467403154
5.808598377224,0.041363594663841194
5.809617610736,0.040666616757177254
5.810620276734,0.04144902341275226
5.81164293416,0.04239339422514316
5.812689386436,0.04174940563067089
5.813720369434,0.04057878647057142
5.814723006857,0.0405587118300126
5.815725636463,0.04053731142002222
5.816728261958,0.04203027323729224
5.817768343344,0.04278704809394471
5.818827500031,0.04131576026081642
5.819850731816,0.04251654447923001
5.820904291873,0.04127369995697636
5.821927506638,0.04247695400535295
5.82298105189,0.007030238231411085
5.82315546788,0.0413545097648628
5.824181838048,0.04120688823593564
5.825205032923,0.04088112627787441
5.826220608324,0.041738040451907966
5.827257955161,0.04114694986434933
5.828281131112,0.04234436479380691
5.829334630892,0.040309534304706275
5.8303380038,0.04210843960053431
5.831386677799,0.04023630033597971
5.832389218482,0.04200171822471949
5.83343627929,0.04062893819375157
5.834449661186,0.042150984423810656
5.835501572197,0.04030319765999776
5.836507889433,0.04044980070023554
5.837518395652,0.04054154162469214
5.838531753986,0.04118865728040833
5.839561874149,0.040357490475702626
5.840571808327,0.04063162457432612
5.84158920837,0.04065041849612508
5.842607694188,0.040688281397026
5.843627650055,0.04007316786995983
5.844632819724,0.04089436713640611
5.845659093982,0.041073547250205365
5.846690195195,0.04093429098628801
5.847718219556,0.04045644799249176
5.848734656086,0.03980886659598433
5.849735245606,0.04005414812957236
5.850742524327,0.04127547410427438
5.851781276568,0.040946358341352435
5.852812521519,0.040078484629539196
5.853822482792,0.0401323202339177
5.854834433324,0.04030735186872576
5.855851314446,0.04089018361573857
5.856883299933,0.04008639238003296
5.857895410141,0.04112692024666594
5.858934230541,0.04128393257999257
5.859977476803,0.04040312367198842
5.860998887825,0.040942002763117304
5.862034381559,0.039506647197754624
5.863034381559,0.03987417521803853
5.864045701831,0.03935408270976763
5.865045701831,0.039322994280845604
5.866045701831,0.03929060936214643
5.867045701831,0.03926058604156031
5.868045701831,0.03923366413267688
5.869045701831,0.03920503759996531
5.870045701831,0.03917930053844573
5.871045701831,0.03915684282127643
5.872045701831,0.03912935747264288
5.873045701831,0.04154981551013996
5.874108990055,0.03899513974102823
5.875108990055,0.04116232121645065
5.876166179908,0.04091728592528292
5.877218087036,0.03894657012824696
5.878220144761,0.04202153622636989
5.879302222826,0.03878588379934575
5.880302222826,0.0387310656431636
5.881302222826,0.04144962576610284
5.882373655714,0.03865959590635977
5.883373655714,0.0386411879502987
5.884373655714,0.04112954546051815
5.885438655714,0.038595227564699006
5.886438655714,0.03857376347142546
5.887438655714,0.03880799121799464
5.888445237651,0.04058970958774228
5.889498571619,0.038513685252229014
5.890498571619,0.038493515036771765
5.891498571619,0.038473868537923096
5.892498571619,0.03888908724534225
5.893509894026,0.039929321580883886
5.894548841719,0.03849400322377305
5.895551012803,0.038472257873893995
5.896553180141,0.038450664962578616
5.897555340601,0.03856136606217012
5.898560898658,0.038410454703451585
5.89956305105,0.039647580187338334
5.900598053289,0.03836896106470946
5.9016001954,0.03835283444007617
5.902602334639,0.0383388297896583
5.903604464045,0.03832936729628482
5.904606673718,0.04079203136037259
5.905673731577,0.040380785702055694
5.906730473454,0.039946127402036236
5.907776264153,0.04069222690879303
5.908842046807,0.038679556536626435
5.909855550079,0.03939163731201955
5.910888205304,0.04011704093032822
5.911940433989,0.039443641364611676
5.912975541336,0.039423434447140686
5.914010635074,0.03932544004454526
5.915043632419,0.039584989122881144
5.916083861104,0.0390302578191723
5.9171099512,0.0390486475015425
5.918137036233,0.04024566854097711
5.91919611978,0.03890014566548763
5.920220263936,0.04084601832220489
5.921296120484,0.03864428559559621
5.922314440556,0.03926061424467264
5.923349447203,0.03842867582687827
5.924362957993,0.038552408923407645
5.925380184753,0.037896795522431075
5.926380566607,0.03836896945350498
5.927393906214,0.03829575815663429
5.928405840316,0.038040227028624
5.92941157558,0.03827860389528903
5.930424137177,0.03800000850634174
5.931429845963,0.03881346470452531
5.932457651761,0.03917018483153677
5.933495478248,0.040066530228116966
5.934557668829,0.037938896403608424
5.935563955384,0.03791896819270092
5.936570233776,0.038619525592438406
5.937595728992,0.03764060746875257
5.938595728992,0.03849278492035603
5.939618790801,0.03816628946326816
5.940633688436,0.03820415739398588
5.941650112425,0.03820567772768468
5.942667102911,0.03754617679192226
5.943667102911,0.03752664444073662
5.944667102911,0.03748970908384671
5.945667102911,0.037417119555570984
5.946667102911,0.014944627538762375
5.947067102911,0.037338345250266886
5.948067102911,0.03973517942811218
5.949132102911,0.03768192180434491
5.950143226548,0.0405046768162171
5.951231431834,0.03856421007992603
5.952268832382,0.0392989090798058
5.953327595676,0.037048757961649234
5.954327595676,0.038923963734801725
5.955379858512,0.0375705306681532
5.956396503574,0.03870775476597764
5.95744465321,0.037467238934359305
5.958459906934,0.03721867464956701
5.959469089899,0.03686589735610324
5.96046929742,0.03924579454305883
5.961534587938,0.036890323357069335
5.962536427038,0.036871368491226
5.963538259311,0.03684982028038987
5.964540079929,0.03682709710495327
5.965541896347,0.03680616827026153
5.966543710337,0.03678544826655728
5.96754551934,0.03705640379599924
5.968555309788,0.037372850008883796
5.969574309505,0.03905193908287518
5.970639738071,0.03846338783596113
5.971689785626,0.03673004995167338
5.972693158367,0.038682197868258404
5.973750532007,0.03919334251871384
5.974822569569,0.038597158974218435
5.975878959766,0.036870611017742944
5.976888749972,0.037388835253632034
5.977913363211,0.039216210110367675
5.978988696454,0.03839697771113549
5.980042124224,0.03882488426681872
5.981107933559,0.03790428787867751
5.982149265068,0.036797918272522226
5.983161256717,0.037808687377907685
5.984202578964,0.038667231830019196
5.985268889873,0.03804379660967872
5.986318867145,0.03620911115231688
5.987319068208,0.03629126836278943
5.988322372532,0.03899958977094174
5.989401385409,0.0376060114861414
5.990442687056,0.036518445485444945
5.991454636399,0.03612105765944842
5.992456313295,0.03609458718284267
5.993457984761,0.0360728917963456
5.994459650543,0.036051390040392
5.995461311317,0.03602913267779615
5.996462966868,0.03635859122878875
5.997474317718,0.03599239651829155
5.99847596344,0.035957863566431526
5.999477130656,0.03653327710197541
6.000494801984,0.03593991878441645
6.001496431619,0.03592357158773126
6.002498055384,0.03705010111344339
6.003531498265,0.037108848879903414
6.004567064797,0.036990608187433154
6.005599849392,0.03585291518085413
6.006601448853,0.036355799321248085
6.00761780083,0.03672408928564636
6.00864519968,0.035979043180863535
6.009652488047,0.03608735420381417
6.010663397667,0.036227128179273024
6.011678834076,0.03583028437768383
6.01268392839,0.03596848313245546
6.013693475648,0.036052787629815695
6.0147058684,0.0369557533837894
6.015744274329,0.037173330613078405
6.016789340689,0.038847763302809486
6.0178820517,0.035809892099007645
6.018889889113,0.03588970105353291
6.019900412826,0.03550002395705443
6.020900412826,0.03560264308377571
6.021903862112,0.038412463621462486
6.022987111291,0.03544193471964086
6.023987111291,0.03542357225538199
6.024987111291,0.0354055661325089
6.025987111291,0.03539103664269725
6.026987111291,0.03569156087700545
6.027996134394,0.03664271612395487
6.029032623089,0.03849306071211188
6.030121942838,0.03531622250795836
6.031121942838,0.03529860509944742
6.032121942838,0.03528032608479439
6.033121942838,0.035259283372284976
6.034121942838,0.03541419367561569
6.03512686269,0.03791940780999935
6.036203475428,0.0362786707908555
6.037234040033,0.03687875727447304
6.03828218217,0.03816916031763598
6.039367542303,0.03519958603194497
6.040368949933,0.03636706732531987
6.041404105032,0.035163830922149614
6.042405502759,0.0351478435228044
6.0434068995,0.03513033129007746
6.044408291139,0.0351144247389102
6.045409677844,0.03521752606434718
6.046414525587,0.03535758954335827
6.047423880508,0.035445943749490866
6.04843608513,0.0361335225949172
6.049468252184,0.03595715404589291
6.050495782795,0.03560422918258893
6.0515136187,0.036462414895410064
6.052556379443,0.0377215465212514
6.053635613057,0.036000331077434146
6.054666350528,0.035830140306290566
6.055693280026,0.035564494349442505
6.056714064122,0.03534313589761403
6.057730529995,0.03539252696626897
6.05875062869,0.03547901845176352
6.059775050821,0.036313890313175314
6.060824675168,0.03536673491940221
6.061847612714,0.03517312534395518
6.062865510474,0.036253003196699565
6.063915118261,0.03774092827623808
6.065008202367,0.036606106862436066
6.06606886953,0.03558176278269721
6.067100366529,0.035891957765187624
6.068141379215,0.03485626449705135
6.069152893083,0.03752118732702082
6.070242381118,0.03549927264426011
6.071273860401,0.03512311131144888
6.072295117324,0.034754017354749235
6.073306231817,0.034534520433950916
6.074311556268,0.03527682206355583
6.075339072134,0.0343587847974778
6.076340290177,0.03434522895554366
6.077341503749,0.0343293195664465
6.078342711663,0.03431085828515372
6.079343915853,0.0363044948718512
6.080403868726,0.037629484238842485
6.08150309096,0.0034224050293518993
6.08160309096,0.0342136532531659
6.08260309096,0.034197011485483486
6.08360309096,0.0373463405910667
6.084695776079,0.03416024612200732
6.085695776079,0.03414334036562367
6.086695776079,0.035801358684835555
6.087744921551,0.03746749330598664
6.088843535977,0.036660401397591295
6.089919122912,0.03406341180984303
6.090919122912,0.03707871829731794
6.092008250869,0.034025445162543314
6.093008250869,0.03400659595844846
6.094008250869,0.03398746053268041
6.095008250869,0.03396831685996484
6.096008250869,0.03394947633694066
6.097008250869,0.03393055849390891
6.098008250869,0.033912352571562124
6.099008250869,0.03389305418328321
6.100008250869,0.033873137108192966
6.101008250869,0.033856083649993686
6.102008250869,0.0338388259318598
6.103008250869,0.03541657390124861
6.104055487316,0.03379783209786057
6.105055487316,0.033777725073700034
6.106055487316,0.03518757611328064
6.107097750116,0.03531809742649147
6.108144465861,0.0337211313193915
6.109144465861,0.03386056995626894
6.11014915044,0.0352947792628041
6.111196977037,0.03366119108026943
6.112196977037,0.03524541294988467
6.113244676478,0.03362134174392824
6.114244676478,0.033954535485799464
6.115255115805,0.03358495923311177
6.116255115805,0.033565338844705576
6.117255115805,0.033546850668382526
6.118255115805,0.03562192194256515
6.119317608031,0.03424396857996049
6.120339654308,0.03513741140002876
6.121389002114,0.034574009046967384
6.122422130939,0.03450922504955656
6.123453988272,0.0334664649620397
6.124455352849,0.03340176594476379
6.125455352849,0.033385066413121174
6.126455352849,0.033366365744384716
6.127455352849,0.03334592949546672
6.128455352849,0.03332602142229133
6.129455352849,0.03441503536814204
6.130488635619,0.033287583927380286
6.131488635619,0.03326821818353679
6.132488635619,0.03324734595879716
6.133488635619,0.03322617415546119
6.134488635619,0.0332048247295832
6.135488635619,0.0331751144234248
6.136488635619,0.0351056046240712
6.137548503046,0.033064562654581235
6.138548503046,0.033015101779780884
6.139548503046,0.03297209450142039
6.140548503046,0.032936306246753456
6.141548503046,0.03290566461503659
6.142548503046,0.03506665076909772
6.143614956535,0.03335939182845461
6.144630154474,0.03316676800704455
6.145640145828,0.033124930332020866
6.146649508991,0.03448593741482053
6.147700987181,0.03361515390237574
6.148726564361,0.03382305980288413
6.149759068856,0.03358632610533579
6.150784925257,0.03276684866616412
6.151786371611,0.03298487093001104
6.152795059231,0.03382837580170375
6.153830185073,0.033718751381187226
6.154862543705,0.03284909688957801
6.155868818726,0.03328646660208332
6.15688906607,0.03260727093447588
6.15788906607,0.032588603173447556
6.15888906607,0.03256953062687751
6.15988906607,0.03295429368673335
6.160901483783,0.03410004208796732
6.161949740099,0.03251095099240154
6.162949740099,0.03325277818702583
6.163973155268,0.032472477222387955
6.164973155268,0.03245311969020107
6.165973155268,0.032435202164831686
6.166973155268,0.0324196776974393
6.167973155268,0.03240385886957021
6.168973155268,0.03238598169075402
6.169973155268,0.032367893888501816
6.170973155268,0.0032356203777159547
6.171073155268,0.0329069529292422
6.172090416419,0.03337321838730987
6.173122665361,0.032443294864527294
6.17412672647,0.032575733110827704
6.175135461565,0.03264880234063213
6.176147039145,0.03386310459205005
6.177196841142,0.032295053610541864
6.178198605767,0.03390739619512261
6.179251035873,0.03311032456129422
6.180279334264,0.03266188118491123
6.181294311071,0.032678500436942426
6.18231042429,0.03383755770955953
6.183363256076,0.032489928774084624
6.184374775483,0.03236221399318393
6.185382964269,0.03215321704642708
6.186385301495,0.032331466970102175
6.187393794348,0.03273718568028391
6.18841554622,0.033382053488866595
6.189458001414,0.032275123055671276
6.190466469525,0.03267858376694151
6.191488197628,0.03234727973925288
6.19250018321,0.03341607308595567
6.193546309629,0.032049929929512
6.194550293337,0.03302545639226531
6.195585480722,0.0323461963321561
6.196600019819,0.03223942086594719
6.197611836227,0.03307273253837455
6.198650304744,0.03403019920936562
6.199719300181,0.03388629592391128
6.200784300181,0.033250817148987345
6.201829975042,0.0317797086819083
6.202829975042,0.031761833111295275
6.203829975042,0.03174351783614321
6.204829975042,0.03172603858961105
6.205829975042,0.03170804263218029
6.206829975042,0.031689268540790155
6.207829975042,0.031671009806440775
6.208829975042,0.03165147175616871
6.209829975042,0.03163224203300516
6.210829975042,0.03273449214244321
6.211865464497,0.033725821484445334
6.212933015508,0.03157366050251061
6.213933015508,0.03155476413414581
6.214933015508,0.03198661036117022
6.215947338212,0.032499431805969134
6.21697859134,0.03149490831821919
6.21797859134,0.031475938158271724
6.21897859134,0.03145740284760359
6.21997859134,0.03144001560597832
6.22097859134,0.031421733660538645
6.22197859134,0.03395150593474138
6.223059834778,0.032165666382872125
6.224084834778,0.031363251602139756
6.225084834778,0.03135866882091477
6.226085345092,0.03134281855710348
6.227085851197,0.03132717301194801
6.228086353076,0.03130849198351664
6.22908685281,0.031293593571723635
6.230087349498,0.03127744882999753
6.231087839256,0.033766359348436636
6.232168546693,0.031243052589355978
6.233169029334,0.03141868999246126
6.234175657459,0.03121141871963783
6.235176132585,0.031195172307644715
6.236176603222,0.031180040281520965
6.237177069598,0.0311707192170886
6.238177531726,0.03164783415842585
6.239193595386,0.032672043519381806
6.240243028579,0.03185740609169781
6.241266910483,0.031108892126202523
6.242267346112,0.03176126017206731
6.243289373536,0.03303295038658692
6.244352991017,0.03139362494128946
6.245364440154,0.031677631482151226
6.246385701596,0.03270824137733831
6.247440891146,0.0322888276787239
6.248483124796,0.03127935461645931
6.249493330947,0.032238431591914654
6.250535121203,0.032391576912693155
6.251582498312,0.03103043388427825
6.252587120957,0.032153167649095926
6.253630288992,0.031596911976119815
6.254657375641,0.031184340673400538
6.25567242257,0.03075221522335581
6.256674561714,0.032282010508957334
6.257727576141,0.031283913868705146
6.258748920249,0.031494646871436424
6.259777945811,0.03108640371448412
6.260794316122,0.030577137185535962
6.261794661922,0.030617478886764634
6.262796939325,0.030816299836187992
6.263806355605,0.03136630691066586
6.264834411358,0.030915437368570328
6.265848327914,0.031110460625080435
6.266869279795,0.032948288898589397
6.2679512501,0.030798826876365364
6.268963306397,0.03047308781046598
6.269965228658,0.031235899914686734
6.270992827997,0.030813467677926715
6.272007207559,0.03130453710886836
6.273038457379,0.03051570711247849
6.274044375239,0.030369767139110843
6.275046095058,0.03123509650222309
6.276077002007,0.030986449625284733
6.277100315447,0.03245520227697853
6.278172779433,0.032777993977011186
6.279256692299,0.03103170995240985
6.280283536512,0.03118891654852601
6.281316156894,0.03113964945123491
6.282347781864,0.030165782231367264
6.283347781864,0.031631719372661446
6.284397083132,0.030126343127394446
6.285397083132,0.030107286517655037
6.286397083132,0.030088249819158426
6.287397083132,0.030069602777603285
6.288397083132,0.030050707942591195
6.289397083132,0.03003162946960162
6.290397083132,0.030215688986346703
6.291403819237,0.030610290054867633
6.2924243445,0.029976473313232343
6.2934243445,0.029958261920331623
6.2944243445,0.029938704232982324
6.2954243445,0.03076910349502728
6.296452712302,0.029973429894648084
6.297455096478,0.0298900829705847
6.298455265021,0.02987177629900651
6.299455426437,0.03196956186108885
6.300526574489,0.031327720255609884
6.301577012853,0.01342447073750561
6.302027314503,0.029954493636821372
6.303032799008,0.029982252067048343
6.304039890837,0.031178796710918125
6.305087867195,0.029909588294127723
6.306093876941,0.02980748143170625
6.307097160655,0.029851587110231767
6.308102613328,0.031477593322786254
6.30916354728,0.029649812117202107
6.31016354728,0.02963117896295359
6.31116354728,0.029610755893421555
6.31216354728,0.029590178313826033
6.31316354728,0.029569659196024105
6.31416354728,0.029549508265684383
6.31516354728,0.02953290631738729
6.316163632569,0.03083885668505542
6.317208672406,0.029489967798076163
6.318208751921,0.029469460061106664
6.319208825696,0.03021386087667225
6.320234806103,0.030905834691119273
6.321284976512,0.029923937017912006
6.322302440246,0.029596290166541285
6.323309376744,0.031019835228217968
6.324365362653,0.02995155406033681
6.325385585043,0.029932848265854302
6.326405796426,0.03045468739331833
6.327444414339,0.029656644326487763
6.328456441086,0.0297968992019672
6.32947386762,0.029922363645266483
6.330496209384,0.029603263570120605
6.331508225019,0.030363333871114465
6.332546822754,0.029568257389418127
6.333558829522,0.030673699862592583
6.334609083108,0.029790017362002343
6.33562925666,0.030649359283469842
6.336679348036,0.02975847328771856
6.337699511896,0.03061407219708394
6.338749588637,0.029430069773378663
6.339759659865,0.029702367807965042
6.340779801368,0.030557369214669925
6.341829857713,0.02966817745035937
6.342849991243,0.029112790687240743
6.343851710656,0.02963381641948138
6.344871836118,0.03048476065048904
6.345921873465,0.02951639113074886
6.346939209191,0.030148065873121563
6.347978908034,0.030976894497351852
6.349047811879,0.03185520159464546
6.350147763578,0.029961547042000682
6.351182981394,0.02909045588237781
6.352188611755,0.030153377398720257
6.353231601541,0.03071004367772695
6.354294585694,0.029099094652386887
6.355302478478,0.029768292416370013
6.356334180522,0.030539041617290222
6.357393228159,0.028834254768514225
6.358393777532,0.030275382430102683
6.359445011086,0.029072565260794388
6.360455087911,0.028844191709044578
6.361457880271,0.02915960036401337
6.362472277523,0.02959036773049714
6.363502294172,0.02909186979792098
6.364515614337,0.02872031130168263
6.365516873488,0.028745576121087635
6.366521062037,0.02910731043785444
6.36754047544,0.02995416269455815
6.368591360565,0.028853835214749997
6.369604827808,0.029398497754668365
6.370638426194,0.02847090676756278
6.37164034978,0.028644716183102475
6.372649312951,0.02859947442608575
6.373657566356,0.030038040467172157
6.374717416967,0.02984810597660407
6.37577141536,0.029313147926208656
6.376807358323,0.028854393588703196
6.377827857901,0.03054206035935005
6.378908855125,0.02910022870283097
6.37993959959,0.02936819464563953
6.380980586886,0.028782319281441898
6.382001573043,0.029037178323994522
6.383032310631,0.0295794471095074
6.38408304665,0.028721782289283005
6.385104025284,0.02897643626006093
6.386134757359,0.029518349503651054
6.387185487688,0.02890135934952557
6.388214929244,0.02860989632163719
6.389234686042,0.028036281581055048
6.390234686042,0.02801653269305677
6.391234686042,0.027996216795710467
6.392234686042,0.027977124823899364
6.393234686042,0.0279595899785065
6.394234686042,0.027942297320925374
6.395234686042,0.027924856159606687
6.396234686042,0.027907413501873944
6.397234686042,0.027889559990555583
6.398234686042,0.027871502736543825
6.399234686042,0.028051620801520516
6.400241822044,0.027834380901488726
6.401241822044,0.028398322929888684
6.402262762385,0.027797041597891047
6.403262762385,0.027778184495823338
6.404262762385,0.02775881266940883
6.405262762385,0.028134308601248968
6.406277007668,0.02802725620506487
6.407288081421,0.027700031906244958
6.408288081421,0.029217674889884575
6.409343659722,0.028137871723092768
6.410360931622,0.027642113319892022
6.411360931622,0.02762385085214962
6.412360931622,0.027604584325853186
6.413360931622,0.027643423034828855
6.414363006222,0.02807672526008762
6.415381481928,0.0288846877843402
6.416429991817,0.02831789707484003
6.417458653248,0.02771808814282691
6.418466230873,0.02749893933325434
6.419466519779,0.027715839402604872
6.420475455411,0.02763866277296858
6.421482323355,0.027589727268825037
6.422488119328,0.027888029855604353
6.423505493628,0.017601361033196067
6.424148002817,0.029150782092772172
6.425212625954,0.028557901928309738
6.426256338181,0.027679489077753375
6.4272686359,0.0280391709092489
6.428294785385,0.028363787269637137
6.429333553143,0.02767983810485206
6.430347934461,0.027683893032400802
6.43136311082,0.027419476067534317
6.432369221842,0.027794001485594383
6.433389723567,0.02758662954280013
6.434403291837,0.027570839704528862
6.435416967227,0.0271850802150512
6.436417138955,0.027638508897840235
6.437434712757,0.02765336310858564
6.438453595682,0.027226581001483074
6.439457498519,0.027210208608221702
6.440461496543,0.02784095165595188
6.441489481062,0.027301317589336568
6.442498219706,0.027055039660140803
6.443498512424,0.027285349210452097
6.444508031964,0.0270715992320029
6.445510370136,0.027601984461834535
6.446533128801,0.028041496882465242
6.44757306861,0.027386959261157296
6.448589547657,0.027026637366224262
6.449593305256,0.027257652022854753
6.450606371032,0.02785058114259819
6.45164224884,0.02772826822983929
6.452674353545,0.027299430454140083
6.453691254463,0.027179366310642373
6.454704472039,0.027050149693559195
6.45571362429,0.02686417319528778
6.456716641549,0.026960482375991163
6.457724028768,0.02746184018708346
6.458750882765,0.02681898212461322
6.459754559865,0.026699203138899893
6.460754565792,0.02674804969028166
6.46175716401,0.02677446079020548
6.462761558979,0.02675260251078488
6.463765938592,0.027927796728968078
6.464815301039,0.028251099641589658
6.465877670635,0.027559549984778685
6.466914879598,0.02695243053542228
6.467930124215,0.02662004197946425
6.468933774368,0.0269847100611375
6.469952189941,0.027173992983279303
6.470978984287,0.026828624422629635
6.471994185903,0.02648142889093597
6.472997790235,0.026930775226036586
6.474019986505,0.026601320045449284
6.475031142091,0.027025369643644177
6.476059787862,0.028848124580376815
6.477159178123,0.028763333833348285
6.478256548774,0.02669266100832164
6.479275919925,0.02616666902494159
6.480276141018,0.026140470346689138
6.481276358703,0.02649670082734079
6.482291152079,0.02673624321880378
6.483316075322,0.026076741881369703
6.4843166471,0.027319021783558044
6.485365849903,0.026072209150648413
6.48636806825,0.028358781612324063
6.487459157876,0.02766533374193163
6.488524552344,0.026868193920679937
6.489560203822,0.026731347247505567
6.490591510881,0.026945970242823126
6.491632058752,0.02615249905203245
6.492642877116,0.027024390078975793
6.493688347836,0.027172197742309348
6.494740529303,0.02762628157356132
6.495811328774,0.026818879832789026
6.496851859183,0.026026386390191163
6.497862650916,0.02676240148429182
6.498903176365,0.02597063793511806
6.499913960995,0.02671048535517875
6.500954481756,0.025925820403717124
6.501965259247,0.026667186126853502
6.503005774702,0.02588352317847731
6.504016544204,0.026623805444947312
6.505057054668,0.025841892471904243
6.5060678167,0.02657987416892502
6.507108322441,0.026776984622579394
6.508157437047,0.026353430291985846
6.509190790829,0.016237989491292324
6.509827846379,0.025897930266285726
6.510844834762,0.025737146775061105
6.5118565473,0.025802604337714766
6.512871605798,0.026025944451222204
6.513896186126,0.02612028976090884
6.514925232614,0.025428447991718995
6.515927779412,0.025833386896418533
6.516947060499,0.02656272073743639
6.517995950517,0.0262806884309523
6.519034526851,0.02573292058205531
6.52005224333,0.025489448092974928
6.521061081528,0.026220186550909304
6.522099639802,0.02531091471605537
6.523102971764,0.02521092427973876
6.524103077728,0.026144437973981804
6.525141001433,0.02529090949124328
6.526145853843,0.025186800800861275
6.527147361488,0.025832348952464758
6.52817534145,0.025708551161497856
6.529199180226,0.0260147760790782
6.530235977685,0.025986523104684647
6.531272441272,0.02570577348838784
6.532298474626,0.02617925760804345
6.533344144879,0.02583833001921442
6.534376948236,0.02529518126415574
6.535388798934,0.025941845388616276
6.536427231014,0.026139431632144227
6.53747432114,0.025664874024887176
6.538503146946,0.02613962734166386
6.539551774618,0.025078422551515083
6.54055855573,0.02540311840233195
6.541579081296,0.025969031737420475
6.54262313232,0.024942854267133437
6.543626677489,0.02650941903533013
6.544694043598,0.02548966750616953
6.545721086193,0.025442692347650363
6.546746939033,0.025696538024642872
6.5477837612,0.025636658524180775
6.548818935645,0.025009239499197224
6.549829559533,0.025447897938363523
6.550858741697,0.024888295306945845
6.551866168585,0.02477651236237814
6.55286996305,0.024843671408165787
6.5538773225,0.025126028364424347
6.554896996415,0.025311028034108438
6.555925054942,0.024715922012074995
6.556929816313,0.025488375832639763
6.557966862105,0.025440733201696306
6.559002801792,0.024669333995376543
6.560008142038,0.025009185794734646
6.561028172487,0.02461609297193394
6.562032981605,0.025276837595678222
6.563065534981,0.024909114898340422
6.564083832769,0.025419789050998648
6.565123840177,0.02519961108943161
6.566155689724,0.025641419030948295
6.567206521497,0.024438337028003715
6.568208835786,0.02574456395842723
6.56926561576,0.025491999942894195
6.57031290919,0.024369086226576776
6.571314860789,0.025489292479408572
6.572363774422,0.02432840414816889
6.573365720588,0.025447196268561584
6.574414628527,0.024287911564550808
6.575416569427,0.024973931841302983
6.57644768121,0.025443896466055143
6.577499094895,0.024707515537714143
6.57852097726,0.024916136327829498
6.579552387235,0.025373605979083808
6.580603795718,0.0246370232373808
6.581625671362,0.024847070509504725
6.582657076361,0.02507733045089368
6.583698947419,0.02430149759367145
6.584709423325,0.024999746862716634
6.585749738275,0.024507937321862946
6.586770050721,0.024263032728402294
6.587780515891,0.024646964866761847
6.588807555352,0.02532921381864867
6.589863729999,0.011267245611837735
6.590333880124,0.02487811523141582
6.591372532809,0.025105601199323722
6.592421383952,0.023966355486251867
6.593423271418,0.024293594980376584
6.594439916169,0.025559607405144187
6.595510351138,0.024821375694256884
6.596550638943,0.024090176547454014
6.597561067418,0.02478106446964594
6.598601350858,0.024049130770961078
6.599611772588,0.024737799147058585
6.600652051488,0.024006048100456638
6.601662466473,0.024693546798170693
6.602702740794,0.024747331451136532
6.603746188245,0.024424205574008224
6.604776914488,0.023920815258650294
6.605787315948,0.024606184066444624
6.6068275814,0.023876946848209617
6.607837976162,0.02540173213343377
6.608913889372,0.02473657996876998
6.609962691589,0.0250925016885256
6.611027701848,0.02420108725619766
6.612055841209,0.023520535429745096
6.613056002363,0.02350489033422844
6.614056507009,0.02404292506867823
6.615081017757,0.024030517258637727
6.616106063259,0.024457378079656967
6.617150354869,0.023684710286649265
6.618162548451,0.02445984643045898
6.619208672161,0.023647830146748625
6.620220854859,0.023572535718978178
6.621230645408,0.02426556136577578
6.622270995951,0.023930511289805778
6.623297837322,0.02380566258568453
6.624320204011,0.023282412876546664
6.62532089638,0.02328139013108192
6.62632242075,0.024166833063674033
6.627362953769,0.023693253790071887
6.62838395136,0.023658402132089976
6.629404327916,0.023402820067234924
6.630414555383,0.02353997918175118
6.63143157688,0.023651629185406576
6.632454282929,0.02419532995749403
6.633501376712,0.023167589465572434
6.634504833637,0.023106106632982047
6.63550645373,0.023400093388611983
6.63652166144,0.023284009315898087
6.637532664719,0.023049294421328925
6.638534263028,0.023343731788066657
6.639549455673,0.02349187273341771
6.640571901941,0.0233059852874917
6.641587042197,0.02345436522131148
6.6426094217,0.02381947288628229
6.643648504179,0.024040734247063725
6.644698070717,0.023646347414234884
6.645731250708,0.02338700539067977
6.646753956827,0.023422324480813193
6.647779113537,0.02327745242989977
6.648798818089,0.02315731713964259
6.649814081266,0.022815215370197466
6.650815160075,0.023101842473594498
6.651829626627,0.02362992925461172
6.652868087226,0.022763930250551397
6.653869307426,0.023170782851941938
6.654889240772,0.0229143587965982
6.655898668493,0.02278737619925732
6.65690326732,0.023525872189036883
6.657941265003,0.022660515642286664
6.658941894663,0.023011237769103517
6.659958804393,0.023173723996253465
6.660983741982,0.02374442831920248
6.662034833217,0.02368350735605012
6.663084271356,0.022720389973088395
6.66409216685,0.023571408365117903
6.665139127522,0.022851882498832035
6.66615558763,0.02290587260965991
6.667176416824,0.022673286524479967
6.66818942556,0.02292452391027973
6.669216132408,0.02345429844613018
6.670268443889,0.022915199495126416
6.67129760769,0.022440404653373398
6.672306297468,0.022987299401357887
6.673340228328,0.016298767133632517
6.674073584506,0.022475041542437336
6.675085197365,0.022281828132612088
6.676088618591,0.022701674124123713
6.677111515853,0.022607029465773535
6.678130742762,0.02365249108794223
6.679197749147,0.023286616493958835
6.680248966073,0.0225633567925138
6.681268154576,0.023029122523096288
6.682309032164,0.02289892303797938
6.68334479931,0.02289447537543934
6.684381063749,0.02320193871419129
6.685431976359,0.022442051352526894
6.686449205968,0.02306133251488784
6.687495245186,0.02292961809759946
6.688536083194,0.022911911259185753
6.689576918315,0.02289477626036423
6.690617750256,0.022877135702841077
6.691658578986,0.022862234372378415
6.692699404711,0.007921839897015427
6.693060201044,0.022142124998641672
6.694068960867,0.023474627164255066
6.695138998964,0.023016426591076274
6.696189034376,0.02273892700342212
6.697227543261,0.022708400111941973
6.698265639389,0.0221109118967338
6.699277199356,0.02293330197933541
6.700327222921,0.0226562849206134
6.701365717282,0.022429816290805756
6.702395077596,0.021954186434123446
6.703403484951,0.022367084977132218
6.704431332691,0.02200309676855654
6.705442870426,0.021771034666765467
6.706444478762,0.022300800216590963
6.707471456535,0.02244041356582681
6.708506324565,0.02264240886287439
6.709551896579,0.023444439157324255
6.710635339859,0.023780684591569422
6.711735339859,0.023749565082294134
6.712835339859,0.023729348552981127
6.713935339859,0.023707539098356954
6.715035339859,0.023676400563058995
6.716135339859,0.02365693731281309
6.717235339859,0.02363216234515651
6.718335339859,0.022387792612827816
6.719378245438,0.023598894711939183
6.720478245438,0.02357138196985666
6.721578245438,0.023548967560339244
6.722678245438,0.023533833391742844
6.723778245438,0.021902503143272627
6.724803245438,0.02348516127441726
6.725903245438,0.02347218015888831
6.727003245438,0.02174479419073283
6.728023245438,0.023225177737538797
6.72911362477,0.023405038631008335
6.73021362477,0.023384599185264237
6.73131362477,0.022669478958034145
6.732381032598,0.023334493635102743
6.733481032598,0.02331154964107683
6.734581032598,0.023284350238501426
6.735681032598,0.02325871152872619
6.736781032598,0.023236789572526242
6.737881032598,0.02321514544756523
6.738981032598,0.023194412114560196
6.740081032598,0.02317280120756918
6.741181032598,0.021560045673675466
6.742205427379,0.023131998561558
6.743305427379,0.022271536283419616
6.744365427379,0.02149261551510228
6.745389279228,0.021754017658571163
6.746426365934,0.02096867376788271
6.747426525241,0.02147285351889336
6.748450984677,0.021676440236966008
6.749485573892,0.02139425519404331
6.750507336396,0.021375246572228182
6.751528874671,0.022044799507831326
6.752583228671,0.022027366097639993
6.753637563354,0.021098486111822228
6.75464818555,0.021184076992821665
6.755663616244,0.021322341958583416
6.756686449268,0.021388185784722513
6.757713244412,0.02081718044552294
6.758713334266,0.02160481975641914
6.759751956182,0.022336559770258866
6.760826433118,0.021170253284092992
6.761845413514,0.021513959115965934
6.762881629065,0.020886883846094485
6.763888407915,0.0214591782744378
6.764923533842,0.02184009494806674
6.76597780901,0.021498543079815427
6.767016397272,0.02222353582760563
6.768090839504,0.020897550482194365
6.769101953422,0.02101371050243383
6.770119480032,0.021595786481276687
6.771166087088,0.02116565520058825
6.772192816929,0.021051934727172535
6.773214934651,0.020742607353240117
6.774222874389,0.02124167255249723
6.77525598042,0.02155765123076908
6.776305480389,0.020670161326674777
6.777312732794,0.021488286146757192
6.778360945143,0.02118658482405037
6.77939559834,0.020656884095018025
6.780405407516,0.020486070538304767
6.781407745141,0.020693949875626803
6.782421207136,0.02135294997823716
6.783468032735,0.021265691097201195
6.784511474128,0.020444497307324994
6.785515343508,0.0207433589382271
6.786534579265,0.022073444177664197
6.787619878309,0.020710395465531432
6.788638825804,0.020990680128663175
6.789672245328,0.02158859200494249
6.79073589541,0.02066253308174063
6.791754657504,0.020998299458668823
6.792790703593,0.020352367695383147
6.793795525538,0.02075209771271376
6.794820820616,0.02044361656795798
6.79583165452,0.020350180773944647
6.796838748996,0.020298192574976007
6.797844209786,0.02029837735082478
6.798850551902,0.020582558530902746
6.799871823319,0.020861556686762282
6.80090783838,0.020868335261338244
6.80194513195,0.021761352839549775
6.803027767087,0.021461586577502648
6.804096531538,0.020097458548426653
6.805098242964,0.02081874984382999
6.806136840395,0.020062485396116086
6.807138541488,0.020785638688165946
6.808177129074,0.02003088583204204
6.809178822128,0.020753255200911716
6.810217400838,0.0200013035974616
6.811219086213,0.02079877711373926
6.812261441439,0.0014835106368859372
6.812335841439,0.02055385890227282
6.813366854918,0.02072606551602162
6.814407360285,0.021894993046411924
6.815507360285,0.020308176909263728
6.816528454812,0.020287869558028887
6.817549359098,0.021692552982428843
6.81864181546,0.02182434750713795
6.81974181546,0.01996547474425664
6.82074890428,0.020770226521253973
6.82179732735,0.01996553120405864
6.822805846873,0.02175733239270461
6.823905846873,0.021736532328462895
6.825005846873,0.021716467653512126
6.826105846873,0.021696530443876157
6.827205846873,0.021677008717168527
6.828305846873,0.02165691891607362
6.829405846873,0.021636976533839003
6.830505846873,0.020047592026716996
6.831525846873,0.020626248861969454
6.83257616907,0.02061205088557803
6.833626490948,0.02156000646274834
6.834726490948,0.021483553418112995
6.835826490948,0.021439879457288924
6.836926490948,0.02086545254605568
6.837997279808,0.02049625724640349
6.839049879433,0.021400998188802273
6.840149879433,0.021380416630812814
6.841249879433,0.021360831404424498
6.842349879433,0.021340404058549412
6.843449879433,0.019804679088559363
6.844471680852,0.020238387067148072
6.84551680156,0.019883713503610772
6.846544608162,0.01977824152171593
6.847568115163,0.020315660101190354
6.848620518211,0.01982852132621072
6.849648407672,0.019731721313001674
6.850671901158,0.019683056873229448
6.851693619134,0.01942232283934741
6.852702710083,0.02000324588645879
6.853742952365,0.020160674394366133
6.854791980617,0.020372086179374124
6.85585263489,0.019474080698885732
6.856867250531,0.019276119902621063
6.857872278018,0.019606283700306894
6.858895165985,0.01917862797962817
6.8598964325,0.01936683220064718
6.860908485245,0.019345341438954746
6.861920235731,0.019388981819363053
6.862934829193,0.01983355660300665
6.863973713659,0.019421084001775977
6.864992179488,0.019496660575859758
6.866015544342,0.02019156258471766
6.867076143346,0.019299456409728456
6.868090717147,0.01974647816922981
6.869129581535,0.019339725597235107
6.870148023616,0.019370318862075266
6.871168828005,0.01923942403075968
6.872183222719,0.01913578730936327
6.873192571732,0.019216578215880287
6.874206497309,0.01962332514095346
6.875242146743,0.019160952830272117
6.876253357722,0.01905267593200154
6.877258629854,0.019048450553308553
6.878264112673,0.019085477384767152
6.879271747718,0.01912046638557062
6.880281494597,0.01928981598017172
6.881300593435,0.019270519423343072
6.882319687318,0.019254810637830348
6.883338776467,0.018947360546689888
6.884342209627,0.019257329223950594
6.885362627716,0.019949567242660685
6.886420545348,0.0188878715844413
6.887422973047,0.018953753200625246
6.888429573954,0.01894769629107675
6.88943716134,0.018819202901507456
6.890438116705,0.018949803333682076
6.891446686518,0.018951515492485957
6.892456983053,0.01891929402977026
6.893466635591,0.01892914397670686
6.894477599204,0.01930846275232204
6.895510132029,0.01903888962192256
6.896529119083,0.01879624865714231
6.897535762251,0.018784621377776544
6.898543646225,0.01882533197139306
6.899555193678,0.019531119156904985
6.900606030288,0.01919131614602064
6.901638163909,0.018803081477474042
6.902653476145,0.019374430102745636
6.903702405345,0.018954557966253827
6.904726719689,0.018691128148457515
6.905738605649,0.018541722698684527
6.906742274285,0.01996118920034119
6.907821638943,0.018514470934813756
6.90882562404,0.018874026212463958
6.909847890045,0.019300183396938016
6.910895777663,0.020223695195246014
6.911995777663,0.020244513564256494
6.913095777663,0.02024392419129367
6.914195777663,0.020195844259117326
6.915295777663,0.020168722047480887
6.916395777663,0.020009575069477398
6.917485777663,0.019942782422289154
6.918573628385,0.02014041490390983
6.919673628385,0.0201313782889083
6.920773628385,0.020133128122587256
6.921873628385,0.019073768504654313
6.922918590734,0.020053738777447382
6.924018590734,0.02008438681677952
6.925118590734,0.018871499598203768
6.926153579085,0.020025406257912232
6.927253579085,0.019599886128880847
6.928331419939,0.018759178048101514
6.929363849924,0.008536937245089462
6.92983412975,0.018825846500552215
6.930873088359,0.019026561833940456
6.931923924996,0.018503127684799982
6.932945039095,0.018653361457435215
6.933975873231,0.019000617149567953
6.935026706164,0.01846465178126246
6.936047814884,0.018633105080192704
6.937078645053,0.01952825672913363
6.93815974982,0.018254370168658666
6.939170765237,0.01879999327404382
6.940212418405,0.01879484618691738
6.941253518706,0.018969077757236254
6.942304342681,0.018264012561230083
6.943315703154,0.019356761126712956
6.944387067538,0.018455465143332784
6.945408156921,0.01830753085985707
6.946419516649,0.01863628624004951
6.94745033094,0.018776248920692053
6.948491414729,0.01821376053343975
6.949502767294,0.01823750005253285
6.950514117124,0.018474845173691343
6.951534656545,0.018664239633958173
6.952562979324,0.01913799167141699
6.953615118564,0.018972893421048315
6.954655783968,0.018862260673073793
6.955689271972,0.019229288764373034
6.956741187476,0.019068966560145117
6.957781628577,0.018472359377690154
6.958788853067,0.018991842954438905
6.959820991861,0.018469177574644877
6.960826248313,0.019007006657148818
6.961866865808,0.019247859828171725
6.962927657665,0.018126068287761726
6.963933792308,0.01824186626826815
6.964952312348,0.018675723775280505
6.966000980442,0.017976301486033488
6.967014950411,0.018333427668272596
6.968053765806,0.017826855901857067
6.969067948489,0.018192580769461012
6.970106409365,0.0178032703459412
6.971124398969,0.017888106042732915
6.972147348825,0.01852892378227872
6.973207450313,0.01769893493796845
6.974221614316,0.018100354832748092
6.975260056011,0.017755231336353868
6.976278024182,0.017864286820460956
6.977300955414,0.0185070793048084
6.978361034625,0.01769750753812543
6.979375179597,0.01810856748868497
6.98041360223,0.017722159153697025
6.981431549023,0.01779309613895506
6.982454461346,0.01764314458908004
6.9834681545,0.017430067735900168
6.984468593941,0.017567898022552788
6.985478125965,0.017514861085499732
6.986486127921,0.01788961363424784
6.987516173614,0.017769101222705915
6.988539674657,0.01806364111983774
6.989580326728,0.017788789256796143
6.990606220875,0.018515138540019543
6.991675386073,0.017298392440489512
6.992675407964,0.01745143772828779
6.993685671137,0.017424588877002465
6.994694628935,0.017267910389206532
6.995696318174,0.01728346664679572
6.996699533423,0.017349458916598844
6.997706946708,0.017266975262284608
6.998710365546,0.01764193426429055
6.9997352535,0.01770100856669969
7.000765561026,0.0173744959465925
7.001779270283,0.01749145863796389
7.00279925996,0.0174630181684354
7.003816533563,0.017365249021650774
7.004828134978,0.017322263020620107
7.005837591324,0.017145004829770966
7.006840315476,0.017328917353148114
7.007854654251,0.01754729828465981
7.008879103448,0.017290340537150804
7.009891227077,0.017113270559943723
7.010893475378,0.01718150714209393
7.011900211153,0.01711815534359228
7.01290517332,0.01713818364079087
7.01391013126,0.017098844124518255
7.014913173989,0.008046684968135057
7.015386170989,0.017037812743840027
7.016388227402,0.017120558522625326
7.017393807731,0.017054208231990577
7.018397685315,0.01703691015457172
7.019401558804,0.017097431788804206
7.020409391527,0.01715209056258966
7.021419271985,0.017214369479568642
7.022437248147,0.018370334960162424
7.023523565282,0.01740085031164467
7.024554274122,0.016975441997189082
7.025560865885,0.017039496336880112
7.026572043953,0.018025383524027157
7.02764368701,0.017046109482778765
7.02865784898,0.018163768646449086
7.029739394077,0.017610080633669353
7.030790092676,0.01711368738374974
7.03181102281,0.01727689609556956
7.032841719277,0.018252325374376255
7.033932608868,0.017555994050083457
7.03498330342,0.017040599668020552
7.036004227876,0.016685670817618584
7.037004316469,0.01706570478951794
7.038025238527,0.017213536549830058
7.039055928818,0.01750608786940043
7.04010661806,0.016988850241403574
7.041127535372,0.017135123531222842
7.042158222154,0.017476651663982448
7.043208907944,0.016986378516097203
7.044229820801,0.01712272426711502
7.045260504228,0.017439874385286425
7.046311186629,0.01693634980761064
7.047332094946,0.01709014836842578
7.048362775048,0.017409215847283676
7.049413454135,0.017406420314582557
7.050464583881,0.01790893990297404
7.051545486106,0.01708431100801522
7.05257616154,0.017330504130775637
7.053626835962,0.016793209762186366
7.054647733607,0.01700221561283941
7.055678405605,0.017370608835586075
7.056729076595,0.01687329229996459
7.057749969617,0.016995784509194204
7.05878063816,0.017257654646828442
7.059831305709,0.017353652420439167
7.060888313629,0.016967453293311445
7.061918978683,0.017735950660190906
7.062999642648,0.01717990994848883
7.06405030546,0.016703946845940065
7.065071187602,0.016847373469231746
7.066101847986,0.016967427283592837
7.067143657105,0.016258292384882397
7.068144577763,0.016251016807665487
7.0691450531,0.01649275882448435
7.070161020656,0.016243651148622217
7.071162803703,0.016951092080865218
7.072207957686,0.01627592721832264
7.073211529318,0.016412776134153487
7.074224012295,0.01631863709155622
7.075231325783,0.016211155210768508
7.076232549864,0.01617948628079718
7.077235326485,0.016147448861740403
7.07823590549,0.01628119768576506
7.079243980545,0.01629822167101613
7.080252051453,0.016238813899417705
7.081254361402,0.016232015056536653
7.082262211886,0.016221043908796064
7.083271940091,0.016143143022328384
7.084276597324,0.016135982009038447
7.085280400741,0.0161052979415858
7.086283138251,0.016051662513536704
7.087283677918,0.01624221952301217
7.088296170703,0.016143590464025786
7.089302928159,0.01609384878729543
7.090309681319,0.01601342812558075
7.091314944321,0.01605204952152132
7.092320203019,0.016166545312224067
7.093331985757,0.012367311336310706
7.094108918329,0.01598802079403845
7.095115337931,0.015946404958603836
7.096118033372,0.01593794522222406
7.097120724613,0.015878070089800068
7.098121218357,0.015997148068856035
7.099129207518,0.015977220221126815
7.100137192471,0.015954781974277365
7.101143900724,0.015976574994105024
7.102150604469,0.016066833774820165
7.103163600531,0.016018095974835517
7.104175813933,0.016108998294834243
7.10519460272,0.01595110000051619
7.106203977643,0.015949702685227805
7.107214481997,0.016039429998183866
7.108231987876,0.01591387499631649
7.10924227265,0.015762543968982946
7.110243567875,0.016033842683062204
7.111262333294,0.015863468072024413
7.112271684881,0.01583097684014047
7.113282164038,0.015933835268496187
7.114299642804,0.015886246127632273
7.115309901177,0.015702211779329664
7.116311170117,0.015670997144512075
7.117315371512,0.015718200162885495
7.118324272065,0.015647121660709005
7.119327225757,0.015714092612112828
7.120332102808,0.015684857640747778
7.12133347177,0.015859679021938192
7.122350916922,0.01569059525561634
7.123361141712,0.015554025666068153
7.124362377908,0.015855060179808825
7.125381084751,0.015760340533077958
7.126393717093,0.015829815668401467
7.127412202464,0.015789073452797883
7.128428915307,0.015836512771837105
7.129448666144,0.015734171417184004
7.130460277195,0.015578916791401111
7.131467003393,0.01563094927666547
7.132479526918,0.01548037645071769
7.133481224097,0.017038170647077022
7.134581224097,0.01581130746675357
7.135601612445,0.015988576120951194
7.136632193907,0.015935968663841293
7.137662773773,0.01619346499487344
7.138713353198,0.01572535459588568
7.139734124082,0.015907610015478163
7.140764700963,0.01624500869094885
7.141815276763,0.016201569574324136
7.142866233521,0.016648327607491405
7.143946997902,0.015895096934397394
7.144977569806,0.0164979325128989
7.146047950251,0.016129745082016672
7.147098519734,0.015647873772038034
7.14811927742,0.015762623820436052
7.149149844475,0.01604252687586476
7.150200410505,0.015614714402026584
7.151221163606,0.015764131885077057
7.152251727268,0.01602515616619917
7.153302289925,0.015357446097659341
7.154309929299,0.00450291960014986
7.154605386558,0.015949991528058018
7.155654346328,0.01565743093688463
7.156684905097,0.015948520317184866
7.157735462872,0.015320878857831104
7.15874639055,0.015664614342754252
7.159776945924,0.01596295660453015
7.160827500251,0.015458380069310124
7.161848237159,0.015570245403319681
7.162878789089,0.01582987235758751
7.163929339999,0.015409971636581669
7.164950072891,0.015610778020775649
7.16598062129,0.015892504177011844
7.167031168585,0.015387243191572902
7.168051896715,0.015536785357248702
7.169082441532,0.015829686867610486
7.170132361224,0.015286567833689481
7.171146671375,0.01531531930701406
7.172164422527,0.015463530466559012
7.173192546257,0.015797578814779098
7.174243444385,0.015804615658267712
7.175294340764,0.01580553280693857
7.176345235246,0.01571542409667985
7.177396127731,0.01568294291020853
7.178447018413,0.015714085654976732
7.179497907292,0.015767385439155814
7.180548793823,0.01508261042325635
7.181554587811,0.015069379370919641
7.182563788269,0.015134907913797617
7.183580622849,0.015032428130265035
7.184591653655,0.01525046867481329
7.185614289766,0.015307873365731816
7.186641225419,0.014882733981113807
7.187643461134,0.015052843011819488
7.188658153055,0.015173556780181624
7.189679273071,0.014973247950179005
7.190689076878,0.014780946405979037
7.19168978689,0.015197850197038499
7.192716202481,0.014969464894305498
7.193724862684,0.015036567060583681
7.194740874222,0.015017737972097265
7.195757560569,0.014964725599210962
7.196771300922,0.014958832207996648
7.197787724867,0.014836825188284278
7.198797496774,0.014937498722372463
7.199812710061,0.015015034239644407
7.200831879915,0.0150611945418587
7.20185451161,0.01508373844683483
7.202881198514,0.014938636892742661
7.203901063836,0.015033473869082709
7.204927907429,0.014958707024265485
7.205947552549,0.014819997426812377
7.206957434239,0.014832065948672365
7.20796922107,0.014948242839639428
7.208989490268,0.014783187520693767
7.210000420773,0.014800334820819317
7.211015590537,0.014692592546190791
7.212024250196,0.014911877440084516
7.21304704966,0.01474029207851229
7.21405817667,0.014852134282289186
7.215078280709,0.014826267467242978
7.216097602679,0.01480316943126035
7.217116142619,0.014749389320388174
7.218131920517,0.014739259439108247
7.21914769414,0.014706658495327332
7.220160917664,0.014743297388638808
7.221174137078,0.014761048746880738
7.222185018827,0.014868356640160889
7.223206928232,0.014697172313659818
7.224220135996,0.014710734947549202
7.225232562167,0.014668228268851563
7.226240671955,0.01475239267747688
7.227253869467,0.014697552622851641
7.22826706358,0.01470410635492285
7.22928025478,0.014696293013990204
7.230293442951,0.014529972604906266
7.231294959834,0.014691487497101535
7.232308140809,0.01480778927289084
7.233329723482,0.01158869735691785
7.234129910214,0.014589394095667726
7.235136568712,0.014593739198049412
7.236141674216,0.01492178306741092
7.237172444833,0.014563097752609578
7.23818114978,0.014718673259697744
7.23920146224,0.014548723422633443
7.240211220656,0.014602082614924967
7.241223945258,0.014610144258649104
7.242236666107,0.014763786694155937
7.243262606057,0.014664093481560371
7.244282107431,0.014624114484270227
7.245298635199,0.015187700516320686
7.246354464191,0.015825674345822684
7.247454464191,0.01579638444605569
7.248554464191,0.015777894260393575
7.249654464191,0.015778350373911176
7.250754464191,0.015783241186940477
7.251854464191,0.01485163564379285
7.252891510852,0.014685711145968304
7.253916480555,0.014444236488763747
7.254927570147,0.01443863428822638
7.255937103831,0.014446408754794233
7.256946409893,0.014726735322465058
7.257979009038,0.014577409628896906
7.259002042536,0.014470399803374183
7.260017344087,0.014535149512784848
7.261037530005,0.014636949589167928
7.262066080054,0.014250983651883375
7.263067884266,0.014250846149178585
7.264071213627,0.014196961722876055
7.265071739662,0.01422022697197687
7.266074387638,0.014301725506909786
7.267081431179,0.014390841913084738
7.268096396423,0.014824841237631269
7.269143234462,0.01441521706606896
7.270161411098,0.01446406470188929
7.271183692638,0.014468921545900616
7.272205495923,0.014678322115494542
7.273244782324,0.01411871441177301
7.274247272426,0.014616757775288714
7.275284348253,0.014412871705795464
7.276306492794,0.014556309860949147
7.277339579684,0.014173125996782264
7.278347324097,0.014501253522807121
7.279378571299,0.014112795235395706
7.280382459156,0.014654581324736954
7.281428028171,0.014334965038143521
7.282450445751,0.014481556033296632
7.283482370679,0.014119534438175967
7.284489750032,0.014671914937733826
7.285536381247,0.014678624834776312
7.286584295003,0.01421393253555561
7.287602811915,0.014356327912407771
7.288634130019,0.014402445663139604
7.289668724981,0.014122234749846856
7.290682102904,0.015054777130300229
7.291762939566,0.013998065675141756
7.292771404718,0.014387386406570191
7.293810131107,0.014039393406884315
7.294823295526,0.014182172916470647
7.295847031143,0.013851960021868809
7.296847520832,0.01409240859373616
7.297863503634,0.013885624064051857
7.298864650765,0.013828703052919718
7.299865143711,0.014170269162811779
7.300889216949,0.014149578521951152
7.301909440872,0.014160077253996968
7.302934157262,0.013981565941755402
7.303949934071,0.01394823084050459
7.304962222601,0.013841568073104457
7.305963584643,0.009651015201200219
7.306660112899,0.014028425215565611
7.307677190004,0.01410815971791251
7.30870291133,0.014023122635205412
7.309723233631,0.013802448250327084
7.310726953719,0.014206431595073881
7.311756122166,0.01375873075566616
7.312757092134,0.013812207435968003
7.313764762794,0.014037792655539788
7.31478356844,0.013832817625531785
7.315790451616,0.01386329047426424
7.316803311679,0.01392656151733773
7.317818019909,0.013856038372313717
7.318826546004,0.013896083866076762
7.31984315491,0.013873130805769157
7.320858659472,0.013975959928853239
7.321879107518,0.013979287856024035
7.322899382116,0.013729079856664361
7.323905355361,0.013692462269295061
7.32490942582,0.013963207593096065
7.325931276512,0.013762517419271831
7.326943371804,0.01394151549779074
7.327970393463,0.013871541747268288
7.328990024505,0.013661307970838121
7.32999303563,0.013691281756491445
7.330998107298,0.013836913242607442
7.33201623807,0.013627396551604717
7.333021727796,0.013669516148220533
7.334030849814,0.013692643459607391
7.335037535489,0.01373036946096436
7.33604671891,0.013567624170645356
7.337049366957,0.01369855899618972
7.338063688117,0.013670833460054073
7.339077468503,0.013634691761012193
7.340088969197,0.013532649078822729
7.341091667303,0.013600618602989929
7.342100785473,0.013913643093097158
7.343134935877,0.01365782177418349
7.344147932242,0.013714607514454668
7.345166875434,0.01368065961478645
7.346183649242,0.013431492729114397
7.347184035082,0.013452607235291672
7.348187421425,0.013668618587298094
7.349207666722,0.013446843234875766
7.350208238906,0.013587983069351304
7.351216398308,0.01354141619250477
7.352227607124,0.013491418932588905
7.353237667067,0.013474926488005126
7.354242365557,0.013438950963495577
7.355245346285,0.013696785667011779
7.356271634023,0.013602510733830274
7.357291180423,0.013585280734240156
7.35830661469,0.013403065215421497
7.359307951408,0.01376125215761725
7.360339139243,0.013515152926671898
7.361352881352,0.014037084297011445
7.362405220938,0.01414637221923136
7.363464042391,0.013963216501519424
7.364512277525,0.014604856319101552
7.365612277525,0.014603809384573337
7.366712277525,0.01356486259441829
7.367732501919,0.014673226198268838
7.368832501919,0.013422476889089957
7.369842613494,0.01417662367193181
7.370909957174,0.014597497735381795
7.372009957174,0.014528172459691796
7.373109957174,0.014525671239206346
7.374209957174,0.014559018561189555
7.375309957174,0.014524720940358189
7.376409957174,0.01427151348289715
7.377491416996,0.013465623986879553
7.37851079998,0.00585045718666613
7.378954182726,0.013415377248584095
7.379971977947,0.013658908749224393
7.381006535722,0.01341472142339391
7.382020251825,0.013391797801215128
7.383038490882,0.014384306832264911
7.384135723882,0.01373528009855854
7.385183272902,0.013757127590554422
7.386230820585,0.013187437631704931
7.387232952911,0.01339833240257736
7.388251240215,0.013317694272077372
7.389266076775,0.013470039441962187
7.390292911616,0.014399092909624196
7.391390988293,0.014250913115233889
7.392477819633,0.013278445031831275
7.393491319573,0.013683408821887491
7.394536888858,0.013712572508554012
7.395585576518,0.014348742990563663
7.396683960427,0.013321597743250813
7.397704132935,0.01362777233187278
7.398748364924,0.013789642516642251
7.399805252482,0.013569604458218053
7.400845807895,0.013172808297566216
7.401855983029,0.013905951193785964
7.402924919078,0.013276627165335593
7.403946470033,0.013652810210415391
7.404996460913,0.013183008765300134
7.406008641361,0.013133315482790708
7.407019418457,0.013469556645778874
7.408053927214,0.01353904463388399
7.409095581598,0.013566748782446942
7.410144993649,0.013271589376683374
7.411172637632,0.013147082956619314
7.412188026986,0.013007612521290195
7.413190937345,0.013393136270908013
7.414224769141,0.01346454268577367
7.415265875028,0.013356466603153693
7.416298760026,0.013359520567777125
7.417333633903,0.013560219770013334
7.418384111685,0.013299855104552486
7.419412687487,0.013074683070769018
7.420429104072,0.013118941749185731
7.421450991118,0.012999401303213242
7.422461830316,0.013334067570829443
7.423494096351,0.013249027455687052
7.424520906965,0.01348337072693259
7.425572168429,0.01304353215282086
7.42659155484,0.013151485046761772
7.427618318975,0.013110159697047461
7.428641674577,0.012917490840866139
7.429648744004,0.013739921205772488
7.430718994791,0.013098064432754398
7.431744869313,0.01291214446411936
7.432758187389,0.013060521637183038
7.433779783299,0.012871984741672175
7.434787535428,0.013114998440336246
7.435819906587,0.012841480534905345
7.436826986683,0.012837710384744698
7.437836555233,0.012871283930345413
7.438853632034,0.012806846182995745
7.439864611314,0.012826952363800824
7.440873354014,0.012681299831291203
7.441873429152,0.013675541947271866
7.442954081251,0.012885196298232194
7.443971580582,0.01302515774557987
7.444999563529,0.013027616609237517
7.44602821506,0.013004814534657036
7.447054095657,0.01284078134112936
7.448070566798,0.012634318243935311
7.449073192025,0.012647729593247234
7.450075678252,0.012893523815779712
7.451097073243,0.012939662568337269
7.452122706253,0.012914243796006631
7.453149654314,0.01331657115905075
7.454209920255,0.012765344085630482
7.455225608649,0.012795405522408893
7.456243753412,0.012778726581050313
7.457261671717,0.013385987475445388
7.458328332822,0.012831670936024811
7.459352605,0.01256561841188784
7.460357239448,0.012955532981094814
7.461392681503,0.013188247876037161
7.462443557044,0.01256750210017648
7.4634474782,0.012930675672259135
7.464481490423,0.012872151642038462
7.46551083327,0.012562110275798788
7.466514418652,0.013155987114991555
7.467566347263,0.012865322874656145
7.468595843462,0.013562830930754936
7.469682727842,0.012479957415581566
7.470682727842,0.013128678576823233
7.471734652729,0.012475238214209624
7.472734652729,0.009594637405096217
7.47350472906,0.013037313946343049
7.474553205028,0.01325726377788483
7.475621258443,0.01252321876019395
7.476631333525,0.013546097814535522
7.47772478549,0.013016141696077005
7.478775009135,0.012637093788199978
7.47979530616,0.012972260946263239
7.480845527864,0.012594032420570937
7.481865822151,0.012848616532876288
7.482906114864,0.012959818323494111
7.483956479082,0.012323672525178006
7.484956768985,0.012421233039277366
7.485965018434,0.012561376395295306
7.486985305928,0.012305874190814768
7.487985592136,0.012315754386847795
7.488985876517,0.012667693499887705
7.490016229919,0.012757765418440507
7.491056511118,0.012259453670373895
7.49205679156,0.012754884458416004
7.493097070166,0.012845307942629182
7.494144382044,0.012754110264259681
7.495184226578,0.012865128162250142
7.496234570264,0.012609220621138239
7.497264645989,0.012236836451569005
7.498264918358,0.013204685005619252
7.499345057592,0.012221777730392125
7.500345326775,0.012951286215962777
7.50140599362,0.012288316498638235
7.502413016226,0.012578692449341853
7.503444463879,0.012191406109773545
7.504444728123,0.013270500152583999
7.505534306059,0.012939840675388711
7.506597522884,0.0123128393084288
7.507609876754,0.012459029516377382
7.50863489752,0.012201701296293412
7.509639353219,0.012496041648527542
7.510668698275,0.012589200880756053
7.51170630408,0.012527585580848618
7.512739512117,0.012400330694758181
7.513762813194,0.012458364016258138
7.514791507045,0.012685999608970298
7.515839695423,0.012799036806633537
7.516897837236,0.012483365594075355
7.517930469147,0.012912962127002174
7.518999391032,0.012522007658920658
7.520036661222,0.012688726991487867
7.521088486397,0.01242085753154051
7.522118749593,0.012283616728484681
7.523138317726,0.012418813343373629
7.524169926407,0.012130607235591005
7.525178112076,0.012087442559971531
7.526183164297,0.012113701268040815
7.527191180281,0.012590749810278032
7.528239571102,0.012117023756731236
7.529249229942,0.012065518640972356
7.530255294894,0.012048732903347086
7.531260595295,0.012524581535560181
7.53230631505,0.012114835173326897
7.533318450583,0.012394763873145165
7.534354628905,0.012539217810779449
7.535403518269,0.012215923707136176
7.536426006553,0.012525545775019312
7.537475116044,0.012149134438848025
7.538493281972,0.012853740595169623
7.539571174801,0.012046417887457217
7.5405821897,0.0124082467256267
7.541624258129,0.01202753389459156
7.542635114281,0.012539158854087856
7.54368973856,0.012213124320558615
7.54471770788,0.012289171844305639
7.545752756756,0.011964121442524905
7.546761175268,0.01299427513303739
7.547857209351,0.012066744707286896
7.54887563615,0.011856451474634455
7.549876986577,0.011918198384419204
7.550884229225,0.012010261584487966
7.551899896985,0.01184703898871362
7.552902418558,0.011972683883850477
7.553916197587,0.011882382956861464
7.554922969768,0.012104174150159179
7.555949174946,0.011793074034005249
7.556949644748,0.0036060469698769144
7.557255694529,0.0012589462739654679
7.557362556025,0.001202386354682547
7.557464626173,0.0019035667981047676
7.55762622434,0.004591886183781893
7.558016073636,0.003730061586302695
7.558332802151,0.011906244005112922
7.559344238342,0.011878695769074969
7.560354049258,0.01200504407238514
7.561375201471,0.011990875433947576
7.562395876652,0.011900066195742633
7.563409410623,0.011988327214189203
7.564431278831,0.012564678685907604
7.565502817563,0.011982915230463928
7.566525348211,0.012207281977651415
7.567567626602,0.01172270923985714
7.568569152503,0.012310173028804538
7.569621621122,0.012198403254640383
7.570665177368,0.011887811905277693
7.57168286204,0.011823582023566467
7.572695653778,0.011941900058260149
7.573719193961,0.011668035980732853
7.574719998681,0.011993283500370157
7.5757494424,0.011972843949362474
7.576777846374,0.011869487119007715
7.5777980592,0.012033058179110824
7.578833038726,0.011691822918451937
7.579839369863,0.011938620606498352
7.580867696009,0.011614514853479325
7.581868773164,0.011735751119362783
7.582881001871,0.012025047084117826
7.583918992957,0.011665152768582565
7.584926625312,0.0119607050342196
7.585960592469,0.01169975724375135
7.58697271876,0.01167191030747403
7.587982988098,0.011552064625981837
7.588983530099,0.011600804085030187
7.58998890462,0.011582657604303364
7.590993381689,0.012137826036923649
7.592046704665,0.011791400239089632
7.593070664217,0.011515487462890826
7.594071439311,0.01185731584109761
7.595102590396,0.011523637788925309
7.596105370073,0.011739930748211743
7.597127604205,0.011602744860600414
7.598138501065,0.01171476826039243
7.599159869213,0.01174695584193496
7.600184770344,0.0033655789005337102
7.601228467683,0.0
7.602266183937,0.0
7.603277704233,0.0
7.603985090662,0.0
7.604986278741,0.0
7.605992671379,0.0
7.607004668565,0.0
7.60802015924,0.0
7.609061974794,0.0
7.610076228448,0.0
7.611078597763,0.0
7.612079844385,0.0
7.613102531834,0.0
7.614115621191,0.0
7.615136745704,0.0
7.616158614951,0.0
7.617162499382,0.0
7.618179892131,0.0
7.619188456983,0.0
7.62024654627,0.0
7.621282024844,0.0
7.622303522915,0.0
7.623316887416,0.0
7.624326125826,0.0
7.625352906276,0.0
7.626371581349,0.0
7.627393121636,0.0
7.628400866529,0.0
7.629407434611,0.0
7.63040859512,0.0
7.631417277091,0.0
7.632420994568,0.0
7.633432001342,0.0
7.63443954211,0.0
7.635440528526,0.0
7.636463566262,0.0
7.637474267631,0.0
7.63849853966,0.0
7.639505845861,0.0
7.640508646303,0.0
7.641536618355,0.0
7.642556036386,0.0
7.643559768161,0.0
7.644566796843,0.0
7.645046119042,0.0
7.646061817548,0.0
7.647083167699,0.0
7.648097403346,0.0
7.649098642292,0.0
7.650186430367,0.0
7.651187407186,0.0
7.6522712799,0.0
7.65327666915,0.0
7.654316130121,0.0
7.655369946848,0.0
7.656370590183,0.0
7.657429588042,0.0
7.658485710634,0.0
7.65950666004,0.0
7.660534557272,0.0
7.661577306219,0.0
7.662633171375,0.0
7.663681599804,0.0
7.664683631587,0.0
7.665748068154,0.0
7.666836824359,0.0
7.667877298845,0.0
7.668884807551,0.0
7.669911371312,0.0
7.670927623779,0.0
7.671942019271,0.0
7.672995387067,0.0
7.673999326902,0.0
7.675060787942,0.0
7.676087179736,0.0
7.677095851115,0.0
7.678110647601,0.0
7.679144017139,0.0
7.680188539643,0.0
7.681236518297,0.0
7.68226147605,0.0
7.683269771039,0.0
7.684270037155,0.0
7.685274780662,0.0
7.686293309842,0.0
7.687294301909,0.0
7.688314383239,0.0
7.689317898838,0.0
7.690353087119,0.0
7.691375709972,0.0
7.692381912151,0.0
7.69338635112,0.0
7.694387270188,0.0
7.69541234745,0.0
7.696444458603,0.0
7.696704045418,0.0
7.697732349772,0.0
7.698736089814,0.0
7.699766943687,0.0
7.700781629854,0.0
7.701788473104,0.0
7.702790924592,0.0
7.703791550473,0.0
7.704814048087,0.0
7.70582414867,0.0
7.706847134406,0.0
7.707859312867,0.0
7.708862380825,0.0
7.709884392801,0.0
7.710886877622,0.0
7.71191056012,0.0
7.712935844019,0.0
7.714012577942,0.0
7.715043171141,0.0
7.716067563057,0.0
7.717090569274,0.0
7.718096857316,0.0
7.719114590271,0.0
7.72011875402,0.0
7.721147417595,0.0
7.722169382042,0.0
7.723178956544,0.0
7.724181852604,0.0
7.725242864856,0.0
7.726246468541,0.0
7.727248987434,0.0
7.728255794292,0.0
7.729257007876,0.0
7.730257819995,0.0
7.731272247669,0.0
7.732302628069,0.0
7.733318201027,0.0
7.734340197876,0.0
7.735343761142,0.0
7.736361112012,0.0
7.737421261709,0.0
7.738440108759,0.0
7.73907375481,0.0
7.740086407667,0.0
7.741087375789,0.0
7.742110306167,0.0
7.743146413941,0.0
7.744174919839,0.0
7.745239283221,0.0
7.746255803267,0.0
7.747277669389,0.0
7.748288051473,0.0
7.749290137378,0.0
7.750311308283,0.0
7.751319170832,0.0
7.752324109505,0.0
7.753330311982,0.0
7.754340848481,0.0
7.75535365836,0.0
7.756362872404,0.0
7.757366769249,0.0
7.758402039681,0.0
7.759454123836,0.0
7.760484959422,0.0
7.761498404487,0.0
7.762515232352,0.0
7.763525523984,0.0
7.764591763722,0.0
7.76567929212,0.0
7.766729815206,0.0
7.767760259408,0.0
7.768820838107,0.0
7.769869142054,0.0
7.770915848582,0.0
7.771917975816,0.0
7.772922654515,0.0
7.773957514414,0.0
7.775024225075,0.0
7.776054944864,0.0
7.777105693301,0.0
7.778196778491,0.0
7.779247593593,0.0
7.780268723571,0.0
7.781299603726,0.0
7.782350511543,0.0
7.783371765716,0.0
7.784412830445,0.0
7.785463830871,0.0
7.786474859982,0.0
7.787484899,0.0
7.788505391905,0.0
7.78951576539,0.0
7.79061575789,0.0
7.791632747249,0.0
7.792643324866,0.0
7.793653921334,0.0
7.794660745692,0.0
7.795662132493,0.0
7.795907739495,0.0
7.796925733059,0.0
7.79794199483,0.0
7.798945642522,0.0
7.799950538255,0.0
7.800959410915,0.0
7.801964416366,0.0
7.802973016561,0.0
7.803979083665,0.0
7.805009540107,0.0
7.806036116731,0.0
7.807055405399,0.0
7.808083654805,0.0
7.809088106227,0.0
7.810095658127,0.0
7.811103860169,0.0
7.812111664391,0.0
7.813120092678,0.0
7.814126553089,0.0
7.815145907927,0.0
7.816157745739,0.0
7.8171602214,0.0
7.818194358197,0.0
7.819209808456,0.0
7.820212625414,0.0
7.82124711547,0.0
7.82226291178,0.0
7.823266071483,0.0
7.824300914234,0.0
7.825317058789,0.0
7.826320561558,0.0
7.827355758324,0.0
7.828372918249,0.0
7.829396911213,0.0
7.830407845527,0.0
7.831427655574,0.0
7.83244041006,0.0
7.833449440787,0.0
7.834456338188,0.0
7.835458497643,0.0
7.836460768548,0.0
7.83746669804,0.0
7.838470791681,0.0
7.839471685551,0.0
7.840498183436,0.0
7.841110563805,0.0
7.842127225882,0.0
7.843135682856,0.0
7.84417561476,0.0
7.845209862899,0.0
7.846244230143,0.0
7.847245921567,0.0
7.848249608702,0.0
7.849272564469,0.0
7.850280042037,0.0
7.851284198817,0.0
7.85228846552,0.0
7.853291049827,0.0
7.854322395786,0.0
7.855348104125,0.0
7.856368085672,0.0
7.857389195502,0.0
7.858413520505,0.0
7.859437192949,0.0
7.860443836723,0.0
7.861482517308,0.0
7.862507112701,0.0
7.863512076834,0.0
7.86453876411,0.0
7.865552444283,0.0
7.86656267488,0.0
7.867580104543,0.0
7.868584462227,0.0
7.869585842632,0.0
7.870587329888,0.0
7.871612073216,0.0
7.872631941199,0.0
7.873647408773,0.0
7.874652536506,0.0
7.875673804249,0.0
7.876709615787,0.0
7.877716591688,0.0
7.878735677126,0.0
7.879744774972,0.0
7.880795090796,0.0
7.881815552563,0.0
7.88284593142,0.0
7.883846743458,0.0
7.884927324127,0.0
7.885957791552,0.0
7.886967953453,0.0
7.887967953453,0.0
7.888967953453,0.0
7.889967953453,0.0
7.890967953453,0.0
7.891967953453,0.0
7.892967953453,0.0
7.893986880816,0.0
7.894986880816,0.0
7.895997131275,0.0
7.897038176037,0.0
7.898068980846,0.0
7.899059821715,0.0
7.900108823284,0.0
7.901139723239,0.0
7.902190649942,0.0
7.90321192621,0.0
7.904242915775,0.0
7.905293933157,0.0
7.906315328759,0.0
7.90736283421,0.0
7.908444312457,0.0
7.909475452574,0.0
7.910526217282,0.0
7.91155820317,0.0
7.912575520498,0.0
7.913584958505,0.0
7.914596057187,0.0
7.915612155436,0.0
7.916614171284,0.0
7.917636455738,0.0
7.918672097402,0.0
7.91969019485,0.0
7.920700406984,0.0
7.921712279617,0.0
7.922729156075,0.0
7.923731937648,0.0
7.924748318518,0.0
7.925762064825,0.0
7.926815725444,0.0
7.927843477787,0.0
7.928851152964,0.0
7.929877641856,0.0
7.930892541234,0.0
7.931913209366,0.0
7.93294748258,0.0
7.933972874991,0.0
7.934990729174,0.0
7.936001999665,0.0
7.937007162689,0.0
7.938037297622,0.0
7.939052958676,0.0
7.94007136101,0.0
7.941081053491,0.0
7.942118179554,0.0
7.943144564179,0.0
7.944163402666,0.0
7.945166353806,0.0
7.946186326337,0.0
7.947217458623,0.0
7.948225485388,0.0
7.949235174961,0.0
7.950241230902,0.0
7.950467002073,0.0
7.951495640749,0.0
7.952518247151,0.0
7.953540959775,0.0
7.954560191543,0.0
7.955560447803,0.0
7.956562995755,0.0
7.957593075244,0.0
7.95859876576,0.0
7.959606467441,0.0
7.960610084262,0.0
7.961617583252,0.0
7.96263264112,0.0
7.963632982661,0.0
7.964657710496,0.0
7.965685477481,0.0
7.966692252933,0.0
7.967721338256,0.0
7.968765022548,0.0
7.96980882528,0.0
7.970837948371,0.0
7.971867504828,0.0
7.972892695689,0.0
7.97391799793,0.0
7.974939450257,0.0
7.975961012894,0.0
7.976979082373,0.0
7.977997260216,0.0
7.97901230281,0.0
7.9800274512,0.0
7.98105800136,0.0
7.982084178991,0.0
7.98311046847,0.0
7.984132904438,0.0
7.985155451197,0.0
7.986174504632,0.0
7.987175086237,0.0
7.988196955648,0.0
7.989222967693,0.0
7.990226080829,0.0
7.991255236901,0.0
7.992263854245,0.0
7.993276325922,0.0
7.99430707695,0.0
7.995366382737,0.0
7.996377287753,0.0
7.997402879964,0.0
7.998424253329,0.0
7.999432469546,0.0
8.000193436333,0.0
8.001217987013,0.0
8.002231329237,0.0
8.00325472583,0.0
8.00426065055,0.0
8.005279827727,0.0
8.006314715319,0.0
8.007343048489,0.0
8.008372233482,0.0
8.009402581963,0.0
8.01040333371,0.0
8.011408145134,0.0
8.012417803136,0.0
8.013457957472,0.0
8.014483185772,0.0
8.015506534579,0.0
8.01655325932,0.0
8.017606480436,0.0
8.018612128384,0.0
8.019642078886,0.0
8.020645063048,0.0
8.021670775742,0.0
8.022769931953,0.0
8.023814742374,0.0
8.024835055126,0.0
8.025840929253,0.0
8.026864044579,0.0
8.02788864116,0.0
8.028942654231,0.0
8.029946141955,0.0
8.030966940479,0.0
8.031969301987,0.0
8.032978129236,0.0
8.03398351817,0.0
8.035001124344,0.0
8.03601883448,0.0
8.037034111873,0.0
8.038049493113,0.0
8.039062077547,0.0
8.040074764916,0.0
8.041091980176,0.0
8.04210348039,0.0
8.043116238195,0.0
8.044126803064,0.0
8.045137470972,0.0
8.046159766963,0.0
8.047171703166,0.0
8.048181313762,0.0
8.049188729374,0.0
8.049430834209,0.0
8.050449156412,0.0
8.051475433869,0.0
8.052499034483,0.0
8.053522740768,0.0
8.054544011679,0.0
8.055557763367,0.0
8.056567746472,0.0
8.057589331191,0.0
8.058614894719,0.0
8.059636203975,0.0
8.060652424662,0.0
8.061662823311,0.0
8.062667501401,0.0
8.063702317242,0.0
8.064709020535,0.0
8.065725637653,0.0
8.066736908969,0.0
8.067742106697,0.0
8.068777453631,0.0
8.069784675097,0.0
8.070800899256,0.0
8.07180651349,0.0
8.072813641279,0.0
8.073831992309,0.0
8.074842648012,0.0
8.07585468516,0.0
8.076857649975,0.0
8.077900762465,0.0
8.0789245385,0.0
8.079931301487,0.0
8.080967932139,0.0
8.081976416677,0.0
8.082994869407,0.0
8.084012131927,0.0
8.085033178472,0.0
8.086049265455,0.0
8.087060631724,0.0
8.088085724801,0.0
8.089090795605,0.0
8.090094853127,0.0
8.091102505981,0.0
8.092110641893,0.0
8.09271902073,0.0
8.093731321189,0.0
8.094748371078,0.0
8.095752263016,0.0
8.09676499745,0.0
8.097771169456,0.0
8.098773118099,0.0
8.099787537879,0.0
8.100808247937,0.0
8.101808632377,0.0
8.102814139515,0.0
8.103830143281,0.0
8.104833055891,0.0
8.105835795405,0.0
8.106846890948,0.0
8.107865741933,0.0
8.108871635254,0.0
8.109875476971,0.0
8.110881080386,0.0
8.111896205277,0.0
8.112941668137,0.0
8.113959407207,0.0
8.114962308352,0.0
8.115970764296,0.0
8.117004151561,0.0
8.118038612595,0.0
8.119070332204,0.0
8.120094144276,0.0
8.121097933215,0.0
8.122166183661,0.0
8.123206759787,0.0
8.124222181441,0.0
8.125249655373,0.0
8.126275157505,0.0
8.127287146529,0.0
8.128328232909,0.0
8.129329706141,0.0
8.130401876218,0.0
8.131440423941,0.0
8.132448311881,0.0
8.13301762595,0.0
8.134054284957,0.0
8.135101166831,0.0
8.136161122392,0.0
8.137229336074,0.0
8.138268190482,0.0
8.139276541069,0.0
8.140296727211,0.0
8.141305214376,0.0
8.142344255449,0.0
8.14334430066,0.0
8.144394932191,0.0
8.14546370353,0.0
8.1465029302,0.0
8.147506721186,0.0
8.148576918262,0.0
8.149624654504,0.0
8.150625416135,0.0
8.151629923172,0.0
8.15268419393,0.0
8.153693541029,0.0
8.154733153186,0.0
8.155742645682,0.0
8.156747333763,0.0
8.157793892756,0.0
8.158815770778,0.0
8.159835594414,0.0
8.160853094512,0.0
8.161866841033,0.0
8.162882989689,0.0
8.163904180818,0.0
8.164917851925,0.0
8.165924732464,0.0
8.16694295803,0.0
8.167952374878,0.0
8.168998015082,0.0
8.170066561287,0.0
8.171086511424,0.0
8.172091128382,0.0
8.173113658009,0.0
8.174151529775,0.0
8.175168551146,0.0
8.176191302225,0.0
8.177191546625,0.0
8.178204278756,0.0
8.179212571323,0.0
8.180216914893,0.0
8.181220753933,0.0
8.182234776739,0.0
8.183259442645,0.0
8.184268698795,0.0
8.185278827471,0.0
8.186290719934,0.0
8.186732849372,0.0
8.187740471711,0.0
8.188767872027,0.0
8.189779849963,0.0
8.190794213031,0.0
8.191795044883,0.0
8.192830773281,0.0
8.193842931787,0.0
8.194847383595,0.0
8.195855908015,0.0
8.19686343804,0.0
8.197867579423,0.0
8.19887901139,0.0
8.199899421546,0.0
8.200919831702,0.0
8.201924529914,0.0
8.202930821079,0.0
8.20301835627,0.0
8.20309287505,0.0
8.203143199147,0.0
8.203261832297,0.0
8.203465397437,0.0
8.203829122782,0.0
8.204413271113,0.0
8.205167717171,0.0
8.205987791076,0.0
8.206744908358,0.0
8.207435116871,0.0
8.208148441,0.0
8.20888917983,0.0
8.209768341901,0.0
8.210612447917,0.0
8.21156630176,0.0
8.212572386784,0.0
8.213580694322,0.0
8.214599564766,0.0
8.215267906552,0.0
8.215880043259,0.0
8.216645975058,0.0
8.217472321673,0.0
8.218135592563,0.0
8.219137893741,0.0
8.219812053043,0.0
8.220026120935,0.0
8.220859473371,0.0
8.221256476879,0.0
8.222231039492,0.0
8.223234976914,0.0
8.223593478879,0.0
8.224130311927,0.0
8.224240395923,0.0
8.224548926081,0.0
8.22499751138,0.0
8.225358893461,0.0
8.225704570575,0.0
8.226030605868,0.0
8.226135836819,0.0
8.226762413967,0.0
8.227060310039,0.0
8.227936494208,0.0
8.228247258741,0.0
8.228487944799,0.0
8.22949461118,0.0
8.230158124138,0.0
8.231165846695,0.0
8.231605918252,0.0
8.23260967874,0.0
8.23289270589,0.0
8.233559745466,0.0
8.234411989054,0.0
8.234852724956,0.0
8.235356658944,0.0
8.235999621778,0.0
8.236781009386,0.0
8.237639243948,0.0
8.238282033474,0.0
8.238617742283,0.0
8.239346065694,0.0
8.23983373562,0.0
8.240540757902,0.0
8.241390574053,0.0
8.241541594867,0.0
8.241831186701,0.0
8.241910789588,0.0
8.242483604581,0.0
8.243292286786,0.0
8.243716188221,0.0
8.244723326894,0.0
8.245330531447,0.0
8.245928263568,0.0
8.246934704691,0.0
8.247400837664,0.0
8.248405358089,0.0
8.249029997022,0.0
8.249898036804,0.0
8.250653517749,0.0
8.251608913314,0.0
8.252157619068,0.0
8.25262773071,0.0
8.253539128489,0.0
8.254319911296,0.0
8.255320588243,0.0
8.25600658741,0.0
8.256614017344,0.0
8.257156261754,0.0
8.257585685604,0.0
8.25859349669,0.0
8.259377453466,0.0
8.25975593879,0.0
8.260262928473,0.0
8.261009852594,0.0
8.262060873593,0.0
8.263071207855,0.0
8.264008845939,0.0
8.264921218057,0.0
8.265566266894,0.0
8.266091451667,0.0
8.266767463349,0.0
8.267442607605,0.0
8.26821810028,0.0
8.268436196691,0.0
8.268884448959,0.0
8.269749881885,0.0
8.270455782303,0.0
8.271466366144,0.0
8.271806059511,0.0
8.272575521501,0.0
8.272968805463,0.0
8.273973724329,0.0
8.274980492026,0.0
8.275258220357,0.0
8.276182061449,0.0
8.277187461296,0.0
8.278193370503,0.0
8.278707372766,0.0
8.279163346108,0.0
8.279849408347,0.0
8.280554708866,0.0
8.281448856923,0.0
8.281968256458,0.0
8.282425432381,0.0
8.282936605019,0.0
8.283187626794,0.0
8.28358509214,0.0
8.283884791832,0.0
8.284254971218,0.0
8.284693611766,0.0
8.285665304401,0.0
8.28620637392,0.0
8.286436113034,0.0
8.287436959348,0.0
8.288477194945,0.0
8.289482101449,0.0
8.290485139626,0.0
8.291131560829,0.0
8.292146230294,0.0
8.293042155394,0.0
8.293921530765,0.0
8.294329394713,0.0
8.295331546258,0.0
8.296335996848,0.0
8.297241044484,0.0
8.298179195901,0.0
8.298870960339,0.0
8.29946104988,0.0
8.300086663128,0.0
8.300247621129,0.0
8.300780078868,0.0
8.300849384094,0.0
8.301867541711,0.0
8.302262340372,0.0
8.302543440085,0.0
8.302928177473,0.0
8.303693451062,0.0
8.304611364856,0.0
8.30504793289,0.0
8.305614526674,0.0
8.306207373854,0.0
8.306881225302,0.0
8.307569217912,0.0
8.308220888801,0.0
8.308654301999,0.0
8.309593587419,0.0
8.310268533635,0.0
8.310839077992,0.0
8.31130364106,0.0
8.31161607958,0.0
8.312400705131,0.0
8.312631855821,0.0
8.312826851421,0.0
8.313413758056,0.0
8.313933149991,0.0
8.314696867831,0.0
8.315386917108,0.0
8.315655141644,0.0
8.315922458829,0.0
8.316705494503,0.0
8.31709210111,0.0
8.317937171544,0.0
8.318747552801,0.0
8.319254814705,0.0
8.319906078279,0.0
8.320539894496,0.0
8.321009672256,0.0
8.32165944564,0.0
8.321876217763,0.0
8.322684863836,0.0
8.323685866462,0.0
8.324690184026,0.0
8.325170558209,0.0
8.325321016065,0.0
8.325756048411,0.0
8.326421395629,0.0
8.32683718247,0.0
8.327494788782,0.0
8.328501141593,0.0
8.329509374024,0.0
8.330516551408,0.0
8.331515444991,0.0
8.332520381767,0.0
8.333370480053,0.0
8.334026439176,0.0
8.334750877204,0.0
8.335020209113,0.0
8.335412929673,0.0
8.335705612468,0.0
8.3357069416,0.0
8.335708270732,0.0
8.335709865691,0.0
8.335711779642,0.0
8.335713693592,0.0
8.335715607543,0.0
8.335717521493,0.0
8.335719435444,0.0
8.335721349394,0.0
8.335723646135,0.0
8.335725942875,0.0
8.335728239616,0.0
8.335730991507,0.0
8.335734298814,0.0
8.33573760612,0.0
8.335740913427,0.0
8.335744882194,0.0
8.335748850962,0.0
8.335753608989,0.0
8.33575837151,0.0
8.335764086536,0.0
8.335769801561,0.0
8.335775516587,0.0
8.335782374618,0.0
8.335790604254,0.0
8.335800479819,0.0
8.335810355383,0.0
8.335820230947,0.0
8.335830106511,0.0
8.335845031317,0.0
8.335858497724,0.0
8.33587194536,0.0
8.335892134176,0.0
8.335900090415,0.0
8.335903769432,0.0
8.335907448449,0.0
8.335913061263,0.0
8.33592151337,0.0
8.335928031838,0.0
8.335933512414,0.0
8.335941755735,0.0
8.335954124949,0.0
8.33597273692,0.0
8.335983890196,0.0
8.33599128482,0.0
8.336002380912,0.0
8.336013476273,0.0
8.336024554711,0.0
8.336033599939,0.0
8.336042645166,0.0
8.336051522753,0.0
8.33606040034,0.0
8.336073730232,0.0
8.336093730615,0.0
8.336105283775,0.0
8.336115547806,0.0
8.336125811837,0.0
8.33614126853,0.0
8.336155188804,0.0
8.336169109077,0.0
8.336190053484,0.0
8.33621099789,0.0
8.336239410518,0.0
8.33625954529,0.0
8.336273481774,0.0
8.336287418259,0.0
8.336300004264,0.0
8.336307555867,0.0
8.336315107471,0.0
8.336326553989,0.0
8.336335613554,0.0
8.336341049294,0.0
8.336346485033,0.0
8.33635475765,0.0
8.336367165578,0.0
8.33637275203,0.0
8.336376216065,0.0
8.336379385532,0.0
8.336382554345,0.0
8.336387314375,0.0
8.336392074405,0.0
8.336395859169,0.0
8.336399284061,0.0
8.336402708954,0.0
8.336407993702,0.0
8.336415920425,0.0
8.336427875578,0.0
8.336445843449,0.0
8.336453018533,0.0
8.336456079206,0.0
8.336460734139,0.0
8.336467715098,0.0
8.336478190737,0.0
8.336493959861,0.0
8.336509708576,0.0
8.336514354241,0.0
8.336518198816,0.0
8.33652412568,0.0
8.336533019066,0.0
8.336546367164,0.0
8.336563666676,0.0
8.33657664131,0.0
8.33658442609,0.0
8.33659221087,0.0
8.33659950675,0.0
8.336604980424,0.0
8.336610454098,0.0
8.336615927771,0.0
8.336621401445,0.0
8.336627969853,0.0
8.336635851943,0.0
8.336645310451,0.0
8.336656648615,0.0
8.336670268866,0.0
8.336673537727,0.0
8.336676806587,0.0
8.336681788182,0.0
8.336689312813,0.0
8.336700622322,0.0
8.336709210389,0.0
8.336714802718,0.0
8.336718158115,0.0
8.336721513512,0.0
8.336726602278,0.0
8.336734235266,0.0
8.336745684604,0.0
8.336755990008,0.0
8.336766295411,0.0
8.336781879924,0.0
8.336791012301,0.0
8.336798024404,0.0
8.336805841833,0.0
8.336811704905,0.0
8.336816102209,0.0
8.336819400187,0.0
8.33682187367,0.0
8.336823728783,0.0
8.336825583895,0.0
8.336827439008,0.0
8.33682929412,0.0
8.336831149233,0.0
8.336833004345,0.0
8.336834859458,0.0
8.336837085591,0.0
8.336839311726,0.0
8.336841537861,0.0
8.336843763874,0.0
8.336845990009,0.0
8.336848661371,0.0
8.336851332733,0.0
8.336854004095,0.0
8.336857209729,0.0
8.336861056491,0.0
8.336864903252,0.0
8.336868750013,0.0
8.336873366127,0.0
8.336877982241,0.0
8.336882598354,0.0
8.33688813769,0.0
8.336893677027,0.0
8.33690032423,0.0
8.336908300875,0.0
8.336917872848,0.0
8.336929359216,0.0
8.336943129576,0.0
8.336959669945,0.0
8.336976210315,0.0
8.336981926667,0.0
8.336987643018,0.0
8.336992790719,0.0
8.336997938419,0.0
8.33700577638,0.0
8.337017534138,0.0
8.337035222136,0.0
8.337061770287,0.0
8.33707793677,0.0
8.337089626569,0.0
8.337101316367,0.0
8.337119004098,0.0
8.337136691829,0.0
8.337163281546,0.0
8.337185950834,0.0
8.337205604948,0.0
8.337234891676,0.0
8.337245239535,0.0
8.337254306277,0.0
8.337267962582,0.0
8.337280290972,0.0
8.337292619362,0.0
8.337303796013,0.0
8.337314972663,0.0
8.337331819782,0.0
8.337345155559,0.0
8.337358491337,0.0
8.337378536617,0.0
8.337408615943,0.0
8.337430770336,0.0
8.337442638561,0.0
8.337453327107,0.0
8.337464015652,0.0
8.337474704198,0.0
8.337485392743,0.0
8.337496081289,0.0
8.337511908572,0.0
8.337524370732,0.0
8.337535611461,0.0
8.33754685219,0.0
8.337557078476,0.0
8.337567304762,0.0
8.337576242635,0.0
8.337585180509,0.0
8.337594118382,0.0
8.337607669488,0.0
8.337619877782,0.0
8.337632086075,0.0
8.337643149019,0.0
8.337654211963,0.0
8.337664261308,0.0
8.337674310652,0.0
8.33768947908,0.0
8.337704647508,0.0
8.337710144808,0.0
8.337715642108,0.0
8.337723912822,0.0
8.337736308813,0.0
8.3377455902,0.0
8.337754871587,0.0
8.337763270316,0.0
8.337771669045,0.0
8.337779304186,0.0
8.337786936872,0.0
8.337798179626,0.0
8.337805769524,0.0
8.337817213014,0.0
8.337834351459,0.0
8.337851489904,0.0
8.337859665091,0.0
8.337866216106,0.0
8.337876058769,0.0
8.33788495256,0.0
8.337893844629,0.0
8.337904647935,0.0
8.337912757081,0.0
8.337918838941,0.0
8.337923395884,0.0
8.337925448512,0.0
8.33792750114,0.0
8.337930678907,0.0
8.337933244692,0.0
8.337935810477,0.0
8.337938376261,0.0
8.337940942046,0.0
8.33794350783,0.0
8.337946586771,0.0
8.337949665713,0.0
8.337952744654,0.0
8.337955823596,0.0
8.337958902537,0.0
8.337962597267,0.0
8.337966291997,0.0
8.337970725672,0.0
8.337975159348,0.0
8.337979593023,0.0
8.337984913434,0.0
8.337990233845,0.0
8.337995554256,0.0
8.338001938749,0.0
8.33800960014,0.0
8.33801879381,0.0
8.33802981857,0.0
8.338040835136,0.0
8.338051856047,0.0
8.338060118908,0.0
8.33806507544,0.0
8.338070031973,0.0
8.338074988505,0.0
8.338082479744,0.0
8.338089970982,0.0
8.338099622129,0.0
8.338111203505,0.0
8.338122669631,0.0
8.338131355663,0.0
8.338140041696,0.0
8.338152537494,0.0
8.33816504538,0.0
8.338172550112,0.0
8.338180054844,0.0
8.338189435758,0.0
8.338196471445,0.0
8.338201748209,0.0
8.338205705782,0.0
8.338208673962,0.0
8.338210898175,0.0
8.338212567777,0.0
8.338213819978,0.0
8.338214759128,0.0
8.338215698279,0.0
8.33821663743,0.0
8.338217576581,0.0
8.338218515731,0.0
8.338219454882,0.0
8.338220394033,0.0
8.338221333183,0.0
8.338222460164,0.0
8.338223587145,0.0
8.338224714126,0.0
8.338225841107,0.0
8.338226968088,0.0
8.338228320465,0.0
8.338229672842,0.0
8.338231025219,0.0
8.338232377596,0.0
8.338233729973,0.0
8.33823508235,0.0
8.338236705202,0.0
8.338238328055,0.0
8.338239950907,0.0
8.33824157376,0.0
8.338243196612,0.0
8.338244819465,0.0
8.338246766887,0.0
8.33824871431,0.0
8.338251051218,0.0
8.338253388125,0.0
8.338255725033,0.0
8.33825806194,0.0
8.338260866229,0.0
8.338263670518,0.0
8.338267035665,0.0
8.338271073841,0.0
8.338275112018,0.0
8.338279150194,0.0
8.338282057681,0.0
8.338284965167,0.0
8.338289409838,0.0
8.338296082812,0.0
8.338304446244,0.0
8.338314494518,0.0
8.338326552448,0.0
8.338335234157,0.0
8.338343915866,0.0
8.338352597575,0.0
8.338365636696,0.0
8.338378674392,0.0
8.338390438346,0.0
8.3384022023,0.0
8.33841396594,0.0
8.338431469477,0.0
8.338448973013,0.0
8.33846647655,0.0
8.338483980087,0.0
8.338493291782,0.0
8.338501373077,0.0
8.338513652823,0.0
8.338525956333,0.0
8.338535183965,0.0
8.338542104689,0.0
8.338547294702,0.0
8.338551187609,0.0
8.33855410729,0.0
8.33855702697,0.0
8.338559946651,0.0
8.338563450268,0.0
8.338566953884,0.0
8.338571158224,0.0
8.338575362564,0.0
8.338578389689,0.0
8.338581416814,0.0
8.338586075316,0.0
8.338593061427,0.0
8.33860352317,0.0
8.338616077262,0.0
8.338631142173,0.0
8.338646170909,0.0
8.338659186992,0.0
8.338672203075,0.0
8.338685219157,0.0
8.338704813894,0.0
8.338719651287,0.0
8.338728552813,0.0
8.338733893729,0.0
8.338739234645,0.0
8.338747395912,0.0
8.338755557178,0.0
8.338763718444,0.0
8.338775904435,0.0
8.338788090269,0.0
8.338800275023,0.0
8.338818583915,0.0
8.338833302527,0.0
8.338843059679,0.0
8.33885281683,0.0
8.338867631485,0.0
8.338882446139,0.0
8.338887571921,0.0
8.338892697702,0.0
8.338897399792,0.0
8.338902101881,0.0
8.338908859503,0.0
8.33891392772,0.0
8.338917728882,0.0
8.338920579753,0.0
8.338922717907,0.0
8.338924856061,0.0
8.338926994215,0.0
8.338929132369,0.0
8.338931698153,0.0
8.338934777094,0.0
8.338937856036,0.0
8.338940934977,0.0
8.338944013919,0.0
8.33894709286,0.0
8.338950171802,0.0
8.338953250743,0.0
8.338956945473,0.0
8.338960640202,0.0
8.338964334932,0.0
8.338968029662,0.0
8.338971724391,0.0
8.338976158067,0.0
8.338980591743,0.0
8.338985912154,0.0
8.338991232564,0.0
8.338996552975,0.0
8.339002937468,0.0
8.339009321961,0.0
8.339015706454,0.0
8.339022090947,0.0
8.339029752338,0.0
8.339038946008,0.0
8.339044172213,0.0
8.339046697357,0.0
8.339049222501,0.0
8.339053038446,0.0
8.339058761428,0.0
8.339067326564,0.0
8.339075888618,0.0
8.339088756814,0.0
8.339101619389,0.0
8.339111259646,0.0
8.33911193279,0.0
8.339111995634,0.0
8.339112137103,0.0
8.339112455939,0.0
8.339112986732,0.0
8.33911383556,0.0
8.339115109221,0.0
8.339117019833,0.0
8.339119885453,0.0
8.339124235323,0.0
8.339128583064,0.0
8.34012952908,0.0
8.341134820741,0.0
8.342141565599,0.0
8.343156399619,0.0
8.344157164596,0.0
8.345157410762,0.0
8.346164047482,0.0
8.347171422445,0.0
8.348178181303,0.0
8.349191283867,0.0
