-0.34462761827,1.5285615315598264e-14
-0.343626301376,1.1074516026013169e-13
-0.342619596326,2.5501998990966477e-13
-0.341575222688,3.4017416466973376e-13
-0.340537423828,3.758893687293642e-13
-0.339499624968,3.9130458277031856e-13
-0.338461826107,4.1371912949401156e-13
-0.337424027247,4.4104791412892424e-13
-0.336386228387,4.552721906870058e-13
-0.335367744417,4.822512410051205e-13
-0.334327744417,5.008723015247134e-13
-0.333287744417,5.181478779118816e-13
-0.332247744417,5.339116297766715e-13
-0.331207744417,5.507573940417321e-13
-0.330167744417,5.687662018534395e-13
-0.329127744417,5.873102604712765e-13
-0.328087744417,6.064178901650538e-13
-0.327047744417,6.263213721474516e-13
-0.326007744417,6.467974644803299e-13
-0.324967744417,6.675105003616033e-13
-0.323927744417,6.884745674812044e-13
-0.322887744417,7.103192424389107e-13
-0.321847744417,7.336275875252034e-13
-0.320807744417,7.58045915060476e-13
-0.319767744417,7.834968974754264e-13
-0.318727744417,8.113346221914735e-13
-0.317687744417,8.428481659869998e-13
-0.316647744417,8.777862579178392e-13
-0.315607744417,9.15378521441694e-13
-0.314567744417,9.55064696070945e-13
-0.313527744417,9.959739968536759e-13
-0.312487744417,1.0387418425346347e-12
-0.311447744417,1.0842374250095905e-12
-0.310407744417,1.1316969750523644e-12
-0.309367744417,1.1805948057749169e-12
-0.308327744417,1.2307532834391822e-12
-0.307287744417,1.281670265846753e-12
-0.306247744417,1.3331708822222882e-12
-0.305207744417,1.385854674223811e-12
-0.304167744417,1.440315179058868e-12
-0.303127744417,1.4971549979536828e-12
-0.302087744417,1.5566317462700199e-12
-0.301047744417,1.6181176708226477e-12
-0.300007744417,1.6813045969887297e-12
-0.298967744417,1.7462526189189616e-12
-0.297927744417,1.8127842301644608e-12
-0.296887744417,1.8817967790374735e-12
-0.295847744417,1.954877145956414e-12
-0.294807744417,2.0309250950314808e-12
-0.293767744417,2.1077329476330595e-12
-0.292727744417,2.186406675820695e-12
-0.291687744417,2.269242015955674e-12
-0.290647744417,2.3551835082820627e-12
-0.289607744417,2.4412449663302366e-12
-0.288567744417,2.5283043166555794e-12
-0.287527744417,2.619621305592906e-12
-0.286487744417,2.7152032941226227e-12
-0.285447744417,2.813894617136851e-12
-0.284407744417,1.3327933199491386e-12
-0.283927744417,2.9643810551839814e-12
-0.282887744417,3.0732729484589782e-12
-0.281847744417,3.188383181916382e-12
-0.280807744417,3.3104396330347058e-12
-0.279767744417,3.4373977961786443e-12
-0.278727744417,3.5678042406390905e-12
-0.277687744417,3.70550329587306e-12
-0.276647744417,3.8516459232756525e-12
-0.275607744417,4.0035875788235185e-12
-0.274567744417,4.161793448016737e-12
-0.273527744417,4.3269343931838255e-12
-0.272487744417,4.497794786546875e-12
-0.271447744417,4.67279692374967e-12
-0.270407744417,4.850271209487327e-12
-0.269367744417,5.0300477399990466e-12
-0.268327744417,5.212524675963467e-12
-0.267287744417,5.398213523825311e-12
-0.266247744417,5.588551243659177e-12
-0.265207744417,5.782914889833686e-12
-0.264167744417,5.978849491216828e-12
-0.263127744417,6.178924374097839e-12
-0.262087744417,6.387870736999089e-12
-0.261047744417,6.607646708764236e-12
-0.260007744417,6.840703344191401e-12
-0.258967744417,7.085312785571051e-12
-0.257927744417,7.339032827872712e-12
-0.256887744417,7.605925383155685e-12
-0.255847744417,7.885756036201512e-12
-0.254807744417,8.171204732838185e-12
-0.253767744417,8.458872598292487e-12
-0.252727744417,8.752899152996352e-12
-0.251687744417,9.057093938246374e-12
-0.250647744417,9.367988949370693e-12
-0.249607744417,9.679049462082296e-12
-0.248567744417,9.993568157846943e-12
-0.247527744417,1.0315814913310145e-11
-0.246487744417,1.0642705930562494e-11
-0.245447744417,1.097405613874813e-11
-0.244407744417,1.1313986442034924e-11
-0.243367744417,1.1658946611741983e-11
-0.242327744417,1.200390101864794e-11
-0.241287744417,1.2357728775667139e-11
-0.240247744417,1.2723470696879998e-11
-0.239207744417,1.3092559313714807e-11
-0.238167744417,1.3468000783286726e-11
-0.237127744417,1.3853390230633666e-11
-0.236087744417,1.4237505291244272e-11
-0.235047744417,1.4615083661902894e-11
-0.234007744417,1.4991678176387455e-11
-0.232967744417,1.5365875753072472e-11
-0.231927744417,1.5729501422537166e-11
-0.230887744417,1.6086671383954496e-11
-0.229847744417,1.645217580251434e-11
-0.228807744417,1.6836430861756385e-11
-0.227767744417,1.7237746335899126e-11
-0.226727744417,1.7642319118840594e-11
-0.225687744417,1.8046722246457642e-11
-0.224647744417,1.8458295667381627e-11
-0.223607744417,1.8890159828814983e-11
-0.222567744417,1.4717597157760904e-12
-0.222487744417,1.9415219598770395e-11
-0.221447744417,1.994667506936253e-11
-0.220407744417,2.0463177380842993e-11
-0.219367744417,2.094678079717209e-11
-0.218327744417,2.1399246833249698e-11
-0.217287744417,2.183402567241301e-11
-0.216247744417,2.227903424004502e-11
-0.215207744417,2.274323648359604e-11
-0.214167744417,2.32111507929289e-11
-0.213127744417,2.3669883950139677e-11
-0.212087744417,2.4136148259541336e-11
-0.211047744417,2.462169595091602e-11
-0.210007744417,2.5115013523439158e-11
-0.208967744417,2.560936145873932e-11
-0.207927744417,2.611121891551203e-11
-0.206887744417,2.6622869979092354e-11
-0.205847744417,2.7134167782374464e-11
-0.204807744417,2.763807544295631e-11
-0.203767744417,2.813601479267611e-11
-0.202727744417,2.8633749795980053e-11
-0.201687744417,2.9138438051179376e-11
-0.200647744417,2.965968434449713e-11
-0.199607744417,3.021417504437746e-11
-0.198567744417,3.0823475779970855e-11
-0.197527744417,3.1486969101956726e-11
-0.196487744417,3.218772407345173e-11
-0.195447744417,3.29379123022267e-11
-0.194407744417,3.3752852730491404e-11
-0.193367744417,3.4618015137707126e-11
-0.192327744417,3.55294969220169e-11
-0.191287744417,3.650918376940548e-11
-0.190247744417,3.75606294637518e-11
-0.189207744417,3.866484545824011e-11
-0.188167744417,3.980997201165895e-11
-0.187127744417,4.1002150344689846e-11
-0.186087744417,4.2250020231297944e-11
-0.185047744417,4.355320904134584e-11
-0.184007744417,4.4932046777849867e-11
-0.182967744417,4.640518864705404e-11
-0.181927744417,4.7957505160831475e-11
-0.180887744417,1.8870700327567715e-11
-0.180487744417,5.0218010685489424e-11
-0.179447744417,5.193782206981839e-11
-0.178407744417,5.3729718649828744e-11
-0.177367744417,5.5577363363696465e-11
-0.176327744417,5.753010912301233e-11
-0.175287744417,5.968497927218367e-11
-0.174247744417,6.197455349368461e-11
-0.173207744417,6.429508923165152e-11
-0.172167744417,6.663281977690827e-11
-0.171127744417,6.899076100114022e-11
-0.170087744417,7.139820304379329e-11
-0.169047744417,7.390375316018532e-11
-0.168007744417,7.655720865740508e-11
-0.166967744417,7.936170921834843e-11
-0.165927744417,8.2306017425131e-11
-0.164887744417,8.539219214424686e-11
-0.163847744417,8.858811023904484e-11
-0.162807744417,9.187105662890124e-11
-0.161767744417,9.534360760614105e-11
-0.160727744417,9.902502535418652e-11
-0.159687744417,1.0279590862032701e-10
-0.158647744417,1.0665507160885038e-10
-0.157607744417,1.1067359229386618e-10
-0.156567744417,1.1486251269562223e-10
-0.155527744417,1.192749467999658e-10
-0.154487744417,1.2403777695795826e-10
-0.153447744417,1.2921160832672973e-10
-0.152407744417,1.3482764615748034e-10
-0.151367744417,1.4083552133771085e-10
-0.150327744417,1.4346424349517284e-10
-0.149312832703,1.4227881644981023e-10
-0.148397020284,3.729505019405875e-09
-0.147391750068,1.9671944959271408e-08
-0.146384175906,2.654016071344808e-08
-0.145376230618,2.047491108459797e-08
-0.144369870183,1.503446524316077e-08
-0.14349707319,8.935914979555683e-09
-0.142466849655,2.1905043286380487e-09
-0.14143628893,1.53358999772263e-09
-0.14042165182,2.2947752784877433e-09
-0.13938165182,2.3261170453164423e-09
-0.13836569976,5.294714964240539e-09
-0.137356785223,6.9780976330245815e-09
-0.136336887662,3.516048114333797e-09
-0.135272343952,1.8638065125072063e-09
-0.134231256705,1.4561847901166274e-09
-0.133200531527,8.340559077381618e-10
-0.132180902908,8.356797664704958e-10
-0.131102838698,1.050652770951331e-09
-0.130062838698,1.0617304765587755e-09
-0.129022838698,7.797201070727457e-10
-0.128016824012,5.735805984396855e-10
-0.126981461833,5.559696421168645e-10
-0.125941461833,6.041525895848975e-10
-0.124901461833,6.499274448381403e-10
-0.123861461833,7.424420646294702e-10
-0.122821461833,4.2252360767386623e-10
-0.122261461833,7.420844113194344e-10
-0.121208227259,7.323109837145331e-10
-0.120159698849,8.099419662416223e-10
-0.11910033387,8.346265293959341e-10
-0.118075435973,8.301163273578234e-10
-0.117061893726,8.390750561199847e-10
-0.116021893726,8.491536729692448e-10
-0.114981893726,9.015143755407698e-10
-0.113941893726,9.740532117751852e-10
-0.112901893726,1.0373739142622644e-09
-0.111861893726,1.097359250621889e-09
-0.110821893726,1.1561118705634919e-09
-0.109781893726,1.1873515369661156e-09
-0.108755138178,1.5396945592860982e-09
-0.10773626702,2.574676953240027e-09
-0.106660126661,4.313857358342976e-09
-0.105597598246,4.91483619281398e-09
-0.104588689804,4.079693906386078e-09
-0.103580811055,3.392280263935624e-09
-0.102560004271,3.0996476773134854e-09
-0.101553661627,9.923040564670511e-08
-0.100544826347,1.7459602842204807e-07
-0.099535991067,1.2586411384558604e-07
-0.098596030408,1.1404412057507467e-07
-0.097593724425,7.465130663311318e-08
-0.096542149144,1.879985237266795e-08
-0.095534464014,6.380039563979932e-09
-0.094526778883,5.368183327137412e-09
-0.093519093753,5.954228179579564e-09
-0.092511408622,5.036615531365067e-09
-0.09148694375,3.0861219397792652e-09
-0.090456407448,2.52678715895494e-09
-0.089451326906,2.8700498173485814e-09
-0.088444238874,5.801647425270429e-09
-0.087395240715,8.10153850595864e-09
-0.0863465053,8.759697863740659e-09
-0.085510800206,2.3016305729186025e-07
-0.084494313459,3.6141579160306474e-07
-0.083466029085,2.4383686421584925e-07
-0.08244919217,2.1678490829340308e-07
-0.081434360151,1.2979770156608592e-07
-0.080411369787,3.0761237579155204e-08
-0.079391494755,1.6495086634937397e-08
-0.078371619723,1.5540057274212885e-08
-0.077351744691,7.2544636582984146e-09
-0.076898466899,1.4264038681699544e-08
-0.075871828003,1.0194206776543411e-08
-0.074831828003,8.43750576103997e-09
-0.073791828003,9.094666988077958e-09
-0.072751828003,1.0113609675655266e-08
-0.071711828003,1.1301826216765494e-08
-0.070671828003,1.2509832192659398e-08
-0.069631828003,1.3446124825543385e-08
-0.068591828003,1.4166065055236557e-08
-0.067551828003,1.4982211687306263e-08
-0.066511828003,1.6031027093922363e-08
-0.065471828003,1.0460310604128176e-08
-0.064831828003,1.803442350794852e-08
-0.063791828003,1.932061735806938e-08
-0.062751828003,2.063733022192756e-08
-0.061711828003,2.2053743772647196e-08
-0.060671828003,2.3574346465423986e-08
-0.059631828003,2.520079600176203e-08
-0.058591828003,2.698919008983841e-08
-0.057551828003,2.8984375661314476e-08
-0.056511828003,3.121522748826359e-08
-0.055471828003,3.373543063240687e-08
-0.054431828003,3.658603416357331e-08
-0.053391828003,3.9798336304661285e-08
-0.052351828003,4.3457443005477506e-08
-0.051311828003,4.708360409619213e-08
-0.050279600875,8.054105930554597e-08
-0.049245031222,1.5644529089745016e-07
-0.048169752591,1.77878618059871e-07
-0.047123773567,1.7319302428584272e-07
-0.046083773567,1.5703665162194242e-07
-0.045080973341,1.978985452599705e-07
-0.044011299186,2.5242274303051725e-07
-0.042971299186,7.784001464750418e-08
-0.042651299186,2.407563898574802e-07
-0.041611299186,2.262375548490055e-07
-0.040571299186,1.7356446010919986e-07
-0.039531299186,1.3690098737376297e-07
-0.038491299186,1.5003006448782355e-07
-0.037451299186,6.284711439572099e-08
-0.037051299186,1.7599082519463685e-07
-0.036011299186,1.9027812694267632e-07
-0.034971299186,2.061355070753511e-07
-0.033931299186,2.2943685446630285e-07
-0.032891299186,2.5680060860831403e-07
-0.031851299186,2.8712995458415934e-07
-0.030811299186,1.681245731558679e-07
-0.030251299186,3.4002348882721703e-07
-0.029211299186,3.801196265547556e-07
-0.028171299186,4.258142302820486e-07
-0.027131299186,3.629390399210505e-07
-0.026331299186,5.26769608560381e-07
-0.025291299186,5.800817280300095e-07
-0.024281835358,7.157272968986198e-07
-0.023257591096,1.7469627269454788e-06
-0.022200769851,1.5398310165951121e-06
-0.021560769851,2.3983142679257525e-06
-0.020520769851,2.5670043243354117e-06
-0.019480769851,2.0611224651090975e-06
-0.018600769851,1.9814152907427107e-06
-0.017560769851,1.916829112200239e-06
-0.016520769851,7.990860139055137e-07
-0.016120769851,2.29024450972073e-06
-0.015080769851,2.577652266487175e-06
-0.014040769851,1.2865005258992879e-06
-0.013560769851,3.109237280092531e-06
-0.012520769851,3.2436512916804766e-06
-0.011594743593,4.231469903436273e-06
-0.010574743593,2.192819807544358e-06
-0.010109743593,5.643736029364011e-06
-0.0090747624174,1.097099819106416e-06
-0.0088947624174,6.375227407232627e-06
-0.0079610124174,8.116792334269233e-06
-0.0069822624174,8.220693212108043e-06
-0.0061638288994,8.48017319686114e-06
-0.0054550788994,8.70713001569517e-06
-0.0048349226494,8.613263667990392e-06
-0.0043033601494,9.125529837099853e-06
-0.0038097663994,8.70598367874103e-06
-0.0033921101494,8.936657741729335e-06
-0.0030076765556,8.403591573097124e-06
-0.0026801960869,8.384800942000868e-06
-0.0023811921806,8.121719074472044e-06
-0.0021142244072,7.509288782545678e-06
-0.001884632122,7.192485255935126e-06
-0.001678399517,6.881849085081326e-06
-0.0014921894951,6.310593569003382e-06
-0.0013300065727,5.932244610210648e-06
-0.0011843422813,5.54336759082272e-06
-0.0010536949272,5.155561051069451e-06
-0.0009365628166,4.5028509048447725e-06
-0.00083745103071,4.2603903474834e-06
-0.00074622313688,3.7994976190809325e-06
-0.00066682108114,3.4679765615567307e-06
-0.0005958660526,3.0912132713709938e-06
-0.00053378040264,2.7889071653044907e-06
-0.00047866355012,1.3614780549341958e-06
-0.00045205541442,4.4542910406421936e-07
-0.00044339169287,5.516799596938484e-07
-0.00043268951893,8.182502852116268e-07
-0.00041687278128,1.130153642811082e-06
-0.00039513696253,1.9514840837536063e-06
-0.00035789984158,1.0797844097394889e-06
-0.00033745336778,8.034670858864134e-07
-0.00032231074644,6.94145032094e-08
-0.00032100527965,7.192770725063555e-07
-0.00030750496993,7.563114568137868e-07
-0.00029336102178,6.90768593294919e-07
-0.00028048828696,7.517175312979253e-07
-0.00026652867838,5.521381614580452e-07
-0.00025630746686,5.027640632067227e-07
-0.0002470238337,1.8000824863292536e-07
-0.00024370531546,4.4025161182071474e-07
-0.00023560108269,5.046234539039165e-07
-0.00022633271685,4.443545052630886e-07
-0.00021818948968,5.099998750380779e-07
-0.00020886421939,4.380128153547212e-07
-0.00020087292399,4.334095825593804e-07
-0.00019298163461,4.684338994060716e-07
-0.00018447043752,3.8591167551779297e-07
-0.00017747236214,4.766059473904583e-07
-0.00016884692562,5.814288157985254e-07
-0.00015834977216,4.346333634242019e-07
-0.0001505210835,4.660150225729887e-07
-0.00014214426323,4.988577119770322e-07
-0.00013319671912,5.930336934038505e-07
-0.00012258607676,6.140348358870733e-07
-0.00011162949809,6.131617363310139e-07
-0.00010071846713,5.661130632761151e-07
-9.0671209344e-05,3.502008931580809e-08
-9.0050543349e-05,4.81169049472714e-07
-8.1532037134e-05,4.6869187319512464e-07
-7.3251881046e-05,4.4604406540344345e-07
-6.5387890732e-05,4.087087854654872e-07
-5.8195828375e-05,3.8920082027734826e-07
-5.1359094769e-05,3.5961456041917606e-07
-4.5052624198e-05,3.5082128979454166e-07
-3.8910038881e-05,3.470466837575105e-07
-3.2842882269e-05,3.2755688592692915e-07
-2.712514728e-05,2.9795256330063044e-07
-2.1931275862e-05,2.9820463887957304e-07
-1.673995238e-05,2.9772663704050097e-07
-1.1563869484e-05,2.884288322461386e-07
-6.5559664162e-06,2.8948199287940045e-07
-1.5362945708e-06,2.6272493822287256e-07
3.0138079706e-06,2.3790919429333188e-07
7.1294729131e-06,2.467383560643182e-07
1.1393319291e-05,2.4579505469353744e-07
1.563606687e-05,2.4497642157252413e-07
1.9860108949e-05,9.592289169247132e-09
2.0025397552e-05,5.500191631158203e-07
2.94788932e-05,8.874166695575175e-07
4.4661540198e-05,9.903185415809592e-07
6.1532177082e-05,1.0124955766269048e-06
7.8700945818e-05,1.0469750638483814e-06
9.6368642236e-05,1.0442259182677809e-06
0.00011390254192,1.0377388378480951e-06
0.00013124048485,1.0262275394772345e-06
0.00014830056393,1.0277755601883882e-06
0.00016530103551,1.018070271984742e-06
0.0001820565819,1.0508078759628008e-06
0.00019926323608,1.0786476773897772e-06
0.00021683331327,1.0769788453436623e-06
0.00023428346721,1.1567601486347758e-06
0.00025292414567,1.137187577068985e-06
0.00027114724358,1.2087280924433428e-06
0.00029040732096,1.290375435913165e-06
0.00031084611508,1.2020471927679715e-06
0.00032977450312,1.3722316218711107e-06
0.00035125459379,1.4730427615542292e-06
0.00037416485736,1.352640060498191e-06
0.00039507196208,1.5499534403035593e-06
0.00041888079012,1.6851571195929584e-06
0.0004445943244,1.8271721804276504e-06
0.00047228176029,1.7189114763898163e-06
0.00049815495614,1.9673715093396186e-06
0.00052757355787,2.10840144933256e-06
0.00055888534537,2.2813452809930585e-06
0.00059253232535,2.4540655444361613e-06
0.0006284782125,2.474997797524594e-06
0.00066449245576,2.4965402301708315e-06
0.00070060032333,2.7577811953288425e-06
0.0007402550099,2.9719373833730147e-06
0.00078274535546,3.215224540432029e-06
0.00082846176046,3.494745363677265e-06
0.00087789158436,3.688219523843042e-06
0.00092980131543,3.940178234710285e-06
0.0009850065406,4.158699439059842e-06
0.0010430338564,5.2883344301784245e-06
0.0011165306549,5.8322399736003624e-06
0.0011972848439,6.140390192524865e-06
0.0012820575473,6.2374336737552386e-06
0.0013680112932,7.336587893722365e-06
0.0014690547594,7.893374766378777e-06
0.0015778859391,8.304204227786582e-06
0.0016927547392,9.334686418859756e-06
0.0018226931882,9.722110952878137e-06
0.0019594122304,1.037296613310519e-05
0.0021073702384,1.0111264744649533e-05
0.0022539410504,9.960683523197738e-06
0.0024005118623,9.838575155208568e-06
0.0025470826743,9.760028379735707e-06
0.0026936534862,1.1404302949880918e-05
0.0028642987729,1.238460577616718e-05
0.0030426222225,1.3811452600861575e-05
0.0032209456721,1.69848573599183e-05
0.0033992691217,2.3072777245599945e-05
0.0035775925713,3.3726296139165445e-05
0.0037559160209,5.1303799394506075e-05
0.0039342394705,8.17560660989344e-05
0.0041179569751,0.0001454871283879003
0.0043247501145,0.00023438161876765238
0.0045372414715,0.0003513945552164838
0.0047497328284,0.0004993524293875807
0.0049622241853,0.0006168651536783529
0.0051589855616,0.0010236698117684563
0.005409559138,0.0011633479000305621
0.0056362740374,0.0013079881129368
0.0058514044296,0.0017181984388924918
0.0060970012865,0.001977642938848714
0.0063485210426,0.002162911641684549
0.006600586146,0.002299703615955865
0.0068526512494,0.0023806827087698014
0.0071034139329,0.0024363192044732336
0.0073542865901,0.002473946052509389
0.0076065861543,0.0024780671582623343
0.0078590571677,0.0024538418428413982
0.0081102441952,0.0024206212049812043
0.0083604390036,0.0024173616501796807
0.0086134997751,0.0023925154811757967
0.0088673887231,0.0023636483660569862
0.0091220009678,0.0023102612543635295
0.0093750334404,0.0022620542661632905
0.0096271752907,0.002239477849022597
0.0098814194779,0.002161040376330755
0.010131553377,0.0021383785688559812
0.010383960319,0.0021048506825542806
0.010636367261,0.0020767196978833686
0.010888774204,0.0020512675275023966
0.011141181146,0.0020425295053685677
0.011393588088,0.002045534868705045
0.01164599503,0.002032287379464314
0.011896411254,0.002067270529392945
0.012149601588,0.002092097805229388
0.012402791922,0.0021152008065962622
0.012655982256,0.002135254552310991
0.01290917259,0.0021632062439009055
0.013162362924,0.0022005981015600874
0.013415553259,0.002240484877961085
0.013668743593,0.0022789291758239273
0.013921933927,0.002318659664380396
0.014175124261,0.0023599500704714685
0.014428314595,0.002394509400042287
0.014681504929,0.0024199179161517063
0.014934695263,0.0024458252867785536
0.015187885597,0.002478171927046671
0.015441075931,0.0025085334298819003
0.015694266265,0.0025299096640784688
0.015947456599,0.0026241033646942427
0.01620812944,0.0026156518584287344
0.01646524862,0.0026485037054042536
0.0167223678,0.002674100380880969
0.01697948698,0.0026906370564468976
0.017236606159,0.0027052326566991973
0.017493725339,0.0027283624347605893
0.017750844519,0.002764592373484922
0.018007963699,0.0028008906596601467
0.018265082879,0.002825526530164452
0.018522202059,0.0028416485631290664
0.018779321239,0.0028563669123013195
0.019036440419,0.002880679802637365
0.019293559599,0.002920078767533675
0.019550678778,0.0029641560487639286
0.019807797958,0.003002520408713669
0.020064917138,0.003033846895882611
0.020322036318,0.0030578328231844936
0.020579155498,0.0030755945019252553
0.020836274678,0.0030990033222991
0.021093393858,0.0031446190650514447
0.021350513038,0.0032117286732588754
0.021607632218,0.0032820744416621893
0.021864751397,0.0033425754235056494
0.022121870577,0.003390300435422597
0.022378989757,0.0034244967479344565
0.022636108937,0.003448664959594146
0.022893228117,0.0034705930570216766
0.023150347297,0.003501710446406745
0.023407466477,0.003555289156399393
0.023664585657,0.0036270197830859914
0.023921704837,0.0036935514224401213
0.024178824016,0.0037391678990216894
0.024435943196,0.0037061023635699443
0.024688929563,0.003699738301120503
0.024940279976,0.0011742892359977919
0.025019857108,0.015126173354803265
0.026020887515,0.015889590607970773
0.02703460622,0.01644820105052086
0.02805123552,0.016868637045713456
0.029062655133,0.017459711287825544
0.030074074745,0.018260160843786767
0.031075852417,0.009382606592924177
0.03156881645,0.01956959047193437
0.032571436558,0.019833028753628704
0.033572867525,0.020458056446158623
0.034584338762,0.021039742444785507
0.035594304504,0.021378112709280896
0.036601171343,0.021633096045524384
0.037607369454,0.022508974551881097
0.038643132641,0.021827498204462788
0.039643192269,0.022476704739160212
0.040665258823,0.022984569281326334
0.041687325378,0.023485473441285282
0.042709391933,0.023909483008723614
0.043734650529,0.02447872230403831
0.044762948833,0.025208292041968644
0.045797340646,0.024791087905340944
0.046808828146,0.025299832222509203
0.047829268898,0.02552738935237503
0.048839696101,0.02587663531171261
0.049864707991,0.02584715253200577
0.050875610663,0.027017967177748473
0.051917846275,0.02633329332525388
0.052933840738,0.026713044894643774
0.053943350728,0.02744416946205753
0.054974777378,0.027228260711636983
0.05600831588,0.027203413250831192
0.057024494254,0.028235787303071025
0.058067610405,0.027235736962204538
0.059082548973,0.027362587941365
0.060093040933,0.02862559355587864
0.061130150828,0.02901521353273266
0.06218506191,0.028124480093146595
0.063203864441,0.028347139554705254
0.064206215077,0.029677834090919092
0.065244140974,0.028554063726903244
0.066245802477,0.02923231710042132
0.067264149841,0.02917858926174815
0.068270770805,0.030023152119210948
0.069310506667,0.02917956017467882
0.070319205732,0.030616937192128733
0.071356681217,0.03247333755520076
0.072429118084,0.0312673656589117
0.073443615324,0.031158453665395734
0.07444646983,0.03192604464095069
0.075466705589,0.031994692756205284
0.076478568887,0.033075934888368755
0.077508327487,0.03275133822945636
0.078509778137,0.03300438039349808
0.079517944334,0.03469284000149616
0.080573161195,0.03417374020235972
0.081581241195,0.037357550370198986
0.082644429675,0.035910033125539996
0.083644677609,0.03638263803962574
0.084651890069,0.037509110925823284
0.08567808928,0.03696769214187067
0.086678409632,0.03823653694666192
0.08770705651,0.03942080302676573
0.088758119386,0.037765558068317454
0.089758221572,0.0086829163993166
0.089986544372,0.0391819657580898
0.091009302035,0.04118886288332957
0.092071307199,0.04116899104542779
0.09311699354,0.03988180596631362
0.094122290037,0.04073601473071658
0.095148553763,0.04002763533792064
0.096153208303,0.042199845438417365
0.097190654935,0.041660035013656435
0.09819259035,0.04252368240519061
0.099208557469,0.043309492296934184
0.100237047469,0.043870209816283076
0.101269208356,0.0432930464951395
0.102281987675,0.042962324101378145
0.103282904611,0.04383611287624872
0.104289072803,0.04513256286795832
0.10530763961,0.0447659571048938
0.106316879962,0.04477793145433591
0.107325041148,0.046113235177024786
0.108341838279,0.04738723708845474
0.109368164722,0.04745859242608261
0.110396876102,0.04805058582735341
0.111424468043,0.0491729446203306
0.112444327699,0.04871598031598927
0.113445184803,0.04838162810728279
0.114446126374,0.04886352971603769
0.115458698015,0.05039379242708394
0.11648911819,0.05101070868370822
0.117506251567,0.05101311774924209
0.118521227834,0.05028540159679354
0.11952859016,0.052562386655072305
0.120554829677,0.053358875496689405
0.121575251487,0.05211504031515103
0.122579847927,0.05425067161419156
0.123613000864,0.05414756240491146
0.124619147801,0.054665239502810964
0.125629349683,0.05436632260511923
0.126636396383,0.056010878914170975
0.127658107807,0.056142794303619466
0.128661262772,0.056039781072051764
0.129663556825,0.057174742516196
0.130681136666,0.05807655577445081
0.131696404822,0.058525441908756956
0.132707827687,0.05795867777070032
0.133715931934,0.057732869083984506
0.134736938065,0.0566042896490592
0.135739930299,0.057956037497698204
0.136754487357,0.05780935713718732
0.137758399957,0.05956808773917538
0.138788138572,0.0588231133224324
0.139788711061,0.059280469941163635
0.14078888625,0.05978925859758108
0.141807757009,0.05980033705586198
0.142818176551,0.06009898689632312
0.143820549058,0.05947614517331877
0.144824376585,0.060215288640970435
0.145830826163,0.061370297929780576
0.146841518554,0.06148960034431851
0.147846724329,0.062432109138440765
0.14885278243,0.06198252330148158
0.149861088286,0.0618091548108244
0.150862801778,0.06291370659718756
0.151869189551,0.06280075263278728
0.152884674229,0.06344218782394288
0.153902578594,0.063713796306769
0.154914454424,0.06325469028822084
0.155920437559,0.06368592968906303
0.156928618328,0.03167471309132774
0.15742868591,0.06487300558255657
0.158440359056,0.06452358914752694
0.159440366456,0.06399031092014244
0.160444403459,0.06483937934980988
0.161448648454,0.06604404555634118
0.16245739234,0.050484623480142266
0.163237975997,0.062166486260869784
0.164217431367,0.0645642289581293
0.165224274466,0.05991319146417592
0.166144396107,0.06472818666919888
0.167152801511,0.055500856945229014
0.168002069492,0.06634451390082188
0.16901810443,0.06316045546070512
0.169982770634,0.06664933980136478
0.170988925858,0.06793689661019736
0.171995081081,0.0699350242424604
0.173001236305,0.06923997101072721
0.174007618108,0.06736453187465942
0.175008081571,0.06741134493397652
0.176008457527,0.06868604675066303
0.17702162447,0.05836870559821026
0.177873286881,0.061818424364481074
0.178769259449,0.07007402267207997
0.17977072118,0.059416010892271075
0.180611526767,0.061593534465318914
0.181494119068,0.06258661901731635
0.18237671137,0.06441384155953661
0.183259303671,0.064827909198183
0.184141895973,0.07325649418600176
0.185145966505,0.07235808221201834
0.186154874029,0.07047560807682912
0.187163781552,0.04980158729551977
0.187880398975,0.0601889934302831
0.188731241035,0.06115930995200592
0.189584679647,0.07127711633278443
0.190584720327,0.05344965267012899
0.191345246923,0.04316575214411354
0.191976609559,0.054910590129177136
0.192798009489,0.028448511086694696
0.193226417363,0.062282558257176976
0.194180975621,0.042217463695893895
0.194851712101,0.030350944276750252
0.195345492484,0.06108342301716583
0.196346179946,0.04897992754446096
0.19716434592,0.0588297529936285
0.198165192543,0.050652200320162835
0.199030523436,0.04005266502988884
0.199730086185,0.031185315073839016
0.200278405124,0.039573455165528106
0.200985058615,0.052179817623882
0.201938022751,0.03242899008242195
0.20253915972,0.05247406236643155
0.2035458648,0.04075315002956793
0.204349980969,0.04961614101777137
0.205363111339,0.04707992033736397
0.2063654704,0.04640971358010526
0.20737281956,0.04584405860369072
0.208379013003,0.04570432500353245
0.209388399007,0.04636474601713906
0.210395480765,0.04388683230909843
0.211332793878,0.032350404587049915
0.212018727196,0.046016893444245754
0.213021496525,0.03322076930105861
0.213796071139,0.03960442739293293
0.214756461343,0.04315133160739135
0.215757696262,0.04519910876058956
0.216759670953,0.042352027837878524
0.217698028767,0.03666209060793761
0.218511502122,0.04393935943273841
0.219502212384,0.018406038147847404
0.219923176955,0.04289495293374512
0.220905572528,0.03979730434138165
0.221826392235,0.02055909398159106
0.222312016494,0.02172901729950919
0.222836415957,0.03684742827623731
0.223741793654,0.04142035997433044
0.224742810765,0.04018980907979598
0.225669265226,0.017798817757895685
0.226069936436,0.04439451883146278
0.227072738629,0.015821609290025237
0.22743399929,0.04394130129535659
0.228439419549,0.014122253112071579
0.228764577607,0.030675053080540814
0.229477744947,0.03239536467701821
0.2302452764,0.019453867289227048
0.230713050747,0.02937709856330618
0.231423519753,0.03148380628048394
0.232191911787,0.020000323816851844
0.232664001006,0.035116708544939326
0.233463601957,0.033799463683097636
0.234225026286,0.044235912634237484
0.235229851518,0.030990709820197145
0.235946352975,0.030951937516940427
0.236668300432,0.0427797423929622
0.23767827655,0.020015488900894766
0.238155523329,0.022951659169501586
0.238695017775,0.021668045368448113
0.239181940116,0.043327286859465054
0.240129910452,0.0171801078980681
0.240503690007,0.026501113621036913
0.241080146111,0.024131538723192514
0.241609073747,0.03067005221118233
0.242277060552,0.03894633556740494
0.243119012709,0.0034178301782365975
0.243193064969,0.02439125762675954
0.243719592533,0.02125560388664699
0.244178702329,0.03553739904283544
0.244957082969,0.016082963796716657
0.245313331339,0.028801860799197367
0.245964370426,0.04422374703297849
0.24696978516,0.02081067679497328
0.24743304196,0.02604926036411711
0.247993278384,0.006002287187997844
0.248118469063,0.040366951900177174
0.248965256261,0.01808732128848204
0.249346590586,0.027567519415300567
0.249922504164,0.024066224118043517
0.250426166156,0.018261027423184334
0.250812553058,0.03670128687369209
0.251595773489,0.015441789009573874
0.251927398961,0.033715103531363276
0.25266105149,0.0129947930289844
0.252947132218,0.0440239099778484
0.253924246424,0.027842717216522005
0.254546555524,0.02776686854163917
0.255169654645,0.04446308420146636
0.256175129286,0.03652884288175724
0.256987756592,0.01975088158218448
0.257407346789,0.030956718709698794
0.258041138164,0.026465987760946753
0.258577598141,0.037679857357721655
0.259337041089,0.030046985455732193
0.259940081152,0.01707772894455289
0.260282293913,0.03190660428576363
0.26092305103,0.015055138443337524
0.261228739872,0.03808491600237532
0.26200889281,0.04827188429187907
0.263018993995,0.049395705121272115
0.264022365675,0.013676501375310955
0.264287691271,0.045962038782329774
0.265175079818,0.035251241756170636
0.265855960918,0.032145029207504186
0.266474793024,0.045777439775838646
0.267356791281,0.03648936973616684
0.26806339312,0.031336497487063686
0.268672454815,0.010419299717143705
0.268876739409,0.038328000969325524
0.26963642284,0.02199409073040175
0.270082248138,0.04831747576596293
0.271084417379,0.045314222654413705
0.272000147905,0.033693007174272656
0.272673829682,0.01802122836041187
0.273041293079,0.04166231883635599
0.27388628241,0.0408351609864247
0.274712128184,0.016094129388877915
0.275034900894,0.03285698202675964
0.275698576756,0.024630620124929756
0.276203581266,0.04835223830508125
0.277205165967,0.02822344118602979
0.277777799336,0.04137204378230384
0.278586862533,0.05119708699984464
0.279590748847,0.0524707319199616
0.280596694,0.05467230369526544
0.281603525582,0.05576456631365709
0.282610357164,0.05672339996406972
0.283617188746,0.05711720744976273
0.284624020328,0.057102624616753014
0.28563085191,0.05703890131254692
0.286637683492,0.05730411527615598
0.287644515074,0.05747111419743134
0.288651346656,0.057021496388727846
0.289658178238,0.049706118374605576
0.290557549466,0.05480638162821512
0.29156645699,0.05660385578149571
0.292575364513,0.058128172978463954
0.293584272037,0.057552022350360735
0.29459317956,0.05653607028151916
0.295602087083,0.04715732252851569
0.296466370017,0.028066782078989733
0.296989713364,0.0525838399299149
0.297929138747,0.055446045502698986
0.298868483645,0.05612830255879664
0.299807828543,0.056396203443849706
0.300747173441,0.05640027459571435
0.301686518338,0.05626799379875413
0.302625863236,0.05601527829786007
0.303565208134,0.05473966735899498
0.304504553032,0.042025036312548614
0.305248433094,0.05137195176525025
0.306177098816,0.05384946464551932
0.307122478882,0.057049564603894556
0.308067858948,0.05828108885149643
0.309013239015,0.05836721761054725
0.309958619081,0.05797984156349655
0.310903999147,0.05686505132896444
0.311849379213,0.056386390694100286
0.312794759279,0.05675319264268659
0.313740139345,0.05248671501180673
0.314619569234,0.04612727217237565
0.315411366242,0.04696972604114347
0.316228581336,0.049021546755173014
0.31704579643,0.05129436057571528
0.317863011524,0.051695189542544796
0.318680226618,0.05169646799249712
0.319497441712,0.051632278322421066
0.320314656806,0.05167420997099137
0.3211318719,0.05170285702535805
0.321949086994,0.05163872315957849
0.322766302088,0.051466694148573675
0.323583517182,0.05094210157478449
0.324400732276,0.0420915520783656
0.325090264606,0.04843335693803176
0.3259074797,0.049073564911472425
0.326724690746,0.05163699670627997
0.327541673605,0.052469647503181394
0.328358166927,0.052166854550917144
0.329174188944,0.05142060342278246
0.32998379256,0.0445426378075305
0.330702452072,0.049304868128662485
0.331519667166,0.051085421714419044
0.33233688226,0.053737337985997724
0.333154097354,0.05434378596387598
0.333971312448,0.053820154487817205
0.334788527542,0.05318429514830809
0.335605742636,0.05334190678682696
0.33642295773,0.05360107702329952
0.337240172824,0.05399415769823959
0.338057387918,0.0540655992975635
0.338874603012,0.05378989481815072
0.339691818106,0.05394461126415702
0.3405090332,0.05404147197266735
0.341326248294,0.05311972486338076
0.342143463388,0.04065321011834089
0.342787242493,0.043124674134939575
0.343487872717,0.044025964143993235
0.344188502942,0.046521096503414856
0.344889133167,0.04774590178432854
0.345589763391,0.04800412524631646
0.346290393616,0.0342537630604917
0.346787841075,0.048367964234527834
0.3474884713,0.04842173957693232
0.348189101525,0.04838040560773534
0.348889731749,0.04838871985221576
0.349590361974,0.048391595800974144
0.350290992199,0.04841055435288088
0.350991622423,0.0484841428941212
0.351692252648,0.048449945275527366
0.352392882872,0.048449749933675026
0.353093513097,0.04836361037866055
0.353794143322,0.048256618150100045
0.354494773546,0.048260105646285106
0.355195403771,0.04814889387294173
0.355896033995,0.047873007507083704
0.35659666422,0.04719694449323264
0.357297162577,0.04624989223394423
0.357997600117,0.04510390536598638
0.358698037658,0.04440347629796651
0.359398475198,0.042547067660996876
0.360070202905,0.044112687087192085
0.36077083313,0.045293221193042396
0.361471463354,0.04772009309132348
0.362172093579,0.048245397694396244
0.362872723804,0.04798763259370038
0.363573354028,0.048613589179342116
0.364273984253,0.04614998378851849
0.364937541864,0.042832606603296255
0.365564022057,0.04667030063895005
0.366264652281,0.04795267938844118
0.366965282506,0.05095398698414125
0.36766591273,0.049507798670505226
0.368330449446,0.048482577102439584
0.368979181135,0.045932002462643506
0.369616124529,0.05086822291682937
0.370364792189,0.06330696380807378
0.371310723384,0.059934160601224584
0.372158035624,0.05969235657324713
0.372958938944,0.06007801915822866
0.373759842265,0.06011221384768482
0.374560745585,0.060256695161871765
0.375361648905,0.06025835494814258
0.376162552225,0.06020924926098875
0.376963455546,0.05996250101857121
0.377764358866,0.05203461313584832
0.378463241275,0.041831506320408385
0.379030046087,0.042852633807551985
0.379622416508,0.04417891406556297
0.38025298371,0.04393194790168991
0.380883550913,0.046122964075351554
0.381514118115,0.047971685746263856
0.382144685317,0.04824898868135957
0.382775252519,0.0483960584869782
0.383405819721,0.04841188142635108
0.384036386923,0.04837387887780482
0.384666954126,0.04836426242549646
0.385297521328,0.048314806765114265
0.38592808853,0.048367531518255735
0.386558655732,0.04827387679222691
0.387189222934,0.04818942703708238
0.387819790136,0.00964252619118831
0.387945903577,0.04800507465556454
0.388576470779,0.047603415420770526
0.389207037981,0.046845412581347584
0.389837605183,0.04587812808806098
0.390468172385,0.04642098914106116
0.391117062173,0.049424707554964135
0.391817692398,0.05041862014103604
0.392518322622,0.053420952729074905
0.393218952847,0.05527378688217255
0.393919583072,0.055562208196864984
0.394620213296,0.04884867954463661
0.395234878995,0.048660525684758635
0.395847790315,0.048281665602722644
0.396460701636,0.04803145971831308
0.397073612956,0.047705262210297084
0.397686524277,0.04734085732319966
0.398299435597,0.0476137351212682
0.398912346918,0.04800330236187741
0.399525258238,0.048108716214211734
0.400138169559,0.04793988711399971
0.400751080879,0.04780613703047734
0.4013639922,0.04758844428917851
0.40197690352,0.04425714166732718
0.402553990416,0.04374898504464022
0.403137848936,0.04271133420534961
0.403721707457,0.04385567207138117
0.404305565977,0.04632985964245711
0.404889424498,0.04752261554554213
0.405473283018,0.0478634490156532
0.406057141539,0.04782433694649532
0.406641000059,0.010474842287686085
0.406769448934,0.03738418157638401
0.407230389677,0.06443613287665277
0.408034942136,0.06262256909016545
0.408839494595,0.06050939759669659
0.409644047055,0.0588191451424003
0.410448599514,0.057581300738967285
0.411253151974,0.057135747205620306
0.412057704433,0.05857477220584198
0.412862256893,0.060434672337187044
0.413660693103,0.044800407083609245
0.414241794514,0.044905348099174944
0.414825653034,0.043800012616424105
0.415409511555,0.04214013002689059
0.415993370075,0.04108258381510506
0.416577228596,0.040888383196513264
0.417161087116,0.04145963440885542
0.417744945637,0.043329192349334356
0.418328804157,0.0453478440924745
0.418912662678,0.046007168306332086
0.419496521198,0.04559926846331089
0.420080379719,0.04451068066623407
0.420664238239,0.044082368677494765
0.42124809676,0.04466733515099815
0.42183195528,0.045076788343416344
0.422415813801,0.04543010298144267
0.422999672322,0.04554584312917596
0.423583530842,0.045549767788804624
0.424167389363,0.045550668408994605
0.424751247883,0.045442596000247804
0.425335106404,0.04565850133205267
0.425918964924,0.045862426421033456
0.426502823445,0.04606964295866012
0.427086681965,0.046273482712355735
0.427670540486,0.04625890509539058
0.428254399006,0.04603106504545523
0.428838257527,0.04558521654864711
0.429422116047,0.04547921643893066
0.430005974568,0.04555709649482728
0.430589833088,0.045998369627848035
0.431173691609,0.04642239441857763
0.431757550129,0.046324888377262535
0.43234140865,0.04630790262228037
0.43292526717,0.04611203194308999
0.433509125691,0.04588269883731658
0.434092984211,0.045740660700927215
0.434676842732,0.04533572423144279
0.435260701252,0.04500730657811118
0.435844559773,0.04461367525549871
0.436428418293,0.0441248359098041
0.437012276814,0.04385288066263522
0.437596135334,0.043546589818922544
0.438179993855,0.043322222366345385
0.438763852375,0.04402192835089762
0.439347710896,0.04570464182715049
0.439931569416,0.04697793039756175
0.440515427937,0.04738183392056136
0.441099286457,0.047514147138019366
0.441683144978,0.04750842703448281
0.442267003498,0.04736876893030281
0.442850862019,0.047184183233101
0.443434720539,0.039018053623105536
0.443919323111,0.04685515206125638
0.444503181632,0.04684797540001341
0.445087040152,0.046940454101582325
0.445670898673,0.04708273020586398
0.446254757193,0.047267748569587154
0.446838615714,0.047433103104353724
0.447422474234,0.04772620628353087
0.448006332755,0.0479103746164106
0.448590191275,0.047852248132734185
0.449174049796,0.04775561310429387
0.449757908316,0.047593147791798955
0.450341766837,0.04752762556155648
0.450925625357,0.047592464454641256
0.451509483878,0.047603172123056176
0.452093342398,0.048049388162973286
0.452677200919,0.048651864082463275
0.453261059439,0.048912503942814795
0.45384491796,0.049139343251557464
0.45442877648,0.04922384208847638
0.455012635001,0.049178650382272746
0.455596493522,0.04807684343313047
0.456168145294,0.04557196874556422
0.456711269989,0.04473735026221645
0.457245209896,0.045480266094385824
0.457788022349,0.04579049372003219
0.458335193134,0.04718469603100717
0.458900294473,0.04706672103328366
0.45946519661,0.04683665771488952
0.460029936505,0.046489718092620425
0.460594498867,0.04614350741679184
0.461158892343,0.04576588112930428
0.461723119278,0.04491491138964347
0.462282652464,0.0443286945437686
0.462842033247,0.044228211294946806
0.463405743769,0.04497620239568749
0.463969275797,0.04599367663413418
0.464523629496,0.046446372834408466
0.465068790688,0.04685102924621139
0.465613869199,0.04604680673398052
0.466149707665,0.04756793629628849
0.466707911581,0.04618793683226373
0.467265947743,0.04488928444556782
0.467828316136,0.04409714971567749
0.468390526601,0.04439271469113588
0.468952556056,0.04609327653298429
0.469514424588,0.0479705284967914
0.470076124363,0.04902383622961543
0.470637641246,0.04943482665686709
0.471199000398,0.04909466121211198
0.471760184261,0.04854879385904472
0.472321198863,0.0482087318409117
0.472882047431,0.048036676153315847
0.47344272178,0.047592595610231075
0.473998744282,0.04529183333093302
0.474527711241,0.04576720231278393
0.475061001761,0.047072486781418475
0.475607581528,0.0472325964925703
0.476153993694,0.04863926940918925
0.476713724634,0.04903002212801508
0.477273287198,0.04923234465419344
0.477832680709,0.04438905545469805
0.478336022058,0.049515812624547906
0.478895098294,0.04931333863571154
0.479454026698,0.04920232344917867
0.480012792199,0.04957464785557739
0.480571394159,0.04981282192727139
0.481129849136,0.049895205701341226
0.481688130274,0.04986960497804836
0.482246241356,0.049755162117979604
0.482804196492,0.04958833978442051
0.48336196857,0.049233893561879946
0.483919593705,0.03877356421030726
0.484362624347,0.03230737657560227
0.484734193932,0.032207986163174586
0.485105691747,0.03232801292794487
0.485477118561,0.03253977237899161
0.485848460278,0.03544085904039605
0.486253158129,0.04840966316763316
0.486809933605,0.04804792383950093
0.487366551697,0.04784763818137886
0.48792302922,0.04752995530236771
0.48847931924,0.04705105149710414
0.489035459267,0.046748021134683806
0.489591467869,0.04670093043637831
0.490147276969,0.04727866568684942
0.49070294699,0.04804604482572838
0.491249016951,0.036330001544256224
0.491649936711,0.03695817340559544
0.492053073347,0.03595565287748162
0.492442778733,0.035485708011255286
0.492829087521,0.034915334965400543
0.49321863866,0.03480730739233071
0.493614758236,0.0358292933466978
0.494024119437,0.034423631545864204
0.494420070694,0.03521698839192344
0.494831982091,0.052147672573521174
0.495454299158,0.049452609402752326
0.496049585488,0.04663608566348191
0.496603610112,0.04862156079147333
0.497157450116,0.050733501593603
0.497711132466,0.051653008633362224
0.498264697559,0.05157895923189071
0.498818099355,0.05101831382573205
0.499371324801,0.05052757523590552
0.499924425252,0.008565646937575376
0.500018426415,0.04527533642712614
0.500517751887,0.04471180667719782
0.501012250095,0.04560599746133272
0.501514732342,0.045445549775112344
0.502013034271,0.04559034525857038
0.502511207417,0.0455813138233872
0.50300926719,0.045711075822791304
0.503507198381,0.04592647250331567
0.504004992614,0.046820597218310236
0.504510772028,0.046678109530643025
0.505012353113,0.04764317001171241
0.505517861461,0.048332644772342906
0.506023239654,0.04842167939996561
0.506528477797,0.04779785258830281
0.507033600384,0.04721544267335175
0.507538605072,0.04703343441767768
0.50804346978,0.04715945427787454
0.508548220567,0.04772047260557327
0.509052824058,0.0457876004484789
0.509532501997,0.03851624565660415
0.509936030565,0.02156179530936598
0.510161557435,0.024628360548707963
0.510417927856,0.020707123315682543
0.510633358893,0.020391899876617606
0.510847355488,0.022123502498063843
0.511083782992,0.02509155440383406
0.511358665774,0.024603406072069352
0.51163327867,0.012205690530753328
0.51176997601,0.0156347852658656
0.511943680075,0.009416688357431872
0.512047083151,0.013406254475763057
0.51219196969,0.007818520067084531
0.512274985113,0.013408962296996483
0.512414298766,0.007006494643190428
0.512485491167,0.01510836488929746
0.512635072472,0.009959710875251208
0.512730844191,0.01639028478233944
0.512883933874,0.017829561251206445
0.513044773552,0.014328377693289509
0.513170261805,0.02660478453217962
0.513396480079,0.02074747261024209
0.513568923901,0.033417422754384724
0.51384693633,0.04023364965264096
0.514193680943,0.031992436482480555
0.51448801548,0.0524338465050125
0.515029903055,0.04016397496015543
0.515509052357,0.033634523923972676
0.515952908999,0.04174050430285875
0.516548658803,0.03562585816194981
0.517090075684,0.03386630918126465
0.517630685425,0.03226219412901724
0.518171295167,0.0288039501721212
0.518677373461,0.028332288100479074
0.519193066499,0.02559832406580809
0.519669426574,0.025907948213435568
0.520155975341,0.026290613919446155
0.520642524108,0.02716623927104295
0.521129072876,0.028407185463949894
0.521615621643,0.029858760606548948
0.52210217041,0.03118245947726382
0.522588719177,0.03200553166429691
0.523075267944,0.03171780853685657
0.523561816711,0.016959226649094737
0.523829418533,0.03022915949743331
0.5243159673,0.02977495876028781
0.524802516067,0.029778746354774902
0.525289064834,0.0304240951348881
0.525775613601,0.031281245350277626
0.526262162368,0.031529451587916785
0.526748711135,0.03083764892291456
0.527235259902,0.03000979968755578
0.52772180867,0.029463006649142656
0.528208357437,0.029286390370676225
0.528694906204,0.029505621002127044
0.529181454971,0.029356592857076952
0.529668003738,0.02886904887133233
0.530154552505,0.02844671947629913
0.530641101272,0.02824788275675518
0.531127650039,0.028866264054435542
0.531614198806,0.029736559654535304
0.532100747573,0.02977830870339084
0.53258729634,0.029380088728975788
0.533073845108,0.029126515707908196
0.533560393875,0.028953308334106514
0.534046942642,0.02901535680045533
0.534533491409,0.029316123327104267
0.535020040176,0.029302836882038025
0.535506588943,0.028891372024550187
0.53599313771,0.028447218094775836
0.536479686477,0.042061258454395484
0.537185413897,0.04566195330803345
0.5379154945,0.0388380728439652
0.538529905201,0.033512659654280394
0.539070514942,0.03307423734371311
0.539611124684,0.0328221034698383
0.540151734425,0.0329221225752295
0.540692344166,0.03327784954555775
0.541232953907,0.03338569594361566
0.541773563648,0.033388664057757075
0.54231417339,0.03304190497104311
0.542854783131,0.03217165599163253
0.543395392872,0.03167852291777801
0.543936002613,0.03153843252346132
0.544476612354,0.031732763800683364
0.545017222096,0.032404967568383604
0.545557831837,0.03266856515774336
0.546098441578,0.0326429634794211
0.546639051319,0.032362683948594484
0.54717966106,0.03179896735376425
0.547720270802,0.031999481177964535
0.548260880543,0.032698301744165326
0.548801490284,0.032857856325303275
0.549342100025,0.032190630473917466
0.549882709766,0.029309437863015913
0.550386005722,0.03203936711644824
0.550940472524,0.03378869545720034
0.551522320412,0.031026857313081913
0.552062755982,0.03033805829900918
0.552603103972,0.03059528571740195
0.553143336601,0.030806164345910325
0.553683436677,0.03045906309409823
0.554223448661,0.030296812329536675
0.55476335931,0.03705670903584099
0.555426962103,0.028307144386543418
0.555935521493,0.0018329014482425146
0.55596834719,0.030644961546438997
0.556515442136,0.030415321299058138
0.557062537081,0.029836342621053495
0.557620625245,0.026002339185853957
0.558124265559,0.02828829281998408
0.55867265201,0.030528984266933228
0.559263244559,0.031351088380445695
0.559868608482,0.027808293709526512
0.56040433214,0.02562831809277956
0.560896354112,0.029339758388848065
0.561452362474,0.02652935929926281
0.56195712848,0.03250495291627079
0.562592363087,0.026954516182166797
0.56313097636,0.029690225424309834
0.563749653476,0.031813335767223304
0.564443999166,0.02918192668108001
0.565102337409,0.028137218653692418
0.565753321639,0.02730784516451036
0.56639158424,0.019086882821153478
0.566842318572,0.025702846705426767
0.567441390975,0.029687371059598334
0.568132338866,0.030547553284329333
0.568853151855,0.01848802427184419
0.569294976756,0.021023394584925352
0.569811900159,0.026776029011475255
0.570495753276,0.024896090208611964
0.571158055941,0.029059536003267966
0.571952389013,0.025109563175610486
0.572648523016,0.027142159086828044
0.573407797101,0.020022513679058468
0.573963381422,0.02604835408604067
0.574680753278,0.018934119184502246
0.575209283266,0.024011246672057528
0.575890800925,0.01535930906286772
0.576334364342,0.026677214417759786
0.577122150413,0.029042167077032617
0.578004742715,0.020946822833148426
0.578662713701,0.013465446199291985
0.579093983217,0.013702037003061086
0.579536028332,0.014621022594248918
0.580011626501,0.01773110425663586
0.580595480492,0.02970159706696469
0.581586136573,0.029814201334823424
0.582592291797,0.02922684643207305
0.58359844702,0.028513170450342254
0.584604606931,0.027817687314803545
0.58560832574,0.02723995248580762
0.586615287791,0.026334970044442605
0.587616796869,0.016654153456074603
0.588263837601,0.0176593095868805
0.588958803343,0.025267976313404737
0.589965635261,0.024896931468816462
0.590969399917,0.024584308488057816
0.5919731991,0.02434124420095277
0.592976998424,0.024457754452217075
0.593993611706,0.024002431288129455
0.595001682018,0.023741908349022952
0.596009752331,0.023716334666609457
0.597026464096,0.005358728251713657
0.597257301522,0.02315006055736795
0.598257597039,0.022981402473319375
0.599257892555,0.02280141553531301
0.600258188072,0.022716464569795855
0.601259669785,0.022865039245768194
0.602270263305,0.023073476483265243
0.603293053396,0.02294389557673697
0.604315843487,0.022795458975765556
0.605338633578,0.022561946608951694
0.606355554431,0.022454090082485806
0.607370367248,0.022360431050978617
0.608382867248,0.02216031604232247
0.609388617248,0.02233295300136902
0.610405487805,0.02197605431282381
0.611409911295,0.0218640465668929
0.612411758499,0.022456574743609077
0.613441414591,0.022426235500300186
0.614468762421,0.02189425381802611
0.615471584374,0.022264683879773248
0.616493854648,0.022151910434559864
0.61751340061,0.02206001816120334
0.618530411866,0.022104765070666364
0.619552285017,0.022014670741281203
0.62057330632,0.02190551665090704
0.621592570005,0.021773827731220975
0.622607741557,0.02161538474535222
0.623616268573,0.021811694879432027
0.624634973426,0.021569322068682194
0.625643634436,0.016130667617623235
0.626398511033,0.021685521918394877
0.627414228318,0.021585705419583937
0.628425236696,0.021409848405268897
0.62942856308,0.02134072456257178
0.630432446365,0.021159038912787
0.631433767728,0.021226811525695118
0.632444461133,0.02156456418319417
0.633474775587,0.021143709645017147
0.634485642853,0.02107649325187888
0.635492710813,0.021323156907681544
0.63650621439,0.021556957266838483
0.63752527976,0.021416699550865004
0.638543295347,0.021894179309541316
0.639561841319,0.02293163701221653
0.640564581069,0.024237634496768835
0.641587670306,0.02396573145473226
0.642612227129,0.023408274728839454
0.643634849537,0.02311476887038906
0.644650754215,0.022977916330603573
0.645661128299,0.023044791433939227
0.646679253163,0.022932008878579484
0.647697288316,0.022650383374924418
0.648705886037,0.02297307981116283
0.649723923594,0.02278862392241978
0.65072633691,0.023100248183392534
0.651745958633,0.023020388648212844
0.652765233249,0.02319747062745556
0.65378794315,0.023267711928889483
0.654813451205,0.02271043311915084
0.65581452375,0.023252715473251293
0.65683301792,0.02312976485199412
0.657842840591,0.02296619651717614
0.658850762451,0.022955412757260305
0.659860207603,0.0239135346071536
0.660904269443,0.0230895474124707
0.661909456818,0.02285834302635987
0.66291132793,0.02312989322614381
0.663930232435,0.02283591646272318
0.664933737183,0.0229972217659819
0.665942421208,0.022872736696479386
0.666949372617,0.02305471922035228
0.667969097682,0.022813657481782774
0.668978426506,0.023588871507371392
0.670018557898,0.023061539890090514
0.671033336235,0.022907592997022944
0.672042719213,0.022662102703945055
0.673044721732,0.02281418023812979
0.674055646012,0.023425699975763135
0.675092124647,0.02359565911249292
0.676132105298,0.02340896656185635
0.677161783648,0.023032796118486406
0.678175369857,0.023046846699460808
0.67919202396,0.02302145882211941
0.680210559634,0.023316194623964386
0.681242587582,0.022955679987222304
0.68225633763,0.02294958716526807
0.683267015988,0.023046407725875736
0.684282100058,0.02367706753531913
0.685328770632,0.023028304177637845
0.686350941699,0.022693741706913836
0.687360317715,0.0225912243939918
0.688365607849,0.022561368133235463
0.689368281221,0.02288084466774238
0.690382852481,0.022567503573399088
0.691383015513,0.02298214054247727
0.692403235406,0.02257945187687738
0.693407186268,0.022542405303169984
0.694410576141,0.022600409209546073
0.695417617143,0.02245142958000443
0.696419962034,0.022752580020077087
0.697437884439,0.022663610425390758
0.698451821875,0.022560147027474026
0.699459948827,0.022419608853220988
0.70046123291,0.023045520676258955
0.701490126507,0.022661216517555288
0.702502147274,0.0228419557186937
0.703523984319,0.022708139967840955
0.704541172646,0.023147305693228495
0.705580785138,0.02234939528152101
0.706588962922,0.022356184092213745
0.707597887342,0.02245439098371886
0.70860767848,0.022497408733341703
0.709616848594,0.022452053392261452
0.710623132918,0.02249964883717258
0.711631661465,0.022576999877987954
0.71264478373,0.023120146056919248
0.713685355893,0.02237720214441608
0.714696882859,0.022519499654036275
0.715717409434,0.0224452005882372
0.716734774787,0.02322811646209468
0.717787637465,0.022317404022295095
0.718798284551,0.02278805739915624
0.71982865625,0.022625203958043242
0.720850660203,0.02233881025692764
0.72185889906,0.022292887843206398
0.72286407998,0.022256230071813946
0.723866995997,0.022368298805557272
0.724875281183,0.022470503135473732
0.725889188399,0.02239079776296459
0.726901649805,0.02301960121539256
0.72794438164,0.022259748367896244
0.728955272163,0.02233186455966093
0.72997266723,0.018480114125310712
0.730815425145,0.022002513435146788
0.731818906092,0.022601469474364273
0.732848601235,0.02228992055233521
0.733861320865,0.022395417298119356
0.734875610322,0.02261254568870337
0.735897872957,0.022123737166700238
0.73689827518,0.022284821175377216
0.73790724544,0.022185181558999657
0.738912948589,0.022432029936109245
0.739931038541,0.022344532223020686
0.740946345384,0.022095777410322235
0.741951008209,0.022106402310623142
0.742957591769,0.023189464780544768
0.74401670171,0.022055190760878578
0.745026788309,0.022136196516134608
0.746040277258,0.02193696767793949
0.747042674375,0.021994720394308935
0.748048071634,0.022249264521329713
0.749067851041,0.02208310545522156
0.75008202561,0.022064061308809682
0.751094590748,0.022148238791868547
0.752108882455,0.022085339895581
0.753119561533,0.02223261181479299
0.754138962492,0.022069139534753257
0.755154082081,0.021947674933619783
0.756164878246,0.02190372252818272
0.757173904016,0.02187791506021224
0.758183112983,0.02198291202638946
0.759198628119,0.02180116934774868
0.760206291008,0.0218845902357813
0.761217793796,0.02184277530310744
0.762227731019,0.021678858838223944
0.763230636827,0.02176290194097178
0.764237319277,0.021902172174001474
0.765249649224,0.022043133209108567
0.766267739038,0.021931852069782883
0.767279784183,0.021753093325611872
0.768282244612,0.02178159039205985
0.769285024304,0.02193612960794923
0.770294675523,0.021965718995057903
0.77130595522,0.021946329550814582
0.772315666069,0.02200474008668839
0.773327818303,0.021829091765275938
0.774333656376,0.02191171968252631
0.775344103327,0.021726299578689677
0.776345998373,0.02168086949746082
0.777346636638,0.021761820679551465
0.778352210035,0.021683876582273554
0.77935581773,0.021818366469600784
0.78036809814,0.021537448195082274
0.781369535349,0.021667559199686465
0.78237795425,0.02200277460726406
0.783402641473,0.021585374247902134
0.78440835808,0.0217330779513753
0.785420234152,0.022090196124605554
0.786447229447,0.021641110975012565
0.787451547282,0.021751186831285484
0.788460008245,0.02184921271876686
0.78947302978,0.02176403283527259
0.790481574022,0.02201727640351246
0.791502553372,0.022106160975301572
0.792529844128,0.0216468308738187
0.793535893192,0.021714732774621742
0.79454367937,0.02172148393940751
0.7955516998,0.02178091431695275
0.796563288344,0.021875255732585412
0.797579613448,0.021951302025311474
0.798599271506,0.02194824182935952
0.799618145856,0.021770877168700447
0.800628898248,0.020837742524958642
0.801596829533,0.019806281036901303
0.802517063432,0.021709688058467565
0.803526208227,0.021701005107027143
0.804535249508,0.0215868771436786
0.805539863895,0.021868734007398853
0.806560503325,0.021391567238085246
0.807563404587,0.02141468995987559
0.808571142811,0.021378937009809383
0.809577855103,0.021304833374051646
0.810579806508,0.021454592576414255
0.81158901439,0.021516279770760007
0.812602635299,0.02143996604478554
0.813613218123,0.021344808974435338
0.814616846521,0.02157448111267509
0.815629843131,0.021386117495166546
0.816634594282,0.02153339810765236
0.817646746866,0.02143592724865248
0.818655870076,0.02146623024990115
0.81966677351,0.021389117559461015
0.820673303291,0.021291978636680135
0.821674319372,0.02136165655478546
0.822677926142,0.02143349025408186
0.823685318777,0.021398246279807596
0.824692166524,0.021434312971151618
0.82569925363,0.021581636504909414
0.826710597311,0.0215089664347058
0.827718149299,0.02150814445779262
0.828726638681,0.02150840748025969
0.829736799111,0.021654235897670442
0.83075417709,0.022018476429231756
0.831788192354,0.021377274315746635
0.832793133706,0.021410149335598157
0.8337997656,0.02145738761226031
0.834807795226,0.021592826516976103
0.835822386653,0.021578213849921944
0.836837011614,0.021340133074233974
0.83784241989,0.02180363353169668
0.838872415345,0.021143965473967002
0.839873851166,0.02129915152789449
0.84088315351,0.021345928621029533
0.841893267757,0.021254651429843695
0.842898989311,0.021409398448907362
0.84391179454,0.021384274809367484
0.844922757397,0.021265401836461226
0.845929124944,0.021216568558630737
0.846935307089,0.02155181492416934
0.847958946752,0.021979998911675146
0.849003520316,0.021241913809260785
0.850013472909,0.021242810520110296
0.851022903401,0.021425582389702644
0.852038880715,0.015255402116754408
0.852761692485,0.0210772996092012
0.85376125389,0.021250946471626998
0.854769676877,0.021088095708213146
0.855770310479,0.02109198525989015
0.856772095453,0.021288495028477086
0.857785209442,0.021183584417850062
0.858794646385,0.021069445110818884
0.859798417052,0.021128811520519777
0.860803540962,0.0212375974744735
0.861813914246,0.02132369881459499
0.862829794912,0.021040163502632023
0.863832365076,0.021159630292382093
0.864839707068,0.021271229652932093
0.865850952698,0.021084726078114548
0.866852685845,0.02121091052510241
0.86786052964,0.021276174282468956
0.868872531328,0.02119504257944825
0.869882561365,0.020992197766117597
0.870884094011,0.02098249774682671
0.871885423468,0.02123713995418338
0.872898939069,0.021041435842787632
0.873903482115,0.02120393056132433
0.874915380148,0.02036784730741837
0.875886232061,0.02117566714271313
0.876895937045,0.021147706520846077
0.877906547226,0.02091294775525302
0.878908377484,0.02102720449565016
0.87991664589,0.02159991605003733
0.880951436667,0.021167078119271276
0.881965029211,0.020910713974854757
0.882966413626,0.021242201277606045
0.883983433908,0.021416844888996988
0.885007940961,0.021243997975129793
0.886023193798,0.020919267749390315
0.887023531217,0.02112620791034516
0.888036949611,0.02083365306029622
0.889040323845,0.02089859557198062
0.890049592345,0.020845988290356898
0.891057799358,0.0209676509169998
0.89207231062,0.020959237170671753
0.893086261554,0.02092163811974617
0.894097308129,0.021642749792015466
0.895141802042,0.020898104061204487
0.896150722279,0.02083404411095391
0.89715598144,0.021065536541129717
0.898169958095,0.020974929218917446
0.899178389912,0.020941638246027572
0.900185196623,0.02077726272345294
0.901186012807,0.02076360253714625
0.902187385232,0.021046737858874745
0.903200177186,0.021144807291524327
0.904215919238,0.020869093827458593
0.905218460155,0.02083781033272232
0.906221051775,0.02101037764324345
0.907233980271,0.02082668439278988
0.908238360455,0.020868925515839076
0.909244642627,0.02102075800668888
0.910259332607,0.02080825623150516
0.911264344453,0.02101294541869414
0.912278771382,0.021002026791517255
0.913291969744,0.020802586850181867
0.914294921263,0.021024072575002807
0.915308863902,0.021297959238485903
0.916336786993,0.02078396078481759
0.917340730978,0.021173135916285304
0.918364652717,0.020707781739917417
0.919367139027,0.020696511025902312
0.920368369268,0.02077783483788448
0.921373060841,0.02070869024364621
0.922376651723,0.020915825539918546
0.923394097632,0.021378882588803577
0.924438596001,0.020743709845015418
0.925454700984,0.020681767015561812
0.926467828598,0.02045012681053856
0.927468529594,0.020642148280562225
0.928477649422,0.02074320302985669
0.929491067277,0.020560564493488948
0.930494488815,0.020945538232963315
0.931516263557,0.02064807037044322
0.932523342434,0.02059893539109618
0.933527780808,0.020678944507980745
0.934536231502,0.020550622825172657
0.935538219604,0.02062426778021735
0.936544273583,0.020929449820680814
0.937567915686,0.020815327872098166
0.938587763671,0.020445189050636973
0.939588024027,0.02049659408143549
0.940588573793,0.02075111598651727
0.941599895106,0.020708675155364474
0.942609605318,0.02053941873532427
0.943613592368,0.02062833035239696
0.944625078578,0.020376746319038144
0.945626941373,0.021016294415746983
0.946660744046,0.020549998352154014
0.947670720527,0.02046951298571689
0.948676257408,0.020501185359967422
0.949682602387,0.020913516857030946
0.950707897704,0.009344734954009162
0.951165728038,0.02068511603059612
0.952179686737,0.020436126082467095
0.953182661713,0.02072334390542501
0.954200307255,0.02055459017134456
0.955210237852,0.020413555144774484
0.956212694458,0.02071634097720851
0.957227206507,0.02099779935886085
0.958253714327,0.020694847523855205
0.959265455027,0.020684964290021278
0.960277713102,0.020624339280655712
0.96128853785,0.020578872830943465
0.962298794572,0.020574551529705755
0.963309391454,0.020492735466249516
0.964315577971,0.020733968573707347
0.965333122186,0.02042327165991257
0.966335666401,0.020664321437314444
0.967350877769,0.021262348354806532
0.968395311855,0.02059502818283298
0.969405729317,0.020434521961938443
0.970408320211,0.021385248905325602
0.971459841057,0.020434611626888123
0.972466231821,0.020600708535783403
0.973480145913,0.02060153661230204
0.974493567636,0.02054870629889103
0.975506322393,0.020846654755005807
0.976535397601,0.020259073301841356
0.977536169649,0.02033691527670807
0.978541812994,0.020398271892695545
0.979551383318,0.020343379093939528
0.980560598311,0.02020744921819568
0.981566098532,0.020156104016707487
0.982570045997,0.02020929289768332
0.98357614337,0.020880916467005194
0.984614546363,0.020378825280929082
0.98562754101,0.020199300799415062
0.986629997975,0.020440568235656938
0.987643155025,0.02031887548738919
0.988652304287,0.020070246846938818
0.989652366868,0.020070038400534042
0.990654727852,0.020371506532256268
0.991672174896,0.020932220334306015
0.992717241646,0.02011766976984533
0.993722695359,0.0200141404078644
0.994723375049,0.020193368970829784
0.995731440615,0.00028551308394415126
0.995745678896,0.01086514392159752
0.996287223586,0.00758644180157543
0.996665424895,0.001643752584345857
0.996747434491,0.013724835022574357
0.997431117794,0.02018360739014773
0.998431206906,0.020385127791369747
0.999439208186,0.02021636954601913
1.000443163499,0.02016701008478712
1.001448528448,0.020304030399496305
1.002460906869,0.020239663962713185
1.003470127026,0.020150295878682258
1.00447607516,0.020539716038121814
1.005501566244,0.020157566255634907
1.00650514349,0.020268978795219328
1.007513409174,0.020180568550563112
1.008518292066,0.02037752140605346
1.00953150316,0.020727240011268508
1.010560888315,0.02037406365573568
1.011571799715,0.020368050536946125
1.012581852836,0.020239008104759558
1.013585046484,0.020189036655045935
1.014585813185,0.02054368489456193
1.015603383866,0.020425402301228815
1.01661427545,0.020503325575450024
1.017629178392,0.02030735066641847
1.018633797548,0.020520959068172518
1.019649048275,0.02040717138663775
1.020659091845,0.02031068867539859
1.021666506292,0.020253133578294523
1.022674284191,0.020094926385765148
1.023676280015,0.020336958151934648
1.024691581877,0.020135003193179703
1.025697071639,0.020211393883091986
1.026705533986,0.020200110772332816
1.027713452348,0.02013023146268774
1.028719542631,0.020317356479718645
1.029734417561,0.020404029147339457
1.030751887075,0.02011231325139154
1.031754162506,0.020348012682733868
1.032766908328,0.020201550957940392
1.03377242403,0.020153005111727604
1.034777415549,0.020306151114124683
1.035791376829,0.020104870911977962
1.036796704445,0.02003294084356262
1.037798941857,0.02029836646731096
1.038813691332,0.020198358149987324
1.039823227863,0.02018809910079214
1.04083308962,0.0202453420985686
1.041845346995,0.020090788840344643
1.042848498537,0.02027772142435528
1.043859374946,0.0201393856996899
1.044861739738,0.020352469534354573
1.045872338794,0.020310528430148238
1.046879077501,0.020264224327306207
1.047884096746,0.02033790319795751
1.048894270364,0.02017759273954288
1.049897224503,0.020187705054550118
1.050899949085,0.020231778809930115
1.051903910066,0.020290426321985827
1.052910280218,0.02028306250536768
1.05391755446,0.020167772463422502
1.05492126224,0.02007434021945271
1.05592275827,0.02022995778274924
1.056930564997,0.020609142023123826
1.057951210386,0.020368461056726093
1.058952812258,0.020787978174153666
1.059968338587,0.020587957164319555
1.060969961147,0.02113107364031538
1.061995296969,0.020715405562438532
1.062999447213,0.0033315004421444654
1.063160991849,0.02078467955929978
1.064176245522,0.020215033850983714
1.065176546821,0.020107221105113808
1.066176921736,0.020325640114996775
1.067186520533,0.020466014576654104
1.068200975072,0.02055542128968072
1.069217597573,0.0207437121302046
1.070238265551,0.020650655754478733
1.071246934485,0.02078805363757348
1.072255699496,0.021229832796915794
1.073280058743,0.02113056871222927
1.074294340587,0.021162981248667917
1.075304155616,0.0219795995360278
1.076344744726,0.021503709289070083
1.077348455863,0.02193609064115047
1.078354658425,0.02241866553648472
1.079370639449,0.023244951201716515
1.080416973589,0.022633401107546275
1.081432864196,0.0226563026589007
1.082450902775,0.02264491727213823
1.083469604371,0.02246161685517179
1.084480750608,0.022911201511798387
1.08551282604,0.022439644806534948
1.086522164757,0.0228613573016203
1.08754937054,0.022465946670523256
1.08855699444,0.02240067539203241
1.089557261273,0.022517349691582117
1.090558132394,0.022955607232875642
1.091574167155,0.02358224562881798
1.092615962822,0.022790406401290285
1.093626417232,0.022492413919892193
1.094629697943,0.022558208400732582
1.095640183163,0.022433710181970067
1.096648459869,0.022437005918004682
1.097661472121,0.022171809862643634
1.098668340228,0.021904132386304016
1.099669401269,0.02178012050886264
1.100670049744,0.02180582454736656
1.101676789993,0.02154361277957615
1.102677049582,0.021600983129373925
1.103687488904,0.021286767528690548
1.104692279568,0.02111458659655801
1.105697068065,0.020867225318682823
1.106697227351,0.021173434159875222
1.107715915208,0.020907054158737847
1.108723631454,0.020911191168956584
1.109735212006,0.020625097117093986
1.11073734172,0.020639068463877704
1.111744187028,0.020618457734046896
1.112754445711,0.02053076225329235
1.113766139283,0.020576095896515437
1.114784683997,0.020422275967313233
1.115799803759,0.020108830217648678
1.116802246716,0.020116605603836893
1.117806689693,0.020205916553626573
1.118818197024,0.020174157246834804
1.119830062505,0.02005697434186251
1.120838406257,0.019943343503529956
1.121843056023,0.01994101598852264
1.122848725807,0.019937935271796367
1.123853996743,0.019850676613836063
1.124854673951,0.01984962778185526
1.125856224178,0.020058950452351815
1.126868712048,0.015830390559916564
1.12766822323,0.019919057800428353
1.128674935055,0.019814647752841537
1.12967768022,0.019735163781297527
1.130678221073,0.020436692727980182
1.131714542023,0.02007716464038943
1.132730485141,0.019882421909744166
1.133734899503,0.02018378469013168
1.134753834828,0.019924925043395665
1.135758773243,0.01988787485611993
1.136761950971,0.02023340218622517
1.137781808439,0.01997394962966785
1.138787102308,0.02005693994666807
1.139796789014,0.019988466074770204
1.140804670713,0.020141289257187993
1.141822142252,0.020291858247347798
1.142847206837,0.019926501415122
1.143853855504,0.019854244503538128
1.144858885653,0.020101844160724473
1.145876969801,0.019800148781600305
1.146879097052,0.010439069383756659
1.147407278769,0.019944367444091032
1.148415671515,0.01991078568113144
1.149421072537,0.019965254263047988
1.150430251751,0.0197741400298214
1.15143316481,0.01981404624440898
1.152440514065,0.019683759521401993
1.153443218733,0.019781450513468926
1.15445283324,0.01968070034544266
1.155457447105,0.01969111752851166
1.156460377633,0.019867016776659755
1.157473626794,0.019768890296437122
1.158485286848,0.019549244777216812
1.159487640326,0.019571071755321818
1.160491351609,0.02000515795830725
1.161516464292,0.019659970372734353
1.162524002759,0.019717676205112018
1.163535154991,0.019530202913632097
1.16453750572,0.019630519319114352
1.16554496287,0.019616530896909318
1.166551748383,0.01967345946979445
1.167560552652,0.01958045272676373
1.168562995254,0.019651524993887705
1.169569010986,0.01993931361606034
1.170590659811,0.019499396626880914
1.171590791274,0.020014619957373143
1.172618226533,0.01977250855335111
1.173634255934,0.01975869750864111
1.174650985617,0.0194188735684738
1.175651125678,0.019470740727239894
1.176653953465,0.019523605498808844
1.17765950853,0.019622658573290583
1.178670262461,0.019564781580724416
1.179678148114,0.019527669249025673
1.180685655735,0.019603830008812162
1.181698423574,0.019436868972733334
1.182703013807,0.019484552703596128
1.183710015426,0.019409220286642548
1.184711444158,0.019437371436508477
1.185713295846,0.01942889943901286
1.186716041,0.019425922848665796
1.187720245481,0.01941923210135872
1.18872553621,0.01930608046907481
1.189727139296,0.019492704218737892
1.190740003395,0.019478512637668047
1.19175147432,0.019375381324351362
1.192756266876,0.01953698532837745
1.193768861515,0.016207094007933413
1.194608520994,0.019537301215020696
1.19562103544,0.01926284097741822
1.19662107694,0.019371219759778083
1.197628538485,0.019291148334884663
1.198632980405,0.01926539979567906
1.199637973326,0.019653411457890194
1.200663574334,0.019347357723921266
1.201672332971,0.019642953988130075
1.202697546973,0.019226637503135708
1.203701778626,0.019216495959851202
1.204705357795,0.019209119977261577
1.205710193745,0.01931472532866108
1.20672340779,0.019254024658755885
1.20773450448,0.019294798670324312
1.208747344464,0.019357541663697273
1.20976331059,0.019302011911818677
1.210777623551,0.019013701999374237
1.211777994438,0.019029113607767583
1.212780351357,0.019132090968200694
1.213790036787,0.019113714867775022
1.214798594954,0.019048415340720548
1.215801612325,0.01940805625401145
1.216822226642,0.01937212464124407
1.217840990808,0.019156920687554174
1.218848676792,0.019059393999199377
1.219850822931,0.019253582078043535
1.220861886846,0.019158535807952917
1.221866793603,0.019358109245998345
1.222881142301,0.019211845790094814
1.223887052707,0.01943721681465998
1.224904611224,0.01924450309913909
1.225913122289,0.019399839587055042
1.226930512971,0.01911889239533633
1.2279330115,0.01912220504552037
1.228935990844,0.019176187441981858
1.229942309833,0.019510545013029984
1.230965564427,0.019180732497833083
1.231971955996,0.01934030881632031
1.232989335602,0.01911560473227015
1.233997565701,0.018991973886613556
1.235002857904,0.018847324405938483
1.236004229184,0.01883288200248323
1.23700719068,0.018770090393279645
1.238008515572,0.018995497005527124
1.23902362271,0.018804619425243883
1.240028486662,0.018891617004410315
1.2410364252,0.018809913284870073
1.242040566479,0.01877747098031629
1.243043814422,0.01884926847727901
1.244050871518,0.019110982372425537
1.245071963542,0.018779689538340357
1.246075851913,0.01895712988397597
1.247089907536,0.018823576461049457
1.24809691033,0.01879521518763172
1.24910385553,0.018884673588873573
1.250116586397,0.01868254210151628
1.251117695942,0.01881084242810709
1.252123744017,0.01883258109496635
1.253128913064,0.018791991233640292
1.254131302051,0.01878856924123335
1.255133836891,0.018797225936517118
1.256138404539,0.018758172465757873
1.257141501523,0.018781047978410376
1.258146418766,0.018685309212949298
1.259149061082,0.018645157835103406
1.260150152582,0.019132795000277963
1.261176837719,0.018931420957713906
1.262193252814,0.013002441394779091
1.262891732561,0.018665721794081106
1.26389436834,0.01876684018921985
1.264901313773,0.018732916526901254
1.265904873245,0.01883848329831267
1.266912332522,0.019047865774944925
1.267929793391,0.018755428490935977
1.268931136326,0.01882669643593657
1.269936888551,0.018862904864588546
1.270945747517,0.018890571298698138
1.271956183447,0.01881423371999731
1.272962751117,0.01876417716056133
1.273968264466,0.01908457232422594
1.27499129464,0.018719780103554906
1.275994954789,0.018773045649167548
1.277003648032,0.018609283015807002
1.278004380911,0.018684922001657486
1.279009624166,0.018668147998623937
1.280015877384,0.018615050290218198
1.28102253065,0.018704705256804545
1.28203768929,0.018733517544482103
1.283056716599,0.018665098558684617
1.284073225653,0.018496458931488526
1.285082430344,0.018327078617898552
1.286084317649,0.018460741062500487
1.287093720802,0.018487857690592566
1.28810579235,0.01853783457011973
1.289122415127,0.01835895450715674
1.290128502263,0.0184764305043393
1.291138970232,0.01835024213277798
1.29214220596,0.018638941126282692
1.29316187516,0.018439476229161377
1.294171304834,0.018451904703531953
1.295181875725,0.01869492002231623
1.29620485704,0.018321243088070868
1.297207265566,0.018401289032540638
1.298214338671,0.018596993701810234
1.299230582962,0.018480883486688273
1.300240452175,0.01887236513665344
1.301274757874,0.01834858290491817
1.302282261109,0.01833377011387316
1.303288513383,0.01857268696122641
1.304307409952,0.01849797875203482
1.305322469744,0.01826277530386029
1.306324593235,0.018336979345387087
1.307329754076,0.018340895742274013
1.308333251185,0.018367564973778505
1.309337043113,0.018482073655207272
1.310345904378,0.018383939829188806
1.311348339047,0.018773934347773087
1.312371794273,0.018776931945762562
1.313395124967,0.018449209572946025
1.314399910799,0.01859851459504619
1.315411466619,0.01845152972794705
1.316414032632,0.018603003677309368
1.317424327685,0.018418881949971856
1.318424582475,0.018514234760773136
1.319430497382,0.018478927419826673
1.320436632011,0.01840265834008668
1.321442349871,0.01839953990046559
1.322450824064,0.0183906466928433
1.323461158693,0.01836901693537277
1.324472429946,0.01841700610373144
1.325488024609,0.01845463090669048
1.326507053231,0.018101682584207295
1.327508365914,0.018280462787071086
1.328520576973,0.018413622666402042
1.329539904402,0.018307419941406205
1.330553830887,0.018194988435910088
1.331562505003,0.01814715348795761
1.332570281142,0.01804733733162094
1.333574758044,0.01298449665817695
1.334298822021,0.018280908924557346
1.335320994387,0.01797645911096424
1.336328581071,0.01821088102237867
1.337347870114,0.006322741812723599
1.337701015918,0.008498986259653635
1.338176053019,0.004152169884847059
1.338408444183,0.005693547390205993
1.338727523691,0.012045730922879277
1.339402722022,0.01735287064985927
1.340369084022,0.016995537004668174
1.341309260932,0.01811539125494224
1.342311697007,0.018059171514103356
1.343311814483,0.018353887762121997
1.344327164264,0.01837265234968944
1.34534228743,0.018256573642230076
1.346350499292,0.01826504218514862
1.347357793757,0.017154976622095017
1.348306304025,0.01706165710327643
1.349250997977,0.01836041199670428
1.350266251973,0.01836423331643416
1.351284669833,0.018111587860095008
1.352292062414,0.01816139717648728
1.353304421541,0.01832769600770622
1.354327300975,0.017943961654092726
1.355329869329,0.017924629952790937
1.356333739762,0.01818912656628869
1.357355147016,0.017930261404811198
1.358364569849,0.01790704308276294
1.359374978256,0.017736781479955558
1.36037642457,0.01782501409660333
1.361381892797,0.015469199339515344
1.362253412763,0.01736249721062831
1.363231796009,0.017805768156114746
1.364236876496,0.01772829973876371
1.365240273099,0.017736389499204266
1.366246635181,0.017616589242247647
1.367246674432,0.01772644790829247
1.368252786114,0.017773498499630523
1.369261804465,0.017208151192364737
1.370238842312,0.017315940860609932
1.371221925325,0.017711147646979182
1.372227231069,0.017637553276623627
1.373228330789,0.01766720927819367
1.374230507554,0.017835839500536993
1.37524081533,0.01768906897296197
1.376241138028,0.01772562205557549
1.377242262262,0.01795261110991686
1.3782552905,0.017748767381711952
1.379256372715,0.01184375888840291
1.379924185121,0.018061610578878135
1.380941213268,0.017789099208471514
1.381941685751,0.01784392920930107
1.38294556734,0.01811345331859355
1.383964825761,0.017615651176142035
1.384955030378,0.018058162374034004
1.385968824144,0.01784062675466396
1.38696924489,0.01793346939662796
1.387974234243,0.018364456700847298
1.389004907461,0.017991659590016536
1.3900173213,0.017865965422326054
1.391024790753,0.016977877504981788
1.391983020941,0.017918607465972215
1.392994257714,0.017755356226470287
1.393997359923,0.01767005555136058
1.394997963707,0.016746312677534674
1.395948233187,0.017805189296106617
1.396961029654,0.017575295815408908
1.397963353185,0.01636124670797688
1.398898415339,0.017545822686591703
1.399903760198,0.01749649960600784
1.400907843347,0.017750195496109226
1.401927618649,0.017477756853737723
1.402932844399,0.01742774381293672
1.403935404654,0.01745234898048423
1.404940456788,0.017524637087304853
1.405951812594,0.017329048572590593
1.406953852287,0.017385047318375937
1.407960514725,0.01728374365747962
1.408962237446,0.01741094810023364
1.409971209955,0.017319586400925374
1.410974948458,0.017388469026459446
1.41198383337,0.01726737740055953
1.412986655911,0.01730870796918733
1.413992144863,0.01726929652841614
1.414995728365,0.016773202286681086
1.415971946863,0.0175457842134445
1.416994043275,0.014782489024363027
1.417854565022,0.015674915641591874
1.418766675779,0.01727925431832448
1.419772266856,0.017194170899844367
1.420774409829,0.017157712026249744
1.421777228919,0.01719833541242423
1.422782951666,0.016135915789592562
1.423725348033,0.01724893702282227
1.424731467144,0.016354035175746504
1.425685514009,0.011272049510691912
1.426343572154,0.014761100271523594
1.427205762355,0.01662845230117275
1.42817834404,0.01715981393773655
1.429183400987,0.017143471179659982
1.43018786422,0.01728387523513664
1.431199926373,0.017208719479842614
1.432205963327,0.017308193884452223
1.433215764708,0.017314874589518997
1.434224188051,0.01738308777378598
1.435234646709,0.017584904447697614
1.436255177465,0.01744802346082419
1.437266800792,0.017326559274142214
1.438271127443,0.017356658325409426
1.43927685923,0.017304217946480405
1.440279005992,0.017292362367099294
1.441280219784,0.01742300287284486
1.442288824836,0.017349754973409723
1.443292626184,0.01738553550892135
1.444298021654,0.016628734603104652
1.445259982094,0.017354191859909888
1.446264979867,0.017413991561045547
1.447274590962,0.017349575095483145
1.448280951714,0.017290968304942735
1.449283903876,0.017273615779811825
1.4502858513,0.017419339010203344
1.45129533143,0.017282923482723315
1.452295683662,0.017541365250345442
1.453310675329,0.017287986323858827
1.454311421554,0.017472233843812128
1.45532344016,0.01728144762152059
1.456324462294,0.017364130175412718
1.457330413128,0.01757887145401332
1.458349189433,0.017316958126879185
1.459353359045,0.016685361441883706
1.460322209338,0.01745213230330899
1.46133672772,0.017638916118057867
1.462362465533,0.017283383239910428
1.463369408182,0.0171305842070648
1.464370502497,0.017201749951251517
1.465378047066,0.017054112098883613
1.466379132108,0.017049273708017988
1.46738167046,0.017124676382790787
1.46838983257,0.01708505130958115
1.469397986992,0.014317198612467451
1.470244525527,0.01665540382650789
1.471230100414,0.016922047497304436
1.472232079512,0.016891580532767812
1.473234524899,0.01680450169631708
1.474235534747,0.0038317659114165937
1.474464240401,0.01694430785567768
1.475476662297,0.016747615426880812
1.476478624572,0.016737673092713855
1.477482361096,0.01678620996222094
1.478491053985,0.01680512493262714
1.479502205401,0.01666952322918287
1.480506803502,0.016749838947859134
1.481517576657,0.01662405682414926
1.482521387918,0.01658708085624309
1.483522614083,0.0165894890897162
1.484524518904,0.016600553667468407
1.485528710817,0.016681452479423875
1.486538282637,0.016528623471732666
1.487538575524,0.0165768370347244
1.488542334521,0.01652035890445652
1.489543225989,0.016540509480237053
1.490546226978,0.016579876812475358
1.491552007922,0.016295272207952134
1.492540325458,0.016771634340102103
1.493557354041,0.01666689368586729
1.494568444389,0.016482477469152938
1.495569046727,0.01655976707469905
1.496573658961,0.016759695593386952
1.497589397123,0.016559629717012293
1.498592479982,0.014717102184599647
1.499483387696,0.016548477229771548
1.50048387618,0.016651370773147305
1.501488454311,0.01657186350707347
1.502488955184,0.016659435504193985
1.503496348064,0.01672998358122483
1.504506916492,0.016892537186652908
1.505525007776,0.01680601467428832
1.506535838747,0.01675980033580524
1.507542429292,0.016842477686757232
1.508551261399,0.01681578236512042
1.509556270751,0.016859719509831436
1.510563731315,0.016834109992504846
1.511571563994,0.016738249272649892
1.512576234319,0.01673597163770436
1.513582227642,0.016753239029144912
1.514590239347,0.016638969361335416
1.515591684515,0.01666290231871908
1.516595065771,0.016890319410068903
1.517612186942,0.01661559092526634
1.518612529586,0.0152498554305792
1.519530561551,0.016731234886299202
1.520537759849,0.01665000626325014
1.521540001372,0.011752888997179297
1.522247286609,0.01676384497243828
1.523257798686,0.016585416304419794
1.524259026571,0.016589788593290026
1.525260446545,0.01665718527584205
1.526267109446,0.01666174349870367
1.527275142946,0.01654339277141763
1.52827633098,0.016650925890951115
1.529284771539,0.016701799977984075
1.530297811616,0.016540590639795252
1.531302992694,0.016499605099269433
1.532307729071,0.016506227822343778
1.533314579177,0.016406651472640303
1.534317201939,0.016574862732660244
1.535331380709,0.016590753957021573
1.53634784917,0.016401790532998624
1.537355675846,0.016262521602261867
1.538356730391,0.016315825840990585
1.539362386352,0.016222668613661825
1.540365180284,0.016139892715712353
1.541366896991,0.016362865159202704
1.542385075949,0.016139737433768245
1.543389852629,0.016155869937214365
1.544395771508,0.016180238191970977
1.54540402576,0.0127423116304041
1.546198841521,0.016079845289519574
1.547203141,0.015952585638780586
1.54820462379,0.01600140521199008
1.549216361927,0.015994540678762166
1.55023119064,0.01595117843622782
1.551244149387,0.01591934239652442
1.55225467634,0.015873902065395837
1.553262078097,0.015823438288187247
1.554267391561,0.015766424600112832
1.555271138849,0.0157287294318722
1.556273186187,0.01579304232333462
1.557279394801,0.01583842536926844
1.558290757619,0.01567775902495431
1.559293899074,0.015806373666369774
1.56030579398,0.015454804440695136
1.561294472489,0.015726775941891712
1.562300855331,0.015755602936722173
1.563310227481,0.015695574998067913
1.564316707157,0.014641900287786964
1.56525573715,0.011727066758619599
1.566006891509,0.015777272787558173
1.567017067239,0.01569508678616096
1.568023471854,0.015591874862782289
1.569024682972,0.015702881872112235
1.570033312845,0.01579170473411568
1.571048023234,0.015596087024953974
1.572050730198,0.01567553565193073
1.573058610456,0.015574766022670251
1.574059534851,0.015683145106445757
1.57506687082,0.015645419596172917
1.576071180253,0.0157771606340166
1.577083176651,0.01591486399319674
1.57810335423,0.015724153853960476
1.579111485827,0.015697792035974788
1.580117463754,0.015705108599146537
1.581122304021,0.015673568585905455
1.582124034923,0.015689667934169045
1.583125438699,0.015756175691212557
1.58413177553,0.015722290085715282
1.585138523066,0.01569797744685226
1.586144332694,0.015671433334912138
1.587148305437,0.01569719368511539
1.588154052767,0.0156464873827711
1.589156569341,0.01573891502595639
1.590164731619,0.015688695443698088
1.591168347321,0.015699720104072022
1.592171816795,0.015802500731566457
1.593182203507,0.015681351999598914
1.594185574496,0.015717257511321303
1.595192216555,0.015610245609318497
1.596192536896,0.0157192180781296
1.597199751524,0.01579115296536234
1.5982117464,0.01566776475830095
1.599216208411,0.015655363759980036
1.600218811475,0.015691709965847116
1.601222383058,0.01589156764265548
1.602238005443,0.015872303492924095
1.60325194278,0.01593966069567916
1.604270665104,0.015860700820785806
1.605284968353,0.015828041795355137
1.606297785238,0.015779805080980362
1.607307492863,0.015733563790740923
1.608312784647,0.015717745603755242
1.609316301538,0.015794039987694946
1.610325013052,0.015674416462659897
1.611326125618,0.015720613487219575
1.612329869885,0.015799018054205
1.613338391245,0.015830288246500755
1.61434977336,0.015728097171285555
1.615356383268,0.015648897885543064
1.616358380002,0.014111447832718917
1.617261452428,0.01570200983109593
1.61826679427,0.015715783506212787
1.619274029631,0.01575888990536242
1.62028514407,0.015590046176810063
1.621286894713,0.015531022804986671
1.622284924087,0.015642999424442926
1.623289207126,0.015576030818806196
1.624290001087,0.015654042129657195
1.625298066591,0.015712329535645712
1.626310915632,0.015579553976115624
1.627315861044,0.015697162019246754
1.628327981238,0.015552228604329556
1.629328653649,0.01569480878610951
1.630337217879,0.015626031037987584
1.63134089128,0.014944375162298837
1.632301247369,0.01560343470430546
1.633307279808,0.015595594570839585
1.634317589271,0.015383674346118112
1.635317595961,0.015444552445514046
1.636322889103,0.01545629891630495
1.637328478002,0.01556651998770132
1.63834208275,0.01538984484567805
1.63934477689,0.015441223795285236
1.64035018348,0.015505702849596497
1.641360358412,0.015428224390769303
1.64236753378,0.015412869077451985
1.643374762659,0.015386412635097824
1.644379608936,0.015399836227974844
1.645385952532,0.015415703270308253
1.646393525676,0.015393398780281634
1.647400658605,0.015291661365548041
1.648402164421,0.014365185834042721
1.649341559473,0.01540565449272892
1.650348752779,0.015330545962493343
1.651353029815,0.01531378109659573
1.652359815153,0.01534569870626307
1.653372411698,0.015239081107359885
1.654379932994,0.015174260524978354
1.65538306005,0.01544534416971782
1.656402031291,0.01534514279671339
1.657412781557,0.015342117228214625
1.658424619041,0.015179344892978827
1.659428288586,0.015223128301702811
1.660436406635,0.015311162928604974
1.661451505961,0.015057012930842776
1.662453155221,0.015065814552916211
1.663459034489,0.015005629689796064
1.664461563372,0.015243615932297838
1.665478877863,0.015064742625457792
1.666482213932,0.004534494002888275
1.666783772489,0.015095028277742532
1.667786268332,0.015260526753994981
1.668798354289,0.01529016549861937
1.6698134578,0.01505134921882126
1.670817220161,0.014966553699614133
1.671819947513,0.015045178075456021
1.672828629001,0.01499121319821298
1.673833356612,0.015048287252611644
1.674842815129,0.015216091315013561
1.675863727956,0.014935397208505332
1.676865955484,0.014980506255199089
1.677871329725,0.014970931751559094
1.678874549292,0.02692675073544263
1.680679938336,0.014886446689828399
1.681680761167,0.014929387351115809
1.682685961523,0.014847329364670092
1.683686546681,0.014998002772533884
1.684699535211,0.014797172111480671
1.685700731524,0.014800037942848367
1.686702259896,0.014786361874211718
1.687702987435,0.014845903639994159
1.688707469188,0.01515235329587332
1.689733015714,0.014809822019749275
1.690734509332,0.01493218407890894
1.691742688826,0.014991416111749332
1.692755312327,0.014941454711208186
1.693764788336,0.014857964603083341
1.694767383689,0.014986498591835078
1.695778511645,0.014945281765042015
1.696787222397,0.01483879384340819
1.69778798744,0.014888065671395553
1.698793327111,0.014868925589119938
1.699799738643,0.014990001905259034
1.700815028134,0.014842291885405172
1.701820087602,0.01477952229993134
1.702820941779,0.015057258354672275
1.703840428158,0.014935262611240561
1.704850097103,0.014910707913903119
1.705856892231,0.014877107364028036
1.706860945435,0.014962657133871474
1.707871002655,0.014950687040034612
1.708880291902,0.014911711775366317
1.709888256384,0.01482764453657905
1.710893820531,0.01489399528591338
1.71190654546,0.014720301074674678
1.712908837112,0.014859513834260568
1.713920401873,0.015012763750126872
1.714940686668,0.014762562751182465
1.715941181434,0.014805324311987672
1.716942610198,0.014899498802155776
1.717949521893,0.014834845178229803
1.718952409559,0.01509648745903449
1.719974115782,0.014777041934920078
1.720974821094,0.014806885638204405
1.721978153262,0.014864366423419328
1.722986188783,0.013915545816346103
1.723930936196,0.014814854511970064
1.724938040726,0.01524063810612467
1.725973851815,0.014779282957527555
1.726977346778,0.014820012893196568
1.727983271132,0.014814671489822184
1.728987646362,0.014803523546312794
1.72998981323,0.014977148211484187
1.731003508093,0.01487965812880858
1.732010320935,0.014942904870885372
1.733019857345,0.014932812212173406
1.734027829311,0.014847665675128586
1.73502967065,0.01501644634151491
1.736042712352,0.014877786783972485
1.737046275586,0.015009561680042794
1.738057147859,0.015033144160379996
1.739068086169,0.015216756190774113
1.740091387155,0.014977765985008704
1.741099281138,0.014895479771455541
1.742101173565,0.015082888044795819
1.74311504476,0.015006061870426194
1.744124374063,0.014954611859584863
1.745130885391,0.014919427805979869
1.746134943992,0.014960967123421764
1.747142945399,0.014821781130143893
1.748143897034,0.014852070327351157
1.749147488961,0.014894747312275039
1.750153340311,0.014947939383388738
1.751163010717,0.014837815381580839
1.752164841571,0.014959635417861234
1.753173319955,0.014867018496746287
1.754173541086,0.01490739332836362
1.755173914151,0.015089066942300656
1.756184161985,0.014966468120872718
1.757184630298,0.015077021211488689
1.758191265948,0.015020136398459737
1.759193234012,0.015089758855427769
1.760199361749,0.015013363536212234
1.76120157752,0.01499921493289954
1.762204563878,0.015010665636817452
1.763208418756,0.014983832567617972
1.764209919623,0.015198395967213776
1.765224125396,0.01524673775697943
1.766238445549,0.015265863655045002
1.767252526755,0.015302616721604585
1.768271249535,0.015067203223636519
1.769277299482,0.015038281424261356
1.770282644658,0.015041792300751512
1.771288136961,0.015019787589362442
1.772292408216,0.015023675264280207
1.773297776329,0.015234506942456467
1.774317411079,0.015290473617202925
1.775340082627,0.01495274682701161
1.77634028231,0.015033335947261426
1.777346947045,0.013493933182209617
1.778251834304,0.015032218194398185
1.779260650811,0.015021419841916399
1.78026816387,0.014940906408698752
1.781269509858,0.01502975320064929
1.782277185911,0.014905835816339282
1.783277461782,0.01491400123140598
1.784279685199,0.01512208442294484
1.78529680376,0.01505895480393513
1.786308676121,0.014910667507185445
1.787309850342,0.015031236983536297
1.788319182291,0.014940037263622773
1.789323757798,0.014911613089645916
1.790328564893,0.014871689609075135
1.791332162299,0.0151403193718804
1.792355743792,0.014793024995931776
1.793357622546,0.01516532934917184
1.794387699561,0.014837338307903696
1.795397774999,0.014773315479011576
1.796405507262,0.014821547606215284
1.797419187178,0.014857913379592545
1.798437445443,0.014574188287678865
1.799438217378,0.014538093560400166
1.800438648095,0.014642553218468548
1.801449350423,0.014626258103015738
1.802460871647,0.014544713362204406
1.803468328329,0.014456072000863232
1.804472783961,0.01438992461000117
1.805476753906,0.01438131438432522
1.806482894181,0.014306733884226541
1.807484757241,0.014424859268902933
1.808494788691,0.014279340428770503
1.809495124471,0.014455778181623951
1.810509267641,0.01425611577575735
1.811511899625,0.014394885398295094
1.812526592899,0.014273172365760358
1.813532736873,0.014365474647548735
1.814545868144,0.014308133152034355
1.815555480315,0.014319757934252192
1.816566487585,0.014272201599471825
1.817575818358,0.014346796849329341
1.818591980417,0.014414269359080262
1.819614351123,0.014124209211198707
1.820616044826,0.014260479209718232
1.821625957754,0.00887452917157024
1.822253878116,0.007321495877190418
1.822773115448,0.0069254815565878685
1.823265475093,0.010549681363407174
1.824014828582,0.009704181722014309
1.824702892652,0.012196208329902137
1.825567314918,0.014172126885768677
1.826573134663,0.012435886222656447
1.827456654564,0.012061033429367148
1.828313440309,0.011477653763115898
1.829127422211,0.012631432615285557
1.830021824737,0.014077537907883717
1.831017797616,0.012483839710546174
1.831899838376,0.014161238359876167
1.832899317793,0.013161511721137699
1.833827669648,0.011305075811013008
1.83462505291,0.014208324543921213
1.835626920653,0.01425041875189995
1.836631478815,0.011957568799299064
1.837474504,0.01422304084845357
1.838476406497,0.01422024046259484
1.839476726312,0.013300046449747343
1.840411566398,0.0124822186037793
1.841289012699,0.011857942204754635
1.842122732146,0.012891922468168934
1.843029983438,0.014190211555408633
1.844030289486,0.014224556936349364
1.845033783848,0.014316983130313366
1.846044169054,0.014235373533700848
1.847048691098,0.01378693182811402
1.848020512392,0.014208763556426281
1.849020652886,0.012666236326402252
1.849910958288,0.013496344672848614
1.85085897044,0.012044294897126898
1.85170515083,0.013073969201171595
1.852623736668,0.013751332073497605
1.853589748083,0.012204331078745558
1.854448181443,0.012796213133013472
1.855349837088,0.014305710082452202
1.856358995735,0.013702492389849861
1.857326444749,0.012600217944107225
1.858216439136,0.01348473393732616
1.859169526952,0.014377108419977193
1.860186355164,0.014134982779555905
1.861186405154,0.0013176442091938523
1.861279652931,0.01413838016078802
1.862280761583,0.014214059377367593
1.863287693575,0.014250707536311212
1.864297068141,0.014154886457569274
1.865299876487,0.014330997034158934
1.866315672798,0.014162156886473355
1.867319256721,0.014130423019794542
1.868320242701,0.013501820401927486
1.869276549411,0.013650969082231111
1.870243417741,0.014185271469947964
1.871248756929,0.013366417821175777
1.872196914818,0.01351852443625531
1.873155965718,0.014139598913383311
1.874158811687,0.014146162613642956
1.875162871688,0.014211306131706
1.876172657031,0.013241748498678645
1.877114060887,0.013651673948479534
1.878084678246,0.0141110013351438
1.87908818409,0.01422217301529492
1.880099005843,0.01442892670611529
1.881123891883,0.014092156987582875
1.882125004923,0.012687738956118123
1.883026650171,0.014129378752060613
1.884029842202,0.012397726482677292
1.884908257964,0.014143459920439406
1.88591002709,0.014341314503101566
1.886926371593,0.014263792951852896
1.887938829435,0.014050484467539679
1.888938904745,0.0134634958886071
1.889898506761,0.014099989380905826
1.890904438372,0.014030595564644062
1.891905677054,0.014063543213158133
1.892909503674,0.014005772622372441
1.893909822091,0.012841753590403729
1.89482655904,0.01405419601781422
1.895829685877,0.012590029252092547
1.896729351245,0.012275080632166048
1.897607586192,0.013996908905404792
1.898609944021,0.014068183845670202
1.899618303965,0.013981438026366842
1.900620658298,0.009186015957671018
1.901279475872,0.013051003741187998
1.902215707967,0.014009252930905722
1.903220251207,0.01414104364374808
1.904234428735,0.013182470062985896
1.905180686368,0.012251666275229075
1.906060166619,0.014031893688706876
1.907066786597,0.012632780542179301
1.907972974337,0.01277128916711309
1.908889650897,0.013980796514181057
1.909894185614,0.012159611355749462
1.910768819948,0.012962041468151352
1.911701671484,0.014026225730656275
1.912710306432,0.013961968395777187
1.913713761768,0.013947493092032241
1.914716462719,0.01391761564289246
1.915716873812,0.012993348854181939
1.916649674869,0.01404913803001255
1.917656304987,0.012112953149847831
1.918523390531,0.01178337475541245
1.919366935676,0.013860601553290719
1.92035948002,0.013744647444658066
1.921343925944,0.014041003043541068
1.92235009858,0.014141437688021976
1.923363985486,0.013894109843951393
1.9243609077,0.014048486817001049
1.925369858871,0.014023426425255704
1.926377506337,0.013122525168400519
1.927319985468,0.012374726056798985
1.928207758289,0.013969171475713402
1.929209262342,0.014050009674006797
1.93021726904,0.014075564267957672
1.931228200867,0.014013142361703635
1.932235713891,0.014046719105334761
1.933246272771,0.013998331016128632
1.934253451849,0.013963394781269112
1.935258332259,0.013957735380661675
1.936263028285,0.012780553538037316
1.937183455435,0.013913239113956897
1.938185482075,0.011758447568863075
1.939032643872,0.013270423619308646
1.939990388404,0.013663122866526605
1.940978490519,0.012716534814669722
1.941899449642,0.012646679894676134
1.942816470137,0.01350559990340654
1.943797061143,0.01380404357073067
1.944800844909,0.011868047673727981
1.945664652591,0.002583858139739645
1.945852713544,0.013895413961441196
1.94686359859,0.01271118595570366
1.947788469196,0.013863553454261211
1.948798344586,0.01332781225882938
1.949769990058,0.012488952736736485
1.950680892474,0.012463020226620741
1.951589669461,0.013543626543412745
1.952576092598,0.01265690606688375
1.953497957669,0.013772667163552774
1.954502727108,0.013764719294452141
1.955508291015,0.013831688561940328
1.956519651402,0.01377118618620712
1.957526840369,0.013704261247468234
1.95852903905,0.013744305497333305
1.959533535417,0.013835332290684552
1.960543690347,0.013751811346862678
1.961547135861,0.013279724097572096
1.962515544913,0.013722224174144287
1.963516175391,0.012451556456608916
1.964423600428,0.012839443491796668
1.965359076344,0.013745417762349513
1.966361348458,0.013348059400877271
1.967335305427,0.01220981889950757
1.968227457816,0.01367377699702525
1.969227514342,0.013673585535566916
1.970228777506,0.013502512597601421
1.971218211509,0.013468089116403549
1.972204059507,0.013378049843116257
1.973181968405,0.012988096035162289
1.974130951706,0.012988569751738809
1.975080164866,0.01254005507833
1.975996185512,0.013444689841535677
1.976978025579,0.013792435958070587
1.977986091183,0.013696769285645678
1.978988092037,0.013776024118598896
1.979996040636,0.01381152168873169
1.9810068371,0.01369565651645111
1.982009102674,0.013787606294886906
1.983017026246,0.012853400980760306
1.983956365254,0.013790559528176389
1.984964627207,0.012825632254596916
1.985903162231,0.013382014356213747
1.986883786464,0.013728078253620723
1.987889574017,0.013667810495458527
1.988890117478,0.011903200159818595
1.989761476829,0.011837588942163366
1.990628071876,0.010687261489535095
1.991410718765,0.012685079062335021
1.992340890565,0.0012983502712416261
1.992436190949,0.013662662584894751
1.993440292687,0.013708084643903594
1.994450459031,0.013625899814055119
1.995456141084,0.010081388608963765
1.996199850947,0.013589429287771262
1.997200771677,0.01277787469715767
1.998140855347,0.012327325776871834
1.999048317863,0.013745198971984571
2.000060825925,0.012797317336835402
2.001003724036,0.013302746794741607
2.001983833354,0.01317935576314428
2.002954892231,0.01301262286735886
2.003914576534,0.013596461346777321
2.004918385253,0.013584791506045288
2.005922181097,0.011564258743296103
2.00677711884,0.01272045320390473
2.007718571607,0.012929091737129476
2.008676045796,0.01335332331310516
2.009665278717,0.012193472774424233
2.010569862881,0.012997104008393094
2.011535310819,0.011874668102228324
2.012418361229,0.011121085598204229
2.01324707081,0.01285439288608701
2.014207510348,0.011305073317237978
2.015054803154,0.013369396234068964
2.016061148733,0.01310756106633797
2.017051557511,0.01321066435701063
2.0180521977,0.012564924804012601
2.019005215261,0.013248449765496715
2.020010448594,0.010559766381401003
2.020811980827,0.012844518289930029
2.021787583258,0.013261495400834815
2.022796173369,0.013189350807744483
2.023801020606,0.013160950622507338
2.024805058798,0.013132271216597262
2.025808785341,0.013240661895264242
2.026821883677,0.01309326549027939
2.027823088009,0.013157518682111659
2.02882835901,0.010538580617167864
2.029633129199,0.011600745808401619
2.030518259462,0.013127950480117346
2.031519497851,0.011416203663409466
2.032391740601,0.012473007395385234
2.033347159405,0.013083016326957417
2.034351032539,0.01316534248843997
2.035362580991,0.013039293719976839
2.0363649122,0.003009785208343794
2.036596200793,0.013059277394157494
2.037599405374,0.012555576014581297
2.038563445263,0.01318284501412027
2.039574994213,0.01306277652224402
2.04057717428,0.013194530729327116
2.041589945291,0.012074317726907851
2.042517517384,0.013062099438446436
2.043521842995,0.01245732383006167
2.04447964783,0.013178789104059688
2.045493127026,0.013067940344536096
2.04649891785,0.013026135150689438
2.04750144623,0.013027703705211995
2.048503668972,0.010663782905503308
2.049324493097,0.012156363892204064
2.050260551066,0.012596841705912699
2.051229956018,0.012131679820371923
2.052164667244,0.012991844775683357
2.05316793336,0.013100927278711087
2.054180705136,0.012296539137386198
2.055132119417,0.012291188090092855
2.056083634408,0.013109589895602866
2.057098345748,0.012987739805942321
2.058104440859,0.012979427031615542
2.059110879134,0.01269373075216744
2.060094407579,0.012960152659927377
2.061097539558,0.01293182854564796
2.062098361729,0.01309158972155943
2.063110877496,0.013213747361800051
2.064131577967,0.013097254285139456
2.065142701106,0.013045498952095093
2.066150202879,0.012399667718378263
2.067108417378,0.012681091987452417
2.068088268778,0.011870645462703038
2.069005163355,0.011891152472753809
2.069923891266,0.012795520916246021
2.070914357794,0.012894188386977874
2.071914971693,0.012911854645839035
2.072918112784,0.012928870228397778
2.073922310311,0.005654192340849301
2.074361255848,0.012532826083649098
2.075333768573,0.012966963173021963
2.076339709545,0.012904130575228195
2.077340829573,0.01205214053031789
2.078276595106,0.013000977465888764
2.079286468705,0.012967048384992463
2.080293703864,0.0121032419490667
2.081234645275,0.012947560968252784
2.082240900495,0.01300422558454885
2.083250719753,0.013010281114354167
2.084260933537,0.013097628159778073
2.085277805172,0.013134369554200567
2.0862976457,0.012924522553777053
2.087301551058,0.0129531211107532
2.088307613576,0.013008572344171096
2.089317686385,0.012882425208757063
2.09031829479,0.013059269497517623
2.09133270838,0.01298861630052944
2.092340885307,0.012981758943511513
2.093348100865,0.012895860567611963
2.094349156069,0.013046829146709783
2.095362544214,0.012965747637734776
2.096370223318,0.01288369871663356
2.097371570276,0.01294973281393374
2.098376764581,0.009167430288085613
2.099087465186,0.01157579439258252
2.099984007491,0.013185806890424636
2.101005671045,0.012871275707660522
2.102006276073,0.01123716577107225
2.102882027647,0.012971322236848876
2.103892024777,0.012592715532457409
2.104872529685,0.011425167632824411
2.105763462855,0.012158528888318141
2.106711872048,0.013085463023447305
2.107732228053,0.012873396565907653
2.108736185733,0.0129300162972581
2.109745089831,0.012904560597517161
2.110752009786,0.012935179106017271
2.111760659621,0.01302998018666741
2.112775900981,0.01294408208894068
2.113783568215,0.012909289104824924
2.114788240639,0.011924038276044267
2.11571620639,0.011648884308468322
2.116621968871,0.012927608894808746
2.117627074611,0.012869283699860267
2.118629436722,0.012831407495039587
2.119629966007,0.0071554141852663705
2.120187786084,0.012836997211989862
2.121188329136,0.012900688829906193
2.122193546089,0.012868059295007535
2.123196102545,0.012855210683467956
2.124197406402,0.012853326580309542
2.125197592404,0.012854744527352153
2.126198070528,0.012363315464561648
2.127160633017,0.01296307572814233
2.128169723177,0.012865891202226837
2.129172145708,0.012866431642742635
2.130175712793,0.012002108317839752
2.131113302717,0.012825575364957001
2.132116439847,0.012820758024036542
2.133119291007,0.012394443472642187
2.134089223971,0.01278563028656308
2.135090445781,0.01279898496281217
2.136092671749,0.012671178014035346
2.137085507987,0.01210299567635268
2.13803479555,0.012198958359138163
2.138991641634,0.012566340392164668
2.139977642003,0.012774545620429593
2.140981851504,0.012716772763976023
2.141982972319,0.012761418417215611
2.142988320847,0.01037549275378375
2.143806403994,0.012819298583924336
2.144817670923,0.01281156618453207
2.145827997942,0.012840593246964868
2.146840789246,0.012661119519522583
2.147841363697,0.012384466199020259
2.148821093141,0.012656371894557709
2.149821715579,0.011862881675125815
2.150759418898,0.012860371247884667
2.151776344366,0.012730310345003812
2.152784861814,0.0108424607410952
2.153645661015,0.012365247043538183
2.154626487806,0.012672155979151493
2.155630092205,0.012669105084879551
2.156633488863,0.012740556609939085
2.157643516756,0.012696369888846915
2.158649849588,0.012674153745905479
2.159654032899,0.01266911097057843
2.160658943506,0.012653647352821991
2.161663069845,0.012510684199969008
2.162655423356,0.012216263351337315
2.163624009568,0.01266231054980967
2.164627754321,0.01262321464042376
2.165629439032,0.011641803592197034
2.166555245906,0.0024781737584584976
2.166752543287,0.012489178608556022
2.167746659832,0.012630210218341705
2.168751760608,0.01267028374017863
2.169760893553,0.012548677772232711
2.170761394087,0.012565799255576113
2.171763994348,0.012613870836072568
2.172769916182,0.012638271300336183
2.173776971474,0.012590199228302526
2.174780185526,0.012762778516655384
2.175796436269,0.01277952565703093
2.176812800192,0.012597369567354437
2.177813073608,0.01176966060647413
2.17874664474,0.012009176453935688
2.179699294164,0.012033313530719004
2.180654797389,0.012719321338044594
2.181666261532,0.012633121563425357
2.182672793903,0.012546879453240182
2.183673757971,0.012575160461985205
2.184677349848,0.012599024092330866
2.185682522257,0.011248191224634335
2.186579457281,0.00873414149310312
2.187275873056,0.01255747047023539
2.188277523958,0.012645727066918567
2.189286811689,0.01263664897907274
2.19029606039,0.012690509805762928
2.191310141575,0.0126969526098797
2.192325382068,0.012531310769962454
2.193329102912,0.011745544459011801
2.194271132232,0.012559323500778267
2.195278087334,0.012544074475786525
2.196283362215,0.012547343916335683
2.197288763182,0.012503626797893646
2.198290056026,0.01126328313523911
2.199191645509,0.012473220089243462
2.200190661456,0.012594566838988533
2.201199193785,0.012548627840864638
2.20220462129,0.012519369414222326
2.203210124385,0.012469907959884322
2.204212743455,0.01191851723878088
2.205170716948,0.012522281716908324
2.206177399907,0.012182532151584512
2.207157993626,0.01253090095157234
2.208167032905,0.01260843011209535
2.209182282009,0.012517427922217918
2.210190092019,0.012444027424815717
2.211191626771,0.012057775994272352
2.212161266251,0.012476081241285204
2.213163634765,0.00402239216231459
2.213486719765,0.012543260339460181
2.214493933823,0.012544218411755537
2.215501098781,0.012448259248296225
2.216501328758,0.012534321999256002
2.217509177273,0.012458281027261858
2.21851000904,0.012564742225472134
2.219518140771,0.012530833613193144
2.220523458302,0.012022076415827379
2.221488588688,0.012492593627092218
2.222491194834,0.012462733557626685
2.223491337426,0.01254072677946994
2.224498996635,0.012551127382701109
2.225508839683,0.012494407124382599
2.226515050261,0.012463097500546142
2.227519281369,0.012012541571360235
2.228486687306,0.01178702216355255
2.229434862641,0.012476982986535233
2.230437830853,0.012177598384268566
2.23141776055,0.012018294891176305
2.232386526886,0.012606646829827931
2.233403396766,0.012511546261290085
2.234413142362,0.012425496028555826
2.235417671898,0.012473619296438011
2.236428069389,0.012349908619698922
2.237429862559,0.012360745028846314
2.238434761901,0.012297015546064912
2.239436623491,0.012329390676417699
2.240443613779,0.01224310470245429
2.241446358845,0.012426327168406498
2.242465706131,0.012241617958237125
2.243471034395,0.012236413446736335
2.244477810564,0.012184517733426811
2.245480976492,0.0122705232190745
2.246491444297,0.012103242657107863
2.247490171482,0.01132950894071389
2.248426832467,0.01136677761586291
2.249367848871,0.012061048174008222
2.250368001129,0.011626345566860822
2.251335113742,0.011742048871989428
2.252315441598,0.01198905122589284
2.253318708002,0.012051514530891812
2.254329343891,0.011929858957777786
2.255331497286,0.01109728679081545
2.256264269571,0.01110913377557498
2.257197509203,0.01210229061835865
2.258213629275,0.012002200423453239
2.259223506589,0.006638933352814253
2.259783672759,0.0115130636320731
2.260754993573,0.011980574609822303
2.261764185173,0.011957273152239004
2.262771291334,0.012026342238069844
2.263785828575,0.012024786370696781
2.264801213597,0.011957642471188199
2.265810660088,0.011409583880606932
2.266772778602,0.011933783401567347
2.267777468,0.011979651095086866
2.268785750157,0.011908207546233162
2.269789274549,0.01189309967867182
2.270793373998,0.011949805799268071
2.271804267494,0.011844334936537117
2.272806943536,0.011919817349580693
2.273817030489,0.011917515558125917
2.27482724841,0.011891530546035235
2.275834859306,0.01186247891122617
2.276841154117,0.01192864933715005
2.277854706557,0.011855266217177437
2.278862070383,0.011901373053896245
2.279870852695,0.011915957588603901
2.280878727572,0.011840349434418956
2.281879674197,0.01202447161497147
2.282896363334,0.011918757017728161
2.283905556759,0.011820339675328813
2.284907957893,0.01192403208152833
2.285918881685,0.011848047163322117
2.286923114572,0.011803032560084404
2.287924475264,0.011844619096871876
2.288930205693,0.011895881091368788
2.28994149314,0.011645370318329917
2.290932820176,0.011787689306187567
2.291936827649,0.011475585101709294
2.29291526292,0.011815894893551622
2.293924460887,0.011789506945072827
2.294933170229,0.011701886903650005
2.295935988406,0.011700896836457034
2.296939160162,0.011699166521386212
2.297941862554,0.011687211096018411
2.298942967003,0.011772118663246229
2.299950946305,0.011739766238617562
2.300955984931,0.0020356381719772443
2.301130157288,0.011636410873089451
2.302124757077,0.011904341113810678
2.303140497436,0.011735628574981012
2.304140783144,0.01180336901450831
2.305147935566,0.011851771628809349
2.306160373701,0.011727394768039023
2.307162570499,0.011779300573600897
2.308169542106,0.011820049366935322
2.309180021771,0.011774716667322663
2.310186970613,0.011703890914265705
2.311188245451,0.011688911604625395
2.312189114018,0.01179581112423285
2.313200725023,0.011801973688288496
2.314213902556,0.011736434605494233
2.315221651001,0.011806004668717719
2.316234907331,0.011221833905829473
2.317197831446,0.011723756125561261
2.318204856495,0.011696489664311128
2.319210033905,0.010975398081177624
2.320153406163,0.011639375512637629
2.321153990654,0.011685134529610269
2.322158712891,0.01162277972785153
2.323159955773,0.011683431209274349
2.324167815621,0.011762445057768443
2.325182999005,0.01165188008591199
2.326188717584,0.011682712336303646
2.327195803268,0.011673917080490866
2.32820054954,0.011626015590922998
2.329201015562,0.01171117483199298
2.330209760889,0.010794686011776737
2.331139238655,0.011659012094275827
2.332141351875,0.011898849714741816
2.333164172495,0.011658630111919182
2.334169103557,0.011063730070655423
2.335123857261,0.011650065566326574
2.336127817685,0.011782496234702232
2.337141305085,0.01170621070612234
2.338148171626,0.010479876289574929
2.339049611469,0.011636515328311826
2.340049831082,0.011631485109105158
2.341049953371,0.011680705710381843
2.342056008392,0.011636226954638635
2.343059832167,0.011669704828492836
2.344066637066,0.011720614750396142
2.345077394675,0.011225157040454705
2.346045581968,0.011960443809136235
2.347077336103,0.011740680151241113
2.348089777687,0.011648859414122286
2.349093859466,0.011746749357974581
2.350105550564,0.01164923495954665
2.351108314988,0.01175470150349629
2.352119926523,0.011724429600526168
2.353128033607,0.011755466670931808
2.354137938104,0.011673131174632225
2.355141127137,0.01170185999898839
2.356147118606,0.011689403244247125
2.357152204679,0.011542617349757988
2.358144589998,0.011717791345101595
2.359151518,0.01172110140051
2.360158984851,0.011653892058617542
2.361162633991,0.011608624425927892
2.362164283841,0.01049061828910171
2.3630702068,0.011664391902182703
2.364078401725,0.011695451823811672
2.365090077508,0.011634748485893388
2.36609710975,0.011644536349293154
2.367105337105,0.011789126650346796
2.368125905281,0.011215623868280244
2.369096843969,0.011591367886610618
2.3701008229,0.01162168641555155
2.371107726586,0.011673454208433392
2.372120122287,0.011632698641555389
2.37312990592,0.011627406921568724
2.374139672916,0.011685883391586722
2.375154187199,0.011597537114653418
2.376159902808,0.0116106772427384
2.377166531516,0.010489107215096015
2.378075235333,0.011577116196656986
2.379076989545,0.011664606532964049
2.38008630592,0.011560469193036401
2.381088113541,0.011563199750360917
2.382091483048,0.011568462870845711
2.383094960286,0.011652908136777627
2.384106000704,0.011620883505807318
2.385116478477,0.011622503746914207
2.386128428561,0.011565010927966232
2.387134921403,0.011636247020580817
2.388147597757,0.011553787719279122
2.389153696602,0.011544653379087381
2.390160829189,0.011560896213980648
2.391171768213,0.011527685857432208
2.392180541454,0.011443870185542642
2.39318227468,0.011430281739174184
2.394183264054,0.008373935402011524
2.394916883334,0.011474075536622792
2.395921762868,0.0114629069729567
2.396925298597,0.01146473946579716
2.397929631545,0.011420652102663976
2.398930132395,0.011520679070523565
2.399938778492,0.01154361189843538
2.400950136979,0.011448909759965887
2.401954818833,0.011528648017554707
2.402966660043,0.011500903934162528
2.403976502392,0.011406198594407101
2.40497979381,0.011489559644476975
2.405990794023,0.011419075960386986
2.406994998238,0.011434148331286361
2.407999923052,0.011401111211214246
2.409002350329,0.011386045178348087
2.410005055066,0.011494678205863501
2.411018297417,0.011352083028866429
2.412018733128,0.01144571130394963
2.413025924202,0.011476063106308667
2.414036127952,0.011407747317386838
2.415042855815,0.011307279635700739
2.416042867398,0.011366596239166755
2.417048908391,0.011354778002969412
2.418053725078,0.011365018082058214
2.419058343758,0.011444106715268326
2.420068123143,0.011417508928317263
2.42107502334,0.011006264876668094
2.422046911984,0.011446522495585372
2.423061059773,0.011375287418342745
2.424071836477,0.008012892720747438
2.424784390668,0.008100055661038892
2.425503516929,0.008819968982504537
2.426284498605,0.011407866876691822
2.427293039574,0.011457818603661438
2.428306424503,0.010176065405307716
2.429207828642,0.0097128688324971
2.430068900878,0.010189119702896998
2.430971970274,0.010344387979907886
2.431888184975,0.009486391999556722
2.432728862017,0.010800098273764323
2.433687143643,0.009982717720700376
2.434574269219,0.010549543794521658
2.435513924754,0.009893495469287795
2.436396766214,0.009872443468103686
2.437278886983,0.009363636978340317
2.438117409981,0.010127760234318538
2.439026577972,0.011080063317333405
2.440023074168,0.009860865433606864
2.440911810641,0.011181361748417301
2.441921511651,0.010522953293431388
2.442872693435,0.009366996526469926
2.443719636979,0.009435583369983631
2.444572243899,0.00912813994495128
2.445396354856,0.01108610867723256
2.446396757122,0.010708776284336582
2.447363556949,0.00948222761989476
2.448220020949,0.010750578144752599
2.449190382419,0.008977339647422092
2.450000226196,0.009744857738850757
2.450879462172,0.009784651218262202
2.451762417729,0.009188595213774131
2.4525912742,0.00855958845531837
2.453363078546,0.0096573653924927
2.454232941908,0.008788426136331958
2.455023664329,0.009123296460297973
2.455845141047,0.010973354880524953
2.456833700046,0.009927019468985918
2.457727839739,0.00938228835873631
2.458573549453,0.008866275579868995
2.459372993094,0.010879970938756343
2.460353671402,0.009437358198218148
2.461203441226,0.009302080594001026
2.462040439402,0.004821819261180914
2.46247451137,0.009092458299474446
2.463293260315,0.009320431186535864
2.464132969157,0.010379135966480685
2.465070266803,0.009379339212898135
2.465920167427,0.009530157766995383
2.466785250483,0.00956722264818773
2.467654608392,0.009093360707176564
2.468482384168,0.009068825746056147
2.469308870276,0.00916837027761253
2.470144817391,0.00980051515349369
2.471039730443,0.009871723597892249
2.471942918051,0.010186926073011478
2.472875018793,0.009201498619271394
2.473717401141,0.008033655702184467
2.474453872657,0.009357839565332735
2.475312063867,0.010877874877579668
2.476309701405,0.008849316442618712
2.477121730458,0.009115508435690246
2.477959909989,0.010899364131779925
2.478963011262,0.008284041031734364
2.479725335013,0.009477990669917856
2.480598073938,0.010894207906427159
2.481602144215,0.008907917089102279
2.482423779689,0.008094384787015765
2.483170608394,0.0094848127398531
2.484046078668,0.010413442262286209
2.485008322525,0.008473398750317334
2.485792336833,0.008450204305886794
2.48657496486,0.007946966709826704
2.487311396638,0.009186633100456431
2.488162699765,0.009971288995784859
2.489087850746,0.009331862860127497
2.489955657372,0.009624634042843954
2.490852586657,0.009276848482853272
2.491717422425,0.009705488734052609
2.492621727117,0.009021643926726048
2.49346253574,0.009056745367997313
2.494306221243,0.0068337944320371454
2.494942335707,0.010143829795314582
2.495886288953,0.009629114243953012
2.496782426929,0.00908225850510749
2.497627846208,0.010617973636081636
2.498617413213,0.010416119790299362
2.499590150293,0.008979718493256895
2.500429650686,0.008448858417243216
2.501220045612,0.010096998211080758
2.502164389028,0.010060758548777294
2.503104743312,0.009345044356611872
2.503978499662,0.00976681500679193
2.504892766822,0.00935850980630016
2.505770455873,0.008021738165167207
2.506523707607,0.008117905498505225
2.507286302023,0.009075960015476732
2.508138498676,0.009755111251931237
2.509054165654,0.009064597181957932
2.509905682066,0.009010051514904797
2.510753324283,0.00889522996721941
2.511591293728,0.008161195465361749
2.512360618506,0.010738415499353551
2.513373215955,0.010608254778316187
2.514374456608,0.008503210697099133
2.515177805626,0.009292065581644835
2.516055906255,0.010088795819660016
2.517009506874,0.008914475226767053
2.517852688579,0.009789328101094757
2.51877935189,0.008595442321071654
2.519593611619,0.008366267361605922
2.520386669132,0.009034378057615198
2.521243704236,0.008339498311843017
2.522035437832,0.00869093636743897
2.522860669744,0.009952680985037338
2.523806457534,0.009833019527828654
2.524742807587,0.008460846476352101
2.525549954157,0.00868838814796288
2.526379948133,0.007821102671240322
2.527127437387,0.008848908122891812
2.527972616861,0.00874475643067196
2.528807668733,0.008428695443658554
2.529613153751,0.009190534624851516
2.530493186724,0.007783869813839212
2.531240730202,0.008856192109763236
2.532092924266,0.007524415895628174
2.532816840969,0.007990599015167105
2.533585289557,0.00973935752845748
2.534522113451,0.009145883845828526
2.535404021394,0.00900912797409248
2.536275160649,0.009029998067171236
2.537148764713,0.00903720869980727
2.538022682368,0.008826178431954136
2.538876132247,0.008741610646196322
2.539722110071,0.009356201622334956
2.540627767187,0.008429904525204326
2.541443851619,0.008342274268858581
2.54225229241,0.008746820006160873
2.543100406171,0.008808845467266128
2.543954274467,0.008037026764903334
2.544733565262,0.008425293393029928
2.545550752325,0.010366021420280425
2.546556224823,0.00991242932162245
2.547518399275,0.008773878645028823
2.548371057668,0.008884376420966806
2.549235148693,0.009283705533028343
2.550138224531,0.009878377701713606
2.551099307437,0.009450235402945248
2.552019286953,0.008879287971071534
2.552884343305,0.008424506890376226
2.553704877599,0.009232841326302334
2.554603137947,0.008398101519462627
2.555419592824,0.009071530287825612
2.556301906748,0.008579680709401467
2.557137572923,0.008905580033310007
2.558006196062,0.008847947343275892
2.558870499932,0.006122163156265235
2.559469379654,0.008850540728939765
2.560335981554,0.008240220490699363
2.561143243281,0.009177770886221591
2.562042922564,0.008753753838197906
2.562901495256,0.008798005735573796
2.56376451711,0.00761827811549682
2.564512347214,0.007785069315470586
2.565277571996,0.008518996294561081
2.56611603542,0.007889398843807209
2.566894305014,0.008169319360703607
2.567702024111,0.00838046605346688
2.568531573862,0.0076202748912436325
2.569287338474,0.008955864657253274
2.570176513991,0.009193825507052257
2.571089332099,0.00943163432162204
2.572025647204,0.00949746359157713
2.572968374995,0.008268952296700792
2.573789442078,0.008345187957747753
2.574617866235,0.00801727889164039
2.575413002404,0.009666974460843705
2.576371535593,0.01006593992031505
2.577370785394,0.008864585952609767
2.578251584657,0.009084347509422382
2.579153631227,0.008812527633835443
2.58002820873,0.00916532828402451
2.580938192402,0.010128761390187879
2.581944732081,0.009863131212214372
2.582927026412,0.008733202481436008
2.583798174815,0.007779062384368405
2.584574016345,0.009008417654032772
2.585471561259,0.008168833604150064
2.586285232487,0.007389391023004991
2.587021871961,0.008613938833738148
2.587881276905,0.0091399026783783
2.588793774636,0.008748745554352823
2.58966824467,0.008728847551075536
2.590541597712,0.008901502631848515
2.591432500731,0.00845665379347807
2.592279340521,0.007670805446407938
2.59304790642,0.008507559296024352
2.593901056529,0.005743471125077967
2.594477192874,0.00997709920394716
2.595479166554,0.008924857872320287
2.596377598382,0.009252081159836124
2.597309551182,0.00999393773189505
2.598315308634,0.009339662920629096
2.599254106881,0.007975944882164288
2.600054514879,0.008560309586479523
2.600912153582,0.008082005467468373
2.601720954741,0.00866380056116311
2.602588501359,0.007704866895595972
2.603361723409,0.009431064474974892
2.604309628447,0.008347826845751893
2.605149827808,0.008182778306209072
2.605973922223,0.008512731476959759
2.606830310745,0.0097527924938762
2.607811166695,0.010075918006674229
2.608825648201,0.009683908394779887
2.609801748695,0.00821244301429335
2.610629464162,0.008354958234094533
2.61147139536,0.008946888726895039
2.612372460774,0.009201080662705821
2.613298309805,0.009075957525759262
2.614212005319,0.008824505609051412
2.615101247388,0.00924584653957193
2.616034334806,0.009773786426353513
2.617021369298,0.009186913859930226
2.617949271321,0.008668872673915102
2.618824730357,0.007627283433933903
2.619594381221,0.008946945580670083
2.62049717303,0.00908880731306537
2.621414737325,0.009635766568768776
2.622389245038,0.009647711612121523
2.623367028869,0.008592119748266173
2.624238273813,0.008132783638925795
2.625062412393,0.008549353722558006
2.625927291721,0.008280762428605037
2.626764630009,0.008731970588503495
2.627648570132,0.009067688191623461
2.628567399637,0.009305950577838465
2.629512530758,0.007263657677836224
2.63025172845,0.00877294931348159
2.631145143218,0.009282315165737624
2.632090576318,0.008519533159818682
2.63295705964,0.008817878982475635
2.633852332508,0.008071636367556667
2.634671663701,0.009480242867963957
2.635635422778,0.008285729089410264
2.636479261745,0.009679312858074642
2.637466596215,0.009855760625200324
2.638472638867,0.009544736674307065
2.639446272595,0.008321759113633052
2.640294715418,0.008125099048390904
2.641122088906,0.00794382063010142
2.641929944613,0.009260054868271403
2.642872076339,0.008405912715569603
2.643728797289,0.008252273374929849
2.644571028,0.008206821240082388
2.645409082494,0.009391440558390052
2.646367556976,0.008872510689580485
2.647272472283,0.008665475043959144
2.648156709672,0.009071718610290824
2.649083534281,0.009254532098631805
2.65003070152,0.009527433290234411
2.651006611178,0.008205980554193042
2.651846683256,0.008934620653828482
2.652760957713,0.009207828639586494
2.653703239153,0.008775262414613929
2.654602162928,0.00892601933868734
2.655517062225,0.008114236755483364
2.656348444391,0.008525841758673176
2.657222429678,0.009500539147922796
2.658196346179,0.008820791183412221
2.659100512917,0.008908478655093865
2.660014308052,0.009030604174828007
2.660941104948,0.009817719993244444
2.661948241026,0.008805348235033924
2.662850983419,0.007856489877537755
2.663656390307,0.006967014306215549
2.664370842251,0.008472390312114685
2.665240474776,0.009183795161528337
2.666184536656,0.0083400719540409
2.667043026312,0.008563580782400528
2.667924782581,0.008986758210369834
2.668849360896,0.007941154195589769
2.669665579444,0.0081734821929658
2.670505219716,0.008482907641599934
2.671377014623,0.008751943281935825
2.672278504248,0.008987870524306312
2.673206630237,0.008878060883435804
2.674124250438,0.00968248952735764
2.675125101301,0.008188291523708757
2.675971276883,0.008546883227719897
2.676853845823,0.009024758274741265
2.677784962626,0.008455081985443605
2.678657416944,0.0085017208913738
2.679535279202,0.008621633327425455
2.680425414776,0.008548422509318325
2.681307741366,0.009566097697687617
2.682295376409,0.008805139879935153
2.683204959181,0.008542741573307675
2.684087526378,0.009695709485372904
2.685088978776,0.008473394800525613
2.685964112523,0.008526855171967416
2.686844937495,0.008973225397514158
2.687771994359,0.009362718156818203
2.688739578761,0.00962056023571388
2.689733806632,0.009383887476696308
2.690703999451,0.008376292038876739
2.691570680665,0.008921117583313994
2.692493863359,0.009683871183455215
2.693496112928,0.00968724535701515
2.69449899133,0.00892658067048822
2.695423220233,0.00838328341099258
2.696290932714,0.00642013772617582
2.696955217902,0.008094532799069416
2.697792166705,0.008130391283678803
2.698632294474,0.008084716179243652
2.699468404938,0.008457814323553114
2.700344841055,0.009049868853659325
2.701284458691,0.008787781518060315
2.702197763224,0.00901905453423273
2.703135306161,0.009121257252022633
2.704084003119,0.009296602380294353
2.705051387396,0.008145875064824325
2.705899810653,0.009523745841890776
2.706892828506,0.008101570304795924
2.707737314854,0.008018844938829492
2.708572372686,0.008021510521487165
2.70940710501,0.008417796559551504
2.710283202051,0.008911276223161946
2.711211187158,0.009614652149240937
2.712212558677,0.009016102796282791
2.713151757667,0.009532659135581673
2.714144362664,0.009659704165641547
2.715149717289,0.008854727744299386
2.716071324745,0.008903754139548376
2.71699823983,0.008492097304695408
2.717881635863,0.00896866216633487
2.71881348959,0.008737986409165578
2.719721312427,0.009673971948841651
2.72072700204,0.009669309700643837
2.721732797671,0.009160884297374796
2.72268590417,0.009733064199016588
2.723698759546,0.009397718046626804
2.7246769054,0.008411816811439366
2.725552251594,0.008203723872978422
2.726405847167,0.008275865136816375
2.727267290755,0.008814936737152761
2.728185811031,0.008958839897498424
2.729120952169,0.00843113505531057
2.730002031613,0.008310212468868705
2.730870124254,0.009629991620800374
2.731875922848,0.009646900810027108
2.732884186256,0.008517316148714621
2.733775012575,0.002181786034912962
2.734003287869,0.009083574159430015
2.734953017146,0.009202607628545799
2.735915184489,0.008437937026322001
2.736798075362,0.00884734728778529
2.73772360558,0.009335780234156085
2.738699316612,0.00891284030215483
2.739631121149,0.0068355838087856245
2.740346738312,0.008265459588963027
2.741212130515,0.008909055620959885
2.742144203389,0.008444501938561654
2.743029240831,0.00902441619964332
2.743976783591,0.008920881478993845
2.744912808504,0.009361836879737507
2.745894881015,0.009553045215789433
2.746897266438,0.009307232664313752
2.747873233491,0.008469415528564877
2.748759897992,0.008610381592741724
2.749660286556,0.009437728314789014
2.750646878659,0.009620279859890491
2.751653503322,0.008706631947117169
2.752565705708,0.009572272131768502
2.753568995056,0.008750656611631798
2.754486007074,0.009261527253108272
2.755455576691,0.008406490606254409
2.756334829834,0.009580674565271192
2.757336500699,0.00811573912464129
2.758185293642,0.00832962930899964
2.759057086753,0.008693152150188004
2.759966276558,0.008345093596174902
2.760838344071,0.009249391674267625
2.761806110989,0.009550306941664328
2.762807577658,0.009390007605379965
2.763794029178,0.00932966462199802
2.764774581943,0.009439558530668201
2.765767080727,0.008812535383497154
2.766694009365,0.009251917081537858
2.767666161121,0.00892733127322266
2.768602903452,0.009263290964833693
2.769574174085,0.009196935765166062
2.770538275758,0.009562964662120109
2.771540670804,0.009346960642081577
2.772521190051,0.008621429281885574
2.773426424803,0.00955676877494128
2.774429940065,0.009660516193085432
2.775444290532,0.0025501175036602595
2.775712004077,0.009236098845125476
2.776681698766,0.00767517750559695
2.777487550594,0.008481039271560454
2.778377439425,0.008908399913068191
2.779311149485,0.00950047521119637
2.780308038398,0.008597392798585802
2.781212400314,0.008697202808181662
2.782127996334,0.008017840306537547
2.78297218517,0.0094861701717204
2.783971314451,0.009289772816443869
2.784950675443,0.00930132994390169
2.785932746083,0.007607066932793432
2.786736912634,0.009167326340181112
2.787706266717,0.008537457291545397
2.788609428678,0.009479920320296877
2.789613538379,0.009448207903607495
2.790615423747,0.009566470712566407
2.791630501198,0.009497569442927751
2.792638318836,0.009455101929690034
2.793641341528,0.007655819807000267
2.794452833175,0.007605294790848075
2.795257558402,0.008431971261787047
2.796148056929,0.00882808891839152
2.797079741519,0.008419069911606188
2.797969613491,0.009221542839559307
2.798946131738,0.008756134759928053
2.799874209713,0.009057672835462362
2.800834613101,0.008141952672720556
2.801697552876,0.009261286060110493
2.802679482896,0.009474064055896028
2.803684970119,0.008526587160360529
2.804589516855,0.008874184620052974
2.805530758748,0.008718343132739167
2.806455704597,0.009421832594750705
2.807455949741,0.009456033095285966
2.808461371904,0.008253110936007581
2.809339372341,0.008156647420931458
2.810207058729,0.008086305310870325
2.811067204902,0.008192498622095028
2.811937775715,0.008836155802804642
2.812876801036,0.008525714509287982
2.813784342565,0.008657507589363888
2.814706871415,0.008008366032095746
2.815560319812,0.009030717181429886
2.816522736157,0.0003052333240383975
2.816555271297,0.009462494516718663
2.817563655747,0.009378902220587317
2.818563776418,0.009358349202447384
2.819562473156,0.009427501388269376
2.820567778408,0.007757308409389263
2.821394238045,0.00846875264678346
2.822296094733,0.008791434725639204
2.823231516407,0.008810474491945393
2.82416880411,0.009309832670472381
2.825160725452,0.008687455282930943
2.826088063019,0.008389536183224425
2.826984942601,0.007140324040484872
2.82774866159,0.007761835085265135
2.828578805597,0.00922969499768947
2.82956609519,0.00841576192436513
2.83046763657,0.008480865307633966
2.831378300686,0.009320065145787714
2.832379802,0.00871284184417223
2.833315395635,0.009372243111496084
2.834320951384,0.00932161004062276
2.835321265305,0.00797670350912018
2.836177448027,0.00885052659025273
2.837126927886,0.008994410141699872
2.838092195262,0.008380772035655517
2.838992725181,0.00877894510278551
2.839937168179,0.007549137967556355
2.84074999895,0.008897938238148618
2.841709005779,0.009281648852399547
2.842711011846,0.008649010228240356
2.843645676601,0.008951355593554658
2.844612749962,0.009341116943339101
2.845622451611,0.009306588704091713
2.846629427676,0.009201730077876207
2.847625526301,0.00804438411589714
2.848495801412,0.007876601777577135
2.849346837763,0.00928614497111069
2.850350242527,0.009310331797704853
2.851358417187,0.009087001485092614
2.852344976116,0.009100256225501459
2.853334306477,0.00863853410141625
2.854274070087,0.00883296904286112
2.85523526825,0.008808868514426369
2.85619466033,0.007410958082506112
2.857002679803,0.0054427787144308345
2.857596143317,0.00912607025791997
2.858592148727,0.009159899179401576
2.859594318346,0.009210443333539079
2.860604056323,0.008087269099155107
2.86149126982,0.008369338972677883
2.862409122649,0.008841852846482992
2.863378389903,0.008316032390925267
2.86429011799,0.008641515983738449
2.865238948006,0.008753540999333734
2.866202069111,0.009073789312754071
2.867203081286,0.009125964490271315
2.868211946,0.009088039467741314
2.869216873867,0.009098867046842176
2.870223359356,0.009086975474919948
2.871228824682,0.009029174779572087
2.872227380594,0.00907808465163917
2.873230426538,0.009054079971809565
2.874231129915,0.00782560412024767
2.875097640825,0.00904150613705846
2.876099968158,0.008374105012148199
2.877028960821,0.009009591493151965
2.878029813584,0.009013278863279519
2.879032805315,0.007964256083844374
2.879920810098,0.008795169802206154
2.880902510844,0.008993170654549312
2.881907429348,0.008213889549841983
2.882826970637,0.00830948224043778
2.883758281848,0.008467891501110145
2.884707021139,0.008070118395068982
2.885610891312,0.00846612730429418
2.886560138864,0.008516949548802374
2.88751632335,0.008084089435626838
2.888424247871,0.0083543121634479
2.889362939181,0.008974769205814317
2.890372868279,0.008896411711603072
2.891376572277,0.008110706478756021
2.89229294803,0.008877058504257502
2.893295568496,0.008880565774562619
2.89429873003,0.008452476250812677
2.895252782589,0.00891611154589684
2.896258624,0.008980133316701538
2.897273028061,0.00422044603728785
2.897750327355,0.008859567632244493
2.898753126755,0.008248678982141943
2.899687684925,0.008230766058422326
2.900620583917,0.008943530233249408
2.901634080574,0.007704970057861048
2.902506706834,0.0071337194364366864
2.903314913983,0.007948858225928515
2.904215842073,0.00872719814099196
2.905205529866,0.008681058675403096
2.906193696412,0.007694022883379711
2.907073139762,0.00877440446972784
2.908077784466,0.00818176102472175
2.909015043975,0.00799569088172614
2.909931075637,0.008584899772613671
2.910915905284,0.007772110124096061
2.911808780822,0.007569465682635919
2.912679124493,0.0084041456089084
2.913646196771,0.007984592925709594
2.914567075935,0.007943631301377315
2.915485672853,0.008372802455701416
2.916454926659,0.008667852154008514
2.91746062066,0.008679333351971769
2.918469467945,0.008621201856407919
2.919471550098,0.008591271499998615
2.920470384873,0.008656269918246216
2.921476879962,0.00865162143686192
2.922482463549,0.007835424023785297
2.923392556629,0.008663400652940361
2.924398599504,0.008619322871223745
2.925400161087,0.008030023356594633
2.92633382761,0.007044791588528729
2.927152713716,0.008236324232941291
2.92810968705,0.008113950110955125
2.929053427747,0.006905026717942901
2.929857849915,0.007016387097563374
2.930676987599,0.008595645799024908
2.931683388059,0.007365057480136633
2.932548787634,0.008188184622737757
2.933513912555,0.007825745737009929
2.934437337431,0.008245464317719123
2.935410555199,0.008198696541528943
2.936379175194,0.00450387370820874
2.93691190644,0.008017335461652415
2.937861435664,0.00854292135465905
2.938874078742,0.008183277014474792
2.939844680748,0.008009842551114105
2.940795423736,0.007800275542621826
2.941721506218,0.00727265338986203
2.942584940401,0.00799969753014523
2.943534668932,0.008541077959913046
2.944549619347,0.007817929779341787
2.94548131417,0.008392185661996843
2.946483482034,0.007943578738878245
2.94743123569,0.008291752626176457
2.948420204878,0.00845073320739798
2.949428142849,0.008463497851646427
2.950438568087,0.008408178504634935
2.951444168899,0.00840962302855812
2.952449000139,0.008482470962368654
2.953461004897,0.008385086743670878
2.954461812529,0.008396083164155195
2.955465147598,0.008242190381205034
2.956449962551,0.007771478965926578
2.957378314628,0.007863338576957677
2.958317185961,0.008542303481045538
2.95933725622,0.008370455326115273
2.960339516635,0.008325819768691529
2.961338330381,0.008360569008838628
2.962341551178,0.00707952236489095
2.963191605725,0.007545258721577318
2.96409811097,0.007539237337158843
2.965003142503,0.007125435854850275
2.96585834186,0.00747054714502348
2.966755979078,0.00840198212250763
2.967766932956,0.008321246630531402
2.968771008053,0.008330572775083221
2.969779076998,0.008272977777178867
2.970780799138,0.008315575297356045
2.971787237684,0.007926600852752676
2.972745656221,0.008239695746649301
2.973741365262,0.008300880335630846
2.974745305337,0.007731876031115499
2.975680239352,0.008316165755852293
2.976684763148,0.008025215882494646
2.977654910843,0.008288001931845236
2.978658339765,0.008283136876575555
2.979661299872,0.007794404695183073
2.980603964925,0.008208560840515989
2.981595235459,0.008304817728981055
2.982597425474,0.00831318057384215
2.983601900123,0.008277989042869725
2.984604476519,0.007807526848306409
2.985551018422,0.007561555815637883
2.986468232345,0.00827100745268644
2.987471210679,0.008310010514665499
2.988479071977,0.008279800152542923
2.989485523823,0.008302893167343265
2.990496835777,0.008006184327816267
2.991473545408,0.007900123989021256
2.992437601777,0.007586943681562718
2.99336307022,0.008036715704783598
2.994343344147,0.007834962826466074
2.995299175847,0.008039597490795754
2.996280981603,0.008265223916203513
2.997291980008,0.007804714615384567
2.998248047085,0.008185860482628912
2.999251281155,0.008165437147739355
3.000252014465,0.008220783525105111
3.001259392859,0.008220660816062375
3.002266604681,0.008237173029349103
3.003275246238,0.008201407416974681
3.004279112813,0.007772163812708184
3.005231378235,0.008068267576504591
3.006220652839,0.008157551297991197
3.007221165296,0.008205050254125948
3.00822825612,0.007467820484660723
3.009145276238,0.0073966454361352185
3.010053737078,0.007158468219270595
3.010933574627,0.006234914977511266
3.011700859532,0.0066280877696199
3.012517698493,0.007213293983034946
3.013408031308,0.001501664075829442
3.013593549441,0.0072859885416673206
3.014493847552,0.007673142138299577
3.015442443932,0.008092221711049282
3.01644440037,0.0076926269913591
3.017397942041,0.00814118382331476
3.018407065743,0.007372527718530754
3.019319832075,0.00810802095731627
3.02032176332,0.006843535873575175
3.021167121095,0.00763051728683015
3.022110260481,0.008134143056869285
3.023115408274,0.007154973215117377
3.023999133706,0.007598983794169666
3.024938012482,0.006971097256404768
3.025800324235,0.007628362623789451
3.026745471052,0.007854596148252024
3.027721103998,0.007507830171614304
3.028656518811,0.008064822800503921
3.029661712523,0.008077104072475043
3.030667613444,0.00805894249496332
3.031670399289,0.007222134459619885
3.032567956814,0.007301390631218032
3.033474552455,0.007576741768147916
3.034414118208,0.008080323044371913
3.035415939218,0.007383298774407845
3.036332263493,0.00805543941282856
3.037332612116,0.008049485469100127
3.038333598606,0.008025472426047574
3.039333933757,0.007728681461013282
3.040298316209,0.008045876238842314
3.041302964184,0.007987450546987247
3.042301008903,0.008124769793215093
3.043316631754,0.008097932104989481
3.04432822261,0.00808796399057599
3.045336456366,0.008077657173021715
3.046342428947,0.00814165618634336
3.047357050441,0.008036830779679874
3.048359048193,0.007366051861336493
3.049276841062,0.006804999831525451
3.050124063739,0.007055027975901764
3.051001405519,0.00793244226394205
3.05198698626,0.008029130337572484
3.052987210413,0.007656558487874222
3.053944307761,0.007637170877205723
3.054899809076,0.0014894194765077366
3.055086175403,0.008000854583935329
3.056087072606,0.00755846742953337
3.057032505911,0.007841097973384302
3.05801305373,0.007429614628221441
3.058942345466,0.007244632628727804
3.059850200114,0.007008493419460205
3.060729627108,0.008105853253630682
3.061745718423,0.007978985437300301
3.062745887413,0.007977534274466614
3.063747169721,0.00800130406797616
3.064752190204,0.007352808293533254
3.065676278,0.007444485464278953
3.066611337598,0.007692404553434711
3.067576625737,0.007965457474506183
3.068576744718,0.008011184032022193
3.069583633435,0.007967021696408437
3.070585655565,0.00722120827124983
3.071494582343,0.007689630684170832
3.072461229252,0.007705799373261126
3.073427552444,0.0065625975310958234
3.074250389876,0.007072254858155406
3.075137236853,0.007792842592403112
3.076114345636,0.008050304590274447
3.077125054422,0.007950772193359695
3.078125075741,0.00798170172964361
3.079130210719,0.00800942721094828
3.080139679298,0.007624731409761432
3.081101177085,0.007982497305959698
3.082105985581,0.007966997672107675
3.083107880829,0.008030884357966546
3.084119664028,0.007185807821452988
3.085025698969,0.007109807213294669
3.085921679984,0.007385868029761463
3.086851597089,0.007941742987031196
3.087853022123,0.0077494219301380935
3.088832612749,0.007990055226633902
3.089842567053,0.007974808275912104
3.090849628935,0.007977353178774613
3.091855832363,0.007994101464858693
3.092862929151,0.007965585143093147
3.093866051511,0.008000181219547535
3.094875116117,0.007051757640247427
3.095766466809,0.007933284498784658
3.096770056925,0.007940454102962324
3.097773843399,0.00796775661532998
3.098780631159,0.007339471478625198
3.099707188763,0.007989344642880505
3.100713663617,0.007966110483962362
3.101716480621,0.008004319288007156
3.102724964039,0.008030204654060057
3.10373712263,0.00799724256320206
3.104745799829,0.007929701037498758
3.105746830532,0.007664611189329599
3.106714312422,0.007961753008742752
3.107720314423,0.007600644886673665
3.108681528053,0.007723874782911278
3.10965815481,0.007991773066107757
3.110669281824,0.00793415693429526
3.111672909848,0.007986743661491245
3.112682894491,0.007943133733994212
3.113687727016,0.007961069491930442
3.114694230032,0.0014975229945298045
3.114883464495,0.00781736425326387
3.115871422032,0.007494814364693911
3.116819871355,0.006519028584116423
3.117646324042,0.007943276087918973
3.118653831246,0.007927002337697551
3.119658080681,0.007450288672517645
3.120601212319,0.007575685505149536
3.121561775606,0.007881993822904708
3.122563286119,0.007898407868064934
3.123568441485,0.007787131640034049
3.124561657033,0.007928485137709228
3.125574805767,0.003546949096741405
3.126027887347,0.004417373981711856
3.126591778608,0.005032757753341456
3.127234364549,0.0062126606167386775
3.128026021814,0.0065794878320231155
3.128862851253,0.006368087809938066
3.129672543462,0.005615105856416053
3.130386503695,0.006008388811122186
3.131151005806,0.006192331964275093
3.131939718304,0.006043591584824577
3.132710445403,0.005615593954708897
3.133426555896,0.006260538166839019
3.134225472423,0.006368854554182889
3.135039705018,0.0059477635985938256
3.135800855539,0.005952912136813982
3.136563565294,0.005711500091722142
3.13729545017,0.005732598979052768
3.138029559558,0.006611582018015213
3.138876244601,0.005764466830676784
3.139613917415,0.005758900507208632
3.1403503075,0.005682333247062488
3.141076855295,0.005720212475820614
3.141808466003,0.005533681224163511
3.142516840539,0.0057186702993942354
3.143249791477,0.006099052555356432
3.144033174915,0.005700307393341363
3.144767477294,0.00573800785236596
3.145508088376,0.005770706070403643
3.146253352592,0.006433912791250466
3.147084407843,0.005284148112136448
3.147766946519,0.005739733808547495
3.14850863986,0.006064469804869188
3.149292896484,0.006293748325840825
3.150107310086,0.006214415510304736
3.150911660516,0.00561617112814811
3.151638240992,0.006013025093758848
3.152415366988,0.006227111226411875
3.1532193398,0.006101683592648025
3.154007244916,0.0063494015836808235
3.154827216487,0.006226983817114061
3.155630970565,0.007261017963872517
3.156568466528,0.007017218091021011
3.157475243703,0.006710064959403381
3.158342804375,0.006107042354034811
3.159132220402,0.005844959706234839
3.159887204611,0.005601469170625744
3.160610554569,0.0057463530106424835
3.161352512591,0.005066782445904607
3.162006586015,0.005795333228981693
3.162754820514,0.005632112521864742
3.16348275481,0.005840342158998899
3.164238398922,0.005516611494477893
3.164952313114,0.006676078206591945
3.165816402107,0.006025278769926911
3.166596468844,0.005551670713003525
3.167315644375,0.005837121759563351
3.168072217968,0.005260416170613704
3.168754276701,0.006158671388532125
3.169553444173,0.005897452699825263
3.170319732806,0.006052777632329966
3.171106939222,0.005416425142200047
3.171811634041,0.004699568669765074
3.172423233358,0.005369095064440223
3.17312207393,0.004427085899043133
3.173698236927,0.005654374213140597
3.174434544844,0.004408606979424066
3.175008942513,0.00532325636343243
3.175702527501,0.005575167739253204
3.176429521191,0.005810320021519711
3.177187522083,0.006155086517745952
3.177990375407,0.005757498229179125
3.178741212557,0.006608143129499554
3.179603424782,0.006217183181660587
3.180415916407,0.006392335654071211
3.181251379649,0.0072174302406753845
3.182193792256,0.006340357763508674
3.183021426243,0.005790267000184863
3.183777467314,0.00564440876432263
3.184514688722,0.0060650872320436935
3.185306312883,0.004977786470885737
3.185955748165,0.006314499280177487
3.186780200442,0.005692475118548137
3.187523862223,0.006309083100127629
3.188347882002,0.006040787816312608
3.18913671012,0.005848146096065734
3.189900831397,0.00588052355239553
3.190669802849,0.006439911206463086
3.191511478598,0.004551128389759922
3.192105786715,0.00458328496261054
3.192704204711,0.005711945812450804
3.193449742052,0.005584984086501837
3.194178661527,0.005505141925889929
3.194897063507,0.005715884775859708
3.195643005232,0.005734777355797847
3.19639241664,0.005667520840068487
3.197134939254,0.005683890782336552
3.19788181514,0.006507897539331658
3.198738783915,0.006138528001526192
3.199547806011,0.00571731181962927
3.200301522737,0.005687076447170637
3.201051234167,0.0045742221433632485
3.201654070258,0.004719073988183293
3.202275695864,0.005738537695395047
3.20303136493,0.006396111362415228
3.203874198045,0.006925556062547682
3.204788371037,0.006116535091496172
3.205596994116,0.0056372245426566355
3.206342050369,0.006152195860663137
3.207153965552,0.005823698834333625
3.207921572017,0.006585329278327617
3.208789986048,0.0053465586170397435
3.209495427512,0.006357548859388728
3.210333961451,0.006092875649924379
3.211137348305,0.0051926739673205016
3.211821768232,0.005607342551115436
3.212560863203,0.0053232466637032315
3.213262418331,0.004691808631219641
3.213880336808,0.005711183942997392
3.214631913945,0.005675142081288222
3.215378949788,0.0062278755061936746
3.216200195861,0.006016297144159128
3.21699529621,0.0061304498129028445
3.217806578053,0.005439263657157233
3.218526724268,0.005967740560374121
3.21931773455,0.006037031324273311
3.220119105231,0.006348913627224355
3.220963419905,0.0062566028571687735
3.221796492235,0.006161656011131991
3.22261691572,0.006200179439895974
3.22344267731,0.002242455458465838
3.223741345839,0.006472432359032634
3.224603052185,0.0063540493717138494
3.225449443187,0.00668174992543113
3.226340048016,0.006253134089063856
3.227173308503,0.006115218761946211
3.227987775457,0.006121945559030586
3.228802813722,0.005760948516912792
3.229570011756,0.0034455613740467525
3.23002900018,0.0046105194844016616
3.230643360883,0.00651755422263404
3.231512491669,0.006770112425774907
3.232415451158,0.006565108840701065
3.233290710833,0.005962400515058363
3.234085522716,0.005878540714002635
3.234869346517,0.006120316189451577
3.235686237377,0.005076330751658075
3.236364227656,0.005683693859798677
3.237124275001,0.006019932914107348
3.237931199162,0.006051844689841038
3.238743396835,0.005952762858196327
3.239542754651,0.005910601532181979
3.240337078996,0.006221277853166732
3.241173673829,0.004992974574550824
3.241845850279,0.005843735480940343
3.24263413921,0.005984842033369104
3.243442269328,0.0058765321452622764
3.244235563828,0.005849190024942646
3.245025274402,0.005630506158290864
3.24578618711,0.005648317690945603
3.246550340409,0.005926137518089802
3.247353103933,0.006444215989740052
3.248227951632,0.004482921631723019
3.24883787261,0.005834743818646234
3.249632928094,0.006078864875981036
3.250461679566,0.006192598279597597
3.251305268039,0.006268456109024332
3.252158535181,0.006041547994192398
3.252980783293,0.006226000280749317
3.253828507,0.0017379888628201111
3.254065244453,0.006276792207730393
3.254920307064,0.00275221327009138
3.255295483223,0.0041148237971188485
3.255857171337,0.005371602373095164
3.256591580257,0.006352982173574618
3.257461111086,0.006154120439359603
3.258303520935,0.004367851187541703
3.258901024432,0.00494987209841537
3.259578112634,0.005748093072954496
3.260365250272,0.006150437768284148
3.261210119669,0.005066516787930337
3.261908746208,0.006623725464467413
3.262823983365,0.006307358655795589
3.263696218203,0.00671401094466351
3.26462409628,0.0064291435857649374
3.265511521817,0.006493422153111087
3.266407168754,0.004148814371491117
3.266978936311,0.0033111181710356995
3.26743484079,0.0051923587746851305
3.268149673753,0.0062121056566830386
3.269004502842,0.005539651239664574
3.269766699394,0.0054983947670422945
3.270524375762,0.004875958926280841
3.271197357499,0.006299224268894524
3.272067365918,0.006149585294529966
3.272917198908,0.004576403470398949
3.273550047927,0.006109499099918529
3.27439589974,0.006654923119593296
3.275318306186,0.00669007490155628
3.276245842271,0.0057271155776161455
3.277040391125,0.005622576373020528
3.277821027082,0.006096083565184215
3.278667804,0.005531970721916952
3.27943693245,0.005609638243738684
3.28021861408,0.006105193357031323
3.281070555665,0.005467902792020769
3.281833777801,0.005599619235375488
3.282616076778,0.005892640801351838
3.283440559046,0.005662534863296797
3.284235109641,0.006847144082728824
3.285198935034,0.006172185760190159
3.286069070695,0.0060427076342576425
3.286921126325,0.006190203386710754
3.287793927465,0.0030476146119608784
3.288223582022,0.004812651317053774
3.288902452628,0.006163098493010086
3.28977232772,0.005639886723632995
3.290567722062,0.004797323210106428
3.291243545038,0.005600866427510706
3.29203190134,0.006056102582628009
3.292884186578,0.005294770021652687
3.293629658161,0.005585530298424512
3.294417100227,0.0056094390778455815
3.295209313431,0.0059083091191218465
3.296045234252,0.003958666748914598
3.296606490379,0.005153966891917321
3.297338702652,0.006141874913356649
3.298211889438,0.005951727200225952
3.299057592127,0.005948259451535291
3.299902807119,0.0059154838900849546
3.300743720294,0.005786506222661255
3.301567047716,0.005636175755303478
3.302369958621,0.005666892098148534
3.303178178222,0.005631224373911843
3.303982173797,0.005806431714874906
3.304812327715,0.006123825879546485
3.305689063243,0.003984744437386743
3.306259696667,0.004558113224615103
3.306912646336,0.005196834355349381
3.307657624299,0.005266589918623277
3.308412260609,0.006779434343621579
3.309382797062,0.006171793765795058
3.310266025975,0.006589742233476516
3.311209150206,0.006483249819953957
3.312137635359,0.005247057232660477
3.312889976509,0.005822593856522908
3.313725432657,0.006312254476003703
3.314632063058,0.0046118507575310655
3.315295677461,0.006361704607310144
3.316212351669,0.006237511212475209
3.317111226577,4.343083338532033e-05
3.317117482899,0.006368511064460438
3.318034688486,0.0060692212632733715
3.318909027343,0.006128843786364711
3.319792389118,0.0056484832192491615
3.320606634736,0.005972624821237515
3.321467590846,0.005906719624460527
3.322319672161,0.00467254740912843
3.322994829462,0.0036652241249938615
3.323524921367,0.0040414165570550106
3.324109659951,0.004867077778525883
3.324813934039,0.004929215470971308
3.325526832349,0.005795341840696775
3.326364667062,0.004611978251773338
3.32703144953,0.004546304500608318
3.327689325135,0.0050951406896225775
3.32842783118,0.004952956757531881
3.329146717298,0.005127899894838901
3.329892040123,0.005708880063788611
3.330723252717,0.006123134283428873
3.331615757317,0.006152790163635092
3.332513022932,0.005663386467306845
3.333339770319,0.005125044321461843
3.334088668763,0.004882519740939062
3.334802660172,0.005059223459415002
3.335543430894,0.004566742191165463
3.336213524924,0.005855230908665704
3.337074795962,0.005182342774558826
3.337838100894,0.005858919332649658
3.338701356766,0.004706159565292474
3.339394980138,0.0053709971878647435
3.340186963108,0.006078604330256929
3.341083630272,0.005710053109108035
3.341925834811,0.005410463706500097
3.342723682409,0.005047666188620844
3.343468286777,0.004774845603145144
3.344173010933,0.0056579927714594126
3.345009354014,0.005798337331239864
3.345868189477,0.005818614925860208
3.346731238994,0.005716312436737211
3.347580343508,0.005681397148023961
3.3484251612,0.00431942025732632
3.349067990239,0.004585977619883202
3.349751236663,0.006400767039877476
3.350706030922,0.006094880593878496
3.351615399804,0.00562858431747657
3.352454689938,0.00567529704504697
3.353300851537,0.0040489887173294995
3.353904876801,0.0038957479747713806
3.354486260746,0.0043978853873610285
3.355142512772,0.005736394592427606
3.355998648368,0.004830256625226974
3.356719794416,0.00495107006165495
3.357459566535,0.005711642319276601
3.358313809661,0.005660547717198457
3.35916106366,0.005654370420075814
3.36000840152,0.005629032286313226
3.360853348329,0.00513761532002188
3.361625644581,0.004103935810709443
3.362243190713,0.004248033302811986
3.362882933285,0.004603122205168542
3.363576848003,0.005732453692099217
3.364442841501,0.005330728944474522
3.365249673978,0.005319798052793296
3.366055596943,0.0056545411097587706
3.366913402493,0.004997602616555593
3.367672529307,0.004785046419040543
3.36839986335,0.004700270434011494
3.369114498294,0.004002163267855041
3.36972270848,0.00488128829592268
3.370463776799,0.005349830631303389
3.371275966977,0.0052504523426514784
3.372074770434,0.004431105266270923
3.372750379463,0.005633030204376787
3.373609902342,0.005640048595351525
3.374470696265,0.006158477515184266
3.375410446063,0.00578591961397646
3.376293646438,0.005997280172453592
3.377209659127,0.004619868981419707
3.377915734555,0.003467265948981369
3.378446169136,0.0036332107813123555
3.379001942971,0.005230605286161994
3.379801457286,0.005596514083790945
3.380656856666,0.005747672225317633
3.381536318579,0.0010215427077782601
3.381692795631,0.004398567622685608
3.382367122718,0.006398327019147493
3.3833488056,0.005771453278145305
3.384234096215,0.005440342886788662
3.385068444264,0.00553105460913231
3.385916591617,0.0059891130104998925
3.386835190623,0.006198621233307919
3.387787379126,0.004862788630589065
3.388535273474,0.0022653468884674378
3.38888375671,0.00320341285519334
3.389376250791,0.004346177443523205
3.390044148763,0.005354524664074553
3.390867446481,0.005708177278282043
3.391745889117,0.005711037874918324
3.392625580405,0.005411106006475541
3.393460115974,0.005824171946446485
3.394358939297,0.00582002552938788
3.395256949778,0.006196356110775494
3.396212911544,0.005954754886056707
3.397131633567,0.0025617965802793093
3.397526895706,0.003991020783111242
3.398143041501,0.004249032849921603
3.398799340104,0.004343717216863672
3.399470301719,0.005547061522713337
3.400326851179,0.005612578825030797
3.401192935549,0.0045575255261654105
3.401896470947,0.0041714559117612664
3.402541046158,0.00441493926889412
3.403223820051,0.004400045240358976
3.403905430815,0.0055736241517748124
3.404771262597,0.005645332839165048
3.405650269503,0.005828547910099259
3.406558969351,0.005778115552095293
3.40745976703,0.005425922644535484
3.408304480218,0.005780564255215764
3.409203705841,0.005705807494485947
3.410091082383,0.005397736858961158
3.410930558331,0.0054219467586440456
3.411774227332,0.003384601366275832
3.412300835079,0.0050433557879137675
3.413086070753,0.003925460770387787
3.413698061146,0.005193864830003568
3.414507754703,0.005395269183800637
3.415348566384,0.0028994847081079546
3.415800495696,0.006014581240014743
3.416737262391,0.00532660153040673
3.41756652893,0.005631045885828401
3.418443350183,0.005255780894508257
3.419262671385,0.005069845126500541
3.42005440362,0.005361260871547282
3.42089247938,0.0055863239986204336
3.421766884655,0.005424610229442791
3.422616888533,0.005910346765017286
3.423543133631,0.0031164693342576734
3.424031477637,0.0031407242008337664
3.424523516027,0.004118461125359586
3.425168381175,0.0055739071484205175
3.426040065871,0.0054425326842673215
3.426890317591,0.005622573958135519
3.427769385796,0.005739939646756481
3.428668646771,0.0030687445738695157
3.4291501862,0.003886600624426434
3.429760267042,0.00432220536728465
3.430438499368,0.0041910601127551185
3.431096211068,0.0033629619859309907
3.431624492587,0.004742683729043435
3.432370300594,0.005460425608378543
3.433229686457,0.004850999447466276
3.433993329829,0.005577991785747159
3.43487119515,0.0052612954702852075
3.435699856366,0.0054397313452918036
3.436557755131,0.004663567841199621
3.437293278096,0.0058399494863541545
3.438213997584,0.006109246775856087
3.439177925547,0.0051295860233649985
3.43998827585,0.006004420895825915
3.440937361151,0.004458188709994881
3.441641870669,0.003783876674058808
3.442239554237,0.004833740971154495
3.443002963499,0.005739831002598363
3.443908845439,0.005631067136465089
3.444796718983,0.0047094603524802416
3.445539438341,0.006200491728934273
3.446518541919,0.0037017712917704008
3.447103396089,0.002948906168770249
3.447569071024,0.006087416832706183
3.448529670155,0.005709137513754201
3.449429697389,0.005467097848967286
3.450290866139,0.004982486287830051
3.451075379411,0.005342448465728251
3.451916833543,0.005250074326064531
3.45274487893,0.004759707834745271
3.453496779792,0.0049023958361514445
3.45427254468,0.0053687841920020945
3.455123730811,0.005667506403113997
3.456022234295,0.005717612879743926
3.456927616352,0.005970507477392462
3.457872593652,0.006327933099771333
3.458874974213,0.005449265924591209
3.459738655087,0.005031188459473439
3.460535702828,0.0024075853203577107
3.460917004892,0.004805663880977418
3.461677843044,0.005870613063691264
3.462607742837,0.005506320035617017
3.46348039888,0.005301586679874142
3.464320783226,0.0030973020253466715
3.464812149215,0.004183394625160164
3.465476401025,0.005790062887696126
3.466397089557,0.004353970352430793
3.46709020447,0.005133777961066079
3.467907877867,0.005551392411811751
3.468792604502,0.005377682807657616
3.469649897627,0.0061268917312881435
3.470626794984,0.005245156219318509
3.471463188384,0.0043835938212317335
3.472162514163,0.004923644184963906
3.472948338725,0.005078955275929484
3.473759422009,0.004260924089686452
3.474441338749,0.005343711415229758
3.475298182855,0.005643381445579941
3.476203072068,0.005899741231590427
3.477148948257,0.005718621495097307
3.478065853163,0.006295965113956589
3.479075208896,0.005526770867573984
3.479961027811,0.006182472050377696
3.480951557022,0.005706217166690404
3.481865248493,0.0022767839134801705
3.482229589253,0.005486575037465509
3.483107368685,0.005984689377418416
3.48406448399,0.005541384734907881
3.484950635174,0.004519243101059138
3.48567376365,0.005982303000609129
3.486631248218,0.005624530155870894
3.487530966837,0.006093573599537196
3.488505102712,0.005740615710663172
3.489422490659,0.004925957811856689
3.490210272155,0.005174892115721083
3.491038687607,0.004926537356894321
3.491827186084,0.0056151619834535135
3.492725915853,0.005603014788960898
3.493624525448,0.004877029216361517
3.494408400764,0.005961864214167011
3.495367562046,0.004079447106155835
3.496024458025,0.004275084979079363
3.49671298749,0.005592028904016526
3.497612881324,0.0060093110293509625
3.498580069727,0.004937623360396279
3.499375812463,0.00572896970765634
3.500299424812,0.005449947834347003
3.501177987067,0.005547875861269503
3.502072765173,0.005760765112333023
3.503002405004,0.005317366188179891
3.503860961905,0.004970450028795096
3.504663824194,0.0036792257038958183
3.505258015646,0.005379791234960305
3.506127444446,0.005444511113847217
3.507008622197,0.003396819189878606
3.507559001475,0.004350860991107557
3.508264310688,0.005340197427636476
3.509129684328,0.0060429613401856794
3.510109162885,0.005353440908575838
3.510977598107,0.0056398327864509165
3.511892364754,0.004891176070280593
3.512685225973,0.004884089690151881
3.513477274927,0.005405469822393141
3.514354851852,0.005015116365908865
3.51517000525,0.005729327051564554
3.516102364893,0.003921387039673248
3.516740771331,0.005013891949301365
3.517557017755,0.004960232338226872
3.518364493143,0.00493633784863012
3.519167720743,0.0055073054571879495
3.520064377575,0.004903970988704921
3.520863463059,0.0054343939546633154
3.521748553729,0.005544727971522944
3.522651622684,0.0057169853911945906
3.523583847788,0.004605466779515593
3.524335601405,0.005879134285595137
3.525295406957,0.0061490816569628156
3.526300195738,0.006024982571885943
3.52728551092,0.004775299973293963
3.528065526001,0.0048125822153075905
3.528850935848,0.005580383567228047
3.529761722058,0.0052577070698753975
3.530620765666,0.0053759428027552476
3.53150016583,0.005822045342765019
3.532453334918,0.0058003181207538345
3.533404214053,0.005835895289323509
3.534361108231,0.005620326004143026
3.535282380178,0.005640710002974716
3.536206401832,0.005510894355706621
3.537108590895,0.005495141079249981
3.538008717682,0.004976060736248755
3.538824062666,0.005569947079166601
3.539736722918,0.005201470259813849
3.540590102851,0.005801427056625632
3.541544222033,0.005805131006570845
3.542501004953,0.005665830441473841
3.543435809265,0.005469538894858798
3.544338206256,0.005910853042358787
3.545313175355,0.006076293922003684
3.546315161032,0.005359777393000436
3.547199306574,0.005277182118540422
3.54807018918,0.005189919852550939
3.548926527235,0.00542877627077212
3.549823361416,0.005871731482887095
3.550795046216,0.0051611297616743065
3.551650120261,0.0060295212469935215
3.552650152675,0.0054588683863963
3.55355609014,0.005451055837269697
3.554460603254,0.006041292824573592
3.555462833444,0.005859327868434239
3.556435016958,0.004907259862260361
3.557249104538,0.0028839622772812825
3.557727190427,0.0055637117114410075
3.558649123134,0.006038981655363313
3.559650669499,0.005658786152958972
3.560590298457,0.005646129720237033
3.561528565151,0.005426977617833223
3.562430813544,0.0056887149615595465
3.563377276978,0.005943136038268866
3.564367820723,0.005588813552329531
3.56530009423,0.005265399079167863
3.566177928241,0.005372176647018502
3.567073062916,0.005549591003116658
3.567998067733,0.005489262901841768
3.568914275251,0.0053336554703923185
3.569806529535,0.005603158735964885
3.570745864217,0.005636383337153154
3.571692004507,0.005822184272522706
3.572670359165,0.005154076614610351
3.573537072135,0.005324558138143387
3.57443267727,0.005966191056989812
3.575437452441,0.005844859926978193
3.576423128972,0.00576353491536849
3.577395002801,0.00591173143476632
3.578391706205,0.005940865258201024
3.579392682866,0.005777466195997855
3.580366160452,0.0056091620936309415
3.581311685782,0.005653419279706591
3.582264262723,0.00594026131694346
3.583265501958,0.005937555321011667
3.584267714094,0.005920254574677258
3.585268230519,0.005963280652303602
3.586277240532,0.005914000451614388
3.58727816601,0.005844273310661641
3.588266330341,0.0056581187895943415
3.589223447138,0.005654136565566973
3.590181183975,0.005718588111579274
3.591150835254,0.005747135213458467
3.59212627663,0.005379630954321523
3.593039844113,0.005860460164946534
3.59403520458,0.00589017540398881
3.595036440943,0.005896611018226363
3.59603966571,0.005973342380239134
3.597056354332,0.0054007254611287
3.597975731522,0.005780902333942102
3.598959873645,0.005931190004347202
3.599969895356,0.0012379199658272629
3.600180787311,0.0058772001057735
3.601183286827,0.005504078634025231
3.602123408598,0.005635740097182372
3.60308739628,0.005595538067234104
3.604046431895,0.005552485829293674
3.604998627051,0.005888636141737448
3.606008468448,0.005874078182716442
3.60701641667,0.005691448420938088
3.607993742192,0.005844623866455534
3.608998326862,0.005662040178448477
3.60997196934,0.005882504306017403
3.610984344326,0.005862102969824598
3.611994309142,0.005827330764182972
3.612999056511,0.005808126598603149
3.614000881963,0.00579452299784243
3.615001198047,0.005529029891788028
3.615957249214,0.0058011245128581825
3.616961137417,0.005794402869369018
3.617964310015,0.005812078067352587
3.61897101266,0.004990894426995227
3.61983580318,0.0052982330814567435
3.62075421368,0.005498460126107718
3.621708498398,0.005433012225906216
3.622653083107,0.005656043261908729
3.62363791955,0.005627270511656655
3.624619612446,0.005384540625416557
3.625560384179,0.005753334368092054
3.626566131286,0.005410042640894354
3.627512026587,0.005443488177389261
3.628464491918,0.005187374617086259
3.629372475735,0.005758939890812152
3.630380852602,0.004801784841687183
3.631222426195,0.005178633147287093
3.632129896869,0.005432228502754759
3.633082098769,0.005716645327645561
3.634086633191,0.005714757862390335
3.635093438944,0.00519833752130487
3.636009739852,0.005422294449017082
3.636965215118,0.0054774880798686915
3.637931529579,0.0056010576728976105
3.638920865483,0.005697748662799376
3.63992778233,0.0051162025360510155
3.640833062063,0.005492925323666662
3.641805477505,0.00539762913575982
3.642761876373,0.005264573594783118
3.643696542085,0.002453429503635034
3.644132502522,0.0053981515297587225
3.645093170181,0.005573372746193309
3.646086354881,0.005613575746479799
3.64708725808,0.005240237600477371
3.648022403,0.005674081704120078
3.649035716803,0.0056685293697314445
3.650049029246,0.005608494829691267
3.651053066817,0.005616222362900764
3.652060441234,0.005456492779395538
3.653039528756,0.005449719027109679
3.654016370538,0.005517588557832224
3.655005193353,0.005279496982351986
3.655952135366,0.005465295228186447
3.656933109302,0.005484707943554734
3.657918071199,0.005576179137799554
3.658920458348,0.005558375504364953
3.659920953616,0.0055109053786915885
3.660914340255,0.005300387725801814
3.661871064345,0.005564366438802783
3.662876237595,0.0055541271731012545
3.663880186433,0.005551983982699997
3.664884507225,0.005164453022148801
3.665818501648,0.005070943621911291
3.666735283529,0.005536948229766019
3.667737123193,0.005259539581437604
3.668690896126,0.005502422050113585
3.669692103778,0.005504508785551632
3.670696068957,0.005497290202452105
3.671700112506,0.00549658853188611
3.672705464124,0.005493015372504758
3.673710385256,0.005405490274762725
3.674698253703,0.005475577628926835
3.675698400294,0.0054909514511231996
3.676702352195,0.0055138619115202726
3.677711656455,0.005470986392411717
3.678714500484,0.005528747014361432
3.679729111343,0.005366271836736139
3.680714410918,0.005466665923631422
3.681719082793,0.0052870262908219605
3.682691244559,0.0054592635872822825
3.6836961188,0.005440079710621458
3.684699472708,0.005246823920940666
3.685668419367,0.005071470117582268
3.686605200317,0.0053026747355709065
3.687585543344,0.005402006607163725
3.688586058074,0.0006501567644985038
3.688706602197,0.005405187777703064
3.68970958607,0.0054400482665690935
3.690720042571,0.005316021538181464
3.691708457546,0.005381740919766257
3.692710156146,0.005418725327963002
3.693719960042,0.005372715306082026
3.694722196237,0.005402984219639765
3.695730977576,0.005366805653011939
3.696734350235,0.005328065886251168
3.69773073531,0.005179473673689242
3.698699197626,0.005270838724017835
3.699685618522,0.0053018285462250805
3.700679552324,0.00520275663230464
3.701656722909,0.005228752775366346
3.70264132868,0.005342269965560978
3.703649159401,0.005249467159264772
3.70463988391,0.005274181396557798
3.705636823176,0.005136210797425288
3.706609285416,0.005278761140526195
3.707609693103,0.005303915015148956
3.708615362617,0.0052823853694088495
3.709617681366,0.00530309978572325
3.710624782228,0.005289740973129021
3.711629984698,0.005277533015365373
3.712633372438,0.005227487875494531
3.713627340777,0.00531077368854252
3.714638622732,0.005263260211992613
3.715643258488,0.005296280382758013
3.716655286249,0.005259551381068098
3.717660529224,0.005292363520022644
3.718672617345,0.005252553785831275
3.719678083754,0.005234960947514949
3.72068196626,0.0052529881301785
3.721690330619,0.005235767032526117
3.722696067915,0.005204893317010572
3.723698186049,0.005209992232381205
3.724703191902,0.005112759225569648
3.725690023113,0.005263701721453814
3.726707212839,0.005169276360824631
3.727707706623,0.005166291943004209
3.728709419482,0.0038147374326202065
3.729450095562,0.0051498158508951845
3.730450621179,0.00516881190988029
3.731455421662,0.005147190933449135
3.732456197151,0.0051593819957534304
3.733460966497,0.005151354187029587
3.734466826575,0.0051181011541754145
3.735467325456,0.005140421866929519
3.73647139649,0.005169171864907478
3.737480406473,0.005169295908833417
3.738490284688,0.0051588051151669565
3.739499971672,0.0051394418421525905
3.74050750825,0.005132384896275394
3.741514579339,0.005111950200771915
3.74251812903,0.005109515174248027
3.743521632117,0.005096476299386053
3.744523105867,0.005081686249574956
3.745523166147,0.005107066731261016
3.746531033458,0.0051324972934076825
3.747546111443,0.005061038979615546
3.748547658523,0.005054534893648195
3.749548549689,0.005085772727545224
3.750557215568,0.005082475319068363
3.751566767612,0.005085411599949933
3.752578291136,0.005032680424535514
3.753580617426,0.005093580266254149
3.754596051645,0.005015823616854452
3.755597069662,0.0049989263853291496
3.756595676463,0.005027323050709875
3.757600136355,0.005009547160634529
3.758602602933,0.005021417597351826
3.759609805189,0.005023613526116031
3.760617831387,0.005022069862716006
3.761625492603,0.005015486038660292
3.762633040641,0.00497589673070256
3.763633971333,0.004970869271965585
3.764634294748,0.005014745427508594
3.765642998163,0.004978732923613684
3.76664415182,0.0012054252633157151
3.766886616029,0.003917329221885262
3.76767482319,0.004184749211837182
3.768516781314,0.004175308073219792
3.769356077439,0.00440821462197645
3.770242571506,0.0042502054019309616
3.771098681006,0.004313887311902647
3.771968532873,0.004257453380884516
3.772827691649,0.004332366462117427
3.773702300585,0.004373337051511947
3.774584528013,0.004378779341894184
3.77546598956,0.004308417042893264
3.77632985365,0.0042752668020807055
3.777183012953,0.0043373115245229285
3.778045103313,0.004521206223293407
3.778941124237,0.004198440025922286
3.77977157676,0.004550177959529533
3.780669516241,0.004330881506906074
3.781522674279,0.004302681238455024
3.782369572775,0.0043941240393165545
3.783233395878,0.0038814035819577887
3.783995433345,0.003999949221053527
3.784780064068,0.0044104631814275595
3.785644683358,0.004337431768227093
3.786495396031,0.0045420052403752804
3.787386995886,0.004378424763678551
3.788246676306,0.00446839315113586
3.789124595718,0.004438643494055777
3.78999723054,0.004366509312850762
3.790855860998,0.0044873214516262545
3.791738384759,0.004489122529358933
3.792621991885,0.004721536776688205
3.793552512999,0.004047524714674744
3.794350661226,0.004366514960132696
3.795212231803,0.0044183956321228
3.796084815838,0.00450278058272785
3.79697448797,0.004031362166642797
3.797771367738,0.004498096794580858
3.798660971133,0.00451540408338089
3.799554436959,0.004057326549130091
3.800357196171,0.004256380709897766
3.801199037094,0.0033606601222434434
3.801863858779,0.00449068008231902
3.802752964117,0.004498430375766941
3.803644548766,0.003980752640889082
3.804434287478,0.004082276347262773
3.805244816803,0.004339688985690166
3.806106148439,0.00404654595470148
3.806908787782,0.004234006822209057
3.807749107602,0.0042597429573585175
3.808595608741,0.00415003552931106
3.809421073798,0.0042800423146669335
3.810273142189,0.00434590350951935
3.811139412604,0.004391887604527063
3.812015914139,0.004357465563122119
3.812886232894,0.00423334347829398
3.813732181074,0.0042865174948065
3.814588997406,0.0040702588764373274
3.815402761758,0.004446795473679174
3.81629211547,0.004574013217536903
3.817208083359,0.004406260968515703
3.818091824616,0.004319914395581595
3.81895903898,0.0043007149144235375
3.81982305972,0.004257916295310689
3.820678816933,0.0040319832756875555
3.821489776302,0.004332372303855564
3.822362323353,0.003974842403342404
3.823163882906,0.004442323673635362
3.824060880186,0.004290132521593117
3.824928473209,0.004700604473891542
3.825880171338,0.004086980657208572
3.826708156466,0.004305951732703385
3.827580964998,0.00440270944113725
3.828473959482,0.004271740718898324
3.829341080793,0.004487179677272134
3.830252922603,0.004199036703269911
3.831106937681,0.004413046713136772
3.832005121502,0.00435153526341992
3.832891487119,0.004437702911961675
3.833795835834,0.004543987388050613
3.834722398558,0.003937987408504151
3.835526280295,0.003984562808734213
3.836340893264,0.0039317832514740875
3.837145666717,0.004323590659960624
3.838032223668,0.0038731999348105544
3.838828840501,0.004362758971052308
3.839728311655,0.004341862215983837
3.840624479087,0.0042655531869122115
3.841506117103,0.004378138382777942
3.842411853119,0.004248025973470642
3.843290593497,0.004300808354665803
3.844180539375,0.004250956855466581
3.845060974463,0.004386730592457557
3.84597006174,0.004650101177359216
3.846934469162,0.00441398207630835
3.847851712855,0.004480330376368515
3.848784117705,0.0042923040179844215
3.849677422268,0.0041244891015867965
3.85053598327,0.004023200574903827
3.851374271799,0.004079842767725903
3.852225085363,0.004102632536596199
3.853081808341,0.004216538725177933
3.853964262223,0.003999102756977938
3.854802882639,0.0040924238639344634
3.855662522813,0.0041993719867798604
3.856546026886,0.003970692435163713
3.857383074423,0.004258579165978676
3.858282490154,0.004315451046325686
3.859194657225,0.004230542058266972
3.860089210401,0.004204157707018425
3.860978549853,0.004460075948165491
3.861922234109,0.003868476625149788
3.862741103994,0.004341268328839541
3.86366132423,0.004044649463664712
3.864520023771,0.004460563011974964
3.865468337968,0.004147789624612696
3.866352091628,0.004042682074946446
3.867215006527,0.003732144603762596
3.868012381038,0.004346914223933816
3.868942084368,0.004059747073750419
3.86981238222,0.00459462489686763
3.870799628494,0.004308851735752533
3.871726297142,0.0041204610753220895
3.872612629478,0.004680378218242022
3.873619397698,0.004358529061143965
3.874558148394,0.0018701746580202052
3.874961509403,0.004227086283723999
3.875873106072,0.004476966522552814
3.876837877194,0.004600812517383847
3.877829228197,0.003953947468505201
3.87868244976,0.004248408083961908
3.879600976204,0.0041482408018393615
3.880498671337,0.004194679413837917
3.881407456829,0.004219913415810987
3.882323261732,0.0039443408837081615
3.883180992864,0.004423052618825511
3.884145138581,0.004295979994387098
3.885083697395,0.004279127878306816
3.886020046172,0.004240165455984337
3.886949037722,0.004592396489211574
3.887956108398,0.0042244173969193475
3.888883169277,0.0041915232407337515
3.889803185389,0.004020006745275142
3.890685170488,0.004305015506447832
3.891630289484,0.004156203905264023
3.892544581517,0.00391165765919085
3.893406921585,0.004094276104382507
3.894310902078,0.004309845362904649
3.895263890307,0.004252066955125379
3.896206076434,0.004534728463490323
3.89721241911,0.004088988103262109
3.898121267406,0.0040258984883666925
3.899017636608,0.0040754742957935
3.899925554575,0.004274723708493078
3.900878581725,0.004054215657875382
3.901783378126,0.003920531373247373
3.902659101155,0.003739702497647839
3.903495042586,0.0039991225726627565
3.904390188758,0.004031242195925089
3.905294676591,0.0038823418684120663
3.906167740644,0.004082509027161765
3.907086935191,0.0042804065079538895
3.908051101537,0.004265713249596728
3.90901224152,0.0038437300656460924
3.909878594167,0.004186708813941924
3.910823004089,0.004333557907693745
3.911802375015,0.0018104410515277698
3.91221223276,0.004021690596165868
3.913123251035,0.003911415020520489
3.91400922611,0.004073040221721265
3.914932489246,0.003988473866950377
3.915837759447,0.0039790202802576745
3.916742664146,0.0043213612419211525
3.917728635964,0.004084033241473673
3.918662677812,0.004073060060433403
3.919595506728,0.00415707944244761
3.920549155684,0.004035125477615359
3.9214763169,0.004052812543974682
3.922407539896,0.003861357715665164
3.923294573264,0.003817534374319838
3.924171988051,0.004151413669499717
3.925127008449,0.004142244645904988
3.926081651118,0.003997711473659954
3.927004570799,0.0035946913066679433
3.927835634371,0.0041755409824206
3.928801926322,0.004091482723334696
3.929750155238,0.0041186380030041655
3.930706613906,0.003795781770042292
3.93158967023,0.003779880934903423
3.932470239257,0.0038639930546956708
3.933370854462,0.0038959411996464187
3.934279837043,0.003963555556550423
3.935206541477,0.003702078719623555
3.936073414757,0.003827287198941317
3.936969936299,0.0037159608675086855
3.937841287741,0.004117204896103515
3.938808207746,0.003634506791095864
3.939662663034,0.0037703489955916002
3.940549859747,0.0037616651243541554
3.941435960446,0.0040743917042715665
3.942397198783,0.004008825331605874
3.943344690613,0.00423248491092023
3.944347080307,0.0041773501548494065
3.945337653172,0.004113412316913136
3.946313449647,0.004222965054392715
3.947315748159,0.0033802280945340636
3.948118422805,0.004026310372085463
3.949074503258,0.004128634276561135
3.950055051265,0.0038897476886699694
3.950979525223,0.0037767590666972837
3.951877583403,0.003755412690896814
3.952770817656,0.004063320039262302
3.953738294176,0.0038422398076550885
3.954655382452,0.0039520748629051795
3.955600769082,0.0040285450122502856
3.956566147605,0.004220589842856519
3.957578959377,0.003768474200032848
3.958483926872,0.003990039362683353
3.959442333735,0.0037854668589337847
3.960351460651,0.004015223373581029
3.961316357005,0.0041781574842065785
3.962321513449,0.004184848979775768
3.963329090137,0.004140229065161413
3.96432682225,0.0038472552295371457
3.965254829253,0.00396227056035474
3.966211299686,0.003712986702591363
3.967108823607,0.004016307527915826
3.968081636855,0.004156677314198008
3.969089981511,0.004149581912999338
3.970097781358,0.004029114076410668
3.971076543995,0.004148136312027555
3.972083864893,0.004042637784683386
3.973066322647,0.003636898816751997
3.973950988663,0.004039422897876369
3.974934616157,0.003783615391321462
3.975857749446,0.003679022678726787
3.97675741906,0.004079665743401289
3.977757239453,0.004021181653119941
3.978744559394,0.004016234023460646
3.979731329169,0.00407736501075997
3.980732854673,0.003851561925809023
3.981679415595,0.003978087732553338
3.982658133877,0.0037980172864686295
3.983593873614,0.0007817790769759834
3.983786726968,0.0038919778909113556
3.984747756519,0.0040448985788418615
3.985747594562,0.004085128857257641
3.986758519205,0.003868533040063292
3.987717123141,0.0038195563040937
3.988664353162,0.003768191969605846
3.989599041538,0.0037751633886659855
3.990535570591,0.004048637493839705
3.991541090885,0.00401129843703207
3.992539672722,0.004021269115973048
3.993542683024,0.004036220612877405
3.994550216927,0.003933448235206967
3.995533032085,0.003845789156650078
3.996495162084,0.0037926463357338437
3.997444879449,0.0040305489571087864
3.998454600044,0.003807027685593201
3.999409038263,0.004006493762964273
4.000414434983,0.003994816971588111
4.001417339096,0.0038266832114538375
4.002378629873,0.003951585607161512
4.003370961659,0.003758866561621172
4.004314350719,0.0037556603784669506
4.00525768368,0.003981319784011806
4.006259046816,0.003916570771230884
4.007245977093,0.003966733893371528
4.008247861068,0.003962384557069863
4.009250172181,0.0036790543486960176
4.010181432776,0.004010300860881621
4.011196669762,0.0039645124340357205
4.012200953596,0.003928317532286357
4.013197141056,0.003966674861687268
4.014202747785,0.003957991481500449
4.015205445343,0.003967441230373846
4.016210826087,0.003944241966445179
4.017211401859,0.0037049251781148054
4.018152171124,0.003951537634529782
4.019155988695,0.003939917990841718
4.020157601931,0.0037948603267625096
4.021123354015,0.0025093092656049863
4.021762290088,0.0038324166669438525
4.022737982945,0.0037897261311356377
4.023702912716,0.003939913324449499
4.024706739946,0.0038658178074714653
4.025692298904,0.003925815778398812
4.026694397923,0.003859926437329333
4.027680587323,0.0036463904468734716
4.02861301447,0.003828091913310511
4.02959292091,0.00382314834393167
4.030572582157,0.00390707749670255
4.031575403549,0.0037139593680250663
4.032530067834,0.003945143011546071
4.033544987566,0.003909491873875919
4.034551383598,0.003772649151476717
4.035523745491,0.0039018438828718202
4.036529832872,0.003902918690666325
4.037535746439,0.003900346162209949
4.038541524229,0.0038279379655852906
4.039529777814,0.003695408100992316
4.040484586962,0.0038510565962508025
4.041480501119,0.0038686142171165862
4.042482618029,0.003818525394155977
4.04347399704,0.0038224818244730857
4.044468156832,0.003822920493275357
4.045463297142,0.0038450725051438314
4.046464635454,0.00388143124993551
4.047475245537,0.003862002773995784
4.048480646038,0.0038108809350643797
4.049474156388,0.003698388944532613
4.050439592426,0.0038284837569692977
4.051439613659,0.003777618705354553
4.052426984662,0.003378008703931551
4.053309614404,0.003745649099422572
4.054288338375,0.0038336579553134393
4.055291677152,0.003834253297947908
4.056297445533,0.0037456332333670427
4.057281868744,0.003810200384021012
4.058284209236,0.0038339988981897387
4.059293403905,0.0035952719505391783
4.060240876123,0.0038115363608399386
4.06124630503,0.0026678802258444517
4.061950532181,0.003735523342423097
4.06293741873,0.0038341291228792236
4.063950979143,0.0036575958192931537
4.064918757979,0.003780857032156296
4.065920658395,0.0037583207302653034
4.066917351972,0.003790833517828778
4.0679225704,0.0037323099253823155
4.068912305784,0.00379092080922086
4.069918071805,0.00375440006798463
4.070915088221,0.003647259833118018
4.071885001215,0.0037767085032535956
4.072890750277,0.0037494720086059495
4.073891165345,0.0033812768074463727
4.074795440899,0.0037732827636662056
4.07580552713,0.003351674979405288
4.076703088797,0.0033705792284167155
4.077606497319,0.0037679880934557686
4.078617804292,0.0034871301541305215
4.079556188422,0.003481287042158904
4.080494436545,0.0037712922999928247
4.081511464401,0.0037221033344578044
4.082516942331,0.003496390955749055
4.083463115573,0.0035028251114567685
4.084411479042,0.003715108147121186
4.085417625467,0.00351223385767295
4.086370673688,0.0037056534468184344
4.087377948281,0.0034550800753303905
4.088317909218,0.0037007168734954823
4.089325338875,0.003684340672418028
4.090328948223,0.003696765143820135
4.091337716593,0.003702966883645997
4.092350267753,0.0036857467409889787
4.093359011239,0.0036623883340793986
4.094361501612,0.003691202694029493
4.095372095809,0.0036243987594796563
4.096365662741,0.0034995326434915756
4.097326572422,0.0036587689201699842
4.098332293057,0.0036474716631340384
4.099335788791,0.0017629859930264266
4.099821097204,0.0036513803480247636
4.100826676044,0.003630955148583778
4.101827885972,0.0036302615364117927
4.102830217267,0.0036116960805237823
4.103827991267,0.003638538733221803
4.104833752505,0.003616577318187693
4.105834295843,0.0035671987634533515
4.106822354319,0.0036113394364845263
4.107823365994,0.003653321257338712
4.108836370989,0.0036114119101256746
4.109838897601,0.0036376594115193
4.110849446755,0.003604464430377776
4.111850305186,0.0036338589883496944
4.112858737308,0.003621511280420285
4.113864461928,0.003656908224818394
4.114880809359,0.0036325627393480877
4.1158910226,0.0036106814356377747
4.116897023986,0.003621888027209203
4.117908021564,0.0035972142111676325
4.118913586054,0.0036071424823506675
4.119922971602,0.003604368855825925
4.120931726145,0.003510111826086117
4.121913615202,0.0035871945287120695
4.122916650728,0.003598643939698446
4.123923534384,0.0036012179099796766
4.124933037682,0.0035759352194704302
4.125937395512,0.003565187711142089
4.126940161023,0.003498522263774716
4.127925279606,0.003586410580883774
4.128936329714,0.0035779406251087494
4.129946509166,0.0034160253276165416
4.130912046936,0.003544839975433948
4.131914184773,0.003573814738175459
4.132925164946,0.003269748436937679
4.133851896232,0.003568005166652721
4.134864368013,0.003483253002177708
4.135853915423,0.003540319415468943
4.136860959939,0.0035222105831167463
4.137863938214,0.003526683351927548
4.138869258026,0.003542050965130491
4.139879845944,0.0033759285765307765
4.14084383932,0.0035301128881657005
4.14185173251,0.0035279186210220234
4.142859150749,0.003444312986092889
4.143843379519,0.0035069915689453835
4.144846054132,0.0035407292119808143
4.145858208533,0.0034421188816917297
4.146842192375,0.0035039913898289167
4.147844845935,0.0034328178856072346
4.148828089031,0.003502536001071943
4.149831019676,0.003500743654785285
4.150833477491,0.0035079197695033586
4.151839783126,0.003513025463514785
4.152848300255,0.0034835012292504497
4.153848315675,0.003499047205891329
4.154853678884,0.003496537490032264
4.155859064318,0.003496367661885225
4.156865254755,0.0035084102849738995
4.157875309189,0.0034831886053505613
4.158877616646,0.0031922577007904088
4.159796843905,0.0034977658092343418
4.160805414894,0.003470255351071089
4.161807862674,0.0034639839937179355
4.162810271368,0.0034555969608106056
4.163810337961,0.0034739935839485717
4.164815925486,0.0034534329853660125
4.165815955237,0.0034634648793859754
4.166818325864,0.003477462876204259
4.16782420324,0.003475777690282018
4.168829951284,0.003473895774907698
4.169836275841,0.0034551756015950372
4.170838105763,0.0034496395807214314
4.17183843355,0.003479256467075074
4.172846844182,0.0034789930769481728
4.173855506043,0.003457803952599031
4.174859418061,0.0034664396138497384
4.175867282656,0.0034889859245296377
4.176882104175,0.003459825191857558
4.177888116163,0.0034604982882783424
4.178894971706,0.003451877767286208
4.179900250181,0.0034650848271227126
4.180909963201,0.0034272224429950805
4.181910076009,0.0034500348055007068
4.182918619449,0.0034340207384635233
4.183923812783,0.0034192208328695847
4.184925845069,0.0034146457075986615
4.185927410039,0.0034150915450179824
4.186930005805,0.003453088670756562
4.187945475661,0.0022671246397120625
4.188613469355,0.003357587224604261
4.18960383859,0.0034031327791866563
4.190607742943,0.003436116123418492
4.191622292393,0.003402300532758372
4.19262828396,0.0034070399789888324
4.193635448557,0.003411011410597571
4.19464387717,0.0034092237198048133
4.195653170228,0.0033948478260822463
4.196659987748,0.0033688917223010035
4.197660040596,0.0033775828561554717
4.198662627744,0.0033817471104575173
4.199666234957,0.0033862300698381514
4.200671332153,0.0033855024902498688
4.201677125047,0.003363252315362582
4.202677390729,0.0033802606411078226
4.203682744853,0.003386197620057854
4.204688861534,0.003383431801663255
4.205694605741,0.0033606430429055827
4.206695798947,0.003350865214734535
4.207696364469,0.003359805525310085
4.208701469483,0.0033553447160154753
4.209706613591,0.0033412875109727104
4.210708103424,0.0033358683155291567
4.211708923898,0.003332256113660628
4.212709385151,0.003342291333407338
4.213712987347,0.0033559444047859197
4.214721727471,0.0033237939805239635
4.215722498854,0.0033406962905467748
4.216729221327,0.003337273442811121
4.217735904227,0.0033117186800492573
4.218737113922,0.003324724273045797
4.219744356098,0.0033072719927599603
4.22074748769,0.003321040412837455
4.221755498431,0.0032953369838516692
4.222756406009,0.0033261245722110834
4.223767173193,0.0033023172493944
4.224771906145,0.003307515804683742
4.225779666384,0.003281237993407007
4.22678055901,0.0032757607319040772
4.227781752386,0.0032929974047863414
4.228790647808,0.003266452470976073
4.229793024111,0.0032824385110161412
4.230801332101,0.003280978844891222
4.231810191045,0.0032584186177774463
4.232813333443,0.003258600116516868
4.233817364943,0.0007647278684057796
4.234052981078,0.0032814276314476042
4.235064121144,0.003255217489744333
4.236068727336,0.003242054178887775
4.237071512344,0.003244408051673681
4.238075503767,0.0032498254651357663
4.239080758423,0.00326690998589082
4.240092667032,0.0032475897583105397
4.24110094911,0.0032204750027395447
4.24210226481,0.00324317638139999
4.243111189429,0.0032186083835841553
4.244113243609,0.0032207084469666023
4.245117926457,0.003199776390955581
4.246119115307,0.003203300909887157
4.24712349398,0.0032099844168513
4.248129874584,0.003210440769212678
4.249135773655,0.0032416546909148987
4.250152393149,0.0032035486112467547
4.251158914056,0.003213916033952368
4.252170216458,0.0031742919673019383
4.253170406011,0.0031850429952983276
4.254173912421,0.0032025855670782177
4.255182000163,0.0032352154224143557
4.256200893601,0.0031897728438895997
4.257208155064,0.003172617859360758
4.25821260317,0.0031592095749998573
4.259213574275,0.003201390415433285
4.260228719862,0.0032092352233662825
4.261248564364,0.0031613532283434193
4.262254911579,0.0031439665193848717
4.263256296588,0.0031399708631168356
4.264257840184,0.0031436321355719867
4.265262218069,0.0031351200046027426
4.266264995302,0.0031373194536609595
4.267269918133,0.0031268669886341527
4.268273228202,0.003139599216701394
4.26928223311,0.0031233814596297676
4.270287802548,0.0031012192940993452
4.271288358796,0.0031115803317064354
4.272293419421,0.003128820356557492
4.273304742755,0.00310205035679493
4.2743094029,0.0031195711888848798
4.2753214682,0.0030929348481726865
4.276325648975,0.003106854168767873
4.277336566634,0.0030963769504370182
4.278347769225,0.003086554006473412
4.279358528413,0.0030616988055205386
4.280362756024,0.00306087295381525
4.28136776825,0.003057239857923862
4.282372646318,0.0030716402899752227
4.283383629154,0.0013116694728790615
4.283815691632,0.0030408631802140576
4.284818028845,0.003048992025747829
4.285823931261,0.0030788580852639915
4.286840553544,0.0030507563357086995
4.287848589081,0.003036897607881969
4.288852917452,0.003027463201722571
4.289855441785,0.0030178121819477146
4.290856261301,0.0030285273343602604
4.291862360176,0.0030395069494106885
4.292874373902,0.002996342681771931
4.293874550472,0.003001884835365687
4.294878131773,0.003005355019050189
4.29588386842,0.0029958058774502347
4.296888147677,0.002983940423074433
4.29789001145,0.002976514907390958
4.298890344487,0.0029866886262319052
4.299895640814,0.002974819054480187
4.300899275751,0.0029810546768910986
4.301906788576,0.002970915856112897
4.302912145259,0.0029674630008381525
4.303918048493,0.002981831001731439
4.304930281485,0.0029703037660741938
4.305939698789,0.0029469314964072338
4.306941938458,0.002958053932674843
4.307949091237,0.0029419768176868616
4.308953183317,0.0029533611926077876
4.309962747113,0.0029457852703977314
4.310970039338,0.002951852463963946
4.311980297173,0.002933843297006892
4.312986594931,0.0029471564372659737
4.314000052097,0.0029266647965695333
4.315008151836,0.0029070626538340865
4.31601109334,0.002928295968309351
4.317023504661,0.0029138345051174883
4.318033282105,0.002887998732561299
4.319036311268,0.0028845690581763748
4.320041191911,0.002866118800150408
4.321043866478,0.0028713523904954205
4.322052247551,0.002867704835307171
4.323061837462,0.002842442551676562
4.324064512773,0.002832924878100265
4.325066251521,0.0028446147830244015
4.326074495091,0.002827398713830087
4.327078118052,0.0028184121476353494
4.328078989769,0.0028397586886244872
4.329088087634,0.00256157134444081
4.330000232584,0.0028025604995314517
4.331001532386,0.002582743769321008
4.331925741507,0.0027900623865442405
4.332924421714,0.0027954547063037093
4.333926731491,0.002812637878872649
4.334937260153,0.00278946879650866
4.335940011069,0.0027941411280648504
4.336943598323,0.0028437945768172296
4.337966032913,0.0028103590399489245
4.33898109578,0.0027660061056587566
4.339986335938,0.002754470932959152
4.340993238754,0.002748637249251574
4.342002701397,0.0027285759257159982
4.343008094018,0.0027110003757566544
4.344009427668,0.0027428983421123754
4.345025167279,0.0027073429957248764
4.346030313905,0.002727383235496042
4.347044327643,0.002688848617613264
4.348044949498,0.0026862586369197474
4.349046059753,0.002692865402636873
4.350051060208,0.0026797878106687026
4.351052159011,0.002732822817172015
4.352073702659,0.0026789864733334718
4.35307483488,0.0026856941860750883
4.354078769587,0.002680813120285929
4.355082572718,0.0026692665736986216
4.356083173256,0.0026835523506553525
4.357089037935,0.0027092153187741937
4.358104740698,0.002683310592837179
4.359111407336,0.0026676530695882916
4.360112342484,0.0026827261357518593
4.361118879551,0.0026799660125671116
4.362125002451,0.002701803192791068
4.363140911906,0.002704946522134606
4.364160131038,0.0026842391411469073
4.365172694397,0.002661104064869013
4.366176444208,0.002675503424807474
4.367185526547,0.0026654810618984962
4.368190881873,0.002707115658533333
4.369211802856,0.0026739080473932057
4.370220457482,0.0026530662516836435
4.371221752269,0.0026745630560039606
4.372231111266,0.0026851028499183635
4.373244273482,0.002666068049247885
4.374250567897,0.002650700086135698
4.375252040346,0.00013640961192291548
4.375303611652,0.0026769966634154927
4.37631567718,0.002664140169702391
4.377323197388,0.0026502323706974204
4.378325094129,0.002671745807646399
4.379334375923,0.0026570608673754568
4.380338905791,0.002663064844883931
4.381347414109,0.002648826627553007
4.38235195472,0.0026642028948946584
4.383363070478,0.002638850077963159
4.384364716252,0.002668696263340386
4.385378261908,0.0026298304464331445
4.386379241777,0.0026511690779930427
4.387391478614,0.0026218545710959985
4.388393786481,0.002635887155302039
4.389401456575,0.0026355793216970604
4.390409597418,0.0026253029717735327
4.391414655146,0.0026019100086878124
4.392412193069,0.0026067630401045722
4.39341306109,0.0026232259184496756
4.394421261592,0.002612916615810799
4.395427569845,0.002610999313176348
4.396435273794,0.0026049285337687135
4.397440493648,0.0026001634616707727
4.398443479549,0.0025908195182696337
4.399443913598,0.0025954942224555738
4.400447384891,0.0026130051713393653
4.401458332469,0.0025821759589749168
4.402459012232,0.002585982707866097
4.403463802179,0.002596730037646321
4.404474758324,0.002580549051150502
4.405480915526,0.0025843180774389666
4.40648925525,0.002620390803132761
4.407512477606,0.002570255591851398
4.408518089197,0.0025582295158685106
4.40952076909,0.0025753636052320084
4.41053131083,0.0025516021370744664
4.411533761997,0.002549848724412603
4.412536333485,0.002593415439909417
4.413556478178,0.0025439396059018723
4.414558461323,0.002542468810378693
4.415561781205,0.002538525675453532
4.416565928109,0.0025338900359077573
4.417571428098,0.0025166408359536107
4.41857305069,0.0025344440199048645
4.419582995645,0.0025150616174130546
4.420585956342,0.002277338223588934
4.421495225574,0.002515766726602378
4.422501322316,0.0025089383902142087
4.423507142828,0.0025286856476834357
4.424522953642,0.0024894371858776966
4.425525284082,0.00248671157577474
4.426528835384,0.00247711317761404
4.42753066251,0.002494982938403297
4.428542240072,0.0024712669746029736
4.429545790193,0.0024860030087851
4.430556733153,0.0024778668451171893
4.431566580499,0.0024793683409385795
4.432579708791,0.0024489996048227413
4.433582826021,0.0024584853207622265
4.434592479673,0.002436312475448128
4.435596050969,0.0024419002235752966
4.436604501167,0.0024337584539614915
4.437610922742,0.0024267473264254014
4.438615269516,0.002415150909920392
4.43961588206,0.0024152212496004384
4.440618420837,0.0024141766614738814
4.441623309796,0.0024064680817629724
4.44262688446,0.002434744816805271
4.443643196561,0.002438159212636184
4.44466246883,0.0024051187004120525
4.445670580236,0.0024042370762470257
4.446681055644,0.0023893196111299856
4.447686728298,0.0024265748741719474
4.44870878838,0.0023707139696497155
4.449709211535,0.002379992143876243
4.450716277451,0.002365259104562788
4.45171940102,0.0023672728260167144
4.452725846361,0.0023480318749332955
4.453727038994,0.002355246339996892
4.454734547049,0.002363977773583567
4.455748858914,0.002334109815532591
4.456752312268,0.002330653540281702
4.457755408225,0.001637297450341114
4.458460875833,0.0013792756569845491
4.459056465062,0.0014924115749988941
4.459702629015,0.0013401134377537185
4.460283774819,0.001407176108745433
4.460894327004,0.0020383813774058103
4.461779294426,0.0023041137633642962
4.4627800942,0.002314151051026856
4.463787424705,0.0023041610806125803
4.464794449138,0.00230703736319011
4.465806091263,0.001318892444400459
4.466385936436,0.001340250185564415
4.466976724954,0.001270218530643559
4.467538458652,0.0012146339166896384
4.468077058891,0.0011797185204188636
4.468600780055,0.0012140939176355546
4.469139700653,0.001215336369681123
4.469678903739,0.001243272638266746
4.470230155354,0.00175746577756517
4.47100890394,0.0017894057400503409
4.471801448804,0.0011822940554599413
4.472325220314,0.0011392357931019677
4.472830781538,0.0011288961283268872
4.473333015863,0.0011185045397816818
4.473831497592,0.0011281339871758273
4.474334680959,0.0011334940337143868
4.474840560011,0.0010528344141480825
4.475310650562,0.0011244177163431028
4.475812919666,0.0011327194475407045
4.47631916798,0.001008572545873351
4.476770184592,0.0008291385070622289
4.477141217475,0.0008285366265736518
4.477512247146,0.0008279383229787594
4.477883272096,0.0008738761580421542
4.478275168589,0.0008267020867245428
4.47864618537,0.0008909876808422889
4.479046455782,0.0009090264397837996
4.47945529281,0.0011540181505697031
4.479974927325,0.0011177462394347105
4.480479121265,0.0010895420610741997
4.480971596812,0.001079193997257907
4.481460137439,0.00020874444557923396
4.481554702269,0.000995980291452272
4.48200644687,0.0008162797832374038
4.482377424252,0.0008084194059028856
4.482745434496,0.0008138443447933833
4.483116403851,0.0007968571325584548
4.483480173563,0.0008112113271267122
4.483851136054,0.001003412647678694
4.484310770729,0.0008084923009075416
4.484681727583,0.001224113940019489
4.485244637812,0.002025216690693967
4.486180554951,0.000657950735578153
4.486486044111,0.0006563154479689734
4.486791530616,0.0018108340041038842
4.487639081107,0.0021269371518204553
4.488640885076,0.002124040592214438
4.489645901607,0.0021096296070576585
4.49064915419,0.002105849070019067
4.491655725478,0.0020912263417894815
4.492659583654,0.0020864318045167836
4.493664174983,0.0021034177141581413
4.494678723808,0.002082067062408594
4.495683980766,0.002103979933409547
4.496701067716,0.002071780569409628
4.497704093922,0.0020655410941295086
4.498704841969,0.00206794188449268
4.499707320255,0.002080394343656138
4.500716997876,0.0020787649255741623
4.501726691666,0.002065607892777035
4.502730316631,0.0020955649625255387
4.503747580835,0.002092412219334763
4.50476208669,0.0020884737657848942
4.505773417193,0.0020799548807882515
4.506779158818,0.0020796517714788037
4.507784187492,0.0020854742339639558
4.508792606994,0.002069404608036593
4.509794589992,0.0020751283958541636
4.510800474091,0.0021087187118573767
4.511822951523,0.002073045547049625
4.512827462654,0.0010873122554671839
4.513354116695,0.0020687659806089653
4.514356157363,0.0020789845819706347
4.515362464512,0.0021034067278629873
4.516379975741,0.0021045117631219305
4.517398035515,0.0020835109236529994
4.518405808432,0.002080062623443446
4.519411516235,0.0020831874309093627
4.520419633623,0.002073854395067084
4.521424705464,0.0020789691088309815
4.522432551125,0.0020750479422912476
4.523438319948,0.0020745803287951356
4.524443775619,0.0020781493031629275
4.525451739937,0.002059362177336387
4.526452334512,0.002071741406979735
4.527459832034,0.002073239610298526
4.528467415463,0.002067367992828431
4.529471078814,0.0020743361981281254
4.530477908738,0.0020582335218611836
4.531478011746,0.0020570181252979993
4.532478808521,0.002058050565644772
4.533480535457,0.002062203498465081
4.534483598889,0.0020581962676728817
4.535484414111,0.002093284922428469
4.536503058599,0.0020839170117652123
4.537517088493,0.002079594344674738
4.538528339665,0.0020882957859912213
4.539543762251,0.0020610760569277817
4.540545718783,0.0020581236522908054
4.5415469813,0.002082665132689697
4.542561882996,0.0020627701990206778
4.543567439006,0.0020553098667221107
4.544569385518,0.002076343043899628
4.545581473383,0.0020537856896634
4.54658157707,0.0020605839216426623
4.547584004389,0.0020810875688723317
4.548595893826,0.0020751743340443876
4.549604374296,0.0020591476752457854
4.550604486938,0.0020598525028258726
4.551604788119,0.002072268302207337
4.552611418404,0.0020633493040724104
4.553613538476,0.0020693435432800754
4.554617834293,0.0020726330517510947
4.555623337844,0.0020835377006921626
4.556634681008,0.0021718313190054344
4.557690449363,0.002064854363110396
4.558695165447,0.0020822924286780092
4.559708152635,0.0021577451003627164
4.560757776985,0.0020846307901582857
4.561772825378,0.0020714391654585856
4.562783266001,0.002062363702927906
4.563790844823,0.0020957027699377655
4.564815426599,0.002077158422114151
4.565831352535,0.0020880677869483588
4.566853018699,0.0020467990988023077
4.567855182188,0.0004728241323047649
4.568086844932,0.0020495848320496997
4.569092333782,0.0020412911867835693
4.570094694195,0.0020475824541177764
4.571100151515,0.002056459597754903
4.572111439526,0.0020291381616270652
4.573111505593,0.00204046468420437
4.57411858872,0.0020605178536139902
4.575137648903,0.002036523405625386
4.57614846081,0.0020075069480070228
4.577148920716,0.0020129935651189306
4.578156541282,0.001991783974031946
4.579157876957,0.0019919881452948127
4.580162050801,0.0020172687882625403
4.581180192325,0.001989086032584828
4.58218524302,0.0020006461590445484
4.583198510758,0.0019846855944427315
4.584206420442,0.001978247019057551
4.585213795508,0.001963434007680717
4.586215570845,0.001984560333605827
4.58722921554,0.0019599615497352414
4.58823252037,0.001951798851949727
4.589235303447,0.0019462053870085115
4.590237429556,0.001948167412118001
4.591241296211,0.0019492552513072237
4.592249068578,0.0019699179296277323
4.593272697788,0.001924476872632429
4.594277028282,0.0019229627832313403
4.595283207783,0.0019198699920364808
4.596289600907,0.0019630840927372254
4.597320547816,0.001904798088727349
4.598322787664,0.0019068281755760808
4.599328679307,0.0019297523468447156
4.600348833132,0.0018980698233177426
4.601353111184,0.0019106816822545135
4.60236371783,0.001907649283595135
4.603371174004,0.0018984574567615037
4.604373401961,0.001905867244451217
4.605381824855,0.0019252080265182018
4.606403719853,0.0019000780554011376
4.607414945143,0.0018914167548953697
4.608423879642,0.0019009725953487327
4.60944020179,0.001874891308946643
4.610444399239,0.001877820695710216
4.611451781844,0.0018698687652534116
4.612456894221,0.0018686592349218874
4.613464001578,0.0018532871116456952
4.61446519613,0.0018580502911216908
4.615470935497,0.0018809899533492641
4.616491196851,0.0018608506715189757
4.617501999296,0.0018559443982076233
4.618511256683,0.001857177222623522
4.619523019326,0.0018584625164556473
4.620537025749,0.001863463075323634
4.621554734627,0.0018697754427729704
4.622578104318,0.0018455168534931609
4.623591179594,0.0018336793936839743
4.62460041848,0.0018199074327099433
4.625604277928,0.0018502936588328355
4.626627553156,0.0018116885050636533
4.627632459912,0.001879193625045013
4.628677695352,0.0017965845951266714
4.629680409742,0.0007318517093660989
4.630090152871,0.0018061699421006293
4.631104247204,0.0017988206841481232
4.63211699737,0.0017911428196946426
4.633127695927,0.0017725077630499403
4.634129953671,0.001772675753615401
4.635134651465,0.0017946529272593735
4.636155705304,0.0017854304551591673
4.637175797617,0.0017463456774193013
4.63817647974,0.001754812459386475
4.639183458168,0.001759508026648693
4.640194951232,0.0017532766834422397
4.641205347822,0.0017505842421160001
4.642216763556,0.0017433182130632534
4.643226019482,0.0017260220796648021
4.644226127352,0.0017253922495121896
4.645226664924,0.0017349964968479431
4.646234591255,0.0017403979733336488
4.647247426458,0.0017293585634858943
4.648255213596,0.0017708632465736527
4.649288686297,0.0017197535740262663
4.650293469163,0.0017144820303907943
4.651296603389,0.001727078550549471
4.652308000313,0.0017379209040480112
4.653326153266,0.0017325684298964083
4.654343015204,0.00171224582575645
4.655350757954,0.001711217092701673
4.656360539464,0.001697686451698233
4.657365820764,0.001701229890016792
4.658377037366,0.0016844296262375053
4.659380835022,0.0016869492740063429
4.660386777167,0.0016886705655484032
4.661392974059,0.001689622231861716
4.662398646071,0.00176041349677031
4.663445891539,0.001692507072730354
4.664452981039,0.0016867200637936575
4.665457091648,0.0017069230690827223
4.66647320129,0.0017045920732288993
4.667487348132,0.0016978009322461342
4.668496739984,0.0017081476897030088
4.669513011101,0.001709933119807193
4.670533098845,0.0016850361767173799
4.671539409481,0.0016778215155468532
4.67254072077,0.0016779727560371303
4.67354253983,0.0017376859132562416
4.674580801465,0.0016933795879253448
4.67559242014,0.0016844341793501348
4.676598719756,0.0016880848473822888
4.677607502206,0.0016903224836761171
4.678616979909,0.0016994010805823187
4.679631315655,0.0016765267131015802
4.68063240885,0.0017222081506063306
4.681661717296,0.0016804026577417024
4.68266715311,0.0016936818926316826
4.683681954793,0.0016740578125416972
4.684686025916,0.0016881657155152622
4.685699010406,0.0017182131935154874
4.686730702045,0.0016913392816800875
4.687747271659,0.0016628168281944103
4.688747954736,0.001677102131808128
4.689757983066,0.0016965571046281287
4.690779258278,0.0016666994880525365
4.691781994147,0.0016723809618564589
4.692788553589,0.0016714175419997538
4.693796061383,0.001669757990522415
4.694804511966,0.0016598525281308865
4.695809868442,0.0016914629568403625
4.696838368875,0.0016578043368057822
4.697848173187,0.001644947145366438
4.698850093592,0.0006945756137141379
4.699273276451,0.0016585867231824996
4.700284454033,0.0016555759199454766
4.701294295756,0.0017026830868199405
4.702333096779,0.0016407030290063092
4.703334618341,0.0016719015331847118
4.70435609134,0.001672923073735991
4.705379693703,0.0016778105721481917
4.706408619975,0.0016823430700450802
4.707442119755,0.001633651986084986
4.708446099928,0.0016294660869672418
4.709447194914,0.0016405077095592376
4.710454824371,0.0016361248838920096
4.711460086464,0.0016390857505564774
4.712467927585,0.0016892947666212982
4.713508139237,0.0016228809233410578
4.71450906073,0.0016205007165993705
4.715509807695,0.0016760914368289983
4.716546329189,0.0016617005907825664
4.717573792724,0.0016291866133974816
4.718579621193,0.0016607993322025575
4.719604401769,0.0016301218713714897
4.720611417664,0.0016301884009426522
4.721620740265,0.0016408069045428931
4.722638258078,0.0016227874478360778
4.723645760927,0.0016165863559135592
4.724650582256,0.0016164620987106713
4.725656028598,0.0016171350300148292
4.726662994351,0.0016022956207372447
4.727663063897,0.0016243359422683458
4.728680404174,0.0016482625611763655
4.72971534146,0.0015945221692819022
4.730717345475,0.0016529489429246748
4.731756823702,0.0015908599177280535
4.732758214365,0.0015888626921081515
4.733760313781,0.0016122127875596755
4.734780036206,0.0016524921720469572
4.735827172263,0.0015930809245438089
4.736837560782,0.0016010595028334647
4.737853495213,0.00159182603076487
4.738864350149,0.0015723056138722733
4.739865394597,0.0016007503906367887
4.740888524758,0.001609470431659915
4.741920634215,0.0015644976177130669
4.742926338547,0.001561764102980174
4.743931880995,0.001590834630466717
4.744957539846,0.0015734733686469477
4.745973173452,0.001580666714476477
4.746995073425,0.0015459237153083124
4.747997176029,0.0015373150855944454
4.748997446477,0.0015395715618071576
4.750003309202,0.0015434224171480444
4.751016180627,0.0015719403932272793
4.752053110633,0.001607078115200486
4.753118462598,0.0015065608280190714
4.754120891801,0.0015121882348727808
4.755129144601,0.0015560408797464806
4.756167997834,0.001579944673807918
4.757224528422,0.001497101811598448
4.758228427581,0.0014861688303566306
4.759228472009,0.0014923126586651122
4.760235826465,0.001508657972322476
4.761256360001,0.001477760233671413
4.762258485448,0.0014733530926373385
4.763260701131,0.0014818716237797165
4.764272015463,0.0014739760255840912
4.765282323189,0.001461837574448241
4.766289480052,0.0014750719533459166
4.767310661419,0.0014555661754628592
4.768322257855,0.0014608172356117516
4.769339836235,0.0014778777059956869
4.770370728655,0.0014317823195336918
4.771371724419,0.0015212014415228647
4.772437678665,0.0014620769920971094
4.773464342232,0.0014345561805369931
4.774474315842,5.607150374385529e-05
4.77451384694,0.0014416457785117968
4.775530729672,0.0014301457450620462
4.77653990369,0.0014269613005406267
4.777546826074,0.0014673387936628207
4.778583620845,0.0014168927837400866
4.779587086971,0.0014248887702623567
4.78059852826,0.0014270869698049323
4.781614983186,0.0014259002861097614
4.782634635873,0.0014239770776405137
4.783655941716,0.0014061208048546069
4.784666488861,0.0014042535560789163
4.785677658918,0.0013936876340977665
4.786683320722,0.0013923356457818687
4.787690113553,0.0014061453652411985
4.78870887844,0.001455916692096852
4.789766571874,0.0014291345202596087
4.790807754116,0.0014194357443025022
4.79184356696,0.0013819253691452645
4.792853498738,0.0013757159810461762
4.79386133319,0.0013642691545577993
4.794864102789,0.001402220993379112
4.795898038058,0.00135728094921917
4.796901026488,0.0013595658365101225
4.7979059964,0.0013817868955655714
4.798926760434,0.0014482790301960885
4.799996424641,0.0013614275396425656
4.801002109829,0.0014366903520476402
4.802063435717,0.001366293881198025
4.803073709084,0.0013720565478276866
4.804090686247,0.0013560414064864548
4.805098484872,0.0013905246913222856
4.806134481103,0.0013464227900718616
4.807140016698,0.0014315146805367338
4.80821199612,0.0013505486752021269
4.809226764903,0.0013355252788547541
4.810232933101,0.0013330090739940422
4.811239057656,0.001329429652062778
4.812243889742,0.0013561525071527655
4.81326922038,0.001344480205127993
4.814286679944,0.0013380013782439309
4.815302052507,0.001327771977039022
4.816312997945,0.0013313142370640417
4.817329865132,0.0013100755967440164
4.818333815751,0.0013344499202906103
4.81935926187,0.0013025030404121584
4.820362960814,0.0013092571528861407
4.821374682801,0.0012919261154612244
4.822374829207,0.001293140985756057
4.823376929344,0.0013057455659839733
4.824388871206,0.0013012135895963894
4.825397042039,0.0013048071504823222
4.82640843666,0.0013103515322665992
4.827425390765,0.001303525447251435
4.828439521494,0.0013555158546314679
4.829496141193,0.0013716568512373503
4.830565295332,0.0013164093485278422
4.83158990573,0.0012876119547445344
4.832590210567,0.0013508973352906444
4.833638512768,0.001321156412136481
4.834662755506,0.0013361392232174572
4.835697178253,0.0013322296839760263
4.836727270656,0.0013780210048043135
4.837792073576,0.0013201809515866582
4.838811979311,0.0013176918983640049
4.839829747231,0.0013200763768356702
4.840849100445,0.0012995984735649805
4.841853016544,0.0013321935872048032
4.842883422632,0.0013143273048347196
4.843901953801,0.0013181777838417326
4.844925564693,0.0012878613460444474
4.845926743649,0.001303994921592101
4.846940949185,0.0013014468325438342
4.847953804171,0.0013838977824561297
4.849031382978,0.0012864127083946557
4.850034094341,0.0013508304705799716
4.851089323727,0.0012892991356215338
4.852099130896,0.001280935249840635
4.853104830382,0.0012725647150244935
4.854105547427,0.0012774643915081053
4.855110938078,0.001276123026594319
4.856116575337,0.001285221559139641
4.857130918997,0.0008741401833549607
4.857822048843,0.0012953825099826313
4.858849081036,0.0012598358348250016
4.859851066524,0.0012814684336448258
4.860873275532,0.0012772323775530545
4.861895225856,0.0012623023091105465
4.862908603162,0.0012493832375100732
4.863914793149,0.0012568540579179217
4.864930066923,0.0012572595955716447
4.86594818653,0.0012498244105886734
4.866961926416,0.001282727941002781
4.868004170719,0.0012712598467960448
4.86903817527,0.0012442475342374412
4.870050471642,0.0012381133735491362
4.871058393383,0.0012318062809288876
4.872062242523,0.0012483402164941483
4.873081142291,0.0012592241317943408
4.874111490567,0.0012214165567364776
4.875114304753,0.001220076444424404
4.876119228661,0.0012694829914217695
4.877167745389,0.0012291952498835802
4.878184972894,0.0012277215833328397
4.879202199362,0.0012271569845945603
4.880219414859,0.001293607490854746
4.881291358535,0.0012678518697029212
4.882341840759,0.0012381186669494413
4.883367705237,0.0012098204464333776
4.884370827862,0.001209804208838927
4.885375339781,0.001209646798175838
4.886380890408,0.001208312954314919
4.88738661299,0.0012591951133319639
4.888436718549,0.0012118182124949053
4.889449684255,0.0012045105102237144
4.890458691523,0.0012008680439009858
4.891465773445,0.0012745572424443937
4.892535782456,0.001237296680252741
4.893575782456,0.0012712657022153
4.894645588916,0.001230319051510079
4.895682617427,0.0012298103843809496
4.896721026023,0.0011904094200709727
4.897728250829,0.001212982095238306
4.898756802956,0.0011820435780223347
4.89976149772,0.001175160463552539
4.900762825834,0.001175496413817494
4.901766853064,0.001177040677835284
4.902775153721,0.0011760270123457965
4.903785636302,0.0011746282943614133
4.904798160735,0.0012005948987344674
4.905837149647,0.0011691046371728102
4.906852708513,0.0011864463376406965
4.907887109282,0.001175663609303369
4.90891600205,0.0011399502795892882
4.909917328011,0.0011515102412982727
4.910932376227,0.0011377171206775078
4.91193854504,0.001136304549419267
4.912947204347,0.001133688676915838
4.913957564543,0.001136426850154123
4.914973883346,0.0011355352018287469
4.915992929492,0.0011406680097708873
4.917019574289,0.0011172226875430036
4.918027376754,0.00015619464224116703
4.91816844983,0.0011105580757626117
4.919172043154,0.0011036004425960659
4.920172889723,0.001127421009837435
4.921199791585,0.0011004348484557193
4.922203818828,0.0010991586174872703
4.923208581653,0.0011134411685900531
4.92423060887,0.001100786720916959
4.925246979005,0.0011223844954882881
4.92628911674,0.0011259227087834687
4.927340125368,0.0011092844945772722
4.928380125368,0.0011069599499463137
4.929421970007,0.0011106806064751717
4.9304711379,0.0010633297620340763
4.931478393624,0.0010917044235302226
4.932516260171,0.0011176205269294933
4.933582729076,0.0011000770079225574
4.934635226286,0.001044261672230751
4.935636341853,0.0010522610008085716
4.936646533957,0.00107640115561773
4.937680685866,0.0010592916135211388
4.93869946422,0.0010540096360066172
4.939714041757,0.0010913775551330783
4.94076543894,0.0010789722471419468
4.941805916257,0.0010782912803539478
4.94284662787,0.0010423352704444255
4.943854500544,0.0010776572982710351
4.944898314966,0.001044288278053296
4.945910577549,0.0010898402918935743
4.946967612122,0.0010334704787430982
4.947971395019,0.0010745016022487546
4.949017173542,0.0010412027025854963
4.950031705909,0.0010835673731376472
4.951087971243,0.001104919967348971
4.952164835523,0.0010386329168474116
4.953176601889,0.0010425361720114695
4.954192235227,0.0010854339164093631
4.955249983814,0.0010324766606010592
4.956256105755,0.0010510438217901648
4.957280033593,0.0010678291182095508
4.958319770537,0.0010548445795567816
4.959346726941,0.0010523018650709748
4.960371457507,0.0010406018352651719
4.961384552929,0.0010737348213856563
4.962429381443,0.001028473056515232
4.963430142008,0.0010310137210707818
4.964432919264,0.001059451617934574
4.965462638514,0.0010699696197207854
4.966502181896,0.0011000887687247188
4.967570181896,0.001057899490528731
4.968596047868,0.0010544598684545342
4.969617278746,0.0011044282314744882
4.970686315645,0.0010919982170832054
4.971743145639,0.0010505174001769054
4.972759797035,0.001040841981735396
4.973766989573,0.0010566957109049637
4.974789153388,0.0010334198918004818
4.975789200292,0.00104790521151322
4.97680446384,0.0010716124319196105
4.977844189364,0.0010567383590737852
4.978870952646,0.0010571404689220913
4.979899988459,0.0010295393287917294
4.980904083705,0.0010704747155785917
4.981950018258,0.0010624088673755387
4.982990498594,0.0010811198889276966
4.984051792608,0.0010614467381245174
4.985096104708,0.0010473577440426958
4.98612886554,0.0010341146645007956
4.98715091782,0.0010130702557816203
4.988154964232,0.0010105532254109837
4.989159033099,0.0010076914200223364
4.990162120694,0.0010603332379549293
4.991220091811,0.0010521016614499408
4.992271803554,0.001005143135388209
4.993278122457,0.0010046733743646458
4.99428681034,0.0009991653948424409
4.995291987044,0.0005608819138426389
4.995856921255,0.0003998107414523123
4.996260365699,0.0009927817378453706
4.997264651732,0.001003654981643134
4.99828244394,0.0009905088431455885
4.999289462841,0.0009939013330667625
5.000302546344,0.0009855068721364214
5.001309250148,0.001014075038569787
5.002347797465,0.0009767491233476256
5.003350285674,0.0009771539343210339
5.004355023054,0.0009771388364560641
5.005361955281,0.0009848747349523424
5.006378890699,0.0009783001090060343
5.007390913611,0.0009715627278561875
5.008397777459,0.0009661648440202398
5.009400856361,0.0009762309357897002
5.010416878715,0.0009969943925307594
5.011456878715,0.0009948596214761022
5.012496878715,0.00099258314219094
5.013536878715,0.000981614012277498
5.014567471825,0.0009642452664071346
5.015581726366,0.0009622560006403245
5.016595924447,0.0009601647189786579
5.017610092627,0.0009777144419261573
5.018645005193,0.0009474685315211751
5.019650067963,0.0009591120450731639
5.020669525453,0.0009709011988269047
5.021703953386,0.0009608125204909057
5.022730303272,0.0009710844778812058
5.023770303272,0.0009658160629180089
5.024807531345,0.0009464817025321087
5.025827040589,0.0009573817498724074
5.026861220246,0.0009700017754406545
5.027911884858,0.0009267591432873121
5.028918721607,0.0009365801894614329
5.029939258179,0.0009309038707193981
5.030956820774,0.00091502626658392
5.031960289315,0.0009277293744997452
5.032981299274,0.0009143174552067878
5.03399135188,0.0009667657405375993
5.035062583694,0.0009605309956716602
5.036129708425,0.0008981379062830198
5.037130275346,0.0009046999651502912
5.03814009093,0.000922776384879217
5.039172356435,0.0008927424303927348
5.04017366528,0.0009043538465157877
5.041190293604,0.0008930762911713643
5.042196703015,0.0009043261115609941
5.043218311413,0.0009108214092941962
5.044250156841,0.0008908719524619664
5.045261933577,0.0008795800789244497
5.046263016181,0.0006324216667647606
5.04698414957,0.000911895145067008
5.048025926891,0.0008779353069806482
5.049031631168,0.0008768542688399759
5.050038536602,0.0008858085955193379
5.051057625581,0.0009101131540932695
5.052106311741,0.0008685956730121745
5.053108763811,0.0009194254199971052
5.054172152076,0.0009149150444354518
5.055232269908,0.0008978559608488506
5.05627514183,0.0009144770152285207
5.057339875512,0.0008716360329563609
5.058356135685,0.0008695385888184741
5.059371435988,0.0008766293346348251
5.060396833351,0.0008706253051103739
5.061417343997,0.0008652425429426772
5.062433530945,0.0008822841507019657
5.06347153655,0.000893964175956735
5.064525145483,0.0008559269413909191
5.065535426604,0.0009121633030301855
5.066614098232,0.0008455425583879361
5.067615770867,0.0008765067691758745
5.068655770867,0.000868049748495768
5.069687514285,0.0008576480028329136
5.070708661859,0.0009036283657932111
5.071786427205,0.0008487123159335089
5.072800364843,0.0008364384519016657
5.073801549082,0.0008526463759948599
5.074824212451,0.0008510575534504306
5.075847307779,0.0008709314370208332
5.076897382051,0.0008330130266199693
5.077904786624,0.0008860262164636554
5.078979169808,0.0008277065681118348
5.079984413136,0.000746823818986342
5.080892105025,0.0008451085031527113
5.081920009569,0.0008524886354214318
5.082956872839,0.0008293940314909737
5.083965928522,0.0008510179236731011
5.085001922511,0.0008519173871654997
5.086038675309,0.0004451689864450095
5.0865801692,0.0008377660646169779
5.087598747163,0.0008325594423566314
5.088610837264,0.0008549611870550475
5.089649826084,0.0008255704880834121
5.090652996628,0.0008243719050284343
5.09165468679,0.0008351884542383311
5.092669794651,0.000873989288687928
5.093733190075,0.000833479172205958
5.094747667223,0.0008734260482621051
5.09581084976,0.0008262498572947657
5.096817095264,0.0008256333750433336
5.097823305277,0.000853120494629291
5.098863811675,0.0008299048220964983
5.099876855775,0.0008357852409509009
5.100897013139,0.0008208523572405283
5.101898554016,0.0008675743556179899
5.102957035657,0.0008456895815327268
5.10398844982,0.0008222101162072622
5.104991129819,0.0008206154000319826
5.105991455349,0.0008283981511208652
5.107000589223,0.0008279259477526144
5.108008911718,0.0008623209529825586
5.109059310891,0.0008564549733650032
5.110102729091,0.0008230011310787324
5.11110587038,0.0008295959951990006
5.112117913812,0.0008216234522975495
5.113121553838,0.0008696740089150971
5.114185461348,0.0005997686493967486
5.114920181554,0.000824422774932201
5.115931015851,0.000834391286758462
5.116955036893,0.0008517638927319156
5.118002351919,0.0008238388520833161
5.119017168561,0.0008136232278062234
5.12002178195,0.0008616466948173649
5.121088408284,0.0008383568198348764
5.122128408284,0.0008049438114672884
5.123129899946,0.0008059352712916404
5.124135754645,0.0008500688546920646
5.125199173697,0.0008578291485021971
5.12627501789,0.0008056228264011317
5.127288166088,0.0007987464453419811
5.128296157955,0.0007925768277060998
5.129299848452,0.0008099553484953983
5.130328889526,0.0008082720662087778
5.131359737433,0.0007836827815912105
5.132362791731,0.0007808311466584712
5.133365978477,0.0007928375466779543
5.134389302631,0.0008029999663266198
5.135429302631,0.0007887506896961446
5.136453087717,0.0007834204325970777
5.137472529058,0.0007993833427746492
5.138515321335,0.0007839085823480338
5.139540639704,0.0008096243115757175
5.140602233365,0.0007905346485444678
5.141640902125,0.0007709717903018296
5.142655796244,0.000785813167835886
5.143691837381,0.000773285567666944
5.144713441068,0.0007708993612495029
5.145733827495,0.0007755767036752884
5.146762260815,0.0007851698003989353
5.147805245448,0.0007714776556779036
5.148831493207,0.0007575070106138994
5.149840951096,0.0007776534304238023
5.150879007081,0.0007710479763773063
5.15190996296,0.0007634634961419609
5.152932598092,0.0007574425203343371
5.153948814733,0.000781901353816785
5.1549993958,0.0007784080502615285
5.156047035503,0.0007706650912680155
5.15708602758,0.0007676459718920361
5.158122320965,0.0007440526467968148
5.159128092104,0.0007479940053936077
5.160140916809,0.0007491794017929388
5.16115724943,0.0007606501118347694
5.162190866165,0.0007483906218788407
5.163209449979,0.0007710873947901348
5.164261246344,0.0007406438274708651
5.165273647705,0.00028645464359726056
5.165665640049,0.0007315797426313481
5.166667844992,0.0007673914000809658
5.167720593269,0.0007806923701275835
5.168793336916,0.0007361376972852406
5.169806288697,0.0007550019624896363
5.170846288697,0.0007331707295404039
5.171857760424,0.0007248752299914333
5.172859533685,0.0007512666081459442
5.173899533685,0.0007501426161969007
5.174939533685,0.0007551483123099435
5.175987823747,0.0007474622275934146
5.177026416098,0.0007647288139881279
5.178089561707,0.0007477512988000352
5.179129561707,0.0007245376686183672
5.180137795754,0.0007202296036815996
5.181140476042,0.0007440167831630623
5.182176927755,0.0007272690408335784
5.18319004378,0.0007622213461161055
5.184251744727,0.0007461860436261999
5.185291744727,0.0007458189847032669
5.186331744727,0.0007245431659213171
5.187342745772,0.0007156543398899459
5.188342757408,0.0007200738986962207
5.189350628216,0.0007252951973495303
5.190366950542,0.0007564188973739232
5.191428601137,0.0007399287485858838
5.192468601137,0.0007173114684383387
5.19347750574,0.0007172141862012943
5.194487540388,0.0007111275052992907
5.195490368083,0.0007112385885355737
5.196494142559,0.000711026888939604
5.197498181977,0.000695929529173646
5.198481829687,0.0007237957920508339
5.199506233157,0.0007147708883803311
5.200519058038,0.0007060451802624867
5.20151975071,0.0007454129045550827
5.202576592495,0.0007254243680132519
5.203605785565,0.0007228910233032732
5.20463117107,0.0007177978270901078
5.205649273121,0.0007061770239550515
5.206650835191,0.0007281620481029952
5.207683264669,0.0007343998897975956
5.208724302525,0.0007169347127051604
5.209740461748,0.0007203883521836234
5.210761580004,0.0007089505089878916
5.211766528792,0.0007413043775493376
5.212817429626,0.0007449805796417209
5.213873682791,0.0007103283300839088
5.21488082667,0.0007343344711118903
5.21592229863,0.0007242032334569227
5.216950028952,0.0007190182601508661
5.217970995112,0.0007359536009592241
5.219017020401,0.0007197734856090942
5.220041055567,0.0007045095231913981
5.221044453701,0.000703532917383995
5.22204765445,0.0007019606266749353
5.223049702552,0.0007156203740666103
5.224072729444,0.0007263720866791808
5.225112729444,0.0007252513957719251
5.226152729444,0.0007022229206434245
5.227161604698,0.0007001648807623294
5.228169755723,0.0006992832841549183
5.229178740712,0.0007157299340359872
5.230212941089,0.0007183851226842012
5.231252941089,0.000692146795449534
5.232256905071,0.000691517711943181
5.233262440135,0.0007132003740958725
5.234302440135,0.0007385274763390379
5.235381053806,0.0007105678690513693
5.236421053806,0.0006926002514062411
5.237437648781,0.0006874151637859811
5.238449004011,0.0007049290466069726
5.239489004011,0.0007026614338718781
5.240529004011,0.0007003288684894577
5.241569004011,0.0007026511007352935
5.242615328093,0.0006836019125176886
5.243635328093,0.0006795257722011319
5.244651328093,0.0006857642251399318
5.245678894854,0.0006839830981513901
5.246706458047,0.0006971818510983766
5.247756077849,0.0006866558867110218
5.248791556041,0.0007071565448560559
5.249860290267,0.0006865911166804794
5.250900290267,0.0006851869254844401
5.251940290267,0.000683717253286505
5.252980290267,0.0006823104532281466
5.254020290267,0.0006808822093953147
5.255060290267,0.0006532858461409848
5.256060385136,0.0006779528646152064
5.257100385136,0.0006763815060708893
5.258140385136,0.0006745828806530424
5.259180385136,0.0006729290634782468
5.260220385136,0.0006505158957694935
5.261227900562,0.0006534204733757399
5.26224171213,0.0006607788939506426
5.263269222452,0.0006844158314584574
5.264335771369,0.0006420410125545963
5.265338301911,0.0006419944955810124
5.266342611417,0.0006634428140241225
5.267382611417,0.0006426746548361085
5.268392630749,0.0006493353818508827
5.269415471948,0.0006693109062454788
5.270472546505,0.0006619635176802127
5.271520756612,0.0006550839327996726
5.272560756612,0.0006532029869310313
5.273600756612,0.000651378607943793
5.274640756612,0.0006371231817572814
5.275660593917,0.0006481256669548521
5.276700593917,0.0006569175754917022
5.27775765679,0.000654984511304725
5.278814717418,4.949904455344324e-05
5.278894717418,0.0006428878603667557
5.279934717418,0.0006495393525494116
5.280987595098,0.0006400337250049982
5.282027595098,0.0006326217082881714
5.283058680433,0.0006511507646217461
5.284122974483,0.000615201899442099
5.285130385632,0.0006369987909030609
5.286174896207,0.0006235416554120745
5.28719876341,0.0006489345679433162
5.288266198373,0.0006416670938861752
5.289323244911,0.0006306121560063698
5.290363244911,0.000608790269313375
5.291368527609,0.0006146163698882161
5.292384945525,0.0006283637929715023
5.293424945525,0.0006279537194172508
5.294464945525,0.0006074333067812601
5.295472364606,0.0006263692738201875
5.296512554932,0.000635173130660372
5.297567494966,0.0006266322210036182
5.298607494966,0.0006266179119529709
5.299647494966,0.000626196687571929
5.300687494966,0.0006257603048454958
5.301727494966,0.0006251914168439667
5.302767494966,0.0006246306345856107
5.303807494966,0.0006239363431174908
5.304847494966,0.0006339164237432551
5.305905325144,0.0006018426187298882
5.306909760842,0.0006236721320232439
5.307949760842,0.0006246239597929512
5.308989760842,0.0006254317810918588
5.310029760842,0.0006245965198348473
5.311069760842,0.00062200609606103
5.312109760842,0.0006406599714786987
5.313184384784,0.0005974534460178634
5.314187840643,0.0006303048462799293
5.315246886941,0.0005981785159909767
5.316250905061,0.0005965447826774662
5.31725173777,0.000621916576273629
5.318294711321,0.0006206138453044728
5.319334711321,0.0006210560426198677
5.320374711321,0.0006042758220126704
5.32138554091,0.0006005404483181745
5.322389665728,0.0006325399902293599
5.323446902048,0.0006224959449835989
5.324486902048,0.0006231694924496541
5.325526902048,0.0006378189172208102
5.326591413075,0.0006420961271216135
5.327664093067,0.0006026787449941295
5.328670815751,0.0006229172108370777
5.329711488402,0.0006222586107300379
5.330752157692,0.0006371244092479055
5.331818566892,0.0006067201110998902
5.332834392326,0.0006356427023732841
5.333899049344,0.0005968607938328854
5.334899088647,0.0006125934714753039
5.335926196345,0.0006174318752613396
5.336962584452,0.0006154560742565826
5.337997081105,0.0006217960524932995
5.339043239604,0.0005986480829408419
5.340050824839,0.0006132258740896185
5.341083343689,0.0006089790104186822
5.342109054588,0.0006121142335215664
5.343140427952,0.0006159464377657395
5.344178100834,0.0006387762098893663
5.345253087872,0.0006134722015093904
5.346284844797,0.0006206968062278232
5.347329542197,0.0005986452491497122
5.348339295612,0.0006151598711321793
5.349379614107,0.0005951074293028282
5.350388086353,0.0006033370762286439
5.351411923704,0.0006012422910948478
5.352433317153,0.0006106881320016227
5.353471857206,0.0005974105726413986
5.354488774365,0.0005951255461599057
5.355502978657,0.0005867560089642333
5.356504343863,0.0005885911535963462
5.357510318355,0.0006266887185029984
5.358583078658,0.0006016662696470077
5.359614761509,0.000584081199203705
5.360617913414,0.0006217838123851734
5.36168738224,0.0006036524732062666
5.36272738224,0.0006181777651441149
5.363794687451,0.0006009814509220425
5.364834687451,0.0005996603803011652
5.365874687451,0.0005759510339501729
5.366875588038,0.0005972742886380118
5.367915588038,0.0006075765172418797
5.368975588038,0.0005948635261852513
5.370015588038,0.0005935829026719971
5.371055588038,0.0005851155141794447
5.372082869153,0.0005785867981743012
5.37310077064,0.0005738715996835982
5.374112541932,0.000585875818936693
5.375147616017,0.0005848912531277353
5.376182769154,0.0005865428515236786
5.377222769154,0.0005856217213261335
5.378262769154,0.0005892543304610735
5.379310894182,0.0005917182358851972
5.380365869684,0.0005861837442378468
5.381413992113,0.0005682583248856233
5.38243252697,0.0005788791646537136
5.38347252697,0.0005775561649805207
5.38451252697,0.0005952570505547646
5.385586363632,0.0005874316643887589
5.386648038955,0.0005743419645789933
5.387688038955,0.0005576935748478049
5.388699672917,0.0005549371509359852
5.389707910034,0.0005570428614907088
5.39072198021,0.000558005088777579
5.391740228206,0.0005764718643346397
5.392793819689,0.0005496744562912775
5.393799610724,0.0005496883757426461
5.394806889726,0.0005539481177329133
5.395823017745,0.0005519901192010303
5.396837215736,0.0005432611996782017
5.39783761337,0.0005450446377328732
5.398843179995,0.0005625881433931249
5.399883179995,0.0005611338189920362
5.400923175857,0.0005700314229294024
5.401982302166,0.0005583377609105332
5.403022299393,0.0005419762042374974
5.404034267121,0.0005514719237619359
5.405066267121,0.0005544541152417181
5.406106267121,0.0005532855607462155
5.407146267121,0.0005435999538218064
5.408170267121,0.0005418438091091137
5.409193226712,0.0005323149312961026
5.410200287884,0.000557239564765194
5.41125648453,0.0005476977356485969
5.41229648453,0.0005469274132137434
5.41333648453,0.0005460638732840688
5.41437648453,0.0005450794878151682
5.41541648453,0.0005442829404765649
5.41645648453,0.000547209618674343
5.417503872108,0.0005423041586333907
5.418543872108,0.0005593532925255873
5.419618504443,0.0005249958274623262
5.42062862139,0.0005411798191532503
5.421671194979,0.0005391991816242876
5.422711194979,0.0005560554427565115
5.423785169796,0.0005459036289285311
5.424841337496,0.0005405582065635137
5.425889421099,0.0005512631306552325
5.426960403627,0.000534520547671156
5.428000403627,0.0005234625495145902
5.429020611019,0.0005325611953363908
5.430060611019,0.0005316813757064514
5.431100611019,8.173003630200835e-05
5.431260611019,0.0005308284326440427
5.432300578979,0.0005341985330493883
5.433348660765,0.0005294602700797082
5.43438926612,0.0005208216639811219
5.435414810504,0.0005213276652409647
5.436443272674,0.0005265417264892099
5.437483272674,0.0005260431887280054
5.438523272674,0.0005254784040091509
5.439563272674,0.0005247744770700238
5.440603272674,0.0005240361715956655
5.441643272674,0.0005235223467703115
5.442683272674,0.0005229940810360693
5.443723272674,0.0005223141699895236
5.444763272674,0.000521690545488088
5.445803272674,0.0005212263953297754
5.446843272674,0.0005209139944841703
5.447883272674,0.0005205928131541797
5.448923272674,0.0005201821442068901
5.449963272674,0.0005298916825802779
5.451023272674,0.0005069915782764177
5.452037847185,0.000505655600594866
5.453049716855,0.0005215578398602036
5.454093242545,0.0005372130795613862
5.455167659694,0.0005183545892088384
5.456204072382,0.0005201743639982899
5.457244072382,0.0005203376434175422
5.458284072382,0.0005203474399311941
5.459324072382,0.0005025937575745444
5.460328712262,0.0005137294993144373
5.461355614114,0.0005025162305689518
5.462360417281,0.0005356733380078657
5.463431613205,0.0005362088359333968
5.464503819268,0.0005077321638409856
5.46551942701,0.0005072565539353837
5.466534483394,0.0005197089677615653
5.467574680572,0.0005113740568853469
5.468598521045,0.0005096284927650685
5.469619553988,0.0005083419415451064
5.470639021343,0.0005065623974482318
5.471656038142,0.0005122251156226994
5.472685061234,0.0005129599028812451
5.473716121525,0.0005125999590503449
5.474747174391,0.0005098658389497506
5.475773446162,0.0005078655377619551
5.476796248209,0.0005356752107233258
5.477875284832,0.0005117170189114222
5.478906316993,0.0005114469745206332
5.47993734399,0.000497312558642611
5.480940049313,0.0005143765693317152
5.481977006082,0.0005089901639108625
5.483003242237,0.0005186923896610862
5.484049216277,0.0005122008307834018
5.485081883055,0.0005137100983267277
5.486117660325,0.0005088897798397128
5.487143873339,0.0005330643713644442
5.488219271896,0.000500314236254424
5.489229432302,0.0005090590595049896
5.49025790671,0.0005079097203263847
5.491284810019,0.0004945135825749538
5.492285340021,0.0004975761141662784
5.493293030461,0.0004982337218195559
5.494303162531,0.0005055787965804002
5.495329288162,0.000497018078256967
5.496339408301,0.0005076934480009329
5.497372726031,0.0004967699716694467
5.498385541944,0.0004951982589468185
5.499397154307,0.0004925930773687177
5.500405052996,0.0005050131550556835
5.501439890213,0.0004970406169541461
5.502460364662,0.000498066654365012
5.503485505903,0.0005045228623790048
5.504526791683,0.00048424603616163784
5.505528907406,0.0004889366640603981
5.506543593116,0.0004838865927350893
5.507550728813,0.0004925182418629443
5.50857794895,0.0004977577774310604
5.50961794895,0.00048566418588306227
5.510635594936,0.00034282618980063133
5.511355594936,0.00017155259846825314
5.511716243255,0.0004992206340091897
5.51276742095,0.0004837008670159688
5.513789569658,0.0005067995643916587
5.514864975265,0.0005068288096406605
5.515943389795,0.00047208262679291246
5.51694994038,0.00048370367345817924
5.517984877636,0.00047765242703104194
5.519010820114,0.00048110473495883044
5.520047235001,0.0004792719829333009
5.521082879826,0.00046295181132266445
5.522085898685,0.0004643838632304182
5.523093515946,0.0004733477906081302
5.524121994085,0.0004760318629645883
5.525158928974,0.00048679798236663636
5.526222208457,0.0004662846239264956
5.527243010546,0.00046042979208616233
5.528253053076,0.0004955773408738579
5.529342892029,0.0004987803438720669
5.530442892029,0.0004571879236833171
5.531454366102,0.0004714666484726056
5.532500792873,0.0004941136649443161
5.533600356005,0.0004509971578061755
5.534607022682,0.00045137202036617155
5.535617417924,0.00045215456725452316
5.536631902464,0.0004750299293779409
5.537700021251,0.0004512178135343052
5.538716527461,0.0004547105227312928
5.53974282067,0.0004551636654062365
5.540771939613,0.0004488717612021756
5.541788606362,0.00045930333553394795
5.542831186482,0.00044336388858310836
5.543839871051,0.0004755055912891024
5.544924055302,0.00044481769708274083
5.545940055302,0.00045763787227689177
5.54698685741,0.0004473574378166706
5.548012307345,0.00043628824360170376
5.549014089532,0.00045654081174785976
5.550063327249,0.00044262220258723534
5.551081602594,0.00043987658290573926
5.552094024781,0.00045281683292687307
5.553135952775,0.00044344688167069404
5.554156755008,0.0004458964819338916
5.555183809969,0.00044317031389586904
5.556205039996,0.0004671090899784744
5.557281646242,0.0004586301680234156
5.558338789314,0.00043485096679119655
5.559341712591,0.0004412398404191369
5.560359330589,0.0004509838543834277
5.561399468017,0.0004528125995583389
5.562444054734,0.0004382202857746648
5.563454281097,0.0004382590999216573
5.564464183138,0.000442632917247149
5.565484629039,0.0004768542533622038
5.566584629039,0.0004382033354454524
5.567596175418,0.00047590263028757967
5.568696175418,0.0004631267237721972
5.569768183832,0.0004745951205669741
5.570868183832,0.00043516883485649306
5.57187839875,0.0004391010453967481
5.572898825197,0.00043221434540197595
5.573904221424,0.0004471686748213035
5.574945795802,0.0004315530057253527
5.57595190213,0.00045110535687475407
5.577004313413,0.00044200576372632945
5.578036295048,0.00043575317032222907
5.579054281707,0.00046067756494754463
5.580131787802,0.0004569955060699837
5.581201993427,0.0004354499352394632
5.582222401491,0.00043570386063577734
5.583244969816,0.0004455061478540565
5.584291745465,0.00043318009074993824
5.585310009178,0.0004312497863282439
5.586325080587,0.0004296980717184675
5.587337703675,0.00046647376060131014
5.588437703675,0.00046612046788849833
5.589537703675,0.00045777062745390164
5.590619182415,0.00044536548097951216
5.591672165035,0.00046505298583140217
5.592772165035,0.00045630104940783166
5.59385222815,0.0004643130860326252
5.59495222815,0.00046378706712316327
5.59605222815,0.00045261603188317533
5.59712722815,0.0004622846583215275
5.598226106269,0.0004626524852957621
5.599326106269,0.0004220820093717662
5.600329936519,0.0004297507200383639
5.601352528012,0.00042865880991241166
5.602373247529,0.000432589231623989
5.603403787061,0.00044091293222304443
5.604454324174,0.0004283609323866592
5.605475036398,0.0004324586063056264
5.606505565768,0.00043616500799442416
5.607545583955,0.00043327684723698154
5.608580352487,0.0004514769058690546
5.609661047527,0.00042955864994717645
5.610691566162,0.00043730616286467275
5.61174208115,0.00042455805026906187
5.61276276514,0.0004282217872041338
5.613793274679,0.00043589348747313447
5.614843781096,0.00043526296118100583
5.615894284967,0.0004408424667255585
5.61695988971,0.00042572634979895106
5.617990386927,0.00043360824108297665
5.619040881491,0.00044542471182156175
5.620121538416,0.0004526037017692848
5.621221538416,0.00042099145052186516
5.62224583278,0.0004244275865183156
5.623279949651,0.0004508911890368523
5.624379949651,0.0004458370005827896
5.625468695238,0.0004497615034589831
5.626568695238,0.00041197453328366073
5.627577584798,0.0004418284492450187
5.628661183311,0.0004476187708058126
5.629761183311,0.0004232036703279528
5.63080321933,0.0004457860331035986
5.63190321933,0.00044476046513489115
5.63300321933,0.000407563878051152
5.634013368053,0.0004428963020646248
5.635113368053,0.000406078715129833
5.636123489562,0.0004194381535594636
5.637168368956,0.00043434264011738455
5.638252252826,0.00043994282458931943
5.639352252826,0.00039950834381871246
5.640353117791,0.0004382415120085753
5.641453117791,0.0004376302815210436
5.642553117791,0.00041933011131794205
5.643608100541,0.0004096793804018689
5.644640390597,0.0004226353843839411
5.645706716004,0.00041225842557614375
5.64674779109,0.00043444127192691765
5.647845688934,0.00043515608492014374
5.648945688934,0.0004066791889571823
5.649973852461,0.00042750176245816545
5.651055404064,0.0004180965568820064
5.652114108754,0.00039962624444815447
5.653126956312,0.0004059917376250862
5.654156955776,0.00040374943269820074
5.655181696318,0.0003949353406117941
5.656184492267,0.00043293999923402763
5.657284492267,0.00043296093224711634
5.658384492267,0.00043296583614874963
5.659484492267,0.00043273739866693647
5.660584492267,0.0004326471780308114
5.661684492267,0.0004327400362245763
5.662784492267,0.0004327420923892223
5.663884492267,0.00040884857918352743
5.664924456162,7.544997839467282e-05
5.665116502888,0.0004056248511440103
5.666149518915,0.0004129892030083443
5.66720162193,0.00040054594665761285
5.66822270229,0.0004035510583857338
5.669252353285,0.0003954152846754302
5.670261562031,0.00039752778012442237
5.671276892427,0.00040461108635705544
5.672311292265,0.0004035096656877891
5.673343702284,0.00041745730218095635
5.674412854484,0.0004235328149905311
5.675499772256,0.00038914822497922304
5.676500899852,0.0004029849613063551
5.677539457895,0.0004223934118072429
5.678630996059,0.0004223932804435943
5.679730996059,0.00041872010272479555
5.680830996059,0.00040752505512133875
5.681906542823,0.0004115031688819674
5.682995580936,0.0004148419276898375
5.684095580936,0.0004141563200816908
5.685195580936,0.0004133824704401809
5.686295580936,0.0004125307440157904
5.687395580936,0.00038019577317203426
5.688411637912,0.0004105474464317453
5.689511637912,0.000378945497433721
5.690529217026,0.0004087895957258675
5.691629217026,0.0003713948680701422
5.69263057238,0.0003939460860656912
5.693695116782,0.0003752449067412574
5.694710977727,0.0003796638881196458
5.695740831692,0.00040452404429451393
5.696840831692,0.00040381527271161075
5.697940831692,0.00037860923140404466
5.698974630203,0.0003919851791756076
5.700047559294,0.00040163601471963635
5.701147559294,0.00040169530488050407
5.702247559294,0.0003761323411366655
5.7032786208,0.000400957484551249
5.7043786208,0.00040104770746516254
5.7054786208,0.000368998688681016
5.706490641639,0.00037328955818702623
5.707513569946,0.00036807266666550426
5.708523618677,0.00037850913866707426
5.709568391951,0.000396829037416332
5.710668391951,0.00039612721409119575
5.711768391951,0.00039576612013806733
5.712868391951,0.00036365952733956623
5.713879698733,0.00039501510732218475
5.714979698733,0.0003942165045843195
5.716079698733,0.0003938335163314238
5.717179698733,0.00035990042770370884
5.718185557407,0.00039304694732947407
5.719285557407,0.0003661841653086657
5.720311493361,0.0003596372622447454
5.721320440417,0.0003791773769775492
5.722385440417,0.00036445545707637156
5.723410769838,0.0003582166375985796
5.724420048684,0.0003738024442685306
5.72547406491,0.00035803369967780566
5.726485167632,0.00035628161485592427
5.727492658392,0.00037625075136659444
5.728557388712,0.00036843606549082997
5.729601164125,0.00036691581718270203
5.730642111239,0.0003584139994078611
5.731660113189,0.0003639863383946397
5.732695085437,0.0003636105965012555
5.733730893877,0.0003521020082855685
5.73473559082,0.00035582310202454497
5.735757036868,0.0003581613077578871
5.736796221079,0.0003586391873093202
5.737843447584,0.00035294213433255265
5.738875537627,0.00035523572232173045
5.739914697296,0.0003551658459827707
5.740953857874,0.00035513627342806755
5.741993010697,0.0003490809927458675
5.743014784966,0.0003649884246982519
5.744085000987,0.0003535519795568767
5.745124869364,0.00036249601314856895
5.746193602952,0.00034818668265925525
5.747220845737,0.0003520723770666144
5.748259877028,0.00034885213402469897
5.74929003713,0.0003515582884173325
5.750328765024,0.000354070812592562
5.751375837372,0.00033805131224988135
5.752376318837,0.00035381279457431434
5.753423377721,0.0003439301249451695
5.754440696464,0.00035129963976189517
5.755479702307,0.0003465941068209569
5.756505151094,0.00034215243972529765
5.757517366762,0.00035408463736501017
5.758564400831,0.00034451864518951383
5.759583115093,0.0003579472707660637
5.76064210318,0.0003434979267901854
5.761659150218,0.00035166009056539986
5.762701038658,0.00036034533203989767
5.763769499954,0.0003499716173425294
5.764808471226,0.00033941210864332565
5.765816921429,0.00034954695939977377
5.766855884339,0.0003500005433192063
5.767896696577,0.00035446635894364277
5.768951114341,0.0003411095587207855
5.76996592404,0.00034962509489965096
5.771006553747,0.0003492602682174291
5.772046111649,0.0003442070694880028
5.77306942092,0.00034232458250664966
5.774086188035,0.0003706534288889311
5.775186188035,0.0003410916652656428
5.776197491412,0.00035399832931119713
5.777246657203,0.0003713038225713548
5.778346657203,0.0003527426214567765
5.779390929789,0.0003572028907349563
5.780448034725,0.00035990103534387885
5.781512899102,0.00034864473294723064
5.782544234654,0.0003573225946291273
5.783601241305,0.0003434405651211353
5.784616826378,0.00037210656766053596
5.785716826378,0.0003478633305957742
5.786745127498,0.0003602449100861259
5.787810127498,0.0003720115921330035
5.788910127498,0.00033956665051525117
5.789914522171,0.00037166066323990663
5.791014522171,0.00034308824892140917
5.792030142947,0.00033871192471255924
5.793033187815,0.0003444012617584834
5.794053910201,0.00036542705167743765
5.795137183108,0.00035369990523904075
5.796186169772,0.0003471032967714305
5.797216198456,0.000370372201983199
5.798316198456,0.000337575487418606
5.799320633054,0.0003631586262663877
5.800404687184,0.00036477494324288305
5.801504686955,0.00032844820998482896
5.802504686955,0.00034723480075008937
5.803564164509,0.00032739129723466636
5.804564164509,0.0003270833967416078
5.805564164509,0.00033600482837950897
5.806593016241,0.0003267548467693265
5.80759569963,0.00032623931592750733
5.808598377224,0.00033136667181498975
5.809617610736,0.0003257760979954537
5.810620276734,0.000331997359273623
5.81164293416,0.00033941060087773185
5.812689386436,0.00033401980046173863
5.813720369434,0.00032442919519278543
5.814723006857,0.00032395333209254333
5.815725636463,0.0003235748338147263
5.816728261958,0.00033527519954378677
5.817768343344,0.0003408817442015704
5.818827500031,0.0003290184352645986
5.819850731816,0.0003384521483748415
5.820904291873,0.00032832672805109184
5.821927506638,0.0003376661943775565
5.82298105189,5.585806733464423e-05
5.82315546788,0.0003285016877130584
5.824181838048,0.0003272092287944441
5.825205032923,0.0003245319801043032
5.826220608324,0.00033136138185260505
5.827257955161,0.00032665622429244316
5.828281131112,0.0003360349364743765
5.829334630892,0.0003198303931663374
5.8303380038,0.00033409623309696505
5.831386677799,0.0003192642148084298
5.832389218482,0.0003332224116021426
5.83343627929,0.00032219824577502066
5.834449661186,0.0003341661409029873
5.835501572197,0.0003194981091158994
5.836507889433,0.0003206345395211554
5.837518395652,0.0003212109772615935
5.838531753986,0.00032624447559089897
5.839561874149,0.00031970301628740736
5.840571808327,0.000321960730714962
5.84158920837,0.0003222145837853623
5.842607694188,0.0003225950212991128
5.843627650055,0.0003177865030189169
5.844632819724,0.0003242675483926974
5.845659093982,0.0003256263982522032
5.846690195195,0.00032436198370911537
5.847718219556,0.0003204571371125031
5.848734656086,0.00031524792618068537
5.849735245606,0.0003171402108097423
5.850742524327,0.00032682708696068433
5.851781276568,0.00032417787711988446
5.852812521519,0.00031719205381648555
5.853822482792,0.0003175396352682588
5.854834433324,0.0003188652607696138
5.855851314446,0.0003232252190903677
5.856883299933,0.00031653652456364065
5.857895410141,0.0003235833291014604
5.858934230541,0.00032146721939908715
5.859977476803,0.0003119479748489404
5.860998887825,0.0003155736788305855
5.862034381559,0.0003042267385839114
5.863034381559,0.00030718506483662784
5.864045701831,0.00030346260388016213
5.865045701831,0.0003032515959427751
5.866045701831,0.0003029961355350741
5.867045701831,0.00030274243448843367
5.868045701831,0.0003025531407572661
5.869045701831,0.000302331904803492
5.870045701831,0.00030204517894918975
5.871045701831,0.0003018309327600323
5.872045701831,0.0003016757559453293
5.873045701831,0.00032059685875759003
5.874108990055,0.0003013123643405867
5.875108990055,0.0003181984085279098
5.876166179908,0.0003162625632270743
5.877218087036,0.0003006867204497179
5.878220144761,0.00032327920500829516
5.879302222826,0.00029754853571507236
5.880302222826,0.00029699663306017595
5.881302222826,0.0003177451372018479
5.882373655714,0.00029607769472764987
5.883373655714,0.00029562643477864056
5.884373655714,0.00031437401854098653
5.885438655714,0.000294662708732844
5.886438655714,0.00029426890178340683
5.887438655714,0.0002958368662137314
5.888445237651,0.00030912332058790346
5.889498571619,0.0002932445092168296
5.890498571619,0.0002930572157149566
5.891498571619,0.00029269508539722823
5.892498571619,0.00029564203452053437
5.893509894026,0.00030324184371611704
5.894548841719,0.00029214545531449173
5.895551012803,0.0002919723409358641
5.896553180141,0.00029171808152652636
5.897555340601,0.0002924314250316077
5.898560898658,0.0002911811943384969
5.89956305105,0.00030038519494182865
5.900598053289,0.00029047708050455076
5.9016001954,0.0002900845075049104
5.902602334639,0.00028965086250416295
5.903604464045,0.0002893091888507598
5.904606673718,0.00030769130736170956
5.905673731577,0.0003043283354115577
5.906730473454,0.0003008085001065049
5.907776264153,0.000306246524794702
5.908842046807,0.0002908417504999416
5.909855550079,0.0002959293995646058
5.910888205304,0.00030113156952104865
5.911940433989,0.0002959397851949795
5.912975541336,0.00029566545309376387
5.914010635074,0.0002945395890955004
5.915043632419,0.0002961970743481065
5.916083861104,0.0002918700248789489
5.9171099512,0.0002916670750715592
5.918137036233,0.000300475347227317
5.91919611978,0.00029022108291091816
5.920220263936,0.00030440081301771703
5.921296120484,0.0002876081618972113
5.922314440556,0.00029182900664214274
5.923349447203,0.0002855912957367933
5.924362957993,0.00028640970761746663
5.925380184753,0.00028151548699444133
5.926380566607,0.0002848855115798572
5.927393906214,0.0002842930486057197
5.928405840316,0.0002823409890357367
5.92941157558,0.000283927739851976
5.930424137177,0.0002821028353635695
5.931429845963,0.0002882591136492606
5.932457651761,0.00029107592075210776
5.933495478248,0.0002983858503064796
5.934557668829,0.0002825388389438106
5.935563955384,0.0002816188104140928
5.936570233776,0.00028617679558034403
5.937595728992,0.0002785523397318871
5.938595728992,0.0002846537720338278
5.939618790801,0.0002821713145516724
5.940633688436,0.00028206099478972205
5.941650112425,0.0002807054011354514
5.942667102911,0.0002727136691515594
5.943667102911,0.0002702800224769442
5.944667102911,0.00026994953723931696
5.945667102911,0.0002700231054813044
5.946667102911,0.00010806451772323332
5.947067102911,0.0002702342495248095
5.948067102911,0.00028781701291423164
5.949132102911,0.0002733899996238289
5.950143226548,0.0002947873729055963
5.951231431834,0.000281281335196372
5.952268832382,0.00028723665432674227
5.953327595676,0.00027168103634724614
5.954327595676,0.00028631921812136976
5.955379858512,0.0002767028714544212
5.956396503574,0.0002852320726548222
5.95744465321,0.000276430522046847
5.958459906934,0.0002748070985668928
5.959469089899,0.0002723802025020068
5.96046929742,0.0002902656535105025
5.961534587938,0.0002730864653749784
5.962536427038,0.00027319329356599614
5.963538259311,0.00027334951931819965
5.964540079929,0.00027355511574119373
5.965541896347,0.00027399646963823757
5.966543710337,0.0002746231078522202
5.96754551934,0.000277631573200668
5.968555309788,0.0002809672730570005
5.969574309505,0.00029377046513888645
5.970639738071,0.0002869316775998743
5.971689785626,0.00027130419634274934
5.972693158367,0.0002847580322258747
5.973750532007,0.0002881923140962782
5.974822569569,0.0002837470116836147
5.975878959766,0.000271002112641037
5.976888749972,0.0002748504932978979
5.977913363211,0.00028843151870836295
5.978988696454,0.00028246456640809627
5.980042124224,0.00028556108544500094
5.981107933559,0.00027885657947872235
5.982149265068,0.0002708365933749784
5.983161256717,0.00027844530404550296
5.984202578964,0.00028488670444748996
5.985268889873,0.0002802173473576443
5.986318867145,0.0002666204287254581
5.987319068208,0.00026719581731293187
5.988322372532,0.0002870996683976291
5.989401385409,0.00027677655256602295
5.990442687056,0.00026872500670761096
5.991454636399,0.0002657164057326247
5.992456313295,0.0002654940747239298
5.993457984761,0.00026524875500302965
5.994459650543,0.00026485561784248554
5.995461311317,0.00026449304373152944
5.996462966868,0.0002666336380780501
5.997474317718,0.0002636367435287597
5.99847596344,0.0002631153116338206
5.999477130656,0.00026698972198978884
6.000494801984,0.00026223849985424847
6.001496431619,0.0002618146441230233
6.002498055384,0.0002697448602583767
6.003531498265,0.0002697794091692757
6.004567064797,0.00026854056265227216
6.005599849392,0.00025998462887513
6.006601448853,0.0002633561289934219
6.00761780083,0.000265738319844171
6.00864519968,0.0002600901853781119
6.009652488047,0.0002605714715916413
6.010663397667,0.00026131216894226353
6.011678834076,0.0002582390094927854
6.01268392839,0.00025906147335823075
6.013693475648,0.0002594853915037442
6.0147058684,0.00026580280975461285
6.015744274329,0.00026727691249408273
6.016789340689,0.0002791897892639745
6.0178820517,0.00025718153183129004
6.018889889113,0.00025760243627076095
6.019900412826,0.00025463330054782555
6.020900412826,0.0002551996605864117
6.021903862112,0.000275014889859493
6.022987111291,0.0002509860884625627
6.023987111291,0.00024749009577325543
6.024987111291,0.00024626832213430237
6.025987111291,0.00024588239577501134
6.026987111291,0.0002477128735336742
6.027996134394,0.0002538230966026153
6.029032623089,0.0002662489030947589
6.030121942838,0.00024426961373715276
6.031121942838,0.0002442292368623419
6.032121942838,0.00024405880342178395
6.033121942838,0.00024391671266794918
6.034121942838,0.00024499157386818215
6.03512686269,0.00026218486968195926
6.036203475428,0.00025073991861611334
6.037234040033,0.0002549575170769711
6.03828218217,0.00026407385827280426
6.039367542303,0.0002437480437703192
6.040368949933,0.0002519501374907419
6.041404105032,0.00024378497514759452
6.042405502759,0.00024406649885294515
6.0434068995,0.0002442756081108499
6.044408291139,0.0002443471506538254
6.045409677844,0.0002454168510387691
6.046414525587,0.00024683744777377983
6.047423880508,0.00024787355494004055
6.04843608513,0.00025315829966322096
6.049468252184,0.000252433154060005
6.050495782795,0.00025056064599912934
6.0515136187,0.0002571989929701132
6.052556379443,0.00026657894448153195
6.053635613057,0.0002549388662376729
6.054666350528,0.00025428606742961674
6.055693280026,0.0002529920882848902
6.056714064122,0.00025213183073661486
6.057730529995,0.00025316505894236246
6.05875062869,0.00025383639648079255
6.059775050821,0.0002570107793589864
6.060824675168,0.00024737284203930627
6.061847612714,0.0002453612817866777
6.062865510474,0.0002526338509159688
6.063915118261,0.0002626971178000434
6.065008202367,0.00025454792925074324
6.06606886953,0.00024735813364622623
6.067100366529,0.00024941845286047937
6.068141379215,0.00024212828568974281
6.069152893083,0.00026061000176116596
6.070242381118,0.0002466654899624848
6.071273860401,0.00024414705784861945
6.072295117324,0.00024158690451938727
6.073306231817,0.00024007622972032028
6.074311556268,0.00024521005344949477
6.075339072134,0.00023873676334016934
6.076340290177,0.0002385775895826999
6.077341503749,0.00023837857232345574
6.078342711663,0.00023807648951508877
6.079343915853,0.0002518052284977732
6.080403868726,0.000260989795534142
6.08150309096,2.37346801985324e-05
6.08160309096,0.00023711326150447606
6.08260309096,0.00023679340387457832
6.08360309096,0.0002584791736165449
6.084695776079,0.0002363032955376552
6.085695776079,0.00023614720443318268
6.086695776079,0.0002475383433441037
6.087744921551,0.0002588530091164761
6.088843535977,0.0002531928743593814
6.089919122912,0.00023513154394674005
6.090919122912,0.0002558456360234095
6.092008250869,0.0002347347892738447
6.093008250869,0.0002344987857379189
6.094008250869,0.0002343058277526786
6.095008250869,0.00023404690243211814
6.096008250869,0.00023376631732337813
6.097008250869,0.00023349511328784583
6.098008250869,0.00023323501909099318
6.099008250869,0.00023297639512477434
6.100008250869,0.00023262599743784182
6.101008250869,0.00023230806166925827
6.102008250869,0.00023203973226552233
6.103008250869,0.00024261833018569769
6.104055487316,0.0002297567052932037
6.105055487316,0.00022657688308057859
6.106055487316,0.00023437456126966231
6.107097750116,0.0002349243189457039
6.108144465861,0.00022406218275900988
6.109144465861,0.00022479173753069007
6.11014915044,0.0002342691049255817
6.111196977037,0.00022344770853697358
6.112196977037,0.00023384025055845804
6.113244676478,0.00022292850885560948
6.114244676478,0.00022509343496799461
6.115255115805,0.0002226082552934931
6.116255115805,0.00022237755755632744
6.117255115805,0.00022218218933304267
6.118255115805,0.0002358620818356981
6.119317608031,0.0002266260061113308
6.120339654308,0.00023248332369666058
6.121389002114,0.0002286465294043963
6.122422130939,0.0002281415289568889
6.123453988272,0.00022128172673563514
6.124455352849,0.00022087882362948203
6.125455352849,0.00022076428629837517
6.126455352849,0.0002206293572020676
6.127455352849,0.00022046731414249534
6.128455352849,0.00022036198304847094
6.129455352849,0.0002275930863312403
6.130488635619,0.00022023055070769003
6.131488635619,0.00022024241433708623
6.132488635619,0.00022003382223845843
6.133488635619,0.0002200136889278169
6.134488635619,0.0002201061051853115
6.135488635619,0.00022014432088270292
6.136488635619,0.0002333837864374976
6.137548503046,0.00022018233200972904
6.138548503046,0.00022013680557934028
6.139548503046,0.00022004013444152956
6.140548503046,0.00021990994914335062
6.141548503046,0.00021974135769501155
6.142548503046,0.00023417418026634338
6.143614956535,0.00022286246256993382
6.144630154474,0.0002217388246826578
6.145640145828,0.00022160332205405282
6.146649508991,0.00023085879695132263
6.147700987181,0.000225202583499999
6.148726564361,0.0002267396250599398
6.149759068856,0.00022522397709250232
6.150784925257,0.00021966925698036554
6.151786371611,0.00022106495564172562
6.152795059231,0.00022673117802416917
6.153830185073,0.00022594009027471283
6.154862543705,0.00022002062891545902
6.155868818726,0.00022280396837919534
6.15688906607,0.00021592217767833565
6.15788906607,0.00021243077761270464
6.15888906607,0.00021094297205466494
6.15988906607,0.0002129787360554062
6.160901483783,0.00021989012424007768
6.161949740099,0.00020930754830414893
6.162949740099,0.00021398237458633183
6.163973155268,0.00020886427385568597
6.164973155268,0.00020867816659815493
6.165973155268,0.00020848069928979885
6.166973155268,0.0002082166618616794
6.167973155268,0.00020799437773563392
6.168973155268,0.00020777511149049896
6.169973155268,0.000207564297768374
6.170973155268,2.0745337904489812e-05
6.171073155268,0.00021103068323946917
6.172090416419,0.00021513705675768876
6.173122665361,0.00021043553475466354
6.17412672647,0.00021170746891606624
6.175135461565,0.00021277479510365234
6.176147039145,0.0002212671918431906
6.177196841142,0.00021122019449646085
6.178198605767,0.0002218755684730435
6.179251035873,0.0002166580692296569
6.180279334264,0.00021369440704486996
6.181294311071,0.00021385761010147593
6.18231042429,0.00022148935439144296
6.183363256076,0.0002126612792725578
6.184374775483,0.0002118213516108205
6.185382964269,0.0002104771406580794
6.186385301495,0.00021162190858893214
6.187393794348,0.00021427361854822703
6.18841554622,0.00021850834871926802
6.189458001414,0.00021116649856627132
6.190466469525,0.000213744883588956
6.191488197628,0.00021147788538916802
6.19250018321,0.00021821180417727572
6.193546309629,0.00020777375736806861
6.194550293337,0.0002117693048192678
6.195585480722,0.00020646131346440657
6.196600019819,0.00020582067548391962
6.197611836227,0.00021127175448732588
6.198650304744,0.00021735822285552634
6.199719300181,0.00021633737514137232
6.200784300181,0.0002122947160677006
6.201829975042,0.00020287847016479515
6.202829975042,0.0002025735332264241
6.203829975042,0.00020223967360992164
6.204829975042,0.00020207779996931095
6.205829975042,0.0002019230429772541
6.206829975042,0.0002016522711151668
6.207829975042,0.00020137345551371835
6.208829975042,0.00020109572991149283
6.209829975042,0.00020078953256233065
6.210829975042,0.00020762360548566753
6.211865464497,0.0002128466678652249
6.212933015508,0.00019680985069002205
6.213933015508,0.00019488754907469885
6.214933015508,0.00019701681338855662
6.215947338212,0.0001997396892729381
6.21697859134,0.00019316294481777757
6.21797859134,0.0001927308689464152
6.21897859134,0.0001924508731583934
6.21997859134,0.00019215572721041564
6.22097859134,0.00019178924146215988
6.22197859134,0.0002070289179341723
6.223059834778,0.0001959013248003607
6.224084834778,0.0001907893202655937
6.225084834778,0.00019061300229072144
6.226085345092,0.00019029754892291865
6.227085851197,0.00019003308581398964
6.228086353076,0.00018980490389568482
6.22908685281,0.000189551991229486
6.230087349498,0.00018929263011023848
6.231087839256,0.00020415062599302654
6.232168546693,0.00018858448868112274
6.233169029334,0.00018936532970383795
6.234175657459,0.00018782653529959104
6.235176132585,0.00018743536350901728
6.236176603222,0.00018703244332286513
6.237177069598,0.00018669558949170882
6.238177531726,0.00018937514803191426
6.239193595386,0.00019534461863133403
6.240243028579,0.00019035844723700425
6.241266910483,0.00018581538728671646
6.242267346112,0.00018971913878748853
6.243289373536,0.0001973625448120696
6.244352991017,0.00018767321423746194
6.245364440154,0.00018954621514612256
6.246385701596,0.0001958152098242603
6.247440891146,0.00019341276772424936
6.248483124796,0.00018756267375319804
6.249493330947,0.0001933986404238524
6.250535121203,0.00019433087756577864
6.251582498312,0.000186352243976231
6.252587120957,0.0001934366189130866
6.253630288992,0.00019035284667242824
6.254657375641,0.00018804853891823994
6.25567242257,0.00018560854061366357
6.256674561714,0.0001949672075985316
6.257727576141,0.00018904324617414483
6.258748920249,0.00019006064788604736
6.259777945811,0.00018615833035641729
6.260794316122,0.00018166241808955844
6.261794661922,0.00018144881959750576
6.262796939325,0.00018260828589622316
6.263806355605,0.00018603502914295772
6.264834411358,0.000183454528435445
6.265848327914,0.00018461985425950877
6.266869279795,0.00019560869973341997
6.2679512501,0.00018297458647118311
6.268963306397,0.0001810551688286127
6.269965228658,0.00018560151601143147
6.270992827997,0.00018311614387795763
6.272007207559,0.00018599796251958753
6.273038457379,0.00018126889032160846
6.274044375239,0.00018033469983577149
6.275046095058,0.0001853366098190039
6.276077002007,0.00018369717671668726
6.277100315447,0.0001921631552362528
6.278172779433,0.00019370141613910208
6.279256692299,0.00018302047920325235
6.280283536512,0.00018359392613722912
6.281316156894,0.00018285627080245003
6.282347781864,0.00017676686822485217
6.283347781864,0.00018510495504511218
6.284397083132,0.00017600749642328757
6.285397083132,0.00017564358121323066
6.286397083132,0.00017524831782095304
6.287397083132,0.00017484260730236002
6.288397083132,0.00017451501378777103
6.289397083132,0.0001742156071622792
6.290397083132,0.0001751386574336602
6.291403819237,0.00017661852295063082
6.2924243445,0.0001707116729646496
6.2934243445,0.0001689006863800945
6.2944243445,0.00016861564281219285
6.2954243445,0.00017322033286092206
6.296452712302,0.00016855306254442965
6.297455096478,0.000168001295273704
6.298455265021,0.00016800938981343565
6.299455426437,0.00017993533931608298
6.300526574489,0.00017645088021562443
6.301577012853,7.565127914810154e-05
6.302027314503,0.0001688657182458809
6.303032799008,0.00016903352791805695
6.304039890837,0.00017579330601023542
6.305087867195,0.00016863695134744272
6.306093876941,0.00016815491522122642
6.307097160655,0.00016854767661165712
6.308102613328,0.00017772992855509046
6.30916354728,0.0001674992530962339
6.31016354728,0.00016753439351278797
6.31116354728,0.0001673865615673375
6.31216354728,0.00016723700715740418
6.31316354728,0.00016714712415003097
6.31416354728,0.00016707702733088204
6.31516354728,0.00016707068809872588
6.316163632569,0.0001745213096341724
6.317208672406,0.00016688070655905524
6.318208751921,0.00016688463973415162
6.319208825696,0.0001712697995225802
6.320234806103,0.00017522344852399836
6.321284976512,0.0001695834479334585
6.322302440246,0.0001677163569432811
6.323309376744,0.00017572326163524821
6.324365362653,0.00016935305120919266
6.325385585043,0.00016862201614464736
6.326405796426,0.0001707378388700677
6.327444414339,0.00016560877953533074
6.328456441086,0.00016597926644930692
6.32947386762,0.00016638255797852755
6.330496209384,0.000164352071287293
6.331508225019,0.00016837930735771696
6.332546822754,0.00016384426742546557
6.333558829522,0.00016979108928112394
6.334609083108,0.000164668279536412
6.33562925666,0.0001691992444735231
6.336679348036,0.00016408494807285112
6.337699511896,0.00016865346867203835
6.338749588637,0.00016202231772725564
6.339759659865,0.00016339012921654363
6.340779801368,0.0001678266933974362
6.341829857713,0.00016276014229120705
6.342849991243,0.00015962110133000616
6.343851710656,0.0001623021096649165
6.344871836118,0.00016679304671400854
6.345921873465,0.0001613751713517613
6.346939209191,0.00016468393908366266
6.347978908034,0.00016908726721877367
6.349047811879,0.00017381290479502164
6.350147763578,0.00016346301180467408
6.351182981394,0.00015876843997912786
6.352188611755,0.00016464126933108753
6.353231601541,0.00016773712194224287
6.354294585694,0.00015906713757947585
6.355302478478,0.00016289546898521203
6.356334180522,0.00016717532466918215
6.357393228159,0.00015787437304860168
6.358393777532,0.00016588934043794488
6.359445011086,0.0001594078762141355
6.360455087911,0.00015824299820577648
6.361457880271,0.00016007914530690088
6.362472277523,0.000162420532657747
6.363502294172,0.00015972328705017485
6.364515614337,0.0001578580255028021
6.365516873488,0.00015827352002075642
6.366521062037,0.00016064802221787765
6.36754047544,0.00016559382649148274
6.368591360565,0.0001596151106950651
6.369604827808,0.00016267563616265108
6.370638426194,0.00015760674340293008
6.37164034978,0.0001586935957740512
6.372649312951,0.00015867262292594902
6.373657566356,0.00016698723376126247
6.374717416967,0.0001662540825177673
6.37577141536,0.00016352780645673587
6.376807358323,0.00016103097193949682
6.377827857901,0.0001700055130555581
6.378908855125,0.0001614374314454428
6.37993959959,0.00016269078238149938
6.380980586886,0.0001593436516923568
6.382001573043,0.00016084478601226807
6.383032310631,0.00016371981888873357
6.38408304665,0.00015889750455461686
6.385104025284,0.00016042138184696472
6.386134757359,0.00016338275252678037
6.387185487688,0.00015985419243915274
6.388214929244,0.0001576457855652597
6.389234686042,0.00015281401368182337
6.390234686042,0.00015124643354479735
6.391234686042,0.00015087075602100258
6.392234686042,0.0001505359645619786
6.393234686042,0.0001502054976368686
6.394234686042,0.0001500849029621
6.395234686042,0.0001499264704077401
6.396234686042,0.00014971749475478548
6.397234686042,0.00014944696888686298
6.398234686042,0.00014907074213086428
6.399234686042,0.00014972406464975428
6.400241822044,0.00014819939872911153
6.401241822044,0.00015097301088628763
6.402262762385,0.00014768173713747978
6.403262762385,0.00014748066957190255
6.404262762385,0.00014725766657764148
6.405262762385,0.00014909959771940544
6.406277007668,0.00014845493761002647
6.407288081421,0.0001466809114443138
6.408288081421,0.0001548192049938063
6.409343659722,0.00014934076019674315
6.410360931622,0.00014684420219786116
6.411360931622,0.0001467229879175365
6.412360931622,0.00014644580948135465
6.413360931622,0.00014631882773672936
6.414363006222,0.00014835100837486928
6.415381481928,0.00015243094307316248
6.416429991817,0.0001493904185710861
6.417458653248,0.0001464275880286939
6.418466230873,0.00014539258356159013
6.419466519779,0.0001465900796654514
6.420475455411,0.00014623251650703955
6.421482323355,0.00014611113748494138
6.422488119328,0.00014781170625482678
6.423505493628,9.329891250469156e-05
6.424148002817,0.0001544794146295136
6.425212625954,0.00015128619600751877
6.426256338181,0.00014663793719903916
6.4272686359,0.00014855785781412077
6.428294785385,0.0001502561615762005
6.429333553143,0.0001466331813121894
6.430347934461,0.00014667258210584593
6.43136311082,0.00014528640963515997
6.432369221842,0.00014726654106037628
6.433389723567,0.00014611347651146818
6.434403291837,0.0001460362206514755
6.435416967227,0.00014403060685542525
6.436417138955,0.00014631753371807912
6.437434712757,0.00014631339050215816
6.438453595682,0.00014415963479371118
6.439457498519,0.00014407004995171686
6.440461496543,0.00014732891400485017
6.441489481062,0.0001444695736106254
6.442498219706,0.00014309942235421897
6.443498512424,0.00014423568573851216
6.444508031964,0.00014303542187164066
6.445510370136,0.0001458443995718847
6.446533128801,0.0001481770988766451
6.44757306861,0.00014465682060601278
6.448589547657,0.000142760440895605
6.449593305256,0.00014400118282680236
6.450606371032,0.0001471532884200641
6.45164224884,0.0001464948033062685
6.452674353545,0.00014417709119037014
6.453691254463,0.00014348721050398222
6.454704472039,0.00014277844997946497
6.45571362429,0.00014180017632518758
6.456716641549,0.00014221124287173086
6.457724028768,0.00014478123554599164
6.458750882765,0.00014141617191821025
6.459754559865,0.0001408154480270648
6.460754565792,0.00014108382353987138
6.46175716401,0.00014124900765563966
6.462761558979,0.00014115764979803145
6.463765938592,0.0001473207550395292
6.464815301039,0.0001489992393654015
6.465877670635,0.0001453784502837115
6.466914879598,0.00014222971396663617
6.467930124215,0.00014042233624166121
6.468933774368,0.00014229221329631778
6.469952189941,0.00014332938099145885
6.470978984287,0.0001414749757575473
6.471994185903,0.00013953938306432862
6.472997790235,0.0001417658674680062
6.474019986505,0.0001398840694469849
6.475031142091,0.00014199950228258151
6.476059787862,0.00015146855637974206
6.477159178123,0.00015094061227999807
6.478256548774,0.00014006894447534751
6.479275919925,0.0001373001425259627
6.480276141018,0.0001371754622992396
6.481276358703,0.00013902153681353592
6.482291152079,0.00013985228445947243
6.483316075322,0.00013533236139067715
6.4843166471,0.00014083400310559274
6.485365849903,0.00013413454392503067
6.48636806825,0.0001457042033494886
6.487459157876,0.000141996140160323
6.488524552344,0.0001377990957309262
6.489560203822,0.00013698943788528403
6.490591510881,0.00013804146460658898
6.491632058752,0.0001339525621997173
6.492642877116,0.00013827210696405002
6.493688347836,0.00013887202706054484
6.494740529303,0.00014110655204476797
6.495811328774,0.000136885233941328
6.496851859183,0.0001327811424451221
6.497862650916,0.0001364982335672633
6.498903176365,0.00013237961665685624
6.499913960995,0.00013604801084769687
6.500954481756,0.0001319328500877033
6.501965259247,0.00013552186988124448
6.503005774702,0.00013135360226888842
6.504016544204,0.00013497869741374585
6.505057054668,0.00013090063455648904
6.5060678167,0.0001344791370827378
6.507108322441,0.00013531653585962871
6.508157437047,0.00013316605206129846
6.509190790829,8.203781946531109e-05
6.509827846379,0.0001308100953736445
6.510844834762,0.00013003720703326233
6.5118565473,0.0001303767468955451
6.512871605798,0.00013146218532649647
6.513896186126,0.0001319170188655091
6.514925232614,0.0001284692717028168
6.515927779412,0.00013056889221278958
6.516947060499,0.00013443174266775673
6.517995950517,0.00013321634993573135
6.519034526851,0.0001305705525649923
6.52005224333,0.0001294546371834405
6.521061081528,0.00013329444699208658
6.522099639802,0.00012877445940642123
6.523102971764,0.0001283086415768809
6.524103077728,0.0001331121605352894
6.525141001433,0.00012879890134623754
6.526145853843,0.00012827348781655352
6.527147361488,0.00013155740880454596
6.52817534145,0.00013087725680078688
6.529199180226,0.00013235005449500887
6.530235977685,0.0001321258169619319
6.531272441272,0.00013063873575390223
6.532298474626,0.0001329479953712476
6.533344144879,0.00013111499918976537
6.534376948236,0.0001282744832048589
6.535388798934,0.00013146662271514202
6.536427231014,0.00013239940424922131
6.53747432114,0.00012992109574120567
6.538503146946,0.00013225462436572454
6.539551774618,0.00012683849791492622
6.54055855573,0.00012838546629800383
6.541579081296,0.0001311283599087796
6.54262313232,0.00012581442962427067
6.543626677489,0.0001335953102945485
6.544694043598,0.00012833107153266965
6.545721086193,0.00012795416690803362
6.546746939033,0.00012909766715145742
6.5477837612,0.00012865538359041736
6.548818935645,0.0001254264056079259
6.549829559533,0.00012754339501788408
6.550858741697,0.00012466753332775475
6.551866168585,0.00012410599022043625
6.55286996305,0.00012435651323754627
6.5538773225,0.00012560065803220467
6.554896996415,0.0001264769193659034
6.555925054942,0.00012346016241107617
6.556929816313,0.0001272120103756762
6.557966862105,0.00012690204643697682
6.559002801792,0.00012301879945365182
6.560008142038,0.000124699354847697
6.561028172487,0.00012277186896962977
6.562032981605,0.00012610995039702484
6.563065534981,0.00012423466776301576
6.564083832769,0.00012688459416472625
6.565123840177,0.00012596272832456453
6.566155689724,0.00012814344261329895
6.567206521497,0.00012218940721683765
6.568208835786,0.00012884540541262872
6.56926561576,0.0001275863174546285
6.57031290919,0.00012200610796756483
6.571314860789,0.00012765264009745
6.572363774422,0.00012180106503850404
6.573365720588,0.00012732309737624486
6.574414628527,0.00012144918219593107
6.575416569427,0.0001248475295744671
6.57644768121,0.00012719730412172098
6.577499094895,0.00012351189527061494
6.57852097726,0.0001245075128928304
6.579552387235,0.00012676202017576112
6.580603795718,0.00012306923394295204
6.581625671362,0.00012408839560561067
6.582657076361,0.00012520041833564939
6.583698947419,0.00012130286135599247
6.584709423325,0.00012477005601951434
6.585749738275,0.00012219838498906432
6.586770050721,0.00012088735181363538
6.587780515891,0.0001228068332050034
6.588807555352,0.00012609710604469826
6.589863729999,5.607580042878121e-05
6.590333880124,0.00012379738304016567
6.591372532809,0.0001248194137123591
6.592421383952,0.0001190745779363295
6.593423271418,0.00012065861080711183
6.594439916169,0.0001268755459158056
6.595510351138,0.00012311276302148113
6.596550638943,0.00011939380365601625
6.597561067418,0.00012276487300718106
6.598601350858,0.00011909120739008708
6.599611772588,0.0001224417842551957
6.600652051488,0.0001187626467815888
6.601662466473,0.0001220912741286238
6.602702740794,0.0001222615185219883
6.603746188245,0.0001206348551036551
6.604776914488,0.00011817205907207196
6.605787315948,0.00012152569368181356
6.6068275814,0.00011789731107181178
6.607837976162,0.00012543082205370126
6.608913889372,0.00012210421419027215
6.609962691589,0.00012382728426685682
6.611027701848,0.00011946153892746666
6.612055841209,0.00011608893633124395
6.613056002363,0.000115982055588117
6.614056507009,0.00011867570741564791
6.615081017757,0.00011860565562551526
6.616106063259,0.00012064844533809407
6.617150354869,0.00011676096660336095
6.618162548451,0.00012049975786069484
6.619208672161,0.00011642095013450669
6.620220854859,0.00011596424863173367
6.621230645408,0.00011927758681719587
6.622270995951,0.00011747108301525637
6.623297837322,0.00011666910970353046
6.624320204011,0.0001139035750071926
6.62532089638,0.00011367643040120307
6.62632242075,0.0001177522868116265
6.627362953769,0.00011518315865203488
6.62838395136,0.00011477378164009932
6.629404327916,0.00011333723275473167
6.630414555383,0.00011382893553505868
6.63143157688,0.00011422016535333709
6.632454282929,0.00011671812986710295
6.633501376712,0.00011166167767393079
6.634504833637,0.00011126773284122346
6.63550645373,0.00011256038591618465
6.63652166144,0.00011193002605318697
6.637532664719,0.00011073410949591944
6.638534263028,0.00011200368669939898
6.639549455673,0.00011260200941364642
6.640571901941,0.0001116349257845376
6.641587042197,0.00011220125747063374
6.6426094217,0.00011388403069429644
6.643648504179,0.0001149612837951714
6.644698070717,0.00011302922072756717
6.645731250708,0.00011174276068001227
6.646753956827,0.00011188568536448732
6.647779113537,0.00011121668043231583
6.648798818089,0.0001107573231525455
6.649814081266,0.00010921698867898999
6.650815160075,0.00011067485285446564
6.651829626627,0.0001132940876130416
6.652868087226,0.00010913650794082806
6.653869307426,0.00011107097715192823
6.654889240772,0.00010984596045940381
6.655898668493,0.00010918801473047658
6.65690326732,0.00011269826280289942
6.657941265003,0.00010856409278444621
6.658941894663,0.00011018204983833109
6.659958804393,0.00011094456041809858
6.660983741982,0.00011368101492049404
6.662034833217,0.00011334448809252075
6.663084271356,0.00010870523594419812
6.66409216685,0.00011289288738859215
6.665139127522,0.00010964050209690758
6.66615558763,0.00011025618760081623
6.667176416824,0.0001097834759851984
6.66818942556,0.00011160980322626956
6.669216132408,0.00011449843537294352
6.670268443889,0.00011195072254201859
6.67129760769,0.00010981417525185818
6.672306297468,0.00011269110653623851
6.673340228328,7.99589797447935e-05
6.674073584506,0.00011031623177220048
6.675085197365,0.00010941404062555044
6.676088618591,0.00011157221148605359
6.677111515853,0.00011115049322152755
6.678130742762,0.00011640615816139984
6.679197749147,0.00011504869709741906
6.680248966073,0.00011198592126856205
6.681268154576,0.00011474264045559528
6.682309032164,0.00011466447457014463
6.68334479931,0.00011540060168435372
6.684381063749,0.00011777926342058908
6.685431976359,0.00011469184126117736
6.686449205968,0.00011841560543771884
6.687495245186,0.00011828573426171006
6.688536083194,0.00011874617548517768
6.689576918315,0.00011896659279307016
6.690617750256,0.00011904776705484339
6.691658578986,0.00011917390152241036
6.692699404711,4.134742682129387e-05
6.693060201044,0.00011541003269051976
6.694068960867,0.00012198800566838687
6.695138998964,0.00011924530153519634
6.696189034376,0.00011787376477756819
6.697227543261,0.00011813601610240249
6.698265639389,0.000115345155440378
6.699277199356,0.00012009032915848355
6.700327222921,0.00011919556006957871
6.701365717282,0.00011832665074194203
6.702395077596,0.00011568564116376073
6.703403484951,0.00011724894887531383
6.704431332691,0.00011480418179190525
6.705442870426,0.00011352440962417417
6.706444478762,0.0001164199696894793
6.707471456535,0.00011739806275895065
6.708506324565,0.00011870724296598579
6.709551896579,0.00012300362236586073
6.710635339859,0.0001249203621269274
6.711735339859,0.00012497390144519853
6.712835339859,0.0001249698798796063
6.713935339859,0.00012494227968487033
6.715035339859,0.00012489735085394313
6.716135339859,0.00012477573952213557
6.717235339859,0.00012453427667842256
6.718335339859,0.00011782048557894742
6.719378245438,0.00012408769696029223
6.720478245438,0.00012399086507344098
6.721578245438,0.00012385043075045663
6.722678245438,0.00012350781509200493
6.723778245438,0.00011439090397617193
6.724803245438,0.00012147873878669082
6.725903245438,0.00011991000081856197
6.727003245438,0.00011017322114209013
6.728023245438,0.00011732582576987844
6.72911362477,0.0001180725501662103
6.73021362477,0.00011782338836465608
6.73131362477,0.00011409548721666785
6.732381032598,0.00011729598599599948
6.733481032598,0.0001170011405792587
6.734581032598,0.0001166650309892759
6.735681032598,0.00011630119633707358
6.736781032598,0.00011599240092118309
6.737881032598,0.00011564402442619508
6.738981032598,0.00011531635770182009
6.740081032598,0.00011524723035839234
6.741181032598,0.00010724415585413135
6.742205427379,0.00011456040739216461
6.743305427379,0.00010957580742949258
6.744365427379,0.00010509430639266934
6.745389279228,0.0001056581964505441
6.746426365934,0.00010128591478760591
6.747426525241,0.0001032210692553303
6.748450984677,0.0001036505110425127
6.749485573892,0.00010177574325980629
6.750507336396,0.0001011509918415066
6.751528874671,0.00010389837801238656
6.752583228671,0.00010348870360348194
6.753637563354,9.889637717600977e-05
6.75464818555,9.91525215083186e-05
6.755663616244,9.960458327670516e-05
6.756686449268,9.973448526096038e-05
6.757713244412,9.696249566512987e-05
6.758713334266,0.0001004561062658331
6.759751956182,0.00010358570651473992
6.760826433118,9.788890099149243e-05
6.761845413514,9.920255142818412e-05
6.762881629065,9.606046227823598e-05
6.763888407915,9.844440134650068e-05
6.764923533842,9.99934863686511e-05
6.76597780901,9.821044430765027e-05
6.767016397272,0.0001013103623948421
6.768090839504,9.511228345646634e-05
6.769101953422,9.556301489381449e-05
6.770119480032,9.815153777007591e-05
6.771166087088,9.598618224843635e-05
6.772192816929,9.514366814963215e-05
6.773214934651,9.344218275041645e-05
6.774222874389,9.54257132056877e-05
6.77525598042,9.660099731767533e-05
6.776305480389,9.242145710392635e-05
6.777312732794,9.584859685653354e-05
6.778360945143,9.422149131405994e-05
6.77939559834,9.158326346954941e-05
6.780405407516,9.066525748598112e-05
6.781407745141,9.141003089557269e-05
6.782421207136,9.40672158695358e-05
6.783468032735,9.341984212827699e-05
6.784511474128,8.961775465188136e-05
6.785515343508,9.084308990762991e-05
6.786534579265,9.658099368232594e-05
6.787619878309,9.045099696517273e-05
6.788638825804,9.142596697353115e-05
6.789672245328,9.377183797186161e-05
6.79073589541,8.948980935851083e-05
6.791754657504,9.07791775516894e-05
6.792790703593,8.785925183149041e-05
6.793795525538,8.939863499025915e-05
6.794820820616,8.789769588246461e-05
6.79583165452,8.728539558615991e-05
6.796838748996,8.685212475661368e-05
6.797844209786,8.679571501064539e-05
6.798850551902,8.802204023354121e-05
6.799871823319,8.916672263272304e-05
6.80090783838,8.905165436859815e-05
6.80194513195,9.274654641128962e-05
6.803027767087,9.144146553937424e-05
6.804096531538,8.558667519478768e-05
6.805098242964,8.859553029425722e-05
6.806136840395,8.532464331325917e-05
6.807138541488,8.835328177088733e-05
6.808177129074,8.509460618806046e-05
6.809178822128,8.8077555615031e-05
6.810217400838,8.479782525584436e-05
6.811219086213,8.807633938803647e-05
6.812261441439,6.279767425192345e-06
6.812335841439,8.69426347209589e-05
6.813366854918,8.76271241073481e-05
6.814407360285,9.253087171957983e-05
6.815507360285,8.565546138782716e-05
6.816528454812,8.523011324330302e-05
6.817549359098,9.083405490375823e-05
6.81864181546,9.132757053878634e-05
6.81974181546,8.342654870686597e-05
6.82074890428,8.640625774978077e-05
6.82179732735,8.268933722156704e-05
6.822805846873,9.013125698120775e-05
6.823905846873,9.025466752019432e-05
6.825005846873,9.011257190297363e-05
6.826105846873,8.985398788113208e-05
6.827205846873,8.966888416105489e-05
6.828305846873,8.953749708287865e-05
6.829405846873,8.94084580668869e-05
6.830505846873,8.27717036097808e-05
6.831525846873,8.508883744138895e-05
6.83257616907,8.494771264398997e-05
6.833626490948,8.885507742074653e-05
6.834726490948,8.872302566830881e-05
6.835826490948,8.85498403571881e-05
6.836926490948,8.603868100299811e-05
6.837997279808,8.447481556372928e-05
6.839049879433,8.823358943870362e-05
6.840149879433,8.818929378080103e-05
6.841249879433,8.810807215180153e-05
6.842349879433,8.79876753008273e-05
6.843449879433,8.152130895376666e-05
6.844471680852,8.308620879979794e-05
6.84551680156,8.16075229279978e-05
6.846544608162,8.136128017578953e-05
6.847568115163,8.370672236687057e-05
6.848620518211,8.169449258953074e-05
6.849648407672,8.132488219787033e-05
6.850671901158,8.127252360322254e-05
6.851693619134,8.044095883584915e-05
6.852702710083,8.308089062211176e-05
6.853742952365,8.364880352949722e-05
6.854791980617,8.408864173768888e-05
6.85585263489,7.993902783525893e-05
6.856867250531,7.891418956940446e-05
6.857872278018,8.01979286406813e-05
6.858895165985,7.83920925264906e-05
6.8598964325,7.911298350439205e-05
6.860908485245,7.895075929427269e-05
6.861920235731,7.904867245896844e-05
6.862934829193,8.083531161150737e-05
6.863973713659,7.913038874599379e-05
6.864992179488,7.939416332323221e-05
6.866015544342,8.212360280505086e-05
6.867076143346,7.844711215695854e-05
6.868090717147,8.027417558221866e-05
6.869129581535,7.861632215348663e-05
6.870148023616,7.853581925476073e-05
6.871168828005,7.791766160110872e-05
6.872183222719,7.759927890217665e-05
6.873192571732,7.786122013548011e-05
6.874206497309,7.938672762813984e-05
6.875242146743,7.744141767704226e-05
6.876253357722,7.690060170001964e-05
6.877258629854,7.679172306790944e-05
6.878264112673,7.687442659438861e-05
6.879271747718,7.69480357240079e-05
6.880281494597,7.756604781007919e-05
6.881300593435,7.747793625937102e-05
6.882319687318,7.739466212379405e-05
6.883338776467,7.610052112289782e-05
6.884342209627,7.727852780011241e-05
6.885362627716,8.00284519505081e-05
6.886420545348,7.577905226343969e-05
6.887422973047,7.60282401488995e-05
6.888429573954,7.600236956967716e-05
6.88943716134,7.542560368345906e-05
6.890438116705,7.595299073315955e-05
6.891446686518,7.599894871313328e-05
6.892456983053,7.57008619590357e-05
6.893466635591,7.568988849390743e-05
6.894477599204,7.73246045677755e-05
6.895510132029,7.627153652446062e-05
6.896529119083,7.529589027229359e-05
6.897535762251,7.53108137663884e-05
6.898543646225,7.552701450389655e-05
6.899555193678,7.835942405214178e-05
6.900606030288,7.681966699411163e-05
6.901638163909,7.516627736790422e-05
6.902653476145,7.712714467935886e-05
6.903702405345,7.50464414507518e-05
6.904726719689,7.401700015471465e-05
6.905738605649,7.329661644823184e-05
6.906742274285,7.878887596493324e-05
6.907821638943,7.291177849796503e-05
6.90882562404,7.379006412181873e-05
6.909847890045,7.55990736182846e-05
6.910895777663,7.95117326972676e-05
6.911995777663,7.964719428619524e-05
6.913095777663,7.957087609064416e-05
6.914195777663,7.95162023283246e-05
6.915295777663,7.944862833198516e-05
6.916395777663,7.862645940042665e-05
6.917485777663,7.836868334735531e-05
6.918573628385,7.91752182374603e-05
6.919673628385,7.912719214147469e-05
6.920773628385,7.896647192345408e-05
6.921873628385,7.46709163170535e-05
6.922918590734,7.830357694182193e-05
6.924018590734,7.830700480473152e-05
6.925118590734,7.372195102909445e-05
6.926153579085,7.830906788756906e-05
6.927253579085,7.675872272401964e-05
6.928331419939,7.352415172731888e-05
6.929363849924,3.3451556422933433e-05
6.92983412975,7.384674628254809e-05
6.930873088359,7.464082592932026e-05
6.931923924996,7.247665859801269e-05
6.932945039095,7.309799334535584e-05
6.933975873231,7.438893456879417e-05
6.935026706164,7.205617404747447e-05
6.936047814884,7.253989430540465e-05
6.937078645053,7.595478794215029e-05
6.93815974982,7.094436059352034e-05
6.939170765237,7.303336664517337e-05
6.940212418405,7.298598374556704e-05
6.941253518706,7.37327715317257e-05
6.942304342681,7.097552738037283e-05
6.943315703154,7.508596909517844e-05
6.944387067538,7.147409718120704e-05
6.945408156921,7.073071712917296e-05
6.946419516649,7.189726032157782e-05
6.94745033094,7.238979223742116e-05
6.948491414729,7.016731486199006e-05
6.949502767294,7.001554714491252e-05
6.950514117124,7.053823467279164e-05
6.951534656545,7.105068364918966e-05
6.952562979324,7.267094653283867e-05
6.953615118564,7.179458196004424e-05
6.954655783968,7.124819330725556e-05
6.955689271972,7.244406282928007e-05
6.956741187476,7.152216683315738e-05
6.957781628577,6.913223722843903e-05
6.958788853067,7.070589459856711e-05
6.959820991861,6.864750047381104e-05
6.960826248313,7.088531915636743e-05
6.961866865808,7.225292584264894e-05
6.962927657665,6.863057383818866e-05
6.963933792308,6.951495574532748e-05
6.964952312348,7.1523717576455e-05
6.966000980442,6.903987829788494e-05
6.967014950411,7.057030082719815e-05
6.968053765806,6.876778592832843e-05
6.969067948489,7.018615710733307e-05
6.970106409365,6.858829512571923e-05
6.971124398969,6.889681494634619e-05
6.972147348825,7.150301229760554e-05
6.973207450313,6.852168641425596e-05
6.974221614316,7.019418268389575e-05
6.975260056011,6.872985837103625e-05
6.976278024182,6.886978193199762e-05
6.977300955414,7.111907106671953e-05
6.978361034625,6.787476787829558e-05
6.979375179597,6.944175322421847e-05
6.98041360223,6.809674004940464e-05
6.981431549023,6.848034017699613e-05
6.982454461346,6.789585219932847e-05
6.9834681545,6.699230131910256e-05
6.984468593941,6.74188607016574e-05
6.985478125965,6.70210089343849e-05
6.986486127921,6.831849562128644e-05
6.987516173614,6.787169769310742e-05
6.988539674657,6.904485929973433e-05
6.989580326728,6.808324742707678e-05
6.990606220875,7.098601613642332e-05
6.991675386073,6.635996631679529e-05
6.992675407964,6.686182822901817e-05
6.993685671137,6.659877385714423e-05
6.994694628935,6.599480504851672e-05
6.995696318174,6.604957279193692e-05
6.996699533423,6.636304094803907e-05
6.997706946708,6.609716770606465e-05
6.998710365546,6.74945303520474e-05
6.9997352535,6.774444550825039e-05
7.000765561026,6.643697858972381e-05
7.001779270283,6.670881807476799e-05
7.00279925996,6.645405442167056e-05
7.003816533563,6.60783258201943e-05
7.004828134978,6.591370003334874e-05
7.005837591324,6.542037850046703e-05
7.006840315476,6.611916444384475e-05
7.007854654251,6.665447766585923e-05
7.008879103448,6.574038615387658e-05
7.009891227077,6.499158434042174e-05
7.010893475378,6.521192024567866e-05
7.011900211153,6.510498093233183e-05
7.01290517332,6.51030944648544e-05
7.01391013126,6.492713717298099e-05
7.014913173989,3.058393200589205e-05
7.015386170989,6.466397167777165e-05
7.016388227402,6.477978524320105e-05
7.017393807731,6.460279367238593e-05
7.018397685315,6.453403595549343e-05
7.019401558804,6.475609910774209e-05
7.020409391527,6.496810240301938e-05
7.021419271985,6.555894315896212e-05
7.022437248147,6.975129867897118e-05
7.023523565282,6.596807437638755e-05
7.024554274122,6.435388867523621e-05
7.025560865885,6.455916781221709e-05
7.026572043953,6.830609474952856e-05
7.02764368701,6.457081100212674e-05
7.02865784898,6.846752565192537e-05
7.029739394077,6.573922572770076e-05
7.030790092676,6.334200254117982e-05
7.03181102281,6.376993631460317e-05
7.032841719277,6.743659562485301e-05
7.033932608868,6.49402184564187e-05
7.03498330342,6.308373287962588e-05
7.036004227876,6.167630130104605e-05
7.037004316469,6.278170080756298e-05
7.038025238527,6.324258501211583e-05
7.039055928818,6.43702867202797e-05
7.04010661806,6.257731940813402e-05
7.041127535372,6.320400624542934e-05
7.042158222154,6.430647889882789e-05
7.043208907944,6.242872245425531e-05
7.044229820801,6.294007208706924e-05
7.045260504228,6.405288658338089e-05
7.046311186629,6.225244828859583e-05
7.047332094946,6.275234075227434e-05
7.048362775048,6.384443743851127e-05
7.049413454135,6.379131889912076e-05
7.050464583881,6.556840751736627e-05
7.051545486106,6.252342489229344e-05
7.05257616154,6.362815101008617e-05
7.053626835962,6.171242228086676e-05
7.054647733607,6.226580765975735e-05
7.055678405605,6.345860849211045e-05
7.056729076595,6.159665744924424e-05
7.057749969617,6.209453153202039e-05
7.05878063816,6.320774262929357e-05
7.059831305709,6.351242160676653e-05
7.060888313629,6.184923604676907e-05
7.061918978683,6.472766015409119e-05
7.062999642648,6.291072999224662e-05
7.06405030546,6.113030163453046e-05
7.065071187602,6.16499505165952e-05
7.066101847986,6.230310927739062e-05
7.067143657105,5.9811485910041675e-05
7.068144577763,5.962065105080581e-05
7.0691450531,6.046175841157735e-05
7.070161020656,5.959288523008038e-05
7.071162803703,6.209119970672697e-05
7.072207957686,5.9556475621406304e-05
7.073211529318,6.0043590871756926e-05
7.074224012295,5.968377069678256e-05
7.075231325783,5.9225698345907845e-05
7.076232549864,5.9263044975722655e-05
7.077235326485,5.907377025531679e-05
7.07823590549,5.942980206912204e-05
7.079243980545,5.93952941916862e-05
7.080252051453,5.9020252658711885e-05
7.081254361402,5.929391866801101e-05
7.082262211886,5.936222118893552e-05
7.083271940091,5.9009123940293254e-05
7.084276597324,5.888689908720264e-05
7.085280400741,5.875587236399512e-05
7.086283138251,5.8539876408006764e-05
7.087283677918,5.9138160307725734e-05
7.088296170703,5.8738008944001294e-05
7.089302928159,5.8705730984467714e-05
7.090309681319,5.85838025254574e-05
7.091314944321,5.854487721255562e-05
7.092320203019,5.8863987539075094e-05
7.093331985757,4.515252256241033e-05
7.094108918329,5.8438036079071885e-05
7.095115337931,5.81692808974208e-05
7.096118033372,5.8127226492815504e-05
7.097120724613,5.7958764939273236e-05
7.098121218357,5.834321410299641e-05
7.099129207518,5.829665010626e-05
7.100137192471,5.813984405883106e-05
7.101143900724,5.803664706229031e-05
7.102150604469,5.834102771830521e-05
7.103163600531,5.82573222770732e-05
7.104175813933,5.8588521933581196e-05
7.10519460272,5.80059214429797e-05
7.106203977643,5.803700015938347e-05
7.107214481997,5.838888893532433e-05
7.108231987876,5.788719002664525e-05
7.10924227265,5.7314293982982754e-05
7.110243567875,5.8290488329101114e-05
7.111262333294,5.7682572044997e-05
7.112271684881,5.7667538895629654e-05
7.113282164038,5.800827563954029e-05
7.114299642804,5.7533202723073686e-05
7.115309901177,5.697611161948677e-05
7.116311170117,5.712683339897915e-05
7.117315371512,5.7346199877638464e-05
7.118324272065,5.69694940968864e-05
7.119327225757,5.70122155247851e-05
7.120332102808,5.671621044192466e-05
7.12133347177,5.756125695127337e-05
7.122350916922,5.711425290952924e-05
7.123361141712,5.657685509327598e-05
7.124362377908,5.750772947113307e-05
7.125381084751,5.7110284338870524e-05
7.126393717093,5.7394954550696495e-05
7.127412202464,5.7229727225462124e-05
7.128428915307,5.733973853702223e-05
7.129448666144,5.684095658343152e-05
7.130460277195,5.652373033854567e-05
7.131467003393,5.679322281789442e-05
7.132479526918,5.6132316781082415e-05
7.133481224097,6.165559749739502e-05
7.134581224097,5.722325254009898e-05
7.135601612445,5.775314925159607e-05
7.136632193907,5.7697823899197124e-05
7.137662773773,5.878116202262591e-05
7.138713353198,5.707635373421441e-05
7.139734124082,5.7573536562775574e-05
7.140764700963,5.863707515704247e-05
7.141815276763,5.8594078415373385e-05
7.142866233521,6.0155075295391594e-05
7.143946997902,5.7267376856131614e-05
7.144977569806,5.941769171099933e-05
7.146047950251,5.827876049374541e-05
7.147098519734,5.657994764417559e-05
7.14811927742,5.708887985464912e-05
7.149149844475,5.818222356529521e-05
7.150200410505,5.649451973876047e-05
7.151221163606,5.6954050992623946e-05
7.152251727268,5.799767052213795e-05
7.153302289925,5.558748298467512e-05
7.154309929299,1.628728719859528e-05
7.154605386558,5.776572273278629e-05
7.155654346328,5.668366480584639e-05
7.156684905097,5.773637730565595e-05
7.157735462872,5.549171582661233e-05
7.15874639055,5.650129724143842e-05
7.159776945924,5.753871979185228e-05
7.160827500251,5.5851241041267876e-05
7.161848237159,5.633589538854723e-05
7.162878789089,5.738711871858925e-05
7.163929339999,5.572386610257423e-05
7.164950072891,5.6221466790719084e-05
7.16598062129,5.728958614591684e-05
7.167031168585,5.563283836166889e-05
7.168051896715,5.61272236806138e-05
7.169082441532,5.712998521117119e-05
7.170132361224,5.514096182590609e-05
7.171146671375,5.527215850947155e-05
7.172164422527,5.571040510076568e-05
7.173192546257,5.68697997919528e-05
7.174243444385,5.689168998496962e-05
7.175294340764,5.685317077122674e-05
7.176345235246,5.67905273385098e-05
7.177396127731,5.674441328346482e-05
7.178447018413,5.667785043797467e-05
7.179497907292,5.6612121533574673e-05
7.180548793823,5.414186030825199e-05
7.181554587811,5.425603050223124e-05
7.182563788269,5.456855605149895e-05
7.183580622849,5.418719503114784e-05
7.184591653655,5.476598439785023e-05
7.185614289766,5.494890654285817e-05
7.186641225419,5.357602564990397e-05
7.187643461134,5.420551380893119e-05
7.188658153055,5.45140625452097e-05
7.189679273071,5.385553664677852e-05
7.190689076878,5.331785657563584e-05
7.19168978689,5.4632786658110866e-05
7.192716202481,5.363036848385621e-05
7.193724862684,5.399009876801905e-05
7.194740874222,5.399725907081723e-05
7.195757560569,5.3792087492500674e-05
7.196771300922,5.3881250048303455e-05
7.197787724867,5.348349718151976e-05
7.198797496774,5.372875452319407e-05
7.199812710061,5.389542748385376e-05
7.200831879915,5.4018686219318684e-05
7.20185451161,5.4163604552648044e-05
7.202881198514,5.375964849500556e-05
7.203901063836,5.4086624572223106e-05
7.204927907429,5.3651937696386364e-05
7.205947552549,5.3080576780639946e-05
7.206957434239,5.3125195851480166e-05
7.20796922107,5.3534387481945075e-05
7.208989490268,5.2985919152277166e-05
7.210000420773,5.315656289706138e-05
7.211015590537,5.2783132992858967e-05
7.212024250196,5.347052621850596e-05
7.21304704966,5.280227089177627e-05
7.21405817667,5.3226412377262026e-05
7.215078280709,5.312910566324564e-05
7.216097602679,5.3027972607359626e-05
7.217116142619,5.283584917506482e-05
7.218131920517,5.277636466366142e-05
7.21914769414,5.256739401778857e-05
7.220160917664,5.250165238555342e-05
7.221174137078,5.233645562295633e-05
7.222185018827,5.284729568588618e-05
7.223206928232,5.2314122671562864e-05
7.224220135996,5.2209355160152916e-05
7.225232562167,5.193731570791656e-05
7.226240671955,5.214157029260569e-05
7.227253869467,5.209688396074839e-05
7.22826706358,5.2054004573773746e-05
7.22928025478,5.1995039625024974e-05
7.230293442951,5.134073578562021e-05
7.231294959834,5.189665115405454e-05
7.232308140809,5.228142697225936e-05
7.233329723482,4.0911857803260845e-05
7.234129910214,5.1418600201771775e-05
7.235136568712,5.131469730662628e-05
7.236141674216,5.2582702964980726e-05
7.237172444833,5.1397850574972444e-05
7.23818114978,5.194668874900846e-05
7.23920146224,5.1370722341529545e-05
7.240211220656,5.147193769391413e-05
7.241223945258,5.1413917490002074e-05
7.242236666107,5.204301027126554e-05
7.243262606057,5.166369580492469e-05
7.244282107431,5.145021411942163e-05
7.245298635199,5.3378585805310635e-05
7.246354464191,5.55535755540593e-05
7.247454464191,5.553954227090679e-05
7.248554464191,5.550544064530371e-05
7.249654464191,5.5441564339438556e-05
7.250754464191,5.5404280357582764e-05
7.251854464191,5.2200482875385715e-05
7.252891510852,5.1537329256633586e-05
7.253916480555,5.07580029383044e-05
7.254927570147,5.0601501648594266e-05
7.255937103831,5.053255275043506e-05
7.256946409893,5.166417802733532e-05
7.257979009038,5.1145267045829615e-05
7.259002042536,5.069484674303592e-05
7.260017344087,5.0900678334649604e-05
7.261037530005,5.1268510074076575e-05
7.262066080054,4.987948797856248e-05
7.263067884266,4.991936359345048e-05
7.264071213627,4.972709317882235e-05
7.265071739662,4.9779240067963724e-05
7.266074387638,4.9956142954059805e-05
7.267081431179,5.030657684379547e-05
7.268096396423,5.184137907477071e-05
7.269143234462,5.037114663302079e-05
7.270161411098,5.05246503330829e-05
7.271183692638,5.044816889655637e-05
7.272205495923,5.126124006601904e-05
7.273244782324,4.941313327047174e-05
7.274247272426,5.105746853734024e-05
7.275284348253,5.025861018550947e-05
7.276306492794,5.07523835061107e-05
7.277339579684,4.9472284145633106e-05
7.278347324097,5.057840957338693e-05
7.279378571299,4.9188102147233194e-05
7.280382459156,5.1184882216646006e-05
7.281428028171,4.9997347458202586e-05
7.282450445751,5.041260159556422e-05
7.283482370679,4.917932017184596e-05
7.284489750032,5.104962716190647e-05
7.285536381247,5.053283120546235e-05
7.286584295003,4.8443545339512816e-05
7.287602811915,4.8840398828725376e-05
7.288634130019,4.888765327719835e-05
7.289668724981,4.7828047215134014e-05
7.290682102904,5.097974267848665e-05
7.291762939566,4.75185223134697e-05
7.292771404718,4.888168578739807e-05
7.293810131107,4.762513960370499e-05
7.294823295526,4.8097217052355124e-05
7.295847031143,4.698847695774249e-05
7.296847520832,4.7663725466208964e-05
7.297863503634,4.691192609711763e-05
7.298864650765,4.6849639379257206e-05
7.299865143711,4.791279175105419e-05
7.300889216949,4.7683921878132694e-05
7.301909440872,4.7854226133422154e-05
7.302934157262,4.738572890580671e-05
7.303949934071,4.7176584843044345e-05
7.304962222601,4.662303653313802e-05
7.305963584643,3.24080205241104e-05
7.306660112899,4.729073356494919e-05
7.307677190004,4.764592719065253e-05
7.30870291133,4.7348681897807664e-05
7.309723233631,4.652688036678431e-05
7.310726953719,4.765672671265184e-05
7.311756122166,4.631257109152844e-05
7.312757092134,4.657675805274945e-05
7.313764762794,4.703168718849445e-05
7.31478356844,4.6403216397430624e-05
7.315790451616,4.661086134867799e-05
7.316803311679,4.6664824192944625e-05
7.317818019909,4.635797465997274e-05
7.318826546004,4.6699429926746894e-05
7.31984315491,4.66131758429969e-05
7.320858659472,4.680707332484459e-05
7.321879107518,4.675518357669496e-05
7.322899382116,4.6058831003858674e-05
7.323905355361,4.593862140823416e-05
7.32490942582,4.6693167478962646e-05
7.325931276512,4.6196210814264296e-05
7.326943371804,4.6842248119517394e-05
7.327970393463,4.6474938346075573e-05
7.328990024505,4.567611907769947e-05
7.32999303563,4.571929377677232e-05
7.330998107298,4.62700646184451e-05
7.33201623807,4.5645062771759776e-05
7.333021727796,4.5773893644747385e-05
7.334030849814,4.5638260647217215e-05
7.335037535489,4.570776715861788e-05
7.33604671891,4.5377819449131234e-05
7.337049366957,4.588084595632542e-05
7.338063688117,4.581416071776503e-05
7.339077468503,4.566734114465542e-05
7.340088969197,4.5225911196421716e-05
7.341091667303,4.54635036445492e-05
7.342100785473,4.653892401861208e-05
7.343134935877,4.554029831201194e-05
7.344147932242,4.5768978638922056e-05
7.345166875434,4.564193335944466e-05
7.346183649242,4.486909118646266e-05
7.347184035082,4.496679331379536e-05
7.348187421425,4.56861118493497e-05
7.349207666722,4.4772210069623044e-05
7.350208238906,4.507315309660108e-05
7.351216398308,4.516374176013404e-05
7.352227607124,4.5081984999237676e-05
7.353237667067,4.4816520522091344e-05
7.354242365557,4.4698981848406125e-05
7.355245346285,4.569280259453819e-05
7.356271634023,4.5355832099405806e-05
7.357291180423,4.514534616584909e-05
7.35830661469,4.449652591268424e-05
7.359307951408,4.57861631663781e-05
7.360339139243,4.49796920792398e-05
7.361352881352,4.66718888108143e-05
7.362405220938,4.696208757594762e-05
7.363464042391,4.647531280804962e-05
7.364512277525,4.872452954057972e-05
7.365612277525,4.870923026872155e-05
7.366712277525,4.515630293024188e-05
7.367732501919,4.864595134686083e-05
7.368832501919,4.4640209124753755e-05
7.369842613494,4.714154527865179e-05
7.370909957174,4.85567106681684e-05
7.372009957174,4.852910129311255e-05
7.373109957174,4.8499028938590264e-05
7.374209957174,4.8474566766543234e-05
7.375309957174,4.844058468199113e-05
7.376409957174,4.758394928568921e-05
7.377491416996,4.480747168682834e-05
7.37851079998,1.9470183876342285e-05
7.378954182726,4.4672923785814576e-05
7.379971977947,4.5387478762881815e-05
7.381006535722,4.4447765261903464e-05
7.382020251825,4.462654513258621e-05
7.383038490882,4.804973836880347e-05
7.384135723882,4.5833900940817535e-05
7.385183272902,4.5809700429395116e-05
7.386230820585,4.3794089446591235e-05
7.387232952911,4.446681121945949e-05
7.388251240215,4.427812637223589e-05
7.389266076775,4.476398088218475e-05
7.390292911616,4.783873578742384e-05
7.391390988293,4.730938520224033e-05
7.392477819633,4.407957535869844e-05
7.393491319573,4.5446401897046375e-05
7.394536888858,4.555186824593214e-05
7.395585576518,4.7659774629595385e-05
7.396683960427,4.4225795170914856e-05
7.397704132935,4.52474307732765e-05
7.398748364924,4.575908967059863e-05
7.399805252482,4.5005494524663766e-05
7.400845807895,4.364350494497891e-05
7.401855983029,4.613919866507189e-05
7.402924919078,4.406752491705582e-05
7.403946470033,4.525403599382379e-05
7.404996460913,4.357507225670587e-05
7.406008641361,4.3472511690394496e-05
7.407019418457,4.445738568568502e-05
7.408053927214,4.4720974401484947e-05
7.409095581598,4.5011289353608124e-05
7.410144993649,4.4046424171593017e-05
7.411172637632,4.346720594246003e-05
7.412188026986,4.286635208401058e-05
7.413190937345,4.414324802210123e-05
7.414224769141,4.441178384678418e-05
7.415265875028,4.4003612299197244e-05
7.416298760026,4.404121750131459e-05
7.417333633903,4.465436699528714e-05
7.418384111685,4.365716465310505e-05
7.419412687487,4.307713759450962e-05
7.420429104072,4.325722980916147e-05
7.421450991118,4.274949025156636e-05
7.422461830316,4.361276931590866e-05
7.423494096351,4.3338401229350726e-05
7.424520906965,4.432007434356083e-05
7.425572168429,4.292652336055585e-05
7.42659155484,4.319097368817212e-05
7.427618318975,4.299344871208311e-05
7.428641674577,4.2138701774448024e-05
7.429648744004,4.410249368264963e-05
7.430718994791,4.169630114754004e-05
7.431744869313,4.107829055964824e-05
7.432758187389,4.133394946475761e-05
7.433779783299,4.069139722581283e-05
7.434787535428,4.16272551718838e-05
7.435819906587,4.0569892064441464e-05
7.436826986683,4.0616382850080935e-05
7.437836555233,4.0873810372244555e-05
7.438853632034,4.06008337406813e-05
7.439864611314,4.0481351322169863e-05
7.440873354014,4.010733765139429e-05
7.441873429152,4.330324853090264e-05
7.442954081251,4.072993754407044e-05
7.443971580582,4.1111543832726797e-05
7.444999563529,4.1100239673629755e-05
7.44602821506,4.09638519321235e-05
7.447054095657,4.055977929029515e-05
7.448070566798,3.9965224449008656e-05
7.449073192025,3.992357144515532e-05
7.450075678252,4.06487450230572e-05
7.451097073243,4.077225016845493e-05
7.452122706253,4.0770678532295974e-05
7.453149654314,4.2045966345197053e-05
7.454209920255,4.02418830997966e-05
7.455225608649,4.0306633626246134e-05
7.456243753412,4.0264342913690735e-05
7.457261671717,4.2173488661736825e-05
7.458328332822,4.04670697296386e-05
7.459352605,3.964740834532485e-05
7.460357239448,4.083540738727236e-05
7.461392681503,4.141484759124859e-05
7.462443557044,3.953109282216585e-05
7.4634474782,4.070238191329472e-05
7.464481490423,4.050242630638197e-05
7.46551083327,3.945690209777976e-05
7.466514418652,4.131977080957219e-05
7.467566347263,4.041139783631862e-05
7.468595843462,4.263551553762001e-05
7.469682727842,3.918812980146205e-05
7.470682727842,4.119890910122767e-05
7.471734652729,3.9138138666194884e-05
7.472734652729,3.0118029644501696e-05
7.47350472906,4.0978427117655534e-05
7.474553205028,4.170184190778062e-05
7.475621258443,3.940524294492017e-05
7.476631333525,4.2627568651918234e-05
7.47772478549,4.0899518538554166e-05
7.478775009135,3.969977069003627e-05
7.47979530616,4.084800935281916e-05
7.480845527864,3.9657454440328884e-05
7.481865822151,4.0407405364635774e-05
7.482906114864,4.076824930648719e-05
7.483956479082,3.879327031784232e-05
7.484956768985,3.9070221399213684e-05
7.485965018434,3.95075399348129e-05
7.486985305928,3.871493620947471e-05
7.487985592136,3.8692476115087326e-05
7.488985876517,3.981932573555163e-05
7.490016229919,4.016689842271403e-05
7.491056511118,3.859615358004225e-05
7.49205679156,4.010932256599616e-05
7.493097070166,4.0349887976714677e-05
7.494144382044,4.003198968736191e-05
7.495184226578,4.039927864777378e-05
7.496234570264,3.958558251470868e-05
7.497264645989,3.83952199282778e-05
7.498264918358,4.142483923739259e-05
7.499345057592,3.835016042833884e-05
7.500345326775,4.065091759692925e-05
7.50140599362,3.8569395075875975e-05
7.502413016226,3.948780709212579e-05
7.503444463879,3.826343560186008e-05
7.504444728123,4.1648672825775514e-05
7.505534306059,4.063022189177895e-05
7.506597522884,3.864975565008214e-05
7.507609876754,3.9105467416875224e-05
7.50863489752,3.829871989016117e-05
7.509639353219,3.920741805573493e-05
7.510668698275,3.948532615786673e-05
7.51170630408,3.9289364536257764e-05
7.512739512117,3.88846407162518e-05
7.513762813194,3.90437831862997e-05
7.514791507045,3.9745234746029235e-05
7.515839695423,4.010369410350957e-05
7.516897837236,3.909829324072041e-05
7.517930469147,4.043411705488262e-05
7.518999391032,3.921180746447251e-05
7.520036661222,3.972501017162091e-05
7.521088486397,3.887516669931663e-05
7.522118749593,3.843888294180375e-05
7.523138317726,3.885144323634742e-05
7.524169926407,3.7937409885073913e-05
7.525178112076,3.778940533955306e-05
7.526183164297,3.786844393903205e-05
7.527191180281,3.9358928558200035e-05
7.528239571102,3.786943142008318e-05
7.529249229942,3.769505839884885e-05
7.530255294894,3.7627325931832505e-05
7.531260595295,3.9101632709533966e-05
7.53230631505,3.78077975169781e-05
7.533318450583,3.866281523734911e-05
7.534354628905,3.910384334735828e-05
7.535403518269,3.80813574607295e-05
7.536426006553,3.902508253118916e-05
7.537475116044,3.783157813302863e-05
7.538493281972,4.000792877010267e-05
7.539571174801,3.747694548602696e-05
7.5405821897,3.8565571637489345e-05
7.541624258129,3.737259422657019e-05
7.542635114281,3.8947862216486784e-05
7.54368973856,3.791528113975108e-05
7.54471770788,3.8137254571952214e-05
7.545752756756,3.710282701962121e-05
7.546761175268,4.027274179200206e-05
7.547857209351,3.737470264627627e-05
7.54887563615,3.6702690677831126e-05
7.549876986577,3.687582783424581e-05
7.550884229225,3.7131120259123597e-05
7.551899896985,3.658654415861405e-05
7.552902418558,3.695345319139005e-05
7.553916197587,3.664780420452214e-05
7.554922969768,3.729441734296408e-05
7.555949174946,3.633235937745351e-05
7.556949644748,1.1110102215744443e-05
7.557255694529,3.877915203700061e-06
7.557362556025,3.7034086666801703e-06
7.557464626173,5.86200274970562e-06
7.55762622434,1.4135731512876858e-05
7.558016073636,1.147920486449069e-05
7.558332802151,3.654042770192021e-05
7.559344238342,3.617163058829014e-05
7.560354049258,3.632304495589577e-05
7.561375201471,3.620326779335018e-05
7.562395876652,3.5882580911952554e-05
7.563409410623,3.6132036598363404e-05
7.564431278831,3.784485678030326e-05
7.565502817563,3.607744077609664e-05
7.566525348211,3.6701187762321844e-05
7.567567626602,3.52195190304423e-05
7.568569152503,3.705198446274706e-05
7.569621621122,3.668368873407937e-05
7.570665177368,3.557502144913813e-05
7.57168286204,3.539913657360866e-05
7.572695653778,3.5827695289756584e-05
7.573719193961,3.494733213910088e-05
7.574719998681,3.588124172958846e-05
7.5757494424,3.5813168036674755e-05
7.576777846374,3.5523361326453104e-05
7.5777980592,3.6005657269111484e-05
7.578833038726,3.4996496614241654e-05
7.579839369863,3.5767768343840474e-05
7.580867696009,3.479837625015122e-05
7.581868773164,3.512923500367098e-05
7.582881001871,3.593557839870089e-05
7.583918992957,3.4830908638824274e-05
7.584926625312,3.5724404320228995e-05
7.585960592469,3.494039444909278e-05
7.58697271876,3.48488971185638e-05
7.587982988098,3.4499492247615034e-05
7.588983530099,3.464753559446432e-05
7.58998890462,3.45928592223621e-05
7.590993381689,3.6245972424655775e-05
7.592046704665,3.521670250802592e-05
7.593070664217,3.439672733796685e-05
7.594071439311,3.541777134823843e-05
7.595102590396,3.442084199214148e-05
7.596105370073,3.5058225827628965e-05
7.597127604205,3.4646741869692055e-05
7.598138501065,3.4981214190512836e-05
7.599159869213,3.5066911691240825e-05
7.600184770344,3.567763704191446e-05
7.601228467683,3.544345677913178e-05
7.602266183937,3.451729172146461e-05
7.603277704233,2.4121010299774578e-05
7.603985090662,3.41148126602801e-05
7.604986278741,3.426214405363202e-05
7.605992671379,3.4423510061306456e-05
7.607004668565,3.4512880397113276e-05
7.60802015924,3.537873867854487e-05
7.609061974794,3.441377735650132e-05
7.610076228448,3.397766660947291e-05
7.611078597763,3.3899435188079775e-05
7.612079844385,3.45943073018016e-05
7.613102531834,3.424940951475617e-05
7.614115621191,3.448926906171314e-05
7.615136745704,3.448210835553791e-05
7.616158614951,3.3840069318817675e-05
7.617162499382,3.4254183437338555e-05
7.618179892131,3.3925586033713335e-05
7.619188456983,3.55584939794639e-05
7.62024654627,3.475326571116798e-05
7.621282024844,3.4243851328556415e-05
7.622303522915,3.39371093626261e-05
7.623316887416,3.375332434976342e-05
7.624326125826,3.4297383690640255e-05
7.625352906276,3.392004488988414e-05
7.626371581349,3.371296815904748e-05
7.627393121636,3.3012511341627096e-05
7.628400866529,3.29050607536623e-05
7.629407434611,3.2677258459690396e-05
7.63040859512,3.2884584925305625e-05
7.631417277091,3.267945902020545e-05
7.632420994568,3.2878751498652715e-05
7.633432001342,3.2735767324228934e-05
7.63443954211,3.2484121819933856e-05
7.635440528526,3.316161024963269e-05
7.636463566262,3.2730881787227146e-05
7.637474267631,3.3135711591452104e-05
7.63849853966,3.254811763706621e-05
7.639505845861,3.23687602032493e-05
7.640508646303,3.3143953881854775e-05
7.641536618355,3.2827139955736225e-05
7.642556036386,3.2295201821566866e-05
7.643559768161,3.23689976520973e-05
7.644566796843,1.539235554669661e-05
7.645046119042,3.259644135500563e-05
7.646061817548,3.2741281471237516e-05
7.647083167699,3.24811489542981e-05
7.648097403346,3.2037308705159165e-05
7.649098642292,3.477578353061228e-05
7.650186430367,3.197659579120669e-05
7.651187407186,3.459387609476973e-05
7.6522712799,3.2061892045251214e-05
7.65327666915,3.3127691787644465e-05
7.654316130121,3.356155437714201e-05
7.655369946848,3.1831257538591595e-05
7.656370590183,3.3655309136049714e-05
7.657429588042,3.3538193896212606e-05
7.658485710634,3.2393902787104174e-05
7.65950666004,3.2587133056136426e-05
7.660534557272,3.3024882336751684e-05
7.661577306219,3.3408435685584076e-05
7.662633171375,3.3140435834564915e-05
7.663681599804,3.164574839836223e-05
7.664683631587,3.3587402495119227e-05
7.665748068154,3.4327007464707683e-05
7.666836824359,3.2782766103625144e-05
7.667877298845,3.172196067490816e-05
7.668884807551,3.229827654721657e-05
7.669911371312,3.194822251081776e-05
7.670927623779,3.1860235727704876e-05
7.671942019271,3.306127478874413e-05
7.672995387067,3.149122901741842e-05
7.673999326902,3.3278490060293034e-05
7.675060787942,3.2187949382486006e-05
7.676087179736,3.1635210630953615e-05
7.677095851115,3.1803403951019844e-05
7.678110647601,3.235204360240176e-05
7.679144017139,3.2678511259415474e-05
7.680188539643,3.277077295159576e-05
7.681236518297,3.202670815946483e-05
7.68226147605,3.147699282508172e-05
7.683269771039,3.1182965242628346e-05
7.684270037155,3.129014037422521e-05
7.685274780662,3.170970149390256e-05
7.686293309842,3.113685600008117e-05
7.687294301909,3.169582737706239e-05
7.688314383239,3.115769298187321e-05
7.689317898838,3.2116803912949795e-05
7.690353087119,3.169609012317186e-05
7.691375709972,3.1157724497742784e-05
7.692381912151,3.107883132945394e-05
7.69338635112,3.094660118000481e-05
7.694387270188,3.1663517602706937e-05
7.69541234745,3.184965148539924e-05
7.696444458603,8.006213773338501e-06
7.696704045418,3.1703894562362416e-05
7.697732349772,3.091401020784516e-05
7.698736089814,3.171126821940519e-05
7.699766943687,3.119184018313155e-05
7.700781629854,3.0925483211399604e-05
7.701788473104,3.076542806785627e-05
7.702790924592,3.069064175789906e-05
7.703791550473,3.133176265798988e-05
7.704814048087,3.092147041186831e-05
7.70582414867,3.128902482381225e-05
7.706847134406,3.0920879558432213e-05
7.707859312867,3.0610031345862185e-05
7.708862380825,3.116725965676631e-05
7.709884392801,3.054357882846922e-05
7.710886877622,3.115253921546215e-05
7.71191056012,3.116871098940356e-05
7.712935844019,3.2700402238541054e-05
7.714012577942,3.1271552663458643e-05
7.715043171141,3.1064704853219505e-05
7.716067563057,3.0997496685885564e-05
7.717090569274,3.0463488843616207e-05
7.718096857316,3.078591797745776e-05
7.719114590271,3.034289166256326e-05
7.72011875402,3.1048906132120785e-05
7.721147417595,3.0813963084218615e-05
7.722169382042,3.0416955702507287e-05
7.723178956544,3.0197515812973262e-05
7.724181852604,3.190938856795363e-05
7.725242864856,3.0149132683479762e-05
7.726246468541,3.0095914589635033e-05
7.727248987434,3.0196012743410955e-05
7.728255794292,2.9995375642532793e-05
7.729257007876,2.996155137247408e-05
7.730257819995,3.0348070934791618e-05
7.731272247669,3.0794288203866375e-05
7.732302628069,3.0324590992804573e-05
7.733318201027,3.0478692804005844e-05
7.734340197876,2.9894556037171434e-05
7.735343761142,3.028404382335857e-05
7.736361112012,3.132223805549202e-05
7.737421261709,2.9801895490957626e-05
7.738440108759,1.8476522110691687e-05
7.73907375481,2.9489511447822917e-05
7.740086407667,2.910028432710187e-05
7.741087375789,2.9704179088190328e-05
7.742110306167,3.004626060690319e-05
7.743146413941,2.979021820430947e-05
7.744174919839,3.080106968083376e-05
7.745239283221,2.9389586738263524e-05
7.746255803267,2.9512059024232257e-05
7.747277669389,2.914761384995513e-05
7.748288051473,2.8885215888034973e-05
7.749290137378,2.940754638602186e-05
7.750311308283,2.8999869985116856e-05
7.751319170832,2.889005269141576e-05
7.752324109505,2.8893515267273848e-05
7.753330311982,2.899425174907571e-05
7.754340848481,2.9039341853074268e-05
7.75535365836,2.8906738553457524e-05
7.756362872404,2.8728485375841597e-05
7.757366769249,2.9601619193659457e-05
7.758402039681,3.0051604338727642e-05
7.759454123836,2.9426712181766352e-05
7.760484959422,2.892357572294028e-05
7.761498404487,2.89946346795455e-05
7.762515232352,2.8775911581812203e-05
7.763525523984,3.035215332117994e-05
7.764591763722,3.093468616457718e-05
7.76567929212,2.9851675272940656e-05
7.766729815206,2.9252290605692658e-05
7.767760259408,3.0069527650190687e-05
7.768820838107,2.968766297868638e-05
7.769869142054,2.9621848269557193e-05
7.770915848582,2.8335941332074456e-05
7.771917975816,2.837978190221589e-05
7.772922654515,2.920646122282534e-05
7.773957514414,3.0087395714304862e-05
7.775024225075,2.9054776571042623e-05
7.776054944864,2.9592576893060236e-05
7.777105693301,3.069731329138293e-05
7.778196778491,2.9527565842683842e-05
7.779247593593,2.8659057363694013e-05
7.780268723571,2.890570770016444e-05
7.781299603726,2.94389153497326e-05
7.782350511543,2.8578082329494052e-05
7.783371765716,2.9102065031772204e-05
7.784412830445,2.9352788346591325e-05
7.785463830871,2.8212137686863135e-05
7.786474859982,2.8159325702231643e-05
7.787484899,2.8418656148725754e-05
7.788505391905,2.811384113462788e-05
7.78951576539,3.0589536397553275e-05
7.79061575789,2.8256226542119233e-05
7.791632747249,2.805712568111831e-05
7.792643324866,2.8013256947398506e-05
7.793653921334,2.785727424710096e-05
7.794660745692,2.7681666386733607e-05
7.795662132493,6.786581536302393e-06
7.795907739495,2.811288104311358e-05
7.796925733059,2.803905312821137e-05
7.79794199483,2.7661376165227756e-05
7.798945642522,2.7669277003057687e-05
7.799950538255,2.776133968787596e-05
7.800959410915,2.7635684144755186e-05
7.801964416366,2.7711335830146284e-05
7.802973016561,2.7620862501602128e-05
7.803979083665,2.8269494840551954e-05
7.805009540107,2.814017818997757e-05
7.806036116731,2.7924442464156885e-05
7.807055405399,2.814280444040613e-05
7.808083654805,2.7467513674827886e-05
7.809088106227,2.754167437677873e-05
7.810095658127,2.7541201801564757e-05
7.811103860169,2.7515982593488003e-05
7.812111664391,2.7517069225032425e-05
7.813120092678,2.7440696388078044e-05
7.814126553089,2.7769587547246798e-05
7.815145907927,2.7543093056677334e-05
7.816157745739,2.7271491619690843e-05
7.8171602214,2.8115835627436154e-05
7.818194358197,2.7588846966471445e-05
7.819209808456,2.7225914621041885e-05
7.820212625414,2.8068328337092435e-05
7.82124711547,2.7550294045088963e-05
7.82226291178,2.719692628606006e-05
7.823266071483,2.803760048675115e-05
7.824300914234,2.7510650485747148e-05
7.825317058789,2.7150021378787882e-05
7.826320561558,2.7991521758332916e-05
7.827355758324,2.7488070706915703e-05
7.828372918249,2.7657316442976446e-05
7.829396911213,2.728926834697977e-05
7.830407845527,2.750446979908004e-05
7.831427655574,2.7295164465359292e-05
7.83244041006,2.718456158685785e-05
7.833449440787,2.7109490245315766e-05
7.834456338188,2.695921068890648e-05
7.835458497643,2.6945215638100404e-05
7.836460768548,2.702799764826345e-05
7.83746669804,2.695983284885392e-05
7.838470791681,2.6850085056567765e-05
7.839471685551,2.752192416637981e-05
7.840498183436,1.64136293571305e-05
7.841110563805,2.7231868677257185e-05
7.842127225882,2.6995452306154944e-05
7.843135682856,2.782007515999387e-05
7.84417561476,2.7649217990395987e-05
7.845209862899,2.763520457056813e-05
7.846244230143,2.6744873972035208e-05
7.847245921567,2.6776293355940833e-05
7.848249608702,2.72679627128485e-05
7.849272564469,2.6838688095753932e-05
7.850280042037,2.6733090636848243e-05
7.851284198817,2.6716915839096776e-05
7.85228846552,2.6650367156010317e-05
7.853291049827,2.7395533275669315e-05
7.854322395786,2.7234898532745194e-05
7.855348104125,2.7064675260712564e-05
7.856368085672,2.707281645898405e-05
7.857389195502,2.7137420409559434e-05
7.858413520505,2.709852571515599e-05
7.859437192949,2.663102128937713e-05
7.860443836723,2.7463741817588034e-05
7.861482517308,2.706926951828258e-05
7.862507112701,2.6525200297514232e-05
7.863512076834,2.6901752034527403e-05
7.86453876411,2.6300416153061886e-05
7.865552444283,2.610465746830347e-05
7.86656267488,2.6237486510191216e-05
7.867580104543,2.586298776272798e-05
7.868584462227,2.5755624048613857e-05
7.869585842632,2.5726988814910917e-05
7.870587329888,2.630320412796118e-05
7.871612073216,2.616633683785283e-05
7.872631941199,2.603373435538567e-05
7.873647408773,2.5743594317946924e-05
7.874652536506,2.6136864404543402e-05
7.875673804249,2.6486941326373817e-05
7.876709615787,2.572959218405854e-05
7.877716591688,2.6024710667752284e-05
7.878735677126,2.5761872458343512e-05
7.879744774972,2.67964693169728e-05
7.880795090796,2.6015429486084034e-05
7.881815552563,2.625524258676561e-05
7.88284593142,2.5480943757696473e-05
7.883846743458,2.748627797023127e-05
7.884927324127,2.618555601012229e-05
7.885957791552,2.563827020899132e-05
7.886967953453,2.5338743554934082e-05
7.887967953453,2.528932367776865e-05
7.888967953453,2.5239883187318614e-05
7.889967953453,2.5225798734612098e-05
7.890967953453,2.5215348224301657e-05
7.891967953453,2.5178421891212417e-05
7.892967953453,2.562529839089757e-05
7.893986880816,2.5120831472403214e-05
7.894986880816,2.5345367374131413e-05
7.895997131275,2.608769462561161e-05
7.897038176037,2.5803126322364004e-05
7.898068980846,2.4774857091530222e-05
7.899059821715,2.620151123366816e-05
7.900108823284,2.5725223739708965e-05
7.901139723239,2.6198289055440285e-05
7.902190649942,2.5430219859435737e-05
7.90321192621,2.564315206124369e-05
7.904242915775,2.6112541505407697e-05
7.905293933157,2.5347316560614188e-05
7.906315328759,2.596361037491631e-05
7.90736283421,2.6762606164563892e-05
7.908444312457,2.548521005805718e-05
7.909475452574,2.595062125609682e-05
7.910526217282,2.545815582202799e-05
7.91155820317,2.5062324100394178e-05
7.912575520498,2.482526060339994e-05
7.913584958505,2.4828233020923524e-05
7.914596057187,2.492228433160136e-05
7.915612155436,2.4546770717780583e-05
7.916614171284,2.501530461200205e-05
7.917636455738,2.531198638411286e-05
7.918672097402,2.4850575551436826e-05
7.91969019485,2.4631363630807047e-05
7.920700406984,2.464107943107442e-05
7.921712279617,2.4726939797719664e-05
7.922729156075,2.4356322421583425e-05
7.923731937648,2.4659781564396584e-05
7.924748318518,2.4567688661905727e-05
7.925762064825,2.550552410011418e-05
7.926815725444,2.484616942440546e-05
7.927843477787,2.433768043676508e-05
7.928851152964,2.476902036759839e-05
7.929877641856,2.4459600628005235e-05
7.930892541234,2.4574956622581773e-05
7.931913209366,2.4873965734128602e-05
7.93294748258,2.4627642509647157e-05
7.933972874991,2.4417581700496345e-05
7.934990729174,2.4229841425004502e-05
7.936001999665,2.405486839475818e-05
7.937007162689,2.462580924882716e-05
7.938037297622,2.425378891052187e-05
7.939052958676,2.4290920714594765e-05
7.94007136101,2.4053425212019066e-05
7.941081053491,2.4678708195231397e-05
7.942118179554,2.4397721012370506e-05
7.943144564179,2.4194655147542827e-05
7.944163402666,2.3795131936068785e-05
7.945166353806,2.4176932342228846e-05
7.946186326337,2.4415791268687023e-05
7.947217458623,2.3843787779392835e-05
7.948225485388,2.3862265789206365e-05
7.949235174961,2.3755258726387488e-05
7.950241230902,5.328206723231822e-06
7.950467002073,2.4261541908218437e-05
7.951495640749,2.4093146428987108e-05
7.952518247151,2.4074850719925027e-05
7.953540959775,2.3976494556552736e-05
7.954560191543,2.3512444874566447e-05
7.955560447803,2.3550116049116988e-05
7.956562995755,2.417880441828178e-05
7.957593075244,2.3579756131108507e-05
7.95859876576,2.360992933814995e-05
7.959606467441,2.3499504404396567e-05
7.960610084262,2.3571078451910863e-05
7.961617583252,2.373179283711899e-05
7.96263264112,2.3365758937090253e-05
7.963632982661,2.3913623639571848e-05
7.964657710496,2.3962942651057295e-05
7.965685477481,2.3448434271124015e-05
7.966692252933,2.3937093439623512e-05
7.967721338256,2.424125508734752e-05
7.968765022548,2.4214485597167422e-05
7.96980882528,2.384601606080484e-05
7.970837948371,2.3822761190697784e-05
7.971867504828,2.3692805105131102e-05
7.972892695689,2.366940801581051e-05
7.97391799793,2.3552984285707702e-05
7.974939450257,2.3529210642397775e-05
7.975961012894,2.3424016050552087e-05
7.976979082373,2.340035874542286e-05
7.977997260216,2.3302613797938177e-05
7.97901230281,2.3281553075836824e-05
7.9800274512,2.361335938199595e-05
7.98105800136,2.3493311438430912e-05
7.982084178991,2.3476783175868748e-05
7.98311046847,2.3372306529148312e-05
7.984132904438,2.3357267414516322e-05
7.985155451197,2.3255476416774805e-05
7.986174504632,2.2811886665171876e-05
7.987175086237,2.3277042605542366e-05
7.988196955648,2.3348708161195632e-05
7.989222967693,2.2806747089034216e-05
7.990226080829,2.3383764232290915e-05
7.991255236901,2.2901830740658298e-05
7.992263854245,2.297004119121798e-05
7.993276325922,2.320202123647987e-05
7.99430707695,2.3606766756167413e-05
7.995366382737,2.245894511730951e-05
7.996377287753,2.275191428283553e-05
7.997402879964,2.26138194992367e-05
7.998424253329,2.228666692021758e-05
7.999432469546,1.6801266805561135e-05
8.000193436333,2.2598302191488778e-05
8.001217987013,2.2335249483678036e-05
8.002231329237,2.2539278766423054e-05
8.00325472583,2.2131509378781778e-05
8.00426065055,2.2403745658051596e-05
8.005279827727,2.271917014971983e-05
8.006314715319,2.2564725117059807e-05
8.007343048489,2.258786996305101e-05
8.008372233482,2.2591362865921082e-05
8.009402581963,2.1920857174878698e-05
8.01040333371,2.2003152896576326e-05
8.011408145134,2.2103394848627103e-05
8.012417803136,2.2752079665795128e-05
8.013457957472,2.2409510991719236e-05
8.014483185772,2.236299377003348e-05
8.015506534579,2.2870288235040578e-05
8.01655325932,2.2996508680232096e-05
8.017606480436,2.1938485406769076e-05
8.018612128384,2.2462131092467366e-05
8.019642078886,2.1865895424750258e-05
8.020645063048,2.2351460555431672e-05
8.021670775742,2.3950772806263203e-05
8.022769931953,2.2756635876452794e-05
8.023814742374,2.219979631352745e-05
8.024835055126,2.1870240515351625e-05
8.025840929253,2.2234400703416568e-05
8.026864044579,2.2262299119705213e-05
8.02788864116,2.2897873587107026e-05
8.028942654231,2.178814000617596e-05
8.029946141955,2.2152595425707804e-05
8.030966940479,2.1730723045410884e-05
8.031969301987,2.1855446017139766e-05
8.032978129236,2.1778615374199382e-05
8.03398351817,2.2033853750361643e-05
8.035001124344,2.2024673198105586e-05
8.03601883448,2.1964934603789368e-05
8.037034111873,2.1960577485716574e-05
8.038049493113,2.188717603024108e-05
8.039062077547,2.1877873474059874e-05
8.040074764916,2.1968416398352146e-05
8.041091980176,2.1832205388665545e-05
8.04210348039,2.1843863899973294e-05
8.043116238195,2.1788296789061848e-05
8.044126803064,2.1783129521841228e-05
8.045137470972,2.2021756731584426e-05
8.046159766963,2.1788029975622342e-05
8.047171703166,2.1742648396891073e-05
8.048181313762,2.1716179907764142e-05
8.049188729374,5.221637422713541e-06
8.049430834209,2.196065739646829e-05
8.050449156412,2.2121053807536525e-05
8.051475433869,2.204780536571719e-05
8.052499034483,2.2042229199018038e-05
8.053522740768,2.1987492359059073e-05
8.054544011679,2.181777837660855e-05
8.055557763367,2.17206410324507e-05
8.056567746472,2.1967399073316207e-05
8.057589331191,2.2047621598063533e-05
8.058614894719,2.1941871486152312e-05
8.059636203975,2.1816039082670306e-05
8.060652424662,2.1686390886533267e-05
8.061662823311,2.156240877268491e-05
8.062667501401,2.2200066795942452e-05
8.063702317242,2.1594540414663605e-05
8.064709020535,2.1812411772827303e-05
8.065725637653,2.170988400918435e-05
8.066736908969,2.157819435111922e-05
8.067742106697,2.222563752747441e-05
8.068777453631,2.1630506306576882e-05
8.069784675097,2.1821852742023593e-05
8.070800899256,2.159251410160922e-05
8.07180651349,2.1619140752981398e-05
8.072813641279,2.1857077364276963e-05
8.073831992309,2.1692130531158417e-05
8.074842648012,2.1710630845550847e-05
8.07585468516,2.1521525719778616e-05
8.076857649975,2.2379829843260013e-05
8.077900762465,2.1956725096931314e-05
8.0789245385,2.158843811057518e-05
8.079931301487,2.2220378263080933e-05
8.080967932139,2.161039454718259e-05
8.081976416677,2.180736565173023e-05
8.082994869407,2.176208759717097e-05
8.084012131927,2.1776372854292955e-05
8.085033178472,2.1569226192456404e-05
8.086049265455,2.1398234262954525e-05
8.087060631724,2.1642076723433356e-05
8.088085724801,2.119878862122396e-05
8.089090795605,2.115459474769455e-05
8.090094853127,2.1096101199924576e-05
8.091102505981,2.0919672834067525e-05
8.092110641893,1.2577387052055034e-05
8.09271902073,2.088467467247075e-05
8.093731321189,2.0947603387669898e-05
8.094748371078,2.0654488013471128e-05
8.095752263016,2.0801619261045843e-05
8.09676499745,2.065459705928732e-05
8.097771169456,2.0546264463309748e-05
8.098773118099,2.0754511996857744e-05
8.099787537879,2.0859657979435132e-05
8.100808247937,2.0414372183911618e-05
8.101808632377,2.0478215917737075e-05
8.102814139515,2.0621751784114295e-05
8.103830143281,2.0268216826447018e-05
8.104833055891,2.0244420979462754e-05
8.105835795405,2.0410869921898886e-05
8.106846890948,2.05584292506591e-05
8.107865741933,2.0282097111486563e-05
8.108871635254,2.0228361029889717e-05
8.109875476971,2.0260346428841308e-05
8.110881080386,2.0442329832922962e-05
8.111896205277,2.1042782710964147e-05
8.112941668137,2.0468544759291897e-05
8.113959407207,2.0158924494425864e-05
8.114962308352,2.0240972655534022e-05
8.115970764296,2.0717533983077927e-05
8.117004151561,2.0739160802096525e-05
8.118038612595,2.065811837378855e-05
8.119070332204,2.0467975253566773e-05
8.120094144276,2.0044410937101005e-05
8.121097933215,2.1315650300360715e-05
8.122166183661,2.0773802482713038e-05
8.123206759787,2.025856703919811e-05
8.124222181441,2.0473684690704787e-05
8.125249655373,2.0444144993685606e-05
8.126275157505,2.0167047193832472e-05
8.127287146529,2.0744960359312463e-05
8.128328232909,1.996136779997949e-05
8.129329706141,2.133388597753214e-05
8.130401876218,2.062646668636947e-05
8.131440423941,1.9997201691074183e-05
8.132448311881,1.1276842088604181e-05
8.13301762595,2.052105339053446e-05
8.134054284957,2.0698785969203817e-05
8.135101166831,2.0950677043955453e-05
8.136161122392,2.114614312091357e-05
8.137229336074,2.0550806569120647e-05
8.138268190482,1.9896633527104353e-05
8.139276541069,2.007342074739658e-05
8.140296727211,1.979386187401673e-05
8.141305214376,2.0344337187528028e-05
8.142344255449,1.952250838920311e-05
8.14334430066,2.0444380307571943e-05
8.144394932191,2.0759716716625165e-05
8.14546370353,2.0176161187041116e-05
8.1465029302,1.947846530194561e-05
8.147506721186,2.0737948711647004e-05
8.148576918262,2.026862756946968e-05
8.149624654504,1.9325040773579502e-05
8.150625416135,1.933769174617493e-05
8.151629923172,2.019226671204415e-05
8.15268419393,1.9270513588243687e-05
8.153693541029,1.9897794792215646e-05
8.154733153186,1.9387737914276056e-05
8.155742645682,1.93101788001397e-05
8.156747333763,2.0050389437188673e-05
8.157793892756,1.9444972134884933e-05
8.158815770778,1.9326298880699735e-05
8.159835594414,1.9348311445707974e-05
8.160853094512,1.9347759486767682e-05
8.161866841033,1.936600140051625e-05
8.162882989689,1.9422645035276143e-05
8.163904180818,1.9276024043265293e-05
8.164917851925,1.9121983298852385e-05
8.165924732464,1.9209136592008946e-05
8.16694295803,1.8982075294456253e-05
8.167952374878,1.969260857353276e-05
8.168998015082,2.006584578336885e-05
8.170066561287,1.911935449262381e-05
8.171086511424,1.883704366609404e-05
8.172091128382,1.9131687045605348e-05
8.173113658009,1.935061184391725e-05
8.174151529775,1.8904561369142917e-05
8.175168551146,1.8987679962136207e-05
8.176191302225,1.858923939429695e-05
8.177191546625,1.881407492063966e-05
8.178204278756,1.867908813146253e-05
8.179212571323,1.8544159179712797e-05
8.180216914893,1.8450236089059436e-05
8.181220753933,1.8586471384518958e-05
8.182234776739,1.8760782323955675e-05
8.183259442645,1.8607473993503708e-05
8.184268698795,1.9081378308991774e-05
8.185278827471,1.8777238829767723e-05
8.186290719934,7.838410553687535e-06
8.186732849372,1.7422059927421e-05
8.187740471711,1.7305442287725244e-05
8.188767872027,1.6838890069798163e-05
8.189779849963,1.6872321002755136e-05
8.190794213031,1.6678289244154444e-05
8.191795044883,1.726503288760066e-05
8.192830773281,1.682323202170848e-05
8.193842931787,1.6622847869290647e-05
8.194847383595,1.6650046835227724e-05
8.195855908015,1.6647026679998175e-05
8.19686343804,1.658983971242545e-05
8.197867579423,1.6681343473704534e-05
8.19887901139,1.6805070853920058e-05
8.199899421546,1.678581884096265e-05
8.200919831702,1.6487151871209463e-05
8.201924529914,1.6452498918447403e-05
8.202930821079,1.4281830559457506e-06
8.20301835627,1.2150633997978338e-06
8.20309287505,8.20173555804641e-07
8.203143199147,1.933012062940676e-06
8.203261832297,3.3179306804631444e-06
8.203465397437,5.941301297324323e-06
8.203829122782,9.541039474531878e-06
8.204413271113,1.2289279537362198e-05
8.205167717171,1.3218175312867513e-05
8.205987791076,1.2047450063306788e-05
8.206744908358,1.0989186613330423e-05
8.207435116871,1.1424555926988283e-05
8.208148441,1.190004111737377e-05
8.20888917983,1.4157263470111471e-05
8.209768341901,1.365784770809886e-05
8.210612447917,1.5471495137425402e-05
8.21156630176,1.6271166531846e-05
8.212572386784,1.6261010842958596e-05
8.213580694322,1.639664613014169e-05
8.214599564766,1.0728204350828756e-05
8.215267906552,9.80481486140905e-06
8.215880043259,1.2263593054742438e-05
8.216645975058,1.321128859277154e-05
8.217472321673,1.0608807414214807e-05
8.218135592563,1.6294162063036124e-05
8.219137893741,1.1189976468134728e-05
8.219812053043,3.5672219362607463e-06
8.220026120935,1.3684086394482409e-05
8.220859473371,6.423761780449049e-06
8.221256476879,1.567671052315823e-05
8.222231039492,1.613030587362763e-05
8.223234976914,5.767908581158106e-06
8.223593478879,8.617373805252315e-06
8.224130311927,1.762630026620265e-06
8.224240395923,4.937233552374369e-06
8.224548926081,7.1732508397286835e-06
8.22499751138,5.768130136650365e-06
8.225358893461,5.5046247072577815e-06
8.225704570575,5.1857643996798775e-06
8.226030605868,1.6740415655677102e-06
8.226135836819,9.99074881868864e-06
8.226762413967,4.759955621701779e-06
8.227060310039,1.3931929442858024e-05
8.227936494208,4.9098926301982e-06
8.228247258741,3.795963358516947e-06
8.228487944799,1.58361835639431e-05
8.22949461118,1.04051358780513e-05
8.230158124138,1.5784728441464168e-05
8.231165846695,6.889802789869199e-06
8.231605918252,1.569533779799877e-05
8.23260967874,4.422617240814953e-06
8.23289270589,1.041500254643386e-05
8.233559745466,1.3294024532685293e-05
8.234411989054,6.8804344023116635e-06
8.234852724956,7.86545362737175e-06
8.235356658944,1.0025142067963286e-05
8.235999621778,1.2187537919236725e-05
8.236781009386,1.3387368837071182e-05
8.237639243948,1.0021102878433113e-05
8.238282033474,5.228993831709918e-06
8.238617742283,1.1334005655151305e-05
8.239346065694,7.589035089229103e-06
8.23983373562,1.0995271489827326e-05
8.240540757902,1.3204632787712994e-05
8.241390574053,2.345675157847664e-06
8.241541594867,4.49256815941592e-06
8.241831186701,1.2339919479096533e-06
8.241910789588,8.881840446574758e-06
8.242483604581,1.2563516282430078e-05
8.243292286786,6.584319125139201e-06
8.243716188221,1.561816465859351e-05
8.244723326894,9.409186110992146e-06
8.245330531447,9.240324750999688e-06
8.245928263568,1.5545204146401292e-05
8.246934704691,7.202383575567807e-06
8.247400837664,1.5509187667978227e-05
8.248405358089,9.633714455994414e-06
8.249029997022,1.3378700822863795e-05
8.249898036804,1.1630904241078636e-05
8.250653517749,1.4692682643440142e-05
8.251608913314,8.436117973832667e-06
8.252157619068,7.2275347872239216e-06
8.25262773071,1.4016564787324623e-05
8.253539128489,1.2005085453827399e-05
8.254319911296,1.5352380114547638e-05
8.255320588243,1.0513771417212683e-05
8.25600658741,9.313527204655934e-06
8.256614017344,8.310002768310653e-06
8.257156261754,6.5813501753325735e-06
8.257585685604,1.5451072420148523e-05
8.25859349669,1.2010739776737597e-05
8.259377453466,5.7929679766058074e-06
8.25975593879,7.754855028459014e-06
8.260262928473,1.1424111020607806e-05
8.261009852594,1.6108725971149124e-05
8.262060873593,1.553545260000304e-05
8.263071207855,1.4424668973055165e-05
8.264008845939,1.4044067164487503e-05
8.264921218057,9.952318586994943e-06
8.265566266894,8.100624815852517e-06
8.266091451667,1.0430468187254246e-05
8.266767463349,1.0432408889331296e-05
8.267442607605,1.1934091492846561e-05
8.26821810028,3.3398844994662702e-06
8.268436196691,6.857931401386597e-06
8.268884448959,1.3220425772056824e-05
8.269749881885,1.0761456043333423e-05
8.270455782303,1.5392862160021335e-05
8.271466366144,5.171201096408388e-06
8.271806059511,1.1695971598152731e-05
8.272575521501,5.973709215341266e-06
8.272968805463,1.5200220846155569e-05
8.273973724329,1.5189260162026963e-05
8.274980492026,4.198986860610289e-06
8.275258220357,1.3963611745574695e-05
8.276182061449,1.517851527265463e-05
8.277187461296,1.5172343281185544e-05
8.278193370503,7.747837422498205e-06
8.278707372766,6.862393262030889e-06
8.279163346108,1.0309498027786638e-05
8.279849408347,1.0589054237904183e-05
8.280554708866,1.3407406987909745e-05
8.281448856923,7.776106647038966e-06
8.281968256458,6.837074462885474e-06
8.282425432381,7.641254574356042e-06
8.282936605019,3.7521141231495785e-06
8.283187626794,5.943519230875069e-06
8.28358509214,4.4830609980850596e-06
8.283884791832,5.537933503528766e-06
8.284254971218,6.562492732185271e-06
8.284693611766,1.4515628194880204e-05
8.285665304401,8.067787359897181e-06
8.28620637392,3.4222004108098525e-06
8.286436113034,1.4892947189888821e-05
8.287436959348,1.5443444415398177e-05
8.288477194945,1.4876157840296624e-05
8.289482101449,1.4790166637994084e-05
8.290485139626,9.499105139844146e-06
8.291131560829,1.4894510493369788e-05
8.292146230294,1.3130109676276282e-05
8.293042155394,1.284868235543981e-05
8.293921530765,5.952939423645646e-06
8.294329394713,1.4628603196414542e-05
8.295331546258,1.4646779018309951e-05
8.296335996848,1.3182830953219654e-05
8.297241044484,1.3647974614154404e-05
8.298179195901,1.005000203426048e-05
8.298870960339,8.575694074906898e-06
8.29946104988,9.089273034529062e-06
8.300086663128,2.3350876719238603e-06
8.300247621129,7.734631695427396e-06
8.300780078868,1.007953023813209e-06
8.300849384094,1.4802945906824908e-05
8.301867541711,5.737594909610567e-06
8.302262340372,4.082580462890535e-06
8.302543440085,5.583203675113098e-06
8.302928177473,1.1125758406564672e-05
8.303693451062,1.3346139279070506e-05
8.304611364856,6.336452013520765e-06
8.30504793289,8.22501041142475e-06
8.305614526674,8.604681316249094e-06
8.306207373854,9.778136470952962e-06
8.306881225302,9.974784726397801e-06
8.307569217912,9.437167559795369e-06
8.308220888801,6.2729216911219e-06
8.308654301999,1.3582372323015605e-05
8.309593587419,9.743802094574597e-06
8.310268533635,8.230883287781022e-06
8.310839077992,6.7012002753820785e-06
8.31130364106,4.5048686090199694e-06
8.31161607958,1.1316431827350318e-05
8.312400705131,3.3337043152226363e-06
8.312631855821,2.8093617802010234e-06
8.312826851421,8.448216889353177e-06
8.313413758056,7.482575081756954e-06
8.313933149991,1.0988174984080811e-05
8.314696867831,9.889238813348443e-06
8.315386917108,3.837379024716275e-06
8.315655141644,3.819915306453458e-06
8.315922458829,1.1164414951170941e-05
8.316705494503,5.501731416227814e-06
8.31709210111,1.2024051961960334e-05
8.317937171544,1.1538640258557172e-05
8.318747552801,7.21638290695024e-06
8.319254814705,9.254998672366825e-06
8.319906078279,9.005952763749246e-06
8.320539894496,6.670930382104031e-06
8.321009672256,9.225556061228525e-06
8.32165944564,3.0785909961134355e-06
8.321876217763,1.1487433731890254e-05
8.322684863836,1.4219858045988716e-05
8.323685866462,1.4262447698579713e-05
8.324690184026,6.819360867172328e-06
8.325170558209,2.1348579424075154e-06
8.325321016065,6.169925600492068e-06
8.325756048411,9.436544645537696e-06
8.326421395629,5.895920077037425e-06
8.32683718247,9.317075050949727e-06
8.327494788782,1.4232948469035894e-05
8.328501141593,1.4233549476694143e-05
8.329509374024,1.4184102637654532e-05
8.330516551408,1.4055837673919816e-05
8.331515444991,1.4151387967937531e-05
8.332520381767,1.1950767525206442e-05
8.333370480053,9.210602684573595e-06
8.334026439176,1.0176460150415512e-05
8.334750877204,3.7842933109014997e-06
8.335020209113,5.517368600301608e-06
8.335412929673,4.110633068671649e-06
8.335705612468,1.8662282105525528e-08
8.3357069416,1.866223020490633e-08
8.335708270732,2.239572992640331e-08
8.335709865691,2.6873374304819588e-08
8.335711779642,2.6874669191939146e-08
8.335713693592,2.6873157373019515e-08
8.335715607543,2.6874451504664163e-08
8.335717521493,2.68729390391122e-08
8.335719435444,2.6874232090730617e-08
8.335721349394,3.224753056852738e-08
8.335723646135,3.224877450339073e-08
8.335725942875,3.22472111245471e-08
8.335728239616,3.863831226473834e-08
8.335730991507,4.6436151546129044e-08
8.335734298814,4.643581352222423e-08
8.33573760612,4.643547365956947e-08
8.335740913427,5.5722677373220215e-08
8.335744882194,5.5722181289893554e-08
8.335748850962,6.680193410300331e-08
8.335753608989,6.68643861964338e-08
8.33575837151,8.023629087344358e-08
8.335764086536,8.023662321136535e-08
8.335769801561,8.023413663605821e-08
8.335775516587,9.627951909109674e-08
8.335782374618,1.1553471877271186e-07
8.335790604254,1.3863662506143367e-07
8.335800479819,1.386346405636629e-07
8.335810355383,1.3862982254563534e-07
8.335820230947,1.3862779650550203e-07
8.335830106511,2.0949897288806134e-07
8.335845031317,1.8902082079801032e-07
8.335858497724,1.8875218742245264e-07
8.33587194536,2.8335944198617304e-07
8.335892134176,1.1166557348322584e-07
8.335900090415,5.163425672886296e-08
8.335903769432,5.16338538114725e-08
8.335907448449,7.877490301302338e-08
8.335913061263,1.1862032908627133e-07
8.33592151337,9.148065621290694e-08
8.335928031838,7.6915093179894e-08
8.335933512414,1.1568562258911168e-07
8.335941755735,1.735852379777869e-07
8.335954124949,2.6118915552437743e-07
8.33597273692,1.5651569262654807e-07
8.335983890196,1.0376838764751069e-07
8.33599128482,1.5571028518104925e-07
8.336002380912,1.556992299905465e-07
8.336013476273,1.5545970782128946e-07
8.336024554711,1.2692789306642432e-07
8.336033599939,1.2692892447392653e-07
8.336042645166,1.2457540545970678e-07
8.336051522753,1.2457384138145117e-07
8.33606040034,1.8705218798083794e-07
8.336073730232,2.806561785702826e-07
8.336093730615,1.621206594494938e-07
8.336105283775,1.4402993454315167e-07
8.336115547806,1.4402989609439086e-07
8.336125811837,2.168962873110933e-07
8.33614126853,1.9533606618945964e-07
8.336155188804,1.9533497572934384e-07
8.336169109077,2.9389627551407985e-07
8.336190053484,2.9388996345643516e-07
8.33621099789,3.9866775167512227e-07
8.336239410518,2.8250525489271793e-07
8.33625954529,1.955309446717681e-07
8.336273481774,1.9552364757450702e-07
8.336287418259,1.7656975968652325e-07
8.336300004264,1.0593850595636964e-07
8.336307555867,1.059358595345847e-07
8.336315107471,1.6056919760738857e-07
8.336326553989,1.2708146399037153e-07
8.336335613554,7.62459388142957e-08
8.336341049294,7.624432341682551e-08
8.336346485033,1.1603314872259245e-07
8.33635475765,1.7402957136582692e-07
8.336367165578,7.834956418121963e-08
8.33637275203,4.8583234956086845e-08
8.336376216065,4.44494859479162e-08
8.336379385532,4.444044661303649e-08
8.336382554345,6.67562511187463e-08
8.336387314375,6.675340967551612e-08
8.336392074405,5.307633733714733e-08
8.336395859169,4.802846339640148e-08
8.336399284061,4.8027699694682284e-08
8.336402708954,7.41063418576053e-08
8.336407993702,1.1115112777741351e-07
8.336415920425,1.6763226699794075e-07
8.336427875578,2.5192095507088926e-07
8.336445843449,1.0059373010207106e-07
8.336453018533,4.290945099859513e-08
8.336456079206,6.525810307958287e-08
8.336460734139,9.786548201106139e-08
8.336467715098,1.4684956133412212e-07
8.336478190737,2.21042908185717e-07
8.336493959861,2.207396008531936e-07
8.336509708576,6.511146168098581e-08
8.336514354241,5.388384948801071e-08
8.336518198816,8.306647364777123e-08
8.33652412568,1.2463851402829306e-07
8.336533019066,1.870613572496519e-07
8.336546367164,2.424222887415992e-07
8.336563666676,1.8180641082812332e-07
8.33657664131,1.0908053162768932e-07
8.33658442609,1.090777736159441e-07
8.33659221087,1.0222509600474649e-07
8.33659950675,7.669083591522281e-08
8.336604980424,7.669103836793433e-08
8.336610454098,7.668989100539831e-08
8.336615927771,7.668739007512359e-08
8.336621401445,9.202601233502683e-08
8.336627969853,1.1042655448945943e-07
8.336635851943,1.3251220334728196e-07
8.336645310451,1.588402684471383e-07
8.336656648615,1.9080861033726442e-07
8.336670268866,4.579246697465341e-08
8.336673537727,4.579365125981072e-08
8.336676806587,6.978628425550546e-08
8.336681788182,1.0540987701108305e-07
8.336689312813,1.58429841577504e-07
8.336700622322,1.2030584922781446e-07
8.336709210389,7.833893757528158e-08
8.336714802718,4.700349213847176e-08
8.336718158115,4.700338812502338e-08
8.336721513512,7.128516680513303e-08
8.336726602278,1.0692461415989593e-07
8.336734235266,1.6038355743738004e-07
8.336745684604,1.4435922455440868e-07
8.336755990008,1.4435900224000857e-07
8.336766295411,2.1830903978927915e-07
8.336781879924,1.2792751772390747e-07
8.336791012301,9.822622847510557e-08
8.336798024404,1.095070625174462e-07
8.336805841833,8.213108606461305e-08
8.336811704905,6.159802120171171e-08
8.336816102209,4.619889920340966e-08
8.336819400187,3.46491949217756e-08
8.33682187367,2.5986557431035798e-08
8.336823728783,2.5986567812914348e-08
8.336825583895,2.5986578799071157e-08
8.336827439008,2.598658892259319e-08
8.33682929412,2.5986599337139198e-08
8.336831149233,2.598661031217139e-08
8.336833004345,2.598802212801391e-08
8.336834859458,3.1183680205085695e-08
8.336837085591,3.1183696539067556e-08
8.336839311726,3.118511318911674e-08
8.336841537861,3.1182328573729865e-08
8.336843763874,3.11837464132844e-08
8.336845990009,3.7421637261756047e-08
8.336848661371,3.742026119584877e-08
8.336851332733,3.7421685040397196e-08
8.336854004095,4.4904934019060044e-08
8.336857209729,5.38870855696164e-08
8.336861056491,5.3887134457726805e-08
8.336864903252,5.388578159347261e-08
8.336868750013,6.466383914461264e-08
8.336873366127,6.466390423512997e-08
8.336877982241,6.466536680548058e-08
8.336882598354,7.75965579769743e-08
8.33688813769,7.759663928831333e-08
8.336893677027,9.311662508336026e-08
8.33690032423,1.117409169468061e-07
8.336908300875,1.3408729569723367e-07
8.336917872848,1.6090661191689124e-07
8.336929359216,1.9290207452414594e-07
8.336943129576,2.317042239406863e-07
8.336959669945,2.317056196410072e-07
8.336976210315,8.007797119456568e-08
8.336981926667,8.007655554272605e-08
8.336987643018,7.211132713312012e-08
8.336992790719,7.211130702888526e-08
8.336997938419,1.0979819576558375e-07
8.33700577638,1.6470696433163682e-07
8.337017534138,2.4778078361925175e-07
8.337035222136,3.718969312417523e-07
8.337061770287,2.2646544996020115e-07
8.33707793677,1.6375398145607685e-07
8.337089626569,1.6375357443636195e-07
8.337101316367,2.4777274893718273e-07
8.337119004098,2.477715779680437e-07
8.337136691829,3.724694159904239e-07
8.337163281546,3.1754971921783175e-07
8.337185950834,2.7531099577044095e-07
8.337205604948,4.102405609232631e-07
8.337234891676,1.449478411479027e-07
8.337245239535,1.2700369491720186e-07
8.337254306277,1.9129068587504537e-07
8.337267962582,1.7268946741954375e-07
8.337280290972,1.7268891327679758e-07
8.337292619362,1.5655476579806786e-07
8.337303796013,1.5655583609126801e-07
8.337314972663,2.3598264111247594e-07
8.337331819782,1.86798554697285e-07
8.337345155559,1.867971412281443e-07
8.337358491337,2.807809183767569e-07
8.337378536617,4.213325466687195e-07
8.337408615943,3.103277807989242e-07
8.337430770336,1.662462479476191e-07
8.337442638561,1.4972077927862197e-07
8.337453327107,1.4972287201409323e-07
8.337464015652,1.4972220093559168e-07
8.337474704198,1.4972295706385705e-07
8.337485392743,1.4972512626676274e-07
8.337496081289,2.2170906458658327e-07
8.337511908572,1.7457044324493085e-07
8.337524370732,1.5746317054251396e-07
8.337535611461,1.5746250607371587e-07
8.33754685219,1.4325312632329323e-07
8.337557078476,1.432536252356446e-07
8.337567304762,1.2520422071393595e-07
8.337576242635,1.252059036018275e-07
8.337585180509,1.2520612988743582e-07
8.337594118382,1.8983018105825172e-07
8.337607669488,1.7101972024497751e-07
8.337619877782,1.7101964360680443e-07
8.337632086075,1.549741220479008e-07
8.337643149019,1.5497516897749134e-07
8.337654211963,1.4077440751859434e-07
8.337664261308,1.407752883727984e-07
8.337674310652,2.12482637340682e-07
8.33768947908,2.1248075473928818e-07
8.337704647508,7.700631221156918e-08
8.337710144808,7.700601329877453e-08
8.337715642108,1.1585510687445179e-07
8.337723912822,1.7364036479834153e-07
8.337736308813,1.3001046928811827e-07
8.3377455902,1.300092848672585e-07
8.337754871587,1.1764377520164608e-07
8.337763270316,1.1764268644122297e-07
8.337771669045,1.0694716214024973e-07
8.337779304186,1.0691116054110375e-07
8.337786936872,1.5747450562474673e-07
8.337798179626,1.0630905892909109e-07
8.337805769524,1.60282949467771e-07
8.337817213014,2.4004463794550075e-07
8.337834351459,2.400366956306844e-07
8.337851489904,1.1449765675210193e-07
8.337859665091,9.174878282123558e-08
8.337866216106,1.37848037916576e-07
8.337876058769,1.2455643948233722e-07
8.33788495256,1.245291096821406e-07
8.337893844629,1.5129317125215328e-07
8.337904647935,1.1356184042011999e-07
8.337912757081,8.516869632945914e-08
8.337918838941,6.38148670773476e-08
8.337923395884,2.8743789638800913e-08
8.337925448512,2.874365763164205e-08
8.33792750114,4.450017495081258e-08
8.337930678907,3.5929826145728097e-08
8.337933244692,3.5929615687852214e-08
8.337935810477,3.592940158294374e-08
8.337938376261,3.592778588636655e-08
8.337940942046,3.5928967649275804e-08
8.33794350783,4.311502927124639e-08
8.337946586771,4.311330786082901e-08
8.337949665713,4.3114381368048737e-08
8.337952744654,4.311265132014445e-08
8.337955823596,4.311231774431201e-08
8.337958902537,5.173601297398102e-08
8.337962597267,5.173411809853891e-08
8.337966291997,6.208111698473426e-08
8.337970725672,6.207897922293494e-08
8.337975159348,6.207962687628947e-08
8.337979593023,7.44939793938099e-08
8.337984913434,7.449285116106868e-08
8.337990233845,7.449309906556476e-08
8.337995554256,8.938735990414908e-08
8.338001938749,1.0726420198400163e-07
8.33800960014,1.2871388324977e-07
8.33801879381,1.5434454969063075e-07
8.33802981857,1.5422251566111216e-07
8.338040835136,1.5427802939151477e-07
8.338051856047,1.1566555295711101e-07
8.338060118908,6.938023839733494e-08
8.33806507544,6.93803109920785e-08
8.338070031973,6.937756261948668e-08
8.338074988505,1.0485386851828016e-07
8.338082479744,1.0485204268109889e-07
8.338089970982,1.3507681050556542e-07
8.338099622129,1.620857894892618e-07
8.338111203505,1.604638094495703e-07
8.338122669631,1.215530923131488e-07
8.338131355663,1.215467071120886e-07
8.338140041696,1.7484979158470395e-07
8.338152537494,1.7500822512257964e-07
8.33816504538,1.0499905697537483e-07
8.338172550112,1.0499500400017865e-07
8.338180054844,1.3123972000707007e-07
8.338189435758,9.842342797203127e-08
8.338196471445,7.381654922941217e-08
8.338201748209,5.536104089362942e-08
8.338205705782,4.152000690754489e-08
8.338208673962,3.111229151653991e-08
8.338210898175,2.335425493726406e-08
8.338212567777,1.7515552604454006e-08
8.338213819978,1.3135887520854763e-08
8.338214759128,1.313721782017831e-08
8.338215698279,1.3135752804016741e-08
8.33821663743,1.3137083466147487e-08
8.338217576581,1.3135618292552752e-08
8.338218515731,1.313694876165361e-08
8.338219454882,1.3135483902096777e-08
8.338220394033,1.3136813925069787e-08
8.338221333183,1.576352834399917e-08
8.338222460164,1.576203247131556e-08
8.338223587145,1.5763334007715164e-08
8.338224714126,1.5763235885177226e-08
8.338225841107,1.5763137762087892e-08
8.338226968088,1.891563686851591e-08
8.338228320465,1.8914097474824668e-08
8.338229672842,1.8915354420391238e-08
8.338231025219,1.8915212591896508e-08
8.338232377596,1.8915072086893713e-08
8.338233729973,1.891493002854532e-08
8.33823508235,2.269661065579107e-08
8.338236705202,2.269780360123236e-08
8.338238328055,2.2696201292332664e-08
8.338239950907,2.269739416797997e-08
8.33824157376,2.2695791293077026e-08
8.338243196612,2.2696983891888896e-08
8.338244819465,2.723499096140372e-08
8.338246766887,2.723469583171227e-08
8.33824871431,3.268152245213331e-08
8.338251051218,3.268109543014551e-08
8.338253388125,3.26806686187115e-08
8.338255725033,3.2680240313351934e-08
8.33825806194,3.921600311271106e-08
8.338260866229,3.921538660862449e-08
8.338263670518,4.7058208443072834e-08
8.338267035665,5.64667211285158e-08
8.338271073841,5.6466840971543694e-08
8.338275112018,5.6465562837208474e-08
8.338279150194,4.0654359715968065e-08
8.338282057681,4.0653697935315314e-08
8.338284965167,6.214470200633346e-08
8.338289409838,9.329945823624641e-08
8.338296082812,1.1692915435764209e-07
8.338304446244,1.4047875046292888e-07
8.338314494518,1.685636076906591e-07
8.338326552448,1.213606697964572e-07
8.338335234157,1.2135376567108846e-07
8.338343915866,1.213483614568387e-07
8.338352597575,1.8224402895578864e-07
8.338365636696,1.8221305672104795e-07
8.338378674392,1.6440121673585067e-07
8.338390438346,1.6439411397073514e-07
8.3384022023,1.6438045028313554e-07
8.33841396594,2.4457545204353903e-07
8.338431469477,2.4455904910459995e-07
8.338448973013,2.445471149454936e-07
8.33846647655,2.445341032850414e-07
8.338483980087,1.3008562585266538e-07
8.338493291782,1.1289460702231006e-07
8.338501373077,1.7154225057432653e-07
8.338513652823,1.718711238488759e-07
8.338525956333,1.2890232393469946e-07
8.338535183965,9.667466621791498e-08
8.338542104689,7.2498142803566e-08
8.338547294702,5.4378921109439983e-08
8.338551187609,4.078439584414545e-08
8.33855410729,4.0784280185565e-08
8.33855702697,4.0784170237127765e-08
8.338559946651,4.894031032001104e-08
8.338563450268,4.8940172777891734e-08
8.338566953884,5.872776335273139e-08
8.338571158224,5.872899608896211e-08
8.338575362564,4.228383442936369e-08
8.338578389689,4.228376379041488e-08
8.338581416814,6.507169887865919e-08
8.338586075316,9.758427047093865e-08
8.338593061427,1.4613368427443944e-07
8.33860352317,1.7535923025959576e-07
8.338616077262,2.1043059599628084e-07
8.338631142173,2.0992493684965163e-07
8.338646170909,1.8181244922533676e-07
8.338659186992,1.8181246139201152e-07
8.338672203075,1.818123521065059e-07
8.338685219157,2.7370317293793736e-07
8.338704813894,2.0725097065967215e-07
8.338719651287,1.2433675353712478e-07
8.338728552813,7.460174354844762e-08
8.338733893729,7.460147801985732e-08
8.338739234645,1.1399610907730688e-07
8.338747395912,1.1399526823864974e-07
8.338755557178,1.1399290074680493e-07
8.338763718444,1.702077849201369e-07
8.338775904435,1.7020335166324237e-07
8.338788090269,1.7018304930443714e-07
8.338800275023,2.557114064624818e-07
8.338818583915,2.0555950272386254e-07
8.338833302527,1.362644219741668e-07
8.338843059679,1.362592846271812e-07
8.33885281683,2.0688155505164216e-07
8.338867631485,2.0686996828548413e-07
8.338882446139,7.157380063053979e-08
8.338887571921,7.157247831561191e-08
8.338892697702,6.565508708538701e-08
8.338897399792,6.565392442070942e-08
8.338902101881,9.435212608211847e-08
8.338908859503,7.076244347129482e-08
8.33891392772,5.3071585629722585e-08
8.338917728882,3.980315163036208e-08
8.338920579753,2.985101128975788e-08
8.338922717907,2.9852142661218225e-08
8.338924856061,2.985048184456638e-08
8.338926994215,2.985160932549173e-08
8.338929132369,3.582101759985853e-08
8.338931698153,4.298386619061825e-08
8.338934777094,4.298329837023279e-08
8.338937856036,4.2984119777899036e-08
8.338940934977,4.298214508623961e-08
8.338944013919,4.2982957456909746e-08
8.33894709286,4.2980975051921156e-08
8.338950171802,4.298038172804673e-08
8.338953250743,5.157734628494118e-08
8.338956945473,5.157508527365435e-08
8.338960640202,5.1574211773832764e-08
8.338964334932,5.157473007094966e-08
8.338968029662,5.157244994964383e-08
8.338971724391,6.188660264702363e-08
8.338976158067,6.188391718719913e-08
8.338980591743,7.426149811683749e-08
8.338985912154,7.425822146456842e-08
8.338991232564,7.42563298881172e-08
8.338996552975,8.910536538697463e-08
8.339002937468,8.910261633413459e-08
8.339009321961,8.909985913774314e-08
8.339015706454,8.90957009225085e-08
8.339022090947,1.0691286569671984e-07
8.339029752338,1.282904691748391e-07
8.339038946008,7.292474402440842e-08
8.339044172213,3.523518105531352e-08
8.339046697357,3.5233356393739324e-08
8.339049222501,5.3243397685114586e-08
8.339053038446,7.985140518576937e-08
8.339058761428,1.1950374301210596e-07
8.339067326564,1.1945425298133488e-07
8.339075888618,1.7952400316671255e-07
8.339088756814,1.7943532692747295e-07
8.339101619389,1.3447554386767011e-07
8.339111259646,9.390557717684442e-09
8.33911193279,8.76004867524993e-10
8.339111995634,1.973798637649366e-09
8.339112137103,4.446970625439473e-09
8.339112455939,7.404164375864372e-09
8.339112986732,1.1841325942849476e-08
8.33911383556,1.776539370264993e-08
8.339115109221,2.665069291852714e-08
8.339117019833,3.9972830552389217e-08
8.339119885453,6.067316631407044e-08
8.339124235323,6.064413216186908e-08
8.339128583064,1.3942004733743538e-05
8.34012952908,1.397719779546951e-05
8.341134820741,1.398583882514827e-05
8.342141565599,1.407462081114563e-05
8.343156399619,1.3860329760936894e-05
8.344157164596,1.3848581103440053e-05
8.345157410762,1.3924366303825164e-05
8.346164047482,1.3956454774916012e-05
8.347171422445,1.3932099023100962e-05
8.348178181303,1.3961002445400464e-05
8.349191283867,1.3908483387834849e-05
