-0.34462761827,7.988106234191996e-09
-0.343626301376,3.544115986384703e-08
-0.342619596326,6.953691013205084e-08
-0.341575222688,8.648728734088631e-08
-0.340537423828,9.268583341065624e-08
-0.339499624968,9.537056501648642e-08
-0.338461826107,9.735798805512033e-08
-0.337424027247,9.857351762065993e-08
-0.336386228387,9.784144414574235e-08
-0.335367744417,1.010704069288085e-07
-0.334327744417,1.0227004502013098e-07
-0.333287744417,1.036192192394613e-07
-0.332247744417,1.0505893885640958e-07
-0.331207744417,1.0656241810665092e-07
-0.330167744417,1.0811324810031302e-07
-0.329127744417,1.0968532444564148e-07
-0.328087744417,1.1126993579350494e-07
-0.327047744417,1.1287920346037e-07
-0.326007744417,1.1451861011387153e-07
-0.324967744417,1.1618478067851617e-07
-0.323927744417,1.1788017670836484e-07
-0.322887744417,1.1961148083303514e-07
-0.321847744417,1.2138295710437656e-07
-0.320807744417,1.2319209875497203e-07
-0.319767744417,1.250429047070022e-07
-0.318727744417,1.269829301463096e-07
-0.317687744417,1.290999879455726e-07
-0.316647744417,1.314074891976121e-07
-0.315607744417,1.3384021420329807e-07
-0.314567744417,1.363543723733133e-07
-0.313527744417,1.38941165522037e-07
-0.312487744417,1.4162786535358325e-07
-0.311447744417,1.4440522786957472e-07
-0.310407744417,1.4725062159623748e-07
-0.309367744417,1.5016729068136142e-07
-0.308327744417,1.5313658810787406e-07
-0.307287744417,1.5615232359529548e-07
-0.306247744417,1.592213084207292e-07
-0.305207744417,1.623413564182727e-07
-0.304167744417,1.6550628265605782e-07
-0.303127744417,1.6870571274231605e-07
-0.302087744417,1.7193896610643842e-07
-0.301047744417,1.7521962723436814e-07
-0.300007744417,1.7855581973537736e-07
-0.298967744417,1.8194215323629387e-07
-0.297927744417,1.8537346337922037e-07
-0.296887744417,1.8887555013132114e-07
-0.295847744417,1.9247551374769424e-07
-0.294807744417,1.9614709042839906e-07
-0.293767744417,1.9985315950687296e-07
-0.292727744417,2.035914849327257e-07
-0.291687744417,2.0736969687849532e-07
-0.290647744417,2.1119032688707666e-07
-0.289607744417,2.1504534523001988e-07
-0.288567744417,2.1894114912999297e-07
-0.287527744417,2.229198243384145e-07
-0.286487744417,2.2700358652221203e-07
-0.285447744417,2.3117802507055985e-07
-0.284407744417,1.0812456265114387e-07
-0.283927744417,2.3740826851933212e-07
-0.282887744417,2.4174791953870843e-07
-0.281847744417,2.4615247415767184e-07
-0.280807744417,2.506268053968386e-07
-0.279767744417,2.5517855943181094e-07
-0.278727744417,2.598259606320832e-07
-0.277687744417,2.6458725353177184e-07
-0.276647744417,2.6945665124820734e-07
-0.275607744417,2.744736423401994e-07
-0.274567744417,2.7966017191087413e-07
-0.273527744417,2.8492274645229113e-07
-0.272487744417,2.9017582061969894e-07
-0.271447744417,2.9540667729997e-07
-0.270407744417,3.0062463006785355e-07
-0.269367744417,3.058326456592757e-07
-0.268327744417,3.1103828914321246e-07
-0.267287744417,3.1624094084477275e-07
-0.266247744417,3.2144737725146854e-07
-0.265207744417,3.2667380622756635e-07
-0.264167744417,3.319212384779879e-07
-0.263127744417,3.371982122683297e-07
-0.262087744417,3.425246136254529e-07
-0.261047744417,3.4794390503096134e-07
-0.260007744417,3.5359624718722407e-07
-0.258967744417,3.595509878660545e-07
-0.257927744417,3.657089788631467e-07
-0.256887744417,3.719973488161726e-07
-0.255847744417,3.783912870261574e-07
-0.254807744417,3.8486400665664974e-07
-0.253767744417,3.9140428528960703e-07
-0.252727744417,3.9802029469407084e-07
-0.251687744417,4.047163619781627e-07
-0.250647744417,4.1146194829461244e-07
-0.249607744417,4.182307723572131e-07
-0.248567744417,4.2502826537497873e-07
-0.247527744417,4.3185239331134564e-07
-0.246487744417,4.3872238741548335e-07
-0.245447744417,4.456447943481805e-07
-0.244407744417,4.525972914699371e-07
-0.243367744417,4.59560939120975e-07
-0.242327744417,4.6652783245031983e-07
-0.241287744417,4.735199478206742e-07
-0.240247744417,4.805393621637522e-07
-0.239207744417,4.875698321818924e-07
-0.238167744417,4.945836628045653e-07
-0.237127744417,5.015394805568956e-07
-0.236087744417,5.084338586105516e-07
-0.235047744417,5.15289457572763e-07
-0.234007744417,5.220970603359601e-07
-0.232967744417,5.288150291548707e-07
-0.231927744417,5.354138158134381e-07
-0.230887744417,5.419122722886437e-07
-0.229847744417,5.484134802828932e-07
-0.228807744417,5.550510989874708e-07
-0.227767744417,5.618523433255991e-07
-0.226727744417,5.687357073336693e-07
-0.225687744417,5.756157164638815e-07
-0.224647744417,5.824790975641323e-07
-0.223607744417,5.894723369318957e-07
-0.222567744417,4.56402300491988e-08
-0.222487744417,5.974423683504482e-07
-0.221447744417,6.048575703155379e-07
-0.220407744417,6.118496135849813e-07
-0.219367744417,6.186320292414947e-07
-0.218327744417,6.253730864905309e-07
-0.217287744417,6.32109036412296e-07
-0.216247744417,6.388717893808311e-07
-0.215207744417,6.457046704428467e-07
-0.214167744417,6.525788171150039e-07
-0.213127744417,6.594544355302836e-07
-0.212087744417,6.664022097801752e-07
-0.211047744417,6.734634558584126e-07
-0.210007744417,6.805757097132277e-07
-0.208967744417,6.876839793223208e-07
-0.207927744417,6.948196127603854e-07
-0.206887744417,7.020554549877468e-07
-0.205847744417,7.093672380688659e-07
-0.204807744417,7.166500164621933e-07
-0.203767744417,7.238792817740386e-07
-0.202727744417,7.311372582915291e-07
-0.201687744417,7.385106751341175e-07
-0.200647744417,7.460781258354202e-07
-0.199607744417,7.539407411558951e-07
-0.198567744417,7.621385813258619e-07
-0.197527744417,7.705836633817196e-07
-0.196487744417,7.792891446175094e-07
-0.195447744417,7.885816629721062e-07
-0.194407744417,7.985747026032544e-07
-0.193367744417,8.090461061253706e-07
-0.192327744417,8.199112778702474e-07
-0.191287744417,8.312077457594771e-07
-0.190247744417,8.429148759656103e-07
-0.189207744417,8.550328373938828e-07
-0.188167744417,8.676166599568326e-07
-0.187127744417,8.806568126530531e-07
-0.186087744417,8.941266062268722e-07
-0.185047744417,9.080117827444153e-07
-0.184007744417,9.222827509932315e-07
-0.182967744417,9.369206864679022e-07
-0.181927744417,9.519237224099851e-07
-0.180887744417,3.7018664000795665e-07
-0.180487744417,9.733135633268963e-07
-0.179447744417,9.892607799948355e-07
-0.178407744417,1.0056482179438906e-06
-0.177367744417,1.022519770075795e-06
-0.176327744417,1.040312532159427e-06
-0.175287744417,1.059120827360346e-06
-0.174247744417,1.078185397112801e-06
-0.173207744417,1.0972317570056236e-06
-0.172167744417,1.1165016432599817e-06
-0.171127744417,1.1361128060184303e-06
-0.170087744417,1.1561583005048657e-06
-0.169047744417,1.1767930831258516e-06
-0.168007744417,1.1981253545315353e-06
-0.166967744417,1.220118776537341e-06
-0.165927744417,1.242740594019976e-06
-0.164887744417,1.2658958398567095e-06
-0.163847744417,1.2894966891565993e-06
-0.162807744417,1.313608782023703e-06
-0.161767744417,1.3382913710069144e-06
-0.160727744417,1.3634828681983178e-06
-0.159687744417,1.38918343137785e-06
-0.158647744417,1.4154684570267862e-06
-0.157607744417,1.4424283051686348e-06
-0.156567744417,1.4702496552085994e-06
-0.155527744417,1.4992122216925828e-06
-0.154487744417,1.5295717512651203e-06
-0.153447744417,1.5612792854726602e-06
-0.152407744417,1.594228047711802e-06
-0.151367744417,1.628328487014956e-06
-0.150327744417,1.6229030460421013e-06
-0.149312832703,1.497079434052131e-06
-0.148397020284,1.950837266557214e-06
-0.147391750068,2.7028653411587326e-06
-0.146384175906,3.053165947703475e-06
-0.145376230618,2.964298242901296e-06
-0.144369870183,2.515914332311057e-06
-0.14349707319,2.5688753559106474e-06
-0.142466849655,2.2298826904259205e-06
-0.14143628893,2.187391411207052e-06
-0.14042165182,2.3516948308112716e-06
-0.13938165182,2.3563260356640746e-06
-0.13836569976,2.5488455235804112e-06
-0.137356785223,2.7392208507015605e-06
-0.136336887662,2.690041691341664e-06
-0.135272343952,2.570149437515986e-06
-0.134231256705,2.5411505400220212e-06
-0.133200531527,2.4775193337069995e-06
-0.132180902908,2.6667182673896132e-06
-0.131102838698,2.667067138407784e-06
-0.130062838698,2.728270696740751e-06
-0.129022838698,2.6532145729059947e-06
-0.128016824012,2.7411271697295347e-06
-0.126981461833,2.8059231279930862e-06
-0.125941461833,2.877504804183658e-06
-0.124901461833,2.950350655765115e-06
-0.123861461833,3.0335378603320966e-06
-0.122821461833,1.6655827164250023e-06
-0.122261461833,3.178025288317862e-06
-0.121208227259,3.2363052412777583e-06
-0.120159698849,3.3604501646216874e-06
-0.11910033387,3.3371933749658165e-06
-0.118075435973,3.3772380878909023e-06
-0.117061893726,3.545048667979735e-06
-0.116021893726,3.6345848439172178e-06
-0.114981893726,3.736493860682853e-06
-0.113941893726,3.846011184203902e-06
-0.112901893726,3.9572411488317505e-06
-0.111861893726,4.07151608570876e-06
-0.110821893726,4.190144374708667e-06
-0.109781893726,4.256125297846483e-06
-0.108755138178,4.386269037563197e-06
-0.10773626702,4.873415265840615e-06
-0.106660126661,5.11294638600262e-06
-0.105597598246,5.064089132284245e-06
-0.104588689804,5.1282044438734345e-06
-0.103580811055,5.2642563911740615e-06
-0.102560004271,5.30117819183426e-06
-0.101553661627,8.493779405200566e-06
-0.100544826347,1.1342302220271345e-05
-0.099535991067,1.0008131227891353e-05
-0.098596030408,1.041241312991403e-05
-0.097593724425,9.543726643296864e-06
-0.096542149144,7.232192635601294e-06
-0.095534464014,6.7169351843219265e-06
-0.094526778883,6.832608217385304e-06
-0.093519093753,7.0776134152755075e-06
-0.092511408622,7.308172975773874e-06
-0.09148694375,7.375019912336069e-06
-0.090456407448,7.3563737250354135e-06
-0.089451326906,7.636877160093583e-06
-0.088444238874,8.454971722324968e-06
-0.087395240715,8.932519197747636e-06
-0.0863465053,7.481133069434707e-06
-0.085510800206,1.558725892451476e-05
-0.084494313459,2.0422199066682123e-05
-0.083466029085,1.8278454448145443e-05
-0.08244919217,1.802258847897018e-05
-0.081434360151,1.5468425379831272e-05
-0.080411369787,1.2132748424439785e-05
-0.079391494755,1.1753274608733813e-05
-0.078371619723,1.2093534607455596e-05
-0.077351744691,5.528509894671334e-06
-0.076898466899,1.2676284965123525e-05
-0.075871828003,1.29754127564614e-05
-0.074831828003,1.3313436711666153e-05
-0.073791828003,1.3872703566398599e-05
-0.072751828003,1.4485794966759338e-05
-0.071711828003,1.513449366562394e-05
-0.070671828003,1.5814887388076782e-05
-0.069631828003,1.6506855410706706e-05
-0.068591828003,1.7214215765584437e-05
-0.067551828003,1.795884348642294e-05
-0.066511828003,1.8752183296950625e-05
-0.065471828003,1.195252966456509e-05
-0.064831828003,2.0129779733264636e-05
-0.063791828003,2.1045952123885674e-05
-0.062751828003,2.2014591025879658e-05
-0.061711828003,2.3038140325007018e-05
-0.060671828003,2.4122171579005714e-05
-0.059631828003,2.5274419488860043e-05
-0.058591828003,2.650598176675961e-05
-0.057551828003,2.782957699949092e-05
-0.056511828003,2.9252522478485915e-05
-0.055471828003,3.078054179083635e-05
-0.054431828003,3.241437384554119e-05
-0.053391828003,3.4151868529810096e-05
-0.052351828003,3.600576706783896e-05
-0.051311828003,3.7696202538768613e-05
-0.050279600875,4.134799078012201e-05
-0.049245031222,4.863647805542476e-05
-0.048169752591,5.085579558426804e-05
-0.047123773567,5.286875770790621e-05
-0.046083773567,5.2915947415299686e-05
-0.045080973341,6.04855981837557e-05
-0.044011299186,6.443156921170497e-05
-0.042971299186,2.046751182817588e-05
-0.042651299186,6.812977124456765e-05
-0.041611299186,7.08130367846604e-05
-0.040571299186,7.182366011050504e-05
-0.039531299186,7.384259441235269e-05
-0.038491299186,7.857387367360333e-05
-0.037451299186,3.1620821183290216e-05
-0.037051299186,8.605897044952777e-05
-0.036011299186,9.16787741994649e-05
-0.034971299186,9.775687788391315e-05
-0.033931299186,0.00010458212385734557
-0.032891299186,0.0001120356798837206
-0.031851299186,0.00012016106878547907
-0.030811299186,6.82960829456225e-05
-0.030251299186,0.00013412489918893458
-0.029211299186,0.00014436469135133186
-0.028171299186,0.00015570917926502011
-0.027131299186,0.00012827502108086496
-0.026331299186,0.0001791940417247242
-0.025291299186,0.00018880509393990287
-0.024281835358,0.00021020977270647923
-0.023257591096,0.000271151053762529
-0.022200769851,0.0001914020255071008
-0.021560769851,0.00032343282620819037
-0.020520769851,0.00035098040935107726
-0.019480769851,0.00031121291037088073
-0.018600769851,0.00037495550037339534
-0.017560769851,0.0004023621728020328
-0.016520769851,0.00016598003552363675
-0.016120769851,0.0004662335350002287
-0.015080769851,0.0005196009582872528
-0.014040769851,0.0002593903686752682
-0.013560769851,0.0006148046681839442
-0.012520769851,0.0006178619434030965
-0.011594743593,0.0007725018550797008
-0.010574743593,0.0003880559324423034
-0.010109743593,0.0009615792137784617
-0.0090747624174,0.0001818649182800387
-0.0088947624174,0.0010272114527466625
-0.0079610124174,0.0012465540090181228
-0.0069822624174,0.001202813467959662
-0.0061638288994,0.0011849198213503408
-0.0054550788994,0.0011658837417788674
-0.0048349226494,0.0011097424210824414
-0.0043033601494,0.0011341052822868263
-0.0038097663994,0.00104647547914364
-0.0033921101494,0.0010408731181567282
-0.0030076765556,0.000950091738254335
-0.0026801960869,0.0009219047537619268
-0.0023811921806,0.0008695679010719022
-0.0021142244072,0.000784593364212044
-0.001884632122,0.0007349052433665955
-0.001678399517,0.0006887845247654168
-0.0014921894951,0.0006198719056652188
-0.0013300065727,0.0005728832722290128
-0.0011843422813,0.0005270183458509538
-0.0010536949272,0.0004832112907087214
-0.0009365628166,0.00041680348414685345
-0.00083745103071,0.0003900635425984029
-0.00074622313688,0.000344484214937283
-0.00066682108114,0.0003117419054995322
-0.0005958660526,0.00027578062506400554
-0.00053378040264,0.000247162204555314
-0.00047866355012,0.00012010291990576797
-0.00045205541442,3.921537092747067e-05
-0.00044339169287,4.851650887697e-05
-0.00043268951893,7.185180540623201e-05
-0.00041687278128,9.903077569742539e-05
-0.00039513696253,0.00017043325829830795
-0.00035789984158,9.399812835174854e-05
-0.00033745336778,6.980434964990046e-05
-0.00032231074644,6.025099514695491e-06
-0.00032100527965,6.238054937113772e-05
-0.00030750496993,6.549086701642342e-05
-0.00029336102178,5.9724939946876225e-05
-0.00028048828696,6.489718211575933e-05
-0.00026652867838,4.760275849185553e-05
-0.00025630746686,4.329876220448739e-05
-0.0002470238337,1.54916714867057e-05
-0.00024370531546,3.786429570640164e-05
-0.00023560108269,4.3358623150006755e-05
-0.00022633271685,3.814311171560693e-05
-0.00021818948968,4.3735473298771425e-05
-0.00020886421939,3.752595621938928e-05
-0.00020087292399,3.709876300710093e-05
-0.00019298163461,4.0060163009340475e-05
-0.00018447043752,3.297444742224621e-05
-0.00017747236214,4.0688475886642695e-05
-0.00016884692562,4.958453250165684e-05
-0.00015834977216,3.702795791297523e-05
-0.0001505210835,3.966564607567396e-05
-0.00014214426323,4.2420110580205085e-05
-0.00013319671912,5.037327432198482e-05
-0.00012258607676,5.2094261382009874e-05
-0.00011162949809,5.1956427496310976e-05
-0.00010071846713,4.791321245576995e-05
-9.0671209344e-05,2.9621589603399084e-06
-9.0050543349e-05,4.0678410555634105e-05
-8.1532037134e-05,3.958584189533943e-05
-7.3251881046e-05,3.763837262849587e-05
-6.5387890732e-05,3.4458225412698755e-05
-5.8195828375e-05,3.2787055946245144e-05
-5.1359094769e-05,3.0271661151252658e-05
-4.5052624198e-05,2.9510129633471137e-05
-3.8910038881e-05,2.9171836480178308e-05
-3.2842882269e-05,2.7514559332723175e-05
-2.712514728e-05,2.5011731124342358e-05
-2.1931275862e-05,2.501750026672532e-05
-1.673995238e-05,2.49619900040654e-05
-1.1563869484e-05,2.416771311849603e-05
-6.5559664162e-06,2.424133145726831e-05
-1.5362945708e-06,2.198795875822756e-05
3.0138079706e-06,1.9900597485383966e-05
7.1294729131e-06,2.062857626083743e-05
1.1393319291e-05,2.0538983546291214e-05
1.563606687e-05,2.0459886531967552e-05
1.9860108949e-05,8.009092630933427e-07
2.0025397552e-05,4.588723117740919e-05
2.94788932e-05,7.390598471193349e-05
4.4661540198e-05,8.230490463153888e-05
6.1532177082e-05,8.395748261997477e-05
7.8700945818e-05,8.660952284213521e-05
9.6368642236e-05,8.616826364517034e-05
0.00011390254192,8.54176034712821e-05
0.00013124048485,8.425572079610626e-05
0.00014830056393,8.416637849554523e-05
0.00016530103551,8.315582350314493e-05
0.0001820565819,8.560266318350654e-05
0.00019926323608,8.76292246204406e-05
0.00021683331327,8.724900786902797e-05
0.00023428346721,9.343982619044833e-05
0.00025292414567,9.15844118636045e-05
0.00027114724358,9.70492959630769e-05
0.00029040732096,0.00010327036022154067
0.00031084611508,9.589442020252314e-05
0.00032977450312,0.00010911481730628748
0.00035125459379,0.00011671681727673907
0.00037416485736,0.00010680812717372587
0.00039507196208,0.00012196719194416429
0.00041888079012,0.00013211279677831665
0.0004445943244,0.00014268835852432508
0.00047228176029,0.00013372695948444613
0.00049815495614,0.00015248349384785367
0.00052757355787,0.00016277144419893914
0.00055888534537,0.0001754193342149953
0.00059253232535,0.00018793781320318697
0.0006284782125,0.00018879550464506959
0.00066449245576,0.00018973374427106357
0.00070060032333,0.00020882316744791135
0.0007402550099,0.0002242039697104642
0.00078274535546,0.00024165012032087272
0.00082846176046,0.000261660288854119
0.00087789158436,0.00027508703852810153
0.00092980131543,0.00029274102894647993
0.0009850065406,0.0003077549379033003
0.0010430338564,0.0003896023714891209
0.0011165306549,0.00042746118176960546
0.0011972848439,0.0004475873305553321
0.0012820575473,0.00045211140478903963
0.0013680112932,0.0005285120909004497
0.0014690547594,0.0005646629834873778
0.0015778859391,0.000589602755882757
0.0016927547392,0.0006574024962819155
0.0018226931882,0.0006789210158447456
0.0019594122304,0.0007181669197434713
0.0021073702384,0.0006936985040517196
0.0022539410504,0.0006767440298510557
0.0024005118623,0.0006621603331942506
0.0025470826743,0.000652245004858772
0.0026936534862,0.0007589500164059986
0.0028642987729,0.0008182081219305376
0.0030426222225,0.0008896618713748833
0.0032209456721,0.0010330477330859334
0.0033992691217,0.0012829720208902737
0.0035775925713,0.0016827314161339067
0.0037559160209,0.0022848815935537516
0.0039342394705,0.003255943746890843
0.0041179569751,0.00517658873743798
0.0043247501145,0.007500109211578056
0.0045372414715,0.010242298841893616
0.0047497328284,0.013431616605952063
0.0049622241853,0.01553680175076517
0.0051589855616,0.024230203791272897
0.005409559138,0.0260955005126405
0.0056362740374,0.028142748980316167
0.0058514044296,0.03564577649606693
0.0060970012865,0.03971937823862962
0.0063485210426,0.04227700404416493
0.006600586146,0.04393668869330758
0.0068526512494,0.04460246530364835
0.0071034139329,0.04487774568387758
0.0073542865901,0.044903659191455614
0.0076065861543,0.044382279935356594
0.0078590571677,0.04343139810649438
0.0081102441952,0.042426129042755584
0.0083604390036,0.042002681036820456
0.0086134997751,0.04122257799957838
0.0088673887231,0.04039695500727744
0.0091220009678,0.03918847085981593
0.0093750334404,0.03810327670403636
0.0096271752907,0.03746144185382533
0.0098814194779,0.03590206830710914
0.010131553377,0.03528552310861164
0.010383960319,0.03446892770700193
0.010636367261,0.03373646656158236
0.010888774204,0.033049661442793504
0.011141181146,0.032573110354555554
0.011393588088,0.03223981926793488
0.01164599503,0.031677210979456284
0.011896411254,0.03184587669807169
0.012149601588,0.031788681766127244
0.012402791922,0.03171533053106155
0.012655982256,0.0316576394654086
0.01290917259,0.031717878236982675
0.013162362924,0.0318449402427518
0.013415553259,0.03197393309515584
0.013668743593,0.032131238772765705
0.013921933927,0.03233412570856856
0.014175124261,0.03252751776367292
0.014428314595,0.032623257027864866
0.014681504929,0.03265023263835781
0.014934695263,0.03272838894679357
0.015187885597,0.03285654366992503
0.015441075931,0.03293246067530566
0.015694266265,0.032956000065534535
0.015947456599,0.033978282501162464
0.01620812944,0.03361450968053661
0.01646524862,0.033699951685020706
0.0167223678,0.03371308991948945
0.01697948698,0.033717939180092256
0.017236606159,0.033760433578067295
0.017493725339,0.03384639875370083
0.017750844519,0.03399062097749033
0.018007963699,0.03414726365416986
0.018265082879,0.03426374469114964
0.018522202059,0.034347766278968205
0.018779321239,0.03441175741481617
0.019036440419,0.03452130331430164
0.019293559599,0.03474672054220161
0.019550678778,0.03503995199216719
0.019807797958,0.03532026179668311
0.020064917138,0.035561983363281834
0.020322036318,0.03574760474088359
0.020579155498,0.035876314436756256
0.020836274678,0.036041861085856434
0.021093393858,0.036366340490610986
0.021350513038,0.03683635009644181
0.021607632218,0.0373338715611376
0.021864751397,0.037786674086988076
0.022121870577,0.03815675501626684
0.022378989757,0.03840868274666249
0.022636108937,0.03857674885590679
0.022893228117,0.0387435848673974
0.023150347297,0.03899205013478245
0.023407466477,0.039393691946829595
0.023664585657,0.039904985986694064
0.023921704837,0.0403665863174323
0.024178824016,0.0406690301117585
0.024435943196,0.04017783119240648
0.024688929563,0.04001668880424123
0.024940279976,0.01268626573678544
0.025019857108,0.16189128867745342
0.026020887515,0.16759085292020728
0.02703460622,0.17171419012208763
0.02805123552,0.1748119942085074
0.029062655133,0.17922680597288382
0.030074074745,0.18395532999684314
0.031075852417,0.09307908324234536
0.03156881645,0.19290416056185664
0.032571436558,0.19507416140940684
0.033572867525,0.1999037161199281
0.034584338762,0.2033906302748272
0.035594304504,0.20497761633208328
0.036601171343,0.20623122607010796
0.037607369454,0.21337311046369226
0.038643132641,0.20653351052503616
0.039643192269,0.21245834534877966
0.040665258823,0.21606609191188023
0.041687325378,0.21991325879298737
0.042709391933,0.22356862496165514
0.043734650529,0.22731730446354162
0.044762948833,0.2319498495842259
0.045797340646,0.22782277261100733
0.046808828146,0.23200772141821902
0.047829268898,0.23267077148817594
0.048839696101,0.23562437287092575
0.049864707991,0.23462161373030505
0.050875610663,0.24442635631643325
0.051917846275,0.2378261711950088
0.052933840738,0.23921663072584673
0.053943350728,0.24579751744060063
0.054974777378,0.24501563366306164
0.05600831588,0.24332401441410448
0.057024494254,0.2521731430481986
0.058067610405,0.24481148549075943
0.059082548973,0.2449530138100482
0.060093040933,0.25430621930003056
0.061130150828,0.25871259400672675
0.06218506191,0.2506872861349242
0.063203864441,0.2505986936598905
0.064206215077,0.2615042017247743
0.065244140974,0.25195385562967343
0.066245802477,0.25730561575409727
0.067264149841,0.2560167029500595
0.068270770805,0.26396544407738015
0.069310506667,0.25630604193047
0.070319205732,0.266909626518723
0.071356681217,0.280118248856996
0.072429118084,0.2678158480097802
0.073443615324,0.26654575797755103
0.07444646983,0.27266088954399625
0.075466705589,0.27187173586635505
0.076478568887,0.27921083535881847
0.077508327487,0.2749179509818449
0.078509778137,0.27805726924497304
0.079517944334,0.2924185043679137
0.080573161195,0.2842315833805643
0.081581241195,0.3062446289468917
0.082644429675,0.2921037805047572
0.083644677609,0.2956681535477384
0.084651890069,0.30319494166266275
0.08567808928,0.2974307156807183
0.086678409632,0.30709418590365767
0.08770705651,0.31536073673444237
0.088758119386,0.30126067580397503
0.089758221572,0.06899196812603875
0.089986544372,0.31049783006281884
0.091009302035,0.32484579944130315
0.092071307199,0.32226217382156297
0.09311699354,0.31132322226371933
0.094122290037,0.3181246329392444
0.095148553763,0.31190038001948583
0.096153208303,0.3258453014060203
0.097190654935,0.31876128259096775
0.09819259035,0.3242834946393479
0.099208557469,0.32888204116081826
0.100237047469,0.3317923305593882
0.101269208356,0.3272956922735629
0.102281987675,0.3244891319398078
0.103282904611,0.32833369120255496
0.104289072803,0.33510367011933323
0.10530763961,0.33275913587492956
0.106316879962,0.33318162358143605
0.107325041148,0.33989500780193665
0.108341838279,0.34642523337732534
0.109368164722,0.34746829185639583
0.110396876102,0.3499600465896526
0.111424468043,0.3530293807749508
0.112444327699,0.34827341054913813
0.113445184803,0.34680172262386805
0.114446126374,0.35031205549498035
0.115458698015,0.35922746449855225
0.11648911819,0.3592290456175734
0.117506251567,0.3586331036073301
0.118521227834,0.3546276743578489
0.11952859016,0.3661048273316005
0.120554829677,0.36832824463330877
0.121575251487,0.3614838812050655
0.122579847927,0.3735863910043292
0.123613000864,0.36807508916429
0.124619147801,0.3710013540324395
0.125629349683,0.36950377938195117
0.126636396383,0.3778749309057265
0.127658107807,0.37499733542570596
0.128661262772,0.3743670510543361
0.129663556825,0.380826072653529
0.130681136666,0.382806686177779
0.131696404822,0.38267146124897977
0.132707827687,0.37902219524017156
0.133715931934,0.3797704176314494
0.134736938065,0.3727299628449843
0.135739930299,0.3792000933269914
0.136754487357,0.37605622994732224
0.137758399957,0.3865450787367193
0.138788138572,0.3782111414620719
0.139788711061,0.3790476617777132
0.14078888625,0.38411521182791697
0.141807757009,0.38214926498166135
0.142818176551,0.38086909001828084
0.143820549058,0.37865313147632584
0.144824376585,0.38119208192576626
0.145830826163,0.3854082359436715
0.146841518554,0.3845233744284645
0.147846724329,0.38685303389652304
0.14885278243,0.38552589422534006
0.149861088286,0.3833274828880101
0.150862801778,0.38675250059903604
0.151869189551,0.38839120980994013
0.152884674229,0.3903418009735775
0.153902578594,0.3892943236703142
0.154914454424,0.38682091817507763
0.155920437559,0.3880917053649767
0.156928618328,0.19262620089068969
0.15742868591,0.39201909199980883
0.158440359056,0.38781575181429184
0.159440366456,0.38607104647832324
0.160444403459,0.3883344524756799
0.161448648454,0.3917467080992906
0.16245739234,0.3004882113270826
0.163237975997,0.3729369223795121
0.164217431367,0.38469058478410895
0.165224274466,0.3536686050037853
0.166144396107,0.3845074321396115
0.167152801511,0.3267541300231121
0.168002069492,0.3901262011984055
0.16901810443,0.37083997308928685
0.169982770634,0.3896776228832678
0.170988925858,0.39373851634071577
0.171995081081,0.3989719015596356
0.173001236305,0.3955482960620752
0.174007618108,0.3878134221779047
0.175008081571,0.3881325229629042
0.176008457527,0.3948227862664715
0.17702162447,0.33394484876554037
0.177873286881,0.35270700676839956
0.178769259449,0.3973756294530454
0.17977072118,0.3349587600822923
0.180611526767,0.349613174973195
0.181494119068,0.35271232830611954
0.18237671137,0.35751096308623703
0.183259303671,0.3578592749165206
0.184141895973,0.4041754657675825
0.185145966505,0.40168547659690806
0.186154874029,0.3957315965766715
0.187163781552,0.27998626526654624
0.187880398975,0.3346619025110965
0.188731241035,0.33702827588652184
0.189584679647,0.3925766421616162
0.190584720327,0.295834447715189
0.191345246923,0.2411572773319781
0.191976609559,0.3086730579922112
0.192798009489,0.15982048046902173
0.193226417363,0.3503852598423103
0.194180975621,0.24007301305958595
0.194851712101,0.17366120708956545
0.195345492484,0.3498146192106517
0.196346179946,0.2820677496858021
0.19716434592,0.3397100408721591
0.198165192543,0.2918401448102589
0.199030523436,0.23213454686413693
0.199730086185,0.18116712172052069
0.200278405124,0.23076669289705334
0.200985058615,0.3056065951018161
0.201938022751,0.19050095543556822
0.20253915972,0.31105420088849467
0.2035458648,0.2427089353082592
0.204349980969,0.29889877645613
0.205363111339,0.28760935872252497
0.2063654704,0.2842217531609555
0.20737281956,0.2811785294577791
0.208379013003,0.28083081374618674
0.209388399007,0.2820569678837405
0.210395480765,0.26390334689097295
0.211332793878,0.1933562674463768
0.212018727196,0.2785699633198
0.213021496525,0.20733046449652887
0.213796071139,0.2508565113443501
0.214756461343,0.2676944038648702
0.215757696262,0.27434454008788234
0.216759670953,0.2562781379244085
0.217698028767,0.22144487896841394
0.218511502122,0.2668537442536759
0.219502212384,0.11237654689830055
0.219923176955,0.2617115701892887
0.220905572528,0.2434449458828786
0.221826392235,0.12678479222528266
0.222312016494,0.1354994573334213
0.222836415957,0.23189158481996353
0.223741793654,0.25854321514767564
0.224742810765,0.2451980142779587
0.225669265226,0.10744479452369907
0.226069936436,0.2682243734907202
0.227072738629,0.09589871260663335
0.22743399929,0.2664813559668951
0.228439419549,0.0858593368445797
0.228764577607,0.18751230724201504
0.229477744947,0.1996327618782344
0.2302452764,0.1206753329468771
0.230713050747,0.18270462629347609
0.231423519753,0.1965834753853291
0.232191911787,0.12301340423828587
0.232664001006,0.21203611801187122
0.233463601957,0.20311459323254702
0.234225026286,0.2670840284478545
0.235229851518,0.18856026340645782
0.235946352975,0.18900421346876126
0.236668300432,0.2624427053928343
0.23767827655,0.12321803829981136
0.238155523329,0.14057048599261507
0.238695017775,0.13011589684326105
0.239181940116,0.256971440366924
0.240129910452,0.10179184862329889
0.240503690007,0.15669258157312385
0.241080146111,0.14307948427159625
0.241609073747,0.1814899149184335
0.242277060552,0.22930719017268814
0.243119012709,0.020125843969957886
0.243193064969,0.14333977381734436
0.243719592533,0.12475550687215067
0.244178702329,0.2101071707119393
0.244957082969,0.09568924326121034
0.245313331339,0.1728407060064965
0.245964370426,0.2663978143362002
0.24696978516,0.12426617043872476
0.24743304196,0.15309905265000276
0.247993278384,0.034791823091639494
0.248118469063,0.23472968120707485
0.248965256261,0.1054847442580637
0.249346590586,0.16002655653114065
0.249922504164,0.1396286084920284
0.250426166156,0.10651618129368251
0.250812553058,0.21500050798926884
0.251595773489,0.09059556254282741
0.251927398961,0.19936513635698733
0.25266105149,0.07738550033016392
0.252947132218,0.263228069456456
0.253924246424,0.16706279162275672
0.254546555524,0.1666706565120973
0.255169654645,0.26783798203553905
0.256175129286,0.21844163709112702
0.256987756592,0.11554284536608338
0.257407346789,0.17797561640912277
0.258041138164,0.15168849830212824
0.258577598141,0.21520677979165245
0.259337041089,0.17103898692576835
0.259940081152,0.09721713888654501
0.260282293913,0.1816205260913177
0.26092305103,0.08608009871902883
0.261228739872,0.21880098679789795
0.26200889281,0.2806497536835004
0.263018993995,0.28331200575654936
0.264022365675,0.07681688109056647
0.264287691271,0.2578343977486479
0.265175079818,0.19799192735244756
0.265855960918,0.18025016474869518
0.266474793024,0.2566113539455572
0.267356791281,0.20485653602095502
0.26806339312,0.17600194582555267
0.268672454815,0.058817505920393906
0.268876739409,0.21749659182191755
0.26963642284,0.12614146435821513
0.270082248138,0.2803044072724102
0.271084417379,0.25965392885692545
0.272000147905,0.1922496988044131
0.272673829682,0.10387277896276244
0.273041293079,0.23930517176802546
0.27388628241,0.2343372147297325
0.274712128184,0.09201487289115184
0.275034900894,0.18797875572061273
0.275698576756,0.14181472701446327
0.276203581266,0.2795495380374744
0.277205165967,0.16140195113565142
0.277777799336,0.2326026289170548
0.278586862533,0.2883668845335431
0.279590748847,0.29307447109378687
0.280596694,0.30035899370095526
0.281603525582,0.30357414999678667
0.282610357164,0.30634635656643106
0.283617188746,0.30773858856127795
0.284624020328,0.30769476186270067
0.28563085191,0.30717930675580496
0.286637683492,0.30782938236464036
0.287644515074,0.30832954080102476
0.288651346656,0.30688475893253747
0.289658178238,0.2706991182982835
0.290557549466,0.3016107240413338
0.29156645699,0.3072514983536925
0.292575364513,0.31162400120485123
0.293584272037,0.309941642660024
0.29459317956,0.30713611701627225
0.295602087083,0.25949687712730896
0.296466370017,0.15576856125729008
0.296989713364,0.28585181332548265
0.297929138747,0.2938472555272551
0.298868483645,0.29576199859374686
0.299807828543,0.29638884406232036
0.300747173441,0.29612780245784304
0.301686518338,0.29543519838552
0.302625863236,0.29459691467164306
0.303565208134,0.29118522887296944
0.304504553032,0.22699627573472658
0.305248433094,0.28041385098108
0.306177098816,0.28985990983988813
0.307122478882,0.2989405608113708
0.308067858948,0.3022553607412862
0.309013239015,0.302081971627302
0.309958619081,0.3009336146744178
0.310903999147,0.29780202164273406
0.311849379213,0.2963247236840752
0.312794759279,0.29716119148541664
0.313740139345,0.2754555766674874
0.314619569234,0.24490018098365993
0.315411366242,0.25133223002191063
0.316228581336,0.25722226528392056
0.31704579643,0.26341644789523255
0.317863011524,0.2644013041489799
0.318680226618,0.26420844997136067
0.319497441712,0.26389861327128206
0.320314656806,0.26398228810117524
0.3211318719,0.26394729050163923
0.321949086994,0.2635526499708999
0.322766302088,0.26300235411022194
0.323583517182,0.2616791691464974
0.324400732276,0.21849972514342383
0.325090264606,0.2551646396832383
0.3259074797,0.25712266327295985
0.326724690746,0.2642668374341493
0.327541673605,0.26659111427221927
0.328358166927,0.2656082976992502
0.329174188944,0.2623998445942535
0.32998379256,0.22994639538423528
0.330702452072,0.2580386776022326
0.331519667166,0.26293562386180636
0.33233688226,0.2700284963722099
0.333154097354,0.27152503020663926
0.333971312448,0.26992180143907774
0.334788527542,0.2680819979077083
0.335605742636,0.26835591823945615
0.33642295773,0.26883432329666573
0.337240172824,0.26976774671746023
0.338057387918,0.26996710272670443
0.338874603012,0.26914062725399657
0.339691818106,0.269412720043843
0.3405090332,0.269658917793111
0.341326248294,0.2673400261331849
0.342143463388,0.20757153661044955
0.342787242493,0.2231089318340645
0.343487872717,0.22566393916236388
0.344188502942,0.23235960735437597
0.344889133167,0.2356480398008611
0.345589763391,0.23630207232984426
0.346290393616,0.16817705191325394
0.346787841075,0.23712040885324512
0.3474884713,0.2371883402339195
0.348189101525,0.23697815805814582
0.348889731749,0.2369444981889917
0.349590361974,0.2369002697188878
0.350290992199,0.23691597999881672
0.350991622423,0.23714059970949372
0.351692252648,0.23697206285245284
0.352392882872,0.23695141075411885
0.353093513097,0.23676378831926453
0.353794143322,0.23643708984530884
0.354494773546,0.23638165861703164
0.355195403771,0.23600145184112511
0.355896033995,0.2352034911675932
0.35659666422,0.23340747456563168
0.357297162577,0.23100529246057003
0.357997600117,0.22803674964109855
0.358698037658,0.22636211899142628
0.359398475198,0.21710803403451362
0.360070202905,0.22536566980955475
0.36077083313,0.22821620645202131
0.361471463354,0.2347089608097444
0.362172093579,0.23621654139272277
0.362872723804,0.23560923058319827
0.363573354028,0.2370290801628508
0.364273984253,0.2245890519531276
0.364937541864,0.2102346032208034
0.365564022057,0.2321639277469125
0.366264652281,0.2356434114747267
0.366965282506,0.2435009125925841
0.36766591273,0.2339946565637786
0.368330449446,0.22881648417195943
0.368979181135,0.22037513917996698
0.369616124529,0.25078230055306827
0.370364792189,0.31405386566260485
0.371310723384,0.289373483335819
0.372158035624,0.28113262320193955
0.372958938944,0.28219223189725207
0.373759842265,0.28250325122429293
0.374560745585,0.2827730660482517
0.375361648905,0.28254434811669427
0.376162552225,0.28237992047619004
0.376963455546,0.2817431760084309
0.377764358866,0.24509452064920523
0.378463241275,0.19790730940346535
0.379030046087,0.20478424756340877
0.379622416508,0.2146993808150973
0.38025298371,0.21441644084546016
0.380883550913,0.22000483980257687
0.381514118115,0.2246759138742141
0.382144685317,0.22529093812273726
0.382775252519,0.2255441630614011
0.383405819721,0.22547855643088296
0.384036386923,0.22527785812008536
0.384666954126,0.22519722232492762
0.385297521328,0.22498966920320215
0.38592808853,0.22510016156319423
0.386558655732,0.22482298050768157
0.387189222934,0.2245926310146792
0.387819790136,0.044939322900127504
0.387945903577,0.2241853457991633
0.388576470779,0.22323327046835778
0.389207037981,0.2214797345932478
0.389837605183,0.21921882445064658
0.390468172385,0.2236571192936651
0.391117062173,0.23979044855245685
0.391817692398,0.24221558913315022
0.392518322622,0.2495442822902428
0.393218952847,0.25407338298383586
0.393919583072,0.2546129844781999
0.394620213296,0.22346412387957018
0.395234878995,0.22262570006744228
0.395847790315,0.22172035154427172
0.396460701636,0.22114180482766874
0.397073612956,0.22030199869659753
0.397686524277,0.21933671190274573
0.398299435597,0.2199586156657064
0.398912346918,0.22090980987524703
0.399525258238,0.2212091733167225
0.400138169559,0.22084430730894083
0.400751080879,0.22051190406580548
0.4013639922,0.21994889721483876
0.40197690352,0.20573237707535716
0.402553990416,0.20574424315689013
0.403137848936,0.20338014191954223
0.403721707457,0.2063363381190177
0.404305565977,0.21247494066250666
0.404889424498,0.21539121905810066
0.405473283018,0.21617281741267125
0.406057141539,0.2159849367721506
0.406641000059,0.04739293813545737
0.406769448934,0.16956713383284727
0.407230389677,0.2939177823761299
0.408034942136,0.2888836703391774
0.408839494595,0.282940287649872
0.409644047055,0.27904347379698735
0.410448599514,0.2767215125019855
0.411253151974,0.27575830547423863
0.412057704433,0.27931238570339584
0.412862256893,0.2829447180295948
0.413660693103,0.20796173050092728
0.414241794514,0.20862578679159896
0.414825653034,0.2058229403222005
0.415409511555,0.20157435809268712
0.415993370075,0.19862772310260687
0.416577228596,0.1981237293391665
0.417161087116,0.19971353152259733
0.417744945637,0.20455608627650307
0.418328804157,0.20990393815923253
0.418912662678,0.2115717828273416
0.419496521198,0.21031231707265222
0.420080379719,0.20745926974623843
0.420664238239,0.20642574940262617
0.42124809676,0.20793748351795724
0.42183195528,0.2089212151743142
0.422415813801,0.20991065015741323
0.422999672322,0.210194018798483
0.423583530842,0.21011666388094838
0.424167389363,0.21017800149340932
0.424751247883,0.2099089824628164
0.425335106404,0.21047219784764265
0.425918964924,0.2109741258710459
0.426502823445,0.21145195284143153
0.427086681965,0.21193804304408162
0.427670540486,0.21176398073764136
0.428254399006,0.21111421320973703
0.428838257527,0.210000885726814
0.429422116047,0.2097835752966582
0.430005974568,0.2100351655025308
0.430589833088,0.21109945535231045
0.431173691609,0.2121377417160101
0.431757550129,0.21190707569941047
0.43234140865,0.211940124079591
0.43292526717,0.21145077516388322
0.433509125691,0.21083102877306661
0.434092984211,0.21052770187541808
0.434676842732,0.20950302285748482
0.435260701252,0.20871543304556442
0.435844559773,0.20780932635038987
0.436428418293,0.20662181230640372
0.437012276814,0.20596745342726985
0.437596135334,0.20512941891597783
0.438179993855,0.20453396813407404
0.438763852375,0.2063105227590569
0.439347710896,0.21043334551369125
0.439931569416,0.21353818394531762
0.440515427937,0.21450514242396446
0.441099286457,0.21480130904070308
0.441683144978,0.21479023977207976
0.442267003498,0.21439792175327357
0.442850862019,0.21389768415183805
0.443434720539,0.17716945850438048
0.443919323111,0.2130417629681793
0.444503181632,0.21298248518408291
0.445087040152,0.21318926661778315
0.445670898673,0.2135175149480251
0.446254757193,0.21393775577653537
0.446838615714,0.21430591039702535
0.447422474234,0.21508352004603878
0.448006332755,0.2155199044222767
0.448590191275,0.21521237462440004
0.449174049796,0.21488105440277644
0.449757908316,0.21441352009461587
0.450341766837,0.21424716489854415
0.450925625357,0.21451159792646715
0.451509483878,0.21463464195040288
0.452093342398,0.215803196635984
0.452677200919,0.21735878384215843
0.453261059439,0.21801200414846097
0.45384491796,0.21851040239204894
0.45442877648,0.21861295358961558
0.455012635001,0.21839667941667668
0.455596493522,0.21362994454812714
0.456168145294,0.20272358446512892
0.456711269989,0.19914173416528022
0.457245209896,0.20244047820977978
0.457788022349,0.20390211744615244
0.458335193134,0.2102491875214088
0.458900294473,0.20987438560449073
0.45946519661,0.20929684959884595
0.460029936505,0.2084485559419836
0.460594498867,0.20762927728078298
0.461158892343,0.20672554567544904
0.461723119278,0.20390693333970172
0.462282652464,0.20255625677881395
0.462842033247,0.20316580532920522
0.463405743769,0.20504026693121333
0.463969275797,0.20594163793609885
0.464523629496,0.2054335749914781
0.465068790688,0.20637199898381287
0.465613869199,0.2028008906932258
0.466149707665,0.21024762543978548
0.466707911581,0.20685779740636934
0.467265947743,0.20440073337843723
0.467828316136,0.2023418669253824
0.468390526601,0.2029817025211432
0.468952556056,0.2071162190579709
0.469514424588,0.21163732660045342
0.470076124363,0.21413141498161398
0.470637641246,0.21510407842688306
0.471199000398,0.21424022737670242
0.471760184261,0.21285292285124333
0.472321198863,0.2119587126795009
0.472882047431,0.2114867531106474
0.47344272178,0.20959395312342755
0.473998744282,0.19940694786297847
0.474527711241,0.20130265869360214
0.475061001761,0.20674866862506253
0.475607581528,0.20713442600743476
0.476153993694,0.21280851422570626
0.476713724634,0.21367989617890265
0.477273287198,0.21410581644286178
0.477832680709,0.19282245908698412
0.478336022058,0.2146157242491701
0.478895098294,0.21405894943247106
0.479454026698,0.21368173315416547
0.480012792199,0.2145145574668352
0.480571394159,0.21504334710669368
0.481129849136,0.21517259982468961
0.481688130274,0.21512136341029306
0.482246241356,0.2148409336786946
0.482804196492,0.2143798719358674
0.48336196857,0.2135587768011563
0.483919593705,0.16892403085222588
0.484362624347,0.14121003891173078
0.484734193932,0.14097764344075653
0.485105691747,0.1412252231319602
0.485477118561,0.1417478134162807
0.485848460278,0.154513002584371
0.486253158129,0.21182942964925536
0.486809933605,0.21102200499132395
0.487366551697,0.21042864268490263
0.48792302922,0.20962693311706365
0.48847931924,0.20871353793273892
0.489035459267,0.20811619060941589
0.489591467869,0.20794729528400646
0.490147276969,0.20921745530943
0.49070294699,0.20922791770454893
0.491249016951,0.15603036775376172
0.491649936711,0.15787000409749521
0.492053073347,0.15316973522418786
0.492442778733,0.1515274159313598
0.492829087521,0.1506444888226193
0.49321863866,0.15110830425921434
0.493614758236,0.15538378891164065
0.494024119437,0.14970278382099822
0.494420070694,0.15455509723641037
0.494831982091,0.23137485754094317
0.495454299158,0.2205436021748875
0.496049585488,0.20670407905527152
0.496603610112,0.21130459887799302
0.497157450116,0.2162989969219635
0.497711132466,0.2183717768282146
0.498264697559,0.2179478179604202
0.498818099355,0.21646607169137352
0.499371324801,0.21525001430841123
0.499924425252,0.03653329184490467
0.500018426415,0.19337867538289225
0.500517751887,0.1910471500479643
0.501012250095,0.19454876885388864
0.501514732342,0.1935728370297033
0.502013034271,0.19404115315813522
0.502511207417,0.19406391823234342
0.50300926719,0.19448102028338432
0.503507198381,0.1950631141326965
0.504004992614,0.19854003273655726
0.504510772028,0.19751298563016106
0.505012353113,0.20055824172560258
0.505517861461,0.2021409100857326
0.506023239654,0.20230042803715834
0.506528477797,0.20082901153166707
0.507033600384,0.1994593140643826
0.507538605072,0.19901779346077528
0.50804346978,0.1993119592743507
0.508548220567,0.2006614171937325
0.509052824058,0.1917923172975941
0.509532501997,0.16134850553274122
0.509936030565,0.09024289447804179
0.510161557435,0.10283532448057715
0.510417927856,0.08642191434684708
0.510633358893,0.08541558078989225
0.510847355488,0.09342780220215488
0.511083782992,0.10727172994677604
0.511358665774,0.10637018333569448
0.51163327867,0.05300267154217964
0.51176997601,0.06784323518081362
0.511943680075,0.040769993100962305
0.512047083151,0.057813017997832936
0.51219196969,0.033554118211903496
0.512274985113,0.05717366706474633
0.512414298766,0.02967047240947999
0.512485491167,0.06343564533772102
0.512635072472,0.04140824741098207
0.512730844191,0.06744063328874676
0.512883933874,0.07241159338058736
0.513044773552,0.05750448508914348
0.513170261805,0.10535282599571623
0.513396480079,0.08118496381544714
0.513568923901,0.1302236124437371
0.51384693633,0.157975341938809
0.514193680943,0.12809923801190942
0.51448801548,0.2179887182221442
0.515029903055,0.17530156004552558
0.515509052357,0.15207223879670914
0.515952908999,0.19388211865658503
0.516548658803,0.16879509621290478
0.517090075684,0.16282298398169395
0.517630685425,0.1576934860238715
0.518171295167,0.14341705934721896
0.518677373461,0.14315543810203565
0.519193066499,0.1307678522168719
0.519669426574,0.13330504505913865
0.520155975341,0.13504116321074666
0.520642524108,0.1383743538779307
0.521129072876,0.1426857171878475
0.521615621643,0.1472721920911384
0.52210217041,0.15108908255912215
0.522588719177,0.1531564196807018
0.523075267944,0.15192736403435483
0.523561816711,0.08203164973526669
0.523829418533,0.14735848155303724
0.5243159673,0.1462577719064666
0.524802516067,0.14643280149091284
0.525289064834,0.14803728870019847
0.525775613601,0.14992782778461766
0.526262162368,0.14989486775067618
0.526748711135,0.1473020463542058
0.527235259902,0.14468796715071564
0.52772180867,0.1430702407028899
0.528208357437,0.14247942961533025
0.528694906204,0.14291829774191495
0.529181454971,0.14221890613247098
0.529668003738,0.14057182737153623
0.530154552505,0.13939143678972463
0.530641101272,0.1391023934451108
0.531127650039,0.14088433331408634
0.531614198806,0.1431183949195912
0.532100747573,0.142929048273957
0.53258729634,0.14158414846302667
0.533073845108,0.14094020550196854
0.533560393875,0.1407635848645867
0.534046942642,0.14118872662160198
0.534533491409,0.141880246417026
0.535020040176,0.14128317659523823
0.535506588943,0.1397165261251444
0.53599313771,0.1386140219036472
0.536479686477,0.20353277444889412
0.537185413897,0.21600921682215102
0.5379154945,0.1821768095167592
0.538529905201,0.1582103563886579
0.539070514942,0.15709545394016564
0.539611124684,0.15650691834262165
0.540151734425,0.1567754400475505
0.540692344166,0.15752804375705146
0.541232953907,0.157377892337669
0.541773563648,0.15696818862321996
0.54231417339,0.15588994901981978
0.542854783131,0.15364328833345253
0.543395392872,0.1524725804252306
0.543936002613,0.15206528181514267
0.544476612354,0.15242256537987695
0.545017222096,0.15403729864338053
0.545557831837,0.15444797944774455
0.546098441578,0.15408363917403844
0.546639051319,0.15316558484944884
0.54717966106,0.15162335058841717
0.547720270802,0.1521247796702687
0.548260880543,0.15370373179071692
0.548801490284,0.15368375498635986
0.549342100025,0.15161948668262817
0.549882709766,0.1393494201933637
0.550386005722,0.15282206346927327
0.550940472524,0.1607531070617727
0.551522320412,0.14823989616702687
0.552062755982,0.14592588373459803
0.552603103972,0.14613733195510986
0.553143336601,0.14649109313248104
0.553683436677,0.14530523666117526
0.554223448661,0.14461038821585337
0.55476335931,0.17706411342927195
0.555426962103,0.1353249082436835
0.555935521493,0.008746407342959277
0.55596834719,0.14598282970864487
0.556515442136,0.14533072802620522
0.557062537081,0.14497054659265313
0.557620625245,0.12815287501844166
0.558124265559,0.13925353835370782
0.55867265201,0.14991917866795024
0.559263244559,0.1536445593242258
0.559868608482,0.1359625736356884
0.56040433214,0.12501119252490037
0.560896354112,0.1421615516014989
0.561452362474,0.12866248482552792
0.56195712848,0.15917390794566375
0.562592363087,0.13297345398516736
0.56313097636,0.14888997472356383
0.563749653476,0.16249007604094898
0.564443999166,0.1509167262584431
0.565102337409,0.14657165486733903
0.565753321639,0.14247523673737933
0.56639158424,0.09993346919476598
0.566842318572,0.13367958536404687
0.567441390975,0.15418713761350877
0.568132338866,0.15930422654819368
0.568853151855,0.09667460622467605
0.569294976756,0.11108094678618612
0.569811900159,0.14353671594880243
0.570495753276,0.1355360596230784
0.571158055941,0.1597801605605232
0.571952389013,0.13865377278925348
0.572648523016,0.15017676959113918
0.573407797101,0.11023334311889241
0.573963381422,0.14280384695124762
0.574680753278,0.10433914861495469
0.575209283266,0.1330280986810605
0.575890800925,0.08556267961973593
0.576334364342,0.14971242769058402
0.577122150413,0.1644863772356776
0.578004742715,0.12010568446577322
0.578662713701,0.07779400018794985
0.579093983217,0.079320694678357
0.579536028332,0.08487184235701688
0.580011626501,0.10337014771478596
0.580595480492,0.17371876485094126
0.581586136573,0.174755585998867
0.582592291797,0.17226345330873502
0.58359844702,0.16927002799852656
0.584604606931,0.16617322224526054
0.58560832574,0.16400761986792722
0.586615287791,0.16005044096069868
0.587616796869,0.10184195185232922
0.588263837601,0.10833500879280665
0.588958803343,0.15552803115593988
0.589965635261,0.15360062556745624
0.590969399917,0.15216914033420592
0.5919731991,0.15119947512446286
0.592976998424,0.15232884487502946
0.593993611706,0.15001482579704845
0.595001682018,0.14896836084595008
0.596009752331,0.14933319627276098
0.597026464096,0.033792417711417895
0.597257301522,0.14607459847691265
0.598257597039,0.1452939653135195
0.599257892555,0.1444259271002581
0.600258188072,0.1440321649295752
0.601259669785,0.14504299982718735
0.602270263305,0.14644622141900365
0.603293053396,0.14579169974025044
0.604315843487,0.14507465360910876
0.605338633578,0.1437501647012661
0.606355554431,0.14311713730806339
0.607370367248,0.142561504746065
0.608382867248,0.14134449360694898
0.609388617248,0.14251744749824363
0.610405487805,0.14035505148603358
0.611409911295,0.1397328790393621
0.612411758499,0.14353696421346615
0.613441414591,0.14331430488719824
0.614468762421,0.13989010526983664
0.615471584374,0.14230365379529994
0.616493854648,0.14165246071144358
0.61751340061,0.14106915921340468
0.618530411866,0.1413628039454905
0.619552285017,0.14084648637790742
0.62057330632,0.14023436392246694
0.621592570005,0.13944124386116102
0.622607741557,0.138459834681404
0.623616268573,0.13976582183274322
0.624634973426,0.13821275329410368
0.625643634436,0.10332986356423098
0.626398511033,0.13891214859886086
0.627414228318,0.13819970784749266
0.628425236696,0.1370103893691231
0.62942856308,0.13668955131095797
0.630432446365,0.13574583982467472
0.631433767728,0.13638328320927498
0.632444461133,0.13861186643701714
0.633474775587,0.13586754372933604
0.634485642853,0.1353644823760858
0.635492710813,0.13660658025213893
0.63650621439,0.13758753407304286
0.63752527976,0.1362990675612973
0.638543295347,0.13759118462297057
0.639561841319,0.14131940145393682
0.640564581069,0.1481003898735704
0.641587670306,0.14697681054836914
0.642612227129,0.1444333043874637
0.643634849537,0.14275925666608313
0.644650754215,0.14189870003528987
0.645661128299,0.14244381369344783
0.646679253163,0.14176128366405077
0.647697288316,0.14014269879738186
0.648705886037,0.14185798842829642
0.649723923594,0.14026185908394567
0.65072633691,0.14234935364916063
0.651745958633,0.14189972515419805
0.652765233249,0.1426106937225568
0.65378794315,0.14307264057784133
0.654813451205,0.13971219270976773
0.65581452375,0.14259338894527726
0.65683301792,0.14157656760467155
0.657842840591,0.14087023905370136
0.658850762451,0.14087762489426905
0.659860207603,0.14624846651965537
0.660904269443,0.14096380002317757
0.661909456818,0.13985644307230582
0.66291132793,0.14174764625989628
0.663930232435,0.1397088348535626
0.664933737183,0.14041407733018527
0.665942421208,0.13978891317203265
0.666949372617,0.14119865786535912
0.667969097682,0.13974670699316824
0.668978426506,0.14425162532500885
0.670018557898,0.140808734588723
0.671033336235,0.1399079795512456
0.672042719213,0.13862915727781025
0.673044721732,0.13969079584730035
0.674055646012,0.14333770922506617
0.675092124647,0.14411377336978
0.676132105298,0.14280823062108616
0.677161783648,0.14056005033394997
0.678175369857,0.14080303594035976
0.67919202396,0.14078530907558465
0.680210559634,0.142605052138577
0.681242587582,0.1402714325498721
0.68225633763,0.14001857997449557
0.683267015988,0.14052968401122337
0.684282100058,0.14451139351093273
0.685328770632,0.14076106819806955
0.686350941699,0.1388589127267396
0.687360317715,0.13828984894244545
0.688365607849,0.1380332854147332
0.689368281221,0.13977896815297655
0.690382852481,0.1377298731318339
0.691383015513,0.14027331193603199
0.692403235406,0.13792140709892156
0.693407186268,0.13782272518180386
0.694410576141,0.13829404628936048
0.695417617143,0.1374667611642101
0.696419962034,0.13930629616146473
0.697437884439,0.1386441370436566
0.698451821875,0.13785096315983672
0.699459948827,0.13687636947169485
0.70046123291,0.14067587276664173
0.701490126507,0.13840385431511304
0.702502147274,0.13964641379554188
0.703523984319,0.13895682461112518
0.704541172646,0.14176406490279006
0.705580785138,0.13696720035844967
0.706588962922,0.13693755349584813
0.707597887342,0.1373251849182051
0.70860767848,0.1373681889107932
0.709616848594,0.136953735692248
0.710623132918,0.13724221764186126
0.711631661465,0.1378188945428741
0.71264478373,0.1412825215144243
0.713685355893,0.1369129366276827
0.714696882859,0.13792734620326835
0.715717409434,0.1375154727396043
0.716734774787,0.14227255139619022
0.717787637465,0.13657915396414472
0.718798284551,0.13929223567132426
0.71982865625,0.13814173175955236
0.720850660203,0.13626953296274913
0.72185889906,0.13591612019713753
0.72286407998,0.135689126529382
0.723866995997,0.13643629036398505
0.724875281183,0.13715481899752652
0.725889188399,0.13678546845829564
0.726901649805,0.1407480762216374
0.72794438164,0.13620438826406409
0.728955272163,0.13670227691329329
0.72997266723,0.11310699452397044
0.730815425145,0.13459741780301093
0.731818906092,0.13812133144392738
0.732848601235,0.13603424469134767
0.733861320865,0.13649781505248754
0.734875610322,0.13768396798744487
0.735897872957,0.1346741952552546
0.73689827518,0.13568744423498147
0.73790724544,0.1351358508956916
0.738912948589,0.13671011174460673
0.739931038541,0.1362558182807515
0.740946345384,0.1348222760357984
0.741951008209,0.13496131503955391
0.742957591769,0.14164740231309023
0.74401670171,0.1347599550469908
0.745026788309,0.13520688768795294
0.746040277258,0.13388673283460453
0.747042674375,0.1341577102262181
0.748048071634,0.13566503794867438
0.749067851041,0.13459570142811766
0.75008202561,0.134389618079413
0.751094590748,0.13481217888969632
0.752108882455,0.13438217847422507
0.753119561533,0.13531153881409452
0.754138962492,0.13439989957950027
0.755154082081,0.13374126139604256
0.756164878246,0.13354333089738832
0.757173904016,0.13345577429309058
0.758183112983,0.1341724446610156
0.759198628119,0.13312000644122143
0.760206291008,0.1336348250781815
0.761217793796,0.13337535749232746
0.762227731019,0.13236952751854802
0.763230636827,0.1328318228485391
0.764237319277,0.13360205182753243
0.765249649224,0.13438097861403117
0.766267739038,0.13360109836663597
0.767279784183,0.13240435101081904
0.768282244612,0.13248480394962137
0.769285024304,0.13334014392423732
0.770294675523,0.1334486926959915
0.77130595522,0.13326863696511018
0.772315666069,0.13360258278557252
0.773327818303,0.13256150192889737
0.774333656376,0.13308916414198585
0.775344103327,0.13198968808670034
0.776345998373,0.13175480101520895
0.777346636638,0.13230785889738877
0.778352210035,0.1319070488351213
0.77935581773,0.1327890163734886
0.78036809814,0.13114026465503303
0.781369535349,0.13196292185446024
0.78237795425,0.13401024343268483
0.783402641473,0.13145859313511035
0.78440835808,0.13230074762107472
0.785420234152,0.13439303928920482
0.786447229447,0.13157148939771393
0.787451547282,0.13215760281987207
0.788460008245,0.13267516532106027
0.78947302978,0.13207687134322307
0.790481574022,0.13357096531534274
0.791502553372,0.13408446860498266
0.792529844128,0.13126043965561843
0.793535893192,0.1316116816106479
0.79454367937,0.13159245452783083
0.7955516998,0.13192931070201358
0.796563288344,0.1324922157142408
0.797579613448,0.13293772207648114
0.798599271506,0.13290175742683824
0.799618145856,0.13183275602233732
0.800628898248,0.12619854315216414
0.801596829533,0.11997275434189522
0.802517063432,0.13152809889665565
0.803526208227,0.13145090664720915
0.804535249508,0.13076667051876556
0.805539863895,0.13258448217722676
0.806560503325,0.12981607949780347
0.807563404587,0.13003353417132668
0.808571142811,0.12984734855664162
0.809577855103,0.12936557635867404
0.810579806508,0.13024494736627773
0.81158901439,0.13062350242275586
0.812602635299,0.13012453202688185
0.813613218123,0.12945585650217925
0.814616846521,0.13080022657261436
0.815629843131,0.12965013584592025
0.816634594282,0.1305158767772052
0.817646746866,0.12991168225030378
0.818655870076,0.1300661615192069
0.81966677351,0.12954234138885257
0.820673303291,0.12888373568193756
0.821674319372,0.12923790901543253
0.822677926142,0.12963625966797307
0.823685318777,0.1293982039041452
0.824692166524,0.1295565660662131
0.82569925363,0.1303816475859639
0.826710597311,0.12989937221368197
0.827718149299,0.1298991089736856
0.828726638681,0.12991183853570368
0.829736799111,0.13077957203583118
0.83075417709,0.13297507649999976
0.831788192354,0.12911663044677313
0.832793133706,0.12931646634518013
0.8337997656,0.12959049918884885
0.834807795226,0.13039908591096164
0.835822386653,0.1303156402567561
0.836837011614,0.1289428413638688
0.83784241989,0.13180709863591106
0.838872415345,0.12786084743028037
0.839873851166,0.12881156303809232
0.84088315351,0.12905884110428076
0.841893267757,0.12848832085246736
0.842898989311,0.12939332593439334
0.84391179454,0.12920123593385505
0.844922757397,0.12848516374494762
0.845929124944,0.12820625077853193
0.846935307089,0.13023947804673103
0.847958946752,0.13280286098847044
0.849003520316,0.12831855968467254
0.850013472909,0.12828031245222243
0.851022903401,0.12930502906284305
0.852038880715,0.09204006116799504
0.852761692485,0.127147257623524
0.85376125389,0.12818758172078423
0.854769676877,0.1271806710955899
0.855770310479,0.12718603468896975
0.856772095453,0.12837996895616313
0.857785209442,0.12774410378721945
0.858794646385,0.12702239332273663
0.859798417052,0.12732234411736684
0.860803540962,0.12794998317904943
0.861813914246,0.12845686131067421
0.862829794912,0.12674747045765408
0.863832365076,0.12741969950058205
0.864839707068,0.12801930995141728
0.865850952698,0.1268674254059508
0.866852685845,0.12761432785789814
0.86786052964,0.1280104828259689
0.868872531328,0.1275415397049832
0.869882561365,0.1263495107442589
0.870884094011,0.12627189237791195
0.871885423468,0.1277851178964472
0.872898939069,0.12662457233690821
0.873903482115,0.12759480597684908
0.874915380148,0.12252790186059727
0.875886232061,0.12738538812786704
0.876895937045,0.12724866838572615
0.877906547226,0.1258632140997626
0.878908377484,0.12656943855937486
0.87991664589,0.1299963944969908
0.880951436667,0.1273755087868963
0.881965029211,0.12581815777058725
0.882966413626,0.1277842823705021
0.883983433908,0.12879198266365832
0.885007940961,0.12769836141761287
0.886023193798,0.12575756980498176
0.887023531217,0.1270619248784288
0.888036949611,0.12535884034934644
0.889040323845,0.12578582267252714
0.890049592345,0.12548690982415076
0.891057799358,0.12621689090631685
0.89207231062,0.12614374699924272
0.893086261554,0.12587728989223818
0.894097308129,0.13016010763832844
0.895141802042,0.1256543568039838
0.896150722279,0.12521969772260755
0.89715598144,0.12652897044536088
0.898169958095,0.12593505821279496
0.899178389912,0.12570173921318645
0.900185196623,0.12470480050489348
0.901186012807,0.1246060610281475
0.902187385232,0.12624602318875894
0.903200177186,0.12675687787748882
0.904215919238,0.12506098965629261
0.905218460155,0.12488880127138913
0.906221051775,0.12593941374425063
0.907233980271,0.12481405498927353
0.908238360455,0.12502818853727826
0.909244642627,0.12593280056800357
0.910259332607,0.12465582965219564
0.911264344453,0.12584799053964577
0.912278771382,0.12574758717601997
0.913291969744,0.12451804038583814
0.914294921263,0.12582878403015416
0.915308863902,0.12747707320729176
0.916336786993,0.12439590247474885
0.917340730978,0.12673758356545353
0.918364652717,0.12396606465043329
0.919367139027,0.12386123221001027
0.920368369268,0.12433293956711232
0.921373060841,0.12396923080607801
0.922376651723,0.12528974873024873
0.923394097632,0.12816204560243924
0.924438596001,0.12440374894362734
0.925454700984,0.12403346314104374
0.926467828598,0.12262015921666225
0.927468529594,0.12373872138778232
0.928477649422,0.12431742183324575
0.929491067277,0.12318239917133329
0.930494488815,0.1254611647075199
0.931516263557,0.12365681939776298
0.932523342434,0.12333952926554075
0.933527780808,0.12379510371513008
0.934536231502,0.12299186516167944
0.935538219604,0.1234440925886568
0.936544273583,0.12531479858204073
0.937567915686,0.12464407001540533
0.938587763671,0.12236832006155135
0.939588024027,0.12259305857929681
0.940588573793,0.12405712373469037
0.941599895106,0.1237767739866137
0.942609605318,0.12280597479828852
0.943613592368,0.12339183076366694
0.944625078578,0.121912063706901
0.945626941373,0.12573363384938696
0.946660744046,0.12290248062268844
0.947670720527,0.12239019565871723
0.948676257408,0.12254885056973366
0.949682602387,0.12495574264451105
0.950707897704,0.05582183259967532
0.951165728038,0.12356366108970511
0.952179686737,0.12207327278665306
0.953182661713,0.12378630530962763
0.954200307255,0.12276471934946938
0.955210237852,0.1218744792182491
0.956212694458,0.12359501242781512
0.957227206507,0.12521930848532803
0.958253714327,0.12337971004764185
0.959265455027,0.12331308431036521
0.960277713102,0.1229747215694934
0.96128853785,0.12269201382356677
0.962298794572,0.12264349039548801
0.963309391454,0.1221449261522233
0.964315577971,0.12355635839705821
0.965333122186,0.12168423058620872
0.966335666401,0.12312651561266287
0.967350877769,0.12668209054573074
0.968395311855,0.12266492423099602
0.969405729317,0.12169741185088287
0.970408320211,0.12739582558805237
0.971459841057,0.1217360267664858
0.972466231821,0.122696811934392
0.973480145913,0.12269267514247446
0.974493567636,0.12239051906335231
0.975506322393,0.12418043849295933
0.976535397601,0.12069421844867352
0.977536169649,0.12117591107478164
0.978541812994,0.1215576261460064
0.979551383318,0.12125025352785271
0.980560598311,0.12049339632665634
0.981566098532,0.12021083097784825
0.982570045997,0.12050291707787371
0.98357614337,0.12447817080731638
0.984614546363,0.12145994886346781
0.98562754101,0.12034068483638938
0.986629997975,0.12174550772393913
0.987643155025,0.1210402479812265
0.988652304287,0.11959618786501146
0.989652366868,0.11963262761201138
0.990654727852,0.1214230703186471
0.991672174896,0.12473548047415232
0.992717241646,0.11987643742414301
0.993722695359,0.11924766736955929
0.994723375049,0.12026466302595346
0.995731440615,0.0016999361268820417
0.995745678896,0.06467647106451936
0.996287223586,0.04515813386659308
0.996665424895,0.00978616871536616
0.996747434491,0.08168507446487225
0.997431117794,0.11993556516841122
0.998431206906,0.12101893945929974
0.999439208186,0.1201332425602857
1.000443163499,0.11993963802291943
1.001448528448,0.12073629327134197
1.002460906869,0.12034289897844556
1.003470127026,0.1198240351053689
1.00447607516,0.12209377733455455
1.005501566244,0.11969335884143696
1.00650514349,0.12031899526492676
1.007513409174,0.11979076403406479
1.008518292066,0.12084392268664856
1.00953150316,0.12279589208588149
1.010560888315,0.1205887871930187
1.011571799715,0.12052489595920521
1.012581852836,0.11977079975762225
1.013585046484,0.11947543799714927
1.014585813185,0.12156225892851853
1.015603383866,0.12086736918997482
1.01661427545,0.12132935740262456
1.017629178392,0.12011818324928548
1.018633797548,0.12136346224975159
1.019649048275,0.1206870197118887
1.020659091845,0.12014439043782883
1.021666506292,0.11984906964903104
1.022674284191,0.11893654434286631
1.023676280015,0.12037062235057185
1.024691581877,0.11916651052403655
1.025697071639,0.11959088144322289
1.026705533986,0.1195011024887388
1.027713452348,0.11908508535292271
1.028719542631,0.12013833213708604
1.029734417561,0.12059809661694423
1.030751887075,0.1188502162988455
1.031754162506,0.12018655649211556
1.032766908328,0.11929892961095066
1.03377242403,0.11904093297786364
1.034777415549,0.11994946716027237
1.035791376829,0.11876346497207883
1.036796704445,0.11834825158505459
1.037798941857,0.11989159654065337
1.038813691332,0.11925419919745935
1.039823227863,0.11918290836288373
1.04083308962,0.11947524627689082
1.041845346995,0.1184915000735621
1.042848498537,0.1195367382610609
1.043859374946,0.11866862697698828
1.044861739738,0.11983482876863698
1.045872338794,0.11947153592225863
1.046879077501,0.11914277633151166
1.047884096746,0.11958551911670379
1.048894270364,0.11865832409919379
1.049897224503,0.11864961052920658
1.050899949085,0.11881900044688902
1.051903910066,0.11910586194455806
1.052910280218,0.11903481454129118
1.05391755446,0.1183443816094487
1.05492126224,0.11782788256769938
1.05592275827,0.11864721558959405
1.056930564997,0.1205805153581458
1.057951210386,0.11887347942083039
1.058952812258,0.12104571019265928
1.059968338587,0.11968279942463375
1.060969961147,0.12268268171953468
1.061995296969,0.12016480987595268
1.062999447213,0.01932009784951839
1.063160991849,0.12074656502903865
1.064176245522,0.11783782149756897
1.065176546821,0.1173684935258559
1.066176921736,0.11856530322275328
1.067186520533,0.11925937918544617
1.068200975072,0.1196128439986448
1.069217597573,0.12048427974902644
1.070238265551,0.11966958761032477
1.071246934485,0.12021237263456402
1.072255699496,0.12254286327478524
1.073280058743,0.12172474561141394
1.074294340587,0.12163441807401257
1.075304155616,0.12601807310811505
1.076344744726,0.12275240027309621
1.077348455863,0.12457457801233174
1.078354658425,0.12683806907306347
1.079370639449,0.13120939050166863
1.080416973589,0.1276414355014603
1.081432864196,0.1277776445344797
1.082450902775,0.12772792617082193
1.083469604371,0.12667868632991378
1.084480750608,0.12919697959011672
1.08551282604,0.12647959702177447
1.086522164757,0.12880330967191206
1.08754937054,0.12647974641790716
1.08855699444,0.1259565039717549
1.089557261273,0.12645703993574126
1.090558132394,0.12871308823998695
1.091574167155,0.13210088988706475
1.092615962822,0.1277586343279308
1.093626417232,0.1262857896029183
1.094629697943,0.1267886488519065
1.095640183163,0.12617696656706018
1.096648459869,0.12632142468762134
1.097661472121,0.12497750280554366
1.098668340228,0.12365824711450504
1.099669401269,0.12310948778993346
1.100670049744,0.12340463970865168
1.101676789993,0.12209841449971892
1.102677049582,0.12262203218950124
1.103687488904,0.12107429458180882
1.104692279568,0.12032016418133465
1.105697068065,0.11911063319235894
1.106697227351,0.1209867709995207
1.107715915208,0.11954978124996604
1.108723631454,0.11966097521897141
1.109735212006,0.11813921689234974
1.11073734172,0.11834840269037353
1.111744187028,0.11836121864721935
1.112754445711,0.11802342411527189
1.113766139283,0.11842930200270617
1.114784683997,0.11767706737614367
1.115799803759,0.11593494923596512
1.116802246716,0.11599925518173032
1.117806689693,0.11656786122221752
1.118818197024,0.11640607942636765
1.119830062505,0.11576792569200527
1.120838406257,0.11515381860060978
1.121843056023,0.11514581441526063
1.122848725807,0.1151065582298939
1.123853996743,0.11460498370682523
1.124854673951,0.11462113591703497
1.125856224178,0.11581121594139558
1.126868712048,0.09141129520381515
1.12766822323,0.11505336417540021
1.128674935055,0.11447775301057889
1.12967768022,0.11405977413615798
1.130678221073,0.11811458727555653
1.131714542023,0.11598942703226985
1.132730485141,0.11481558440407875
1.133734899503,0.11652480208543758
1.134753834828,0.11499846879227799
1.135758773243,0.11474419903247396
1.136761950971,0.11668349612048606
1.137781808439,0.11514790900652316
1.138787102308,0.11561162835615221
1.139796789014,0.1152433650358996
1.140804670713,0.11614417071238281
1.141822142252,0.11701417457834708
1.142847206837,0.11492170749638174
1.143853855504,0.11453495823467642
1.144858885653,0.11597255952272552
1.145876969801,0.11420122493146627
1.146879097052,0.06017900411436988
1.147407278769,0.11494376022404171
1.148415671515,0.11472582843187916
1.149421072537,0.11502017544652295
1.150430251751,0.11395445225991668
1.15143316481,0.1142153858671958
1.152440514065,0.11352313966791336
1.153443218733,0.11414220950508701
1.15445283324,0.11355740916871393
1.155457447105,0.11355552159387065
1.156460377633,0.1145990117632793
1.157473626794,0.11411360834961663
1.158485286848,0.11290796497488327
1.159487640326,0.11306201891333127
1.160491351609,0.11555909048645752
1.161516464292,0.11358715455704671
1.162524002759,0.11394267643019165
1.163535154991,0.1128818971781504
1.16453750572,0.11343495497909067
1.16554496287,0.11333651293207962
1.166551748383,0.11363582130335366
1.167560552652,0.11303162088199682
1.168562995254,0.11341852031682542
1.169569010986,0.11506319049718136
1.170590659811,0.11250708428378452
1.171590791274,0.11548261227541644
1.172618226533,0.11409842088588605
1.173634255934,0.11402418976678602
1.174650985617,0.11206274105442637
1.175651125678,0.11237329073835536
1.176653953465,0.11269847742728686
1.17765950853,0.11330225961823254
1.178670262461,0.11299583809816889
1.179678148114,0.11282359083238337
1.180685655735,0.11331112144881314
1.181698423574,0.11237117011590891
1.182703013807,0.11264310821800592
1.183710015426,0.11214771924144873
1.184711444158,0.11224756803198176
1.185713295846,0.11216801837420423
1.186716041,0.1121416089194611
1.187720245481,0.11210768870760732
1.18872553621,0.11148950671926665
1.189727139296,0.11259621286061627
1.190740003395,0.11247172776847686
1.19175147432,0.11180677408817537
1.192756266876,0.11269822071712383
1.193768861515,0.09347833873229462
1.194608520994,0.11267022831328165
1.19562103544,0.11109760780430819
1.19662107694,0.11174810440165706
1.197628538485,0.11131556788539423
1.198632980405,0.11121357174562309
1.199637973326,0.11349427448900867
1.200663574334,0.11175644011011672
1.201672332971,0.11350724922187054
1.202697546973,0.11115654093407634
1.203701778626,0.11114264629165771
1.204705357795,0.11114217426686619
1.205710193745,0.11181059396787199
1.20672340779,0.11148716123742865
1.20773450448,0.11170269243906605
1.208747344464,0.11205470957032838
1.20976331059,0.11174675801133226
1.210777623551,0.11008804461492741
1.211777994438,0.11017515252015404
1.212780351357,0.11076968337201762
1.213790036787,0.11064475767250333
1.214798594954,0.1101899287965161
1.215801612325,0.11219934130381738
1.216822226642,0.11195980564928718
1.217840990808,0.11068015681441505
1.218848676792,0.11008108600493609
1.219850822931,0.11115435031365693
1.220861886846,0.11055101269304664
1.221866793603,0.11165358980270336
1.222881142301,0.11076264040236959
1.223887052707,0.11202511164367004
1.224904611224,0.11091419163116358
1.225913122289,0.11180543610246521
1.226930512971,0.11016818676198
1.2279330115,0.11018198717767407
1.228935990844,0.11052458760227683
1.229942309833,0.1124557577043029
1.230965564427,0.11056362815631089
1.231971955996,0.11155168904742585
1.232989335602,0.11033098869444682
1.233997565701,0.1097170872312298
1.235002857904,0.10897284387062318
1.236004229184,0.10895754873732125
1.23700719068,0.1086537350892862
1.238008515572,0.1100204232934464
1.23902362271,0.10895339180965656
1.240028486662,0.10944953180555035
1.2410364252,0.10900507369044675
1.242040566479,0.10886505721696761
1.243043814422,0.10929931460352361
1.244050871518,0.11082964391972201
1.245071963542,0.10892754136434417
1.246075851913,0.10997093664665375
1.247089907536,0.10919626244780067
1.24809691033,0.10904055907147314
1.24910385553,0.10955562111414027
1.250116586397,0.10834871500134673
1.251117695942,0.10903893121975361
1.252123744017,0.10911372390042773
1.253128913064,0.10884068101348965
1.254131302051,0.10878566301132289
1.255133836891,0.10881945932615376
1.256138404539,0.10858412437622098
1.257141501523,0.10870721432014784
1.258146418766,0.10817389209256305
1.259149061082,0.10792578008263581
1.260150152582,0.11071049280915497
1.261176837719,0.109520986310766
1.262193252814,0.07521198946880106
1.262891732561,0.10795513117606914
1.26389436834,0.10848675153101409
1.264901313773,0.1082275360276268
1.265904873245,0.10878099057962538
1.266912332522,0.10994903383198598
1.267929793391,0.10823167426819093
1.268931136326,0.10862859367333418
1.269936888551,0.10883328449440145
1.270945747517,0.108995451827921
1.271956183447,0.10855461915667691
1.272962751117,0.10828508145223877
1.273968264466,0.11015017467165769
1.27499129464,0.1080400928897456
1.275994954789,0.10838856824784038
1.277003648032,0.10747720760280072
1.278004380911,0.10793135384623603
1.279009624166,0.10789214553472273
1.280015877384,0.10767994204372328
1.28102253065,0.10829707047690489
1.28203768929,0.10854488818723253
1.283056716599,0.10821275163857248
1.284073225653,0.10731164717237905
1.285082430344,0.10639988087237422
1.286084317649,0.10720264046614124
1.287093720802,0.10740860451729353
1.28810579235,0.10776774574868142
1.289122415127,0.10674134677195798
1.290128502263,0.10739280769911291
1.291138970232,0.10666242526381609
1.29214220596,0.10836719951728573
1.29316187516,0.10721670625567316
1.294171304834,0.10729349535824531
1.295181875725,0.10867783748812454
1.29620485704,0.10648369375057094
1.297207265566,0.1069465110998799
1.298214338671,0.10802451494805504
1.299230582962,0.10730127496003551
1.300240452175,0.10959183942688283
1.301274757874,0.10653929907312402
1.302282261109,0.10640077866688506
1.303288513383,0.10773500183836567
1.304307409952,0.10726365646444483
1.305322469744,0.10586051890547767
1.306324593235,0.10623236444941102
1.307329754076,0.10618077738377862
1.308333251185,0.10627532417647508
1.309337043113,0.1068911144627872
1.310345904378,0.10626408196872054
1.311348339047,0.10847030462302662
1.312371794273,0.10844126283890228
1.313395124967,0.10649574267190187
1.314399910799,0.10730477805931482
1.315411466619,0.10642255025320031
1.316414032632,0.10727761491005085
1.317424327685,0.10622088111587277
1.318424582475,0.10677156493289668
1.319430497382,0.10659201925191887
1.320436632011,0.1062286843795406
1.321442349871,0.10628605829975456
1.322450824064,0.10630742431310322
1.323461158693,0.10625155632820117
1.324472429946,0.10659430448114911
1.325488024609,0.1068641047449869
1.326507053231,0.10488096778675197
1.327508365914,0.10597726008632005
1.328520576973,0.10679912046409205
1.329539904402,0.10623448735791234
1.330553830887,0.10563933526236473
1.331562505003,0.10543370549360578
1.332570281142,0.1049280475937356
1.333574758044,0.07553915170478394
1.334298822021,0.10642708497115358
1.335320994387,0.10471855934342271
1.336328581071,0.10607365271489573
1.337347870114,0.03681766101802229
1.337701015918,0.04949258998842427
1.338176053019,0.02418307744283648
1.338408444183,0.03316881371325632
1.338727523691,0.07013345359335829
1.339402722022,0.10068113240018575
1.340369084022,0.09832155473708226
1.341309260932,0.10478818627874383
1.342311697007,0.10440003715392336
1.343311814483,0.10599593476516861
1.344327164264,0.10604286934885536
1.34534228743,0.1053537773298039
1.346350499292,0.10535577959693274
1.347357793757,0.09903946207222905
1.348306304025,0.09857550804733499
1.349250997977,0.10604741087216989
1.350266251973,0.10616371754641232
1.351284669833,0.10480628149628536
1.352292062414,0.10518255808114846
1.353304421541,0.1062128696977188
1.354327300975,0.10403996831641994
1.355329869329,0.10402179890166863
1.356333739762,0.10565640198363754
1.357355147016,0.10423409216259284
1.358364569849,0.10418744000701899
1.359374978256,0.10323806744141238
1.36037642457,0.10376954354162135
1.361381892797,0.09006102750903568
1.362253412763,0.10109809753172945
1.363231796009,0.10371855597330999
1.364236876496,0.10331193790001597
1.365240273099,0.10339874440921842
1.366246635181,0.10268508896339379
1.367246674432,0.10329658433033619
1.368252786114,0.10355080526915912
1.369261804465,0.10022375327173652
1.370238842312,0.10081795780497374
1.371221925325,0.10308310087594515
1.372227231069,0.10261599482270846
1.373228330789,0.10273405779303059
1.374230507554,0.10364564346721931
1.37524081533,0.10271389627779777
1.376241138028,0.10285879809031115
1.377242262262,0.10411490270906817
1.3782552905,0.10287371799513505
1.379256372715,0.06861264187203008
1.379924185121,0.1045737291013114
1.380941213268,0.10294068530994649
1.381941685751,0.10321773678014888
1.38294556734,0.104736873278102
1.383964825761,0.10180869497468936
1.384955030378,0.10433119786692631
1.385968824144,0.10303616631618248
1.38696924489,0.10353641745710981
1.387974234243,0.1060476848165254
1.389004907461,0.10393081738885473
1.3900173213,0.10323635689570936
1.391024790753,0.09813260051705897
1.391983020941,0.10358871410993196
1.392994257714,0.10267844748228894
1.393997359923,0.10225515184141466
1.394997963707,0.09698493750767054
1.395948233187,0.10320093867300054
1.396961029654,0.10196420973356532
1.397963353185,0.09499190637375149
1.398898415339,0.10197897293560608
1.399903760198,0.1017777558657019
1.400907843347,0.10331488319097014
1.401927618649,0.1018001654898525
1.402932844399,0.10155678855773069
1.403935404654,0.10176054303729871
1.404940456788,0.10225653487821237
1.405951812594,0.1011857673296067
1.406953852287,0.10156317246016933
1.407960514725,0.10101537677667127
1.408962237446,0.10177793704708706
1.409971209955,0.10125018202698409
1.410974948458,0.10168405290588806
1.41198383337,0.10100219724069873
1.412986655911,0.10124263597118713
1.413992144863,0.10100413084788461
1.414995728365,0.09811528140400914
1.415971946863,0.10263579970615318
1.416994043275,0.08643503398600674
1.417854565022,0.09162358938224334
1.418766675779,0.10098013966256102
1.419772266856,0.10046907787238094
1.420774409829,0.10028378064358867
1.421777228919,0.10051433412217799
1.422782951666,0.09426020007094262
1.423725348033,0.10072174501725381
1.424731467144,0.09546501267043113
1.425685514009,0.0657853545616771
1.426343572154,0.08614024550718673
1.427205762355,0.0970348013513791
1.42817834404,0.10013533636162947
1.429183400987,0.10000838181187781
1.43018786422,0.10078639021487247
1.431199926373,0.10029190338953903
1.432205963327,0.10079284104525488
1.433215764708,0.10076712930241205
1.434224188051,0.10108997742916685
1.435234646709,0.10219408393652125
1.436255177465,0.10135790842782373
1.437266800792,0.10062567580170417
1.438271127443,0.10074965736713141
1.43927685923,0.10040901121966546
1.440279005992,0.10031219186272397
1.441280219784,0.10102922314016517
1.442288824836,0.10057249753009773
1.443292626184,0.10075074951262858
1.444298021654,0.09634778251628717
1.445259982094,0.10055316498204779
1.446264979867,0.10090977485826533
1.447274590962,0.10053805710105554
1.448280951714,0.10018680577042127
1.449283903876,0.10007248649761143
1.4502858513,0.1008845544441709
1.45129533143,0.10006513037455336
1.452295683662,0.1015541979159985
1.453310675329,0.10008497617248704
1.454311421554,0.10115238574242524
1.45532344016,0.10004194027135584
1.456324462294,0.1005354309585546
1.457330413128,0.10180460869933494
1.458349189433,0.1003071243638631
1.459353359045,0.09668268903436703
1.460322209338,0.10116942823723951
1.46133672772,0.10228364582324749
1.462362465533,0.10028417017602467
1.463369408182,0.09948105704810498
1.464370502497,0.09997451571822051
1.465378047066,0.09920261311748468
1.466379132108,0.09923318588108838
1.46738167046,0.09972352753452689
1.46838983257,0.09957272627222309
1.469397986992,0.08350061419638091
1.470244525527,0.09719925855807543
1.471230100414,0.09880972573420542
1.472232079512,0.09870607168546187
1.473234524899,0.09831145957428586
1.474235534747,0.022431147470334527
1.474464240401,0.09925163787315751
1.475476662297,0.09817825794859163
1.476478624572,0.09819423836956086
1.477482361096,0.0985553641250577
1.478491053985,0.0987273014436961
1.479502205401,0.09798417538452357
1.480506803502,0.09850227491032254
1.481517576657,0.0977955413884389
1.482521387918,0.0975893642395065
1.483522614083,0.09761190239071826
1.484524518904,0.09770048772672431
1.485528710817,0.09818123369399358
1.486538282637,0.09727690484033634
1.487538575524,0.09756260908218911
1.488542334521,0.09722247589143546
1.489543225989,0.09734909627153444
1.490546226978,0.09757218931908428
1.491552007922,0.0958677394882028
1.492540325458,0.09865658184327708
1.493557354041,0.09803032857239245
1.494568444389,0.09693548706170256
1.495569046727,0.09736347674760519
1.496573658961,0.0984997459879932
1.497589397123,0.09728360576876251
1.498592479982,0.08641295751709559
1.499483387696,0.09712245682854699
1.50048387618,0.09765637842046196
1.501488454311,0.09715017906167757
1.502488955184,0.09764975016008016
1.503496348064,0.09799291417496563
1.504506916492,0.098860097676536
1.505525007776,0.09827875876037773
1.506535838747,0.09793281720527483
1.507542429292,0.09829224563118706
1.508551261399,0.0980232779492928
1.509556270751,0.09822460121166247
1.510563731315,0.09809594179844461
1.511571563994,0.09759296806159468
1.512576234319,0.0975964131390681
1.513582227642,0.0977092755028563
1.514590239347,0.09703694913767849
1.515591684515,0.09717049814797894
1.516595065771,0.09848668501721042
1.517612186942,0.09688124119934971
1.518612529586,0.08890402953301188
1.519530561551,0.09753083620811004
1.520537759849,0.09706199525325737
1.521540001372,0.06849956302482545
1.522247286609,0.0977365949627594
1.523257798686,0.09673361087363673
1.524259026571,0.09675826311102487
1.525260446545,0.09718209370803309
1.526267109446,0.09725372333701572
1.527275142946,0.09658178899347471
1.52827633098,0.09724923913738705
1.529284771539,0.09760593672567996
1.530297811616,0.09671666537655953
1.531302992694,0.09655286641839816
1.532307729071,0.09664919560883514
1.533314579177,0.09612198702117614
1.534317201939,0.09716815068480743
1.535331380709,0.0973219945517878
1.53634784917,0.09630830001350993
1.537355675846,0.09557840448287486
1.538356730391,0.09597525021512299
1.539362386352,0.09553299265720544
1.540365180284,0.09516601502829146
1.541366896991,0.09656899088020046
1.542385075949,0.09529233908921696
1.543389852629,0.09541112704047269
1.544395771508,0.09559940854896469
1.54540402576,0.07533399385231587
1.546198841521,0.09513996810932895
1.547203141,0.09454087849341158
1.54820462379,0.09501102078160051
1.549216361927,0.09505718432410962
1.55023119064,0.09484088578281237
1.551244149387,0.0946635792002694
1.55225467634,0.09439427643278575
1.553262078097,0.09412492142810841
1.554267391561,0.09383854507709238
1.555271138849,0.09364004326090311
1.556273186187,0.09403090892282237
1.557279394801,0.09434885860343596
1.558290757619,0.09343544739216268
1.559293899074,0.09421623874069429
1.56030579398,0.09210701785750222
1.561294472489,0.09373565001672608
1.562300855331,0.09392217352466016
1.563310227481,0.09357686844288735
1.564316707157,0.0872932931049666
1.56525573715,0.0698851944903066
1.566006891509,0.09400962238775239
1.567017067239,0.09353742516395798
1.568023471854,0.09293791350349645
1.569024682972,0.09359164412036476
1.570033312845,0.09409772091249051
1.571048023234,0.09292797023770262
1.572050730198,0.09338865530989685
1.573058610456,0.0927606862262488
1.574059534851,0.09337167082810696
1.57506687082,0.093116380147951
1.576071180253,0.09387679372795724
1.577083176651,0.09466245391165111
1.57810335423,0.09350853471998405
1.579111485827,0.09332064788883694
1.580117463754,0.09331524739069083
1.581122304021,0.09309524668061314
1.582124034923,0.09315193955345458
1.583125438699,0.09353722083127387
1.58413177553,0.0933671132395627
1.585138523066,0.09323477597017268
1.586144332694,0.0930589540097599
1.587148305437,0.09319568402968836
1.588154052767,0.09288269027369324
1.589156569341,0.09341141768034972
1.590164731619,0.09306784458830535
1.591168347321,0.09309179227493304
1.592171816795,0.0936940909480282
1.593182203507,0.092973905451704
1.594185574496,0.09318744719007162
1.595192216555,0.09254125578834875
1.596192536896,0.09316346226963378
1.597199751524,0.09357136011788489
1.5982117464,0.09283508334052631
1.599216208411,0.09273280603565254
1.600218811475,0.09290492234994693
1.601222383058,0.09406310911117083
1.602238005443,0.0939243460833127
1.60325194278,0.09431416908592292
1.604270665104,0.09383415440271047
1.605284968353,0.09363351553527809
1.606297785238,0.09333843499054885
1.607307492863,0.09301788610438441
1.608312784647,0.09289073290983539
1.609316301538,0.09332943164366389
1.610325013052,0.09260635643529815
1.611326125618,0.09286527362025485
1.612329869885,0.09331637061640972
1.613338391245,0.09350110456058068
1.61434977336,0.09291251485109096
1.615356383268,0.09244542365645154
1.616358380002,0.08335064011199153
1.617261452428,0.0927469562047012
1.61826679427,0.09284958085709673
1.619274029631,0.09311388039242256
1.62028514407,0.0921239567886459
1.621286894713,0.0917865698946012
1.622284924087,0.09242691707380812
1.623289207126,0.09202475096648212
1.624290001087,0.09251161039392629
1.625298066591,0.09286289320682223
1.626310915632,0.09207864934281212
1.627315861044,0.0927461493972838
1.628327981238,0.09182164026562681
1.629328653649,0.09261579891290932
1.630337217879,0.09220429090018475
1.63134089128,0.08819718660466841
1.632301247369,0.09216688373225863
1.633307279808,0.09223452570236088
1.634317589271,0.091059840257778
1.635317595961,0.091460685510945
1.636322889103,0.09152780983116858
1.637328478002,0.09221187114165746
1.63834208275,0.09119313540494071
1.63934477689,0.09149882066154327
1.64035018348,0.09191288628764399
1.641360358412,0.09150087423991149
1.64236753378,0.09144651905277891
1.643374762659,0.09129243115509633
1.644379608936,0.091402064906835
1.645385952532,0.09151578920542242
1.646393525676,0.09140998851619075
1.647400658605,0.09084508561412108
1.648402164421,0.08533505317492643
1.649341559473,0.09152726087072399
1.650348752779,0.0911263866583883
1.651353029815,0.09109965962637147
1.652359815153,0.0913736375947581
1.653372411698,0.09078788728404322
1.654379932994,0.09040344588626517
1.65538306005,0.09199592789046603
1.656402031291,0.09137464234234925
1.657412781557,0.09137343890616224
1.658424619041,0.0904622640880794
1.659428288586,0.09076838202176757
1.660436406635,0.09132253642357037
1.661451505961,0.08987554054195519
1.662453155221,0.09000113251000455
1.663459034489,0.0896669489041743
1.664461563372,0.09107679947845362
1.665478877863,0.08996449112169042
1.666482213932,0.027069092016171543
1.666783772489,0.09008636991260419
1.667786268332,0.09105894704471397
1.668798354289,0.09126671661040789
1.6698134578,0.08994404601102435
1.670817220161,0.0895534629775372
1.671819947513,0.09006260416539016
1.672828629001,0.0897431835574013
1.673833356612,0.09010739535641968
1.674842815129,0.09112530840780105
1.675863727956,0.08944749950575576
1.676865955484,0.08973041682512028
1.677871329725,0.0896541169365086
1.678874549292,0.16125987099582498
1.680679938336,0.08919477616909724
1.681680761167,0.08948015920460474
1.682685961523,0.08900946654269538
1.683686546681,0.08994468746117486
1.684699535211,0.0887660004531381
1.685700731524,0.08879000036727681
1.686702259896,0.08871080776222678
1.687702987435,0.08905601551575086
1.688707469188,0.09089885832241539
1.689733015714,0.0888287585346217
1.690734509332,0.08952501011317546
1.691742688826,0.08987184942290913
1.692755312327,0.08956717250032535
1.693764788336,0.0890405487151421
1.694767383689,0.08979830687518088
1.695778511645,0.08955322243653806
1.696787222397,0.08889149337004897
1.69778798744,0.08919542407505335
1.698793327111,0.08911584110578524
1.699799738643,0.08983615856985445
1.700815028134,0.08892880074293431
1.701820087602,0.08853641045959128
1.702820941779,0.09018848059532678
1.703840428158,0.08942656815791729
1.704850097103,0.08924219519778312
1.705856892231,0.08901788923009697
1.706860945435,0.08952186153355976
1.707871002655,0.08943837413871855
1.708880291902,0.08921734558865362
1.709888256384,0.0887612198478525
1.710893820531,0.08918993415205663
1.71190654546,0.08816197560684129
1.712908837112,0.08898919464737028
1.713920401873,0.08988046636687463
1.714940686668,0.08833616314847098
1.715941181434,0.08854103470409781
1.716942610198,0.08906388071075423
1.717949521893,0.08866791428724334
1.718952409559,0.09023756695994907
1.719974115782,0.08832056259393399
1.720974821094,0.08849013186305353
1.721978153262,0.08883188054091085
1.722986188783,0.08316287284058825
1.723930936196,0.08854416582361684
1.724938040726,0.09107269168203268
1.725973851815,0.08828007091081268
1.726977346778,0.08848936370616611
1.727983271132,0.08841842497786864
1.728987646362,0.08831451307689082
1.72998981323,0.08931965543899444
1.731003508093,0.08870961680355699
1.732010320935,0.08904221860435577
1.733019857345,0.08894683437793262
1.734027829311,0.08841629731546215
1.73502967065,0.08939516149668841
1.736042712352,0.08854592873226931
1.737046275586,0.08927202073918465
1.738057147859,0.08935389574213352
1.739068086169,0.09042012783243657
1.740091387155,0.08898548763983608
1.741099281138,0.08847096759015721
1.742101173565,0.08954565195518234
1.74311504476,0.0890765892169436
1.744124374063,0.08875999779949416
1.745130885391,0.08852525100175337
1.746134943992,0.08876369905716248
1.747142945399,0.08794777012396048
1.748143897034,0.08811471249889166
1.749147488961,0.0883367956613447
1.750153340311,0.08864087781979618
1.751163010717,0.0879613808542348
1.752164841571,0.08863072499772964
1.753173319955,0.08801733664688098
1.754173541086,0.08818353243148
1.755173914151,0.0891864207437222
1.756184161985,0.08841275222169881
1.757184630298,0.08902890057928696
1.758191265948,0.08865247036890972
1.759193234012,0.08902751181423221
1.760199361749,0.088572762994786
1.76120157752,0.08849957740854074
1.762204563878,0.08854689700585573
1.763208418756,0.08835175876311614
1.764209919623,0.08957529877268504
1.765224125396,0.08979703947844993
1.766238445549,0.08985600245860328
1.767252526755,0.09009241272168554
1.768271249535,0.08874497250665872
1.769277299482,0.0885730562898233
1.770282644658,0.08857835115919674
1.771288136961,0.08843681712104437
1.772292408216,0.08846534077926455
1.773297776329,0.08971023748605621
1.774317411079,0.09002253823354804
1.775340082627,0.08803630044315508
1.77634028231,0.08852771559645606
1.777346947045,0.0794801889798847
1.778251834304,0.08855537298591425
1.779260650811,0.0884850041179485
1.78026816387,0.08799960560620818
1.781269509858,0.08853475393098885
1.782277185911,0.08782729994632654
1.783277461782,0.08789865066431152
1.784279685199,0.0891357291461136
1.78529680376,0.08873518219270644
1.786308676121,0.08782450202226101
1.787309850342,0.08853998981676321
1.788319182291,0.08806426360989507
1.789323757798,0.0879723739105324
1.790328564893,0.08779695197565744
1.791332162299,0.08945914896941586
1.792355743792,0.08745914412733631
1.793357622546,0.0897346768327794
1.794387699561,0.08787828539314321
1.795397774999,0.08757635093406237
1.796405507262,0.08795762711715055
1.797419187178,0.08825079135279161
1.798437445443,0.08663194610684231
1.799438217378,0.0864882993154597
1.800438648095,0.08720353938130695
1.801449350423,0.08717918312952744
1.802460871647,0.0867522560390384
1.803468328329,0.08630884389210083
1.804472783961,0.08601575775894515
1.805476753906,0.08603985900448004
1.806482894181,0.08563731868655565
1.807484757241,0.08636228729960795
1.808494788691,0.08552378014570144
1.809495124471,0.08662308867342526
1.810509267641,0.08547515012180633
1.811511899625,0.08636627075918785
1.812526592899,0.08566046563596223
1.813532736873,0.08623611226975539
1.814545868144,0.08591454296614341
1.815555480315,0.0860035688581438
1.816566487585,0.08574697453359699
1.817575818358,0.08623225983806355
1.818591980417,0.08667233928768897
1.819614351123,0.08492014013383613
1.820616044826,0.0856951454162884
1.821625957754,0.05331029856056829
1.822253878116,0.04401706233571876
1.822773115448,0.04167127826132705
1.823265475093,0.0634346058547566
1.824014828582,0.05828782633792845
1.824702892652,0.07323991020142324
1.825567314918,0.08512700183626988
1.826573134663,0.07468564212396067
1.827456654564,0.07240328121061765
1.828313440309,0.06884397894333151
1.829127422211,0.07570172443021014
1.830021824737,0.08430561271107155
1.831017797616,0.0746935304872121
1.831899838376,0.08467472943899285
1.832899317793,0.07865733298634345
1.833827669648,0.06754722598727476
1.83462505291,0.0848794630425331
1.835626920653,0.08510734440785923
1.836631478815,0.07139668311467727
1.837474504,0.08489770632933229
1.838476406497,0.08484690611703449
1.839476726312,0.07932494541378085
1.840411566398,0.07443750540947373
1.841289012699,0.07071061165013841
1.842122732146,0.07687983597128395
1.843029983438,0.08464728261692023
1.844030289486,0.08485557561726714
1.845033783848,0.08539956262563175
1.846044169054,0.08490301900047859
1.847048691098,0.08220676732671864
1.848020512392,0.08469990195416821
1.849020652886,0.0754718388488442
1.849910958288,0.0803985618710563
1.85085897044,0.0717503494817894
1.85170515083,0.07788138373745071
1.852623736668,0.08190492177406308
1.853589748083,0.07270446571092648
1.854448181443,0.07625603422593656
1.855349837088,0.08526934383380982
1.856358995735,0.08168338401075924
1.857326444749,0.07511211685739624
1.858216439136,0.08039973932532933
1.859169526952,0.08572761653951562
1.860186355164,0.08427647648488396
1.861186405154,0.007856026403125566
1.861279652931,0.08430841745003276
1.862280761583,0.08476356043369636
1.863287693575,0.08496975568162923
1.864297068141,0.084400891475015
1.865299876487,0.08545997101743162
1.866315672798,0.08444050541863869
1.867319256721,0.08423958202326036
1.868320242701,0.08048753755681383
1.869276549411,0.08137270133567885
1.870243417741,0.08456596961630879
1.871248756929,0.07968754711821918
1.872196914818,0.08059169297352535
1.873155965718,0.08428489906115456
1.874158811687,0.08432703109019013
1.875162871688,0.08472803505636362
1.876172657031,0.07895043679943996
1.877114060887,0.08138641127302357
1.878084678246,0.08412714985163161
1.87908818409,0.08477323019795842
1.880099005843,0.08597041791218966
1.881123891883,0.08395328216647198
1.882125004923,0.07558368249506187
1.883026650171,0.08413596983777702
1.884029842202,0.07375745554184833
1.884908257964,0.08410009333580303
1.88591002709,0.08526124561439664
1.886926371593,0.0848326738210011
1.887938829435,0.08363879979738365
1.888938904745,0.08016996589901591
1.889898506761,0.08397681894512656
1.890904438372,0.083558645491078
1.891905677054,0.08374203354243583
1.892909503674,0.08340793643019775
1.893909822091,0.07647014397617607
1.89482655904,0.08368281726869019
1.895829685877,0.07497333176956271
1.896729351245,0.0731104082202419
1.897607586192,0.08337863447846418
1.898609944021,0.08381347681127005
1.899618303965,0.0832886539980498
1.900620658298,0.0547194124203217
1.901279475872,0.07773718775411909
1.902215707967,0.08343188043525698
1.903220251207,0.08420302120162425
1.904234428735,0.07849104856487209
1.905180686368,0.07294683227810181
1.906060166619,0.08352245801392627
1.907066786597,0.07517962853976527
1.907972974337,0.07600150600341758
1.908889650897,0.08320235967910283
1.909894185614,0.07236635675902219
1.910768819948,0.07713551601678642
1.911701671484,0.08344250426558379
1.912710306432,0.08303536563099603
1.913713761768,0.0829373965164305
1.914716462719,0.08274382927389336
1.915716873812,0.07722417535792342
1.916649674869,0.08345862095373516
1.917656304987,0.0719271059852122
1.918523390531,0.06995602611375437
1.919366935676,0.0822724353747527
1.92035948002,0.08155478062799724
1.921343925944,0.08329580719312224
1.92235009858,0.08389503797345108
1.923363985486,0.08243864365756956
1.9243609077,0.083371227130821
1.925369858871,0.08322850377070606
1.926377506337,0.07786425093813268
1.927319985468,0.07340261536759694
1.928207758289,0.08283627703585357
1.929209262342,0.08331389209334678
1.93021726904,0.08347765755799087
1.931228200867,0.08311958882903397
1.932235713891,0.08332389307477835
1.933246272771,0.08303740628584262
1.934253451849,0.08283085369810746
1.935258332259,0.08279220461714056
1.936263028285,0.07580676978897234
1.937183455435,0.08253063905416247
1.938185482075,0.06975389047200942
1.939032643872,0.07874786608165504
1.939990388404,0.08111843199446102
1.940978490519,0.07551636620821066
1.941899449642,0.0751232039829883
1.942816470137,0.08025718678884682
1.943797061143,0.08205439030435009
1.944800844909,0.07055371282160933
1.945664652591,0.015360318904268446
1.945852713544,0.08260006485353812
1.94686359859,0.07555546945801743
1.947788469196,0.08241694891678303
1.948798344586,0.07924123189817908
1.949769990058,0.07425563118356476
1.950680892474,0.0741041810950807
1.951589669461,0.08051047396141643
1.952576092598,0.07522616002866281
1.953497957669,0.08187959656360287
1.954502727108,0.0818477367628841
1.955508291015,0.08225361166349239
1.956519651402,0.08190272268116866
1.957526840369,0.08149599837562135
1.95852903905,0.0817116134249621
1.959533535417,0.08223392456240487
1.960543690347,0.08172662371196993
1.961547135861,0.07890316990032327
1.962515544913,0.08153044893044736
1.963516175391,0.07396593025831238
1.964423600428,0.07625792659168953
1.965359076344,0.08165076767160916
1.966361348458,0.07928837312706893
1.967335305427,0.07253897646718911
1.968227457816,0.08124593571471839
1.969227514342,0.0812521421292588
1.970228777506,0.08023073438453275
1.971218211509,0.0799992907506615
1.972204059507,0.07943632017362354
1.973181968405,0.07709429918524584
1.974130951706,0.07708065594042791
1.975080164866,0.07439421516507719
1.975996185512,0.07973035557144709
1.976978025579,0.08179188265905395
1.977986091183,0.08124848235389052
1.978988092037,0.08172973884563188
1.979996040636,0.0819415994178313
1.9810068371,0.08125130761994755
1.982009102674,0.08176805247163299
1.983017026246,0.07621462172197167
1.983956365254,0.08178085445061253
1.984964627207,0.07606257119460101
1.985903162231,0.07937137641250426
1.986883786464,0.08141691919871141
1.987889574017,0.08104799339530627
1.988890117478,0.0705776288275096
1.989761476829,0.07017882122387638
1.990628071876,0.06336096549898486
1.991410718765,0.07522469773949352
1.992340890565,0.007700809932201164
1.992436190949,0.08104440220813267
1.993440292687,0.08134708183142063
1.994450459031,0.08087912145383568
1.995456141084,0.059829328047723146
1.996199850947,0.08063185170755811
1.997200771677,0.07579317782728286
1.998140855347,0.07311031147682191
1.999048317863,0.08152019151156469
2.000060825925,0.07589960119167817
2.001003724036,0.07889505062040082
2.001983833354,0.0781617384831711
2.002954892231,0.07718511847168119
2.003914576534,0.08066671844630584
2.004918385253,0.08062761657890725
2.005922181097,0.06864971701021914
2.00677711884,0.07555090117970863
2.007718571607,0.07682879036808143
2.008676045796,0.0793774941846163
2.009665278717,0.07252564448234855
2.010569862881,0.07735879954102935
2.011535310819,0.07071602507886368
2.012418361229,0.06627297377185437
2.01324707081,0.07668258790851458
2.014207510348,0.06751934643514916
2.015054803154,0.07996923822747698
2.016061148733,0.07850748843156388
2.017051557511,0.0791995440396437
2.0180521977,0.07537695719531276
2.019005215261,0.07951076615450607
2.020010448594,0.06339412074367944
2.020811980827,0.07713394487020961
2.021787583258,0.07967650120379291
2.022796173369,0.07927807461984696
2.023801020606,0.07913694951236577
2.024805058798,0.07900914212848537
2.025808785341,0.07968862894769815
2.026821883677,0.07879777804477996
2.027823088009,0.07917010029192396
2.02882835901,0.06340357301463408
2.029633129199,0.06978472900067542
2.030518259462,0.07896635002081714
2.031519497851,0.06869345543936192
2.032391740601,0.075096187472694
2.033347159405,0.07880068351398463
2.034351032539,0.07931327301688934
2.035362580991,0.07856154691191042
2.0363649122,0.01813292707524096
2.036596200793,0.07866619409629842
2.037599405374,0.07562127557657927
2.038563445263,0.07938926684630801
2.039574994213,0.07865842587474335
2.04057717428,0.07945491675013654
2.041589945291,0.07271612742793705
2.042517517384,0.07867661983793103
2.043521842995,0.07503456286980258
2.04447964783,0.07937375161888101
2.045493127026,0.07871318701277089
2.04649891785,0.07845542802504168
2.04750144623,0.07845620667700791
2.048503668972,0.06422637387820697
2.049324493097,0.0732210922574031
2.050260551066,0.07586313322536997
2.051229956018,0.07307069225615889
2.052164667244,0.07828369477689469
2.05316793336,0.07895579562637195
2.054180705136,0.07411959056933755
2.055132119417,0.07409672004750882
2.056083634408,0.07903038576152104
2.057098345748,0.0783036891674413
2.058104440859,0.0782602433034506
2.059110879134,0.07652232326658172
2.060094407579,0.078110284340592
2.061097539558,0.0779337855903154
2.062098361729,0.07888004929707972
2.063110877496,0.0795897654502495
2.064131577967,0.07887180037343133
2.065142701106,0.07855789774636121
2.066150202879,0.0746791245238917
2.067108417378,0.07637578657406852
2.068088268778,0.0714861165162439
2.069005163355,0.07161022308607456
2.069923891266,0.07708211256309005
2.070914357794,0.07771326289619389
2.071914971693,0.0778373126484027
2.072918112784,0.07793673941029061
2.073922310311,0.03408084211400878
2.074361255848,0.07553138801474736
2.075333768573,0.07814099164228078
2.076339709545,0.07775727809777498
2.077340829573,0.07262521557840966
2.078276595106,0.07834826407376758
2.079286468705,0.07813909060062237
2.080293703864,0.07293852271675068
2.081234645275,0.07801826686877102
2.082240900495,0.07833517267929159
2.083250719753,0.07835804100133952
2.084260933537,0.07887751190922233
2.085277805172,0.07908890390514789
2.0862976457,0.0778140555101494
2.087301551058,0.07797509364709926
2.088307613576,0.0782945018614661
2.089317686385,0.07753297708176721
2.09031829479,0.07858898314655574
2.09133270838,0.0781379352419659
2.092340885307,0.07808184858138197
2.093348100865,0.07756686499505715
2.094349156069,0.07846852661261516
2.095362544214,0.07797225144139554
2.096370223318,0.0774674098233443
2.097371570276,0.07782973284864454
2.098376764581,0.05507429184118295
2.099087465186,0.0695289197613448
2.099984007491,0.07919022078775605
2.101005671045,0.07732921669270634
2.102006276073,0.06753905929004084
2.102882027647,0.07793817134246052
2.103892024777,0.07564439098235215
2.104872529685,0.06863919353743304
2.105763462855,0.07304556562635224
2.106711872048,0.0785968378711693
2.107732228053,0.0773144000770875
2.108736185733,0.07765868538365195
2.109745089831,0.0774894952947327
2.110752009786,0.0776537507845229
2.111760659621,0.07821223216835406
2.112775900981,0.0776699319479502
2.113783568215,0.07744331892917293
2.114788240639,0.07152611803813785
2.11571620639,0.06986122093827965
2.116621968871,0.07752524508022422
2.117627074611,0.0771908218137125
2.118629436722,0.07696598783291846
2.119629966007,0.04291649506856163
2.120187786084,0.0769907643189269
2.121188329136,0.07736159471237963
2.122193546089,0.07716515201512893
2.123196102545,0.0770812498157048
2.124197406402,0.07704742062404474
2.125197592404,0.07706282388882223
2.126198070528,0.0741229061129004
2.127160633017,0.07771194363488834
2.128169723177,0.0771396127164103
2.129172145708,0.07715543933590265
2.130175712793,0.07199459483405825
2.131113302717,0.07695802342254807
2.132116439847,0.07692362143091501
2.133119291007,0.074362734413431
2.134089223971,0.0767192159075845
2.135090445781,0.07679276281887285
2.136092671749,0.07603755017743939
2.137085507987,0.07265363086297147
2.13803479555,0.07323609527596624
2.138991641634,0.07545391510037501
2.139977642003,0.07673770776031555
2.140981851504,0.07641245301865865
2.141982972319,0.07669044953535352
2.142988320847,0.06235935125048428
2.143806403994,0.07705846482717774
2.144817670923,0.07700539326993307
2.145827997942,0.07717185645940514
2.146840789246,0.0761253819606069
2.147841363697,0.07448202837280765
2.148821093141,0.07611058971480024
2.149821715579,0.07133459265930328
2.150759418898,0.07733196299807686
2.151776344366,0.07657520855072376
2.152784861814,0.06524554350166528
2.153645661015,0.07439826020624757
2.154626487806,0.07622014160570366
2.155630092205,0.07619218659615701
2.156633488863,0.07662398409888344
2.157643516756,0.0763571791911197
2.158649849588,0.07621697487354905
2.159654032899,0.07619242712582074
2.160658943506,0.0761015010136698
2.161663069845,0.07523788420624111
2.162655423356,0.07346431410954887
2.163624009568,0.07613836339430569
2.164627754321,0.07591323634236251
2.165629439032,0.07003719520468044
2.166555245906,0.01491164406223029
2.166752543287,0.07514851138439232
2.167746659832,0.07597930909896654
2.168751760608,0.07622443521100639
2.169760893553,0.07550888692427073
2.170761394087,0.07562023948211138
2.171763994348,0.07590023178630498
2.172769916182,0.07602566304318954
2.173776971474,0.07573255306726132
2.174780185526,0.07675640262029883
2.175796436269,0.07683416529855691
2.176812800192,0.07570658969795126
2.177813073608,0.070706023863949
2.17874664474,0.07214233442644052
2.179699294164,0.07230070303110067
2.180654797389,0.07643608389121552
2.181666261532,0.07593796481069007
2.182672793903,0.07543875544728564
2.183673757971,0.07561169640029154
2.184677349848,0.07574133160348297
2.185682522257,0.06760804173755498
2.186579457281,0.052498187965909646
2.187275873056,0.0754924156366974
2.188277523958,0.0760253274698452
2.189286811689,0.0759640722438834
2.19029606039,0.07629201379200501
2.191310141575,0.07634172819148516
2.192325382068,0.07536645986320116
2.193329102912,0.0706569785407272
2.194271132232,0.07554594044247093
2.195278087334,0.07543445967905589
2.196283362215,0.07544351380996633
2.197288763182,0.07517012859679797
2.198290056026,0.06769573239723545
2.199191645509,0.07497864113617875
2.200190661456,0.07571827030318802
2.201199193785,0.07544656115392252
2.20220462129,0.07529832911197927
2.203210124385,0.07501437369942705
2.204212743455,0.07169108414650971
2.205170716948,0.07531991858762992
2.206177399907,0.07328803684251546
2.207157993626,0.07538720217427763
2.208167032905,0.07584591388731528
2.209182282009,0.07528765284907751
2.210190092019,0.07483473251599208
2.211191626771,0.0724864100240317
2.212161266251,0.07498286802738774
2.213163634765,0.024175178114386103
2.213486719765,0.0753745791890183
2.214493933823,0.07536065659442218
2.215501098781,0.07478796642847649
2.216501328758,0.07531645259263706
2.217509177273,0.07484607664544222
2.21851000904,0.07546166738224078
2.219518140771,0.07524105947178464
2.220523458302,0.07218844888088694
2.221488588688,0.07501346676633588
2.222491194834,0.07482529372416459
2.223491337426,0.07530201288980284
2.224498996635,0.07538002467277553
2.225508839683,0.07504967516404991
2.226515050261,0.07486786609009086
2.227519281369,0.07214174972904645
2.228486687306,0.07076411698456514
2.229434862641,0.0748890591874634
2.230437830853,0.07310115779809781
2.23141776055,0.0721742295850436
2.232386526886,0.07572951191555087
2.233403396766,0.07517351141295796
2.234413142362,0.07469384805623994
2.235417671898,0.07503506028434957
2.236428069389,0.07433089050911648
2.237429862559,0.07445787130522617
2.238434761901,0.07413797956100097
2.239436623491,0.0743981726662157
2.240443613779,0.07395714828926743
2.241446358845,0.07513118302071987
2.242465706131,0.07407148178831963
2.243471034395,0.07410486349373188
2.244477810564,0.07384488065606633
2.245480976492,0.0744112535406243
2.246491444297,0.07346056022954518
2.247490171482,0.06881806098299424
2.248426832467,0.0690820493568364
2.249367848871,0.0733458910835856
2.250368001129,0.07076537362720067
2.251335113742,0.07154195227674137
2.252315441598,0.07309629027758442
2.253318708002,0.07351790372537001
2.254329343891,0.07280890009875415
2.255331497286,0.06774206153144323
2.256264269571,0.06781269441588005
2.257197509203,0.07387194331609927
2.258213629275,0.07329017747461952
2.259223506589,0.04056267755810631
2.259783672759,0.07035463969547953
2.260754993573,0.0731961525004663
2.261764185173,0.07304544238082614
2.262771291334,0.07348939702727898
2.263785828575,0.0734981190249182
2.264801213597,0.07308293352340402
2.265810660088,0.06971651125364194
2.266772778602,0.0728996526620398
2.267777468,0.07317204987382744
2.268785750157,0.07274582654591093
2.269789274549,0.07267698020603969
2.270793373998,0.07305713009443257
2.271804267494,0.07242321758023884
2.272806943536,0.07288953446722367
2.273817030489,0.07287980665018978
2.27482724841,0.0727137539214889
2.275834859306,0.07254597967277732
2.276841154117,0.07297516977179165
2.277854706557,0.07253296634016204
2.278862070383,0.07277942973013732
2.279870852695,0.07282995740931525
2.280878727572,0.07235219039227672
2.281879674197,0.07347005478151715
2.282896363334,0.07284021703456059
2.283905556759,0.07225992772306869
2.284907957893,0.07288822972830405
2.285918881685,0.07241320654939012
2.286923114572,0.0721447092085421
2.287924475264,0.07240766439193146
2.288930205693,0.07273338161839832
2.28994149314,0.07122514867755887
2.290932820176,0.07210808034241994
2.291936827649,0.07020707216354719
2.29291526292,0.07230996603784291
2.293924460887,0.07217425035275729
2.294933170229,0.07165804528315477
2.295935988406,0.07166152397826049
2.296939160162,0.07164938204994308
2.297941862554,0.07156358744861266
2.298942967003,0.07207283041176948
2.299950946305,0.07187290639004967
2.300955984931,0.012461873311908421
2.301130157288,0.07121103267412396
2.302124757077,0.0728164797007402
2.303140497436,0.0717667376370385
2.304140783144,0.07219393776144502
2.305147935566,0.07251090523849589
2.306160373701,0.07175026697800276
2.307162570499,0.07206636629967061
2.308169542106,0.072314285205122
2.309180021771,0.0720350643696045
2.310186970613,0.0716084302886634
2.311188245451,0.07152744925653141
2.312189114018,0.07219840617903632
2.313200725023,0.07225037461036247
2.314213902556,0.07184923072150545
2.315221651001,0.07226735950242098
2.316234907331,0.06867894118758047
2.317197831446,0.07176107008926362
2.318204856495,0.07159672659098992
2.319210033905,0.06717088147907392
2.320153406163,0.07123487291341327
2.321153990654,0.0715125303329113
2.322158712891,0.07114798483471399
2.323159955773,0.07153645675138488
2.324167815621,0.07201799846370176
2.325182999005,0.07133029150055639
2.326188717584,0.07149238658794403
2.327195803268,0.07140546954301231
2.32820054954,0.07110153697390369
2.329201015562,0.07163022714666777
2.330209760889,0.06601246323759123
2.331139238655,0.07126502938033374
2.332141351875,0.07271269330513558
2.333164172495,0.07126820712485872
2.334169103557,0.06764493245603329
2.335123857261,0.07120427841684707
2.336127817685,0.07196905985711359
2.337141305085,0.0714856554054756
2.338148171626,0.0639895122541944
2.339049611469,0.07103036274851078
2.340049831082,0.070987999769698
2.341049953371,0.07129627136947751
2.342056008392,0.07103827068635435
2.343059832167,0.0712365573936718
2.344066637066,0.07153009647259487
2.345077394675,0.06849878453948965
2.346045581968,0.07298363124595644
2.347077336103,0.07163010084810233
2.348089777687,0.07104791915537247
2.349093859466,0.07162169583880675
2.350105550564,0.07101672314341628
2.351108314988,0.07164928017016185
2.352119926523,0.0714411727784223
2.353128033607,0.07160433383094279
2.354137938104,0.07109936251675453
2.355141127137,0.07127250850777135
2.356147118606,0.07119761268399138
2.357152204679,0.07030298568763899
2.358144589998,0.07135483397834445
2.359151518,0.07136617489711151
2.360158984851,0.07097704412663279
2.361162633991,0.07072686638544234
2.362164283841,0.06391684122377693
2.3630702068,0.07107874412924041
2.364078401725,0.07127665541459877
2.365090077508,0.07091096280526085
2.36609710975,0.07097525329607508
2.367105337105,0.07185601132818104
2.368125905281,0.06836069129163709
2.369096843969,0.07066223252404617
2.3701008229,0.07085584569801336
2.371107726586,0.07117896001098999
2.372120122287,0.07094350255368118
2.37312990592,0.07091291314740308
2.374139672916,0.07126035722792189
2.375154187199,0.07070233296983096
2.376159902808,0.0707743481516191
2.377166531516,0.06392514378080257
2.378075235333,0.07054981137972863
2.379076989545,0.07108262298802198
2.38008630592,0.07046222389351832
2.381088113541,0.07050947264609712
2.382091483048,0.0705391340916965
2.383094960286,0.07106134498746021
2.384106000704,0.07090695043233906
2.385116478477,0.07094096916410694
2.386128428561,0.07058094766924246
2.387134921403,0.0710041386008721
2.388147597757,0.07050689386483112
2.389153696602,0.07047665730111827
2.390160829189,0.07061199721589854
2.391171768213,0.07042153773265643
2.392180541454,0.06991187563914816
2.39318227468,0.06983386214622471
2.394183264054,0.05116873038318736
2.394916883334,0.07011220433005093
2.395921762868,0.07003201971004668
2.396925298597,0.07004908524120376
2.397929631545,0.0697815591690394
2.398930132395,0.07038450318901834
2.399938778492,0.07052900605528097
2.400950136979,0.06997075441727589
2.401954818833,0.07046353562030419
2.402966660043,0.07029738377959685
2.403976502392,0.06974001116530874
2.40497979381,0.0702521331533586
2.405990794023,0.06981298757656075
2.406994998238,0.06989745990917103
2.407999923052,0.0696975012075963
2.409002350329,0.06962176071744272
2.410005055066,0.07029918036070222
2.411018297417,0.06942344259549756
2.412018733128,0.06997538754631655
2.413025924202,0.0701626581087995
2.414036127952,0.06977317693783194
2.415042855815,0.06919198373832976
2.416042867398,0.06956220380414956
2.417048908391,0.06947884524913851
2.418053725078,0.06952642765532863
2.419058343758,0.06998814400046244
2.420068123143,0.06982039317547803
2.42107502334,0.06731708951359887
2.422046911984,0.07005352683748703
2.423061059773,0.06965981314172029
2.424071836477,0.049072583659496176
2.424784390668,0.04958135147998164
2.425503516929,0.05394731675693573
2.426284498605,0.06972833787714716
2.427293039574,0.07001488541140802
2.428306424503,0.06219674409424653
2.429207828642,0.059373768085791895
2.430068900878,0.062269786457217466
2.430971970274,0.0631791173822026
2.431888184975,0.05792291588398094
2.432728862017,0.06595083874139153
2.433687143643,0.06097310293795829
2.434574269219,0.06447950175643863
2.435513924754,0.06051647884327364
2.436396766214,0.060435344903168466
2.437278886983,0.057383194787207534
2.438117409981,0.06212869016699948
2.439026577972,0.06803031531989573
2.440023074168,0.06060023750538275
2.440911810641,0.06877099274822672
2.441921511651,0.06474924907279442
2.442872693435,0.057641083880645864
2.443719636979,0.05805226885110575
2.444572243899,0.05614172317727637
2.445396354856,0.06815687814507894
2.446396757122,0.06582047032659029
2.447363556949,0.0582710443817385
2.448220020949,0.06603937305391469
2.449190382419,0.05512442584755536
2.450000226196,0.05982274258884873
2.450879462172,0.06005686907834129
2.451762417729,0.05638449931702289
2.4525912742,0.052511933088877
2.453363078546,0.059223887029376344
2.454232941908,0.05387132075623418
2.455023664329,0.05593030993115925
2.455845141047,0.06728019443571526
2.456833700046,0.060854713257279196
2.457727839739,0.057524047407743084
2.458573549453,0.05437134528406884
2.459372993094,0.06672352736956141
2.460353671402,0.05786549272754796
2.461203441226,0.05702692404705202
2.462040439402,0.029563186558443935
2.46247451137,0.05574599212001411
2.463293260315,0.057143144594752476
2.464132969157,0.06367841149861617
2.465070266803,0.057621963828332574
2.465920167427,0.05860339986945836
2.466785250483,0.05886669476717298
2.467654608392,0.055992456537289806
2.468482384168,0.05586806540087004
2.469308870276,0.056491410161311616
2.470144817391,0.06041565916992874
2.471039730443,0.0608957415940532
2.471942918051,0.06284618068796002
2.472875018793,0.05677581574053064
2.473717401141,0.04959064910218141
2.474453872657,0.05777466689869189
2.475312063867,0.06716453308433346
2.476309701405,0.05464128211395162
2.477121730458,0.056313557241120166
2.477959909989,0.06735887600101387
2.478963011262,0.051191847717945174
2.479725335013,0.058577009198609614
2.480598073938,0.0673466385199719
2.481602144215,0.05507286369189484
2.482423779689,0.05004269093314323
2.483170608394,0.05864740144238478
2.484046078668,0.0644064356241231
2.485008322525,0.05241942258404733
2.485792336833,0.05229100448077088
2.48657496486,0.04919026796437762
2.487311396638,0.05686528944327556
2.488162699765,0.06173662367225516
2.489087850746,0.057802065680265434
2.489955657372,0.059648351410054944
2.490852586657,0.057507134988305744
2.491717422425,0.060160398612066866
2.492621727117,0.05592810916393766
2.49346253574,0.05614017095250384
2.494306221243,0.04234900262127066
2.494942335707,0.06284831863370599
2.495886288953,0.059655922692663906
2.496782426929,0.056272117306098886
2.497627846208,0.0658212800461643
2.498617413213,0.06461885920732975
2.499590150293,0.0557293141121919
2.500429650686,0.05244945578564863
2.501220045612,0.06268647446601598
2.502164389028,0.062452539306937185
2.503104743312,0.05801109750372783
2.503978499662,0.060646800520088674
2.504892766822,0.058139958760596716
2.505770455873,0.049851955963176375
2.506523707607,0.0504595189463395
2.507286302023,0.056415068373399865
2.508138498676,0.060633952724768195
2.509054165654,0.056351189413965344
2.509905682066,0.05603300029979509
2.510753324283,0.05534183394923902
2.511591293728,0.05078812235829247
2.512360618506,0.06683737104059408
2.513373215955,0.06604764824266764
2.514374456608,0.0529579723170671
2.515177805626,0.0578811490084324
2.516055906255,0.06285356981283946
2.517009506874,0.05554870270627411
2.517852688579,0.061018126524420103
2.51877935189,0.05359127387154376
2.519593611619,0.052176480285963826
2.520386669132,0.056360745417757166
2.521243704236,0.052040998561150825
2.522035437832,0.0542410821057451
2.522860669744,0.06213023601430347
2.523806457534,0.061413316579466304
2.524742807587,0.05286877992033808
2.525549954157,0.05431402289237167
2.526379948133,0.048903228921945964
2.527127437387,0.05532812919200456
2.527972616861,0.054677205932604216
2.528807668733,0.052713903534018794
2.529613153751,0.05750665148706157
2.530493186724,0.048742918772485856
2.531240730202,0.05549478277084809
2.532092924266,0.04715565979704742
2.532816840969,0.050076099634134924
2.533585289557,0.06103744414316653
2.534522113451,0.057352618074752885
2.535404021394,0.05653469428577011
2.536275160649,0.056677317541242445
2.537148764713,0.0567219644396648
2.538022682368,0.05539812892176611
2.538876132247,0.0548802559606184
2.539722110071,0.05874926612788558
2.540627767187,0.05293618958371632
2.541443851619,0.052396281601932396
2.54225229241,0.05494557823766501
2.543100406171,0.05533622049129081
2.543954274467,0.05049215584462697
2.544733565262,0.05293653585021104
2.545550752325,0.06513668322741907
2.546556224823,0.062291613740434536
2.547518399275,0.05515091038100054
2.548371057668,0.05586072852972669
2.549235148693,0.058377755968583224
2.550138224531,0.062117991318616346
2.551099307437,0.05943052196660727
2.552019286953,0.05585491513330071
2.552884343305,0.052996325510461365
2.553704877599,0.05807006229143988
2.554603137947,0.0528133331984047
2.555419592824,0.05705248477810113
2.556301906748,0.05397541675135017
2.557137572923,0.05604411616977806
2.558006196062,0.05570478518847311
2.558870499932,0.03856030446097559
2.559469379654,0.055762806513897
2.560335981554,0.05192646158929627
2.561143243281,0.05785013984827939
2.562042922564,0.05519269872116876
2.562901495256,0.05547089893432196
2.56376451711,0.048043338995332946
2.564512347214,0.04911811145282899
2.565277571996,0.053770358387331116
2.56611603542,0.04982268342528423
2.566894305014,0.051619154570000665
2.567702024111,0.052973817313955646
2.568531573862,0.048193342174007364
2.569287338474,0.05665858076867643
2.570176513991,0.0581686533697361
2.571089332099,0.059672284595122665
2.572025647204,0.060084891597240626
2.572968374995,0.052319924952643405
2.573789442078,0.05280330383962326
2.574617866235,0.05071839889219626
2.575413002404,0.06115123589696398
2.576371535593,0.06369124790851616
2.577370785394,0.05610239876875982
2.578251584657,0.05748636217639093
2.579153631227,0.05575900401952424
2.58002820873,0.057996717000753276
2.580938192402,0.06410075809983529
2.581944732081,0.06244798594629269
2.582927026412,0.055317671803451755
2.583798174815,0.04927491994187724
2.584574016345,0.057054138048223325
2.585471561259,0.051728291370835115
2.586285232487,0.046796878630140995
2.587021871961,0.05456399786877702
2.587881276905,0.057900664794329544
2.588793774636,0.05543522304398337
2.58966824467,0.05532183717140873
2.590541597712,0.056417270395733354
2.591432500731,0.05360272969767805
2.592279340521,0.048623895078676024
2.59304790642,0.053940295805734104
2.593901056529,0.036418868010901224
2.594477192874,0.06327304019367659
2.595479166554,0.05662754672283389
2.596377598382,0.05871340986810292
2.597309551182,0.063412948446246
2.598315308634,0.05924461257665459
2.599254106881,0.05057095162301738
2.600054514879,0.054254855691585765
2.600912153582,0.051204201755208255
2.601720954741,0.05489110739855358
2.602588501359,0.0488380881057692
2.603361723409,0.05980062699851798
2.604309628447,0.05295038955463986
2.605149827808,0.05190850379413499
2.605973922223,0.05398829593462272
2.606830310745,0.06184519295116867
2.607811166695,0.06390211487827493
2.608825648201,0.06142843757086147
2.609801748695,0.0520922917742633
2.610629464162,0.052995795175936146
2.61147139536,0.056743814969185145
2.612372460774,0.058341328898092994
2.613298309805,0.05754824669987435
2.614212005319,0.05596119342789594
2.615101247388,0.058653693782989735
2.616034334806,0.06200980187541014
2.617021369298,0.058285802086628424
2.617949271321,0.05499731876627883
2.618824730357,0.04837989056878158
2.619594381221,0.05675175663931256
2.62049717303,0.0576549735734133
2.621414737325,0.06113993684448915
2.622389245038,0.06124088403872796
2.623367028869,0.05454756388258106
2.624238273813,0.051624218815858096
2.625062412393,0.054248072255429956
2.625927291721,0.05253264213784236
2.626764630009,0.055394776443024214
2.627648570132,0.057535100410586154
2.628567399637,0.059078748297286286
2.629512530758,0.046130473325313254
2.63025172845,0.055725946976026244
2.631145143218,0.05896454646551311
2.632090576318,0.05410427427019665
2.63295705964,0.055970818811586553
2.633852332508,0.0512246941401549
2.634671663701,0.06018500879055141
2.635635422778,0.05261746501376105
2.636479261745,0.06148603539413978
2.637466596215,0.06261884522219988
2.638472638867,0.060631783708670756
2.639446272595,0.05285332902836785
2.640294715418,0.051589429714876574
2.641122088906,0.05042285292670417
2.641929944613,0.05877565137139375
2.642872076339,0.05336882429581992
2.643728797289,0.05240535797740696
2.644571028,0.052122316867619006
2.645409082494,0.059640318175261844
2.646367556976,0.05633313480596074
2.647272472283,0.05501737009738164
2.648156709672,0.057606059953167865
2.649083534281,0.058788781966386275
2.65003070152,0.060535260391976854
2.651006611178,0.052132677287091894
2.651846683256,0.05675149202125522
2.652760957713,0.05848052792531405
2.653703239153,0.055740645810120976
2.654602162928,0.0567038999025457
2.655517062225,0.05153561103187765
2.656348444391,0.054152858513854985
2.657222429678,0.06034557393606883
2.658196346179,0.056016221898878886
2.659100512917,0.05657359069906659
2.660014308052,0.057355252424066513
2.660941104948,0.062347409359391565
2.661948241026,0.05590664531829734
2.662850983419,0.04987789583244363
2.663656390307,0.04423286203320668
2.664370842251,0.05379560172436927
2.665240474776,0.05832491432909103
2.666184536656,0.05297832896374155
2.667043026312,0.05439946792365862
2.667924782581,0.057075524241169226
2.668849360896,0.05041980784926972
2.669665579444,0.05188500418688887
2.670505219716,0.053849877721098414
2.671377014623,0.055581316168457524
2.672278504248,0.05711047515550989
2.673206630237,0.05642247177717475
2.674124250438,0.061536165296756526
2.675125101301,0.05203728277771142
2.675971276883,0.05430455574946726
2.676853845823,0.05732331909001353
2.677784962626,0.05369819841227248
2.678657416944,0.0539976899093407
2.679535279202,0.054754903241566094
2.680425414776,0.05427930136099193
2.681307741366,0.06073675938259404
2.682295376409,0.055910669823036316
2.683204959181,0.05424256169603469
2.684087526378,0.06155736715555065
2.685088978776,0.05378803646818742
2.685964112523,0.054120860771944425
2.686844937495,0.05695253039528063
2.687771994359,0.05942472779483899
2.688739578761,0.06105816157728118
2.689733806632,0.0595579659509372
2.690703999451,0.053165906942438126
2.691570680665,0.05661936722317049
2.692493863359,0.06146151346819974
2.693496112928,0.06148084897872356
2.69449899133,0.05664709613264863
2.695423220233,0.05319088513944149
2.696290932714,0.040730329828704795
2.696955217902,0.051344261143673915
2.697792166705,0.05156031866293198
2.698632294474,0.05127483574009878
2.699468404938,0.053659474192136056
2.700344841055,0.057435619487665984
2.701284458691,0.05577967374723374
2.702197763224,0.05724339796616841
2.703135306161,0.057893858162547274
2.704084003119,0.05900897200366538
2.705051387396,0.05171035328818221
2.705899810653,0.06047026302349706
2.706892828506,0.051437124785694115
2.707737314854,0.050899426700664815
2.708572372686,0.0509045141030878
2.70940710501,0.05341848135305646
2.710283202051,0.05655291890046711
2.711211187158,0.06101174220685162
2.712212558677,0.05720953773559967
2.713151757667,0.060475508225736836
2.714144362664,0.06126560021165447
2.715149717289,0.056147972583375366
2.716071324745,0.05645988279808236
2.71699823983,0.053839125911810636
2.717881635863,0.05684105263246808
2.71881348959,0.055374151640976504
2.719721312427,0.06130285271278259
2.72072700204,0.0612741519407374
2.721732797671,0.058047527519147143
2.72268590417,0.06166915064362247
2.723698759546,0.05954214298021647
2.7246769054,0.05328870917155813
2.725552251594,0.05196506929008921
2.726405847167,0.05242414852404559
2.727267290755,0.05584635286573332
2.728185811031,0.056771033660889
2.729120952169,0.05344007227343071
2.730002031613,0.052668349268657384
2.730870124254,0.061021786939251324
2.731875922848,0.061127639688796594
2.732884186256,0.05397244663466827
2.733775012575,0.013826819448758658
2.734003287869,0.05755995443369973
2.734953017146,0.058307393762379374
2.735915184489,0.05346504264598482
2.736798075362,0.05605387392635551
2.73772360558,0.05912933706449782
2.738699316612,0.05644558245617036
2.739631121149,0.043298093349896434
2.740346738312,0.05235728862628334
2.741212130515,0.056419594996413
2.742144203389,0.053487036712450246
2.743029240831,0.05717802662085878
2.743976783591,0.05651032927432879
2.744912808504,0.05929691606791859
2.745894881015,0.06050891284644485
2.746897266438,0.058939146313537256
2.747873233491,0.05361069237415626
2.748759897992,0.05448589734580828
2.749660286556,0.05970760073773327
2.750646878659,0.060862592142261716
2.751653503322,0.055094530876657645
2.752565705708,0.06057606512133895
2.753568995056,0.055367513429318616
2.754486007074,0.05858009265807098
2.755455576691,0.05315509621979212
2.756334829834,0.060561464447660744
2.757336500699,0.05129567391139816
2.758185293642,0.0526554305331615
2.759057086753,0.054940242848178875
2.759966276558,0.0527233116912457
2.760838344071,0.058448836350936534
2.761806110989,0.06037060105838648
2.762807577658,0.059373464629486755
2.763794029178,0.05899334962689141
2.764774581943,0.059685338292041486
2.765767080727,0.055720169897661424
2.766694009365,0.058479060238421525
2.767666161121,0.05640084446529253
2.768602903452,0.05850638590832063
2.769574174085,0.05807897160233513
2.770538275758,0.06038439041502447
2.771540670804,0.059027744909620025
2.772521190051,0.05445516919731275
2.773426424803,0.060357318581807866
2.774429940065,0.06100186032981966
2.775444290532,0.016100908287514933
2.775712004077,0.058312393040193734
2.776681698766,0.04845609140491754
2.777487550594,0.053537091441302524
2.778377439425,0.05621795458429127
2.779311149485,0.05995752361106359
2.780308038398,0.05427619411490533
2.781212400314,0.05491423414045197
2.782127996334,0.050626550898638226
2.78297218517,0.05989446554342643
2.783971314451,0.058654680881707236
2.784950675443,0.058741861685566624
2.785932746083,0.04805435524685936
2.786736912634,0.05791401678647415
2.787706266717,0.05393909322317142
2.788609428678,0.05990344599394501
2.789613538379,0.05971487372023959
2.790615423747,0.06046804890786341
2.791630501198,0.06002842747064269
2.792638318836,0.05975490335062846
2.793641341528,0.04837598940609325
2.794452833175,0.048036592426633426
2.795257558402,0.05323744145882854
2.796148056929,0.05572637509331821
2.797079741519,0.0531531259593298
2.797969613491,0.058244027048939946
2.798946131738,0.055314480075491355
2.799874209713,0.05722138552251342
2.800834613101,0.05142790870902855
2.801697552876,0.058494601636632663
2.802679482896,0.05984576261738205
2.803684970119,0.053852746160539665
2.804589516855,0.0560449793041498
2.805530758748,0.055062947345358486
2.806455704597,0.05951071671818725
2.807455949741,0.059739872242675185
2.808461371904,0.05214206005166451
2.809339372341,0.051532022355981116
2.810207058729,0.05108995972822491
2.811067204902,0.051747641606704475
2.811937775715,0.05580841839663165
2.812876801036,0.05386447717980335
2.813784342565,0.054704780861771385
2.814706871415,0.050598255921521354
2.815560319812,0.057047443539253465
2.816522736157,0.0019279862966184863
2.816555271297,0.05976429409063292
2.817563655747,0.059240007463619765
2.818563776418,0.05911929432730595
2.819562473156,0.05954714967083317
2.820567778408,0.048982897089064205
2.821394238045,0.05346791660571714
2.822296094733,0.055497857122106246
2.823231516407,0.055610122748736196
2.82416880411,0.058773644724779736
2.825160725452,0.054864596512133386
2.826088063019,0.05299954127070728
2.826984942601,0.045110488193788094
2.82774866159,0.04903798146938735
2.828578805597,0.05831672179050634
2.82956609519,0.053184083471397796
2.83046763657,0.05362422590845439
2.831378300686,0.05894366141674924
2.832379802,0.0550962814775605
2.833315395635,0.059260423168361935
2.834320951384,0.05894481986608946
2.835321265305,0.05044417419934825
2.836177448027,0.05596518366840587
2.837126927886,0.05688353839454657
2.838092195262,0.053017501574971586
2.838992725181,0.05555032259981734
2.839937168179,0.04777818091081573
2.84074999895,0.056325438899122886
2.841709005779,0.05877636660147561
2.842711011846,0.054786926467839704
2.843645676601,0.05670456819037009
2.844612749962,0.05918367744460196
2.845622451611,0.05897761462214766
2.846629427676,0.05832564656665526
2.847625526301,0.050994226072232536
2.848495801412,0.049919628311831846
2.849346837763,0.058854746961094134
2.850350242527,0.0590348624754152
2.851358417187,0.05765131864861336
2.852344976116,0.05776175099065966
2.853334306477,0.0548493830510254
2.854274070087,0.05609422905004588
2.85523526825,0.055955319938242425
2.85619466033,0.04709121162311745
2.857002679803,0.03459062165411806
2.857596143317,0.05801267967669588
2.858592148727,0.058258609543112044
2.859594318346,0.05861471121040914
2.860604056323,0.05148265801006184
2.86149126982,0.0532835528315568
2.862409122649,0.056291807901951534
2.863378389903,0.05294368895656412
2.86429011799,0.055037255712895874
2.865238948006,0.05578159005054375
2.866202069111,0.057861532665278936
2.867203081286,0.05823096468297395
2.868211946,0.058002069901733226
2.869216873867,0.05808152583733264
2.870223359356,0.05801693087413586
2.871228824682,0.05765053832410661
2.872227380594,0.05795652628882042
2.873230426538,0.05780931150298689
2.874231129915,0.04998627147631381
2.875097640825,0.05777482488641188
2.876099968158,0.05352747516851514
2.877028960821,0.05761314817125314
2.878029813584,0.057662061491913365
2.879032805315,0.050978328301006924
2.879920810098,0.056321627104614275
2.880902510844,0.0576111890694675
2.881907429348,0.05264304275034896
2.882826970637,0.05327752447087486
2.883758281848,0.05429444519074697
2.884707021139,0.05174210055350978
2.885610891312,0.05429301372374012
2.886560138864,0.05463558385999916
2.88751632335,0.05186954151214497
2.888424247871,0.053610134184361634
2.889362939181,0.057612493442243035
2.890372868279,0.05714285487868948
2.891376572277,0.052116920965404795
2.89229294803,0.05704116907294114
2.893295568496,0.057066793176820584
2.89429873003,0.05430776217325836
2.895252782589,0.05728005531774452
2.896258624,0.05770629479732142
2.897273028061,0.027127536808400764
2.897750327355,0.056962075866366334
2.898753126755,0.0530542866788065
2.899687684925,0.052951296089781545
2.900620583917,0.05753903425776969
2.901634080574,0.04956691073483503
2.902506706834,0.04589920280893286
2.903314913983,0.051156784551202886
2.904215842073,0.05617823806708257
2.905205529866,0.055927636392171444
2.906193696412,0.04962054476682091
2.907073139762,0.056622879072414645
2.908077784466,0.052813389217090466
2.909015043975,0.051623421998327486
2.909931075637,0.0554525825671009
2.910915905284,0.05022295454434184
2.911808780822,0.048932112987308256
2.912679124493,0.054346747606131535
2.913646196771,0.05166018075585428
2.914567075935,0.05143243478387024
2.915485672853,0.05423382462539102
2.916454926659,0.05618575264345779
2.91746062066,0.05629808396138874
2.918469467945,0.055929652248515316
2.919471550098,0.0557449783894229
2.920470384873,0.05618052093241142
2.921476879962,0.05615746863999663
2.922482463549,0.05085377149080559
2.923392556629,0.05623140138142018
2.924398599504,0.055961244837662884
2.925400161087,0.05214908176514851
2.92633382761,0.0457545261687896
2.927152713716,0.053492228501753995
2.92810968705,0.05271149887110543
2.929053427747,0.044869943978205686
2.929857849915,0.04562213678894189
2.930676987599,0.05594045620341497
2.931683388059,0.04796951543669804
2.932548787634,0.05337611615864735
2.933513912555,0.05103680173646554
2.934437337431,0.053783600128730534
2.935410555199,0.05349402930615997
2.936379175194,0.029394339273317326
2.93691190644,0.052346844906346134
2.937861435664,0.055801293611847144
2.938874078742,0.053467009439957074
2.939844680748,0.05234760110074138
2.940795423736,0.050985759635470314
2.941721506218,0.04753894914709669
2.942584940401,0.052295204413980216
2.943534668932,0.05584955995717045
2.944549619347,0.05115144061874982
2.94548131417,0.05493855592975036
2.946483482034,0.051992971953512684
2.94743123569,0.05426832929386541
2.948420204878,0.055311113082941704
2.949428142849,0.05540235181995756
2.950438568087,0.05506293565438485
2.951444168899,0.05506572208190504
2.952449000139,0.055523088388808046
2.953461004897,0.05488772611364643
2.954461812529,0.05497220484818537
2.955465147598,0.053964990917454776
2.956449962551,0.05088218177862198
2.957378314628,0.051476187040164684
2.958317185961,0.05591768366210959
2.95933725622,0.05482464736247876
2.960339516635,0.054561105080674625
2.961338330381,0.05479049292938735
2.962341551178,0.04639864145048025
2.963191605725,0.04945887579407924
2.96409811097,0.04941223146356202
2.965003142503,0.04669267852691637
2.96585834186,0.04895972473642488
2.966755979078,0.05507809668651367
2.967766932956,0.054581998872529014
2.968771008053,0.05467982856412377
2.969779076998,0.05430857599515402
2.970780799138,0.05458303074105102
2.971787237684,0.052019409323764906
2.972745656221,0.05406176659718739
2.973741365262,0.05447269574289493
2.974745305337,0.0507407237834986
2.975680239352,0.054558747199507054
2.976684763148,0.052651421222132185
2.977654910843,0.05438802829415093
2.978658339765,0.05435753763374777
2.979661299872,0.05113555813309464
2.980603964925,0.05383161487136237
2.981595235459,0.05445216490524164
2.982597425474,0.05451604389930098
2.983601900123,0.05430858335362621
2.984604476519,0.05123154412500287
2.985551018422,0.04962395594825216
2.986468232345,0.054275609956651226
2.987471210679,0.05452862801636252
2.988479071977,0.05434966220136497
2.989485523823,0.05452152363831956
2.990496835777,0.05259486636222051
2.991473545408,0.0519084681776213
2.992437601777,0.04984747592533346
2.99336307022,0.052801794817055304
2.994343344147,0.05147456287537742
2.995299175847,0.052822672826279345
2.996280981603,0.054322801777053634
2.997291980008,0.051308936362580264
2.998248047085,0.053818176715769425
2.999251281155,0.053683550222390124
3.000252014465,0.05404105379883436
3.001259392859,0.05403352699020599
3.002266604681,0.054132711881421915
3.003275246238,0.05389001703423959
3.004279112813,0.05107737036529541
3.005231378235,0.0530305377611648
3.006220652839,0.053616086224578925
3.007221165296,0.053933688963975136
3.00822825612,0.04909128979127312
3.009145276238,0.04862443208690936
3.010053737078,0.04706503131299131
3.010933574627,0.04100294833083361
3.011700859532,0.043597720953653614
3.012517698493,0.047460440303776795
3.013408031308,0.009882720990389707
3.013593549441,0.04795119764504464
3.014493847552,0.05050159956485317
3.015442443932,0.05327601658307138
3.01644440037,0.05065799172205698
3.017397942041,0.053613098370476724
3.018407065743,0.04853815382720989
3.019319832075,0.053355509262762925
3.02032176332,0.0450257892192965
3.021167121095,0.050203192913528434
3.022110260481,0.05351235139922079
3.023115408274,0.04706214445741707
3.023999133706,0.049979693363739496
3.024938012482,0.04585758995293566
3.025800324235,0.050196901062276846
3.026745471052,0.051715109807334764
3.027721103998,0.049466403550386576
3.028656518811,0.053142508214375536
3.029661712523,0.05321180745778602
3.030667613444,0.0530767597376205
3.031670399289,0.04754614288258711
3.032567956814,0.048054194991487
3.033474552455,0.04984709078276485
3.034414118208,0.05314961309704968
3.035415939218,0.048572079940160294
3.036332263493,0.05299710935224685
3.037332612116,0.05296999612324327
3.038333598606,0.05283757031433125
3.039333933757,0.05089271240566397
3.040298316209,0.05298731392191567
3.041302964184,0.052606476803462726
3.042301008903,0.053512684042682064
3.043316631754,0.05332642266158556
3.04432822261,0.05322799475732203
3.045336456366,0.053144566809187534
3.046342428947,0.05357100659422776
3.047357050441,0.05288221876876975
3.048359048193,0.04846074705485648
3.049276841062,0.04475874405898106
3.050124063739,0.04638743048743732
3.051001405519,0.05213928221501616
3.05198698626,0.052793679652630744
3.052987210413,0.05037635220966581
3.053944307761,0.050257591510524356
3.054899809076,0.009801551470405807
3.055086175403,0.052646379558375235
3.056087072606,0.04973389381777493
3.057032505911,0.05158993863150668
3.05801305373,0.0488769829763256
3.058942345466,0.04767588397413326
3.059850200114,0.046135637730845065
3.060729627108,0.05334513944346657
3.061745718423,0.052503372158861666
3.062745887413,0.0524960861542651
3.063747169721,0.05265750817634714
3.064752190204,0.048397538530128965
3.065676278,0.04899467925049422
3.066611337598,0.05061342664048669
3.067576625737,0.052410666116072854
3.068576744718,0.05271876142319862
3.069583633435,0.05243001714931208
3.070585655565,0.04752829625612366
3.071494582343,0.050596959027339405
3.072461229252,0.05066847613296491
3.073427552444,0.043142831431697524
3.074250389876,0.046494359585234124
3.075137236853,0.05122959763377896
3.076114345636,0.05292990825237586
3.077125054422,0.052288744373709256
3.078125075741,0.05250061486473899
3.079130210719,0.05268773259598288
3.080139679298,0.050160723047199596
3.081101177085,0.052494483352066273
3.082105985581,0.05237432278131709
3.083107880829,0.05280729908740165
3.084119664028,0.047257568814208534
3.085025698969,0.04675080004371975
3.085921679984,0.04855400215743657
3.086851597089,0.05221782667069957
3.087853022123,0.05097896898945878
3.088832612749,0.05255982463048166
3.089842567053,0.05243821171250698
3.090849628935,0.05243802672843578
3.091855832363,0.052530637613970824
3.092862929151,0.05233043838250947
3.093866051511,0.052570388033048886
3.094875116117,0.046355407228750145
3.095766466809,0.0521592367444668
3.096770056925,0.052194707167842316
3.097773843399,0.05236024825193658
3.098780631159,0.04822037677645955
3.099707188763,0.052466047439480114
3.100713663617,0.0522958473191164
3.101716480621,0.05254729895673448
3.102724964039,0.052715251691740295
3.10373712263,0.05249840403815132
3.104745799829,0.05206176721065641
3.105746830532,0.050318438263102436
3.106714312422,0.05227620265748061
3.107720314423,0.049907576125580326
3.108681528053,0.0507086315037955
3.10965815481,0.05246848720842859
3.110669281824,0.052082865980172866
3.111672909848,0.05241810456019934
3.112682894491,0.05212924491454809
3.113687727016,0.05223387527737665
3.114694230032,0.009823511486583713
3.114883464495,0.05127838392316838
3.115871422032,0.04917013591502805
3.116819871355,0.04278472131902251
3.117646324042,0.0521360303357274
3.118653831246,0.052011094604267685
3.119658080681,0.04886784123148833
3.120601212319,0.04969906576946807
3.121561775606,0.05172903583341269
3.122563286119,0.05184774258202617
3.123568441485,0.051133701920141904
3.124561657033,0.052083094820933616
3.125574805767,0.023299338348095885
3.126027887347,0.029009895965997297
3.126591778608,0.03304925631126496
3.127234364549,0.04075689815690838
3.128026021814,0.043132318989838485
3.128862851253,0.04174794316621852
3.129672543462,0.03680645572175742
3.130386503695,0.03938685216164013
3.131151005806,0.040600129325511505
3.131939718304,0.039636223668584714
3.132710445403,0.03682540595823316
3.133426555896,0.04105899072060105
3.134225472423,0.04178516365995578
3.135039705018,0.0390289753005524
3.135800855539,0.039077182216489204
3.136563565294,0.03749681180714571
3.13729545017,0.03763040434738857
3.138029559558,0.043401130363965326
3.138876244601,0.03783350907727159
3.139613917415,0.037787810431484097
3.1403503075,0.03728144189626094
3.141076855295,0.03752854252655179
3.141808466003,0.03630646727367675
3.142516840539,0.03752467832168332
3.143249791477,0.04003442270257232
3.144033174915,0.037439630459836976
3.144767477294,0.037704624436555444
3.145508088376,0.03792293024138794
3.146253352592,0.042278904757775945
3.147084407843,0.03472066792512699
3.147766946519,0.03771649772683148
3.14850863986,0.03985565251768301
3.149292896484,0.041363592684027346
3.150107310086,0.040839788002615424
3.150911660516,0.03690172523065118
3.151638240992,0.03949811649831636
3.152415366988,0.04089224731912857
3.1532193398,0.04006524528750457
3.154007244916,0.041685482946660246
3.154827216487,0.040872141885701964
3.155630970565,0.04765674773030043
3.156568466528,0.04606018290220111
3.157475243703,0.04404535553695235
3.158342804375,0.04008339964521314
3.159132220402,0.03835672242967929
3.159887204611,0.036754302125339505
3.160610554569,0.037699902080985316
3.161352512591,0.03323604136082127
3.162006586015,0.03801157327792209
3.162754820514,0.03694863597541621
3.16348275481,0.03832561026340423
3.164238398922,0.03620029225983544
3.164952313114,0.04380758466786723
3.165816402107,0.039537385437715476
3.166596468844,0.03643123190819881
3.167315644375,0.03830534759952542
3.168072217968,0.03452136597697448
3.168754276701,0.040419074500877825
3.169553444173,0.038710499894806266
3.170319732806,0.03973797224950837
3.171106939222,0.03556321749385039
3.171811634041,0.03085710269521483
3.172423233358,0.03525436649118153
3.17312207393,0.029068337397918354
3.173698236927,0.0371295629676213
3.174434544844,0.028952845788360906
3.175008942513,0.03495881898544815
3.175702527501,0.036616812149930185
3.176429521191,0.038162515101437464
3.177187522083,0.040423759191367745
3.177990375407,0.03781216495041167
3.178741212557,0.043397257692365625
3.179603424782,0.040841500044912875
3.180415916407,0.04199639629665019
3.181251379649,0.047402139154291825
3.182193792256,0.04163259865496521
3.183021426243,0.038020508033970696
3.183777467314,0.037068364343051725
3.184514688722,0.039824185604106714
3.185306312883,0.03267616740459173
3.185955748165,0.04145547065426454
3.186780200442,0.03737450150317221
3.187523862223,0.04141819599532928
3.188347882002,0.03965392836806905
3.18913671012,0.03838972606493973
3.189900831397,0.03860679424621355
3.190669802849,0.04227384321941483
3.191511478598,0.02986832596326487
3.192105786715,0.030076523908912314
3.192704204711,0.03747832081699555
3.193449742052,0.03664806885070016
3.194178661527,0.03612416712677265
3.194897063507,0.03750548194363665
3.195643005232,0.03763823424222185
3.19639241664,0.03721287084592295
3.197134939254,0.037344321099303704
3.19788181514,0.042780020517838226
3.198738783915,0.0403583244840567
3.199547806011,0.037591944947564584
3.200301522737,0.03739393891440436
3.201051234167,0.030074552490761523
3.201654070258,0.031021862290387944
3.202275695864,0.03771945672500072
3.20303136493,0.0420507709849325
3.203874198045,0.045550579560661116
3.204788371037,0.04024355234479002
3.205596994116,0.03708926107499507
3.206342050369,0.04046778812635217
3.207153965552,0.03829501847112265
3.207921572017,0.043302845179439636
3.208789986048,0.03515883078186147
3.209495427512,0.04180193556047633
3.210333961451,0.04005650598056235
3.211137348305,0.03413473669414164
3.211821768232,0.03686069318304045
3.212560863203,0.03498932166376397
3.213262418331,0.03083338182163766
3.213880336808,0.03752701712695682
3.214631913945,0.03729001954420281
3.215378949788,0.04092988386306498
3.216200195861,0.039555187768802416
3.21699529621,0.04031803167060981
3.217806578053,0.035773484822554
3.218526724268,0.039257250979097456
3.21931773455,0.039724743643238546
3.220119105231,0.04179549282905516
3.220963419905,0.04120192348361075
3.221796492235,0.04057710789868566
3.22261691572,0.04083574363980188
3.22344267731,0.014770158098430066
3.223741345839,0.04262635877049193
3.224603052185,0.041851865739857795
3.225449443187,0.044020227652385335
3.226340048016,0.04119680711796149
3.227173308503,0.04028546375341054
3.227987775457,0.040326464002367314
3.228802813722,0.037950673337532125
3.229570011756,0.022700535716784872
3.23002900018,0.030377439568651358
3.230643360883,0.04294758953337276
3.231512491669,0.04461577322154972
3.232415451158,0.04326326025649908
3.233290710833,0.03929103446877664
3.234085522716,0.03873918434746192
3.234869346517,0.04034426948924388
3.235686237377,0.03347027680840502
3.236364227656,0.03748287324617544
3.237124275001,0.03972255465301936
3.237931199162,0.03994777935386165
3.238743396835,0.03930221315434127
3.239542754651,0.0390353981178219
3.240337078996,0.04109610625510979
3.241173673829,0.0329914680753704
3.241845850279,0.038633390739728
3.24263413921,0.039580311177577064
3.243442269328,0.038865524559357906
3.244235563828,0.03868983519648084
3.245025274402,0.037250908333287355
3.24578618711,0.03737714707897837
3.246550340409,0.03922750493304893
3.247353103933,0.04267711009498975
3.248227951632,0.029706072263589758
3.24883787261,0.03868266244944863
3.249632928094,0.04031098658450261
3.250461679566,0.04106331601252785
3.251305268039,0.041562718081736914
3.252158535181,0.04005751816744108
3.252980783293,0.041287688268961904
3.253828507,0.011527997658702202
3.254065244453,0.04163412744148767
3.254920307064,0.01825773326329867
3.255295483223,0.02730640636211215
3.255857171337,0.035662023408949584
3.256591580257,0.04219128137770753
3.257461111086,0.040875381103680414
3.258303520935,0.029008152629008917
3.258901024432,0.0328744584834613
3.259578112634,0.03818705095056112
3.260365250272,0.04088722368682885
3.261210119669,0.03371325112318567
3.261908746208,0.04410370653585542
3.262823983365,0.04201231006322349
3.263696218203,0.044719708487145286
3.26462409628,0.04281532001843461
3.265511521817,0.04324061375407586
3.266407168754,0.027622342690698895
3.266978936311,0.02204042652437641
3.26743484079,0.03456320413789641
3.268149673753,0.04134930274600648
3.269004502842,0.03687068695427671
3.269766699394,0.03660550758714541
3.270524375762,0.032473583120330926
3.271197357499,0.041963844015169165
3.272067365918,0.04097361769775318
3.272917198908,0.03049594309909167
3.273550047927,0.04072635741589936
3.27439589974,0.04437793373536644
3.275318306186,0.04461823761933836
3.276245842271,0.03820375906814128
3.277040391125,0.037514981822775566
3.277821027082,0.04068144153316237
3.278667804,0.03692525832910984
3.27943693245,0.037465486441873884
3.28021861408,0.04079432302356526
3.281070555665,0.03653988670554878
3.281833777801,0.03742909709298353
3.282616076778,0.03940362060773697
3.283440559046,0.037889459454005577
3.284235109641,0.04585129061743382
3.285198935034,0.04135263395587655
3.286069070695,0.04049517113704638
3.286921126325,0.041489413264102847
3.287793927465,0.02042675712044805
3.288223582022,0.03226126284726259
3.288902452628,0.0413226619000852
3.28977232772,0.03780955501554242
3.290567722062,0.03215377408240103
3.291243545038,0.037533670605030246
3.29203190134,0.04058246751488555
3.292884186578,0.0354832274698442
3.293629658161,0.037441362694491706
3.294417100227,0.037617255645692536
3.295209313431,0.03963820781788831
3.296045234252,0.026569992128655424
3.296606490379,0.03461266388418976
3.297338702652,0.041260846952694955
3.298211889438,0.0399811653817516
3.299057592127,0.039959482692647486
3.299902807119,0.0397430121267645
3.300743720294,0.038883395166942725
3.301567047716,0.03788273246972729
3.302369958621,0.038101729534415776
3.303178178222,0.03787181523033964
3.303982173797,0.03906052848489652
3.304812327715,0.0412103089475068
3.305689063243,0.026818367940758175
3.306259696667,0.03068000615206954
3.306912646336,0.03498667371790935
3.307657624299,0.03545751912446708
3.308412260609,0.045637594195326384
3.309382797062,0.04154194057784262
3.310266025975,0.04435659401619414
3.311209150206,0.04364784684789071
3.312137635359,0.035335039218407846
3.312889976509,0.03922290339955699
3.313725432657,0.04253394267752551
3.314632063058,0.031087196492939683
3.315295677461,0.0428999195224831
3.316212351669,0.04206898509802943
3.317111226577,0.0002929031022935618
3.317117482899,0.042947226063836115
3.318034688486,0.04093186015272125
3.318909027343,0.04134203602250673
3.319792389118,0.038105862015480656
3.320606634736,0.0402963992319449
3.321467590846,0.039860439607316875
3.322319672161,0.0315446007425021
3.322994829462,0.024751240248689948
3.323524921367,0.02729492185728375
3.324109659951,0.03287303262758771
3.324813934039,0.033289858328511515
3.325526832349,0.039136271208623605
3.326364667062,0.031145853546775206
3.32703144953,0.03070895171992193
3.327689325135,0.034430561484646315
3.32842783118,0.03348398427069467
3.329146717298,0.0346792491956047
3.329892040123,0.03862725696633907
3.330723252717,0.04144678953867131
3.331615757317,0.04165313543211799
3.332513022932,0.038349488763339025
3.333339770319,0.034713183974927495
3.334088668763,0.033079118393647064
3.334802660172,0.03428841671692178
3.335543430894,0.030966700233069033
3.336213524924,0.03973165846308941
3.337074795962,0.0351821465675126
3.337838100894,0.0397841396904066
3.338701356766,0.03196287814887936
3.339394980138,0.03648550260769061
3.340186963108,0.041299305735285875
3.341083630272,0.038797454447768664
3.341925834811,0.036761665209263154
3.342723682409,0.034301204431430095
3.343468286777,0.03245304136466284
3.344173010933,0.038468687700950764
3.345009354014,0.03944353320873287
3.345868189477,0.039597948661999
3.346731238994,0.03891851794175633
3.347580343508,0.03869439139839637
3.3484251612,0.02942516843425712
3.349067990239,0.031248961783402526
3.349751236663,0.043634799504686454
3.350706030922,0.04155973794579661
3.351615399804,0.03837679001839924
3.352454689938,0.03869564840170962
3.353300851537,0.027611369302655772
3.353904876801,0.02657089473963331
3.354486260746,0.02999619304551972
3.355142512772,0.039128352247089736
3.355998648368,0.03295232887614135
3.356719794416,0.03378567549586373
3.357459566535,0.03898804274726568
3.358313809661,0.03864854877732412
3.35916106366,0.03861748867493069
3.36000840152,0.038458763481818876
3.360853348329,0.03511258863580526
3.361625644581,0.028054985548141655
3.362243190713,0.029047491138960206
3.362882933285,0.03148306104276742
3.363576848003,0.039228594731445854
3.364442841501,0.036500942449120104
3.365249673978,0.03643623937725057
3.366055596943,0.0387413152104439
3.366913402493,0.034251089599902126
3.367672529307,0.032799704996947086
3.36839986335,0.03222123663238244
3.369114498294,0.027434840935896987
3.36972270848,0.03345551883197038
3.370463776799,0.036664159967991515
3.371275966977,0.03599790108392377
3.372074770434,0.030396960606589158
3.372750379463,0.03865136103414542
3.373609902342,0.03870290613876686
3.374470696265,0.042259917993252134
3.375410446063,0.039707518939850306
3.376293646438,0.041161587567545704
3.377209659127,0.03171237859093962
3.377915734555,0.023808672716199585
3.378446169136,0.024948621069383742
3.379001942971,0.03591051224934983
3.379801457286,0.038421409987246004
3.380656856666,0.03946478639733307
3.381536318579,0.007015339331514164
3.381692795631,0.03021373356613248
3.382367122718,0.04395901772732749
3.3833488056,0.039648504231458916
3.384234096215,0.0373713976980718
3.385068444264,0.037992934815130136
3.385916591617,0.041139860084556126
3.386835190623,0.04259244182323248
3.387787379126,0.03342284266615324
3.388535273474,0.01557147346798604
3.38888375671,0.02201704740088815
3.389376250791,0.029866950443309913
3.390044148763,0.036798017253562104
3.390867446481,0.03923498613810953
3.391745889117,0.03925968969664218
3.392625580405,0.03720693595592715
3.393460115974,0.04005573137262571
3.394358939297,0.04002624938333414
3.395256949778,0.042612122969303654
3.396212911544,0.0409490139465831
3.397131633567,0.01761568613159748
3.397526895706,0.0274473104770276
3.398143041501,0.029225008216519712
3.398799340104,0.0298746725908524
3.399470301719,0.03814659468122925
3.400326851179,0.03858692933594808
3.401192935549,0.031332281354014065
3.401896470947,0.02868357798567047
3.402541046158,0.030363036008432407
3.403223820051,0.030271108604366635
3.403905430815,0.0383681028625377
3.404771262597,0.038883362199955536
3.405650269503,0.04015958490115912
3.406558969351,0.03981424811355449
3.40745976703,0.03737399171897923
3.408304480218,0.039807540739819985
3.409203705841,0.03928717052826921
3.410091082383,0.03716101231748878
3.410930558331,0.03733067720125218
3.411774227332,0.023301965904421997
3.412300835079,0.03472418682041659
3.413086070753,0.02703623971248547
3.413698061146,0.03577234290345711
3.414507754703,0.03715356603192863
3.415348566384,0.01996762987917762
3.415800495696,0.04141154100139222
3.416737262391,0.03666702261246772
3.41756652893,0.03875853776726598
3.418443350183,0.03618257198968567
3.419262671385,0.03491775501827364
3.42005440362,0.036930281274253726
3.42089247938,0.038488945039534435
3.421766884655,0.037383310677786726
3.422616888533,0.04073107966136119
3.423543133631,0.021475918156312203
3.424031477637,0.021640786563051382
3.424523516027,0.02837238437464283
3.425168381175,0.03838694210778937
3.426040065871,0.03747018646701057
3.426890317591,0.03871146732580234
3.427769385796,0.0395354143764686
3.428668646771,0.02114419067744739
3.4291501862,0.026781152211626257
3.429760267042,0.029779839436479952
3.430438499368,0.02887546357226203
3.431096211068,0.023174418856541545
3.431624492587,0.03268881849590666
3.432370300594,0.037641949287433675
3.433229686457,0.033442228096468386
3.433993329829,0.03844881376612478
3.43487119515,0.03626938769359814
3.435699856366,0.03750918229723678
3.436557755131,0.032156359347245915
3.437293278096,0.040260712798025025
3.438213997584,0.0421179816377483
3.439177925547,0.03537064867829083
3.43998827585,0.0414107411086151
3.440937361151,0.03074485857802691
3.441641870669,0.026088336515062947
3.442239554237,0.03332345172557117
3.443002963499,0.039564459791805576
3.443908845439,0.038802431361983206
3.444796718983,0.032448654858442116
3.445539438341,0.04273381510209823
3.446518541919,0.025515693363826815
3.447103396089,0.020323487285923907
3.447569071024,0.04194384695562536
3.448529670155,0.03932507817383843
3.449429697389,0.03764447428852981
3.450290866139,0.03429915101899023
3.451075379411,0.03677657900468023
3.451916833543,0.036148110054155747
3.45274487893,0.032782384652404954
3.453496779792,0.033778055212212575
3.45427254468,0.03700785317999836
3.455123730811,0.039066117601106294
3.456022234295,0.039396969622902504
3.456927616352,0.04112750067617111
3.457872593652,0.04359203363360423
3.458874974213,0.03754174890789757
3.459738655087,0.034658376507428694
3.460535702828,0.016584405334438893
3.460917004892,0.03309836609484091
3.461677843044,0.040430614083043714
3.462607742837,0.03791734917045384
3.46348039888,0.03650623737739235
3.464320783226,0.021332446400858948
3.464812149215,0.02881853638325879
3.465476401025,0.03989661582478132
3.466397089557,0.03000676860739776
3.46709020447,0.03538307490323809
3.467907877867,0.03826349482269039
3.468792604502,0.03706737920340612
3.469649897627,0.04223458579419327
3.470626794984,0.03615584618707184
3.471463188384,0.03021708465313897
3.472162514163,0.033942345769254804
3.472948338725,0.035014915554543766
3.473759422009,0.02938628124242503
3.474441338749,0.036869852158238535
3.475298182855,0.03893680094320471
3.476203072068,0.04069774161536045
3.477148948257,0.03944418824701983
3.478065853163,0.0434213168615754
3.479075208896,0.038110838965741696
3.479961027811,0.04262766990957309
3.480951557022,0.03933854761747472
3.481865248493,0.015693867159858415
3.482229589253,0.03781289544481147
3.483107368685,0.04123993606547334
3.48406448399,0.03818255798217042
3.484950635174,0.03113923757391516
3.48567376365,0.04122181893304694
3.486631248218,0.03875026616966346
3.487530966837,0.04197085815296705
3.488505102712,0.039529185101750526
3.489422490659,0.033920891139825896
3.490210272155,0.03564528359194537
3.491038687607,0.03393408736996144
3.491827186084,0.03867305557633502
3.492725915853,0.03859970960610226
3.493624525448,0.033612032016300426
3.494408400764,0.04109450894515628
3.495367562046,0.02812353885582953
3.496024458025,0.029474459986719374
3.49671298749,0.038545005625595014
3.497612881324,0.04141811002436294
3.498580069727,0.03403896811977729
3.499375812463,0.03949499584664412
3.500299424812,0.037566269897697485
3.501177987067,0.038241033079416537
3.502072765173,0.03971230890479252
3.503002405004,0.03666056985939896
3.503860961905,0.034269674842633144
3.504663824194,0.02536463537611319
3.505258015646,0.03709212750539632
3.506127444446,0.03754735944895191
3.507008622197,0.023431052401877248
3.507559001475,0.030016499278909533
3.508264310688,0.036839833649388656
3.509129684328,0.04168803409699183
3.510109162885,0.036933943858962086
3.510977598107,0.03890747605756834
3.511892364754,0.03373495932255742
3.512685225973,0.03368480890260035
3.513477274927,0.037287277562272195
3.514354851852,0.03460189611534872
3.51517000525,0.039541585238466
3.516102364893,0.027065942112366723
3.516740771331,0.03460668481485254
3.517557017755,0.03423603892386302
3.518364493143,0.03406488143434421
3.519167720743,0.03800616463513806
3.520064377575,0.033847272868457214
3.520863463059,0.03750246100669803
3.521748553729,0.038259947712537476
3.522651622684,0.03945552497634312
3.523583847788,0.03179033719070308
3.524335601405,0.04057917197516679
3.525295406957,0.04244794882328784
3.526300195738,0.04160182262628977
3.52728551092,0.032965088519568274
3.528065526001,0.03321499404293609
3.528850935848,0.03851287024236039
3.529761722058,0.036290244771291606
3.530620765666,0.03711478275516849
3.53150016583,0.040199122749856146
3.532453334918,0.040056828640665475
3.533404214053,0.040304128361725096
3.534361108231,0.03881185017953212
3.535282380178,0.03894533554096108
3.536206401832,0.038038172730981146
3.537108590895,0.03792993445980281
3.538008717682,0.03434996063418048
3.538824062666,0.03844905202127495
3.539736722918,0.03591083071429082
3.540590102851,0.04007308709974191
3.541544222033,0.04011867842249171
3.542501004953,0.0391648747287994
3.543435809265,0.03780817023272583
3.544338206256,0.0408558128240862
3.545313175355,0.0419947500616144
3.546315161032,0.0370421279486915
3.547199306574,0.036475346227361205
3.54807018918,0.03586978205548752
3.548926527235,0.03752706793164394
3.549823361416,0.04060324170871287
3.550795046216,0.03569710454212296
3.551650120261,0.04171300260193092
3.552650152675,0.037770068657985996
3.55355609014,0.03771443368480297
3.554460603254,0.041794879281878694
3.555462833444,0.04053555761864275
3.556435016958,0.03394980044312501
3.557249104538,0.019950188817206206
3.557727190427,0.03848233478783714
3.558649123134,0.04177358714282336
3.559650669499,0.03914954500008713
3.560590298457,0.03906832203389464
3.561528565151,0.03755572793165431
3.562430813544,0.03936967014169019
3.563377276978,0.04114581930573221
3.564367820723,0.03870165861461154
3.56530009423,0.036459348026307375
3.566177928241,0.03719225516058145
3.567073062916,0.0384193922191153
3.567998067733,0.03800940077097972
3.568914275251,0.03694585212540974
3.569806529535,0.03883461278585099
3.570745864217,0.03907984390128098
3.571692004507,0.04037560335309007
3.572670359165,0.03574852386713976
3.573537072135,0.03693326745849416
3.57443267727,0.04139081345752223
3.575437452441,0.04056064007661544
3.576423128972,0.03999816718764396
3.577395002801,0.04102738227414486
3.578391706205,0.04122458817740795
3.579392682866,0.04009027825909188
3.580366160452,0.038926478223453555
3.581311685782,0.0392290927713425
3.582264262723,0.04122124607699586
3.583265501958,0.041215619158008664
3.584267714094,0.04110501600000256
3.585268230519,0.041413958209017415
3.586277240532,0.04107845191554113
3.58727816601,0.04058469235923663
3.588266330341,0.03929253693689814
3.589223447138,0.03927724686286493
3.590181183975,0.03973258084820333
3.591150835254,0.039938840945760855
3.59212627663,0.03739038444958962
3.593039844113,0.0407323142482666
3.59403520458,0.040946119113125824
3.595036440943,0.04099979275065233
3.59603966571,0.04153849637805976
3.597056354332,0.03755864832092906
3.597975731522,0.040203718232713015
3.598959873645,0.04124686938420418
3.599969895356,0.008608372292761377
3.600180787311,0.040882916946532434
3.601183286827,0.038302882412993094
3.602123408598,0.039233237734253475
3.60308739628,0.03897405602674966
3.604046431895,0.03868273029291877
3.604998627051,0.04102271645753482
3.606008468448,0.04092162994625799
3.60701641667,0.0396534272651718
3.607993742192,0.04073428496321932
3.608998326862,0.03946846225686345
3.60997196934,0.04101151048083814
3.610984344326,0.040876302191803195
3.611994309142,0.040640411904202485
3.612999056511,0.04051265155651138
3.614000881963,0.04042599104747704
3.615001198047,0.038588696437494956
3.615957249214,0.04049549767056003
3.616961137417,0.04045450665345928
3.617964310015,0.04058433336313683
3.61897101266,0.03485428239684822
3.61983580318,0.03700283397047949
3.62075421368,0.03841092846500037
3.621708498398,0.03796964636867467
3.622653083107,0.039539309013502
3.62363791955,0.03935301992205906
3.624619612446,0.03767137150338622
3.625560384179,0.04026008854863703
3.626566131286,0.0378608508686849
3.627512026587,0.038103013980522064
3.628464491918,0.03631612977870851
3.629372475735,0.04032126516357074
3.630380852602,0.03362647546357448
3.631222426195,0.03626571957198005
3.632129896869,0.0380408655996923
3.633082098769,0.04005207281515029
3.634086633191,0.04006599604969334
3.635093438944,0.03645618074274886
3.636009739852,0.038025524346904704
3.636965215118,0.03841979241176779
3.637931529579,0.0392984596377985
3.638920865483,0.039978747112100234
3.63992778233,0.03590808886108131
3.640833062063,0.0385600872840857
3.641805477505,0.03789814629332146
3.642761876373,0.036978086598238986
3.643696542085,0.017236044965299492
3.644132502522,0.03793877526768692
3.645093170181,0.03918430047044836
3.646086354881,0.039473321680512694
3.64708725808,0.03685771982861791
3.648022403,0.0399169743436845
3.649035716803,0.039888567589618784
3.650049029246,0.03948110148245643
3.651053066817,0.0395561861054145
3.652060441234,0.03843880631333361
3.653039528756,0.03838505927548833
3.654016370538,0.03886098410588057
3.655005193353,0.03719061906964824
3.655952135366,0.03850591656041447
3.656933109302,0.03864565666763569
3.657918071199,0.03929950767394772
3.658920458348,0.03918539570457318
3.659920953616,0.03886263784530475
3.660914340255,0.03739260898898661
3.661871064345,0.03926599470182674
3.662876237595,0.03920109198831459
3.663880186433,0.039196084559822424
3.664884507225,0.03645947279832064
3.665818501648,0.03579669293859432
3.666735283529,0.03908919821274006
3.667737123193,0.037144390841442124
3.668690896126,0.038894758559071665
3.669692103778,0.03893718646934853
3.670696068957,0.038900794343607006
3.671700112506,0.03891342961057962
3.672705464124,0.038893864146772233
3.673710385256,0.03826618386961479
3.674698253703,0.03875602457529672
3.675698400294,0.038871302748732656
3.676702352195,0.03904345222620616
3.677711656455,0.03875171514932733
3.678714500484,0.039171608111073786
3.679729111343,0.038024504766244936
3.680714410918,0.0387481957839466
3.681719082793,0.03748115593022875
3.682691244559,0.03870928901055518
3.6836961188,0.03859114876430038
3.684699472708,0.03723499007076967
3.685668419367,0.035996972418948316
3.686605200317,0.037647186409892175
3.687585543344,0.03836745302201816
3.688586058074,0.004618582747366199
3.688706602197,0.0384078889403305
3.68970958607,0.03866606778209001
3.690720042571,0.03779369196231166
3.691708457546,0.03827508512934138
3.692710156146,0.038550970061466204
3.693719960042,0.038232628988233555
3.694722196237,0.038458113358761405
3.695730977576,0.038217730359523736
3.696734350235,0.03794888527824746
3.69773073531,0.03688974372668496
3.698699197626,0.037548389354139386
3.699685618522,0.03778340764809489
3.700679552324,0.03708942864350853
3.701656722909,0.037301130227204986
3.70264132868,0.03813466516693891
3.703649159401,0.037475705913395996
3.70463988391,0.037668356656791
3.705636823176,0.03669969253435936
3.706609285416,0.03772729336284364
3.707609693103,0.03791215125805009
3.708615362617,0.03776445280518465
3.709617681366,0.03792234481613079
3.710624782228,0.03783397449008921
3.711629984698,0.03775300761873801
3.712633372438,0.03739599701725148
3.713627340777,0.038004137564618456
3.714638622732,0.0376883531580526
3.715643258488,0.037939027343382406
3.716655286249,0.037680077988482996
3.717660529224,0.0379210772274288
3.718672617345,0.03764444633327955
3.719678083754,0.03753484294506019
3.72068196626,0.03767645513486831
3.721690330619,0.03755785081206475
3.722696067915,0.037355986499205615
3.723698186049,0.03741288712102507
3.724703191902,0.03672327435026564
3.725690023113,0.03781956419250598
3.726707212839,0.03715574675403276
3.727707706623,0.03715301208815017
3.728709419482,0.027445405126384884
3.729450095562,0.0370567449290615
3.730450621179,0.0372016379814896
3.731455421662,0.037049090419528495
3.732456197151,0.03714707411832416
3.733460966497,0.0371142985915814
3.734466826575,0.03689217929975405
3.735467325456,0.037052179839837926
3.73647139649,0.037252956151609146
3.737480406473,0.03725705547261526
3.738490284688,0.03719509048122928
3.739499971672,0.03707022339417735
3.74050750825,0.0370279332888847
3.741514579339,0.03688524255142738
3.74251812903,0.03687173183768062
3.743521632117,0.036782616515566864
3.744523105867,0.0366842820424134
3.745523166147,0.03688998239271523
3.746531033458,0.03709679257080567
3.747546111443,0.03658902341279259
3.748547658523,0.03654836003038007
3.749548549689,0.03679038242427194
3.750557215568,0.03678291163894624
3.751566767612,0.036817338642943356
3.752578291136,0.03644793884353737
3.753580617426,0.036895763712673835
3.754596051645,0.036342712497842204
3.755597069662,0.0362314385998531
3.756595676463,0.03643766060574138
3.757600136355,0.03631935066363248
3.758602602933,0.03642774823672232
3.759609805189,0.03645018634695763
3.760617831387,0.036440147211976755
3.761625492603,0.03640367181446678
3.762633040641,0.03613038562270246
3.763633971333,0.036100870615910496
3.764634294748,0.036415919916616656
3.765642998163,0.03614896236592383
3.76664415182,0.008752088107248654
3.766886616029,0.028442097409838843
3.76767482319,0.030376487852035547
3.768516781314,0.030289849534339396
3.769356077439,0.031979678125748354
3.770242571506,0.030846891143256477
3.771098681006,0.03131630855202306
3.771968532873,0.030914286626366128
3.772827691649,0.031457032000262446
3.773702300585,0.03173344054589684
3.774584528013,0.03172933397397069
3.77546598956,0.031151368581772584
3.77632985365,0.03082989910577309
3.777183012953,0.03119962853723123
3.778045103313,0.03245732429376563
3.778941124237,0.030097137894131737
3.77977157676,0.03257843200335755
3.780669516241,0.030978173771266722
3.781522674279,0.03075581682263905
3.782369572775,0.031388212486667906
3.783233395878,0.027706316778511913
3.783995433345,0.028537791379042523
3.784780064068,0.03145557494108801
3.785644683358,0.030930891914569644
3.786495396031,0.03238937651129442
3.787386995886,0.031220985093745667
3.788246676306,0.031866079916937205
3.789124595718,0.03165717981419824
3.78999723054,0.031143385997039058
3.790855860998,0.03200252078550586
3.791738384759,0.03201731955726256
3.792621991885,0.03368283771118709
3.793552512999,0.028875513946560915
3.794350661226,0.03115355128699352
3.795212231803,0.03152747334894022
3.796084815838,0.0321294758248977
3.79697448797,0.028766995058212553
3.797771367738,0.03209969508983173
3.798660971133,0.032225408123530724
3.799554436959,0.028953266790896295
3.800357196171,0.030368254457849426
3.801199037094,0.023976877646721906
3.801863858779,0.03204308980341942
3.802752964117,0.03210419507973914
3.803644548766,0.028413525755350423
3.804434287478,0.029143923011504824
3.805244816803,0.030980689234472173
3.806106148439,0.02888266226987691
3.806908787782,0.030222851766462337
3.807749107602,0.030414945449411108
3.808595608741,0.029636551555065123
3.809421073798,0.03056957855737895
3.810273142189,0.031047987685337446
3.811139412604,0.03138503156657105
3.812015914139,0.031146348177940663
3.812886232894,0.030265085609334615
3.813732181074,0.0306502944691426
3.814588997406,0.029108021619361844
3.815402761758,0.03180423850581653
3.81629211547,0.03272359120201476
3.817208083359,0.031536283437920046
3.818091824616,0.03092661409902964
3.81895903898,0.030795450293030505
3.81982305972,0.030493188446362528
3.820678816933,0.028881344156298564
3.821489776302,0.03104378262052132
3.822362323353,0.028490838698223747
3.823163882906,0.03185237456111734
3.824060880186,0.030773931445630485
3.824928473209,0.033730456779452765
3.825880171338,0.029334962642274354
3.826708156466,0.03091285833733201
3.827580964998,0.03161497613559146
3.828473959482,0.030681511860266047
3.829341080793,0.03223934710826759
3.830252922603,0.03017728055251004
3.831106937681,0.031720369439945974
3.832005121502,0.031284301480975836
3.832891487119,0.03190917443091807
3.833795835834,0.03267895387937923
3.834722398558,0.028328397981364134
3.835526280295,0.028674576299356245
3.836340893264,0.028303469922380815
3.837145666717,0.031138235576630736
3.838032223668,0.02791461758366588
3.838828840501,0.03146367384558864
3.839728311655,0.03132442734941957
3.840624479087,0.030786931766269534
3.841506117103,0.03161128344831005
3.842411853119,0.03067340107304434
3.843290593497,0.031057790920168044
3.844180539375,0.03070523586617319
3.845060974463,0.03169096839991636
3.84597006174,0.03359954472245631
3.846934469162,0.031908205763283
3.847851712855,0.03240319500941282
3.848784117705,0.03104740037465786
3.849677422268,0.029835554801912967
3.85053598327,0.02911056618389532
3.851374271799,0.02952603361891004
3.852225085363,0.029698117639582106
3.853081808341,0.030539504174404937
3.853964262223,0.028979049579940606
3.854802882639,0.029666464617250563
3.855662522813,0.030454084931198767
3.856546026886,0.028809697179502058
3.857383074423,0.03091655630333397
3.858282490154,0.03133953575186155
3.859194657225,0.03072733607787414
3.860089210401,0.030542461642912595
3.860978549853,0.03240537906909245
3.861922234109,0.028109477396010055
3.862741103994,0.03155461701275755
3.86366132423,0.02941159748206995
3.864520023771,0.0324484590984241
3.865468337968,0.030189693855907387
3.866352091628,0.029439946323312458
3.867215006527,0.027187418975382825
3.868012381038,0.03167487433415242
3.868942084368,0.029598980637881453
3.86981238222,0.03352195589732655
3.870799628494,0.031447766786944956
3.871726297142,0.03007783412059485
3.872612629478,0.03416793825932996
3.873619397698,0.03182867889926873
3.874558148394,0.013662648642978578
3.874961509403,0.030884297655207813
3.875873106072,0.032708175530064894
3.876837877194,0.0336107674992605
3.877829228197,0.028891240217757883
3.87868244976,0.031058930539578502
3.879600976204,0.03033639502074444
3.880498671337,0.030686161371681668
3.881407456829,0.030886144862848627
3.882323261732,0.02888305740267168
3.883180992864,0.032408021936633204
3.884145138581,0.03149671629610828
3.885083697395,0.031384920521737504
3.886020046172,0.031113131752289275
3.886949037722,0.03371017936985295
3.887956108398,0.031014797312711014
3.888883169277,0.030779576699726124
3.889803185389,0.029520484390280818
3.890685170488,0.03161709538919162
3.891630289484,0.03053927562502096
3.892544581517,0.028759939602046366
3.893406921585,0.030116088490950637
3.894310902078,0.03171323980715252
3.895263890307,0.031305951182821805
3.896206076434,0.033399393325641284
3.89721241911,0.030127688262491015
3.898121267406,0.02968004189302773
3.899017636608,0.030052366983246693
3.899925554575,0.031528195664494434
3.900878581725,0.029911143994011995
3.901783378126,0.028932139661349783
3.902659101155,0.027603278696665595
3.903495042586,0.02952760336960444
3.904390188758,0.02978253343365025
3.905294676591,0.02870130177840821
3.906167740644,0.030193674279053895
3.907086935191,0.03166498686111781
3.908051101537,0.03156065960173713
3.90901224152,0.02844146858305045
3.909878594167,0.030985354356294143
3.910823004089,0.03208603400572466
3.911802375015,0.013410646834717679
3.91221223276,0.029798367093441722
3.913123251035,0.028982937270725737
3.91400922611,0.030185192936432802
3.914932489246,0.02956832314468726
3.915837759447,0.02951168697787812
3.916742664146,0.03207678812398312
3.917728635964,0.030335127012719502
3.918662677812,0.030265970258790367
3.919595506728,0.03090491763690054
3.920549155684,0.030013050974707675
3.9214763169,0.03014711184257695
3.922407539896,0.028722311634096425
3.923294573264,0.02840200533077438
3.924171988051,0.03089349376680943
3.925127008449,0.030837600924701312
3.926081651118,0.029773906196235878
3.927004570799,0.02678132642296751
3.927835634371,0.031115428090266375
3.928801926322,0.030499393395487788
3.929750155238,0.030716707998444424
3.930706613906,0.02832200176133566
3.93158967023,0.02821434999616156
3.932470239257,0.02884578319152038
3.933370854462,0.029089642802055553
3.934279837043,0.029611163310351872
3.935206541477,0.02767088929207418
3.936073414757,0.028610866492961223
3.936969936299,0.027785191821447747
3.937841287741,0.030797057512067808
3.938808207746,0.02719352579720411
3.939662663034,0.02821527874529219
3.940549859747,0.028157941705133232
3.941435960446,0.03051015062975713
3.942397198783,0.030031784811065065
3.943344690613,0.03172564472280772
3.944347080307,0.03132591218539671
3.945337653172,0.03085004014769264
3.946313449647,0.03167823305428632
3.947315748159,0.025361573461178434
3.948118422805,0.030210525559178754
3.949074503258,0.030977986507729295
3.950055051265,0.029187184975420503
3.950979525223,0.02834391458508329
3.951877583403,0.028186542457353105
3.952770817656,0.030502034694430184
3.953738294176,0.02885855002669101
3.954655382452,0.029701348753618115
3.955600769082,0.030288907289195248
3.956566147605,0.031745657473684345
3.957578959377,0.028352292345752546
3.958483926872,0.03002194830817558
3.959442333735,0.028481073260524098
3.960351460651,0.030210566996201456
3.961316357005,0.03144422984633748
3.962321513449,0.03150168182281601
3.963329090137,0.03117380843296925
3.96432682225,0.028975335896360425
3.965254829253,0.029845024591417385
3.966211299686,0.027974984683729505
3.967108823607,0.030275148082525728
3.968081636855,0.03134475945232831
3.969089981511,0.03130099266027341
3.970097781358,0.030396135766608576
3.971076543995,0.03129154587538513
3.972083864893,0.030498975746016743
3.973066322647,0.027442307442737995
3.973950988663,0.030485706119927524
3.974934616157,0.02856516973082114
3.975857749446,0.027789586393091068
3.97675741906,0.030833717324800503
3.977757239453,0.030408933852373643
3.978744559394,0.030379199079870984
3.979731329169,0.030839664160579112
3.980732854673,0.029133026103373275
3.981679415595,0.030096324565542565
3.982658133877,0.028742744472425245
3.983593873614,0.00591782487009438
3.983786726968,0.029469643810401538
3.984747756519,0.030636276313483087
3.985747594562,0.030948209251744626
3.986758519205,0.029318320087520718
3.987717123141,0.028954367204567552
3.988664353162,0.02856656724618908
3.989599041538,0.02861820002158125
3.990535570591,0.030696572431086557
3.991541090885,0.03042668756534167
3.992539672722,0.030516950672789783
3.993542683024,0.03063807830038501
3.994550216927,0.029860625525142466
3.995533032085,0.02920539426052365
3.996495162084,0.028810878752402465
3.997444879449,0.030620389463117074
3.998454600044,0.02892721139113199
3.999409038263,0.030450708444740585
4.000414434983,0.030363403238397764
4.001417339096,0.029088330763227244
4.002378629873,0.03003811721026105
4.003370961659,0.028567146464104343
4.004314350719,0.02854321967349136
4.00525768368,0.030263028273572492
4.006259046816,0.02977943153398096
4.007245977093,0.030178186255524382
4.008247861068,0.030158372057947774
4.009250172181,0.028008085232575232
4.010181432776,0.030531747765919274
4.011196669762,0.030184692925499544
4.012200953596,0.029914954667475874
4.013197141056,0.030204046346955844
4.014202747785,0.0301283458195586
4.015205445343,0.030197553028353134
4.016210826087,0.0300267098529944
4.017211401859,0.028211775465809632
4.018152171124,0.030091996369129154
4.019155988695,0.030007159379950063
4.020157601931,0.02890824440093312
4.021123354015,0.01911694092471792
4.021762290088,0.029193392915551827
4.022737982945,0.02886679014413208
4.023702912716,0.03001173840106662
4.024706739946,0.029445860024732193
4.025692298904,0.029910327267499672
4.026694397923,0.029413032356528816
4.027680587323,0.02778900666477603
4.02861301447,0.029179415963725974
4.02959292091,0.029146036851188807
4.030572582157,0.029794687253968305
4.031575403549,0.02833065242506709
4.032530067834,0.030100488624607645
4.033544987566,0.029832337522010796
4.034551383598,0.028793474028850206
4.035523745491,0.02978151611376309
4.036529832872,0.0297841299726515
4.037535746439,0.0297623163030087
4.038541524229,0.02921513560856669
4.039529777814,0.02820876351827364
4.040484586962,0.029401954182069406
4.041480501119,0.029545348346570476
4.042482618029,0.02917704369667289
4.04347399704,0.029218176882530204
4.044468156832,0.02922636998955211
4.045463297142,0.029399475831894412
4.046464635454,0.02967354162660697
4.047475245537,0.029518757993797586
4.048480646038,0.0291356340932431
4.049474156388,0.028283205131534837
4.050439592426,0.029279380609489893
4.051439613659,0.02889305835194177
4.052426984662,0.025834702273041448
4.053309614404,0.028644294124177953
4.054288338375,0.02932388134246024
4.055291677152,0.02934090840294368
4.056297445533,0.028674404483526848
4.057281868744,0.029175906467324545
4.058284209236,0.029361270923745957
4.059293403905,0.02753723941388298
4.060240876123,0.029197180248147773
4.06124630503,0.020438182893519074
4.061950532181,0.028624102968920453
4.06293741873,0.029386702417733217
4.063950979143,0.028038415182904303
4.064918757979,0.028992985893364204
4.065920658395,0.02882487141407307
4.066917351972,0.029072442473520803
4.0679225704,0.028622769537082777
4.068912305784,0.029073329961906848
4.069918071805,0.02879806551428713
4.070915088221,0.02798447402331587
4.071885001215,0.02898591215683987
4.072890750277,0.028785723207275456
4.073891165345,0.025971326480332346
4.074795440899,0.028990233830079405
4.07580552713,0.025750848808808558
4.076703088797,0.025899733885564415
4.077606497319,0.02896056005876969
4.078617804292,0.026816060696768503
4.079556188422,0.026782979457164888
4.080494436545,0.02901776821878925
4.081511464401,0.028646269440891044
4.082516942331,0.026920150720753298
4.083463115573,0.02697598314413706
4.084411479042,0.028610719780538786
4.085417625467,0.027056747695274646
4.086370673688,0.02855780617718325
4.087377948281,0.026632522766917043
4.088317909218,0.02852990475822974
4.089325338875,0.02840399023377661
4.090328948223,0.02850737308486323
4.091337716593,0.02857257303209198
4.092350267753,0.028447717352476316
4.093359011239,0.028265829087793244
4.094361501612,0.028485248588619057
4.095372095809,0.02797333353611843
4.096365662741,0.027017187667302187
4.097326572422,0.028252768155357474
4.098332293057,0.028171871637544744
4.099335788791,0.013618567163232684
4.099821097204,0.028206965229828775
4.100826676044,0.028055003078841675
4.101827885972,0.028058533050815702
4.102830217267,0.027917562491194262
4.103827991267,0.028127302453436767
4.104833752505,0.027962654731399035
4.105834295843,0.02758820053156111
4.106822354319,0.0279327272713893
4.107823365994,0.02825672841972084
4.108836370989,0.027938244142604873
4.109838897601,0.028144333891922054
4.110849446755,0.02788288110188231
4.111850305186,0.02810468454002186
4.112858737308,0.028011656131083335
4.113864461928,0.028287105348458904
4.114880809359,0.028098236622951935
4.1158910226,0.027936901249538702
4.116897023986,0.028030834015657924
4.117908021564,0.027847381951757306
4.118913586054,0.02793079193548861
4.119922971602,0.027909525959555582
4.120931726145,0.027175029633884334
4.121913615202,0.027766694328330135
4.122916650728,0.02785406547101782
4.123923534384,0.027883260520842508
4.124933037682,0.027699031870045545
4.125937395512,0.027621257454484203
4.126940161023,0.027108210476713322
4.127925279606,0.027793698217906167
4.128936329714,0.027737049152261772
4.129946509166,0.0264879855849564
4.130912046936,0.02748790433347042
4.131914184773,0.027711211522948365
4.132925164946,0.025362257616794625
4.133851896232,0.027683011786775825
4.134864368013,0.027029667747128956
4.135853915423,0.02747890862964082
4.136860959939,0.02734343155135336
4.137863938214,0.027383615502241474
4.138869258026,0.02750439419408804
4.139879845944,0.02621456092941094
4.14084383932,0.027407657092483953
4.14185173251,0.027386709078944353
4.142859150749,0.02673651326516138
4.143843379519,0.02722422760430523
4.144846054132,0.02748269183148562
4.145858208533,0.026712681807470516
4.146842192375,0.027193971709470282
4.147844845935,0.02664513488671995
4.148828089031,0.02718259256864837
4.149831019676,0.027160978941465276
4.150833477491,0.027221047213391237
4.151839783126,0.02726540510636699
4.152848300255,0.0270329625270782
4.153848315675,0.027154872383008784
4.154853678884,0.02713527901575229
4.155859064318,0.027133503732136317
4.156865254755,0.02722801091825542
4.157875309189,0.02702541091533438
4.158877616646,0.024765847189332245
4.159796843905,0.027141162413234634
4.160805414894,0.026935590866150744
4.161807862674,0.026894632514923023
4.162810271368,0.026826824577120146
4.163810337961,0.02696814443289128
4.164815925486,0.02680970347983462
4.165815955237,0.02688189558573382
4.166818325864,0.026983694704990072
4.16782420324,0.026966152645947657
4.168829951284,0.02695401936597091
4.169836275841,0.026812891070221254
4.170838105763,0.026766765741044467
4.17183843355,0.026987942599779945
4.172846844182,0.026982567352402297
4.173855506043,0.026820837829171763
4.174859418061,0.026893662147427076
4.175867282656,0.027069551777267623
4.176882104175,0.026835282819653784
4.177888116163,0.02683915262753486
4.178894971706,0.02677433954165837
4.179900250181,0.02687423051966609
4.180909963201,0.02658386502089336
4.181910076009,0.026768866154911763
4.182918619449,0.026649829456695036
4.183923812783,0.02653896583415239
4.184925845069,0.02650660716662794
4.185927410039,0.026513366029221098
4.186930005805,0.02681417272410374
4.187945475661,0.01761002713153435
4.188613469355,0.026089499418136954
4.18960383859,0.02644389196511499
4.190607742943,0.026700477445923573
4.191622292393,0.026445832140111477
4.19262828396,0.026480422108830212
4.193635448557,0.02650657998828867
4.19464387717,0.026493460817226828
4.195653170228,0.026392768361353618
4.196659987748,0.026198443442833924
4.197660040596,0.026263812139593074
4.198662627744,0.02629403591497843
4.199666234957,0.026323228946458443
4.200671332153,0.026314553779354086
4.201677125047,0.026145374731323865
4.202677390729,0.026280660258866932
4.203682744853,0.026317715001645613
4.204688861534,0.026290156000238214
4.205694605741,0.026121382904456595
4.206695798947,0.02605586171152641
4.207696364469,0.026132945306622184
4.208701469483,0.02610644345871136
4.209706613591,0.025999050897231406
4.210708103424,0.025960932051128097
4.211708923898,0.02593934058470702
4.212709385151,0.026018756076137708
4.213712987347,0.02612731405524312
4.214721727471,0.02588496379096541
4.215722498854,0.0260231828641984
4.216729221327,0.025998919473998502
4.217735904227,0.025809095823662406
4.218737113922,0.02592392935672189
4.219744356098,0.025796799409653324
4.22074748769,0.0259085959622267
4.221755498431,0.025711199081308807
4.222756406009,0.0259511927555358
4.223767173193,0.025769651250610374
4.224771906145,0.025818983932331167
4.225779666384,0.025619676057271817
4.22678055901,0.025585523433248776
4.227781752386,0.025732770351897125
4.228790647808,0.02553414383257386
4.229793024111,0.025665033384662597
4.230801332101,0.025658077722759243
4.231810191045,0.02548615195665286
4.232813333443,0.02549276098482575
4.233817364943,0.005982767521200125
4.234052981078,0.025667850996216976
4.235064121144,0.02546568035737201
4.236068727336,0.025374815552141616
4.237071512344,0.025397050706926553
4.238075503767,0.02543361214363376
4.239080758423,0.02556844451692373
4.240092667032,0.025428622398011393
4.24110094911,0.025227628744365956
4.24210226481,0.025411849307296227
4.243111189429,0.025220376257100063
4.244113243609,0.025242148432009077
4.245117926457,0.025096493571085964
4.246119115307,0.025136705249730346
4.24712349398,0.025189796043266616
4.248129874584,0.025189985713386962
4.249135773655,0.025438218719551518
4.250152393149,0.02514911273875381
4.251158914056,0.025239158278259212
4.252170216458,0.024937946951369014
4.253170406011,0.02502391581489412
4.254173912421,0.025157433142570962
4.255182000163,0.02541309046495073
4.256200893601,0.025067042161782915
4.257208155064,0.024947210087544098
4.25821260317,0.024847005396479258
4.259213574275,0.025180437409951305
4.260228719862,0.025252922793179828
4.261248564364,0.024889003501861445
4.262254911579,0.024758343073795642
4.263256296588,0.024733301179207728
4.264257840184,0.024770346817985702
4.265262218069,0.02471042461752784
4.266264995302,0.024734022089094105
4.267269918133,0.02466050427057947
4.268273228202,0.024769860086418533
4.26928223311,0.02465139218143299
4.270287802548,0.024489630610604128
4.271288358796,0.024582116946008817
4.272293419421,0.02472248407679227
4.273304742755,0.024521329608256988
4.2743094029,0.024674199184837778
4.2753214682,0.024468110536794745
4.276325648975,0.02458567145463505
4.277336566634,0.02452289855277914
4.278347769225,0.024465144606054295
4.279358528413,0.024281661443921174
4.280362756024,0.024282847570869192
4.28136776825,0.02426089846396804
4.282372646318,0.02438500961069248
4.283383629154,0.010415825221439952
4.283815691632,0.024151968518265402
4.284818028845,0.02422334236837495
4.285823931261,0.024467567636080427
4.286840553544,0.024250114677466617
4.287848589081,0.024143602595376602
4.288852917452,0.024074494983901587
4.289855441785,0.024005798860429597
4.290856261301,0.02410110964347092
4.291862360176,0.024202862471139956
4.292874373902,0.023874746441742072
4.293874550472,0.023931438013346604
4.294878131773,0.023967014418718888
4.29588386842,0.02390302687257075
4.296888147677,0.02382014060251788
4.29789001145,0.023766592889002673
4.298890344487,0.02385524812061652
4.299895640814,0.023776065250826806
4.300899275751,0.023840122029000394
4.301906788576,0.02376787504423396
4.302912145259,0.023749613540455003
4.303918048493,0.023872979762431214
4.304930281485,0.023791141232224783
4.305939698789,0.023611323766489764
4.306941938458,0.023704966831632736
4.307949091237,0.023589655640165966
4.308953183317,0.023695684952888763
4.309962747113,0.023641267804770248
4.310970039338,0.02369376463345832
4.311980297173,0.02355937081449856
4.312986594931,0.023681585424645508
4.314000052097,0.023526509037105327
4.315008151836,0.0233773382982296
4.31601109334,0.023561297770034774
4.317023504661,0.023458372595171147
4.318033282105,0.023262772016684703
4.319036311268,0.023248943793764874
4.320041191911,0.02312079931017569
4.321043866478,0.02318742781752712
4.322052247551,0.02317707921929965
4.323061837462,0.0229865513964443
4.324064512773,0.022924558334337024
4.325066251521,0.023036036032079116
4.326074495091,0.022909672353351444
4.327078118052,0.022841523910900156
4.328078989769,0.023017379092097872
4.329088087634,0.02077130964732117
4.330000232584,0.022741861552115394
4.331001532386,0.020967042570006384
4.331925741507,0.022656387465081116
4.332924421714,0.02271180932257129
4.333926731491,0.022858562914268143
4.334937260153,0.02266877796921673
4.335940011069,0.022694515760366588
4.336943598323,0.023099730463938893
4.337966032913,0.022868939739138967
4.33898109578,0.022565936754647437
4.339986335938,0.022527061233624066
4.340993238754,0.02252496823013412
4.342002701397,0.02238880646165918
4.343008094018,0.022260089987388685
4.344009427668,0.02253472175862295
4.345025167279,0.022254772496026202
4.346030313905,0.022428393170093888
4.347044327643,0.022116783157167984
4.348044949498,0.022099401593121445
4.349046059753,0.02215844301074089
4.350051060208,0.022052446625389147
4.351052159011,0.022489657243032864
4.352073702659,0.0220418416080393
4.35307483488,0.022090356456803406
4.354078769587,0.022050216446784197
4.355082572718,0.02195648696816881
4.356083173256,0.02207095610685167
4.357089037935,0.022276009085844678
4.358104740698,0.022059587614069107
4.359111407336,0.02192581948271175
4.360112342484,0.022043566539376946
4.361118879551,0.022015738133322988
4.362125002451,0.022192841590889877
4.363140911906,0.02222247675411802
4.364160131038,0.02205240428842731
4.365172694397,0.021854775270898415
4.366176444208,0.021964876062132745
4.367185526547,0.021876102720228066
4.368190881873,0.022209284226049515
4.369211802856,0.02192725973177917
4.370220457482,0.021750882346544632
4.371221752269,0.021922030964460375
4.372231111266,0.022000778819522455
4.373244273482,0.02183838326237877
4.374250567897,0.021710156216020248
4.375252040346,0.0011172606040318128
4.375303611652,0.021922875225487144
4.37631567718,0.021814812672679984
4.377323197388,0.021694907597827516
4.378325094129,0.021860501361918427
4.379334375923,0.021735905558795194
4.380338905791,0.021786832155587427
4.381347414109,0.021674977006509378
4.38235195472,0.02180267858745783
4.383363070478,0.021592227316332795
4.384364716252,0.021833774660461755
4.385378261908,0.02151922655446386
4.386379241777,0.02170794866163967
4.387391478614,0.021477057096892
4.388393786481,0.02159129659912983
4.389401456575,0.021587499347275954
4.390409597418,0.02150380593448246
4.391414655146,0.02131484003615189
4.392412193069,0.021359020379813593
4.39341306109,0.021494444414275077
4.394421261592,0.02141084989096614
4.395427569845,0.021403597820118043
4.396435273794,0.021353264868786175
4.397440493648,0.02130864863394189
4.398443479549,0.02123154587672547
4.399443913598,0.02127298993389568
4.400447384891,0.02141602132070837
4.401458332469,0.02116280416001074
4.402459012232,0.021203962130088478
4.403463802179,0.021300200534616728
4.404474758324,0.021172180552648426
4.405480915526,0.02120753103265202
4.40648925525,0.02150655270922369
4.407512477606,0.021103606727761896
4.408518089197,0.021014561708016646
4.40952076909,0.02116091367553138
4.41053131083,0.02097167646966781
4.411533761997,0.02096494546691653
4.412536333485,0.021324468043121717
4.413556478178,0.0209206359461153
4.414558461323,0.020917021757683583
4.415561781205,0.020892275443380834
4.416565928109,0.020863789145802898
4.417571428098,0.020735215521871016
4.41857305069,0.020891797205299868
4.419582995645,0.0207362087960363
4.420585956342,0.018779931040399756
4.421495225574,0.020752496919537226
4.422501322316,0.02071002551469443
4.423507142828,0.020885214026699437
4.424522953642,0.020572969663315937
4.425525284082,0.020563102003076414
4.426528835384,0.020493588060229533
4.42753066251,0.020654130900664553
4.428542240072,0.020468191277359094
4.429545790193,0.020599626374792398
4.430556733153,0.020541530660041277
4.431566580499,0.020565365922612242
4.432579708791,0.020326056421927936
4.433582826021,0.020417870900449005
4.434592479673,0.020247933751676068
4.435596050969,0.020310313757493786
4.436604501167,0.020253953198707677
4.437610922742,0.020202502439997966
4.438615269516,0.020114544713874728
4.43961588206,0.02012467590631984
4.440618420837,0.02013093815968872
4.441623309796,0.020081467110501603
4.44262688446,0.020325668429902955
4.443643196561,0.020361452993858394
4.44466246883,0.020098883508577282
4.445670580236,0.020107988996742272
4.446681055644,0.01999437359424682
4.447686728298,0.020312332091935774
4.44870878838,0.019854208532274584
4.449709211535,0.0199448347550619
4.450716277451,0.019834634393698775
4.45171940102,0.019864512425919245
4.452725846361,0.019717151188532515
4.453727038994,0.019793037643741646
4.454734547049,0.019883187618573578
4.455748858914,0.01964656087854104
4.456752312268,0.019627123742258223
4.457755408225,0.013791977518744477
4.458460875833,0.011623064862079315
4.459056465062,0.01258607475577256
4.459702629015,0.011308435372725864
4.460283774819,0.011876709769578992
4.460894327004,0.017208590676877036
4.461779294426,0.01945718356580692
4.4627800942,0.019549774180793823
4.463787424705,0.01948336519219686
4.464794449138,0.019526987099297538
4.465806091263,0.011170602271042286
4.466385936436,0.011358197583075567
4.466976724954,0.01077337519960989
4.467538458652,0.010310897848732271
4.468077058891,0.010019707162973183
4.468600780055,0.010313209580349278
4.469139700653,0.010324111981403683
4.469678903739,0.010560611604734978
4.470230155354,0.014927420377808712
4.47100890394,0.01519890877768016
4.471801448804,0.010042397237777322
4.472325220314,0.00967876583590242
4.472830781538,0.009596517878098199
4.473333015863,0.00951389298762581
4.473831497592,0.009599029417887591
4.474334680959,0.009646935191129906
4.474840560011,0.008962063400475445
4.475310650562,0.00957304875459414
4.475812919666,0.009645261822349985
4.47631916798,0.008589086582649322
4.476770184592,0.0070622497389914276
4.477141217475,0.007058428376975846
4.477512247146,0.007054425175268054
4.477883272096,0.0074467567840554045
4.478275168589,0.0070454532493498204
4.47864618537,0.007594554760979328
4.479046455782,0.007750257287380209
4.47945529281,0.00984158320552331
4.479974927325,0.00953537412704453
4.480479121265,0.009298564635507647
4.480971596812,0.00921294435323951
4.481460137439,0.001782225139164516
4.481554702269,0.008505841212017787
4.48200644687,0.0069745347784883486
4.482377424252,0.0069101646738433
4.482745434496,0.0069586346364387255
4.483116403851,0.006815673530482724
4.483480173563,0.006941194362883822
4.483851136054,0.008589044572747883
4.484310770729,0.006923044368614291
4.484681727583,0.010487377251518258
4.485244637812,0.01736772364401447
4.486180554951,0.00564752480191768
4.486486044111,0.005636451926763624
4.486791530616,0.015572304351689313
4.487639081107,0.0183236538365513
4.488640885076,0.01832350927523257
4.489645901607,0.01822057162529574
4.49064915419,0.018212156326359804
4.491655725478,0.01810861107575834
4.492659583654,0.018085493718667328
4.493664174983,0.01824805357130428
4.494678723808,0.018072863767665825
4.495683980766,0.018272248844339336
4.496701067716,0.01800258339202931
4.497704093922,0.01795550676624168
4.498704841969,0.017980037011460552
4.499707320255,0.01809386449424498
4.500716997876,0.018085153316396315
4.501726691666,0.017972980442013946
4.502730316631,0.018231391153652944
4.503747580835,0.018200671512894156
4.50476208669,0.01816213728994698
4.505773417193,0.018081466574901485
4.506779158818,0.01807426298761816
4.507784187492,0.018122033665053893
4.508792606994,0.017984416066646046
4.509794589992,0.01803815192305901
4.510800474091,0.018329612963707193
4.511822951523,0.018013700412522534
4.512827462654,0.009445377222570802
4.513354116695,0.01796875459969767
4.514356157363,0.018053311480350148
4.515362464512,0.018259745461175706
4.516379975741,0.018264780321717897
4.517398035515,0.018078534568632634
4.518405808432,0.01804141968909144
4.519411516235,0.018066747561328405
4.520419633623,0.017988233332919528
4.521424705464,0.018031119098461845
4.522432551125,0.017993768778464654
4.523438319948,0.0179863827474666
4.524443775619,0.018015189708205644
4.525451739937,0.017854549117304195
4.526452334512,0.017964280918942324
4.527459832034,0.017973463211206735
4.528467415463,0.017915535293109765
4.529471078814,0.017969070248537403
4.530477908738,0.017827983074418255
4.531478011746,0.017819141667934746
4.532478808521,0.017827997464713294
4.533480535457,0.017858062749186592
4.534483598889,0.01781419238034044
4.535484414111,0.018113559440983192
4.536503058599,0.018027058757235075
4.537517088493,0.01797862315872903
4.538528339665,0.01804571766989527
4.539543762251,0.017802695786187924
4.540545718783,0.017770935311143772
4.5415469813,0.0179813758435326
4.542561882996,0.017801528622641203
4.543567439006,0.017729543101693914
4.544569385518,0.017905373144730424
4.545581473383,0.017700228871288328
4.54658157707,0.017749480284868988
4.547584004389,0.0179161186158884
4.548595893826,0.01785459708103577
4.549604374296,0.017707961239688173
4.550604486938,0.017706575849404
4.551604788119,0.017807343857831497
4.552611418404,0.01772395165984994
4.553613538476,0.017769478252785343
4.554617834293,0.017791361456613797
4.555623337844,0.01787879519458482
4.556634681008,0.01863811026390715
4.557690449363,0.01772239549124529
4.558695165447,0.017869351985354564
4.559708152635,0.0185147242331594
4.560757776985,0.01788552679781376
4.561772825378,0.017773200322397823
4.562783266001,0.017700006956241847
4.563790844823,0.01798791047001318
4.564815426599,0.01782621489423624
4.565831352535,0.01791658286875919
4.566853018699,0.017560744206337697
4.567855182188,0.004056455652731781
4.568086844932,0.01758765700735521
4.569092333782,0.01752174222289119
4.570094694195,0.017574658607440913
4.571100151515,0.017656141394791013
4.572111439526,0.017432340151171205
4.573111505593,0.017534342520189553
4.57411858872,0.017713096232854133
4.575137648903,0.017520064986179345
4.57614846081,0.0172862256294135
4.577148920716,0.01735244228094886
4.578156541282,0.01719055415806198
4.579157876957,0.017207393473930997
4.580162050801,0.017434868970232546
4.581180192325,0.017198459711176596
4.58218524302,0.017307816453348612
4.583198510758,0.01718247127519874
4.584206420442,0.017143643857832905
4.585213795508,0.017028811455678017
4.586215570845,0.017220237655119364
4.58722921554,0.01701615304019146
4.58823252037,0.016963111949473066
4.589235303447,0.01692988125934036
4.590237429556,0.016951576765497512
4.591241296211,0.016971251156527114
4.592249068578,0.017168077029081474
4.593272697788,0.016789115112709675
4.594277028282,0.016790313509591388
4.595283207783,0.016773474390051116
4.596289600907,0.017160589571076874
4.597320547816,0.016660745938340202
4.598322787664,0.016692033222747423
4.599328679307,0.016906832537941698
4.600348833132,0.016637030249371406
4.601353111184,0.016753234749868676
4.60236371783,0.016726640027911712
4.603371174004,0.016645696666091114
4.604373401961,0.01671821477898029
4.605381824855,0.016900866002031258
4.606403719853,0.01669163439721971
4.607414945143,0.016626131163805017
4.608423879642,0.016721816278910256
4.60944020179,0.01650117437478096
4.610444399239,0.016534952517876213
4.611451781844,0.0164754499642937
4.612456894221,0.016477607939788023
4.613464001578,0.016353282967126456
4.61446519613,0.016404880927293742
4.615470935497,0.01661724372459381
4.616491196851,0.016449512481599267
4.617501999296,0.01641288811919185
4.618511256683,0.01643243084671207
4.619523019326,0.016455608663421023
4.620537025749,0.016507628712133102
4.621554734627,0.01657166468455799
4.622578104318,0.016367346129053228
4.623591179594,0.016274192578615346
4.62460041848,0.016162678628455662
4.625604277928,0.016441095962350955
4.626627553156,0.016108829856500046
4.627632459912,0.016720905408292724
4.628677695352,0.015995312219307493
4.629680409742,0.006519415908234389
4.630090152871,0.016103780034323622
4.631104247204,0.01605062973165183
4.63211699737,0.015990556701470003
4.633127695927,0.015835146882923652
4.634129953671,0.01584361262730588
4.635134651465,0.01605255073477226
4.636155705304,0.01598617094002934
4.637175797617,0.01564706431820246
4.63817647974,0.015731013862624755
4.639183458168,0.0157812954017259
4.640194951232,0.01573441284026988
4.641205347822,0.01572057724262999
4.642216763556,0.01566500524835215
4.643226019482,0.01551542933944975
4.644226127352,0.015514183284671005
4.645226664924,0.01560654718050166
4.646234591255,0.01566014921902173
4.647247426458,0.015565403068287721
4.648255213596,0.015945960679399955
4.649288686297,0.015490727919797357
4.650293469163,0.015449498261926197
4.651296603389,0.01556987084932292
4.652308000313,0.015669473161298103
4.653326153266,0.01562345582382782
4.654343015204,0.015449757152453045
4.655350757954,0.015449716368487316
4.656360539464,0.01533714561513718
4.657365820764,0.015379815722963009
4.658377037366,0.01523636643525753
4.659380835022,0.015263004571846627
4.660386777167,0.015275013830754592
4.661392974059,0.015276216471746033
4.662398646071,0.015911225885513802
4.663445891539,0.015295905302691006
4.664452981039,0.015242098577605591
4.665457091648,0.015422311140004728
4.66647320129,0.015397297458565815
4.667487348132,0.015330307167791362
4.668496739984,0.01541914016723218
4.669513011101,0.015438305605003548
4.670533098845,0.015215715987459551
4.671539409481,0.015145518843272665
4.67254072077,0.015141247415087085
4.67354253983,0.01567771496792567
4.674580801465,0.015274383018912803
4.67559242014,0.01518846712144138
4.676598719756,0.01521758332021034
4.677607502206,0.015230728482394984
4.678616979909,0.015304887361561359
4.679631315655,0.015096784560674816
4.68063240885,0.015507283579933395
4.681661717296,0.015129161464944436
4.68266715311,0.015249609935683448
4.683681954793,0.015075308826529072
4.684686025916,0.015203815666827656
4.685699010406,0.015476363458343162
4.686730702045,0.015234579206670167
4.687747271659,0.014976977256909116
4.688747954736,0.015105972926788117
4.689757983066,0.015277540878782745
4.690779258278,0.015004475881198836
4.691781994147,0.015054102742778583
4.692788553589,0.015043649027239455
4.693796061383,0.015028766699297142
4.694804511966,0.01494174900060166
4.695809868442,0.015232353200285167
4.696838368875,0.01493251276665772
4.697848173187,0.014813214427819577
4.698850093592,0.006253766245501593
4.699273276451,0.014932638554471965
4.700284454033,0.014903034319333633
4.701294295756,0.01532398365730317
4.702333096779,0.014762212372011033
4.703334618341,0.015041057210104415
4.70435609134,0.015051126392032661
4.705379693703,0.015094285077761041
4.706408619975,0.015137195330424815
4.707442119755,0.014699800277268514
4.708446099928,0.014657205578432662
4.709447194914,0.01475115622347938
4.710454824371,0.014711008289621939
4.711460086464,0.014739074720613907
4.712467927585,0.015190771081899758
4.713508139237,0.014592983679469995
4.71450906073,0.014569836754897016
4.715509807695,0.01507364510603517
4.716546329189,0.014944523700013255
4.717573792724,0.014645859174062336
4.718579621193,0.014926398910349241
4.719604401769,0.014648375154022078
4.720611417664,0.014652179815493587
4.721620740265,0.014755215874952937
4.722638258078,0.014598582724823268
4.723645760927,0.014545907664921497
4.724650582256,0.014546343633954129
4.725656028598,0.01455443573849986
4.726662994351,0.014425497196547846
4.727663063897,0.014634981888819617
4.728680404174,0.01486289302818441
4.72971534146,0.01438050975491247
4.730717345475,0.014909702187239101
4.731756823702,0.01435424770695683
4.732758214365,0.014341232683846834
4.733760313781,0.014561185909998737
4.734780036206,0.01493287063548438
4.735827172263,0.014401559389991334
4.736837560782,0.014477761366154274
4.737853495213,0.014395668862690638
4.738864350149,0.014223919879794185
4.739865394597,0.014491608969129465
4.740888524758,0.014581623945401858
4.741920634215,0.0141846899314089
4.742926338547,0.014168737896182042
4.743931880995,0.014437961355839907
4.744957539846,0.01428568835482011
4.745973173452,0.014360940776689987
4.746995073425,0.014054894473374845
4.747997176029,0.013990664976959815
4.748997446477,0.014025173272283017
4.750003309202,0.014072422791317034
4.751016180627,0.014349833102225755
4.752053110633,0.014686936793885134
4.753118462598,0.013783332704568831
4.754120891801,0.013847622330693069
4.755129144601,0.0142587031398175
4.756167997834,0.014485444148638553
4.757224528422,0.013736066724635095
4.758228427581,0.013650264840657287
4.759228472009,0.013721007020364787
4.760235826465,0.013879983328537831
4.761256360001,0.013603696575463385
4.762258485448,0.013572817037743925
4.763260701131,0.013662021449065235
4.764272015463,0.013602745073483701
4.765282323189,0.013506194500531324
4.766289480052,0.013645078902495281
4.767310661419,0.013479984628643658
4.768322257855,0.013540033234500919
4.769339836235,0.013706034847494638
4.770370728655,0.0132869800567521
4.771371724419,0.014126086517921719
4.772437678665,0.013585172477245286
4.773464342232,0.013338855469707213
4.774474315842,0.0005215875120217557
4.77451384694,0.013416021837645927
4.775530729672,0.013315582226686792
4.77653990369,0.013288578697492968
4.777546826074,0.013669319424540298
4.778583620845,0.013206025069687202
4.779587086971,0.013289670706630476
4.78059852826,0.013321214969467253
4.781614983186,0.013322889147946843
4.782634635873,0.01331827073464622
4.783655941716,0.013162472031557017
4.784666488861,0.013154502367376057
4.785677658918,0.013065356556409015
4.786683320722,0.013061866369575603
4.787690113553,0.013197883280151323
4.78870887844,0.013673238233821067
4.789766571874,0.013431574349201622
4.790807754116,0.013348962119788515
4.79184356696,0.013001003760010597
4.792853498738,0.012949260078505354
4.79386133319,0.012850034670392233
4.794864102789,0.01321651368862479
4.795898038058,0.012802416816911757
4.796901026488,0.012825930060855943
4.7979059964,0.01303353131062876
4.798926760434,0.01366172618093627
4.799996424641,0.012843714554028381
4.801002109829,0.01355388751354227
4.802063435717,0.012892894094215991
4.803073709084,0.012952444907888681
4.804090686247,0.012807839996400257
4.805098484872,0.01314092234536503
4.806134481103,0.01272904085991369
4.807140016698,0.01353913661041027
4.80821199612,0.012780483208805093
4.809226764903,0.01264265233858239
4.810232933101,0.012625182411121596
4.811239057656,0.012598199375027253
4.812243889742,0.012850974446351547
4.81326922038,0.01274252543806085
4.814286679944,0.012688346076803424
4.815302052507,0.01259876013348322
4.816312997945,0.012640934058770238
4.817329865132,0.012447138830149602
4.818333815751,0.012686119830174121
4.81935926187,0.012389074494157796
4.820362960814,0.012459626386155434
4.821374682801,0.012299352479147603
4.822374829207,0.012314949952792075
4.823376929344,0.012437780466259103
4.824388871206,0.012394511472899513
4.825397042039,0.012429212017406117
4.82640843666,0.012481334436492828
4.827425390765,0.012417720895151693
4.828439521494,0.012915688629255736
4.829496141193,0.01306843428984374
4.830565295332,0.01253664532781722
4.83158990573,0.01225412724241157
4.832590210567,0.012848588986692982
4.833638512768,0.012559400708266654
4.834662755506,0.012695648306775923
4.835697178253,0.012651070855923069
4.836727270656,0.013078546043694678
4.837792073576,0.012523975814325735
4.838811979311,0.012494173112773526
4.839829747231,0.012510296676932387
4.840849100445,0.012311191640206578
4.841853016544,0.012615699730472555
4.842883422632,0.01244460015685865
4.843901953801,0.012480680437910044
4.844925564693,0.012190540281067513
4.845926743649,0.012339937439297113
4.846940949185,0.012314415564432347
4.847953804171,0.013092113985435817
4.849031382978,0.012167133538540764
4.850034094341,0.012778144343849879
4.851089323727,0.01219950005784927
4.852099130896,0.012125380558774206
4.853104830382,0.012050127559680053
4.854105547427,0.01209660932518865
4.855110938078,0.01208621095006076
4.856116575337,0.012173472116074783
4.857130918997,0.00828055169356709
4.857822048843,0.012272598876401315
4.858849081036,0.011940085870680371
4.859851066524,0.012149849927754478
4.860873275532,0.012112675845291325
4.861895225856,0.011975781033728171
4.862908603162,0.011855338252236832
4.863914793149,0.011930542108477493
4.864930066923,0.011940844336206343
4.86594818653,0.01187381178933302
4.866961926416,0.012190881695973354
4.868004170719,0.012083360450774816
4.86903817527,0.011825579734613728
4.870050471642,0.011768630723021442
4.871058393383,0.01171159079885055
4.872062242523,0.011871822563797409
4.873081142291,0.01198044464532619
4.874111490567,0.01162766765810679
4.875114304753,0.011622315771322899
4.876119228661,0.012102739389184549
4.877167745389,0.011723350011812385
4.878184972894,0.01171187877491685
4.879202199362,0.011710247094395162
4.880219414859,0.012345785191785546
4.881291358535,0.01210164648471244
4.882341840759,0.011819755282538714
4.883367705237,0.011554401009287988
4.884370827862,0.011559286122687003
4.885375339781,0.011560442991983144
4.886380890408,0.01155013875901019
4.88738661299,0.01204057151640846
4.888436718549,0.011593116790302152
4.889449684255,0.011528182360410701
4.890458691523,0.0114956651339523
4.891465773445,0.012205277383018761
4.892535782456,0.01185177301162923
4.893575782456,0.012179223672142048
4.894645588916,0.01179241569525196
4.895682617427,0.011795070041947981
4.896721026023,0.011424437330241477
4.897728250829,0.011647063279842895
4.898756802956,0.01135710602468063
4.89976149772,0.011299981958414796
4.900762825834,0.011311334453215452
4.901766853064,0.011334087516876248
4.902775153721,0.011331682992170968
4.903785636302,0.011326718663868725
4.904798160735,0.011589502532279035
4.905837149647,0.01129619506480755
4.906852708513,0.011474668350712387
4.907887109282,0.011382192597918925
4.90891600205,0.011048733686349671
4.909917328011,0.011173624179784417
4.910932376227,0.011050026199699992
4.91193854504,0.01104756555417554
4.912947204347,0.011035122898200973
4.913957564543,0.011072753452648054
4.914973883346,0.011076324453510304
4.915992929492,0.011137629008569223
4.917019574289,0.010915524070647328
4.918027376754,0.001526475485211532
4.91816844983,0.01085738481533297
4.919172043154,0.01080004611956878
4.920172889723,0.011046259097890075
4.921199791585,0.01078916737264726
4.922203818828,0.010783827150267945
4.923208581653,0.010937667045904468
4.92423060887,0.01083048848025409
4.925246979005,0.011059441695599142
4.92628911674,0.011109810924986929
4.927340125368,0.010958110830929192
4.928380125368,0.0109476506943394
4.929421970007,0.010998040498036852
4.9304711379,0.010539153977588566
4.931478393624,0.010833214151931966
4.932516260171,0.011104696271370361
4.933582729076,0.010940273888460968
4.934635226286,0.010391875423954523
4.935636341853,0.010475335858819218
4.936646533957,0.010718568628667472
4.937680685866,0.010552004077924457
4.93869946422,0.01050129031915754
4.939714041757,0.01087620283679311
4.94076543894,0.010755156452040046
4.941805916257,0.010747859786024695
4.94284662787,0.010389743778135271
4.943854500544,0.01074284655233781
4.944898314966,0.0104107204881212
4.945910577549,0.01086473696625381
4.946967612122,0.010303892091043992
4.947971395019,0.010715956927652459
4.949017173542,0.010384242540467473
4.950031705909,0.010805291245214345
4.951087971243,0.011016246167476056
4.952164835523,0.010353081982948677
4.953176601889,0.010390866284820235
4.954192235227,0.010816939164753058
4.955249983814,0.010287401352589407
4.956256105755,0.010471400884601051
4.957280033593,0.0106366951227115
4.958319770537,0.01050572325041329
4.959346726941,0.010479007264520142
4.960371457507,0.010359966255964661
4.961384552929,0.010686162592862257
4.962429381443,0.01023236325180286
4.963430142008,0.010253594912573523
4.964432919264,0.010531495824973409
4.965462638514,0.010631460227398195
4.966502181896,0.010924696662927993
4.967570181896,0.010497489806149264
4.968596047868,0.010454506286629094
4.969617278746,0.01094367545836559
4.970686315645,0.010815104461498174
4.971743145639,0.01039984662665486
4.972759797035,0.010298546817761657
4.973766989573,0.010445629280372404
4.974789153388,0.010207419041788979
4.975789200292,0.010345742943962288
4.97680446384,0.010576030974467404
4.977844189364,0.010425940573514793
4.978870952646,0.010428593247776915
4.979899988459,0.010157491470723859
4.980904083705,0.01056456720338895
4.981950018258,0.010489759072228065
4.982990498594,0.010677501788199446
4.984051792608,0.01048604312594375
4.985096104708,0.010351575036544141
4.98612886554,0.010224841209147729
4.98715091782,0.010021401698232412
4.988154964232,0.010001422445394363
4.989159033099,0.009977546326203747
4.990162120694,0.010505701384476809
4.991220091811,0.010427971332526225
4.992271803554,0.009963121506711204
4.993278122457,0.009964951280803625
4.99428681034,0.00991437645294755
4.995291987044,0.005566087114125861
4.995856921255,0.00396990639044709
4.996260365699,0.009864321505057784
4.997264651732,0.009976935182467641
4.99828244394,0.009852785941814862
4.999289462841,0.00989430682025882
5.000302546344,0.009816824565951263
5.001309250148,0.010109601531973595
5.002347797465,0.009744659368025902
5.003350285674,0.009754519868715313
5.004355023054,0.00976181425132785
5.005361955281,0.009846718174428825
5.006378890699,0.009787554352981311
5.007390913611,0.00972668163859533
5.008397777459,0.009678679401609524
5.009400856361,0.009788060677265464
5.010416878715,0.01000462328938255
5.011456878715,0.00999004857757332
5.012496878715,0.009973025653568012
5.013536878715,0.009868805408856844
5.014567471825,0.009702258408844104
5.015581726366,0.009689717511546873
5.016595924447,0.009674943441293134
5.017610092627,0.009857876632026684
5.018645005193,0.0095595636865938
5.019650067963,0.009683197994243258
5.020669525453,0.009809092798435158
5.021703953386,0.009714156595830895
5.022730303272,0.009824703870380213
5.023770303272,0.009779959739654702
5.024807531345,0.009593856264323566
5.025827040589,0.009712124286217238
5.026861220246,0.009846151221298527
5.027911884858,0.009413730727029708
5.028918721607,0.009520518267494064
5.029939258179,0.0094702323634591
5.030956820774,0.009315714029366068
5.031960289315,0.009452850170750485
5.032981299274,0.009325542961282402
5.03399135188,0.009869095091342
5.035062583694,0.00981168455972229
5.036129708425,0.009180117062299662
5.037130275346,0.009250752878943457
5.03814009093,0.009441432024506017
5.039172356435,0.00914120483160978
5.04017366528,0.009265942152590304
5.041190293604,0.009156867488586963
5.042196703015,0.009278023064255089
5.043218311413,0.009351940546280949
5.044250156841,0.009153701705237471
5.045261933577,0.009043225526909844
5.046263016181,0.006505628134755286
5.04698414957,0.009385418588262596
5.048025926891,0.00904161736801023
5.049031631168,0.009036429924628357
5.050038536602,0.00913380611772786
5.051057625581,0.009388022348240349
5.052106311741,0.008963026764582497
5.053108763811,0.00949237647741545
5.054172152076,0.00944991345381279
5.055232269908,0.009278647378957334
5.05627514183,0.009456004157784517
5.057339875512,0.009016677187851202
5.058356135685,0.00899869446562647
5.059371435988,0.009076471909223196
5.060396833351,0.009019689725382215
5.061417343997,0.00896834597435713
5.062433530945,0.009148941610063466
5.06347153655,0.009274635068990523
5.064525145483,0.008883730559568622
5.065535426604,0.00947218917873442
5.066614098232,0.008784752345978315
5.067615770867,0.009110233604696077
5.068655770867,0.009025360288531268
5.069687514285,0.008920402054690664
5.070708661859,0.00940208974100121
5.071786427205,0.008833322777453773
5.072800364843,0.008708210723355961
5.073801549082,0.008878869650852612
5.074824212451,0.008864226620908276
5.075847307779,0.009074105265695971
5.076897382051,0.008681075970763901
5.077904786624,0.00923452967702732
5.078979169808,0.008625849700827358
5.079984413136,0.007782039792512584
5.080892105025,0.008805266173885318
5.081920009569,0.008878234543420816
5.082956872839,0.00863368023389933
5.083965928522,0.008856629698629286
5.085001922511,0.008862724129039934
5.086038675309,0.004629167874558133
5.0865801692,0.00870752219216143
5.087598747163,0.008649922808294411
5.088610837264,0.008878714948840011
5.089649826084,0.008570458770673585
5.090652996628,0.00855463466748622
5.09165468679,0.008664002622014461
5.092669794651,0.009065727432217044
5.093733190075,0.00864365755883859
5.094747667223,0.009056716066593537
5.09581084976,0.008567255385330135
5.096817095264,0.00856135999170265
5.097823305277,0.008846313906849129
5.098863811675,0.008605679470844353
5.099876855775,0.008665433058091258
5.100897013139,0.0085083508858163
5.101898554016,0.008990155703937491
5.102957035657,0.008759850898488755
5.10398844982,0.008513998610220544
5.104991129819,0.008495160184892506
5.105991455349,0.008572072130027752
5.107000589223,0.008564352347880213
5.108008911718,0.008918920373246165
5.109059310891,0.008855641270265228
5.110102729091,0.008508817318800807
5.11110587038,0.00857760879147941
5.112117913812,0.008497971625760346
5.113121553838,0.008998071707494459
5.114185461348,0.006206742029134296
5.114920181554,0.008532582247245816
5.115931015851,0.008637208472504413
5.116955036893,0.008820705215987152
5.118002351919,0.00853372590155619
5.119017168561,0.008431996306126918
5.12002178195,0.008935913062785442
5.121088408284,0.008699318725305341
5.122128408284,0.008358217499754737
5.123129899946,0.00837740790928681
5.124135754645,0.008843442971842082
5.125199173697,0.008928398711813057
5.12627501789,0.008389455926381763
5.127288166088,0.008325835851193385
5.128296157955,0.008270138238223722
5.129299848452,0.008459709489473076
5.130328889526,0.008451294044829374
5.131359737433,0.008200396287004202
5.132362791731,0.008177504327928914
5.133365978477,0.0083143465875656
5.134389302631,0.008428953139837174
5.135429302631,0.008283756182591051
5.136453087717,0.008234657886777276
5.137472529058,0.008410686631943316
5.138515321335,0.008256192490806185
5.139540639704,0.008534816239316578
5.140602233365,0.008340103963048804
5.141640902125,0.008139575391001958
5.142655796244,0.00830094143283645
5.143691837381,0.00817495195068556
5.144713441068,0.008155453506865428
5.145733827495,0.008210147472156043
5.146762260815,0.008317342871138802
5.147805245448,0.008176615440359131
5.148831493207,0.008034069489526145
5.149840951096,0.008253398033841992
5.150879007081,0.008188308083448951
5.15190996296,0.008112841241736132
5.152932598092,0.008053863526005879
5.153948814733,0.008318467216585105
5.1549993958,0.008285908551986276
5.156047035503,0.00820824203951474
5.15708602758,0.008180009121105848
5.158122320965,0.007932616355105537
5.159128092104,0.007979619693486947
5.160140916809,0.007997357318370674
5.16115724943,0.008124153189856256
5.162190866165,0.007997139955465199
5.163209449979,0.008244504152613033
5.164261246344,0.007923123584531894
5.165273647705,0.0030655606728517784
5.165665640049,0.007832996935118464
5.166667844992,0.008220160135867884
5.167720593269,0.008364523992784942
5.168793336916,0.007890218095756475
5.169806288697,0.008096286084774182
5.170846288697,0.007865850902490833
5.171857760424,0.007780857529418884
5.172859533685,0.008067629617658197
5.173899533685,0.008058021940525094
5.174939533685,0.008114236526256141
5.175987823747,0.008033448183963083
5.177026416098,0.008218810958550966
5.178089561707,0.008034788083594552
5.179129561707,0.007783518667994132
5.180137795754,0.0077354272005950055
5.181140476042,0.007989220922524643
5.182176927755,0.0078061689437832725
5.18319004378,0.008177028020919876
5.184251744727,0.008002573013632898
5.185291744727,0.007997149117285435
5.186331744727,0.007768422436470207
5.187342745772,0.007674385017969698
5.188342757408,0.007724289321706729
5.189350628216,0.007781759903892948
5.190366950542,0.008117599413561095
5.191428601137,0.007941074336397118
5.192468601137,0.0076965098781327426
5.19347750574,0.007695986147726976
5.194487540388,0.007631616548215656
5.195490368083,0.00763169517301789
5.196494142559,0.007627437675683686
5.197498181977,0.0074646670915379885
5.198481829687,0.007763295181896618
5.199506233157,0.007665877006395509
5.200519058038,0.007570026699884749
5.20151975071,0.007989745044283096
5.202576592495,0.007774121982191107
5.203605785565,0.0077440982234753914
5.20463117107,0.007687383320570008
5.205649273121,0.007560972031853886
5.206650835191,0.007793547070569235
5.207683264669,0.00785702773801819
5.208724302525,0.007667366278881894
5.209740461748,0.0077018484370680595
5.210761580004,0.00757715045333339
5.211766528792,0.007920423264936865
5.212817429626,0.007957931597937075
5.213873682791,0.007586236686143718
5.21488082667,0.007841087231233012
5.21592229863,0.007732371324920099
5.216950028952,0.007676823148683071
5.217970995112,0.007857927021897223
5.219017020401,0.007685579571065948
5.220041055567,0.007523673051556173
5.221044453701,0.00751471012661238
5.22204765445,0.007499548695930233
5.223049702552,0.007648086387562272
5.224072729444,0.007765689283980333
5.225112729444,0.007756087172276405
5.226152729444,0.007513191354787955
5.227161604698,0.007496386430230153
5.228169755723,0.007491559424494148
5.229178740712,0.007669485955348102
5.230212941089,0.007700683626975355
5.231252941089,0.007422603116971525
5.232256905071,0.007421130941111348
5.233262440135,0.007659064703315438
5.234302440135,0.00793183308052401
5.235381053806,0.007635074332878313
5.236421053806,0.00744789122758711
5.237437648781,0.007396888043745591
5.238449004011,0.007591002888177379
5.239489004011,0.007572363011282442
5.240529004011,0.007553166865362059
5.241569004011,0.007584297545945189
5.242615328093,0.0073835432983799755
5.243635328093,0.007344009324743955
5.244651328093,0.00741627487027836
5.245678894854,0.007403010056364423
5.246706458047,0.007550754086521389
5.247756077849,0.007440092605422273
5.248791556041,0.0076669715348289735
5.249860290267,0.007449001954704733
5.250900290267,0.007438373250324467
5.251940290267,0.007427883861865157
5.252980290267,0.007418348593779022
5.254020290267,0.007408328977869948
5.255060290267,0.007113474679547268
5.256060385136,0.007386480412217357
5.257100385136,0.007374904909489738
5.258140385136,0.007362298318036976
5.259180385136,0.007350028377882999
5.260220385136,0.007110175629983337
5.261227900562,0.007146217519578009
5.26224171213,0.0072319281603000895
5.263269222452,0.007495128236687709
5.264335771369,0.007034300382961537
5.265338301911,0.0070369491034366445
5.266342611417,0.007276362726628221
5.267382611417,0.007053619120067711
5.268392630749,0.007131419973826717
5.269415471948,0.007356891184595593
5.270472546505,0.007282097369011172
5.271520756612,0.0072125961525817284
5.272560756612,0.0071992053364309215
5.273600756612,0.007186223555559804
5.274640756612,0.007035048396623732
5.275660593917,0.007161859188691809
5.276700593917,0.007265751145161389
5.27775765679,0.0072520613855392956
5.278814717418,0.0005483312867363054
5.278894717418,0.007124071858993048
5.279934717418,0.00720267494156041
5.280987595098,0.0071029432279174996
5.282027595098,0.007026728390975775
5.283058680433,0.007238531788012351
5.284122974483,0.006843238768379869
5.285130385632,0.007088713586510022
5.286174896207,0.006942096071947563
5.28719876341,0.007228876400167186
5.288266198373,0.0071506494457465085
5.289323244911,0.007028767212817095
5.290363244911,0.006787577648196064
5.291368527609,0.006855302312005556
5.292384945525,0.007008871545289507
5.293424945525,0.007003806890065636
5.294464945525,0.006776493385255992
5.295472364606,0.00698919231758909
5.296512554932,0.007085404404204576
5.297567494966,0.006985947949692129
5.298607494966,0.0069841454625438155
5.299647494966,0.006979798496562676
5.300687494966,0.0069755516000834785
5.301727494966,0.0069699872469222
5.302767494966,0.0069649715622898175
5.303807494966,0.006958621711235402
5.304847494966,0.007071638274934945
5.305905325144,0.006713600505829508
5.306909760842,0.006953011895948082
5.307949760842,0.006957109996200242
5.308989760842,0.006960269511196052
5.310029760842,0.006953660854929646
5.311069760842,0.006937432968198492
5.312109760842,0.0071534748855503994
5.313184384784,0.006671095376272584
5.314187840643,0.007036345378460688
5.315246886941,0.006672501502210365
5.316250905061,0.006649813986849257
5.31725173777,0.0069277584710871415
5.318294711321,0.006907775119732195
5.319334711321,0.006907751628493471
5.320374711321,0.0067158615163290065
5.32138554091,0.006670650218714952
5.322389665728,0.00702212839192468
5.323446902048,0.006906318991290481
5.324486902048,0.006908438659836844
5.325526902048,0.007068451523943898
5.326591413075,0.007115845068492614
5.327664093067,0.0066765521009856995
5.328670815751,0.00689784907654657
5.329711488402,0.006889301686003659
5.330752157692,0.007054242921639718
5.331818566892,0.006717966316238883
5.332834392326,0.0070379336338469035
5.333899049344,0.006608267573824733
5.334899088647,0.006783009646115765
5.335926196345,0.006838011702330017
5.336962584452,0.006817908618900639
5.337997081105,0.006889242471637027
5.339043239604,0.0066325740816902045
5.340050824839,0.0067938177245029764
5.341083343689,0.00674639519062493
5.342109054588,0.006780446341210309
5.343140427952,0.0068211348548455515
5.344178100834,0.00707053093658783
5.345253087872,0.0067880090027395285
5.346284844797,0.006868501179953241
5.347329542197,0.006628002049534857
5.348339295612,0.006815755386862408
5.349379614107,0.006597584816778985
5.350388086353,0.006691851867176103
5.351411923704,0.0066707938861773255
5.352433317153,0.006777537677025761
5.353471857206,0.00663202461427297
5.354488774365,0.0066089841168106385
5.355502978657,0.006518936572530545
5.356504343863,0.006542046708651017
5.357510318355,0.006968441633489736
5.358583078658,0.006693568045936282
5.359614761509,0.0065012185901149044
5.360617913414,0.006923866754217339
5.36168738224,0.006725304052434774
5.36272738224,0.006891974878078987
5.363794687451,0.006705261654299953
5.364834687451,0.006695169103036787
5.365874687451,0.006434697712652919
5.366875588038,0.006677379629982126
5.367915588038,0.006796918936876843
5.368975588038,0.0066587505117289055
5.370015588038,0.006648400096724672
5.371055588038,0.006557256838899109
5.372082869153,0.006487665768710367
5.37310077064,0.0064385508528533005
5.374112541932,0.006575234217457134
5.375147616017,0.0065656783535156405
5.376182769154,0.006588142193193879
5.377222769154,0.006580558927060706
5.378262769154,0.006624111572466901
5.379310894182,0.006657117248490527
5.380365869684,0.006601169940328854
5.381413992113,0.006404122588281921
5.38243252697,0.006528425175655219
5.38347252697,0.00651794079161134
5.38451252697,0.006721205689176715
5.385586363632,0.0066360401257599365
5.386648038955,0.00649122982095807
5.387688038955,0.006306291764079222
5.388699672917,0.006278412204316269
5.389707910034,0.006305952234686899
5.39072198021,0.0063211961515753185
5.391740228206,0.006532762283013739
5.392793819689,0.006230655321245182
5.393799610724,0.006233292641592189
5.394806889726,0.006282272953075038
5.395823017745,0.0062627334152409704
5.396837215736,0.006168840175200173
5.39783761337,0.006192630712332455
5.398843179995,0.006395157218223821
5.399883179995,0.0063837856961319476
5.400923175857,0.006490254508389404
5.401982302166,0.0063618541119388914
5.403022299393,0.006179469270645575
5.404034267121,0.006291650033508117
5.405066267121,0.006330200724413369
5.406106267121,0.0063206586439949145
5.407146267121,0.006213560087907101
5.408170267121,0.006197365197512912
5.409193226712,0.00609175072999626
5.410200287884,0.006379352636834372
5.41125648453,0.006272757728782836
5.41229648453,0.006266605899541824
5.41333648453,0.006259669959477258
5.41437648453,0.006251485582877681
5.41541648453,0.006244814288355836
5.41645648453,0.006281344731327553
5.417503872108,0.006228259990592591
5.418543872108,0.006426688281453089
5.419618504443,0.006033625477101955
5.42062862139,0.00622194002639592
5.421671194979,0.006201426736762895
5.422711194979,0.006397401439264197
5.423785169796,0.006283188479623597
5.424841337496,0.006225290007086203
5.425889421099,0.006352180798677627
5.426960403627,0.006161823342437325
5.428000403627,0.006037521069544403
5.429020611019,0.00614615155432578
5.430060611019,0.006137981020124927
5.431100611019,0.000943599577535604
5.431260611019,0.006130324700093078
5.432300578979,0.006172323590988742
5.433348660765,0.006120414084903108
5.43438926612,0.006023081038170754
5.435414810504,0.0060317853612203475
5.436443272674,0.006093803678053466
5.437483272674,0.006089102762802041
5.438523272674,0.006084075402483884
5.439563272674,0.006077483038880017
5.440603272674,0.006070759203485479
5.441643272674,0.006066267672090529
5.442683272674,0.006061424914841017
5.443723272674,0.006055261832814134
5.444763272674,0.006049401428323991
5.445803272674,0.006044626718000272
5.446843272674,0.006040901425251771
5.447883272674,0.006036823585856496
5.448923272674,0.00603179409319413
5.449963272674,0.006143471873163581
5.451023272674,0.005876736279181525
5.452037847185,0.005859014547466723
5.453049716855,0.006040405221791382
5.454093242545,0.006218050274195957
5.455167659694,0.0059966440552990385
5.456204072382,0.006015171975585151
5.457244072382,0.006013997855415842
5.458284072382,0.006012085477213513
5.459324072382,0.005805670937572047
5.460328712262,0.00593286159614715
5.461355614114,0.005801918415378652
5.462360417281,0.006182664705854954
5.463431613205,0.006186914937006471
5.464503819268,0.00585648915155654
5.46551942701,0.00584965668169419
5.466534483394,0.005992531475684099
5.467574680572,0.005895653720938699
5.468598521045,0.005875441054441446
5.469619553988,0.005861294412287717
5.470639021343,0.00584150748424431
5.471656038142,0.0059067903886646485
5.472685061234,0.0059156030053794245
5.473716121525,0.005911939249247092
5.474747174391,0.005880623073603364
5.475773446162,0.005857422052402694
5.476796248209,0.006177528375926315
5.477875284832,0.005900723948988269
5.478906316993,0.005897145726938662
5.47993734399,0.005733142662149364
5.480940049313,0.00592840493250644
5.481977006082,0.005865573799907527
5.483003242237,0.005976807865783637
5.484049216277,0.00590068042365423
5.485081883055,0.005917078563999502
5.486117660325,0.005860902953685685
5.487143873339,0.006139290104019203
5.488219271896,0.005762722126804399
5.489229432302,0.005863780299826233
5.49025790671,0.005850911512470305
5.491284810019,0.005696915268903867
5.492285340021,0.005733101516424412
5.493293030461,0.0057420407284999265
5.494303162531,0.005828026323226021
5.495329288162,0.005731130709485383
5.496339408301,0.005856383666378493
5.497372726031,0.0057329548898560085
5.498385541944,0.005717752682274764
5.499397154307,0.005689947550775117
5.500405052996,0.00583569725211663
5.501439890213,0.005746470109058987
5.502460364662,0.005762195449216628
5.503485505903,0.0058412808213969
5.504526791683,0.005610581090861152
5.505528907406,0.005668948910351436
5.506543593116,0.005614777548912599
5.507550728813,0.005718249271338933
5.50857794895,0.005781582532511681
5.50961794895,0.005645455371920578
5.510635594936,0.0039878717229143825
5.511355594936,0.0019963137136460654
5.511716243255,0.005812828505110329
5.51276742095,0.005639387210205969
5.513789569658,0.005918305078308886
5.514864975265,0.005926086998132454
5.515943389795,0.005525125676711395
5.51694994038,0.0056687313430928
5.517984877636,0.005605049247245549
5.519010820114,0.0056510888522411295
5.520047235001,0.005635331461494896
5.521082879826,0.005447859066296138
5.522085898685,0.005466820734099401
5.523093515946,0.005573681514484045
5.524121994085,0.005609041313765902
5.525158928974,0.005740868300719451
5.526222208457,0.00550255678277622
5.527243010546,0.005436037268699264
5.528253053076,0.005855211418657374
5.529342892029,0.0058985162727315295
5.530442892029,0.005411912201619228
5.531454366102,0.0055864142283322885
5.532500792873,0.005859063701449028
5.533600356005,0.005352864648585977
5.534607022682,0.00536223819933605
5.535617417924,0.005374377929413691
5.536631902464,0.005648761021065137
5.537700021251,0.005367866245079409
5.538716527461,0.005411829150740011
5.53974282067,0.005419556255858764
5.540771939613,0.00534680690142633
5.541788606362,0.005474409724242512
5.542831186482,0.0052877891869329684
5.543839871051,0.005674660755466871
5.544924055302,0.005310869751332712
5.545940055302,0.0054657145864324165
5.54698685741,0.005345183918455393
5.548012307345,0.005215010793659273
5.549014089532,0.00545821897845086
5.550063327249,0.005291821209576114
5.551081602594,0.005258143105426453
5.552094024781,0.005410206958360912
5.553135952775,0.005297803663032448
5.554156755008,0.005327622612802629
5.555183809969,0.005294496245026531
5.556205039996,0.005579418703124681
5.557281646242,0.005477296386008166
5.558338789314,0.005193431537808093
5.559341712591,0.005267998701156754
5.560359330589,0.005382214561411922
5.561399468017,0.005402370192374932
5.562444054734,0.0052253445415668
5.563454281097,0.005223764668417013
5.564464183138,0.005275461412181517
5.565484629039,0.0056830183906238585
5.566584629039,0.005222430083242133
5.567596175418,0.0056732610183601205
5.568696175418,0.005522843724381197
5.569768183832,0.005660988439604044
5.570868183832,0.005192295931875739
5.57187839875,0.005240283220612929
5.572898825197,0.005159006971186631
5.573904221424,0.0053388102637654394
5.574945795802,0.005152487872967125
5.57595190213,0.005385658268375105
5.577004313413,0.005276869507122895
5.578036295048,0.00520129336399877
5.579054281707,0.005498681779383991
5.580131787802,0.005454530491517881
5.581201993427,0.00519670680024471
5.582222401491,0.005200963383812798
5.583244969816,0.005317982849036177
5.584291745465,0.005170104447329184
5.585310009178,0.00514857360625162
5.586325080587,0.005130678307301857
5.587337703675,0.00556915403039846
5.588437703675,0.005564935237501343
5.589537703675,0.005466055216222456
5.590619182415,0.005318220544582266
5.591672165035,0.0055529117273411645
5.592772165035,0.005448594332296069
5.59385222815,0.005544816785464125
5.59495222815,0.005538865084695859
5.59605222815,0.005406141878391801
5.59712722815,0.005522559690606162
5.598226106269,0.005527042340228003
5.599326106269,0.005041983773817419
5.600329936519,0.005133748088224607
5.601352528012,0.0051212030299662556
5.602373247529,0.0051680577089913814
5.603403787061,0.005267413918622262
5.604454324174,0.00511760348202494
5.605475036398,0.005166482788577537
5.606505565768,0.005211314720892656
5.607545583955,0.005177512526490713
5.608580352487,0.005396743650543945
5.609661047527,0.005137057664476521
5.610691566162,0.0052311242916406155
5.61174208115,0.005079661912953373
5.61276276514,0.005124640925635027
5.613793274679,0.0052183046418751615
5.614843781096,0.005212462515660296
5.615894284967,0.005281058409932347
5.61695988971,0.005101563516010961
5.617990386927,0.005196933391807237
5.619040881491,0.005340363732487087
5.620121538416,0.005428745046179238
5.621221538416,0.005051013612766036
5.62224583278,0.005094470617326579
5.623279949651,0.0054137212671442735
5.624379949651,0.005354061012119021
5.625468695238,0.005403155572059314
5.626568695238,0.00495067302525759
5.627577584798,0.005311670890783081
5.628661183311,0.005384120817262849
5.629761183311,0.005092679561503778
5.63080321933,0.005366888236264059
5.63190321933,0.005356898029917954
5.63300321933,0.004911039108000601
5.634013368053,0.005339626850497995
5.635113368053,0.004897549312842436
5.636123489562,0.005060468158270348
5.637168368956,0.00524243686592853
5.638252252826,0.005312141366749986
5.639352252826,0.004825861417791959
5.640353117791,0.005295600436437775
5.641453117791,0.005289731220954374
5.642553117791,0.005070085146729803
5.643608100541,0.004955655442660754
5.644640390597,0.005114226185417162
5.645706716004,0.004989175888724216
5.64674779109,0.005257735690718973
5.647845688934,0.005266675910234997
5.648945688934,0.004922270815607799
5.649973852461,0.005175437605366563
5.651055404064,0.005062831363130758
5.652114108754,0.004840389788465011
5.653126956312,0.004918867624801671
5.654156955776,0.004891761279198512
5.655181696318,0.004785406723144844
5.656184492267,0.005247202075522364
5.657284492267,0.005247475615930988
5.658384492267,0.0052475041136373825
5.659484492267,0.005245338566358221
5.660584492267,0.005244910630020371
5.661684492267,0.005246420098454505
5.662784492267,0.0052465958250183745
5.663884492267,0.004957781434385542
5.664924456162,0.0009150888014688343
5.665116502888,0.004920481712251802
5.666149518915,0.005010136046278773
5.66720162193,0.004860064867056464
5.66822270229,0.004897479041556251
5.669252353285,0.004798400811359583
5.670261562031,0.0048246982141883716
5.671276892427,0.004911561305834649
5.672311292265,0.004898708077501966
5.673343702284,0.005068988915402438
5.674412854484,0.0051461702321767555
5.675499772256,0.004732147131663895
5.676500899852,0.004902632644602526
5.677539457895,0.005143036257307072
5.678630996059,0.005151272839285047
5.679730996059,0.00511462222063383
5.680830996059,0.004983682376410283
5.681906542823,0.005037053470368321
5.682995580936,0.005081028319439062
5.684095580936,0.005075024240227049
5.685195580936,0.005068843456572587
5.686295580936,0.005061905722433442
5.687395580936,0.004668166086824668
5.688411637912,0.005044593130468818
5.689511637912,0.004658980652512663
5.690529217026,0.0050286936255425066
5.691629217026,0.0045707776618578696
5.69263057238,0.004851270470290559
5.693695116782,0.0046225523116398826
5.694710977727,0.004678938613766796
5.695740831692,0.004988476707357841
5.696840831692,0.004980060143415297
5.697940831692,0.004671499871952194
5.698974630203,0.004841003543256484
5.700047559294,0.004961202062881736
5.701147559294,0.004961307581127339
5.702247559294,0.004647677532609368
5.7032786208,0.004955340678505384
5.7043786208,0.004954940977721319
5.7054786208,0.004558760653971232
5.706490641639,0.004609492073794688
5.707513569946,0.004547578372617227
5.708523618677,0.004690137342626398
5.709568391951,0.004925979065251532
5.710668391951,0.004919164224263145
5.711768391951,0.004916466122944055
5.712868391951,0.0045187579499285585
5.713879698733,0.004910933319247538
5.714979698733,0.004904581051024497
5.716079698733,0.004901835533511788
5.717179698733,0.004480975520509349
5.718185557407,0.004896337636050645
5.719285557407,0.00456374555327875
5.720311493361,0.004484205756444468
5.721320440417,0.00472989670576635
5.722385440417,0.004549064703959308
5.723410769838,0.004473629752848951
5.724420048684,0.004669048688976469
5.72547406491,0.004474111334432653
5.726485167632,0.0044541553614643485
5.727492658392,0.004703952448342554
5.728557388712,0.0046070547682726766
5.729601164125,0.004589418566073561
5.730642111239,0.004483972311412589
5.731660113189,0.004554756067101816
5.732695085437,0.0045523004857955
5.733730893877,0.004410178285295465
5.73473559082,0.004462829730195989
5.735757036868,0.00450251038994468
5.736796221079,0.004515298624337641
5.737843447584,0.0044457919659145265
5.738875537627,0.004474805698592525
5.739914697296,0.004473531154338469
5.740953857874,0.004472563028417413
5.741993010697,0.0043958280526797296
5.743014784966,0.004597556905201224
5.744085000987,0.004456762640360577
5.745124869364,0.0045720910863239145
5.746193602952,0.004391998256538688
5.747220845737,0.004441027734016136
5.748259877028,0.004400521783696987
5.74929003713,0.0044343957875219156
5.750328765024,0.004465617760459083
5.751375837372,0.0042635073016928406
5.752376318837,0.004461981198512671
5.753423377721,0.004335907718434908
5.754440696464,0.004427411252545843
5.755479702307,0.004367374822298526
5.756505151094,0.0043102426992973905
5.757517366762,0.004458651580437781
5.758564400831,0.00433698311732296
5.759583115093,0.00450575599732706
5.76064210318,0.0043239074351270595
5.761659150218,0.004426555713018202
5.762701038658,0.0045357933839916004
5.763769499954,0.004405471846215691
5.764808471226,0.004272718013307886
5.765816921429,0.004400344310110726
5.766855884339,0.004406604680547319
5.767896696577,0.004463415231276224
5.768951114341,0.004295381571812271
5.76996592404,0.004403030824485221
5.771006553747,0.004397929123618088
5.772046111649,0.0043322509283191335
5.77306942092,0.0043068122276962734
5.774086188035,0.004661368819201987
5.775186188035,0.004287652850994431
5.776197491412,0.00444872035870883
5.777246657203,0.0046649308506580105
5.778346657203,0.004430064532870592
5.779390929789,0.0044852556071153975
5.780448034725,0.004518349514180224
5.781512899102,0.004375731464736216
5.782544234654,0.004483737554384507
5.783601241305,0.0043087817682081805
5.784616826378,0.004667376041813889
5.785716826378,0.004362635227656748
5.786745127498,0.004517636708762232
5.787810127498,0.004664894602333708
5.788910127498,0.004258139427489766
5.789914522171,0.004660882040540595
5.791014522171,0.00430222316180567
5.792030142947,0.004247621249209099
5.793033187815,0.004319390467024979
5.794053910201,0.004582502002615178
5.795137183108,0.004435712362678902
5.796186169772,0.00435345573516925
5.797216198456,0.00464579810979362
5.798316198456,0.004236086016411181
5.799320633054,0.004560632093788112
5.800404687184,0.004590344879099396
5.801504686955,0.0041413605305818885
5.802504686955,0.004380919172958407
5.803564164509,0.004131829224032547
5.804564164509,0.004128850020327057
5.805564164509,0.0042429692148658335
5.806593016241,0.004128342272092007
5.80759569963,0.00412364811419881
5.808598377224,0.004189318517453883
5.809617610736,0.004119122788537511
5.810620276734,0.004198461548435177
5.81164293416,0.0042929185779662545
5.812689386436,0.004225719280983911
5.813720369434,0.00410542820918401
5.814723006857,0.0041007284578715416
5.815725636463,0.004097038679591241
5.816728261958,0.004246235781416467
5.817768343344,0.004318826592785687
5.818827500031,0.004169375671148597
5.819850731816,0.004289812261660102
5.820904291873,0.004162450508827588
5.821927506638,0.004281710344077882
5.82298105189,0.000708394489205911
5.82315546788,0.004166933714325107
5.824181838048,0.004151588984882088
5.825205032923,0.004118451373553493
5.826220608324,0.004205581962011786
5.827257955161,0.004146263501862194
5.828281131112,0.004266075746661998
5.829334630892,0.004060891563158618
5.8303380038,0.004242376730118199
5.831386677799,0.004054243144646509
5.832389218482,0.0042320581644616955
5.83343627929,0.004092995460552139
5.834449661186,0.004245866370697311
5.835501572197,0.004059987548078163
5.836507889433,0.004074897704685869
5.837518395652,0.004083081609172854
5.838531753986,0.004147845687121662
5.839561874149,0.004064919264274368
5.840571808327,0.004093834874204646
5.84158920837,0.00409746379962246
5.842607694188,0.004102620624122647
5.843627650055,0.004041890720386794
5.844632819724,0.004124896286947214
5.845659093982,0.004142565810494515
5.846690195195,0.004127233234250132
5.847718219556,0.004078412971711107
5.848734656086,0.004013023865621923
5.849735245606,0.004037806210248897
5.850742524327,0.004161806323489251
5.851781276568,0.004129034149016081
5.852812521519,0.004041031053263187
5.853822482792,0.00404626057356552
5.854834433324,0.004063879552699022
5.855851314446,0.004121101829202764
5.856883299933,0.004037667181671542
5.857895410141,0.0041315294961106214
5.858934230541,0.0041141571990697436
5.859977476803,0.00400061394083711
5.860998887825,0.004049511368238373
5.862034381559,0.003905216479312369
5.863034381559,0.003945309916618928
5.864045701831,0.003899358266058639
5.865045701831,0.0038976645156391676
5.866045701831,0.003895363805418913
5.867045701831,0.0038930855370578775
5.868045701831,0.003891452648951975
5.869045701831,0.003889533515424404
5.870045701831,0.0038867010006614286
5.871045701831,0.0038846150307616538
5.872045701831,0.0038833141929977538
5.873045701831,0.004127493993922629
5.874108990055,0.0038797918450562494
5.875108990055,0.0040983315398473805
5.876166179908,0.004074439251435603
5.877218087036,0.0038750713201338846
5.878220144761,0.004169793706396959
5.879302222826,0.0038415201118402417
5.880302222826,0.003836671745477034
5.881302222826,0.00410679220112337
5.882373655714,0.00382881239002005
5.883373655714,0.0038248671319182853
5.884373655714,0.004069277253938722
5.885438655714,0.0038161450736368227
5.886438655714,0.0038123956512648095
5.887438655714,0.0038339821436555736
5.888445237651,0.004008050748894327
5.889498571619,0.003802848990997956
5.890498571619,0.003801031733668572
5.891498571619,0.0037980408723593795
5.892498571619,0.0038377204914583564
5.893509894026,0.003938478879240237
5.894548841719,0.0037958258402339302
5.895551012803,0.0037938117064218024
5.896553180141,0.0037912858067437024
5.897555340601,0.003801429755070951
5.898560898658,0.003785891495753132
5.89956305105,0.003906857964780574
5.900598053289,0.003779473959428677
5.9016001954,0.0037758912457201885
5.902602334639,0.00377213248970268
5.903604464045,0.0037693241288260584
5.904606673718,0.004010242536638092
5.905673731577,0.003967917004491874
5.906730473454,0.003923501032550467
5.907776264153,0.0039958107892093175
5.908842046807,0.003796273436590262
5.909855550079,0.0038643584108771275
5.910888205304,0.003933868180504065
5.911940433989,0.0038669002947776046
5.912975541336,0.0038643919783953764
5.914010635074,0.0038519839920626462
5.915043632419,0.0038750903455157565
5.916083861104,0.0038195613529983206
5.9171099512,0.0038186061500130627
5.918137036233,0.003934549309630924
5.91919611978,0.0038021025636037127
5.920220263936,0.003990536101986736
5.921296120484,0.003773210821334653
5.922314440556,0.0038306052373072532
5.923349447203,0.0037488560164311052
5.924362957993,0.0037605209301344268
5.925380184753,0.0036963316323112287
5.926380566607,0.0037415154509749015
5.927393906214,0.0037339951388030757
5.928405840316,0.0037086970126567827
5.92941157558,0.0037308025053461296
5.930424137177,0.003705691974643814
5.931429845963,0.0037870859568655264
5.932457651761,0.003823772187818672
5.933495478248,0.003915893658988595
5.934557668829,0.003708034921139548
5.935563955384,0.003701130795690402
5.936570233776,0.0037650906565427455
5.937595728992,0.003666437007084917
5.938595728992,0.003748275275859028
5.939618790801,0.0037169368337225694
5.940633688436,0.00371719699279479
5.941650112425,0.003704487389694546
5.942667102911,0.00360884646270168
5.943667102911,0.003583101541486294
5.944667102911,0.003579269373343699
5.945667102911,0.003579137889030069
5.946667102911,0.0014319573422171873
5.947067102911,0.003580347624030483
5.948067102911,0.003812812799196724
5.949132102911,0.0036204607300372813
5.950143226548,0.003900500943604929
5.951231431834,0.0037197638700053786
5.952268832382,0.0037971659607686135
5.953327595676,0.003589169285655425
5.954327595676,0.003779968780780678
5.955379858512,0.003652055466499196
5.956396503574,0.003764190340133443
5.95744465321,0.0036469355253814653
5.958459906934,0.003624979589318867
5.959469089899,0.0035922280617192615
5.96046929742,0.0038268093562039487
5.961534587938,0.0035999110097572604
5.962536427038,0.003600876250604286
5.963538259311,0.0036021424994703752
5.964540079929,0.003603920701320072
5.965541896347,0.0036076403173797315
5.966543710337,0.0036128378358705237
5.96754551934,0.0036485438493029172
5.968555309788,0.0036885207810075727
5.969574309505,0.0038551860799684473
5.970639738071,0.003771851747340047
5.971689785626,0.0035746010593416208
5.972693158367,0.003755693678107842
5.973750532007,0.003802736698852341
5.974822569569,0.003744922090392033
5.975878959766,0.003576788381634776
5.976888749972,0.0036274412282770296
5.977913363211,0.003806921978403597
5.978988696454,0.0037282282256558908
5.980042124224,0.0037692702993688946
5.981107933559,0.003681055621368913
5.982149265068,0.0035759822500696895
5.983161256717,0.0036774043211589003
5.984202578964,0.0037633287331037798
5.985268889873,0.003702575863268856
5.986318867145,0.003523927682907173
5.987319068208,0.0035325276849378423
5.988322372532,0.0037966511484330626
5.989401385409,0.0036612152102551564
5.990442687056,0.0035560953492163897
5.991454636399,0.0035178672164492657
5.992456313295,0.0035160084341230645
5.993457984761,0.003513970754858902
5.994459650543,0.003510602063735563
5.995461311317,0.0035073563456762915
5.996462966868,0.0035374194544209128
5.997474317718,0.003499436159126012
5.99847596344,0.0034942220920771237
5.999477130656,0.003547777534017269
6.000494801984,0.0034871056208933974
6.001496431619,0.003483582748564557
6.002498055384,0.0035911719117449037
6.003531498265,0.003594023245680679
6.004567064797,0.003579854780094634
6.005599849392,0.003467938684115157
6.006601448853,0.0035150595398248034
6.00761780083,0.0035490657400642505
6.00864519968,0.0034756190733226944
6.009652488047,0.003484065429339373
6.010663397667,0.003495799021522556
6.011678834076,0.0034560235389239514
6.01268392839,0.003468186655235978
6.013693475648,0.0034753192696508214
6.0147058684,0.0035612396578608516
6.015744274329,0.0035816969550357377
6.016789340689,0.0037422847399614253
6.0178820517,0.003448428678369461
6.018889889113,0.003454925010689539
6.019900412826,0.003416285704597434
6.020900412826,0.0034254558532751922
6.021903862112,0.003693378987570256
6.022987111291,0.0033796098943230796
6.023987111291,0.003343823873515715
6.024987111291,0.0033320382800645144
6.025987111291,0.003328397603178979
6.026987111291,0.0033548975207592212
6.027996134394,0.0034400828096979017
6.029032623089,0.003610651769462777
6.030121942838,0.003313688196142215
6.031121942838,0.0033135988644926208
6.032121942838,0.003312260289480291
6.033121942838,0.003310972582597201
6.034121942838,0.0033260036052872896
6.03512686269,0.0035604473238756234
6.036203475428,0.003405864323320128
6.037234040033,0.003463291019384
6.03828218217,0.003586356696813018
6.039367542303,0.0033093506029519787
6.040368949933,0.003420188781599846
6.041404105032,0.003308337761027239
6.042405502759,0.0033107408638585966
6.0434068995,0.0033127999798629334
6.044408291139,0.0033132540270844855
6.045409677844,0.003326419405790111
6.046414525587,0.0033438056931645796
6.047423880508,0.003355763640281654
6.04843608513,0.0034249223643311403
6.049468252184,0.003412437946075066
6.050495782795,0.0033839526582647023
6.0515136187,0.003470657246532248
6.052556379443,0.0035945703903662767
6.053635613057,0.0034351318940697485
6.054666350528,0.003424340952438064
6.055693280026,0.0034051875221708778
6.056714064122,0.003391960377393679
6.057730529995,0.00340458730981403
6.05875062869,0.0034140759127542857
6.059775050821,0.0034652428967563353
6.060824675168,0.0033443025963735885
6.061847612714,0.0033196738571351293
6.062865510474,0.0034194319115222393
6.063915118261,0.0035572673380367937
6.065008202367,0.003448342853292828
6.06606886953,0.003351191313347099
6.067100366529,0.003379561221287083
6.068141379215,0.003281623248769098
6.069152893083,0.0035325627680792963
6.070242381118,0.0033434211558323493
6.071273860401,0.0033092077286811564
6.072295117324,0.0032746192749635162
6.073306231817,0.0032541607944675194
6.074311556268,0.0033240252150562376
6.075339072134,0.003236743141919155
6.076340290177,0.003234780788990719
6.077341503749,0.0032323496569527355
6.078342711663,0.003228824363120213
6.079343915853,0.003415707255520366
6.080403868726,0.0035408569644979396
6.08150309096,0.00032202997048777395
6.08160309096,0.003217816655756744
6.08260309096,0.0032145803878428415
6.08360309096,0.0035101718540364348
6.084695776079,0.003210082173809651
6.085695776079,0.00320860608755217
6.086695776079,0.003364253398101906
6.087744921551,0.003519226179635323
6.088843535977,0.0034428364024897697
6.089919122912,0.003197969026695148
6.090919122912,0.003480431428998767
6.092008250869,0.0031937261177553966
6.093008250869,0.003191207303727195
6.094008250869,0.003189407750171731
6.095008250869,0.0031870833546404752
6.096008250869,0.0031844713775549052
6.097008250869,0.003181933980995306
6.098008250869,0.0031795093160496652
6.099008250869,0.0031770725943643923
6.100008250869,0.0031734857232400696
6.101008250869,0.0031702123022453632
6.102008250869,0.003167605409725465
6.103008250869,0.003313440893175801
6.104055487316,0.0031438623476745674
6.105055487316,0.0031102476208587633
6.106055487316,0.0032230172404775293
6.107097750116,0.003232213145230881
6.108144465861,0.003084414227180336
6.109144465861,0.0030962166449976427
6.11014915044,0.003227563506366037
6.111196977037,0.0030788705359347146
6.112196977037,0.003223242957445854
6.113244676478,0.003074253641091735
6.114244676478,0.0031051744887905836
6.115255115805,0.0030717804584915933
6.116255115805,0.0030697330770155366
6.117255115805,0.0030678939059628732
6.118255115805,0.0032576728003132984
6.119317608031,0.0031314103762335433
6.120339654308,0.003213356839757321
6.121389002114,0.0031613832373289987
6.122422130939,0.0031554741147082326
6.123453988272,0.0030611157906598693
6.124455352849,0.0030558405601870554
6.125455352849,0.0030549232226642323
6.126455352849,0.003053842963737488
6.127455352849,0.003052432972841923
6.128455352849,0.0030516228467371135
6.129455352849,0.0031523573488510524
6.130488635619,0.0030505490244939273
6.131488635619,0.003050637809833072
6.132488635619,0.0030483975365208677
6.133488635619,0.003048115715236406
6.134488635619,0.0030493901886675763
6.135488635619,0.003050140182371808
6.136488635619,0.0032334918538633535
6.137548503046,0.003050568419299822
6.138548503046,0.003049976694439757
6.139548503046,0.0030489685284993216
6.140548503046,0.0030475633924198883
6.141548503046,0.0030456147919113805
6.142548503046,0.0032461593310508367
6.143614956535,0.0030895635666900708
6.144630154474,0.003073557640022987
6.145640145828,0.003070995803912711
6.146649508991,0.0031985869791676946
6.147700987181,0.00311954362238985
6.148726564361,0.003140147335174334
6.149759068856,0.0031188777256477723
6.150784925257,0.0030423787908819603
6.151786371611,0.0030622897041022203
6.152795059231,0.0031409328801771203
6.153830185073,0.00313024764569281
6.154862543705,0.003048879069337255
6.155868818726,0.003088029059454824
6.15688906607,0.003000625981356035
6.15788906607,0.002964197072861729
6.15888906607,0.0029490468787774448
6.15988906607,0.002980208652818763
6.160901483783,0.003079993159096482
6.161949740099,0.002933947305935849
6.162949740099,0.003000446898349357
6.163973155268,0.002929408493562288
6.164973155268,0.002927369343172975
6.165973155268,0.002925522075037828
6.166973155268,0.002923014764427078
6.167973155268,0.002920639568768302
6.168973155268,0.0029181262643464463
6.169973155268,0.0029158122152751023
6.170973155268,0.00029146667831495796
6.171073155268,0.002964379575030182
6.172090416419,0.0030160577797640467
6.173122665361,0.0029438232883504593
6.17412672647,0.002959652446696931
6.175135461565,0.002971022407849884
6.176147039145,0.003086001891686339
6.177196841142,0.0029451557074960943
6.178198605767,0.0030939601589593875
6.179251035873,0.0030214943042095586
6.180279334264,0.002980527734285201
6.181294311071,0.002982848925555858
6.18231042429,0.003089427136858215
6.183363256076,0.0029665917322643305
6.184374775483,0.002955188519224572
6.185382964269,0.002936684000725788
6.186385301495,0.002953043435311379
6.187393794348,0.0029902947026148787
6.18841554622,0.0030495529742403547
6.189458001414,0.0029477901314841023
6.190466469525,0.0029843250388299435
6.191488197628,0.0029532638498698622
6.19250018321,0.003048578113508295
6.193546309629,0.0029080440746598094
6.194550293337,0.0029716766509394117
6.195585480722,0.0029005989184432016
6.196600019819,0.0028921303084039856
6.197611836227,0.002968717546932046
6.198650304744,0.0030545894342987284
6.199719300181,0.0030415463391701768
6.200784300181,0.002985895363953755
6.201829975042,0.0028543649839620545
6.202829975042,0.0028518254639982523
6.203829975042,0.002848861434673004
6.204829975042,0.0028472718536285743
6.205829975042,0.002845705737910266
6.206829975042,0.0028428708934492737
6.207829975042,0.0028398009470916126
6.208829975042,0.0028368133441429395
6.209829975042,0.002833751416584262
6.210829975042,0.0029315090614188254
6.211865464497,0.003009126800820325
6.212933015508,0.0027907786108981544
6.213933015508,0.0027702261131841875
6.214933015508,0.002802930342608429
6.215947338212,0.0028438673453106272
6.21697859134,0.0027526856396533636
6.21797859134,0.0027485930268216032
6.21897859134,0.0027456521755395594
6.21997859134,0.0027425247415458357
6.22097859134,0.0027388411255410265
6.22197859134,0.0029580054554270057
6.223059834778,0.0028005602838304606
6.224084834778,0.0027288290623025337
6.225084834778,0.00272733828490695
6.226085345092,0.002723915778466599
6.227085851197,0.002720915353490995
6.228086353076,0.0027182958057023377
6.22908685281,0.002715399867170226
6.230087349498,0.002712544129251079
6.231087839256,0.0029268125425187196
6.232168546693,0.0027054114041908375
6.233169029334,0.0027182153942239954
6.234175657459,0.002697673557047216
6.235176132585,0.0026936397796767965
6.236176603222,0.0026894158532057605
6.237177069598,0.0026860849440544137
6.238177531726,0.0027259020912669724
6.239193595386,0.002812816880630464
6.240243028579,0.0027417748957107705
6.241266910483,0.0026767667374548837
6.242267346112,0.002732948959103165
6.243289373536,0.002842694728664375
6.244352991017,0.0027023468503186597
6.245364440154,0.0027282409685404603
6.246385701596,0.002817761172325967
6.247440891146,0.002782506664622716
6.248483124796,0.0026974071167956445
6.249493330947,0.0027808775484193613
6.250535121203,0.0027941966202308837
6.251582498312,0.002679172142587586
6.252587120957,0.002780709952158392
6.253630288992,0.0027360978631280333
6.254657375641,0.00270271573325786
6.25567242257,0.0026674402495361843
6.256674561714,0.0028015433897829794
6.257727576141,0.002715975961769514
6.258748920249,0.002731439536181842
6.259777945811,0.002680161245806261
6.260794316122,0.002620217097443202
6.261794661922,0.002618680953716696
6.262796939325,0.0026358748498237963
6.263806355605,0.0026852981779390463
6.264834411358,0.00264804954978279
6.265848327914,0.0026651188274058523
6.266869279795,0.002823932594363785
6.2679512501,0.00264169802826803
6.268963306397,0.002614567883086397
6.269965228658,0.0026807268035692134
6.270992827997,0.002645280439775047
6.272007207559,0.002687575719386866
6.273038457379,0.0026197931801411906
6.274044375239,0.0026070779952083543
6.275046095058,0.002680675009770086
6.276077002007,0.0026583076192156726
6.277100315447,0.002782691171613851
6.278172779433,0.0028079451825525994
6.279256692299,0.0026558777322220617
6.280283536512,0.002666424897327656
6.281316156894,0.0026585144828432487
6.282347781864,0.0025728974080476614
6.283347781864,0.0026965011667756987
6.284397083132,0.0025660396824942664
6.285397083132,0.0025628553436060748
6.286397083132,0.002559262436646456
6.287397083132,0.002555381545839007
6.288397083132,0.002552151500345806
6.289397083132,0.002549004074936703
6.290397083132,0.0025634483595981263
6.291403819237,0.0025879904929728107
6.2924243445,0.002509621087997994
6.2934243445,0.002489446627404741
6.2944243445,0.002485577774220211
6.2954243445,0.00255358526186362
6.296452712302,0.002485665579318081
6.297455096478,0.0024780444384956456
6.298455265021,0.002477730247319243
6.299455426437,0.002652813608958212
6.300526574489,0.002600759133110529
6.301577012853,0.0011147813706804204
6.302027314503,0.002488323250693078
6.303032799008,0.0024906985678464382
6.304039890837,0.0025900358677465964
6.305087867195,0.0024847977230173027
6.306093876941,0.0024772614334611725
6.307097160655,0.002482103653886532
6.308102613328,0.0026173722070093096
6.30916354728,0.002466660313516323
6.31016354728,0.0024667276734323894
6.31116354728,0.002464796896000294
6.31216354728,0.0024629938140738623
6.31316354728,0.0024617622438107022
6.31416354728,0.0024605401958056688
6.31516354728,0.002459925548841401
6.316163632569,0.002569278567648487
6.317208672406,0.0024568095978384826
6.318208751921,0.0024565200685700505
6.319208825696,0.0025205802088915565
6.320234806103,0.002578787973629131
6.321284976512,0.0024961766320457535
6.322302440246,0.0024689070676844685
6.323309376744,0.0025873333252244167
6.324365362653,0.0024949855852051117
6.325385585043,0.002486836563647998
6.326405796426,0.0025214026431268958
6.327444414339,0.002448383782274385
6.328456441086,0.0024557261596855205
6.32947386762,0.0024631781445663362
6.330496209384,0.002434568291088984
6.331508225019,0.002495495603256181
6.332546822754,0.0024292150922468666
6.333558829522,0.0025184648850813196
6.334609083108,0.002443602738941236
6.33562925666,0.0025121346890800223
6.336679348036,0.002437576788015563
6.337699511896,0.00250661169459202
6.338749588637,0.0024089607977814055
6.339759659865,0.002430331166705297
6.340779801368,0.002498012712337179
6.341829857713,0.002424062243702821
6.342849991243,0.0023782524035136196
6.343851710656,0.002419327278283985
6.344871836118,0.0024875006299565623
6.345921873465,0.0024077247111207994
6.346939209191,0.0024581500178486528
6.347978908034,0.0025247192170801476
6.349047811879,0.002595994538416127
6.350147763578,0.0024419295679482065
6.351182981394,0.002371829917378273
6.352188611755,0.0024597214876181596
6.353231601541,0.0025062021352199163
6.354294585694,0.0023763719532404865
6.355302478478,0.002433112218144444
6.356334180522,0.00249709301946409
6.357393228159,0.0023584264867312376
6.358393777532,0.002478082782081422
6.359445011086,0.002381225607084599
6.360455087911,0.0023639098824666787
6.361457880271,0.0023911990071369942
6.362472277523,0.002426393828131304
6.363502294172,0.0023863081851057625
6.364515614337,0.0023583421201978567
6.365516873488,0.0023645678815009796
6.366521062037,0.002399871760698573
6.36754047544,0.0024734791165261557
6.368591360565,0.0023843391861911277
6.369604827808,0.0024303944509193823
6.370638426194,0.0023548491285095515
6.37164034978,0.0023708164124195373
6.372649312951,0.002369414555537907
6.373657566356,0.002491913105967138
6.374717416967,0.0024795536000673532
6.37577141536,0.002437989320897883
6.376807358323,0.002401129819394603
6.377827857901,0.002538867945707275
6.378908855125,0.0024150731278658323
6.37993959959,0.0024354066622154255
6.380980586886,0.002386224521274807
6.382001573043,0.0024085494744672882
6.383032310631,0.0024519885800565215
6.38408304665,0.002380099545643008
6.385104025284,0.0024026804628727865
6.386134757359,0.0024474176850600117
6.387185487688,0.0023950387714299676
6.388214929244,0.002364276121663412
6.389234686042,0.0022983746747549804
6.390234686042,0.0022805935980065983
6.391234686042,0.002276197572744396
6.392234686042,0.0022726788773316676
6.393234686042,0.0022693218826899527
6.394234686042,0.002268097185350501
6.395234686042,0.002266345078854505
6.396234686042,0.0022640261587099364
6.397234686042,0.0022610068594154874
6.398234686042,0.0022566911853276255
6.399234686042,0.002267963942102092
6.400241822044,0.0022464185833219142
6.401241822044,0.0022895028718085573
6.402262762385,0.002240184199131332
6.403262762385,0.0022376954421812335
6.404262762385,0.0022349171564037254
6.405262762385,0.0022637100906398224
6.406277007668,0.0022542431038079266
6.407288081421,0.0022275316974662367
6.408288081421,0.002350676716025232
6.409343659722,0.0022662152432582345
6.410360931622,0.002227709874370007
6.411360931622,0.0022260466326541
6.412360931622,0.0022226461371801284
6.413360931622,0.002222245682095103
6.414363006222,0.0022544169842765318
6.415381481928,0.0023177339770087757
6.416429991817,0.002272092457530453
6.417458653248,0.0022259962331919684
6.418466230873,0.0022096374196568912
6.419466519779,0.0022278683169105486
6.420475455411,0.002222525137557777
6.421482323355,0.002220085823811491
6.422488119328,0.002245515246687235
6.423505493628,0.0014175002310331047
6.424148002817,0.002347400304999837
6.425212625954,0.0022995765105533928
6.426256338181,0.0022291289388924346
6.4272686359,0.0022584238353486534
6.428294785385,0.0022845786152914196
6.429333553143,0.0022296182919658834
6.430347934461,0.0022303331431707584
6.43136311082,0.0022094087617863406
6.432369221842,0.0022398624758942593
6.433389723567,0.002223011921231823
6.434403291837,0.0022221279261850093
6.435416967227,0.0021915688554920787
6.436417138955,0.002226822251719008
6.437434712757,0.002227410042426096
6.438453595682,0.002194770861530776
6.439457498519,0.002193895156831878
6.440461496543,0.0022443265258681325
6.441489481062,0.002201095127626486
6.442498219706,0.0021809169120878104
6.443498512424,0.0021991207728225587
6.444508031964,0.002181586253179425
6.445510370136,0.0022248786998385604
6.446533128801,0.0022610529437006037
6.44757306861,0.0022081251349667873
6.448589547657,0.0021796036644994936
6.449593305256,0.0021990157111564878
6.450606371032,0.002247491903336496
6.45164224884,0.002237970817561892
6.452674353545,0.0022034084114261224
6.453691254463,0.002193762576747721
6.454704472039,0.002183519023682676
6.45571362429,0.00216908744191134
6.456716641549,0.002176171669844448
6.457724028768,0.0022161286539878863
6.458750882765,0.00216523069444284
6.459754559865,0.0021564249975837995
6.460754565792,0.002161066580907521
6.46175716401,0.0021641214420772222
6.462761558979,0.0021630476641978365
6.463765938592,0.0022580408257515043
6.464815301039,0.0022847086295841017
6.465877670635,0.002229905125169977
6.466914879598,0.002181578146597364
6.467930124215,0.0021546442418857088
6.468933774368,0.00218423664652896
6.469952189941,0.0022002186801880087
6.470978984287,0.0021723019793762977
6.471994185903,0.0021436642837600966
6.472997790235,0.002179102196018225
6.474019986505,0.002151347501439299
6.475031142091,0.002184653436960506
6.476059787862,0.00233112218711159
6.477159178123,0.0023235907044181804
6.478256548774,0.0021562136231389616
6.479275919925,0.0021135318349805757
6.480276141018,0.0021115954814535905
6.481276358703,0.0021401418603480228
6.482291152079,0.002154798770307239
6.483316075322,0.0020896330813229085
6.4843166471,0.002178544164721661
6.485365849903,0.002076289886193616
6.48636806825,0.002256595501919286
6.487459157876,0.0022001368407677684
6.488524552344,0.002136015794728761
6.489560203822,0.0021245353848032074
6.490591510881,0.0021414630899265217
6.491632058752,0.00207850859777254
6.492642877116,0.0021468228860754813
6.493688347836,0.002157612395899558
6.494740529303,0.002193540637908579
6.495811328774,0.002129001942017729
6.496851859183,0.0020660230299830297
6.497862650916,0.0021247995789791
6.498903176365,0.0020617102642740293
6.499913960995,0.0021198823275078555
6.500954481756,0.0020568425131206364
6.501965259247,0.002114242670784133
6.503005774702,0.0020507536311127677
6.504016544204,0.0021086975663110502
6.505057054668,0.0020462101556890343
6.5060678167,0.0021035402412603777
6.507108322441,0.0021177201013121163
6.508157437047,0.0020841635645299683
6.509190790829,0.0012842105117830962
6.509827846379,0.002048520280096501
6.510844834762,0.002036521134177805
6.5118565473,0.0020419261397446554
6.512871605798,0.002059419354687349
6.513896186126,0.002066839794626813
6.514925232614,0.00201269213129079
6.515927779412,0.0020453766197296493
6.516947060499,0.0021050147958579612
6.517995950517,0.002084879296001876
6.519034526851,0.002042802795951448
6.52005224333,0.002024729016824416
6.521061081528,0.0020841034514126953
6.522099639802,0.0020129473131220432
6.523102971764,0.002005525790868395
6.524103077728,0.0020804984133753167
6.525141001433,0.0020132446511856097
6.526145853843,0.002005306080619657
6.527147361488,0.0020568039760134544
6.52817534145,0.002046457541500121
6.529199180226,0.002070091503040423
6.530235977685,0.0020672660170982403
6.531272441272,0.0020447118353930684
6.532298474626,0.00208178946455233
6.533344144879,0.0020539604919014745
6.534376948236,0.002010375891011054
6.535388798934,0.0020612172756925757
6.536427231014,0.0020766013754120564
6.53747432114,0.0020385178577733546
6.538503146946,0.0020757156120211253
6.539551774618,0.0019911878363632926
6.54055855573,0.0020162665351421303
6.541579081296,0.0020602093342809774
6.54262313232,0.001977793961876044
6.543626677489,0.0021011433538953217
6.544694043598,0.0020192580575298254
6.545721086193,0.0020144781516131527
6.546746939033,0.0020336157436144434
6.5477837612,0.0020276994288075142
6.548818935645,0.0019775645115075844
6.549829559533,0.0020116478574394516
6.550858741697,0.001966916769997304
6.551866168585,0.001958306803866646
6.55286996305,0.0019630900447238937
6.5538773225,0.00198403242716512
6.554896996415,0.00199832307871169
6.555925054942,0.0019512426222923168
6.556929816313,0.0020115950489732856
6.557966862105,0.0020074703864808767
6.559002801792,0.0019464344826983985
6.560008142038,0.0019733283985733582
6.561028172487,0.001942835049035913
6.562032981605,0.0019954524689030587
6.563065534981,0.001966300915661412
6.564083832769,0.0020079892774549704
6.565123840177,0.0019923963220934964
6.566155689724,0.0020272346411948864
6.567206521497,0.001932986134333542
6.568208835786,0.0020376622203064393
6.56926561576,0.0020179006989593244
6.57031290919,0.0019295130659484378
6.571314860789,0.0020186558187931156
6.572363774422,0.0019265926982915647
6.573365720588,0.002014704062528021
6.574414628527,0.0019223300081197695
6.575416569427,0.0019765270382157414
6.57644768121,0.0020141274507453045
6.577499094895,0.0019561758400606965
6.57852097726,0.0019725617028524597
6.579552387235,0.002008924141886697
6.580603795718,0.0019508307534141576
6.581625671362,0.0019674045008780516
6.582657076361,0.0019855625087367153
6.583698947419,0.0019240942085198608
6.584709423325,0.001979388195466956
6.585749738275,0.0019392819045836002
6.586770050721,0.0019189437212567687
6.587780515891,0.0019494241469207969
6.588807555352,0.00200251830252627
6.589863729999,0.0008908289571977775
6.590333880124,0.0019668709868863347
6.591372532809,0.0019838088978312565
6.592421383952,0.0018931612913586483
6.593423271418,0.0019190673736295242
6.594439916169,0.002018605568364474
6.595510351138,0.001959402222718969
6.596550638943,0.0019008414042740408
6.597561067418,0.0019551869576610245
6.598601350858,0.0018973785530341546
6.599611772588,0.0019513917569314917
6.600652051488,0.0018934189876470729
6.601662466473,0.0019473541718106758
6.602702740794,0.00195093617560027
6.603746188245,0.0019254874417086417
6.604776914488,0.0018864627646215419
6.605787315948,0.0019405626290438503
6.6068275814,0.0018831666455520098
6.607837976162,0.002003794315000985
6.608913889372,0.0019511206889665839
6.609962691589,0.001979260803657297
6.611027701848,0.0019096032863896227
6.612055841209,0.0018560490073037345
6.613056002363,0.0018549583894378102
6.614056507009,0.0018981233322479325
6.615081017757,0.0018973972971449275
6.616106063259,0.0019308723331660036
6.617150354869,0.0018694043172043315
6.618162548451,0.0019300002227509638
6.619208672161,0.0018653706111685466
6.620220854859,0.001858808402832404
6.621230645408,0.001912712935466455
6.622270995951,0.0018848568362955362
6.623297837322,0.0018732692629504619
6.624320204011,0.0018300646059475983
6.62532089638,0.001827696321511212
6.62632242075,0.0018947078130661414
6.627362953769,0.0018550009712965765
6.62838395136,0.0018498799866928212
6.629404327916,0.0018279400805619912
6.630414555383,0.0018371112504614357
6.63143157688,0.0018445905405092766
6.632454282929,0.001885986685948468
6.633501376712,0.0018050630424308765
6.634504833637,0.001799449914381434
6.63550645373,0.0018213485049402148
6.63652166144,0.0018118129458107213
6.637532664719,0.0017930409359030307
6.638534263028,0.001814628108314506
6.639549455673,0.0018250624023887418
6.640571901941,0.0018100313079924683
6.641587042197,0.0018203303506811117
6.6426094217,0.0018481364956974965
6.643648504179,0.0018657447442422884
6.644698070717,0.0018349564112077586
6.645731250708,0.0018144070849677213
6.646753956827,0.0018169033042834115
6.647779113537,0.0018057839015987798
6.648798818089,0.0017976460057020434
6.649814081266,0.0017724065367009357
6.650815160075,0.0017957781911195937
6.651829626627,0.0018378755126357187
6.652868087226,0.0017705408682843083
6.653869307426,0.0018021349953976145
6.654889240772,0.0017824951423015692
6.655898668493,0.0017725124400007307
6.65690326732,0.0018301099307132282
6.657941265003,0.0017633297314715707
6.658941894663,0.0017902605389149993
6.659958804393,0.0018030645376808131
6.660983741982,0.00184797635434598
6.662034833217,0.001843269258555686
6.663084271356,0.0017687124520195288
6.66409216685,0.001837145352397256
6.665139127522,0.0017841682685435384
6.66615558763,0.0017937084878298128
6.667176416824,0.001784512000526964
6.66818942556,0.0018125687425196138
6.669216132408,0.0018587831898595464
6.670268443889,0.0018178799221927908
6.67129760769,0.0017830016912055728
6.672306297468,0.0018290662319503641
6.673340228328,0.0012978735217013464
6.674073584506,0.0017907635164254774
6.675085197365,0.0017762543228723897
6.676088618591,0.0018112080842897955
6.677111515853,0.0018045840632044496
6.678130742762,0.0018898002422523194
6.679197749147,0.001865903204315389
6.680248966073,0.0018142431205975338
6.681268154576,0.0018576961786588818
6.682309032164,0.001854299541154868
6.68334479931,0.0018628208243455782
6.684381063749,0.0018977922491289385
6.685431976359,0.0018449965530368815
6.686449205968,0.0019031050881565263
6.687495245186,0.001899102004793213
6.688536083194,0.0019045245090792199
6.689576918315,0.001907331624732796
6.690617750256,0.0019083773992974206
6.691658578986,0.0019099678689447682
6.692699404711,0.0006625728138727082
6.693060201044,0.0018505360154063568
6.694068960867,0.0019581779989615473
6.695138998964,0.001915981186523315
6.696189034376,0.0018940526143478205
6.697227543261,0.001897322598906284
6.698265639389,0.0018521646977467463
6.699277199356,0.0019274457450311141
6.700327222921,0.0019116235876999227
6.701365717282,0.0018971933484608846
6.702395077596,0.0018559576021198094
6.703403484951,0.001883647909783037
6.704431332691,0.0018466142735080546
6.705442870426,0.001826669001701696
6.706444478762,0.0018730046918888658
6.707471456535,0.0018879620330300155
6.708506324565,0.0019083837067495088
6.709551896579,0.0019776699141415346
6.710635339859,0.0020084923422713096
6.711735339859,0.0020092397201035483
6.712835339859,0.0020096558249407515
6.713935339859,0.002009744407830494
6.715035339859,0.002009386102874219
6.716135339859,0.002007897748478799
6.717235339859,0.0020048422149064942
6.718335339859,0.0018976897891399506
6.719378245438,0.0019993086700187844
6.720478245438,0.001997832654256449
6.721578245438,0.001995802326635508
6.722678245438,0.001991624052950166
6.723778245438,0.0018477106555476145
6.724803245438,0.0019679388061036368
6.725903245438,0.0019495014302602694
6.727003245438,0.0017958168032416438
6.728023245438,0.0019144336224221608
6.72911362477,0.0019277863805922267
6.73021362477,0.0019247606727721335
6.73131362477,0.0018649481080243208
6.732381032598,0.0019185173279825329
6.733481032598,0.0019148679757039185
6.734581032598,0.001910909825925707
6.735681032598,0.00190677462981592
6.736781032598,0.0019030762316744633
6.737881032598,0.0018988583106249834
6.738981032598,0.0018950844105560713
6.740081032598,0.001894571287938749
6.741181032598,0.0017638475040414534
6.742205427379,0.0018872901599686195
6.743305427379,0.0018089583209098255
6.744365427379,0.0017386092343540202
6.745389279228,0.0017519371489219475
6.746426365934,0.001682124711413209
6.747426525241,0.0017164197090995049
6.748450984677,0.0017261840190570775
6.749485573892,0.0016977673041229594
6.750507336396,0.0016903911471523305
6.751528874671,0.0017387662171591363
6.752583228671,0.0017340708553376706
6.753637563354,0.0016591503545078672
6.75464818555,0.0016648064557416517
6.755663616244,0.0016734796315569862
6.756686449268,0.0016767123197722945
6.757713244412,0.00163093147145991
6.758713334266,0.0016909056083881122
6.759751956182,0.001745220404794374
6.760826433118,0.0016509559517787957
6.761845413514,0.001674777651102318
6.762881629065,0.001623290965496627
6.763888407915,0.0016651713634543118
6.764923533842,0.0016925671755948903
6.76597780901,0.0016638351495769578
6.767016397272,0.0017177231518841626
6.768090839504,0.0016136202563921355
6.769101953422,0.0016219364986656802
6.770119480032,0.001666440546356022
6.771166087088,0.0016311361177416051
6.772192816929,0.001619006426019883
6.773214934651,0.001591973218355877
6.774222874389,0.001627394913169955
6.77525598042,0.0016490200130827913
6.776305480389,0.001578968571713227
6.777312732794,0.0016391942584630885
6.778360945143,0.00161350864312634
6.77939559834,0.001570497221080199
6.780405407516,0.0015559359747980032
6.781407745141,0.0015701707902811156
6.782421207136,0.0016179602335262208
6.783468032735,0.0016087605649575077
6.784511474128,0.0015444982957414277
6.785515343508,0.0015660238450966395
6.786534579265,0.0016655762037933845
6.787619878309,0.0015610519186994806
6.788638825804,0.0015794754140420328
6.789672245328,0.0016216104021191354
6.79073589541,0.0015493937641979086
6.791754657504,0.0015729023823910174
6.792790703593,0.0015231325231042207
6.793795525538,0.001551015188549123
6.794820820616,0.0015259946988672392
6.79583165452,0.0015165584729462012
6.796838748996,0.001510482243382241
6.797844209786,0.0015101300756004568
6.798850551902,0.0015316665872176386
6.799871823319,0.0015522254765469074
6.80090783838,0.0015513614843682348
6.80194513195,0.0016167527330517978
6.803027767087,0.0015945681952830612
6.804096531538,0.0014931094554676066
6.805098242964,0.0015464228187031487
6.806136840395,0.0014899839253105225
6.807138541488,0.0015434394918961826
6.808177129074,0.0014871241607993372
6.809178822128,0.0015400498814947742
6.810217400838,0.001483479309446381
6.811219086213,0.001541690805476713
6.812261441439,0.00010995695974602965
6.812335841439,0.0015225896516976453
6.813366854918,0.0015347741756274963
6.814407360285,0.0016208174856350555
6.815507360285,0.0015018563173159805
6.816528454812,0.001497372078515858
6.817549359098,0.0015976306461810367
6.81864181546,0.001605926893054794
6.81974181546,0.0014679921508570022
6.82074890428,0.001524385333967708
6.82179732735,0.0014621797127666513
6.822805846873,0.0015931626708809614
6.823905846873,0.001593533420644368
6.825005846873,0.0015915427893728592
6.826105846873,0.0015884945480803352
6.827205846873,0.0015861904083431632
6.828305846873,0.001584444424751678
6.829405846873,0.0015826593738096071
6.830505846873,0.001465766490141957
6.831525846873,0.0015074396846404662
6.83257616907,0.0015054690843365694
6.833626490948,0.0015750095649525037
6.834726490948,0.001573152502301298
6.835826490948,0.0015708615499857974
6.836926490948,0.0015269033241146763
6.837997279808,0.001499528255139184
6.839049879433,0.0015663726693648959
6.840149879433,0.0015655317628348866
6.841249879433,0.001564246008825385
6.842349879433,0.001562494518363999
6.843449879433,0.0014490975660872464
6.844471680852,0.0014792787841405525
6.84551680156,0.001453605014381044
6.846544608162,0.0014482107159008513
6.847568115163,0.0014892793677881515
6.848620518211,0.0014534275814950433
6.849648407672,0.0014465701765282151
6.850671901158,0.001444756607111717
6.851693619134,0.0014283132761579442
6.852702710083,0.00147350325329276
6.853742952365,0.001484141492511217
6.854791980617,0.0014958097894681038
6.85585263489,0.0014257563031677448
6.856867250531,0.0014087884636001125
6.857872278018,0.0014320120459147706
6.858895165985,0.0014003079191593265
6.8598964325,0.0014137604364453603
6.860908485245,0.001411398134512621
6.861920235731,0.0014137163318621538
6.862934829193,0.0014461513709161772
6.863973713659,0.00141626885665071
6.864992179488,0.0014215762615196635
6.866015544342,0.0014711665254285454
6.867076143346,0.0014058739882613059
6.868090717147,0.001438855182074131
6.869129581535,0.0014095384039174575
6.870148023616,0.0014097679801669091
6.871168828005,0.0013995183989935246
6.872183222719,0.0013932666369950563
6.873192571732,0.0013983311994397185
6.874206497309,0.0014264373605810863
6.875242146743,0.0013917605841371108
6.876253357722,0.001382379622143577
6.877258629854,0.0013810341877854258
6.878264112673,0.0013828391512947312
6.879271747718,0.0013844537780897097
6.880281494597,0.0013957813567284831
6.881300593435,0.001394383450543972
6.882319687318,0.001393318940184016
6.883338776467,0.0013707752012050024
6.884342209627,0.0013927748536985884
6.885362627716,0.0014428568567688132
6.886420545348,0.0013663926347433544
6.887422973047,0.0013711144021469346
6.888429573954,0.0013711786286417665
6.88943716134,0.0013611161915064573
6.890438116705,0.0013706671810554214
6.891446686518,0.0013718655174856514
6.892456983053,0.0013680912827541039
6.893466635591,0.0013686612534763605
6.894477599204,0.0013980540299070462
6.895510132029,0.0013788568021117584
6.896529119083,0.0013610706448247583
6.897535762251,0.0013615308147501908
6.898543646225,0.0013655024163910698
6.899555193678,0.0014170707801370588
6.900606030288,0.0013897250487805483
6.901638163909,0.0013614876478334483
6.902653476145,0.0013994329379241554
6.903702405345,0.0013630103800167082
6.904726719689,0.0013448322527941457
6.905738605649,0.0013322287689857203
6.906742274285,0.001431648538586244
6.907821638943,0.0013275957663583294
6.90882562404,0.0013476272165837933
6.909847890045,0.001380990624238329
6.910895777663,0.0014504106931649604
6.911995777663,0.0014509669824729445
6.913095777663,0.0014496874733146555
6.914195777663,0.0014487812165700183
6.915295777663,0.0014476523664236562
6.916395777663,0.0014331203022611156
6.917485777663,0.0014291094857598891
6.918573628385,0.0014441604986629593
6.919673628385,0.0014433422599067194
6.920773628385,0.0014414011203847177
6.921873628385,0.0013660952656772715
6.922918590734,0.001434994685029306
6.924018590734,0.0014344372282376477
6.925118590734,0.0013497341629925804
6.926153579085,0.001433586218660566
6.927253579085,0.0014045580711133706
6.928331419939,0.001345004950832365
6.929363849924,0.0006121222373757766
6.92983412975,0.0013514681292701547
6.930873088359,0.0013660776064037996
6.931923924996,0.0013267005582498395
6.932945039095,0.0013384387287084445
6.933975873231,0.0013628007020413102
6.935026706164,0.0013218874622742765
6.936047814884,0.0013324822918550781
6.937078645053,0.0013959194702544545
6.93815974982,0.001304152922468826
6.939170765237,0.0013425799215908373
6.940212418405,0.001341198997878495
6.941253518706,0.0013539311932822737
6.942304342681,0.0013027598260010873
6.943315703154,0.001378563839186037
6.944387067538,0.0013127406857813436
6.945408156921,0.0012994362365622693
6.946419516649,0.001322441675254057
6.94745033094,0.0013333199616209358
6.948491414729,0.0012934124124243742
6.949502767294,0.0012915360773149713
6.950514117124,0.0013016012901369823
6.951534656545,0.0013106009332851628
6.952562979324,0.0013403049722465275
6.953615118564,0.001324433623614597
6.954655783968,0.0013142508466243916
6.955689271972,0.0013368028775686835
6.956741187476,0.001320943317056438
6.957781628577,0.0012776337920966056
6.958788853067,0.0013075527692019675
6.959820991861,0.0012709462620399449
6.960826248313,0.0013135558380776944
6.961866865808,0.0013384666895906825
6.962927657665,0.0012700402375292507
6.963933792308,0.0012857512685095882
6.964952312348,0.0013230267987117128
6.966000980442,0.0012778767559311532
6.967014950411,0.001307323909667701
6.968053765806,0.0012745859836114008
6.969067948489,0.0013025820853267355
6.970106409365,0.0012747143722285385
6.971124398969,0.0012804024348280214
6.972147348825,0.001327483417765788
6.973207450313,0.0012707219561288612
6.974221614316,0.001301306610393598
6.975260056011,0.0012746616468812036
6.976278024182,0.0012786542697936253
6.977300955414,0.0013223832111358392
6.978361034625,0.0012632880970188797
6.979375179597,0.0012927072297086886
6.98041360223,0.0012669807832695343
6.981431549023,0.0012731914343224857
6.982454461346,0.0012617281997736182
6.9834681545,0.0012448845820723152
6.984468593941,0.0012542384417444936
6.985478125965,0.0012492002171431147
6.986486127921,0.001274578937336855
6.987516173614,0.0012660373853839051
6.988539674657,0.0012872425366535385
6.989580326728,0.001268698175486798
6.990606220875,0.0013221900180781596
6.991675386073,0.0012361996462740175
6.992675407964,0.0012468855208993435
6.993685671137,0.0012433106469099064
6.994694628935,0.0012328180910603267
6.995696318174,0.0012339068106714337
6.996699533423,0.0012391075331024258
6.997706946708,0.0012336436352865978
6.998710365546,0.0012595665437554842
6.9997352535,0.0012651107743827457
7.000765561026,0.0012423793373338272
7.001779270283,0.001248423217045427
7.00279925996,0.0012440156093599382
7.003816533563,0.0012367122046784713
7.004828134978,0.001233598866340795
7.005837591324,0.001224635284122889
7.006840315476,0.0012379332924588274
7.007854654251,0.0012486461358795849
7.008879103448,0.0012320550377232344
7.009891227077,0.0012186370144700056
7.010893475378,0.001223194822752396
7.011900211153,0.0012208852593186478
7.01290517332,0.0012206450521061445
7.01391013126,0.0012175563951254233
7.014913173989,0.0005737378038025476
7.015386170989,0.00121395380095775
7.016388227402,0.0012168080632137671
7.017393807731,0.0012137930687453559
7.018397685315,0.0012128029210558917
7.019401558804,0.0012169521780573272
7.020409391527,0.0012198559772006604
7.021419271985,0.001230019855053574
7.022437248147,0.0013102787668107824
7.023523565282,0.0012407770363618298
7.024554274122,0.0012107577595743637
7.025560865885,0.0012151301676581305
7.026572043953,0.00128602420458431
7.02764368701,0.0012154806500359612
7.02865784898,0.0012906294918083748
7.029739394077,0.0012433613070162153
7.030790092676,0.0012009952695378426
7.03181102281,0.0012101982722606797
7.032841719277,0.0012798252021466807
7.033932608868,0.0012320850477340484
7.03498330342,0.001196711778853259
7.036004227876,0.0011708167772842895
7.037004316469,0.0011931356116407718
7.038025238527,0.0012028767522198973
7.039055928818,0.001224867664763397
7.04010661806,0.001190229216661935
7.041127535372,0.0012015442008801076
7.042158222154,0.0012231997912774606
7.043208907944,0.001188008441294919
7.044229820801,0.0011983158208811928
7.045260504228,0.001220018965463324
7.046311186629,0.0011852645960523567
7.047332094946,0.001195155645990688
7.048362775048,0.0012169931734803921
7.049413454135,0.0012166414285745952
7.050464583881,0.0012503549288736349
7.051545486106,0.0011919939704027932
7.05257616154,0.0012138517928005522
7.053626835962,0.0011781010127110214
7.054647733607,0.0011886791485845923
7.055678405605,0.0012113295903412495
7.056729076595,0.0011761982004492445
7.057749969617,0.001186185706069109
7.05878063816,0.0012078889550604889
7.059831305709,0.0012142182659482823
7.060888313629,0.001182869532969288
7.061918978683,0.0012385501756838418
7.062999642648,0.0012038546045916815
7.06405030546,0.001169704090566447
7.065071187602,0.0011799403461267767
7.066101847986,0.0011924277556412861
7.067143657105,0.0011450712799549192
7.068144577763,0.0011425295594174865
7.0691450531,0.0011591257635811965
7.070161020656,0.001142535822027859
7.071162803703,0.0011908371696189605
7.072207957686,0.0011425377163792791
7.073211529318,0.001152089286011274
7.074224012295,0.0011454174684763794
7.075231325783,0.001137138630907662
7.076232549864,0.0011381182884210943
7.077235326485,0.0011347897081626932
7.07823590549,0.0011420853834858966
7.079243980545,0.0011415314291420933
7.080252051453,0.0011344473112442446
7.081254361402,0.0011398720324894182
7.082262211886,0.0011413608644134606
7.083271940091,0.0011348861914992842
7.084276597324,0.0011329070205939875
7.085280400741,0.001130731524584142
7.086283138251,0.0011270189522869366
7.087283677918,0.001139060150471411
7.088296170703,0.0011316716171111195
7.089302928159,0.0011311698383205191
7.090309681319,0.001128989975550453
7.091314944321,0.001128435885783455
7.092320203019,0.0011348735825833399
7.093331985757,0.0008707545322450162
7.094108918329,0.0011271794119248196
7.095115337931,0.0011222016378041252
7.096118033372,0.0011215346877112766
7.097120724613,0.0011184227610432458
7.098121218357,0.0011260450147007725
7.099129207518,0.0011253153750832162
7.100137192471,0.0011226436129126297
7.101143900724,0.001121166981707275
7.102150604469,0.0011273677982857673
7.103163600531,0.0011259430793855822
7.104175813933,0.001132461162418408
7.10519460272,0.001121329888245218
7.106203977643,0.001122143995589515
7.107214481997,0.0011292233512288962
7.108231987876,0.0011200260221877934
7.10924227265,0.0011092771040713523
7.110243567875,0.0011282487614237158
7.111262333294,0.0011168029631660312
7.112271684881,0.0011169163608543997
7.113282164038,0.001123805392402139
7.114299642804,0.0011149143873148213
7.115309901177,0.0011043327505570442
7.116311170117,0.0011072775338636647
7.117315371512,0.0011116976038093736
7.118324272065,0.0011045281097400125
7.119327225757,0.001105727550752951
7.120332102808,0.0011005296319146307
7.12133347177,0.0011172145119329748
7.122350916922,0.0011087132826324779
7.123361141712,0.0010984289505067382
7.124362377908,0.0011167855337804308
7.125381084751,0.0011093465217625045
7.126393717093,0.001115087353731962
7.127412202464,0.0011121995075777553
7.128428915307,0.001114638315423007
7.129448666144,0.0011051073568094426
7.130460277195,0.0010991241384159358
7.131467003393,0.0011046421110116117
7.132479526918,0.0010920283605809341
7.133481224097,0.0011991562798450413
7.134581224097,0.001112436624160621
7.135601612445,0.001122813591934507
7.136632193907,0.001122034022405819
7.137662773773,0.0011433225207076675
7.138713353198,0.0011103707532502426
7.139734124082,0.0011202819315200554
7.140764700963,0.001141206821985393
7.141815276763,0.0011406367359846571
7.142866233521,0.0011714764382805304
7.143946997902,0.0011156904027174069
7.144977569806,0.0011579214221673828
7.146047950251,0.0011359214340922314
7.147098519734,0.0011030075385666492
7.14811927742,0.0011131159437453414
7.149149844475,0.0011344725062527297
7.150200410505,0.0011017033610167723
7.151221163606,0.0011111647390303035
7.152251727268,0.0011318722332692092
7.153302289925,0.0010850006843445025
7.154309929299,0.0003179692004888086
7.154605386558,0.0011280717536160955
7.155654346328,0.0011072680143996907
7.156684905097,0.0011280242166347347
7.157735462872,0.0010845171402185496
7.15874639055,0.0011046076260514135
7.159776945924,0.0011251863644450432
7.160827500251,0.001092425560679545
7.161848237159,0.0011021268399178026
7.162878789089,0.0011228696700790654
7.163929339999,0.0010904568604556476
7.164950072891,0.0011003320560184892
7.16598062129,0.0011212781044268169
7.167031168585,0.0010889440691938391
7.168051896715,0.0010987665454307083
7.169082441532,0.0011185967149316656
7.170132361224,0.001079868812704738
7.171146671375,0.0010826424471419098
7.172164422527,0.0010917633266358427
7.173192546257,0.0011149501717156926
7.174243444385,0.001115310633065816
7.175294340764,0.0011147088442342535
7.176345235246,0.0011138223106445563
7.177396127731,0.001113130503814909
7.178447018413,0.0011121553500939019
7.179497907292,0.0011112153984553503
7.180548793823,0.0010629376327406395
7.181554587811,0.0010655832321724698
7.182563788269,0.0010723299474761036
7.183580622849,0.001065206650039295
7.184591653655,0.0010767669124968952
7.185614289766,0.0010805619419142242
7.186641225419,0.0010537763192476324
7.187643461134,0.0010662961257359442
7.188658153055,0.0010724872288587989
7.189679273071,0.0010597693468593686
7.190689076878,0.0010494247711024523
7.19168978689,0.0010755330858888325
7.192716202481,0.0010560656257814767
7.193724862684,0.001063309754771479
7.194740874222,0.0010635701492521855
7.195757560569,0.0010597409999688987
7.196771300922,0.0010617346039889335
7.197787724867,0.0010541043082381478
7.198797496774,0.0010591426360864302
7.199812710061,0.0010626138397050234
7.200831879915,0.001065316968204312
7.20185451161,0.0010685326440369072
7.202881198514,0.0010607784306521746
7.203901063836,0.001067411642901317
7.204927907429,0.0010590911044599236
7.205947552549,0.0010480965508039332
7.206957434239,0.0010492786391851007
7.20796922107,0.001057524909156355
7.208989490268,0.0010469765461840197
7.210000420773,0.0010506060105932341
7.211015590537,0.001043355874007653
7.212024250196,0.001057168076027182
7.21304704966,0.001044233305062085
7.21405817667,0.001052829557705828
7.215078280709,0.0010511821174154787
7.216097602679,0.0010494796601166585
7.217116142619,0.0010459122234688467
7.218131920517,0.001045051525145467
7.21914769414,0.00104127843299024
7.220160917664,0.0010403103005872667
7.221174137078,0.0010373081423476292
7.222185018827,0.0010477489334950864
7.223206928232,0.0010375848653825916
7.224220135996,0.0010358321565370168
7.225232562167,0.0010307177295768737
7.226240671955,0.0010351051333195769
7.227253869467,0.0010344540913559482
7.22826706358,0.001033799147265325
7.22928025478,0.001032922243391274
7.230293442951,0.0010202047522213928
7.231294959834,0.0010314412533439993
7.232308140809,0.0010392942726097805
7.233329723482,0.000813447834168032
7.234129910214,0.0010225844223512202
7.235136568712,0.0010206240011284022
7.236141674216,0.0010460212616644614
7.237172444833,0.0010227141737288105
7.23818114978,0.0010338079023617427
7.23920146224,0.001022525114555917
7.240211220656,0.0010248062084618939
7.241223945258,0.0010239606391371176
7.242236666107,0.0010366865140397513
7.243262606057,0.0010293987262849705
7.244282107431,0.0010254890308855993
7.245298635199,0.0010642318401483542
7.246354464191,0.0011078063338937616
7.247454464191,0.0011074146021978158
7.248554464191,0.001106813551610767
7.249654464191,0.0011058591279617758
7.250754464191,0.0011052633371631188
7.251854464191,0.001041492183189665
7.252891510852,0.001028577229849024
7.253916480555,0.0010135292092805647
7.254927570147,0.0010108309305804305
7.255937103831,0.0010096882203366843
7.256946409893,0.0010324602902745967
7.257979009038,0.0010223153036023852
7.259002042536,0.00101361317416346
7.260017344087,0.0010179021469555144
7.261037530005,0.001025568765086574
7.262066080054,0.0009980890988402122
7.263067884266,0.0009990421343063886
7.264071213627,0.0009954883842095595
7.265071739662,0.000996822842882188
7.266074387638,0.001000534669150897
7.267081431179,0.0010077259507348263
7.268096396423,0.0010386782757463072
7.269143234462,0.00100948720850828
7.270161411098,0.001012837744017915
7.271183692638,0.001011569009069303
7.272205495923,0.001028077927057206
7.273244782324,0.0009911212126939874
7.274247272426,0.0010243885110558708
7.275284348253,0.0010086922941728135
7.276306492794,0.001018813549555413
7.277339579684,0.000993269102594149
7.278347324097,0.0010157070736044212
7.279378571299,0.0009880032529213205
7.280382459156,0.0010283330365204687
7.281428028171,0.0010047477234504
7.282450445751,0.0010133321418378945
7.283482370679,0.0009886990902848245
7.284489750032,0.001026493303767791
7.285536381247,0.0010191092362895776
7.286584295003,0.000980477630039926
7.287602811915,0.000989635822096716
7.288634130019,0.0009912248404939116
7.289668724981,0.000970016434444424
7.290682102904,0.001034060779999847
7.291762939566,0.0009641148754906923
7.292771404718,0.0009921408695123483
7.293810131107,0.000966962507659783
7.294823295526,0.000976622011857324
7.295847031143,0.0009541485602379546
7.296847520832,0.0009682035226129189
7.297863503634,0.0009532782904887345
7.298864650765,0.0009521709693120313
7.299865143711,0.0009739814490077659
7.300889216949,0.0009696031368487211
7.301909440872,0.0009732791990541122
7.302934157262,0.0009640168253249379
7.303949934071,0.0009600148088339855
7.304962222601,0.0009489814137564232
7.305963584643,0.0006597430319506702
7.306660112899,0.0009628638531030032
7.307677190004,0.0009703443529026693
7.30870291133,0.0009645443019739875
7.309723233631,0.0009480742475068054
7.310726953719,0.0009713497942835346
7.311756122166,0.0009441472926317219
7.312757092134,0.0009497680480024599
7.313764762794,0.0009593173857193045
7.31478356844,0.000946829008175988
7.315790451616,0.0009513951195211216
7.316803311679,0.0009527042149445285
7.317818019909,0.0009466048799310099
7.318826546004,0.0009537497509170273
7.31984315491,0.000952161432840612
7.320858659472,0.0009562766236737099
7.321879107518,0.0009554290485691772
7.322899382116,0.000941380336729075
7.323905355361,0.0009390784869084379
7.32490942582,0.0009547307619140291
7.325931276512,0.0009448165545135467
7.326943371804,0.0009582811651741792
7.327970393463,0.0009509080074240109
7.328990024505,0.0009347597646957575
7.32999303563,0.0009359080309052129
7.330998107298,0.0009473716161831509
7.33201623807,0.0009348107372379543
7.333021727796,0.0009376330182264121
7.334030849814,0.0009349362787565201
7.335037535489,0.0009365827131132262
7.33604671891,0.0009300123651813415
7.337049366957,0.0009404251050507728
7.338063688117,0.0009392639198688291
7.339077468503,0.0009364833223076764
7.340088969197,0.0009276519481853749
7.341091667303,0.0009327745584220527
7.342100785473,0.0009550851008008122
7.343134935877,0.0009347966381152239
7.344147932242,0.0009396796346674017
7.345166875434,0.0009372373604724758
7.346183649242,0.0009215439982861471
7.347184035082,0.000923728797066691
7.348187421425,0.0009386821867761165
7.349207666722,0.0009200633560015408
7.350208238906,0.0009264375861482477
7.351216398308,0.0009285194589262923
7.352227607124,0.0009269827145192618
7.353237667067,0.000921622982013599
7.354242365557,0.0009193917234471318
7.355245346285,0.0009400173686557873
7.356271634023,0.0009332527185855142
7.357291180423,0.0009290777488242766
7.35830661469,0.0009157962167216133
7.359307951408,0.0009424926209141123
7.360339139243,0.0009260324229412142
7.361352881352,0.000960929531282003
7.362405220938,0.0009667175117933832
7.363464042391,0.000956676232112954
7.364512277525,0.001003232258237311
7.365612277525,0.0010028982220093832
7.366712277525,0.0009297613699679995
7.367732501919,0.0010017997086551706
7.368832501919,0.0009194153956104559
7.369842613494,0.0009710495853213245
7.370909957174,0.0010003172172812528
7.372009957174,0.0009998071754296729
7.373109957174,0.0009992690148029188
7.374209957174,0.0009988373111430792
7.375309957174,0.0009982669223872857
7.376409957174,0.0009807750737309592
7.377491416996,0.0009236785439882101
7.37851079998,0.00040143372944403813
7.378954182726,0.0009212597641211233
7.379971977947,0.0009362029043356862
7.381006535722,0.0009169226200739096
7.382020251825,0.0009206634389518805
7.383038490882,0.0009914923045512487
7.384135723882,0.0009459662393252279
7.385183272902,0.0009455256178612357
7.386230820585,0.0009040342426609846
7.387232952911,0.0009180922686869359
7.388251240215,0.0009143577759192103
7.389266076775,0.0009245484210394384
7.390292911616,0.000988192237040123
7.391390988293,0.000977436197064669
7.392477819633,0.0009108777254504405
7.393491319573,0.0009392448870316629
7.394536888858,0.0009415659483794723
7.395585576518,0.0009854032652517818
7.396683960427,0.0009146103115561484
7.397704132935,0.0009358113034834242
7.398748364924,0.0009465711649566362
7.399805252482,0.000931234018854939
7.400845807895,0.0009032775336604363
7.401855983029,0.0009551077476699023
7.402924919078,0.0009123437950246325
7.403946470033,0.0009371172796287059
7.404996460913,0.0009025992147046191
7.406008641361,0.0009007105978787236
7.407019418457,0.0009213200538194421
7.408053927214,0.000927010337422164
7.409095581598,0.0009332548237505117
7.410144993649,0.0009133918755013622
7.411172637632,0.0009016763698686257
7.412188026986,0.0008896260535605008
7.413190937345,0.0009164123771986831
7.414224769141,0.0009222239921042596
7.415265875028,0.0009140546937119488
7.416298760026,0.0009150950649197214
7.417333633903,0.0009281307422123643
7.418384111685,0.0009077637086754196
7.419412687487,0.0008959576898563343
7.420429104072,0.0009000072205757821
7.421450991118,0.0008897572895591223
7.422461830316,0.0009079676982151938
7.423494096351,0.0009025119694318704
7.424520906965,0.000923237870087938
7.425572168429,0.0008944783281506719
7.42659155484,0.0009002383780823384
7.427618318975,0.0008964326094496042
7.428641674577,0.0008795746927458987
7.429648744004,0.0009243797126002619
7.430718994791,0.0008772090795916303
7.431744869313,0.0008648046010107396
7.432758187389,0.0008706631882489149
7.433779783299,0.0008576872792496147
7.434787535428,0.0008778070101912063
7.435819906587,0.0008557069459320736
7.436826986683,0.0008569987574704839
7.437836555233,0.0008627024198618474
7.438853632034,0.000857082266459798
7.439864611314,0.000854711466601809
7.440873354014,0.0008469446145101316
7.441873429152,0.0009146128180732961
7.442954081251,0.0008605040383234313
7.443971580582,0.0008687665157392078
7.444999563529,0.0008687323183439551
7.44602821506,0.0008659587760782683
7.447054095657,0.0008575251395120459
7.448070566798,0.0008451604118222243
7.449073192025,0.0008444612405933405
7.450075678252,0.0008599164239201932
7.451097073243,0.0008627163373448632
7.452122706253,0.0008629497492835883
7.453149654314,0.0008902310434044957
7.454209920255,0.000852168112940843
7.455225608649,0.0008536777813888895
7.456243753412,0.0008529878327110608
7.457261671717,0.0008934571298632762
7.458328332822,0.0008574408760382901
7.459352605,0.0008403119791741937
7.460357239448,0.0008655784262913203
7.461392681503,0.0008779702912722874
7.462443557044,0.0008381784107635987
7.4634474782,0.0008629686489150744
7.464481490423,0.0008587207610973403
7.46551083327,0.0008366885837071789
7.466514418652,0.0008763693518313029
7.467566347263,0.000857184005872624
7.468595843462,0.0009044358752613717
7.469682727842,0.0008314982278158983
7.470682727842,0.0008742074840125321
7.471734652729,0.0008305693793536125
7.472734652729,0.000639248459807783
7.47350472906,0.0008698648650462325
7.474553205028,0.0008854229383455444
7.475621258443,0.0008368121369546688
7.476631333525,0.000905305289891704
7.47772478549,0.0008687536205176156
7.478775009135,0.0008434656638696669
7.47979530616,0.0008679375115155149
7.480845527864,0.0008427444434842882
7.481865822151,0.0008587811822794028
7.482906114864,0.0008665749393653956
7.483956479082,0.0008247479378046829
7.484956768985,0.0008307869422644155
7.485965018434,0.000840219662097348
7.486985305928,0.0008234129786978991
7.487985592136,0.0008230079529374599
7.488985876517,0.000847160696010695
7.490016229919,0.000854727974940287
7.491056511118,0.0008214053538823553
7.49205679156,0.0008537342476909771
7.493097070166,0.0008589700425038242
7.494144382044,0.000852308082348368
7.495184226578,0.0008602844207905555
7.496234570264,0.0008430931378777679
7.497264645989,0.0008179159440591042
7.498264918358,0.0008825996194089234
7.499345057592,0.0008171482520803946
7.500345326775,0.0008662261608366756
7.50140599362,0.000821996653273107
7.502413016226,0.0008416046845074788
7.503444463879,0.0008156264889311095
7.504444728123,0.0008879074051062528
7.505534306059,0.0008661804377491592
7.506597522884,0.0008241730398444307
7.507609876754,0.0008340349163956761
7.50863489752,0.0008169214042369523
7.509639353219,0.0008365297933576432
7.510668698275,0.000842644359283552
7.51170630408,0.0008385878244646087
7.512739512117,0.0008300746451609169
7.513762813194,0.000833725487424608
7.514791507045,0.0008489028795155999
7.515839695423,0.0008565842166346786
7.516897837236,0.0008352987210969139
7.517930469147,0.0008640527838675722
7.518999391032,0.000838025600259038
7.520036661222,0.0008491893181334103
7.521088486397,0.0008312131167264035
7.522118749593,0.0008220397814965797
7.523138317726,0.0008310525437659898
7.524169926407,0.0008116518685963452
7.525178112076,0.0008086694171049383
7.526183164297,0.0008105363020525985
7.527191180281,0.0008425624675651086
7.528239571102,0.0008108550068109739
7.529249229942,0.0008073377243803308
7.530255294894,0.000806115927041954
7.531260595295,0.0008379057399127066
7.53230631505,0.0008103832617628814
7.533318450583,0.00082896125332996
7.534354628905,0.0008385957904115278
7.535403518269,0.000816886923749259
7.536426006553,0.0008374058546234595
7.537475116044,0.0008120333117916663
7.538493281972,0.0008590035211825215
7.539571174801,0.0008049641162554506
7.5405821897,0.0008287374741531467
7.541624258129,0.0008032960548377805
7.542635114281,0.0008374096418389506
7.54368973856,0.000815506850131222
7.54471770788,0.0008204853302951125
7.545752756756,0.0007985724420737141
7.546761175268,0.0008671413637342852
7.547857209351,0.0008049926140100938
7.54887563615,0.0007907792322309922
7.549876986577,0.0007947401569610007
7.550884229225,0.0008005224940819981
7.551899896985,0.0007892190794102135
7.552902418558,0.0007974285507172266
7.553916197587,0.0007911443518232475
7.554922969768,0.0008054956996702843
7.555949174946,0.0007848257571984569
7.556949644748,0.00024000102695943056
7.557255694529,8.377653859329136e-05
7.557362556025,8.000923732775281e-05
7.557464626173,0.0001266518895456672
7.55762622434,0.00030545112695076553
7.558016073636,0.0002480865727223262
7.558332802151,0.0007900613283156296
7.559344238342,0.0007837925373210081
7.560354049258,0.0007888792993254468
7.561375201471,0.0007869716486055667
7.562395876652,0.0007804339834864675
7.563409410623,0.0007861272858466562
7.564431278831,0.0008236279095495088
7.565502817563,0.0007853648966659766
7.566525348211,0.0007993829467279954
7.567567626602,0.0007673705939857314
7.568569152503,0.0008069469590275364
7.569621621122,0.0007992224989761294
7.570665177368,0.0007763799596068298
7.57168286204,0.0007726162792350088
7.572695653778,0.0007815979027270761
7.573719193961,0.00076287414215618
7.574719998681,0.0007836308472292052
7.5757494424,0.000782292364961869
7.576777846374,0.0007759263033466834
7.5777980592,0.000786612966527219
7.578833038726,0.0007646097316428539
7.579839369863,0.0007813721986340122
7.580867696009,0.0007602798468310615
7.581868773164,0.0007677932420551705
7.582881001871,0.0007858648005595182
7.583918992957,0.0007619473967422688
7.584926625312,0.0007815448605880857
7.585960592469,0.0007645094911366492
7.58697271876,0.000762593109005165
7.587982988098,0.0007550071263590404
7.588983530099,0.0007583186212059743
7.58998890462,0.0007572090386321613
7.590993381689,0.0007935320174157138
7.592046704665,0.0007710553770827766
7.593070664217,0.000753194127267139
7.594071439311,0.0007756318930405357
7.595102590396,0.0007538769623357304
7.596105370073,0.0007680002615812522
7.597127604205,0.0007590163081450667
7.598138501065,0.0007664095183457285
7.599159869213,0.0007685177594793205
7.600184770344,0.000782063638505273
7.601228467683,0.0007770440324236086
7.602266183937,0.0007568792942117507
7.603277704233,0.0005290110240079493
7.603985090662,0.0007483206630671967
7.604986278741,0.0007516953682763934
7.605992671379,0.0007553738431770094
7.607004668565,0.0007574974050821798
7.60802015924,0.0007766710324106428
7.609061974794,0.000755636129430548
7.610076228448,0.0007462053650149541
7.611078597763,0.0007446986260617807
7.612079844385,0.0007601334717214863
7.613102531834,0.0007526610923054191
7.614115621191,0.0007581214525183751
7.615136745704,0.0007581461563093859
7.616158614951,0.0007442358743154032
7.617162499382,0.0007535758978477239
7.618179892131,0.0007465216901439275
7.619188456983,0.0007826397312177925
7.62024654627,0.0007651693568829172
7.621282024844,0.0007541702193872446
7.622303522915,0.000747606597379954
7.623316887416,0.0007438627387017256
7.624326125826,0.0007561338712606601
7.625352906276,0.000748460780310258
7.626371581349,0.0007456972427203108
7.627393121636,0.0007316670168467043
7.628400866529,0.0007297225949542591
7.629407434611,0.0007250108407743131
7.63040859512,0.0007298571946642382
7.631417277091,0.0007255766489169871
7.632420994568,0.0007302331822584766
7.633432001342,0.0007272410555424758
7.63443954211,0.0007218776418133665
7.635440528526,0.0007371478818342864
7.636463566262,0.000727761627902349
7.637474267631,0.0007369756300000544
7.63849853966,0.0007241397687247946
7.639505845861,0.0007203488865241799
7.640508646303,0.0007378234341620382
7.641536618355,0.000731013442678451
7.642556036386,0.0007193104104825918
7.643559768161,0.0007211367965105328
7.644566796843,0.0003430067219358527
7.645046119042,0.00072648361289934
7.646061817548,0.0007298888052047934
7.647083167699,0.0007242173766180248
7.648097403346,0.0007144878033677511
7.649098642292,0.000775767860136129
7.650186430367,0.0007134352615543567
7.651187407186,0.0007719994393285448
7.6522712799,0.0007156295663041215
7.65327666915,0.0007394852532804778
7.654316130121,0.0007492599058464462
7.655369946848,0.0007108482698693782
7.656370590183,0.0007517467106243019
7.657429588042,0.0007492443791594411
7.658485710634,0.0007238289625349288
7.65950666004,0.0007282953043811667
7.660534557272,0.000738272009815732
7.661577306219,0.0007470133264451977
7.662633171375,0.0007411961964217214
7.663681599804,0.000707917075084256
7.664683631587,0.0007515088291785016
7.665748068154,0.0007681808645347013
7.666836824359,0.0007336957143201388
7.667877298845,0.0007100547825192793
7.668884807551,0.0007230620705147362
7.669911371312,0.0007153396936239061
7.670927623779,0.0007135291981055043
7.671942019271,0.0007405194622697654
7.672995387067,0.0007054060448640953
7.673999326902,0.0007454976266188033
7.675060787942,0.0007209690924186407
7.676087179736,0.0007085589838965844
7.677095851115,0.0007124523106969759
7.678110647601,0.0007249229631935788
7.679144017139,0.0007323589290556084
7.680188539643,0.0007344860675479978
7.681236518297,0.000717913175038881
7.68226147605,0.0007057383608477113
7.683269771039,0.0006994403723978983
7.684270037155,0.0007020437548791353
7.685274780662,0.0007114503782958073
7.686293309842,0.0006987434189376515
7.687294301909,0.000711488161164375
7.688314383239,0.0006995014518610199
7.689317898838,0.0007211461930004463
7.690353087119,0.0007118576793050444
7.691375709972,0.0006999292184270024
7.692381912151,0.0006983030110950959
7.69338635112,0.0006954469614553404
7.694387270188,0.0007117251351551389
7.69541234745,0.0007160843810217158
7.696444458603,0.00018002670760650436
7.696704045418,0.0007129117347374074
7.697732349772,0.0006953190919183043
7.698736089814,0.000713468036504954
7.699766943687,0.0007018862493502957
7.700781629854,0.0006960489004630956
7.701788473104,0.0006925983859555576
7.702790924592,0.0006909846165106787
7.703791550473,0.0007055792980170642
7.704814048087,0.000696526440118321
7.70582414867,0.0007049500889596617
7.706847134406,0.0006968801226214555
7.707859312867,0.0006900660491103375
7.708862380825,0.000702729898487992
7.709884392801,0.0006888379851293796
7.710886877622,0.0007028028752133249
7.71191056012,0.0007033067522534771
7.712935844019,0.0007380358145147696
7.714012577942,0.0007059723666059841
7.715043171141,0.0007013782204862999
7.716067563057,0.0006999949700650531
7.717090569274,0.0006880901388635526
7.718096857316,0.0006954929302721105
7.719114590271,0.0006856937733651949
7.72011875402,0.0007018582203760708
7.721147417595,0.0006967060930920762
7.722169382042,0.0006878470766308999
7.723178956544,0.0006829707796503737
7.724181852604,0.0007219060020974893
7.725242864856,0.0006822930578222736
7.726246468541,0.00068117797914583
7.727248987434,0.0006835953241964121
7.728255794292,0.0006792563309559461
7.729257007876,0.0006785859394258642
7.730257819995,0.000687429277482109
7.731272247669,0.0006977188273803234
7.732302628069,0.0006872191473755705
7.733318201027,0.0006909411965258599
7.734340197876,0.0006779017912658337
7.735343761142,0.0006868261757594585
7.736361112012,0.0007118880907660867
7.737421261709,0.0006792420214931582
7.738440108759,0.0004214488458024799
7.73907375481,0.0006728969675162647
7.740086407667,0.0006643319233061175
7.741087375789,0.0006783202240859186
7.742110306167,0.0006863994622032713
7.743146413941,0.0006807756159105126
7.744174919839,0.0007040296594231916
7.745239283221,0.000671918162715602
7.746255803267,0.0006749119320778012
7.747277669389,0.0006667804900724445
7.748288051473,0.0006608949993827044
7.749290137378,0.0006730004066339665
7.750311308283,0.000663800839408202
7.751319170832,0.000661431084038975
7.752324109505,0.0006617248259571271
7.753330311982,0.0006641765004804601
7.754340848481,0.0006653084837624778
7.75535365836,0.0006624333391722131
7.756362872404,0.0006584921605825547
7.757366769249,0.0006786340095667468
7.758402039681,0.000689122839385815
7.759454123836,0.000674858121905665
7.760484959422,0.0006632646858903808
7.761498404487,0.0006649981275262483
7.762515232352,0.0006601935519410917
7.763525523984,0.0006964504931475785
7.764591763722,0.0007099386885064724
7.76567929212,0.0006852633147566266
7.766729815206,0.000671663732665135
7.767760259408,0.0006906242989973929
7.768820838107,0.000682038927317732
7.769869142054,0.0006806525047447504
7.770915848582,0.0006512532600034208
7.771917975816,0.000652427309675215
7.772922654515,0.0006715705043428254
7.773957514414,0.0006919011584189826
7.775024225075,0.0006682214142617237
7.776054944864,0.0006807258033628549
7.777105693301,0.0007063106396316936
7.778196778491,0.000679620642191767
7.779247593593,0.000659837874127259
7.780268723571,0.00066566279050797
7.781299603726,0.0006780834093912754
7.782350511543,0.0006584058315964918
7.783371765716,0.0006706468535876241
7.784412830445,0.0006765896583381028
7.785463830871,0.0006504413768510326
7.786474859982,0.0006493643786656822
7.787484899,0.0006555293107708223
7.788505391905,0.0006486048934270598
7.78951576539,0.0007057895993796539
7.79061575789,0.0006520890067911115
7.791632747249,0.0006476115020716847
7.792643324866,0.0006469282141213635
7.793653921334,0.0006436915033264508
7.794660745692,0.0006397651500603076
7.795662132493,0.00015686088725293455
7.795907739495,0.0006498715919490948
7.796925733059,0.0006483104644610614
7.79794199483,0.0006397492826643897
7.798945642522,0.0006400715422597694
7.799950538255,0.0006422789174723332
7.800959410915,0.0006394599469037498
7.801964416366,0.0006413184192793427
7.802973016561,0.0006393278394513415
7.803979083665,0.0006544477855088389
7.805009540107,0.0006515660109959647
7.806036116731,0.0006466261633555868
7.807055405399,0.0006517536430211098
7.808083654805,0.0006362208137495779
7.809088106227,0.0006380174264366734
7.810095658127,0.0006380914325879293
7.811103860169,0.0006375608910195628
7.812111664391,0.000637652576169154
7.813120092678,0.0006359977325969755
7.814126553089,0.0006437174199935579
7.815145907927,0.0006385441665891519
7.816157745739,0.0006322927226489655
7.8171602214,0.0006519388753676038
7.818194358197,0.0006398190360247613
7.819209808456,0.0006314881681949017
7.820212625414,0.0006510890409133925
7.82124711547,0.0006391017561112615
7.82226291178,0.0006309373617444709
7.823266071483,0.0006505165921541658
7.824300914234,0.0006383819890285648
7.825317058789,0.0006300954206691358
7.826320561558,0.0006496854247600881
7.827355758324,0.0006380586478171323
7.828372918249,0.0006420447662339552
7.829396911213,0.000633551450636155
7.830407845527,0.0006386692978373661
7.831427655574,0.0006338960860206077
7.83244041006,0.0006313445034469303
7.833449440787,0.0006296750086210256
7.834456338188,0.0006262938106560153
7.835458497643,0.0006260375320493885
7.836460768548,0.0006280218632109641
7.83746669804,0.0006265204725813275
7.838470791681,0.0006240700883709681
7.839471685551,0.0006397283602873115
7.840498183436,0.00038154758430289175
7.841110563805,0.0006331284382256281
7.842127225882,0.0006277075090968333
7.843135682856,0.0006469592405671319
7.84417561476,0.0006430634529055036
7.845209862899,0.0006428050179959461
7.846244230143,0.0006221700478412194
7.847245921567,0.0006230070929418553
7.848249608702,0.0006345469174292937
7.849272564469,0.0006246349451932195
7.850280042037,0.0006222685376348097
7.851284198817,0.0006219790202272202
7.85228846552,0.0006205293899358897
7.853291049827,0.0006379604165531444
7.854322395786,0.000634228632611835
7.855348104125,0.0006303489417240976
7.856368085672,0.0006306621171348809
7.857389195502,0.0006322691151291291
7.858413520505,0.0006314636175377132
7.859437192949,0.000620638044847628
7.860443836723,0.0006400907329608609
7.861482517308,0.0006309825029656371
7.862507112701,0.000618436011162373
7.863512076834,0.0006285392199030614
7.86453876411,0.0006161925216555112
7.865552444283,0.0006122478291301342
7.86656267488,0.000615714670703468
7.867580104543,0.000607177016691969
7.868584462227,0.0006048599950960036
7.869585842632,0.0006043858385549781
7.870587329888,0.0006180435924576567
7.871612073216,0.0006148842422166938
7.872631941199,0.0006118709376980819
7.873647408773,0.0006051943218206629
7.874652536506,0.0006145550106265858
7.875673804249,0.000622909400209961
7.876709615787,0.0006052036124017296
7.877716591688,0.0006122038184734168
7.878735677126,0.000606001256326529
7.879744774972,0.0006304050642430307
7.880795090796,0.000612112488921492
7.881815552563,0.0006177805334616945
7.88284593142,0.0005996756077686003
7.883846743458,0.0006470012767219299
7.884927324127,0.0006165045405861629
7.885957791552,0.0006037553472178351
7.886967953453,0.0005969088600338605
7.887967953453,0.0005960455171152872
7.888967953453,0.0005951909010237205
7.889967953453,0.0005949293280778761
7.890967953453,0.0005947438853525486
7.891967953453,0.0005941190431956347
7.892967953453,0.0006048676759228092
7.893986880816,0.0005931606697950767
7.894986880816,0.0005986684896989581
7.895997131275,0.0006163755658448231
7.897038176037,0.000609834412509771
7.898068980846,0.0005857109233546585
7.899059821715,0.0006196105643709451
7.900108823284,0.0006085064019039335
7.901139723239,0.0006198673181604923
7.902190649942,0.0006018783456469923
7.90321192621,0.0006071117750156449
7.904242915775,0.0006184197776058725
7.905293933157,0.00060049273097053
7.906315328759,0.0006153002534791362
7.90736283421,0.0006345092937038798
7.908444312457,0.000604424685478337
7.909475452574,0.0006155987705741824
7.910526217282,0.0006041175400263533
7.91155820317,0.0005949798285510315
7.912575520498,0.0005897105161700859
7.913584958505,0.0005900605455588175
7.914596057187,0.0005924686221818124
7.915612155436,0.0005837452048974099
7.916614171284,0.0005950729481699439
7.917636455738,0.0006023269533156321
7.918672097402,0.0005915650294092658
7.91969019485,0.0005865264581016334
7.920700406984,0.000586957409269474
7.921712279617,0.0005892295545108314
7.922729156075,0.0005805781338520296
7.923731937648,0.000587991086909485
7.924748318518,0.0005859783180129952
7.925762064825,0.0006085383569541034
7.926815725444,0.0005929989620854752
7.927843477787,0.0005809984688552797
7.928851152964,0.0005914136156287104
7.929877641856,0.0005842144476093576
7.930892541234,0.0005871464891456873
7.931913209366,0.000594466572905097
7.93294748258,0.0005887993647298116
7.933972874991,0.0005839792629766992
7.934990729174,0.0005796852586418766
7.936001999665,0.00057567682007233
7.937007162689,0.0005894953400735214
7.938037297622,0.0005807421562089553
7.939052958676,0.0005818028577733604
7.94007136101,0.0005762943967307008
7.941081053491,0.000591417262634048
7.942118179554,0.000584803627587353
7.943144564179,0.0005800777540335714
7.944163402666,0.0005706359403026503
7.945166353806,0.0005799255562163971
7.946186326337,0.0005858028965388304
7.947217458623,0.0005722196693924162
7.948225485388,0.0005727858261096873
7.949235174961,0.0005703389169098922
7.950241230902,0.00012794015345797094
7.950467002073,0.000582644216798222
7.951495640749,0.0005787475339121258
7.952518247151,0.0005784159946718906
7.953540959775,0.0005761227229916297
7.954560191543,0.0005650470281210987
7.955560447803,0.0005660170381738116
7.956562995755,0.0005811964982836641
7.957593075244,0.0005669238918969473
7.95859876576,0.0005677220357158826
7.959606467441,0.0005651518224192231
7.960610084262,0.0005669791716431257
7.961617583252,0.0005709153108936514
7.96263264112,0.0005622333508101149
7.963632982661,0.0005755207232892672
7.964657710496,0.0005768119010738505
7.965685477481,0.0005645726643128905
7.966692252933,0.0005765339792509192
7.967721338256,0.000584085789604518
7.968765022548,0.00058360277992253
7.96980882528,0.0005748753725531667
7.970837948371,0.0005745203175925237
7.971867504828,0.0005715503117169316
7.972892695689,0.0005711251375135886
7.97391799793,0.0005684727051476239
7.974939450257,0.0005680495751033444
7.975961012894,0.0005656514935149845
7.976979082373,0.0005652258914229426
7.977997260216,0.0005630079161534108
7.97901230281,0.0005626377369227544
7.9800274512,0.0005707761467947495
7.98105800136,0.0005679773131377548
7.982084178991,0.0005676702464761546
7.98311046847,0.0005652074170483615
7.984132904438,0.0005649213150847628
7.985155451197,0.000562575338468396
7.986174504632,0.0005519548933881897
7.987175086237,0.0005633123403310439
7.988196955648,0.0005651766086326284
7.989222967693,0.0005521689619798635
7.990226080829,0.0005662036401892512
7.991255236901,0.0005546044754678103
7.992263854245,0.0005563482660341921
7.993276325922,0.0005632298774283648
7.99430707695,0.0005746685522574396
7.995366382737,0.0005470867578610194
7.996377287753,0.0005543836188569855
7.997402879964,0.0005513085429125967
7.998424253329,0.0005435654390082968
7.999432469546,0.0004099128710708215
8.000193436333,0.0005514899502665242
8.001217987013,0.0005451491222058338
8.002231329237,0.0005502350391113833
8.00325472583,0.0005404181976545973
8.00426065055,0.0005471707627215959
8.005279827727,0.0005550586368872701
8.006314715319,0.000551293846314893
8.007343048489,0.0005517641304410184
8.008372233482,0.0005519727148679538
8.009402581963,0.0005356897526667171
8.01040333371,0.0005376954034755885
8.011408145134,0.0005401527454408759
8.012417803136,0.0005560893952524009
8.013457957472,0.000547765558866819
8.014483185772,0.0005466094879934054
8.015506534579,0.000558977255357496
8.01655325932,0.0005621335345398449
8.017606480436,0.0005363522478969308
8.018612128384,0.0005491306375424763
8.019642078886,0.00053458090688648
8.020645063048,0.0005464828519853663
8.021670775742,0.0005855194466603087
8.022769931953,0.0005563362618341348
8.023814742374,0.0005428626012932306
8.024835055126,0.000534884982096527
8.025840929253,0.0005438398090251244
8.026864044579,0.000544502033519313
8.02788864116,0.0005599880386656013
8.028942654231,0.0005328857200512893
8.029946141955,0.0005418099745614285
8.030966940479,0.0005315604419195983
8.031969301987,0.0005346928795791851
8.032978129236,0.000532836240028037
8.03398351817,0.0005391278614437084
8.035001124344,0.0005389344409771193
8.03601883448,0.0005374770141963051
8.037034111873,0.0005373642836723423
8.038049493113,0.0005355899884605002
8.039062077547,0.0005353876447610283
8.040074764916,0.0005376147464810824
8.041091980176,0.0005343292666589526
8.04210348039,0.0005346852904406856
8.043116238195,0.0005333323111378301
8.044126803064,0.0005332005327695193
8.045137470972,0.0005390837092727543
8.046159766963,0.000533400807090767
8.047171703166,0.0005322248444277666
8.048181313762,0.0005313968390093939
8.049188729374,0.00012774845882693406
8.049430834209,0.0005372570418217972
8.050449156412,0.0005412180930757979
8.051475433869,0.000539484851651244
8.052499034483,0.0005393447130239106
8.053522740768,0.0005379688478719228
8.054544011679,0.0005338212066252985
8.055557763367,0.0005315054673649932
8.056567746472,0.0005375121231367411
8.057589331191,0.000539464076680735
8.058614894719,0.0005369217876243683
8.059636203975,0.0005338695846166096
8.060652424662,0.000530671401390324
8.061662823311,0.0005276185269113541
8.062667501401,0.000543244358557187
8.063702317242,0.0005284108552138115
8.064709020535,0.0005336547208397411
8.065725637653,0.0005310065045288224
8.066736908969,0.0005277450906244701
8.067742106697,0.0005435235329631615
8.068777453631,0.0005288542360564108
8.069784675097,0.0005334839629205497
8.070800899256,0.00052781938594999
8.07180651349,0.0005284547543946129
8.072813641279,0.0005342337208221233
8.073831992309,0.0005301250291195953
8.074842648012,0.0005305901575547577
8.07585468516,0.0005258796279904349
8.076857649975,0.0005468164076724777
8.077900762465,0.000536478738205459
8.0789245385,0.0005274527609763894
8.079931301487,0.0005429045823269735
8.080967932139,0.0005279994994571651
8.081976416677,0.0005328717101745341
8.082994869407,0.0005318510177669863
8.084012131927,0.0005326469661699304
8.085033178472,0.000528309528831083
8.086049265455,0.0005246139195177103
8.087060631724,0.0005308811813706205
8.088085724801,0.0005201142175607208
8.089090795605,0.0005191479827873871
8.090094853127,0.0005186629172429441
8.091102505981,0.0005156474123764745
8.092110641893,0.00031033505764753764
8.09271902073,0.0005156022395184657
8.093731321189,0.0005173929207927593
8.094748371078,0.0005102867874852914
8.095752263016,0.0005141422965968636
8.09676499745,0.0005105766766999745
8.097771169456,0.0005080320638490093
8.098773118099,0.0005134970326194073
8.099787537879,0.0005162488128361331
8.100808247937,0.0005054311955871853
8.101808632377,0.0005072877533702797
8.102814139515,0.0005113363835756421
8.103830143281,0.0005031622762743299
8.104833055891,0.000502660338786133
8.105835795405,0.0005067748296604057
8.106846890948,0.000510477292194222
8.107865741933,0.000503702859369381
8.108871635254,0.000502432202275331
8.109875476971,0.0005032245828272453
8.110881080386,0.0005077882327696769
8.111896205277,0.0005227314159423626
8.112941668137,0.0005085521434425485
8.113959407207,0.0005009337147672201
8.114962308352,0.0005031978562552875
8.115970764296,0.0005151805955690107
8.117004151561,0.0005156400481849024
8.118038612595,0.0005138164575499844
8.119070332204,0.0005093243513491639
8.120094144276,0.0004989070117841134
8.121097933215,0.0005306651610142639
8.122166183661,0.0005169723169470155
8.123206759787,0.0005042273117197002
8.124222181441,0.0005098369948889186
8.125249655373,0.000508924508187113
8.126275157505,0.0005020564160894546
8.127287146529,0.0005163594822756013
8.128328232909,0.0004967001447297322
8.129329706141,0.0005311814874154211
8.130401876218,0.0005138760526408989
8.131440423941,0.0004983301384351652
8.132448311881,0.00028118420268465115
8.13301762595,0.0005118245209103339
8.134054284957,0.0005163631588904599
8.135101166831,0.0005224766697477464
8.136161122392,0.0005268927943108321
8.137229336074,0.0005120925040917748
8.138268190482,0.0004962319664412132
8.139276541069,0.0005011665008029562
8.140296727211,0.0004946180108453957
8.141305214376,0.0005087737681533946
8.142344255449,0.0004887324030980312
8.14334430066,0.0005122910107595025
8.144394932191,0.0005202758514472338
8.14546370353,0.0005055905691922446
8.1465029302,0.00048822047399699827
8.147506721186,0.000520132155916707
8.148576918262,0.0005087143718659599
8.149624654504,0.0004853877882956383
8.150625416135,0.00048634104094352325
8.151629923172,0.000508834125493081
8.15268419393,0.0004860124460895127
8.153693541029,0.0005010969933399648
8.154733153186,0.0004873589496006303
8.155742645682,0.00048509963142560496
8.156747333763,0.000504361677659247
8.157793892756,0.0004906755715591301
8.158815770778,0.0004886307519258137
8.159835594414,0.0004883560931116512
8.160853094512,0.0004874465029698346
8.161866841033,0.0004881637116912862
8.162882989689,0.000489915145736499
8.163904180818,0.0004861429792640905
8.164917851925,0.00048240964442901904
8.165924732464,0.00048579409645943045
8.16694295803,0.0004804799053446377
8.167952374878,0.0004981226627652946
8.168998015082,0.0005083947642063644
8.170066561287,0.0004847290066145513
8.171086511424,0.000477238717239407
8.172091128382,0.0004849586745717194
8.173113658009,0.0004910627756215762
8.174151529775,0.00048015348454411467
8.175168551146,0.00048257291891023665
8.176191302225,0.00047221179169905044
8.177191546625,0.0004778880489426683
8.178204278756,0.00047495915447973586
8.179212571323,0.000472024281267823
8.180216914893,0.00047033878672654
8.181220753933,0.0004741924748323304
8.182234776739,0.0004787856782422379
8.183259442645,0.00047385349145986406
8.184268698795,0.00048279846630852147
8.185278827471,0.00047826739144661866
8.186290719934,0.00020258508216208288
8.186732849372,0.0004542889420312344
8.187740471711,0.00045545017003979966
8.188767872027,0.0004450290243658958
8.189779849963,0.00044600595630206696
8.190794213031,0.0004405875658345135
8.191795044883,0.0004559660709160296
8.192830773281,0.00044456909910860226
8.193842931787,0.0004398135406477659
8.194847383595,0.0004408020256698493
8.195855908015,0.00044043263571025114
8.19686343804,0.00043879578724056496
8.197867579423,0.0004413972538037554
8.19887901139,0.0004448104087102408
8.199899421546,0.00044441258568355725
8.200919831702,0.00043679514289533236
8.201924529914,0.0004362866736312207
8.202930821079,3.7890255559040304e-05
8.20301835627,3.2238838007005766e-05
8.20309287505,2.1762425951735126e-05
8.203143199147,5.129417885603958e-05
8.203261832297,8.803837152837275e-05
8.203465397437,0.00015754774352811886
8.203829122782,0.0002530008691930378
8.204413271113,0.0003260360531683707
8.205167717171,0.0003518644402417637
8.205987791076,0.0003221249569307531
8.206744908358,0.0002938051139982358
8.207435116871,0.0003048810638976189
8.208148441,0.0003171482251346247
8.20888917983,0.0003768812471430159
8.209768341901,0.0003629667181366731
8.210612447917,0.00041075458627849796
8.21156630176,0.0004323383547375109
8.212572386784,0.00043244790168070593
8.213580694322,0.000436299833856569
8.214599564766,0.00028566930971194864
8.215267906552,0.0002612282096535275
8.215880043259,0.00032663837320348745
8.216645975058,0.0003518965068398326
8.217472321673,0.00028246270959295843
8.218135592563,0.0004312927306268963
8.219137893741,0.00029399849440750063
8.219812053043,9.355139578571885e-05
8.220026120935,0.0003601600697355355
8.220859473371,0.00016969427065752934
8.221256476879,0.00041486448519941085
8.222231039492,0.0004270735562450591
8.223234976914,0.00015264362968375563
8.223593478879,0.00022822974278670867
8.224130311927,4.672521651844914e-05
8.224240395923,0.00013090963583741244
8.224548926081,0.00019024844269180448
8.22499751138,0.00015308462431793673
8.225358893461,0.00014620695215028127
8.225704570575,0.0001377834465998789
8.226030605868,4.447351729132658e-05
8.226135836819,0.0002652067332099872
8.226762413967,0.0001262589459367781
8.227060310039,0.00037016461567311956
8.227936494208,0.00013073872786867907
8.228247258741,0.0001011351469708281
8.228487944799,0.00042227850391637336
8.22949461118,0.00027777596301755927
8.230158124138,0.0004215700717099917
8.231165846695,0.00018403597239122584
8.231605918252,0.0004194422555521033
8.23260967874,0.0001182172795288546
8.23289270589,0.00027848341128169967
8.233559745466,0.0003556039341608523
8.234411989054,0.00018399097316554392
8.234852724956,0.0002103528030760138
8.235356658944,0.0002682023484024731
8.235999621778,0.0003260074915760014
8.236781009386,0.0003581043179578279
8.237639243948,0.0002680995780408291
8.238282033474,0.0001399356772783785
8.238617742283,0.0003034002956941259
8.239346065694,0.0002031432478997209
8.23983373562,0.00029438628467369
8.240540757902,0.00035364341490945044
8.241390574053,6.283301798586646e-05
8.241541594867,0.00012039453973198237
8.241831186701,3.307608582045557e-05
8.241910789588,0.0002380238857272008
8.242483604581,0.0003364296013023715
8.243292286786,0.0001763310832889367
8.243716188221,0.0004184763980345592
8.244723326894,0.00025215150990737993
8.245330531447,0.00024783818279732367
8.245928263568,0.0004170486437615569
8.246934704691,0.00019317563919887966
8.247400837664,0.00041607227574748525
8.248405358089,0.00025854248994809474
8.249029997022,0.00035907349690580796
8.249898036804,0.00031225343138738997
8.250653517749,0.0003946072839549419
8.251608913314,0.00022656770185136032
8.252157619068,0.00019408480302348397
8.25262773071,0.0003763220816063823
8.253539128489,0.0003223317624547591
8.254319911296,0.00041250218097974966
8.255320588243,0.000282559220194501
8.25600658741,0.00025024536616560675
8.256614017344,0.0002233191999562274
8.257156261754,0.00017684813583922391
8.257585685604,0.000415109430531065
8.25859349669,0.0003227378371707488
8.259377453466,0.00015570269669847305
8.25975593879,0.0002084744102286967
8.260262928473,0.00030710668077748687
8.261009852594,0.00043267432966447033
8.262060873593,0.0004167443203450163
8.263071207855,0.00038683349516621023
8.264008845939,0.0003764946488689919
8.264921218057,0.0002665478364815437
8.265566266894,0.00021695550196948438
8.266091451667,0.0002792942250116376
8.266767463349,0.00027918506597695506
8.267442607605,0.0003198151732231876
8.26821810028,8.96541140508017e-05
8.268436196691,0.00018415725673926082
8.268884448959,0.0003552119361689513
8.269749881885,0.0002893495548360181
8.270455782303,0.0004139260902271563
8.271466366144,0.0001390644054372085
8.271806059511,0.0003147106436710184
8.272575521501,0.0001607714806534355
8.272968805463,0.0004097173997571511
8.273973724329,0.0004097925376977471
8.274980492026,0.0001131804419019208
8.275258220357,0.00037639423785081077
8.276182061449,0.0004092701806807472
8.277187461296,0.00040919635857464016
8.278193370503,0.00020899579043324163
8.278707372766,0.00018518401095551074
8.279163346108,0.0002783120675630751
8.279849408347,0.00028592955999319643
8.280554708866,0.0003621544204532257
8.281448856923,0.00021013926801704248
8.281968256458,0.00018482835533600658
8.282425432381,0.00020658933618980781
8.282936605019,0.00010144084466115086
8.283187626794,0.00016065600977111048
8.28358509214,0.00012116176470620092
8.283884791832,0.0001496633113441007
8.284254971218,0.0001773456031032117
8.284693611766,0.00039244136974425463
8.285665304401,0.00021822823365948507
8.28620637392,9.259488800156512e-05
8.286436113034,0.00040305659124049363
8.287436959348,0.0004182379845249494
8.288477194945,0.0004032024311905015
8.289482101449,0.0004013032854274445
8.290485139626,0.0002579926295146984
8.291131560829,0.0004045777783318614
8.292146230294,0.00035676671892484447
8.293042155394,0.00034941970057897977
8.293921530765,0.00016193550275270686
8.294329394713,0.00039790767661306606
8.295331546258,0.00039850416927312123
8.296335996848,0.0003587754120019083
8.297241044484,0.00037156211520323874
8.298179195901,0.00027372026491983333
8.298870960339,0.00023352174925838802
8.29946104988,0.00024753509310311984
8.300086663128,6.362902029135499e-05
8.300247621129,0.00021064236007755686
8.300780078868,2.743667614802803e-05
8.300849384094,0.00040299784617430444
8.301867541711,0.00015622313242905843
8.302262340372,0.00011118212232269304
8.302543440085,0.00015209240680302274
8.302928177473,0.00030285902582415645
8.303693451062,0.0003632624595608009
8.304611364856,0.0001725641756085227
8.30504793289,0.00022395991906496362
8.305614526674,0.00023430517653367838
8.306207373854,0.00026626769495199644
8.306881225302,0.0002716722018417801
8.307569217912,0.00025709055567444105
8.308220888801,0.0001708889132579346
8.308654301999,0.0003700927153824211
8.309593587419,0.0002656465523303565
8.310268533635,0.0002244307706975712
8.310839077992,0.00018270331829803982
8.31130364106,0.00012283256369900156
8.31161607958,0.0003084699971139922
8.312400705131,9.086478571874619e-05
8.312631855821,7.661037672017873e-05
8.312826851421,0.00023045773231140416
8.313413758056,0.00020402600549567342
8.313933149991,0.00029972188386256736
8.314696867831,0.0002701023660299232
8.315386917108,0.00010485752014234836
8.315655141644,0.0001044181046958917
8.315922458829,0.0003053961953420942
8.316705494503,0.00015057791913057142
8.31709210111,0.00032904477802018367
8.317937171544,0.0003155543531726556
8.318747552801,0.00019739898645970567
8.319254814705,0.00025329534300020843
8.319906078279,0.0002464757449400663
8.320539894496,0.00018260952295488366
8.321009672256,0.00025252491709896845
8.32165944564,8.42490411990738e-05
8.321876217763,0.00031431985006608775
8.322684863836,0.0003890608137093236
8.323685866462,0.0003902312960362738
8.324690184026,0.00018659624135567858
8.325170558209,5.842515450959755e-05
8.325321016065,0.00016886838490366823
8.325756048411,0.0002582591008677244
8.326421395629,0.0001613819116278646
8.32683718247,0.00025509425984721843
8.327494788782,0.00038990800951135433
8.328501141593,0.00039011505079721205
8.329509374024,0.00038901137403904294
8.330516551408,0.00038555973623064015
8.331515444991,0.0003880334705801584
8.332520381767,0.0003278729533217028
8.333370480053,0.0002527662052436934
8.334026439176,0.0002791754769285288
8.334750877204,0.00010379885773935044
8.335020209113,0.00015133461075505993
8.335412929673,0.00011275770590021353
8.335705612468,5.119554448998126e-07
8.3357069416,5.119544023671019e-07
8.335708270732,6.143747182788031e-07
8.335709865691,7.372091602083809e-07
8.335711779642,7.372455031276736e-07
8.335713693592,7.372048082580249e-07
8.335715607543,7.372411424518179e-07
8.335717521493,7.372004370320579e-07
8.335719435444,7.3723675820147e-07
8.335721349394,8.846426908608203e-07
8.335723646135,8.846780306347461e-07
8.335725942875,8.84636327409769e-07
8.335728239616,1.0599647454025854e-06
8.335730991507,1.273885180160645e-06
8.335734298814,1.2738784929888488e-06
8.33573760612,1.2738717829441742e-06
8.335740913427,1.5286526385972186e-06
8.335744882194,1.5286428814352069e-06
8.335748850962,1.8326021698155913e-06
8.335753608989,1.8343211970188205e-06
8.33575837151,2.201166553817954e-06
8.335764086536,2.2011843447861653e-06
8.335769801561,2.201124977958463e-06
8.335775516587,2.6413222733921913e-06
8.335782374618,3.1695850963102777e-06
8.335790604254,3.8033900370343383e-06
8.335800479819,3.803364825087148e-06
8.335810355383,3.8032624540397216e-06
8.335820230947,3.8032371646195584e-06
8.335830106511,5.7476374503147176e-06
8.335845031317,5.185875774332864e-06
8.335858497724,5.178561200119693e-06
8.33587194536,7.774282213695081e-06
8.335892134176,3.063700626602097e-06
8.335900090415,1.4166635568863514e-06
8.335903769432,1.4166560559507744e-06
8.335907448449,2.1613201199138784e-06
8.335913061263,3.2545598321200785e-06
8.33592151337,2.5099458407085458e-06
8.335928031838,2.1103190783223993e-06
8.335933512414,3.174077299557647e-06
8.335941755735,4.762696902681355e-06
8.335954124949,7.166344299913422e-06
8.33597273692,4.2943970972463586e-06
8.335983890196,2.8471491773653564e-06
8.33599128482,4.272312402047294e-06
8.336002380912,4.272012511021559e-06
8.336013476273,4.265440810123679e-06
8.336024554711,3.4825946471812113e-06
8.336033599939,3.4826198370460966e-06
8.336042645166,3.418040715514471e-06
8.336051522753,3.417992456608649e-06
8.33606040034,5.132228770654992e-06
8.336073730232,7.700450155152772e-06
8.336093730615,4.44813769150816e-06
8.336105283775,3.951768781219585e-06
8.336115547806,3.951759186306981e-06
8.336125811837,5.950987392523692e-06
8.33614126853,5.359430914090723e-06
8.336155188804,5.3593992209871e-06
8.336169109077,8.063638842058296e-06
8.336190053484,8.063512145249604e-06
8.33621099789,1.0938461313785614e-05
8.336239410518,7.751384926576813e-06
8.33625954529,5.365064095878673e-06
8.336273481774,5.364942102483529e-06
8.336287418259,4.84494454545157e-06
8.336300004264,2.9069116228060045e-06
8.336307555867,2.9068682763010797e-06
8.336315107471,4.406060705049256e-06
8.336326553989,3.487202008989486e-06
8.336335613554,2.0922640781437277e-06
8.336341049294,2.092237894613256e-06
8.336346485033,3.1841282110385685e-06
8.33635475765,4.775724266575083e-06
8.336367165578,2.1501049213487623e-06
8.33637275203,1.3332543799881573e-06
8.336376216065,1.2198205115011792e-06
8.336379385532,1.2195795110849517e-06
8.336382554345,1.832005721678149e-06
8.336387314375,1.8319439943454858e-06
8.336392074405,1.4566096522864397e-06
8.336395859169,1.3180864555497045e-06
8.336399284061,1.3180741190870176e-06
8.336402708954,2.0337944617146112e-06
8.336407993702,3.0505007777108483e-06
8.336415920425,4.600694073948282e-06
8.336427875578,6.914213987330937e-06
8.336445843449,2.7609603353266643e-06
8.336453018533,1.1777322592327485e-06
8.336456079206,1.7911474310780627e-06
8.336460734139,2.686156677099258e-06
8.336467715098,4.030711640124285e-06
8.336478190737,6.067311841555739e-06
8.336493959861,6.059158475626635e-06
8.336509708576,1.7872992101435358e-06
8.336514354241,1.4791138584782247e-06
8.336518198816,2.280196879186896e-06
8.33652412568,3.4214018611693514e-06
8.336533019066,5.135034566325243e-06
8.336546367164,6.654896143494931e-06
8.336563666676,4.990987542186135e-06
8.33657664131,2.9945390056774356e-06
8.33658442609,2.9944893750823002e-06
8.33659221087,2.806386398241024e-06
8.33659950675,2.105407364421093e-06
8.336604980424,2.1054236302595772e-06
8.336610454098,2.105402122606202e-06
8.336615927771,2.1053428403189756e-06
8.336621401445,2.5264542206099084e-06
8.336627969853,3.031631861663885e-06
8.336635851943,3.637985973193792e-06
8.336645310451,4.3608176010514475e-06
8.336656648615,5.238503264207223e-06
8.336670268866,1.2571999662202515e-06
8.336673537727,1.257233540034295e-06
8.336676806587,1.915936586075413e-06
8.336681788182,2.8939616606845843e-06
8.336689312813,4.34959419930663e-06
8.336700622322,3.302923472406579e-06
8.336709210389,2.150746792417873e-06
8.336714802718,1.2904511371446259e-06
8.336718158115,1.2904477994096463e-06
8.336721513512,1.957087224052437e-06
8.336726602278,2.9355411915945694e-06
8.336734235266,4.4032091060145955e-06
8.336745684604,3.963260468141937e-06
8.336755990008,3.963240324033588e-06
8.336766295411,5.993438180260549e-06
8.336781879924,3.5120929444926043e-06
8.336791012301,2.696670760065099e-06
8.336798024404,3.006360723964536e-06
8.336805841833,2.254784883000261e-06
8.336811704905,1.6910764119598654e-06
8.336816102209,1.268315472218811e-06
8.336819400187,9.512358053481228e-07
8.33682187367,7.134167973116424e-07
8.336823728783,7.134164218459997e-07
8.336825583895,7.134160490234338e-07
8.336827439008,7.134156820510739e-07
8.33682929412,7.134153142408151e-07
8.336831149233,7.134149545567993e-07
8.336833004345,7.134530526259629e-07
8.336834859458,8.560893539212243e-07
8.336837085591,8.560888412327415e-07
8.336839311726,8.56126792713912e-07
8.336841537861,8.560493773259805e-07
8.336843763874,8.56087331992236e-07
8.336845990009,1.027334906837282e-06
8.336848661371,1.0272957377552252e-06
8.336851332733,1.0273334803637458e-06
8.336854004095,1.23276847419441e-06
8.336857209729,1.4793515825945058e-06
8.336861056491,1.4793501059784414e-06
8.336864903252,1.4793101691527767e-06
8.336868750013,1.7751933140990862e-06
8.336873366127,1.7751911542554449e-06
8.336877982241,1.7752274279629183e-06
8.336882598354,2.1302161591234858e-06
8.33688813769,2.1302129334649565e-06
8.336893677027,2.556266554427562e-06
8.33690032423,3.0675365320031546e-06
8.336908300875,3.6809805012169902e-06
8.336917872848,4.417208598039068e-06
8.336929359216,5.295522243254445e-06
8.336943129576,6.360678840928531e-06
8.336959669945,6.360681832503602e-06
8.336976210315,2.198257797790344e-06
8.336981926667,2.198215019329407e-06
8.336987643018,1.9795549828162764e-06
8.336992790719,1.979551441506642e-06
8.336997938419,3.014101241976696e-06
8.33700577638,4.521405493386662e-06
8.337017534138,6.801857969133237e-06
8.337035222136,1.0208937006642444e-05
8.337061770287,6.216675261292785e-06
8.33707793677,4.495180404404537e-06
8.337089626569,4.495161873173492e-06
8.337101316367,6.801541578932689e-06
8.337119004098,6.801498637407328e-06
8.337136691829,1.0224526748811167e-05
8.337163281546,8.716938735203722e-06
8.337185950834,7.557457107306703e-06
8.337205604948,1.1261354780323729e-05
8.337234891676,3.978906235002312e-06
8.337245239535,3.486328035890346e-06
8.337254306277,5.251043181917303e-06
8.337267962582,4.740426311347754e-06
8.337280290972,4.74040780682176e-06
8.337292619362,4.297512506580285e-06
8.337303796013,4.297537119381111e-06
8.337314972663,6.477830660569499e-06
8.337331819782,5.127691855332326e-06
8.337345155559,5.127638485064507e-06
8.337358491337,7.70748700907117e-06
8.337378536617,1.1565553045750932e-05
8.337408615943,8.518387127828907e-06
8.337430770336,4.563364786951577e-06
8.337442638561,4.109727386544198e-06
8.337453327107,4.109762338966063e-06
8.337464015652,4.109720517472848e-06
8.337474704198,4.109717128136277e-06
8.337485392743,4.1097520222298964e-06
8.337496081289,6.085567600616157e-06
8.337511908572,4.791647174773378e-06
8.337524370732,4.3220538608672825e-06
8.337535611461,4.3220082704257645e-06
8.33754685219,3.931967995412902e-06
8.337557078476,3.931960140090335e-06
8.337567304762,3.4365312204578e-06
8.337576242635,3.4365620784280813e-06
8.337585180509,3.4365536401723706e-06
8.337594118382,5.2102749051095415e-06
8.337607669488,4.693958975539887e-06
8.337619877782,4.693935970090728e-06
8.337632086075,4.253522279359462e-06
8.337643149019,4.2535378176938905e-06
8.337654211963,3.863765709659778e-06
8.337664261308,3.8637821827232926e-06
8.337674310652,5.831884059076138e-06
8.33768947908,5.8318247395183036e-06
8.337704647508,2.1135424260700625e-06
8.337710144808,2.1135339636350225e-06
8.337715642108,3.179799963720201e-06
8.337723912822,4.765796957005781e-06
8.337736308813,3.568318197942502e-06
8.3377455902,3.5682897602447814e-06
8.337754871587,3.228905138586883e-06
8.337763270316,3.228880308407858e-06
8.337771669045,2.9353305806795327e-06
8.337779304186,2.9343478245489217e-06
8.337786936872,4.322150882114078e-06
8.337798179626,2.9178379455189815e-06
8.337805769524,4.399259743549349e-06
8.337817213014,6.588501546217475e-06
8.337834351459,6.588331812231445e-06
8.337851489904,3.142656863224907e-06
8.337859665091,2.518269654998616e-06
8.337866216106,3.7835924991428463e-06
8.337876058769,3.4187879191523974e-06
8.33788495256,3.4180551775228767e-06
8.337893844629,4.152695712234457e-06
8.337904647935,3.1170647088728963e-06
8.337912757081,2.3377358155972142e-06
8.337918838941,1.7516159045198247e-06
8.337923395884,7.889727720545088e-07
8.337925448512,7.889703057404368e-07
8.33792750114,1.2214653478636865e-06
8.337930678907,9.862237561609021e-07
8.337933244692,9.862198032780152e-07
8.337935810477,9.86215813920036e-07
8.337938376261,9.861733528893508e-07
8.337940942046,9.862077275426302e-07
8.33794350783,1.1834592270363373e-06
8.337946586771,1.183414819200777e-06
8.337949665713,1.1834472193035665e-06
8.337952744654,1.1834026780593575e-06
8.337955823596,1.1833965086652195e-06
8.337958902537,1.4201136804121112e-06
8.337962597267,1.4200661347590598e-06
8.337966291997,1.704090209343828e-06
8.337970725672,1.7040382498996115e-06
8.337975159348,1.7040629379498005e-06
8.337979593023,2.044841675193759e-06
8.337984913434,2.044821144899605e-06
8.337990233845,2.0448386625248955e-06
8.337995554256,2.4537013028318492e-06
8.338001938749,2.94444600624123e-06
8.33800960014,3.5332810652128403e-06
8.33801879381,4.236908968007607e-06
8.33802981857,4.233615199893372e-06
8.338040835136,4.23519819016407e-06
8.338051856047,3.175259341931104e-06
8.338060118908,1.9046484877799945e-06
8.33806507544,1.9046635543082851e-06
8.338070031973,1.9046014141692308e-06
8.338074988505,2.8785478313694233e-06
8.338082479744,2.8785298440025444e-06
8.338089970982,3.70834704573382e-06
8.338099622129,4.449916761212478e-06
8.338111203505,4.405470979931977e-06
8.338122669631,3.33724995155845e-06
8.338131355663,3.337125552937539e-06
8.338140041696,4.800680536468317e-06
8.338152537494,4.80514255268634e-06
8.33816504538,2.882979089503696e-06
8.338172550112,2.88290981442468e-06
8.338180054844,3.6035865579090226e-06
8.338189435758,2.702559590376076e-06
8.338196471445,2.026916871703413e-06
8.338201748209,1.5201643256807798e-06
8.338205705782,1.1401100682671156e-06
8.338208673962,8.543261170731644e-07
8.338210898175,6.412973481303724e-07
8.338212567777,4.80970653371431e-07
8.338213819978,3.607074574461901e-07
8.338214759128,3.607447212480989e-07
8.338215698279,3.607051736041983e-07
8.33821663743,3.607424379904716e-07
8.338217576581,3.6070288615089827e-07
8.338218515731,3.6074014932953255e-07
8.338219454882,3.607005971848775e-07
8.338220394033,3.607378559198343e-07
8.338221333183,4.328685493136329e-07
8.338222460164,4.3282848515758095e-07
8.338223587145,4.3286524235234075e-07
8.338224714126,4.3286357945839436e-07
8.338225841107,4.3286192090330754e-07
8.338226968088,5.194321132147973e-07
8.338228320465,5.193913129792298e-07
8.338229672842,5.194273217542641e-07
8.338231025219,5.194249245679688e-07
8.338232377596,5.19422523451455e-07
8.338233729973,5.194201185622664e-07
8.33823508235,6.232702435883807e-07
8.338236705202,6.233051792391232e-07
8.338238328055,6.232633021850819e-07
8.338239950907,6.232982318955736e-07
8.33824157376,6.232563525969401e-07
8.338243196612,6.232912741840075e-07
8.338244819465,7.479142090169411e-07
8.338246766887,7.479091920324834e-07
8.33824871431,8.974920765847399e-07
8.338251051218,8.974848366281665e-07
8.338253388125,8.97477594796626e-07
8.338255725033,8.974703432627225e-07
8.33825806194,1.0769625170357667e-06
8.338260866229,1.076952070932105e-06
8.338263670518,1.2923440490359596e-06
8.338267035665,1.5507392319071968e-06
8.338271073841,1.5507559747020603e-06
8.338275112018,1.5507343266570765e-06
8.338279150194,1.1165137899422663e-06
8.338282057681,1.116502581292256e-06
8.338284965167,1.7067393099184468e-06
8.338289409838,2.5624024725466262e-06
8.338296082812,3.211426125258324e-06
8.338304446244,3.8582833898029844e-06
8.338314494518,4.629746085499729e-06
8.338326552448,3.3333462116188824e-06
8.338335234157,3.3332138782148756e-06
8.338343915866,3.33312149485734e-06
8.338352597575,5.005867380398883e-06
8.338365636696,5.005133432170505e-06
8.338378674392,4.515962870006595e-06
8.338390438346,4.515853175748502e-06
8.3384022023,4.515557931691322e-06
8.33841396594,6.718661253056231e-06
8.338431469477,6.7183521359477575e-06
8.338448973013,6.718144814362251e-06
8.33846647655,6.717886346958751e-06
8.338483980087,3.5737708150589485e-06
8.338493291782,3.1015079623552267e-06
8.338501373077,4.712734606362255e-06
8.338513652823,4.721791738482122e-06
8.338525956333,3.5413265465450266e-06
8.338535183965,2.655942201964475e-06
8.338542104689,1.9917425286258252e-06
8.338547294702,1.4939536182231992e-06
8.338551187609,1.120471131148128e-06
8.33855410729,1.1204680850242966e-06
8.33855702697,1.120465132005906e-06
8.338559946651,1.3445390608374037e-06
8.338563450268,1.344535117875928e-06
8.338566953884,1.6134295076639344e-06
8.338571158224,1.6134627162194789e-06
8.338575362564,1.1616639857618313e-06
8.338578389689,1.1616615049723993e-06
8.338581416814,1.7877130622479403e-06
8.338586075316,2.6809266775489097e-06
8.338593061427,4.014712268555155e-06
8.33860352317,4.817603988381883e-06
8.338616077262,5.781081663278348e-06
8.338631142173,5.767154467283e-06
8.338646170909,4.994805748736877e-06
8.338659186992,4.994778871970814e-06
8.338672203075,4.99474994702782e-06
8.338685219157,7.5191331795274e-06
8.338704813894,5.693540530757388e-06
8.338719651287,3.4157355197300623e-06
8.338728552813,2.049430299262642e-06
8.338733893729,2.0494214961593844e-06
8.338739234645,3.1316529615444867e-06
8.338747395912,3.1316289792561347e-06
8.338755557178,3.131564580137175e-06
8.338763718444,4.675881604189338e-06
8.338775904435,4.675771745826048e-06
8.338788090269,4.675231984233763e-06
8.338800275023,7.024898748951457e-06
8.338818583915,5.647182052730289e-06
8.338833302527,3.743522548800694e-06
8.338843059679,3.743410650505727e-06
8.33885281683,5.68365939046808e-06
8.338867631485,5.683427508152078e-06
8.338882446139,1.966399291077551e-06
8.338887571921,1.9663745340577754e-06
8.338892697702,1.8038113045316084e-06
8.338897399792,1.8037896977686701e-06
8.338902101881,2.592268876842578e-06
8.338908859503,1.9441712460766756e-06
8.33891392772,1.4581302536850834e-06
8.338917728882,1.0935878227599303e-06
8.338920579753,8.201565037125866e-07
8.338922717907,8.20190031458862e-07
8.338924856061,8.20146823746234e-07
8.338926994215,8.201802957331755e-07
8.338929132369,9.841945237151387e-07
8.338931698153,1.1810010034164272e-06
8.338934777094,1.1809906633298074e-06
8.338937856036,1.1810186048371154e-06
8.338940934977,1.1809697538534307e-06
8.338944013919,1.1809975471579012e-06
8.33894709286,1.1809485649376267e-06
8.338950171802,1.1809378621633974e-06
8.338953250743,1.4171572528994165e-06
8.338956945473,1.4171032898751004e-06
8.338960640202,1.4170875763257686e-06
8.338964334932,1.4171101351322909e-06
8.338968029662,1.4170558874948514e-06
8.338971724391,1.7004689752883902e-06
8.338976158067,1.7004074764970157e-06
8.338980591743,2.040527276848183e-06
8.338985912154,2.040455222638698e-06
8.338991232564,2.040421358223175e-06
8.338996552975,2.4484683940659503e-06
8.339002937468,2.4484192224120034e-06
8.339009321961,2.4483699115747393e-06
8.339015706454,2.4482821495764325e-06
8.339022090947,2.9379193083640823e-06
8.339029752338,3.5254168850979986e-06
8.339038946008,2.003993393106801e-06
8.339044172213,9.682794669183577e-07
8.339046697357,9.682334070580944e-07
8.339049222501,1.46316776875149e-06
8.339053038446,2.194392844511046e-06
8.339058761428,3.2841156811746896e-06
8.339067326564,3.2828014635534298e-06
8.339075888618,4.933702324159571e-06
8.339088756814,4.9313637731187274e-06
8.339101619389,3.6958112097161555e-06
8.339111259646,2.580840827481192e-07
8.33911193279,2.4075555110685217e-08
8.339111995634,5.424665372403284e-08
8.339112137103,1.222178198283602e-07
8.339112455939,2.0349164708805598e-07
8.339112986732,3.254402932215627e-07
8.33911383556,4.88254755538488e-07
8.339115109221,7.324553823941889e-07
8.339117019833,1.0985987265442312e-06
8.339119885453,1.6675278713597524e-06
8.339124235323,1.6667402254193105e-06
8.339128583064,0.0003833319971313119
8.34012952908,0.00038448448349554865
8.341134820741,0.00038479314672634947
8.342141565599,0.00038741681147257367
8.343156399619,0.00038164465562079636
8.344157164596,0.00038130578417571305
8.345157410762,0.0003834511271130424
8.346164047482,0.00038397667939223085
8.347171422445,0.00038340380753532755
8.348178181303,0.0003848101124220828
8.349191283867,0.00038359517705000603
