-0.34462761827,0.0
-0.343626301376,0.0
-0.342619596326,0.0
-0.341575222688,0.0
-0.340537423828,0.0
-0.339499624968,0.0
-0.338461826107,0.0
-0.337424027247,0.0
-0.336386228387,0.0
-0.335367744417,0.0
-0.334327744417,0.0
-0.333287744417,0.0
-0.332247744417,0.0
-0.331207744417,0.0
-0.330167744417,0.0
-0.329127744417,0.0
-0.328087744417,0.0
-0.327047744417,0.0
-0.326007744417,0.0
-0.324967744417,0.0
-0.323927744417,0.0
-0.322887744417,0.0
-0.321847744417,0.0
-0.320807744417,0.0
-0.319767744417,0.0
-0.318727744417,0.0
-0.317687744417,0.0
-0.316647744417,0.0
-0.315607744417,0.0
-0.314567744417,0.0
-0.313527744417,0.0
-0.312487744417,0.0
-0.311447744417,0.0
-0.310407744417,0.0
-0.309367744417,0.0
-0.308327744417,0.0
-0.307287744417,0.0
-0.306247744417,0.0
-0.305207744417,0.0
-0.304167744417,0.0
-0.303127744417,0.0
-0.302087744417,0.0
-0.301047744417,0.0
-0.300007744417,0.0
-0.298967744417,0.0
-0.297927744417,0.0
-0.296887744417,0.0
-0.295847744417,0.0
-0.294807744417,0.0
-0.293767744417,0.0
-0.292727744417,0.0
-0.291687744417,0.0
-0.290647744417,0.0
-0.289607744417,0.0
-0.288567744417,0.0
-0.287527744417,0.0
-0.286487744417,0.0
-0.285447744417,0.0
-0.284407744417,0.0
-0.283927744417,0.0
-0.282887744417,0.0
-0.281847744417,0.0
-0.280807744417,0.0
-0.279767744417,0.0
-0.278727744417,0.0
-0.277687744417,0.0
-0.276647744417,0.0
-0.275607744417,0.0
-0.274567744417,0.0
-0.273527744417,0.0
-0.272487744417,0.0
-0.271447744417,0.0
-0.270407744417,0.0
-0.269367744417,0.0
-0.268327744417,0.0
-0.267287744417,0.0
-0.266247744417,0.0
-0.265207744417,0.0
-0.264167744417,0.0
-0.263127744417,0.0
-0.262087744417,0.0
-0.261047744417,0.0
-0.260007744417,0.0
-0.258967744417,0.0
-0.257927744417,0.0
-0.256887744417,0.0
-0.255847744417,0.0
-0.254807744417,0.0
-0.253767744417,0.0
-0.252727744417,0.0
-0.251687744417,0.0
-0.250647744417,0.0
-0.249607744417,0.0
-0.248567744417,0.0
-0.247527744417,0.0
-0.246487744417,0.0
-0.245447744417,0.0
-0.244407744417,0.0
-0.243367744417,0.0
-0.242327744417,0.0
-0.241287744417,0.0
-0.240247744417,0.0
-0.239207744417,0.0
-0.238167744417,0.0
-0.237127744417,0.0
-0.236087744417,0.0
-0.235047744417,0.0
-0.234007744417,0.0
-0.232967744417,0.0
-0.231927744417,0.0
-0.230887744417,0.0
-0.229847744417,0.0
-0.228807744417,0.0
-0.227767744417,0.0
-0.226727744417,0.0
-0.225687744417,0.0
-0.224647744417,0.0
-0.223607744417,0.0
-0.222567744417,0.0
-0.222487744417,0.0
-0.221447744417,0.0
-0.220407744417,0.0
-0.219367744417,0.0
-0.218327744417,0.0
-0.217287744417,0.0
-0.216247744417,0.0
-0.215207744417,0.0
-0.214167744417,0.0
-0.213127744417,0.0
-0.212087744417,0.0
-0.211047744417,0.0
-0.210007744417,0.0
-0.208967744417,0.0
-0.207927744417,0.0
-0.206887744417,0.0
-0.205847744417,0.0
-0.204807744417,0.0
-0.203767744417,0.0
-0.202727744417,0.0
-0.201687744417,0.0
-0.200647744417,0.0
-0.199607744417,0.0
-0.198567744417,0.0
-0.197527744417,0.0
-0.196487744417,0.0
-0.195447744417,0.0
-0.194407744417,0.0
-0.193367744417,0.0
-0.192327744417,0.0
-0.191287744417,0.0
-0.190247744417,0.0
-0.189207744417,0.0
-0.188167744417,0.0
-0.187127744417,0.0
-0.186087744417,0.0
-0.185047744417,0.0
-0.184007744417,0.0
-0.182967744417,0.0
-0.181927744417,0.0
-0.180887744417,0.0
-0.180487744417,0.0
-0.179447744417,0.0
-0.178407744417,0.0
-0.177367744417,0.0
-0.176327744417,0.0
-0.175287744417,0.0
-0.174247744417,0.0
-0.173207744417,0.0
-0.172167744417,0.0
-0.171127744417,1.8039723196831836e-10
-0.170087744417,4.127792980307875e-08
-0.169047744417,2.340928178686095e-07
-0.168007744417,4.469400622568422e-07
-0.166967744417,5.173898436328841e-07
-0.165927744417,5.274274598326282e-07
-0.164887744417,5.276893435328816e-07
-0.163847744417,5.280262638287802e-07
-0.162807744417,5.297842493248178e-07
-0.161767744417,5.330969254484112e-07
-0.160727744417,5.380731566368771e-07
-0.159687744417,5.449737780756265e-07
-0.158647744417,5.528402708711684e-07
-0.157607744417,5.619801633247221e-07
-0.156567744417,5.723636960366936e-07
-0.155527744417,5.840657771298347e-07
-0.154487744417,5.971597692700462e-07
-0.153447744417,6.115548716386696e-07
-0.152407744417,6.270493758171139e-07
-0.151367744417,6.43470821705408e-07
-0.150327744417,6.444080113267222e-07
-0.149312832703,5.954710902969289e-07
-0.148397020284,6.713357503194282e-07
-0.147391750068,6.917260692234797e-07
-0.146384175906,7.123230167450633e-07
-0.145376230618,7.345113554254954e-07
-0.144369870183,6.572048327058917e-07
-0.14349707319,9.53824131684638e-07
-0.142466849655,1.287760219073029e-06
-0.14143628893,1.4226134172106946e-06
-0.14042165182,1.506911765573703e-06
-0.13938165182,1.4531026914486473e-06
-0.13836569976,1.19460497799649e-06
-0.137356785223,1.0777711035377727e-06
-0.136336887662,1.1414895159876395e-06
-0.135272343952,1.149994002190004e-06
-0.134231256705,1.1310568706395563e-06
-0.133200531527,1.1109995089770516e-06
-0.132180902908,1.203778563034568e-06
-0.131102838698,1.2121778727540704e-06
-0.130062838698,1.2660925507575724e-06
-0.129022838698,1.2713073002118982e-06
-0.128016824012,1.3529668371911894e-06
-0.126981461833,1.4092135309379375e-06
-0.125941461833,1.4629126101609123e-06
-0.124901461833,1.5163803797701241e-06
-0.123861461833,1.5702463972110593e-06
-0.122821461833,8.674853657083857e-07
-0.122261461833,1.68502792609492e-06
-0.121208227259,1.744529263562359e-06
-0.120159698849,1.8298160207911306e-06
-0.11910033387,1.8372277001557787e-06
-0.118075435973,1.885184278477543e-06
-0.117061893726,2.0077660078538678e-06
-0.116021893726,2.0855646535240504e-06
-0.114981893726,2.1661762474852754e-06
-0.113941893726,2.249959164906349e-06
-0.112901893726,2.3372438335613024e-06
-0.111861893726,2.428337043573071e-06
-0.110821893726,2.523356694927281e-06
-0.109781893726,2.5884585142291727e-06
-0.108755138178,2.6672455493868027e-06
-0.10773626702,2.9265113144251225e-06
-0.106660126661,3.00960533936989e-06
-0.105597598246,2.97159071535024e-06
-0.104588689804,3.0911694284602694e-06
-0.103580811055,3.261897819919341e-06
-0.102560004271,3.3475409787725312e-06
-0.101553661627,3.48921446729911e-06
-0.100544826347,3.627549777291348e-06
-0.099535991067,3.5112768870592655e-06
-0.098596030408,3.89499268284914e-06
-0.097593724425,4.2501588725009695e-06
-0.096542149144,4.221673714242978e-06
-0.095534464014,4.370692674653005e-06
-0.094526778883,4.5237851722010625e-06
-0.093519093753,4.682529162433388e-06
-0.092511408622,5.013500008151872e-06
-0.09148694375,5.590636547243121e-06
-0.090456407448,5.779754182193553e-06
-0.089451326906,5.826542574346189e-06
-0.088444238874,6.1999714245370354e-06
-0.087395240715,6.1981112573448505e-06
-0.0863465053,4.9339414260771906e-06
-0.085510800206,6.174815343875714e-06
-0.084494313459,6.474450005781843e-06
-0.083466029085,6.6246283744891826e-06
-0.08244919217,6.8191424536993725e-06
-0.081434360151,7.112014130384639e-06
-0.080411369787,7.360176081146844e-06
-0.079391494755,7.637438218817224e-06
-0.078371619723,7.922294781217487e-06
-0.077351744691,3.6348989296016597e-06
-0.076898466899,8.40932873676146e-06
-0.075871828003,8.844031233700974e-06
-0.074831828003,9.183237532134895e-06
-0.073791828003,9.537531485910953e-06
-0.072751828003,9.908150213201311e-06
-0.071711828003,1.029401581756607e-05
-0.070671828003,1.0694515017039811e-05
-0.069631828003,1.111234027033784e-05
-0.068591828003,1.1550828549492532e-05
-0.067551828003,1.2011610192720203e-05
-0.066511828003,1.2473950245020551e-05
-0.065471828003,7.945814456915309e-06
-0.064831828003,1.3321036577716504e-05
-0.063791828003,1.3870499421129087e-05
-0.062751828003,1.4454028239578454e-05
-0.061711828003,1.5075353874278183e-05
-0.060671828003,1.5739662187247103e-05
-0.059631828003,1.64476538564156e-05
-0.058591828003,1.719911426251806e-05
-0.057551828003,1.7995735454723858e-05
-0.056511828003,1.884051723784628e-05
-0.055471828003,1.9740405451484846e-05
-0.054431828003,2.0703640352959282e-05
-0.053391828003,2.1740147799680025e-05
-0.052351828003,2.2833992595873648e-05
-0.051311828003,2.3818130731713186e-05
-0.050279600875,2.5103853294699198e-05
-0.049245031222,2.7505630185703837e-05
-0.048169752591,2.8232504394284996e-05
-0.047123773567,2.9602255086940708e-05
-0.046083773567,3.0112628751560818e-05
-0.045080973341,3.399812570465296e-05
-0.044011299186,3.4952136194343563e-05
-0.042971299186,1.1211518474977584e-05
-0.042651299186,3.7734137714433866e-05
-0.041611299186,4.0089589206205915e-05
-0.040571299186,4.2598460722317625e-05
-0.039531299186,4.526768943507739e-05
-0.038491299186,4.8152019178505486e-05
-0.037451299186,1.9136450433560257e-05
-0.037051299186,5.389021183870086e-05
-0.036011299186,5.882539916005639e-05
-0.034971299186,6.255558881920597e-05
-0.033931299186,6.691419775345825e-05
-0.032891299186,7.071869441615276e-05
-0.031851299186,7.52439639758245e-05
-0.030811299186,4.268606109573607e-05
-0.030251299186,8.433657819924457e-05
-0.029211299186,9.080889277155083e-05
-0.028171299186,9.954178657373819e-05
-0.027131299186,8.250665801227409e-05
-0.026331299186,0.00011552986236044565
-0.025291299186,0.00012288605733370525
-0.024281835358,0.00013602019482440058
-0.023257591096,0.00015610497245278722
-0.022200769851,0.00010243337920173082
-0.021560769851,0.00018046067143585802
-0.020520769851,0.0001988955930125472
-0.019480769851,0.0001893873674876265
-0.018600769851,0.0002464651513605814
-0.017560769851,0.0002773996987709241
-0.016520769851,0.00011227617449797825
-0.016120769851,0.0003286259212880712
-0.015080769851,0.0003739946935908075
-0.014040769851,0.00019120653296499614
-0.013560769851,0.00045569576347884855
-0.012520769851,0.0004640334284365087
-0.011594743593,0.0005853040186495978
-0.010574743593,0.0002965831793996358
-0.010109743593,0.000743662171109572
-0.0090747624174,0.00014198712133318457
-0.0088947624174,0.0008179550272110045
-0.0079610124174,0.0009968418814379604
-0.0069822624174,0.0009724813740469556
-0.0061638288994,0.0009690591292626893
-0.0054550788994,0.0009649853626818903
-0.0048349226494,0.0009282733440659172
-0.0043033601494,0.0009568205423496517
-0.0038097663994,0.00088999792929102
-0.0033921101494,0.0008912281284613983
-0.0030076765556,0.0008190705301802252
-0.0026801960869,0.0007988310306855997
-0.0023811921806,0.0007576457600186373
-0.0021142244072,0.0006877609378456367
-0.001884632122,0.0006469836392724757
-0.001678399517,0.0006094333482655692
-0.0014921894951,0.000550764954407213
-0.0013300065727,0.0005110876025256581
-0.0011843422813,0.00047232477524269885
-0.0010536949272,0.0004346323028858446
-0.0009365628166,0.00037585370343573175
-0.00083745103071,0.00035277762988563386
-0.00074622313688,0.0003121803119820693
-0.00066682108114,0.00028310965182292726
-0.0005958660526,0.0002508624746275888
-0.00053378040264,0.00022503351803782599
-0.00047866355012,0.00010959346528996267
-0.00045205541442,3.581815873214839e-05
-0.00044339169287,4.4275641279955745e-05
-0.00043268951893,6.572967692286285e-05
-0.00041687278128,9.040177523303791e-05
-0.00039513696253,0.00015584977270856134
-0.00035789984158,8.604771894621258e-05
-0.00033745336778,6.391318652318089e-05
-0.00032231074644,5.522397377877285e-06
-0.00032100527965,5.7137091282607326e-05
-0.00030750496993,6.001860732354557e-05
-0.00029336102178,5.474054620184438e-05
-0.00028048828696,5.9519912383192005e-05
-0.00026652867838,4.366939350248189e-05
-0.00025630746686,3.973465505908153e-05
-0.0002470238337,1.4216809942782596e-05
-0.00024370531546,3.475518479474121e-05
-0.00023560108269,3.98024478984927e-05
-0.00022633271685,3.502229522641586e-05
-0.00021818948968,4.0174322757834496e-05
-0.00020886421939,3.448017257222152e-05
-0.00020087292399,3.409312862212057e-05
-0.00019298163461,3.6820441353652725e-05
-0.00018447043752,3.0307588208557236e-05
-0.00017747236214,3.741610862380691e-05
-0.00016884692562,4.560894099120753e-05
-0.00015834977216,3.406902371503457e-05
-0.0001505210835,3.6490248150177305e-05
-0.00014214426323,3.904787160575424e-05
-0.00013319671912,4.637509404141585e-05
-0.00012258607676,4.796860942714686e-05
-0.00011162949809,4.7855360365124895e-05
-0.00010071846713,4.414086575158899e-05
-9.0671209344e-05,2.728047053372771e-06
-9.0050543349e-05,3.748764320869745e-05
-8.1532037134e-05,3.648982600243915e-05
-7.3251881046e-05,3.4702026405915724e-05
-6.5387890732e-05,3.17742121855233e-05
-5.8195828375e-05,3.0238147963145057e-05
-5.1359094769e-05,2.7921931246232897e-05
-4.5052624198e-05,2.7224171545244842e-05
-3.8910038881e-05,2.6916850203464483e-05
-3.2842882269e-05,2.5390615730206773e-05
-2.712514728e-05,2.308284995166133e-05
-2.1931275862e-05,2.3090936695594e-05
-1.673995238e-05,2.3042545293692206e-05
-1.1563869484e-05,2.2311423381876955e-05
-6.5559664162e-06,2.2381712521737058e-05
-1.5362945708e-06,2.0303024436567206e-05
3.0138079706e-06,1.8377058541699097e-05
7.1294729131e-06,1.9050453296655663e-05
1.1393319291e-05,1.8985206990288376e-05
1.563606687e-05,1.8911086315631867e-05
1.9860108949e-05,7.416257297967692e-07
2.0025397552e-05,4.241354408115811e-05
2.94788932e-05,6.824123816701596e-05
4.4661540198e-05,7.600235976167514e-05
6.1532177082e-05,7.753204449294529e-05
7.8700945818e-05,7.999469484830448e-05
9.6368642236e-05,7.959014211266334e-05
0.00011390254192,7.890569386769063e-05
0.00013124048485,7.782930649472659e-05
0.00014830056393,7.775019584763689e-05
0.00016530103551,7.68132147842465e-05
0.0001820565819,7.906356570146984e-05
0.00019926323608,8.093157198055763e-05
0.00021683331327,8.056957492405843e-05
0.00023428346721,8.62734694656625e-05
0.00025292414567,8.454544652055809e-05
0.00027114724358,8.957869680399695e-05
0.00029040732096,9.529663034532737e-05
0.00031084611508,8.847797265714007e-05
0.00032977450312,0.00010066049888686413
0.00035125459379,0.00010764971233030908
0.00037416485736,9.850565860186199e-05
0.00039507196208,0.00011243298990199963
0.00041888079012,0.00012178507690247239
0.0004445943244,0.0001315122108357068
0.00047228176029,0.00012325007036209865
0.00049815495614,0.00014051862522006332
0.00052757355787,0.00015002665146604183
0.00055888534537,0.00016171192177181465
0.00059253232535,0.00017330859610706963
0.0006284782125,0.00017417391140785906
0.00066449245576,0.00017513143838146218
0.00070060032333,0.00019289241287255142
0.0007402550099,0.000207294168296981
0.00078274535546,0.0002236652489576675
0.00082846176046,0.00024251447527468665
0.00087789158436,0.00025530616856694736
0.00092980131543,0.0002721674367860707
0.0009850065406,0.00028659199392791355
0.0010430338564,0.0003634536990018486
0.0011165306549,0.00039957717776676146
0.0011972848439,0.00041922862620836696
0.0012820575473,0.0004240795119337056
0.0013680112932,0.0004964332373442226
0.0014690547594,0.0005311777672044684
0.0015778859391,0.0005549627354897951
0.0016927547392,0.0006186040658803431
0.0018226931882,0.0006382521758718362
0.0019594122304,0.0006737211655176744
0.0021073702384,0.0006487127111315008
0.0022539410504,0.0006305053481571757
0.0024005118623,0.0006136776691845882
0.0025470826743,0.000601268276293747
0.0026936534862,0.0006974143272259004
0.0028642987729,0.0007492519090827739
0.0030426222225,0.0008313555283347047
0.0032209456721,0.0009783161590527977
0.0033992691217,0.0012323282873475875
0.0035775925713,0.0016678041036531142
0.0037559160209,0.002265234875679055
0.0039342394705,0.003218193944094148
0.0041179569751,0.005209943281100236
0.0043247501145,0.007643552474750843
0.0045372414715,0.010521061686792559
0.0047497328284,0.01390815195227447
0.0049622241853,0.016153390310966066
0.0051589855616,0.025231719395376336
0.005409559138,0.027900172465921906
0.0056362740374,0.030335839870346114
0.0058514044296,0.038186361393587345
0.0060970012865,0.041765003968265615
0.0063485210426,0.04382406273233615
0.006600586146,0.04493648297024279
0.0068526512494,0.04505751535182668
0.0071034139329,0.0448549081590978
0.0073542865901,0.04451305051211311
0.0076065861543,0.043731397743894174
0.0078590571677,0.04258105225339938
0.0081102441952,0.04142582051372309
0.0083604390036,0.040854247406750914
0.0086134997751,0.039915959839819916
0.0088673887231,0.038944358799702185
0.0091220009678,0.03761941537832709
0.0093750334404,0.03645853337872274
0.0096271752907,0.035767387178135324
0.0098814194779,0.03428038039220826
0.010131553377,0.033746831771000546
0.010383960319,0.03295636028312797
0.010636367261,0.032229396209828384
0.010888774204,0.03154921375350691
0.011141181146,0.030946121164455755
0.011393588088,0.03038744604056082
0.01164599503,0.029599805006860838
0.011896411254,0.029566664702558094
0.012149601588,0.029356113312330474
0.012402791922,0.029034759565008138
0.012655982256,0.028644939783912957
0.01290917259,0.028290894336440404
0.013162362924,0.027972288129450556
0.013415553259,0.02766469928317119
0.013668743593,0.02742518956034922
0.013921933927,0.02723267027227479
0.014175124261,0.027010818368320075
0.014428314595,0.026783633101223583
0.014681504929,0.026622224205654008
0.014934695263,0.02679930206463903
0.015187885597,0.026968061886580637
0.015441075931,0.026763503341112053
0.015694266265,0.026517978080667203
0.015947456599,0.027128220082806936
0.01620812944,0.02682291960019429
0.01646524862,0.026948227624230277
0.0167223678,0.02685764154014037
0.01697948698,0.02672532846820125
0.017236606159,0.026687713593972075
0.017493725339,0.02682035359939645
0.017750844519,0.026994817248452235
0.018007963699,0.027100515718271184
0.018265082879,0.02713653300431984
0.018522202059,0.027108378256121994
0.018779321239,0.02710105651817523
0.019036440419,0.027201929099022033
0.019293559599,0.027436655535735956
0.019550678778,0.02765609933128387
0.019807797958,0.027737964451651755
0.020064917138,0.027779848859264517
0.020322036318,0.027881391292405973
0.020579155498,0.028021121323330546
0.020836274678,0.028240736534936653
0.021093393858,0.028570087517205228
0.021350513038,0.028762034603215695
0.021607632218,0.0287774706433956
0.021864751397,0.02878870225137171
0.022121870577,0.028781432898770228
0.022378989757,0.028767188469665268
0.022636108937,0.02883595895021044
0.022893228117,0.029002124570784986
0.023150347297,0.029162423941417666
0.023407466477,0.02925493086714212
0.023664585657,0.02925167232918602
0.023921704837,0.02918976165561606
0.024178824016,0.029232145228664373
0.024435943196,0.028935500214931683
0.024688929563,0.028882633342577433
0.024940279976,0.009157077761628243
0.025019857108,0.1155704090913254
0.026020887515,0.1187556644574457
0.02703460622,0.12049897394369767
0.02805123552,0.12122827658096595
0.029062655133,0.12281018217435465
0.030074074745,0.12180726708578186
0.031075852417,0.05995816029315037
0.03156881645,0.12297429912869287
0.032571436558,0.12512887201368061
0.033572867525,0.12811184125601288
0.034584338762,0.12884796543629057
0.035594304504,0.12915975939898877
0.036601171343,0.12983692652926193
0.037607369454,0.13482354528088886
0.038643132641,0.13123425010237924
0.039643192269,0.13527714728451015
0.040665258823,0.1362371688592364
0.041687325378,0.1364728545672691
0.042709391933,0.13651709708425538
0.043734650529,0.13701107753665012
0.044762948833,0.13842639963778788
0.045797340646,0.1361133290328881
0.046808828146,0.13905179465293316
0.047829268898,0.13984007219325825
0.048839696101,0.14287661697351012
0.049864707991,0.14103801255945825
0.050875610663,0.14604883468900787
0.051917846275,0.14322189684262848
0.052933840738,0.1433731305861422
0.053943350728,0.14614537033764166
0.054974777378,0.1438981258415071
0.05600831588,0.14024221210892412
0.057024494254,0.14486051796938565
0.058067610405,0.1413842896560456
0.059082548973,0.14124157098290693
0.060093040933,0.1465993518961012
0.061130150828,0.151275623117669
0.06218506191,0.14753560938464522
0.063203864441,0.14607423714780934
0.064206215077,0.15257985662249457
0.065244140974,0.14763980209358724
0.066245802477,0.14949000751592503
0.067264149841,0.14738592124265082
0.068270770805,0.15244951288622222
0.069310506667,0.14857215484205827
0.070319205732,0.15361189770057118
0.071356681217,0.1585592207594193
0.072429118084,0.14918045104624744
0.073443615324,0.14799163655986267
0.07444646983,0.15171870153769754
0.075466705589,0.15220974662438988
0.076478568887,0.15604674265599724
0.077508327487,0.1504036793597885
0.078509778137,0.14884191631916302
0.079517944334,0.15377560707027083
0.080573161195,0.14655637193102644
0.081581241195,0.15464367730720655
0.082644429675,0.14495424518654307
0.083644677609,0.14503736824210087
0.084651890069,0.1471179947190248
0.08567808928,0.14283182978804435
0.086678409632,0.14589720784990348
0.08770705651,0.14832025398438486
0.088758119386,0.1409006327206783
0.089758221572,0.03216109044856664
0.089986544372,0.14401149643093686
0.091009302035,0.14944795070149008
0.092071307199,0.14731573382348973
0.09311699354,0.142089173075333
0.094122290037,0.14500816334287944
0.095148553763,0.14120292362217568
0.096153208303,0.1449382835516384
0.097190654935,0.13912766952015612
0.09819259035,0.140266391540203
0.099208557469,0.141528233496376
0.100237047469,0.14172720309624753
0.101269208356,0.13847750103793097
0.102281987675,0.13600971941044462
0.103282904611,0.13588530394360243
0.104289072803,0.13683464082138527
0.10530763961,0.13499693175991515
0.106316879962,0.13414615007103267
0.107325041148,0.13462032423966866
0.108341838279,0.13515157060772257
0.109368164722,0.13470968397616861
0.110396876102,0.13432108073752808
0.111424468043,0.13306731530212385
0.112444327699,0.13037372934537786
0.113445184803,0.1301199408948136
0.114446126374,0.13126523895911654
0.115458698015,0.13340649899244303
0.11648911819,0.13132851371347795
0.117506251567,0.13048472485651993
0.118521227834,0.12922985071901294
0.11952859016,0.13154123850805047
0.120554829677,0.1307964932235563
0.121575251487,0.12850908805699313
0.122579847927,0.13126651062886027
0.123613000864,0.12731124301929145
0.124619147801,0.127713387261626
0.125629349683,0.12706609218790826
0.126636396383,0.12871213615821217
0.127658107807,0.12645821486755088
0.128661262772,0.1265388195734675
0.129663556825,0.12841363551112006
0.130681136666,0.12819166981238656
0.131696404822,0.1277526734474829
0.132707827687,0.12726827384250178
0.133715931934,0.12912132610694113
0.134736938065,0.12695197996211463
0.135739930299,0.12865351108327702
0.136754487357,0.12763335351990562
0.137758399957,0.1306119162127765
0.138788138572,0.12637208973837769
0.139788711061,0.1262279117695696
0.14078888625,0.12849695364041702
0.141807757009,0.12733633527994798
0.142818176551,0.12631042257797698
0.143820549058,0.12662002594862884
0.144824376585,0.12682207598153522
0.145830826163,0.1272018876016662
0.146841518554,0.12671985850200435
0.147846724329,0.12697137377649828
0.14885278243,0.12704737181771436
0.149861088286,0.12563063908340627
0.150862801778,0.12563547624756485
0.151869189551,0.12658369454452956
0.152884674229,0.12672591054571314
0.153902578594,0.12560364419877046
0.154914454424,0.12438325842670879
0.155920437559,0.12375786497080064
0.156928618328,0.06100182579310894
0.15742868591,0.12336938779832848
0.158440359056,0.12204053160479532
0.159440366456,0.12270121827738521
0.160444403459,0.12283275461998158
0.161448648454,0.12328841281823837
0.16245739234,0.095319705926807
0.163237975997,0.11961731200796705
0.164217431367,0.12305130132577437
0.165224274466,0.11257013961533485
0.166144396107,0.12332973464845358
0.167152801511,0.10371508155722783
0.168002069492,0.12393820502239869
0.16901810443,0.11755557201726174
0.169982770634,0.12230822335836043
0.170988925858,0.12193628610264778
0.171995081081,0.12172774398175587
0.173001236305,0.12153160205485641
0.174007618108,0.12019895423678227
0.175008081571,0.11984540138497791
0.176008457527,0.12125572277635416
0.17702162447,0.10150703825924604
0.177873286881,0.10680323756039262
0.178769259449,0.11975304531355419
0.17977072118,0.10095818731565427
0.180611526767,0.10611465028358404
0.181494119068,0.10605954108966235
0.18237671137,0.10616555656783117
0.183259303671,0.10621461884370598
0.184141895973,0.12091616408335162
0.185145966505,0.1214253425469155
0.186154874029,0.12163702560337898
0.187163781552,0.08673320761618657
0.187880398975,0.10316330984072805
0.188731241035,0.10362201152266519
0.189584679647,0.12139907142532787
0.190584720327,0.09215782272994891
0.191345246923,0.07634829420463791
0.191976609559,0.09931600781959202
0.192798009489,0.051795326051990435
0.193226417363,0.11485183442367405
0.194180975621,0.08019438758455444
0.194851712101,0.05893134499150092
0.195345492484,0.11879636205598355
0.196346179946,0.09715853360769934
0.19716434592,0.11919952014603127
0.198165192543,0.10325751898774847
0.199030523436,0.0836540719452887
0.199730086185,0.06545192584246383
0.200278405124,0.08426307119224191
0.200985058615,0.11397868308080907
0.201938022751,0.07214622731875536
0.20253915972,0.12129453789773842
0.2035458648,0.09678811889397052
0.204349980969,0.12183992373553137
0.205363111339,0.12073695036733384
0.2063654704,0.12145990767247379
0.20737281956,0.12110504380657784
0.208379013003,0.12160065559018482
0.209388399007,0.1221565645894977
0.210395480765,0.1142770214534036
0.211332793878,0.08362421096133164
0.212018727196,0.12226503320469068
0.213021496525,0.09449162007140265
0.213796071139,0.11704908845226299
0.214756461343,0.12180721565779337
0.215757696262,0.12180869611033848
0.216759670953,0.11418382970416194
0.217698028767,0.09935558327598898
0.218511502122,0.12124262489317601
0.219502212384,0.051458605397095236
0.219923176955,0.11972346589087848
0.220905572528,0.11192721886868735
0.221826392235,0.05905711965348044
0.222312016494,0.06369009258246991
0.222836415957,0.10985384495219733
0.223741793654,0.12170415379859224
0.224742810765,0.11335276949071811
0.225669265226,0.04906370522667475
0.226069936436,0.12261168720357729
0.227072738629,0.04414141844837624
0.22743399929,0.12295768762637317
0.228439419549,0.03981309930398745
0.228764577607,0.08767944649597172
0.229477744947,0.09462404034339865
0.2302452764,0.05779115847280234
0.230713050747,0.08809523780089175
0.231423519753,0.09519304657111373
0.232191911787,0.058426969359122394
0.232664001006,0.09859254082661754
0.233463601957,0.09389555418272097
0.234225026286,0.1235768015410118
0.235229851518,0.08778237893484779
0.235946352975,0.08827506500711403
0.236668300432,0.12418556638462869
0.23767827655,0.058768218513980945
0.238155523329,0.06644432471548911
0.238695017775,0.06004843780575669
0.239181940116,0.11704086624291436
0.240129910452,0.04621842836173379
0.240503690007,0.07113502242811617
0.241080146111,0.06513675429219101
0.241609073747,0.08207605202989275
0.242277060552,0.1033864568114819
0.243119012709,0.009092774139111075
0.243193064969,0.06521638963146617
0.243719592533,0.05708618547247106
0.244178702329,0.09777761402870319
0.244957082969,0.044886730893148916
0.245313331339,0.08207243095464839
0.245964370426,0.1262352448409527
0.24696978516,0.05794759573751736
0.24743304196,0.06994798232831895
0.247993278384,0.015630131822176863
0.248118469063,0.10561307642193216
0.248965256261,0.047484581645655444
0.249346590586,0.07167276378240824
0.249922504164,0.0626623134353319
0.250426166156,0.048086441884230294
0.250812553058,0.09771839664479817
0.251595773489,0.041498958792078156
0.251927398961,0.09241378122058887
0.25266105149,0.03622361910309095
0.252947132218,0.12433491472728062
0.253924246424,0.07936237667925694
0.254546555524,0.07939645715415271
0.255169654645,0.12758549527762927
0.256175129286,0.10249357868067742
0.256987756592,0.05279614771433956
0.257407346789,0.07904557029707025
0.258041138164,0.0666884613500899
0.258577598141,0.09386354452516153
0.259337041089,0.07430290628353917
0.259940081152,0.042154341587833564
0.260282293913,0.0787428875862318
0.26092305103,0.03754835596649993
0.261228739872,0.09586516853896704
0.26200889281,0.12484181248673908
0.263018993995,0.12503273618313326
0.264022365675,0.03316093869364605
0.264287691271,0.11112310441811055
0.265175079818,0.08523297684470632
0.265855960918,0.07746369702116973
0.266474793024,0.110515820283797
0.267356791281,0.08829769727901271
0.26806339312,0.07610405108257863
0.268672454815,0.025553614443286632
0.268876739409,0.09500931761856006
0.26963642284,0.05567161393257366
0.270082248138,0.1252235246497829
0.271084417379,0.11455692636788287
0.272000147905,0.0840655573100863
0.272673829682,0.0457956640852527
0.273041293079,0.10524139351101888
0.27388628241,0.10271732334941165
0.274712128184,0.0400941641350106
0.275034900894,0.08249204158945483
0.275698576756,0.06294659757656622
0.276203581266,0.12526594614508738
0.277205165967,0.07177931557996317
0.277777799336,0.10149426221958158
0.278586862533,0.12591365021428486
0.279590748847,0.1257166402781402
0.280596694,0.12545801114503605
0.281603525582,0.12586889850923577
0.282610357164,0.12645079077938629
0.283617188746,0.12657785051891907
0.284624020328,0.12640579920908865
0.28563085191,0.1263553313631504
0.286637683492,0.12625312598873087
0.287644515074,0.1262572654667922
0.288651346656,0.1265686869267387
0.289658178238,0.11292037943572601
0.290557549466,0.1265949565585463
0.29156645699,0.12666384435959838
0.292575364513,0.12641905279567767
0.293584272037,0.12678347276289473
0.29459317956,0.12741946033443832
0.295602087083,0.11019783174439715
0.296466370017,0.06701636438539879
0.296989713364,0.1203902905952513
0.297929138747,0.12002777316790687
0.298868483645,0.12007067488453801
0.299807828543,0.11992616855157028
0.300747173441,0.11932225487271038
0.301686518338,0.11939359849726493
0.302625863236,0.11956021073309862
0.303565208134,0.11977381836646508
0.304504553032,0.09502853405961596
0.305248433094,0.11839055569470185
0.306177098816,0.11999850654917638
0.307122478882,0.11911697667189403
0.308067858948,0.11860901069015413
0.309013239015,0.11871947596561401
0.309958619081,0.11905522666802713
0.310903999147,0.11993666662895504
0.311849379213,0.1210319288989167
0.312794759279,0.12156531489146188
0.313740139345,0.11332011483679004
0.314619569234,0.10227773402653494
0.315411366242,0.1056498198617624
0.316228581336,0.10530264005683902
0.31704579643,0.10512753885927573
0.317863011524,0.10514185314897757
0.318680226618,0.10463810329880988
0.319497441712,0.10433436502996515
0.320314656806,0.10457365955501031
0.3211318719,0.10465491377217424
0.321949086994,0.10484862388788088
0.322766302088,0.10503307909767676
0.323583517182,0.10481089766628983
0.324400732276,0.08811947519939449
0.325090264606,0.10422901205116329
0.3259074797,0.10432726223715001
0.326724690746,0.10424799580123317
0.327541673605,0.10439376101114871
0.328358166927,0.10534223985729409
0.329174188944,0.10520987846027492
0.32998379256,0.0936943983495671
0.330702452072,0.10672829713931477
0.331519667166,0.10660726252123012
0.33233688226,0.10681435728060641
0.333154097354,0.10690008023623793
0.333971312448,0.10676391820373093
0.334788527542,0.10640838873829893
0.335605742636,0.10603845020488616
0.33642295773,0.1056448146603992
0.337240172824,0.10542872159105948
0.338057387918,0.10525504573796012
0.338874603012,0.10512562396632928
0.339691818106,0.10516054309435616
0.3405090332,0.10523302450300116
0.341326248294,0.1052391880016466
0.342143463388,0.08331362263918522
0.342787242493,0.09092417098712482
0.343487872717,0.09045465772623291
0.344188502942,0.0902562891905352
0.344889133167,0.09045659931552934
0.345589763391,0.09060674998277943
0.346290393616,0.06412315590100368
0.346787841075,0.09011071523101297
0.3474884713,0.09034028436579573
0.348189101525,0.09027266870215306
0.348889731749,0.09069151977630463
0.349590361974,0.09155619853815995
0.350290992199,0.09207174981762443
0.350991622423,0.09229068674337579
0.351692252648,0.09223146869719384
0.352392882872,0.09213044114634292
0.353093513097,0.09209461916630336
0.353794143322,0.09203291783698532
0.354494773546,0.09207463539551299
0.355195403771,0.09213790274388378
0.355896033995,0.09207077465491409
0.35659666422,0.09195024513050555
0.357297162577,0.09175703733704133
0.357997600117,0.0916252260094018
0.358698037658,0.09162613929976143
0.359398475198,0.08798303051509562
0.360070202905,0.09184713169472024
0.36077083313,0.09194177706217574
0.361471463354,0.09182659837050347
0.362172093579,0.09154672430307668
0.362872723804,0.0912453338969542
0.363573354028,0.09096040961074071
0.364273984253,0.0860088630146975
0.364937541864,0.08125386310912346
0.365564022057,0.09094447929019271
0.366264652281,0.09112261082876784
0.366965282506,0.09174217684926092
0.36766591273,0.08791296447683034
0.368330449446,0.08654430412851123
0.368979181135,0.0850312396064373
0.369616124529,0.09997673326038421
0.370364792189,0.12668358252077797
0.371310723384,0.11301195288450055
0.372158035624,0.10695154194171853
0.372958938944,0.10753223324582079
0.373759842265,0.1065671930411769
0.374560745585,0.1069721980204295
0.375361648905,0.10722928338918108
0.376162552225,0.10692103310416355
0.376963455546,0.10716157702407983
0.377764358866,0.09367117416304252
0.378463241275,0.07588754570893272
0.379030046087,0.07920275317294659
0.379622416508,0.08427075740353986
0.38025298371,0.08435262735687087
0.380883550913,0.08417839007701271
0.381514118115,0.08356469955048854
0.382144685317,0.0833849934268377
0.382775252519,0.08364572686790282
0.383405819721,0.08360232330303631
0.384036386923,0.08330031809638438
0.384666954126,0.08332172622990178
0.385297521328,0.08345738193948085
0.38592808853,0.08318451438709115
0.386558655732,0.08315758524384288
0.387189222934,0.08341230574164692
0.387819790136,0.01672096636701421
0.387945903577,0.08381699466174522
0.388576470779,0.08471438945418151
0.389207037981,0.08552631019616128
0.389837605183,0.0856049838963507
0.390468172385,0.0880332704984212
0.391117062173,0.09509550446702111
0.391817692398,0.09516802561205562
0.392518322622,0.09510275738837665
0.393218952847,0.09474351783293276
0.393919583072,0.09466288703457966
0.394620213296,0.08300455876761076
0.395234878995,0.08269904755541531
0.395847790315,0.08261681669120302
0.396460701636,0.08256744200709311
0.397073612956,0.08237609122285133
0.397686524277,0.08234005164218128
0.398299435597,0.0822978163115544
0.398912346918,0.08218668331650633
0.399525258238,0.08212785591075956
0.400138169559,0.08200490407990364
0.400751080879,0.08207065114646489
0.4013639922,0.08207995385171707
0.40197690352,0.07728726645886311
0.402553990416,0.07839612787375265
0.403137848936,0.07828255023464922
0.403721707457,0.07788770207328394
0.404305565977,0.07766727279381291
0.404889424498,0.07797934324485598
0.405473283018,0.0781589052483701
0.406057141539,0.0782452273955898
0.406641000059,0.017337454679135684
0.406769448934,0.06220787148780642
0.407230389677,0.10837254729191449
0.408034942136,0.10772706762955007
0.408839494595,0.1076820790612347
0.409644047055,0.10938504718512176
0.410448599514,0.1098718414756539
0.411253151974,0.10974984737231047
0.412057704433,0.10996750240351949
0.412862256893,0.10917460109845153
0.413660693103,0.07944591301272078
0.414241794514,0.0797901477860661
0.414825653034,0.07972939715880269
0.415409511555,0.07971987587395558
0.415993370075,0.07975283291868995
0.416577228596,0.07976909882804271
0.417161087116,0.07971451512195939
0.417744945637,0.07960683103534835
0.418328804157,0.07957686558219167
0.418912662678,0.07968722272653439
0.419496521198,0.07960608641028138
0.420080379719,0.07929214181272515
0.420664238239,0.07923274567912743
0.42124809676,0.07918059630392466
0.42183195528,0.07882782333978576
0.422415813801,0.0785112401318349
0.422999672322,0.07859240356072235
0.423583530842,0.07875287195317525
0.424167389363,0.07878337070665298
0.424751247883,0.07882037997639137
0.425335106404,0.07884090028515746
0.425918964924,0.07890164618364671
0.426502823445,0.07967001905642696
0.427086681965,0.08021330444940289
0.427670540486,0.0809959702362913
0.428254399006,0.08103485025819876
0.428838257527,0.08105300092596332
0.429422116047,0.0807754005000766
0.430005974568,0.08073326418029131
0.430589833088,0.0806349745279951
0.431173691609,0.08059313398960413
0.431757550129,0.08048424894375332
0.43234140865,0.08033169589922397
0.43292526717,0.08026339537786716
0.433509125691,0.08021494035439104
0.434092984211,0.08002966974043366
0.434676842732,0.07991330468772737
0.435260701252,0.07981740644653296
0.435844559773,0.0798640705997524
0.436428418293,0.0798999873628572
0.437012276814,0.07992511894977182
0.437596135334,0.08007428979662445
0.438179993855,0.08001980958779954
0.438763852375,0.07987717398228643
0.439347710896,0.07946113218906724
0.439931569416,0.07928686657007687
0.440515427937,0.07924638199882648
0.441099286457,0.07915298542408922
0.441683144978,0.07927724192420925
0.442267003498,0.079352534725545
0.442850862019,0.07905521566577056
0.443434720539,0.06593797876449094
0.443919323111,0.08068424576872925
0.444503181632,0.08144057100320526
0.445087040152,0.08145395988421723
0.445670898673,0.08160618115811656
0.446254757193,0.08192046735027377
0.446838615714,0.0816993016706235
0.447422474234,0.08142782634144104
0.448006332755,0.0816318796791472
0.448590191275,0.08185048535086521
0.449174049796,0.08122493646709998
0.449757908316,0.08118540083719777
0.450341766837,0.08143024516778288
0.450925625357,0.08131823232554113
0.451509483878,0.0810505997940343
0.452093342398,0.08109119251354387
0.452677200919,0.08135112329014473
0.453261059439,0.08119640669629312
0.45384491796,0.08065195739194685
0.45442877648,0.08082770653464469
0.455012635001,0.0808724601786497
0.455596493522,0.07874275176892546
0.456168145294,0.07445646859891093
0.456711269989,0.07317860611223957
0.457245209896,0.07454953451879581
0.457788022349,0.07516375409439306
0.458335193134,0.07769648192603115
0.458900294473,0.07769914834734934
0.45946519661,0.07794575682889361
0.460029936505,0.07791655214189244
0.460594498867,0.07780169209491963
0.461158892343,0.07808613829651638
0.461723119278,0.07791722427369552
0.462282652464,0.07852738897197775
0.462842033247,0.07957331103273244
0.463405743769,0.07963269122167929
0.463969275797,0.07836762724766735
0.464523629496,0.0771361041256546
0.465068790688,0.07710343676721675
0.465613869199,0.07576564979025602
0.466149707665,0.07884240065016039
0.466707911581,0.07877909227468653
0.467265947743,0.07952834699040712
0.467828316136,0.07951802887137926
0.468390526601,0.07945638981713232
0.468952556056,0.07930917876940727
0.469514424588,0.07928669638067998
0.470076124363,0.0794067829900456
0.470637641246,0.07913685316663288
0.471199000398,0.07795333820048221
0.471760184261,0.07719073281673502
0.472321198863,0.07687932193442917
0.472882047431,0.07665932407272086
0.47344272178,0.07565498098465141
0.473998744282,0.07186726822424827
0.474527711241,0.07266068768007772
0.475061001761,0.07459950490668434
0.475607581528,0.0745649074403702
0.476153993694,0.07648358725107125
0.476713724634,0.076474622622675
0.477273287198,0.07635404747835203
0.477832680709,0.06923199669520763
0.478336022058,0.07757454117396953
0.478895098294,0.07836495887059076
0.479454026698,0.07886455184791136
0.480012792199,0.0789539696761101
0.480571394159,0.07895955420821593
0.481129849136,0.07877602313019431
0.481688130274,0.07853394374760984
0.482246241356,0.07823287477459763
0.482804196492,0.07811690866889064
0.48336196857,0.07802582846333349
0.483919593705,0.06203836534987132
0.484362624347,0.052034973988195156
0.484734193932,0.052053143193099595
0.485105691747,0.05205033576242399
0.485477118561,0.05204478242229235
0.485848460278,0.05678871235721009
0.486253158129,0.07812882530382217
0.486809933605,0.0781897722143698
0.487366551697,0.07816634359507926
0.48792302922,0.07811100805093829
0.48847931924,0.07799015926059999
0.489035459267,0.07780207535080459
0.489591467869,0.07758016451085359
0.490147276969,0.07741183665645168
0.49070294699,0.07593125587134233
0.491249016951,0.055714101471575996
0.491649936711,0.05597791586970072
0.492053073347,0.05407489658351921
0.492442778733,0.05360358981247161
0.492829087521,0.05394818922013726
0.49321863866,0.05485390451350882
0.493614758236,0.056639039222006374
0.494024119437,0.054722861866894415
0.494420070694,0.05692864411255011
0.494831982091,0.08612946708970394
0.495454299158,0.08237527369877472
0.496049585488,0.07663553473604996
0.496603610112,0.07653403588598835
0.497157450116,0.07651736316082904
0.497711132466,0.0765721580696281
0.498264697559,0.07613925421784183
0.498818099355,0.07586092462079118
0.499371324801,0.07607978074530079
0.499924425252,0.012928204030805725
0.500018426415,0.06805433597961381
0.500517751887,0.06722656600809504
0.501012250095,0.06782770091379821
0.501514732342,0.06748776391299209
0.502013034271,0.06772607657803158
0.502511207417,0.06836728751329108
0.50300926719,0.06953876925407607
0.503507198381,0.06976132991707812
0.504004992614,0.070054537532601
0.504510772028,0.06868375798817007
0.505012353113,0.0690689368326036
0.505517861461,0.06910469204981412
0.506023239654,0.06922847959870838
0.506528477797,0.06982341601962455
0.507033600384,0.0710888556236441
0.507538605072,0.0718735008697249
0.50804346978,0.07211926586692442
0.508548220567,0.07210774389303934
0.509052824058,0.06875130466447935
0.509532501997,0.05784392242272198
0.509936030565,0.032431142302171284
0.510161557435,0.03686651948937654
0.510417927856,0.03097934887250245
0.510633358893,0.03074247479411431
0.510847355488,0.03395311865864884
0.511083782992,0.03934961691236492
0.511358665774,0.03916864514675468
0.51163327867,0.019249289260243618
0.51176997601,0.02438359580771032
0.511943680075,0.014515140377593931
0.512047083151,0.02016828672483639
0.51219196969,0.011552043837134224
0.512274985113,0.019386258086006303
0.512414298766,0.009916775765811278
0.512485491167,0.02090098243711861
0.512635072472,0.013382392428490172
0.512730844191,0.021529763525736854
0.512883933874,0.022786113455377892
0.513044773552,0.01794143718623682
0.513170261805,0.03284873063459091
0.513396480079,0.025612989981608266
0.513568923901,0.042605046803310245
0.51384693633,0.05592181497352534
0.514193680943,0.04958730594694656
0.51448801548,0.09194960739172081
0.515029903055,0.07637910937256671
0.515509052357,0.06662513966636491
0.515952908999,0.08390661349135926
0.516548658803,0.07180653483223487
0.517090075684,0.07011020476102613
0.517630685425,0.06604198041612988
0.518171295167,0.06102748037224237
0.518677373461,0.060226870172582075
0.519193066499,0.05487627246745843
0.519669426574,0.055008578721302756
0.520155975341,0.053912914175523984
0.520642524108,0.05296128323791147
0.521129072876,0.052176781113899735
0.521615621643,0.05142327217196707
0.52210217041,0.051136389297208984
0.522588719177,0.05078490955758007
0.523075267944,0.05060502553812522
0.523561816711,0.027669454928877013
0.523829418533,0.05026208186364021
0.5243159673,0.049711908343381316
0.524802516067,0.04969055866602483
0.525289064834,0.049493418991823045
0.525775613601,0.049493050065246964
0.526262162368,0.049466160944272274
0.526748711135,0.04945782011197944
0.527235259902,0.04931602822027114
0.52772180867,0.04931601808439784
0.528208357437,0.049296417673696795
0.528694906204,0.04935437040328893
0.529181454971,0.04943143649332727
0.529668003738,0.04954482380080308
0.530154552505,0.04962524775151078
0.530641101272,0.04994061673415967
0.531127650039,0.05024347267638931
0.531614198806,0.05056232639863825
0.532100747573,0.05091998216010763
0.53258729634,0.051416764636814216
0.533073845108,0.051532354759494484
0.533560393875,0.052219456178919994
0.534046942642,0.05245889805766691
0.534533491409,0.05326135626099523
0.535020040176,0.05348539290305274
0.535506588943,0.05423749112992695
0.53599313771,0.05477819978231099
0.536479686477,0.08049067409034912
0.537185413897,0.08470314893206927
0.5379154945,0.07221361566073986
0.538529905201,0.06427400865890522
0.539070514942,0.06455771602166209
0.539611124684,0.0646613190723118
0.540151734425,0.06481722467973335
0.540692344166,0.06488815783884948
0.541232953907,0.0648832344881345
0.541773563648,0.06485620009384305
0.54231417339,0.06463144076064199
0.542854783131,0.06428582409563194
0.543395392872,0.0639676761429638
0.543936002613,0.06375386990897232
0.544476612354,0.06352704492967319
0.545017222096,0.06349647525349972
0.545557831837,0.06328912319785986
0.546098441578,0.0627995964181094
0.546639051319,0.06261108443917052
0.54717966106,0.06233418363450578
0.547720270802,0.0621370506214195
0.548260880543,0.06145334433855664
0.548801490284,0.061039882125970044
0.549342100025,0.060669429912880476
0.549882709766,0.05613587208956275
0.550386005722,0.061723298265201544
0.550940472524,0.06457746349062035
0.551522320412,0.059897884635091124
0.552062755982,0.059873039610567634
0.552603103972,0.05986477015997105
0.553143336601,0.059814883279449116
0.553683436677,0.05977508190447534
0.554223448661,0.059760227903364785
0.55476335931,0.07320401448809681
0.555426962103,0.05556448312585927
0.555935521493,0.0035731046550252633
0.55596834719,0.059377418223642675
0.556515442136,0.05917939009096298
0.557062537081,0.06001671959508184
0.557620625245,0.05399974106837963
0.558124265559,0.058714711341980974
0.55867265201,0.06295067572329195
0.559263244559,0.06444083965727061
0.559868608482,0.05701762653769319
0.56040433214,0.05231821363048753
0.560896354112,0.05916208108930761
0.561452362474,0.05359227202034914
0.56195712848,0.0671460509633293
0.562592363087,0.056778511255947746
0.56313097636,0.06490384508807903
0.563749653476,0.0725804396025713
0.564443999166,0.06871534005744699
0.565102337409,0.06788278285037078
0.565753321639,0.06622131442851609
0.56639158424,0.04673246653708735
0.566842318572,0.062048434978297665
0.567441390975,0.07142457298983561
0.568132338866,0.07384416458500545
0.568853151855,0.04517673597451526
0.569294976756,0.052509903160164045
0.569811900159,0.06925032212913698
0.570495753276,0.06685119335759528
0.571158055941,0.07909260855280899
0.571952389013,0.0692280346345605
0.572648523016,0.07553593278580378
0.573407797101,0.05539270557048826
0.573963381422,0.07158117679194222
0.574680753278,0.052779781500054045
0.575209283266,0.06793604249233039
0.575890800925,0.044199763430247334
0.576334364342,0.07782359125747947
0.577122150413,0.08614822310632117
0.578004742715,0.06352265732601192
0.578662713701,0.041318128562561056
0.579093983217,0.0422055707647603
0.579536028332,0.04519769015976713
0.580011626501,0.055351927958858654
0.580595480492,0.09344170506852033
0.581586136573,0.09427131745788025
0.582592291797,0.09378138374140384
0.58359844702,0.093332336783039
0.584604606931,0.09252673273198408
0.58560832574,0.09213225900267313
0.586615287791,0.09090521489866812
0.587616796869,0.05828510919031172
0.588263837601,0.06217128481854683
0.588958803343,0.08949399108488723
0.589965635261,0.08852354687340117
0.590969399917,0.08783963788004452
0.5919731991,0.08734828184665454
0.592976998424,0.08808900167288682
0.593993611706,0.08687865928809801
0.595001682018,0.08627689792766507
0.596009752331,0.08628539255296368
0.597026464096,0.019500651762075893
0.597257301522,0.08396238497928861
0.598257597039,0.0832309966832243
0.599257892555,0.08262515296035244
0.600258188072,0.08228363433781602
0.601259669785,0.08267551959936528
0.602270263305,0.08336070986813486
0.603293053396,0.0830580778901272
0.604315843487,0.08281166809165799
0.605338633578,0.08208021924286213
0.606355554431,0.08152466211711704
0.607370367248,0.08089291103635517
0.608382867248,0.08001360924487412
0.609388617248,0.08069410855264812
0.610405487805,0.07955376237276694
0.611409911295,0.07926804359686583
0.612411758499,0.0813787497377881
0.613441414591,0.08093442913771107
0.614468762421,0.07861261541402136
0.615471584374,0.07977721043440748
0.616493854648,0.07932728639565065
0.61751340061,0.07903696187902456
0.618530411866,0.07937455230278131
0.619552285017,0.07919058299675923
0.62057330632,0.07910520274251516
0.621592570005,0.07963394004189181
0.622607741557,0.08038911301290909
0.623616268573,0.08252254359228137
0.624634973426,0.08234571561297334
0.625643634436,0.06130915681926855
0.626398511033,0.08203043897992113
0.627414228318,0.0811605728068192
0.628425236696,0.08013211901323308
0.62942856308,0.07984806577468834
0.630432446365,0.07934135977771112
0.631433767728,0.08001543527076313
0.632444461133,0.08177912310370834
0.633474775587,0.08026921207294105
0.634485642853,0.0798587079630826
0.635492710813,0.08033843368141737
0.63650621439,0.08062074446865602
0.63752527976,0.08024507654403196
0.638543295347,0.08024550612125621
0.639561841319,0.07909056879115761
0.640564581069,0.08051286302444671
0.641587670306,0.08036223489213459
0.642612227129,0.08030591049777218
0.643634849537,0.08009440505153792
0.644650754215,0.07975411130710765
0.645661128299,0.08028549018229032
0.646679253163,0.08032641662882635
0.647697288316,0.07968700366998882
0.648705886037,0.08034962019790853
0.649723923594,0.07884164832939553
0.65072633691,0.07994981798536638
0.651745958633,0.0798935870004351
0.652765233249,0.08026331609980673
0.65378794315,0.08048665028961485
0.654813451205,0.0784074135256099
0.65581452375,0.0795865870686213
0.65683301792,0.07888894629805285
0.657842840591,0.07889222991454949
0.658850762451,0.07912100140878536
0.659860207603,0.08176875034138717
0.660904269443,0.07859367102831676
0.661909456818,0.07829855406182261
0.66291132793,0.07963238516138192
0.663930232435,0.07837635948690481
0.664933737183,0.07873306359442686
0.665942421208,0.07857897361381194
0.666949372617,0.07953162248052716
0.667969097682,0.07863622341280677
0.668978426506,0.0809672180331138
0.670018557898,0.0789857283527601
0.671033336235,0.0785668043163783
0.672042719213,0.07791226013107053
0.673044721732,0.0784149176258684
0.674055646012,0.08021427076326003
0.675092124647,0.08044784508927504
0.676132105298,0.079636524297708
0.677161783648,0.07832385352159399
0.678175369857,0.07846078796857386
0.67919202396,0.07850810419199172
0.680210559634,0.07950312963108143
0.681242587582,0.07809047702143641
0.68225633763,0.07786843228757698
0.683267015988,0.07827744828649238
0.684282100058,0.08080123350036134
0.685328770632,0.07894283803380209
0.686350941699,0.07793067314080161
0.687360317715,0.07750848826149889
0.688365607849,0.0771811137296588
0.689368281221,0.07806148637114647
0.690382852481,0.07698523174559387
0.691383015513,0.07855802783076776
0.692403235406,0.07731407661749695
0.693407186268,0.07730637978114716
0.694410576141,0.07766545830560054
0.695417617143,0.07739196384339439
0.696419962034,0.0785832390971284
0.697437884439,0.07813896124271984
0.698451821875,0.07756358993061041
0.699459948827,0.07698559320775188
0.70046123291,0.0790848372935593
0.701490126507,0.07772596236857289
0.702502147274,0.07838257176732183
0.703523984319,0.07796154023596423
0.704541172646,0.07969271232048865
0.705580785138,0.07734000578529368
0.706588962922,0.07743736609950701
0.707597887342,0.07747962417267672
0.70860767848,0.07735829665166084
0.709616848594,0.07704037547634436
0.710623132918,0.07712374154512477
0.711631661465,0.07742096467535177
0.71264478373,0.07946467425543792
0.713685355893,0.07717134421393748
0.714696882859,0.0777863364213066
0.715717409434,0.07749734336556358
0.716734774787,0.08012519597817094
0.717787637465,0.07681939150061308
0.718798284551,0.07825622863007674
0.71982865625,0.07757028736276031
0.720850660203,0.07648715945624196
0.72185889906,0.07621859115386193
0.72286407998,0.07598872327103737
0.723866995997,0.07632915194488459
0.724875281183,0.07667974015409243
0.725889188399,0.07648867280224647
0.726901649805,0.07869578450001628
0.72794438164,0.07625302172376659
0.728955272163,0.07676161638930774
0.72997266723,0.06362306526975388
0.730815425145,0.0758093624553116
0.731818906092,0.07784781452578461
0.732848601235,0.07661168821265271
0.733861320865,0.07676525875754804
0.734875610322,0.0773996583147045
0.735897872957,0.07580194239860592
0.73689827518,0.07653096187825753
0.73790724544,0.07634029220768257
0.738912948589,0.07725691487629964
0.739931038541,0.07691563549628525
0.740946345384,0.07591574617765712
0.741951008209,0.07584313841765962
0.742957591769,0.07960256264041575
0.74401670171,0.0758656419734792
0.745026788309,0.07615274038391284
0.746040277258,0.07535539391072582
0.747042674375,0.07556620613945339
0.748048071634,0.07661800720363086
0.749067851041,0.07617753808296367
0.75008202561,0.075990015659196
0.751094590748,0.0760655036792615
0.752108882455,0.07575674540499311
0.753119561533,0.0762501507562243
0.754138962492,0.07572204118292511
0.755154082081,0.07531702797087358
0.756164878246,0.07517695312250891
0.757173904016,0.07516462462671795
0.758183112983,0.07558469176830206
0.759198628119,0.07498588724362572
0.760206291008,0.07529485415537157
0.761217793796,0.07519717501277132
0.762227731019,0.0747100355715852
0.763230636827,0.07503710211077194
0.764237319277,0.07546373659810139
0.765249649224,0.07583699695845966
0.766267739038,0.07529036612961591
0.767279784183,0.07454555201711412
0.768282244612,0.07457825965123192
0.769285024304,0.07506749985739086
0.770294675523,0.07518097002657335
0.77130595522,0.07507428667348863
0.772315666069,0.07522568748488417
0.773327818303,0.07468898190826945
0.774333656376,0.07497498944735302
0.775344103327,0.0743118014729479
0.776345998373,0.07418865495007174
0.777346636638,0.07455027428824625
0.778352210035,0.07442438742678176
0.77935581773,0.07503970368746764
0.78036809814,0.07415808402814202
0.781369535349,0.07457726517057561
0.78237795425,0.07571257053290129
0.783402641473,0.07427820026940682
0.78440835808,0.07469382305139001
0.785420234152,0.07576670493594918
0.786447229447,0.07406675493495837
0.787451547282,0.07438380198955104
0.788460008245,0.07477235833386356
0.78947302978,0.07445998591969574
0.790481574022,0.07529511928276798
0.791502553372,0.0756519881245899
0.792529844128,0.07403056100884875
0.793535893192,0.07410062429228279
0.79454367937,0.0740552089829725
0.7955516998,0.07428937376920126
0.796563288344,0.07462464019882407
0.797579613448,0.07482628848330537
0.798599271506,0.07473269465735259
0.799618145856,0.07414116628984829
0.800628898248,0.07102731085383063
0.801596829533,0.06755043427443762
0.802517063432,0.07406418672189795
0.803526208227,0.0739850306965966
0.804535249508,0.07354008263674341
0.805539863895,0.0745900310812848
0.806560503325,0.07324195042078052
0.807563404587,0.07356032783591043
0.808571142811,0.07343609073709013
0.809577855103,0.07307177565766974
0.810579806508,0.07360898741598254
0.81158901439,0.07393303197109972
0.812602635299,0.07372075579464549
0.813613218123,0.07328211711926151
0.814616846521,0.07406198880300992
0.815629843131,0.07351313905700887
0.816634594282,0.07401355034663123
0.817646746866,0.07367457171290333
0.818655870076,0.073691423547047
0.81966677351,0.07330014073586677
0.820673303291,0.07283633520126728
0.821674319372,0.07294514967473399
0.822677926142,0.07316999836130567
0.823685318777,0.07312847941352041
0.824692166524,0.07314688585116258
0.82569925363,0.07343371968229113
0.826710597311,0.07317793572317255
0.827718149299,0.0732785828800988
0.828726638681,0.0733490227545998
0.829736799111,0.07378132002668455
0.83075417709,0.07490963521277369
0.831788192354,0.07277632657344497
0.832793133706,0.0728871697592767
0.8337997656,0.07295872774355558
0.834807795226,0.07342827538631831
0.835822386653,0.07335325998288839
0.836837011614,0.07255923070720899
0.83784241989,0.07433010815541552
0.838872415345,0.07230750669693532
0.839873851166,0.07282324805619937
0.84088315351,0.07277227475777547
0.841893267757,0.07234149917929206
0.842898989311,0.07278707879283633
0.84391179454,0.0726180927815553
0.844922757397,0.07220809871220923
0.845929124944,0.07213440476126641
0.846935307089,0.07339217897892084
0.847958946752,0.0749099696417169
0.849003520316,0.07241136335971493
0.850013472909,0.07240532266348974
0.851022903401,0.07293239761607144
0.852038880715,0.05185549084152372
0.852761692485,0.0716524091400767
0.85376125389,0.07225537153166477
0.854769676877,0.07171423087180583
0.855770310479,0.07183005170380603
0.856772095453,0.07267236957850899
0.857785209442,0.07239803129231356
0.858794646385,0.07194067738683585
0.859798417052,0.07197127377488599
0.860803540962,0.07227875110532672
0.861813914246,0.0726133613208833
0.862829794912,0.07160819358781924
0.863832365076,0.07187119604715089
0.864839707068,0.07203940866109951
0.865850952698,0.07128014598640724
0.866852685845,0.07169712545789245
0.86786052964,0.07203550960428803
0.868872531328,0.07195450881274966
0.869882561365,0.07138164677889508
0.870884094011,0.07136450447542873
0.871885423468,0.07217335124707233
0.872898939069,0.07136997199619984
0.873903482115,0.07172458353949304
0.874915380148,0.0687651331009838
0.875886232061,0.07155120217283314
0.876895937045,0.07167324171420415
0.877906547226,0.07106877978054824
0.878908377484,0.07151146170637974
0.87991664589,0.07343953242184352
0.880951436667,0.0720357968678947
0.881965029211,0.07120695333758155
0.882966413626,0.0722515060646571
0.883983433908,0.07274210387859459
0.885007940961,0.07210362094645019
0.886023193798,0.07108279402195986
0.887023531217,0.07197687087214645
0.888036949611,0.07110166144762173
0.889040323845,0.07133099511903351
0.890049592345,0.0711240698921951
0.891057799358,0.07146520178335859
0.89207231062,0.07133445578323627
0.893086261554,0.07112994825575114
0.894097308129,0.07357936428410691
0.895141802042,0.07118215230609073
0.896150722279,0.07106550048669255
0.89715598144,0.07177623368173623
0.898169958095,0.0713730860303246
0.899178389912,0.07121173513581042
0.900185196623,0.07071214492204092
0.901186012807,0.07069604410397269
0.902187385232,0.0715190018649964
0.903200177186,0.0717101542958822
0.904215919238,0.07064288037169522
0.905218460155,0.07048929676905477
0.906221051775,0.07108943871074104
0.907233980271,0.0703776637541856
0.908238360455,0.07040988213948296
0.909244642627,0.07087546243818048
0.910259332607,0.0700794279830579
0.911264344453,0.07069072573030469
0.912278771382,0.07064713375500402
0.913291969744,0.06999586083059282
0.914294921263,0.07082613687858627
0.915308863902,0.07184850835994083
0.916336786993,0.07014854949942113
0.917340730978,0.07147898093721859
0.918364652717,0.06993458031097317
0.919367139027,0.06980755635029492
0.920368369268,0.07001097924980319
0.921373060841,0.0699117258474
0.922376651723,0.07080902314574014
0.923394097632,0.07257706760091005
0.924438596001,0.07056240813214826
0.925454700984,0.07045562743621953
0.926467828598,0.06969106515316449
0.927468529594,0.0702480635680212
0.928477649422,0.07046338571235924
0.929491067277,0.06972892480411355
0.930494488815,0.07098469645975654
0.931516263557,0.06997292120233671
0.932523342434,0.06983056845334157
0.933527780808,0.07004443408620134
0.934536231502,0.06948177429490007
0.935538219604,0.06972333708110873
0.936544273583,0.07095914331470193
0.937567915686,0.07069845749734414
0.938587763671,0.06934314468853325
0.939588024027,0.06938215310750917
0.940588573793,0.07015373898649628
0.941599895106,0.07004941928796085
0.942609605318,0.06965891506720609
0.943613592368,0.07014521631306203
0.944625078578,0.06944722041460555
0.945626941373,0.07165591149046686
0.946660744046,0.06991659111011554
0.947670720527,0.06956117686448127
0.948676257408,0.0696183722944147
0.949682602387,0.07092710270252134
0.950707897704,0.03168241094585178
0.951165728038,0.0701885207082946
0.952179686737,0.06942758022256076
0.953182661713,0.07041939146253447
0.954200307255,0.06987026038723196
0.955210237852,0.06932525404431963
0.956212694458,0.07010471730553104
0.957227206507,0.0708788439657024
0.958253714327,0.06983629357161814
0.959265455027,0.06986744329756402
0.960277713102,0.06973552736498845
0.96128853785,0.06963497886350697
0.962298794572,0.06958196296101386
0.963309391454,0.06918798383854971
0.964315577971,0.06988820537679685
0.965333122186,0.06881013320151343
0.966335666401,0.06965727753337891
0.967350877769,0.07162437255859984
0.968395311855,0.0692501325554062
0.969405729317,0.0686864081078721
0.970408320211,0.07197446196538657
0.971459841057,0.06881894830828128
0.972466231821,0.06930992111743912
0.973480145913,0.06926767124656869
0.974493567636,0.06918016105499564
0.975506322393,0.07021910079366551
0.976535397601,0.06823838407395598
0.977536169649,0.06855253281635293
0.978541812994,0.06881078107797552
0.979551383318,0.06878960157154046
0.980560598311,0.06854373863395943
0.981566098532,0.06843623379653016
0.982570045997,0.06858215890286064
0.98357614337,0.07081537615664686
0.984614546363,0.0691123850300584
0.98562754101,0.06837789349588061
0.986629997975,0.06907357837479697
0.987643155025,0.06874343349968572
0.988652304287,0.06806340104821533
0.989652366868,0.06817346104310298
0.990654727852,0.06916850947771852
0.991672174896,0.07104855663906173
0.992717241646,0.06836419408955355
0.993722695359,0.06807240464195194
0.994723375049,0.06862156730654445
0.995731440615,0.0009693840371289988
0.995745678896,0.03686256855480325
0.996287223586,0.02574080224918671
0.996665424895,0.005581664833346487
0.996747434491,0.046521441676163344
0.997431117794,0.06803064644206612
0.998431206906,0.06853693027558228
0.999439208186,0.06823088766757292
1.000443163499,0.06830342304939284
1.001448528448,0.06878952427106386
1.002460906869,0.06861844675880568
1.003470127026,0.06841128288584064
1.00447607516,0.06971285079913132
1.005501566244,0.0682049935086222
1.00650514349,0.06850824997652825
1.007513409174,0.06825304224082317
1.008518292066,0.0688328683872834
1.00953150316,0.06999231969157763
1.010560888315,0.06876730592520504
1.011571799715,0.06868889977413224
1.012581852836,0.06813679504448146
1.013585046484,0.0678941780795516
1.014585813185,0.06898052476367601
1.015603383866,0.06846394765179857
1.01661427545,0.06861977312026328
1.017629178392,0.06778623052003196
1.018633797548,0.06841942784371018
1.019649048275,0.06802950577879174
1.020659091845,0.0678187200596393
1.021666506292,0.06783374699303509
1.022674284191,0.06746162537599933
1.023676280015,0.06836021203082028
1.024691581877,0.06764751501402985
1.025697071639,0.0677904244671009
1.026705533986,0.06770026231893565
1.027713452348,0.06748586212939807
1.028719542631,0.06803669450910964
1.029734417561,0.06824018926783977
1.030751887075,0.0672293332923473
1.031754162506,0.06792448618194666
1.032766908328,0.06740809546007366
1.03377242403,0.06733252935322702
1.034777415549,0.06788756338838743
1.035791376829,0.06725179089872889
1.036796704445,0.06703233092785614
1.037798941857,0.06788303066007657
1.038813691332,0.06751236796917984
1.039823227863,0.06746211112085884
1.04083308962,0.06751381889509692
1.041845346995,0.06677498466584535
1.042848498537,0.06716714068390339
1.043859374946,0.0665034667654218
1.044861739738,0.06697332947665552
1.045872338794,0.06666450237914397
1.046879077501,0.0665074162372041
1.047884096746,0.06682998612186658
1.048894270364,0.06636896408238074
1.049897224503,0.06638605530991043
1.050899949085,0.06649556387786298
1.051903910066,0.06670441226665308
1.052910280218,0.06685519283843606
1.05391755446,0.06670586322734617
1.05492126224,0.06658062003909516
1.05592275827,0.06697650281883236
1.056930564997,0.06778309253378663
1.057951210386,0.0663702963412588
1.058952812258,0.06708438612492253
1.059968338587,0.06604473867380554
1.060969961147,0.06758356187458861
1.061995296969,0.06620777142402365
1.062999447213,0.010653509694614224
1.063160991849,0.06693799067072334
1.064176245522,0.06596011096311288
1.065176546821,0.0660045039393006
1.066176921736,0.06662446194984671
1.067186520533,0.06692557682599358
1.068200975072,0.06703310477948117
1.069217597573,0.06726168102851678
1.070238265551,0.06643540679624142
1.071246934485,0.06643124424741488
1.072255699496,0.067463967149648
1.073280058743,0.0668180899037546
1.074294340587,0.06657866262108784
1.075304155616,0.06859868036592484
1.076344744726,0.06603037869639475
1.077348455863,0.06605333980193304
1.078354658425,0.06661862202495548
1.079370639449,0.06858276160745155
1.080416973589,0.06654520401819115
1.081432864196,0.06660677295664517
1.082450902775,0.06662875044270058
1.083469604371,0.06614274946144037
1.084480750608,0.06744782571884206
1.08551282604,0.06586703935524785
1.086522164757,0.0669958171071902
1.08754937054,0.0657114919755619
1.08855699444,0.065192862036286
1.089557261273,0.0652032958066908
1.090558132394,0.06619333544663565
1.091574167155,0.06787661243201885
1.092615962822,0.06580484693194935
1.093626417232,0.06525235474236082
1.094629697943,0.06561394057655165
1.095640183163,0.06536862048876305
1.096648459869,0.06562571902188466
1.097661472121,0.06522782665766692
1.098668340228,0.0648676831306786
1.099669401269,0.06484690297349216
1.100670049744,0.06522928124362778
1.101676789993,0.06479722869376905
1.102677049582,0.0654361446599935
1.103687488904,0.06503325724856156
1.104692279568,0.06500591561542442
1.105697068065,0.06470204415717423
1.106697227351,0.06589250711151891
1.107715915208,0.06514505238932995
1.108723631454,0.06536502552244029
1.109735212006,0.06475250977633168
1.11073734172,0.06502724622965261
1.111744187028,0.06519829764251013
1.112754445711,0.06526918501751286
1.113766139283,0.06567755969640078
1.114784683997,0.06538831007085912
1.115799803759,0.06451617274537153
1.116802246716,0.06463292415205933
1.117806689693,0.06509997061790675
1.118818197024,0.06514116879778252
1.119830062505,0.06495532421433245
1.120838406257,0.06478576994711976
1.121843056023,0.0648793693742242
1.122848725807,0.06480822967117307
1.123853996743,0.0644903941491698
1.124854673951,0.06458504593385325
1.125856224178,0.06529115899086378
1.126868712048,0.051501363540410454
1.12766822323,0.06473164894373004
1.128674935055,0.06437067041336625
1.12967768022,0.06418880446045626
1.130678221073,0.06649832151687955
1.131714542023,0.06520558206282945
1.132730485141,0.06444495778292589
1.133734899503,0.06532433907216895
1.134753834828,0.06438657939899504
1.135758773243,0.0642360164507649
1.136761950971,0.06529317312114995
1.137781808439,0.06435409189923354
1.138787102308,0.06458766245559096
1.139796789014,0.06445719706656158
1.140804670713,0.06508637321564088
1.141822142252,0.06553934831333103
1.142847206837,0.06430713800943665
1.143853855504,0.06419278240709361
1.144858885653,0.06497884193587829
1.145876969801,0.06382475440882238
1.146879097052,0.033581294675896295
1.147407278769,0.06403652749872117
1.148415671515,0.06378893056239242
1.149421072537,0.06398731882064368
1.150430251751,0.06354625429097292
1.15143316481,0.06380722402318997
1.152440514065,0.0635164032091889
1.153443218733,0.06396437373363553
1.15445283324,0.0636709820617256
1.155457447105,0.06355199397126136
1.156460377633,0.06412759345092567
1.157473626794,0.06395251977869239
1.158485286848,0.06338614047819079
1.159487640326,0.06353709497581671
1.160491351609,0.06489056663260849
1.161516464292,0.06373066759898098
1.162524002759,0.06392559803244162
1.163535154991,0.06331674714406813
1.16453750572,0.06353425078518164
1.16554496287,0.06338354346214867
1.166551748383,0.06344751945892722
1.167560552652,0.06302504820192607
1.168562995254,0.06325581912191366
1.169569010986,0.06429008065184183
1.170590659811,0.06296663559224216
1.171590791274,0.0646770092526493
1.172618226533,0.0639378809162763
1.173634255934,0.06395121186491633
1.174650985617,0.06286662781135278
1.175651125678,0.0629647739435123
1.176653953465,0.06308501333643078
1.17765950853,0.06338173030413001
1.178670262461,0.06313507933733274
1.179678148114,0.06303253509482805
1.180685655735,0.06329209321616407
1.181698423574,0.06271774663860348
1.182703013807,0.06281810017262053
1.183710015426,0.06245229273143928
1.184711444158,0.06247515037300352
1.185713295846,0.06250043655508417
1.186716041,0.06256361781732922
1.187720245481,0.06262195844861006
1.18872553621,0.062379025363963336
1.189727139296,0.06307679160867521
1.190740003395,0.06298479939192606
1.19175147432,0.06253348720553945
1.192756266876,0.06294420252865025
1.193768861515,0.05214467274462395
1.194608520994,0.06284011225334796
1.19562103544,0.06206040912527666
1.19662107694,0.06257802597248842
1.197628538485,0.06245346006424415
1.198632980405,0.06248206740683755
1.199637973326,0.06372931505332649
1.200663574334,0.06263330735669259
1.201672332971,0.06357425769422534
1.202697546973,0.062239293632996386
1.203701778626,0.062226890290138545
1.204705357795,0.062315090514694
1.205710193745,0.06277982840515618
1.20672340779,0.0626055346163926
1.20773450448,0.06270402451113696
1.208747344464,0.06284963618298044
1.20976331059,0.06267536193460256
1.210777623551,0.06178660282354979
1.211777994438,0.061904620559449126
1.212780351357,0.0623028982092387
1.213790036787,0.062151926014812585
1.214798594954,0.06173345202229833
1.215801612325,0.06275900783787748
1.216822226642,0.06264628096907007
1.217840990808,0.061976274087091714
1.218848676792,0.06163110232958008
1.219850822931,0.062181292541866995
1.220861886846,0.06179617974974322
1.221866793603,0.062344048296671374
1.222881142301,0.06181011025572458
1.223887052707,0.0625326351610015
1.224904611224,0.061966142109085555
1.225913122289,0.06251754974039207
1.226930512971,0.06162092620353795
1.2279330115,0.06163022549995297
1.228935990844,0.061768242499260766
1.229942309833,0.06277459628737452
1.230965564427,0.06174462239263789
1.231971955996,0.06242491034371586
1.232989335602,0.061851880208303546
1.233997565701,0.06160730526063166
1.235002857904,0.061319814880676886
1.236004229184,0.06141603480316585
1.23700719068,0.06132845158614286
1.238008515572,0.06221076975670581
1.23902362271,0.06166160232569545
1.240028486662,0.06186079383714425
1.2410364252,0.061584153665022956
1.242040566479,0.06147419520606878
1.243043814422,0.061641809328374784
1.244050871518,0.06240958774976465
1.245071963542,0.06124264968035813
1.246075851913,0.061746626962137834
1.247089907536,0.06123943934400876
1.24809691033,0.061187669264983764
1.24910385553,0.06149868062251151
1.250116586397,0.06075800925607813
1.251117695942,0.06102618377258648
1.252123744017,0.06093972191950202
1.253128913064,0.06074536127632328
1.254131302051,0.06072061393263397
1.255133836891,0.06079737138357612
1.256138404539,0.06066713654150685
1.257141501523,0.060775055877736135
1.258146418766,0.06065630310207183
1.259149061082,0.0605374513216707
1.260150152582,0.06200918059741189
1.261176837719,0.06129041240159078
1.262193252814,0.042060369049581596
1.262891732561,0.060304696613543325
1.26389436834,0.06050582998945482
1.264901313773,0.06026523002416704
1.265904873245,0.06049634747481981
1.266912332522,0.06109781235554637
1.267929793391,0.06010313348578366
1.268931136326,0.060340664939680634
1.269936888551,0.0605009813045467
1.270945747517,0.06056050943719567
1.271956183447,0.06031112289686544
1.272962751117,0.06026189826104393
1.273968264466,0.06132008160080553
1.27499129464,0.06015395800865229
1.275994954789,0.06044419919950437
1.277003648032,0.05994700872600803
1.278004380911,0.06019978046544841
1.279009624166,0.060268189662231575
1.280015877384,0.06032623299214224
1.28102253065,0.060853522930671373
1.28203768929,0.061081292828032714
1.283056716599,0.060909607063024444
1.284073225653,0.06043071680289145
1.285082430344,0.05995914672827541
1.286084317649,0.06041279884667428
1.287093720802,0.060587887335927404
1.28810579235,0.06085806192153515
1.289122415127,0.060226145703147965
1.290128502263,0.06046542483523975
1.291138970232,0.05997584467191838
1.29214220596,0.060870043200224794
1.29316187516,0.060179636198534885
1.294171304834,0.060212758027925195
1.295181875725,0.06091372059357527
1.29620485704,0.059641389226281184
1.297207265566,0.05988474775253758
1.298214338671,0.06038118166439368
1.299230582962,0.06000046477378027
1.300240452175,0.06148177697317912
1.301274757874,0.05992272014563527
1.302282261109,0.05988423561890943
1.303288513383,0.06060665283680303
1.304307409952,0.06032463110027986
1.305322469744,0.05954098484987205
1.306324593235,0.05970461950236799
1.307329754076,0.05958015491189086
1.308333251185,0.05952793064232223
1.309337043113,0.05976330616397855
1.310345904378,0.05936561272954647
1.311348339047,0.06056956301889037
1.312371794273,0.060500810469150006
1.313395124967,0.059330373930608936
1.314399910799,0.05965665741972798
1.315411466619,0.059068294121901135
1.316414032632,0.059471796816558196
1.317424327685,0.05886345938994803
1.318424582475,0.059141656635507106
1.319430497382,0.05907553692390169
1.320436632011,0.058966942414645236
1.321442349871,0.05903344934916206
1.322450824064,0.059072934654059626
1.323461158693,0.05904960988685569
1.324472429946,0.05923238529133339
1.325488024609,0.059432745623521535
1.326507053231,0.05842490154805094
1.327508365914,0.059073372452898384
1.328520576973,0.05946521007134572
1.329539904402,0.059093060252525566
1.330553830887,0.05874523784835327
1.331562505003,0.05863684005281332
1.332570281142,0.05835809010956699
1.333574758044,0.0420244155475553
1.334298822021,0.05930076736810421
1.335320994387,0.05844286454320107
1.336328581071,0.05912466685204476
1.337347870114,0.020485903741953006
1.337701015918,0.027549871887587257
1.338176053019,0.013476795577367938
1.338408444183,0.018504010454917008
1.338727523691,0.039164971881237624
1.339402722022,0.05606466385925849
1.340369084022,0.054542797240188144
1.341309260932,0.058151000924244585
1.342311697007,0.05801069246325646
1.343311814483,0.05886597813394827
1.344327164264,0.05883025081398901
1.34534228743,0.05841219600225141
1.346350499292,0.05835665363579116
1.347357793757,0.05497605815064675
1.348306304025,0.05476563873161474
1.349250997977,0.058841443973238226
1.350266251973,0.05902851306224975
1.351284669833,0.058411472422267144
1.352292062414,0.05872052703160809
1.353304421541,0.05934386268973746
1.354327300975,0.058156309262838664
1.355329869329,0.058196963284725484
1.356333739762,0.05915571075868308
1.357355147016,0.0584009477295661
1.358364569849,0.05841649204652769
1.359374978256,0.05787081181024043
1.36037642457,0.05807331991693985
1.361381892797,0.05029682384513119
1.362253412763,0.05639263363219315
1.363231796009,0.05783886385488623
1.364236876496,0.05765937990060151
1.365240273099,0.057774946885103026
1.366246635181,0.05738836916962678
1.367246674432,0.05773612413611989
1.368252786114,0.0579038323295712
1.369261804465,0.0560557300219381
1.370238842312,0.0563789666984804
1.371221925325,0.05765110999276112
1.372227231069,0.05741167465546132
1.373228330789,0.057467235384500985
1.374230507554,0.05791729038883974
1.37524081533,0.0573033693583348
1.376241138028,0.0573054570536184
1.377242262262,0.05796318677610495
1.3782552905,0.05725632850183381
1.379256372715,0.038164707785009626
1.379924185121,0.05805197410734181
1.380941213268,0.05703809605865865
1.381941685751,0.05717322591677473
1.38294556734,0.05796298221009702
1.383964825761,0.056243729040727865
1.384955030378,0.05754765100211294
1.385968824144,0.05674486714779005
1.38696924489,0.0569488645210118
1.387974234243,0.0583746365491401
1.389004907461,0.05732379893612943
1.3900173213,0.057031471039093055
1.391024790753,0.054219002011499894
1.391983020941,0.05717283302032483
1.392994257714,0.05668356092453474
1.393997359923,0.0565105122568287
1.394997963707,0.05366547648815683
1.395948233187,0.05720605565546581
1.396961029654,0.0566315196639422
1.397963353185,0.052859305046254655
1.398898415339,0.056849250397514546
1.399903760198,0.0567878355734522
1.400907843347,0.05763407454230962
1.401927618649,0.056745839562543254
1.402932844399,0.0565507903880554
1.403935404654,0.05664643854520786
1.404940456788,0.05693740342933079
1.405951812594,0.05636507007008723
1.406953852287,0.05658187801128425
1.407960514725,0.0562764200448445
1.408962237446,0.05669847988903206
1.409971209955,0.056428019025568585
1.410974948458,0.056727770100427184
1.41198383337,0.05641223248021976
1.412986655911,0.0565982098965706
1.413992144863,0.05646571322608004
1.414995728365,0.054894012258088785
1.415971946863,0.05748764156549464
1.416994043275,0.048406132047295304
1.417854565022,0.0513097513600492
1.418766675779,0.05657631239806098
1.419772266856,0.05636030600587904
1.420774409829,0.05636383569592587
1.421777228919,0.056530707850625736
1.422782951666,0.052973692165096904
1.423725348033,0.05654478113564943
1.424731467144,0.05360186262599532
1.425685514009,0.03695744439443867
1.426343572154,0.04839966914640412
1.427205762355,0.054576938503876446
1.42817834404,0.05637790314346328
1.429183400987,0.056312539719747735
1.43018786422,0.05672459028481122
1.431199926373,0.056385390974223674
1.432205963327,0.05654174070228769
1.433215764708,0.056417528587527986
1.434224188051,0.05651729015402524
1.435234646709,0.05711630810558417
1.436255177465,0.05664717151530429
1.437266800792,0.056238172099101646
1.438271127443,0.05631397785341575
1.43927685923,0.056093684712502624
1.440279005992,0.05602690368705111
1.441280219784,0.056376647181231795
1.442288824836,0.056043026946572566
1.443292626184,0.05611784743476575
1.444298021654,0.05364332439662102
1.445259982094,0.05595579347076725
1.446264979867,0.05612525870463292
1.447274590962,0.05589380103406773
1.448280951714,0.05566186032648821
1.449283903876,0.05554445034729519
1.4502858513,0.055916256684888706
1.45129533143,0.055346007324243975
1.452295683662,0.056041621863056085
1.453310675329,0.055139933852051334
1.454311421554,0.05566009773033598
1.45532344016,0.0549917370589048
1.456324462294,0.055243868577264134
1.457330413128,0.05595579051120384
1.458349189433,0.0551572612068259
1.459353359045,0.053184642067278846
1.460322209338,0.055632990716804914
1.46133672772,0.05618567756751314
1.462362465533,0.055067104570442726
1.463369408182,0.05465469562298935
1.464370502497,0.054951223762341975
1.465378047066,0.0545894675543673
1.466379132108,0.05467563784026378
1.46738167046,0.05497524554820577
1.46838983257,0.05494063922977729
1.469397986992,0.046099576133528504
1.470244525527,0.05367474290763582
1.471230100414,0.05458950628018951
1.472232079512,0.054574711599029595
1.473234524899,0.054418438609511566
1.474235534747,0.012415815199532049
1.474464240401,0.05491988101634737
1.475476662297,0.054257530756668074
1.476478624572,0.05429656883456008
1.477482361096,0.054552613546555426
1.478491053985,0.054677401386330135
1.479502205401,0.05430638526118387
1.480506803502,0.05462455294581338
1.481517576657,0.05424223597262315
1.482521387918,0.05411674437075519
1.483522614083,0.0541640331118834
1.484524518904,0.05425493455178025
1.485528710817,0.05448525921464191
1.486538282637,0.053915739574755046
1.487538575524,0.054027642038693785
1.488542334521,0.053844174583885095
1.489543225989,0.053985430829438984
1.490546226978,0.05415431669831543
1.491552007922,0.05318322951553356
1.492540325458,0.05467633419142858
1.493557354041,0.05433120593539991
1.494568444389,0.053765824602186804
1.495569046727,0.05396233846004371
1.496573658961,0.05450612681118797
1.497589397123,0.0537823784715444
1.498592479982,0.04774506500052788
1.499483387696,0.053601706282103444
1.50048387618,0.0538195387938818
1.501488454311,0.05361275838999507
1.502488955184,0.05401395466203483
1.503496348064,0.054241455502281107
1.504506916492,0.0546784619792608
1.505525007776,0.054235704162787834
1.506535838747,0.05388487882956963
1.507542429292,0.05388339901691485
1.508551261399,0.053590071963827104
1.509556270751,0.053635889015311994
1.510563731315,0.0535857503422895
1.511571563994,0.053383180157911936
1.512576234319,0.05342661060298013
1.513582227642,0.0535312711639011
1.514590239347,0.05316837140359077
1.515591684515,0.053225491715349474
1.516595065771,0.05390755301461077
1.517612186942,0.052964000928587135
1.518612529586,0.048547034052005875
1.519530561551,0.053196964987387046
1.520537759849,0.05288000148599552
1.521540001372,0.0372976344768311
1.522247286609,0.05327256698618018
1.523257798686,0.05276848216917837
1.524259026571,0.05276864542315432
1.525260446545,0.053021128014101554
1.526267109446,0.053065760694843554
1.527275142946,0.052717531749895644
1.52827633098,0.05310551047543913
1.529284771539,0.053296506111054825
1.530297811616,0.05276874455267909
1.531302992694,0.05260482165757656
1.532307729071,0.05259757920539449
1.533314579177,0.0522783398279012
1.534317201939,0.05280995355191941
1.535331380709,0.052903271646421016
1.53634784917,0.05244163356668182
1.537355675846,0.05205359820995004
1.538356730391,0.05224373881219699
1.539362386352,0.05200863233805245
1.540365180284,0.05187014993875374
1.541366896991,0.05270686764059767
1.542385075949,0.051976998111926936
1.543389852629,0.051995709969822154
1.544395771508,0.052089865214454044
1.54540402576,0.041034425259458676
1.546198841521,0.05179925340989415
1.547203141,0.051585062989512626
1.54820462379,0.05208759880239893
1.549216361927,0.05221349520484337
1.55023119064,0.05204895063879653
1.551244149387,0.051871660361333664
1.55225467634,0.05168814426937051
1.553262078097,0.051582408651708225
1.554267391561,0.051457836107696234
1.555271138849,0.051322867466117285
1.556273186187,0.05155264855345961
1.557279394801,0.051799114258400364
1.558290757619,0.051311045220502276
1.559293899074,0.05169288741817652
1.56030579398,0.05047299338488398
1.561294472489,0.05136220267941173
1.562300855331,0.05148182164669263
1.563310227481,0.051301323763344286
1.564316707157,0.04784373682714652
1.56525573715,0.038270455247602905
1.566006891509,0.05148274410719384
1.567017067239,0.05129534967167691
1.568023471854,0.05101292616869468
1.569024682972,0.05136397388732757
1.570033312845,0.05163246884257919
1.571048023234,0.05094792656139945
1.572050730198,0.051160489533753066
1.573058610456,0.050800422011864035
1.574059534851,0.05115982525167285
1.57506687082,0.05105673776082087
1.576071180253,0.05146697605273746
1.577083176651,0.051868393710444695
1.57810335423,0.05122655624344125
1.579111485827,0.0510975838389948
1.580117463754,0.05100959253492961
1.581122304021,0.05079025550039102
1.582124034923,0.05075181721201242
1.583125438699,0.05101158259406604
1.58413177553,0.05101499996016223
1.585138523066,0.05092315614440064
1.586144332694,0.0507889350175298
1.587148305437,0.050874433676300936
1.588154052767,0.05071761135098191
1.589156569341,0.05100187447428637
1.590164731619,0.05078577741686514
1.591168347321,0.050791146823857006
1.592171816795,0.051138768080390994
1.593182203507,0.05078671263789482
1.594185574496,0.05098459666214706
1.595192216555,0.050707919634128955
1.596192536896,0.05106181536898436
1.597199751524,0.05126657684772775
1.5982117464,0.050843246287722924
1.599216208411,0.05071591515326237
1.600218811475,0.0507434516836343
1.601222383058,0.051322189931370006
1.602238005443,0.051205120032266155
1.60325194278,0.051457888907137324
1.604270665104,0.05126081082424296
1.605284968353,0.05117993192797371
1.606297785238,0.051007773373812036
1.607307492863,0.05078453815192689
1.608312784647,0.050661579176190616
1.609316301538,0.05085481917173576
1.610325013052,0.05043658105406243
1.611326125618,0.05057276821946625
1.612329869885,0.05080046379172675
1.613338391245,0.05091369739580662
1.61434977336,0.05067756678128936
1.615356383268,0.05046430007668947
1.616358380002,0.045497812199840185
1.617261452428,0.05070572747978354
1.61826679427,0.050858041440872054
1.619274029631,0.05108194204926958
1.62028514407,0.050609754244841834
1.621286894713,0.05039051798941263
1.622284924087,0.05068018615045219
1.623289207126,0.0504795583022631
1.624290001087,0.05079536763057846
1.625298066591,0.05101330569835626
1.626310915632,0.050625036808883174
1.627315861044,0.05098071317621208
1.628327981238,0.05039013127435759
1.629328653649,0.050773376348051
1.630337217879,0.05051473376925539
1.63134089128,0.04831607639534356
1.632301247369,0.05060430006545404
1.633307279808,0.050819352575924286
1.634317589271,0.0502940991642114
1.635317595961,0.05051797388685662
1.636322889103,0.05047677606327752
1.637328478002,0.0508336897136004
1.63834208275,0.05025888397615302
1.63934477689,0.0503978367862424
1.64035018348,0.05063681242872729
1.641360358412,0.05045141232798399
1.64236753378,0.05042469420060613
1.643374762659,0.0502837521220581
1.644379608936,0.050332732397468063
1.645385952532,0.05037546588518916
1.646393525676,0.050330800942291004
1.647400658605,0.05002969115188117
1.648402164421,0.046902689848854484
1.649341559473,0.0502574493067801
1.650348752779,0.05008799949138869
1.651353029815,0.05021511519380591
1.652359815153,0.0504752168834803
1.653372411698,0.05014197427393466
1.654379932994,0.04984389064612663
1.65538306005,0.05058790734522203
1.656402031291,0.05015736606085089
1.657412781557,0.0501994665883863
1.658424619041,0.04979344038885407
1.659428288586,0.050021281285468545
1.660436406635,0.05037438454975904
1.661451505961,0.04967261307101523
1.662453155221,0.04983316835094864
1.663459034489,0.049621906833774924
1.664461563372,0.05032030570690867
1.665478877863,0.04959700784700931
1.666482213932,0.014901369601360666
1.666783772489,0.04952257425720721
1.667786268332,0.04998713213382898
1.668798354289,0.050118581695292805
1.6698134578,0.049504867185019154
1.670817220161,0.04940255429972431
1.671819947513,0.04968243524114667
1.672828629001,0.049494150574864434
1.673833356612,0.04973308921532584
1.674842815129,0.0502532158725152
1.675863727956,0.04928974955278582
1.676865955484,0.04943220419302818
1.677871329725,0.049333489068427196
1.678874549292,0.08872923977706731
1.680679938336,0.048981030012037116
1.681680761167,0.04908886439669391
1.682685961523,0.048848708109592374
1.683686546681,0.04945097339963205
1.684699535211,0.048864758801283596
1.685700731524,0.04885922930520578
1.686702259896,0.048820468505621016
1.687702987435,0.049028244324936784
1.688707469188,0.05006837688041493
1.689733015714,0.04888512487039017
1.690734509332,0.04922615518884938
1.691742688826,0.04947013043972252
1.692755312327,0.04933504979982181
1.693764788336,0.049025152357833376
1.694767383689,0.0494586810286234
1.695778511645,0.04933525890837674
1.696787222397,0.0489275408597247
1.69778798744,0.04911625909713729
1.698793327111,0.04912127813136504
1.699799738643,0.049500219917146704
1.700815028134,0.04893946968623821
1.701820087602,0.048673407016125055
1.702820941779,0.049536916774966196
1.703840428158,0.04902529052287301
1.704850097103,0.04884872072488579
1.705856892231,0.04870280037545844
1.706860945435,0.04899398804468589
1.707871002655,0.04892326292038284
1.708880291902,0.04880454099713547
1.709888256384,0.048632199669201
1.710893820531,0.04893491745761242
1.71190654546,0.04840867802648238
1.712908837112,0.04883196703476195
1.713920401873,0.04921962467248477
1.714940686668,0.048245360930476607
1.715941181434,0.04826835808101507
1.716942610198,0.04850697176077802
1.717949521893,0.04831704170837851
1.718952409559,0.04924848915069279
1.719974115782,0.048249454428836096
1.720974821094,0.04835413466556699
1.721978153262,0.04850450435151082
1.722986188783,0.04540428876950486
1.723930936196,0.04838971793065197
1.724938040726,0.049765063942554706
1.725973851815,0.04820079108736271
1.726977346778,0.04830454675478096
1.727983271132,0.048221933150212316
1.728987646362,0.048096705256562566
1.72998981323,0.048605091549099894
1.731003508093,0.04823227333478476
1.732010320935,0.04834155486348425
1.733019857345,0.04826153234798744
1.734027829311,0.04796075033373287
1.73502967065,0.04847811055115599
1.736042712352,0.04800659425579943
1.737046275586,0.04833439656238636
1.738057147859,0.0483105129756463
1.739068086169,0.048882297376062665
1.740091387155,0.048126388995958086
1.741099281138,0.04783218730991303
1.742101173565,0.04841592785341289
1.74311504476,0.048196718213826685
1.744124374063,0.048037303202973974
1.745130885391,0.04787780163631398
1.746134943992,0.048014354393256194
1.747142945399,0.047635882807839224
1.748143897034,0.04772746609407175
1.749147488961,0.047817723890681264
1.750153340311,0.048008469185203316
1.751163010717,0.04763946653269487
1.752164841571,0.04795200950133218
1.753173319955,0.047528261111918116
1.754173541086,0.047468703220354354
1.755173914151,0.04787222760143231
1.756184161985,0.04736380037624369
1.757184630298,0.0476383539798399
1.758191265948,0.04741832004909486
1.759193234012,0.047597840022801485
1.760199361749,0.04735298424025363
1.76120157752,0.04731509288310685
1.762204563878,0.04730723314502968
1.763208418756,0.047181224450857207
1.764209919623,0.047809972607359016
1.765224125396,0.047832841084505744
1.766238445549,0.04776800156997408
1.767252526755,0.04793431159752241
1.768271249535,0.04732418858143054
1.769277299482,0.047287025205612045
1.770282644658,0.04730233384952717
1.771288136961,0.04727269085776157
1.772292408216,0.047335651367456
1.773297776329,0.047982317185761895
1.774317411079,0.04810407552553738
1.775340082627,0.04702422861859284
1.77634028231,0.04728139231135768
1.777346947045,0.042484929625145613
1.778251834304,0.04738036468326317
1.779260650811,0.04733945002604254
1.78026816387,0.047056579649527426
1.781269509858,0.0473486799527522
1.782277185911,0.0469882915275647
1.783277461782,0.04706579877312108
1.784279685199,0.047751201561427585
1.78529680376,0.0474999986802823
1.786308676121,0.04699482405103282
1.787309850342,0.04734063919969229
1.788319182291,0.047047033250607925
1.789323757798,0.0470022292269613
1.790328564893,0.04692570371449085
1.791332162299,0.04784089123162985
1.792355743792,0.04678343986918785
1.793357622546,0.04805069277706157
1.794387699561,0.047078432871887003
1.795397774999,0.04694334147991315
1.796405507262,0.04720201320352493
1.797419187178,0.04740515097784538
1.798437445443,0.046593668685194205
1.799438217378,0.046571618682006106
1.800438648095,0.04703981486232817
1.801449350423,0.04707111276990383
1.802460871647,0.046871637341897615
1.803468328329,0.046725818799289214
1.804472783961,0.04668422716941274
1.805476753906,0.04672483011681344
1.806482894181,0.046438634058740186
1.807484757241,0.04677239165296881
1.808494788691,0.046331994956843835
1.809495124471,0.046989670523653035
1.810509267641,0.046462494794787604
1.811511899625,0.046993368846495555
1.812526592899,0.04656977415192896
1.813532736873,0.046874134973344694
1.814545868144,0.04666934049220624
1.815555480315,0.04667383583142155
1.816566487585,0.0465811656265094
1.817575818358,0.0468987115840437
1.818591980417,0.04716228085387408
1.819614351123,0.04616920537082669
1.820616044826,0.04652145312164457
1.821625957754,0.028927997307261085
1.822253878116,0.023921015493914663
1.822773115448,0.022682762957356533
1.823265475093,0.03450618720409601
1.824014828582,0.031667640394779796
1.824702892652,0.039756798826385206
1.825567314918,0.04624007239211416
1.826573134663,0.040576741357227844
1.827456654564,0.039308905127387946
1.828313440309,0.03731890990504602
1.829127422211,0.04098536573838875
1.830021824737,0.0456211915570469
1.831017797616,0.04039442695506908
1.831899838376,0.04578301709571556
1.832899317793,0.04254465998568611
1.833827669648,0.03656429409508652
1.83462505291,0.04595624074729591
1.835626920653,0.046083096276737616
1.836631478815,0.03867566681805312
1.837474504,0.04595570811465024
1.838476406497,0.045859094335207386
1.839476726312,0.042833587324108156
1.840411566398,0.04019194953978303
1.841289012699,0.038171268398934574
1.842122732146,0.041505012240129646
1.843029983438,0.045721385485612095
1.844030289486,0.04582122051497122
1.845033783848,0.04609120307278299
1.846044169054,0.045817357284028096
1.847048691098,0.044336440557299364
1.848020512392,0.04561322957847704
1.849020652886,0.0405782414994541
1.849910958288,0.043187684956702124
1.85085897044,0.03852044451592766
1.85170515083,0.04177649563286297
1.852623736668,0.04390585023735685
1.853589748083,0.03900928406899199
1.854448181443,0.04099249037462116
1.855349837088,0.04591066569242914
1.856358995735,0.044004623051272805
1.857326444749,0.040440934654215215
1.858216439136,0.043261198760450724
1.859169526952,0.046101818447877856
1.860186355164,0.04528026926703887
1.861186405154,0.004218228564548511
1.861279652931,0.045276734610258294
1.862280761583,0.045527941851611554
1.863287693575,0.045635238345632774
1.864297068141,0.04533695533494921
1.865299876487,0.04596147941042176
1.866315672798,0.0454469967901007
1.867319256721,0.04532895598809283
1.868320242701,0.04328138810360118
1.869276549411,0.04374303013316936
1.870243417741,0.04548135443628044
1.871248756929,0.04287513323511787
1.872196914818,0.0433274208426177
1.873155965718,0.045254138424199265
1.874158811687,0.04525424015439213
1.875162871688,0.04546032542952326
1.876172657031,0.04234650176879707
1.877114060887,0.04363697285742195
1.878084678246,0.045085322206727875
1.87908818409,0.04537038487815511
1.880099005843,0.04595098186056582
1.881123891883,0.04482997009287435
1.882125004923,0.04033533752030556
1.883026650171,0.0448482107181664
1.884029842202,0.039251814439075265
1.884908257964,0.044753253134652886
1.88591002709,0.04540879748119083
1.886926371593,0.04521658604862913
1.887938829435,0.04461805752270932
1.888938904745,0.04277466715723807
1.889898506761,0.044831652482619444
1.890904438372,0.04464195797710433
1.891905677054,0.0447467370561479
1.892909503674,0.04453849096743774
1.893909822091,0.04076662041529785
1.89482655904,0.04456545750383837
1.895829685877,0.039954209792757184
1.896729351245,0.038984606707851845
1.897607586192,0.044462905418182354
1.898609944021,0.044689833367486095
1.899618303965,0.044404797268554105
1.900620658298,0.029167594491296953
1.901279475872,0.04140659234116891
1.902215707967,0.044352593983971275
1.903220251207,0.0447267982322659
1.904234428735,0.04171890371149934
1.905180686368,0.038779417803487544
1.906060166619,0.04438523509984347
1.907066786597,0.03994088311901081
1.907972974337,0.0403742011147237
1.908889650897,0.04420687534360346
1.909894185614,0.038477159077722256
1.910768819948,0.04103442521749305
1.911701671484,0.044372819860935137
1.912710306432,0.04415044878423332
1.913713761768,0.04412698580024861
1.914716462719,0.04401856862020442
1.915716873812,0.041000949215472406
1.916649674869,0.04421343876527141
1.917656304987,0.038091627900009806
1.918523390531,0.037057167722739155
1.919366935676,0.043556632107481105
1.92035948002,0.04312636744176342
1.921343925944,0.044023274352745924
1.92235009858,0.04433297586940248
1.923363985486,0.04356687436847571
1.9243609077,0.044068876760152864
1.925369858871,0.04399561242508668
1.926377506337,0.04113606661558685
1.927319985468,0.03871663625421944
1.928207758289,0.04364968654885175
1.929209262342,0.04392558266305307
1.93021726904,0.044034904930525524
1.931228200867,0.04384525712751807
1.932235713891,0.043935533631089006
1.933246272771,0.043760480350787515
1.934253451849,0.04363609925309537
1.935258332259,0.043603479534977195
1.936263028285,0.03992519703762136
1.937183455435,0.04343262608006746
1.938185482075,0.0367009793957641
1.939032643872,0.04150698191889112
1.939990388404,0.04286973713214907
1.940978490519,0.03996822847558001
1.941899449642,0.0397783253241968
1.942816470137,0.04251441564234877
1.943797061143,0.04348975104608163
1.944800844909,0.037393654670559204
1.945664652591,0.008135986814513997
1.945852713544,0.043725855593985355
1.94686359859,0.039994359363598984
1.947788469196,0.04363769836757645
1.948798344586,0.04193022375324569
1.949769990058,0.03927994340393631
1.950680892474,0.039186879661627885
1.951589669461,0.04250719544131286
1.952576092598,0.039709062344987105
1.953497957669,0.04329013820979131
1.954502727108,0.0433395316079196
1.955508291015,0.043609438195841455
1.956519651402,0.04341572923417542
1.957526840369,0.04314968627613845
1.95852903905,0.04322278583436816
1.959533535417,0.04347903286304567
1.960543690347,0.04320593215174371
1.961547135861,0.04167302862748293
1.962515544913,0.043008028592414496
1.963516175391,0.03897032317299347
1.964423600428,0.04015074970942916
1.965359076344,0.04298158983047711
1.966361348458,0.041743258986595484
1.967335305427,0.03824318891348874
1.968227457816,0.042881205309253136
1.969227514342,0.04292294849639716
1.970228777506,0.04241270765063001
1.971218211509,0.04229279415046188
1.972204059507,0.041973505711875005
1.973181968405,0.040722750881085144
1.974130951706,0.04069495230869911
1.975080164866,0.03922491256633625
1.975996185512,0.04203603413277925
1.976978025579,0.04318143462522275
1.977986091183,0.04291618839673766
1.978988092037,0.04312816038988971
1.979996040636,0.04320170957566471
1.9810068371,0.04281184011819622
1.982009102674,0.043045181456698466
1.983017026246,0.04011128407110029
1.983956365254,0.04304673122041403
1.984964627207,0.040044550282275326
1.985903162231,0.041789543998725316
1.986883786464,0.04279868198001613
1.987889574017,0.04253064405788811
1.988890117478,0.03701629430149541
1.989761476829,0.03678572252585836
1.990628071876,0.03319028873379303
1.991410718765,0.03940075808291695
1.992340890565,0.004035084066700316
1.992436190949,0.042517144825766955
1.993440292687,0.042788644494209965
1.994450459031,0.042610671570994026
1.995456141084,0.03152171945167969
1.996199850947,0.042423797037555756
1.997200771677,0.03980004453936153
1.998140855347,0.0383777941038816
1.999048317863,0.04277831625259695
2.000060825925,0.03980485681271567
2.001003724036,0.041342796688559794
2.001983833354,0.04091487551647391
2.002954892231,0.04040983167088984
2.003914576534,0.04226714330289947
2.004918385253,0.04227304962929163
2.005922181097,0.036012483705296326
2.00677711884,0.03966085881859534
2.007718571607,0.040308935252897915
2.008676045796,0.041573413803775175
2.009665278717,0.03795081882981772
2.010569862881,0.040472565861509956
2.011535310819,0.03701725978080372
2.012418361229,0.034738925273827395
2.01324707081,0.04023536355892832
2.014207510348,0.03547691120056105
2.015054803154,0.04212182136528797
2.016061148733,0.04143308793511779
2.017051557511,0.04184478732426158
2.0180521977,0.03984418614984579
2.019005215261,0.042019262331280297
2.020010448594,0.03348585347688084
2.020811980827,0.04072729490280961
2.021787583258,0.04208826305240324
2.022796173369,0.041923541554579516
2.023801020606,0.041850432541429144
2.024805058798,0.0417994478486271
2.025808785341,0.04216783796658207
2.026821883677,0.041635234772104145
2.027823088009,0.041744386085267
2.02882835901,0.0333862986333309
2.029633129199,0.036717026165112646
2.030518259462,0.04155651818620466
2.031519497851,0.03619676075195034
2.032391740601,0.039603902884638456
2.033347159405,0.04155532820913774
2.034351032539,0.04178259971875301
2.035362580991,0.0413077072687375
2.0363649122,0.009523723078702787
2.036596200793,0.04130058114647429
2.037599405374,0.03966515834912497
2.038563445263,0.041582573246967035
2.039574994213,0.04116138327612437
2.04057717428,0.04156601952689937
2.041589945291,0.03806086377708577
2.042517517384,0.04121734907637877
2.043521842995,0.039307921819940216
2.04447964783,0.04160295073662424
2.045493127026,0.0413159980169204
2.04649891785,0.041198426161081506
2.04750144623,0.04117693527726496
2.048503668972,0.03369535744940753
2.049324493097,0.03836964677930988
2.050260551066,0.039659532882753944
2.051229956018,0.0381803327213493
2.052164667244,0.04093045357726877
2.05316793336,0.0412569622125002
2.054180705136,0.03870970917266087
2.055132119417,0.03870492431147774
2.056083634408,0.04130001720951578
2.057098345748,0.04097692998528267
2.058104440859,0.04099450369889175
2.059110879134,0.04003844303694522
2.060094407579,0.04080920950581326
2.061097539558,0.040682186894701454
2.062098361729,0.04110240291285493
2.063110877496,0.04139384333220088
2.064131577967,0.04100052946846812
2.065142701106,0.04085953404481152
2.066150202879,0.03886633947120402
2.067108417378,0.03974797956399738
2.068088268778,0.03719223285767508
2.069005163355,0.03725751061259162
2.069923891266,0.04014710278626184
2.070914357794,0.040535723650018805
2.071914971693,0.04061737903397701
2.072918112784,0.04062775276722478
2.073922310311,0.017750650311966775
2.074361255848,0.03932738699354762
2.075333768573,0.04066890070899038
2.076339709545,0.04045552344370009
2.077340829573,0.03779201515826588
2.078276595106,0.04075661976943765
2.079286468705,0.04063848400558557
2.080293703864,0.03797556601568509
2.081234645275,0.04061807312742667
2.082240900495,0.040729877199629956
2.083250719753,0.04069694180252913
2.084260933537,0.0409114047384921
2.085277805172,0.04098602309078823
2.0862976457,0.04029728392052582
2.087301551058,0.040357346472730905
2.088307613576,0.04050900027299551
2.089317686385,0.04010262109920543
2.09031829479,0.040662616796428776
2.09133270838,0.04042550476844293
2.092340885307,0.04035872693533786
2.093348100865,0.04008429117704096
2.094349156069,0.04057028508729847
2.095362544214,0.04033209730230967
2.096370223318,0.04006146538321236
2.097371570276,0.04018207617800447
2.098376764581,0.02836601299252445
2.099087465186,0.035748696081816765
2.099984007491,0.04070419369838805
2.101005671045,0.03984932927081801
2.102006276073,0.034874783141075914
2.102882027647,0.04022583318227507
2.103892024777,0.03905027677637491
2.104872529685,0.035470707566985324
2.105763462855,0.03773951649361477
2.106711872048,0.04057454904427442
2.107732228053,0.03990003404371897
2.108736185733,0.040080821193679124
2.109745089831,0.03994931297246939
2.110752009786,0.039934088482848566
2.111760659621,0.04013220423258254
2.112775900981,0.03979471838223427
2.113783568215,0.039650128213812016
2.114788240639,0.03662386563198445
2.11571620639,0.03575876605476062
2.116621968871,0.039674358677823006
2.117627074611,0.03954733239112056
2.118629436722,0.039459775223788796
2.119629966007,0.02199070568585836
2.120187786084,0.03944318115334842
2.121188329136,0.0396205903787855
2.122193546089,0.03949474342821089
2.123196102545,0.03942194176952938
2.124197406402,0.03935004198593997
2.125197592404,0.03933316138557639
2.126198070528,0.03781280167072761
2.127160633017,0.03959613953369524
2.128169723177,0.03929712765238102
2.129172145708,0.03931054653276319
2.130175712793,0.03668719845183267
2.131113302717,0.039206150487386515
2.132116439847,0.039134293245305325
2.133119291007,0.0378010922194443
2.134089223971,0.039020396828194075
2.135090445781,0.03908217355221213
2.136092671749,0.03872821621750267
2.137085507987,0.037050230071353475
2.13803479555,0.03737169201492123
2.138991641634,0.038514376052282306
2.139977642003,0.039201958637174524
2.140981851504,0.03905305885818532
2.141982972319,0.03920478380849207
2.142988320847,0.03189441927194393
2.143806403994,0.039388752767162694
2.144817670923,0.03929810953069704
2.145827997942,0.03936425164319763
2.146840789246,0.03889953603181031
2.147841363697,0.03811922518508798
2.148821093141,0.03893650708542767
2.149821715579,0.03644844277800395
2.150759418898,0.039473178300923485
2.151776344366,0.039100391715516686
2.152784861814,0.03334659914837038
2.153645661015,0.03799698011474765
2.154626487806,0.03890651643258242
2.155630092205,0.03891181653741658
2.156633488863,0.039138940317618505
2.157643516756,0.03897023671889271
2.158649849588,0.03886348169321779
2.159654032899,0.0388494984404038
2.160658943506,0.0387752674757853
2.161663069845,0.03826315835504918
2.162655423356,0.03728911268925131
2.163624009568,0.03863123576513828
2.164627754321,0.03853998254127985
2.165629439032,0.03557537991372006
2.166555245906,0.007578241947273883
2.166752543287,0.03816785279758632
2.167746659832,0.03858148472174477
2.168751760608,0.03871313791904819
2.169760893553,0.03834393956684549
2.170761394087,0.038377695610676124
2.171763994348,0.038481164485067054
2.172769916182,0.03852143934776064
2.173776971474,0.03836708225242323
2.174780185526,0.03884911599917731
2.175796436269,0.03882451096288073
2.176812800192,0.03816624455728152
2.177813073608,0.03557214619993538
2.17874664474,0.03625746767664179
2.179699294164,0.03633308325478266
2.180654797389,0.03843029322083785
2.181666261532,0.038227324307401105
2.182672793903,0.03801925301080304
2.183673757971,0.038117879608283584
2.184677349848,0.038170071695561116
2.185682522257,0.03405917638878404
2.186579457281,0.02644311827198037
2.187275873056,0.0380201349413322
2.188277523958,0.03827936191744898
2.189286811689,0.03822704635498039
2.19029606039,0.03834671726019815
2.191310141575,0.038335175972451604
2.192325382068,0.03787508136244097
2.193329102912,0.03555512946836668
2.194271132232,0.03800956296574727
2.195278087334,0.037930230264373865
2.196283362215,0.03790043705160757
2.197288763182,0.03768242370973023
2.198290056026,0.033874484404260226
2.199191645509,0.03750842536962487
2.200190661456,0.03785600066408541
2.201199193785,0.03772965342735377
2.20220462129,0.03773069006855203
2.203210124385,0.03761756363983557
2.204212743455,0.0359096639571404
2.205170716948,0.037684278974021185
2.206177399907,0.03666375819946086
2.207157993626,0.03771995606852804
2.208167032905,0.037966435456541804
2.209182282009,0.03768493005306335
2.210190092019,0.037441551919159086
2.211191626771,0.036227018330784344
2.212161266251,0.03741122954219859
2.213163634765,0.012053615235945982
2.213486719765,0.037553378928912834
2.214493933823,0.03752224242673854
2.215501098781,0.03724530005627702
2.216501328758,0.03752994580616457
2.217509177273,0.037245084981065074
2.21851000904,0.03747041124190046
2.219518140771,0.037382145863534076
2.220523458302,0.03588349361429577
2.221488588688,0.037248062871104555
2.222491194834,0.037137084173627835
2.223491337426,0.03739589516246193
2.224498996635,0.03746113439961705
2.225508839683,0.037318463757233376
2.226515050261,0.03721169060843482
2.227519281369,0.03579316089794221
2.228486687306,0.03502327373102401
2.229434862641,0.0369844545729869
2.230437830853,0.036104588967096035
2.23141776055,0.03569314169072381
2.232386526886,0.037458187042991586
2.233403396766,0.03719127400671395
2.234413142362,0.036996792615877246
2.235417671898,0.037227958744509106
2.236428069389,0.036927549161166764
2.237429862559,0.03703720287261419
2.238434761901,0.036928978677872176
2.239436623491,0.03710766958098191
2.240443613779,0.0369209216942678
2.241446358845,0.037489417798024845
2.242465706131,0.03693230633763057
2.243471034395,0.03694556018348104
2.244477810564,0.03677239034249141
2.245480976492,0.03700640102127343
2.246491444297,0.03653548832429766
2.247490171482,0.03422603295901401
2.248426832467,0.03435145654235229
2.249367848871,0.03648325159539168
2.250368001129,0.0352570282658114
2.251335113742,0.0356919233622342
2.252315441598,0.03644981130728038
2.253318708002,0.03665591205084361
2.254329343891,0.03631459435081812
2.255331497286,0.03377577421447534
2.256264269571,0.03377423161434812
2.257197509203,0.03674988161128041
2.258213629275,0.036481415806861206
2.259223506589,0.02021989696221869
2.259783672759,0.03503887951499175
2.260754993573,0.03637797197736055
2.261764185173,0.03627255133788132
2.262771291334,0.03651693324982225
2.263785828575,0.0365336636764898
2.264801213597,0.03628185381489446
2.265810660088,0.03452785169948483
2.266772778602,0.036013270384386814
2.267777468,0.0361304329485968
2.268785750157,0.035947606103913586
2.269789274549,0.03595256023200784
2.270793373998,0.03615814363370562
2.271804267494,0.03581163042163918
2.272806943536,0.03602708560298408
2.273817030489,0.036004235079352645
2.27482724841,0.03589563513352535
2.275834859306,0.035847060906300826
2.276841154117,0.036115833950745656
2.277854706557,0.03586803321847586
2.278862070383,0.03588666397884439
2.279870852695,0.03584007060048639
2.280878727572,0.03559364520537332
2.281879674197,0.03615496036484828
2.282896363334,0.03587862153663076
2.283905556759,0.03561557802630937
2.284907957893,0.03589010200737406
2.285918881685,0.03562802713365291
2.286923114572,0.03551594705005672
2.287924475264,0.035654836587918085
2.288930205693,0.0358531646734975
2.28994149314,0.03513978121480835
2.290932820176,0.035565992917722104
2.291936827649,0.034651924936401096
2.29291526292,0.035752064993130515
2.293924460887,0.03573522211585846
2.294933170229,0.03550990063430794
2.295935988406,0.035508021008815824
2.296939160162,0.03549275428055801
2.297941862554,0.035440180005193604
2.298942967003,0.0356568172181887
2.299950946305,0.03550780413391845
2.300955984931,0.006150251478517214
2.301130157288,0.03511375755643757
2.302124757077,0.035851026660442105
2.303140497436,0.03531113838822668
2.304140783144,0.03555299522934033
2.305147935566,0.03572310789366758
2.306160373701,0.03534657569145978
2.307162570499,0.03551393535656411
2.308169542106,0.035623213705024394
2.309180021771,0.03546916806823835
2.310186970613,0.03524196880312497
2.311188245451,0.03520940293574249
2.312189114018,0.03557347973382078
2.313200725023,0.0356176725495367
2.314213902556,0.035415692797317544
2.315221651001,0.03558792025073544
2.316234907331,0.0337965416181285
2.317197831446,0.03533113843735784
2.318204856495,0.035268320007023145
2.319210033905,0.03309844014075501
2.320153406163,0.03509876237863322
2.321153990654,0.035243715233267504
2.322158712891,0.035115327773389035
2.323159955773,0.0353335325344706
2.324167815621,0.03558951679902119
2.325182999005,0.03525520845916902
2.326188717584,0.03527630605864289
2.327195803268,0.03515253903392222
2.32820054954,0.03496854561225118
2.329201015562,0.035230706602660256
2.330209760889,0.032431973035898114
2.331139238655,0.03492519617441511
2.332141351875,0.035618040629528565
2.333164172495,0.034956969761470384
2.334169103557,0.03316736757053352
2.335123857261,0.03484663151692123
2.336127817685,0.03515685956198818
2.337141305085,0.03492512355316173
2.338148171626,0.03127812180499217
2.339049611469,0.03468656979470089
2.340049831082,0.03462870448911593
2.341049953371,0.03478936741749638
2.342056008392,0.03467514332472195
2.343059832167,0.034742472828138006
2.344066637066,0.03485725245442415
2.345077394675,0.033375629470676044
2.346045581968,0.035556462800818825
2.347077336103,0.034873638471657864
2.348089777687,0.034568985024927425
2.349093859466,0.034823377056737735
2.350105550564,0.03450948808531578
2.351108314988,0.03481694491366626
2.352119926523,0.03468965859978299
2.353128033607,0.03472277057548415
2.354137938104,0.03447956946821526
2.355141127137,0.03456409146991334
2.356147118606,0.034509673737215876
2.357152204679,0.03404340753737118
2.358144589998,0.034503080434423725
2.359151518,0.03449423244963574
2.360158984851,0.03434466435416828
2.361162633991,0.03424479379585564
2.362164283841,0.03094223777788485
2.3630702068,0.03441756180886227
2.364078401725,0.03450650312355027
2.365090077508,0.03429420408821134
2.36609710975,0.034284288755418516
2.367105337105,0.034668510870218966
2.368125905281,0.03296241287762059
2.369096843969,0.03405767852826111
2.3701008229,0.03411970408640454
2.371107726586,0.03427355590734832
2.372120122287,0.03414878880567399
2.37312990592,0.034126259153720195
2.374139672916,0.03429069011016499
2.375154187199,0.033975513277301285
2.376159902808,0.03395636671415725
2.377166531516,0.030599065976730306
2.378075235333,0.033664545493845933
2.379076989545,0.03387554156437668
2.38008630592,0.03360498034545556
2.381088113541,0.03363912503189255
2.382091483048,0.033609940531893236
2.383094960286,0.033840768215248215
2.384106000704,0.03381356576319126
2.385116478477,0.03387093717996125
2.386128428561,0.03370259681245883
2.387134921403,0.03390079742029172
2.388147597757,0.03365738047386382
2.389153696602,0.03365215844975536
2.390160829189,0.03372131672545423
2.391171768213,0.03361017049599823
2.392180541454,0.03334947098313916
2.39318227468,0.03329880372957891
2.394183264054,0.024381511671324137
2.394916883334,0.033362802063865916
2.395921762868,0.033278595854348024
2.396925298597,0.03326332093401237
2.397929631545,0.03307795549541697
2.398930132395,0.03328069933473418
2.399938778492,0.03330645703684084
2.400950136979,0.033038386585809494
2.401954818833,0.03326438553976958
2.402966660043,0.03322212924164968
2.403976502392,0.03303358286942014
2.40497979381,0.033293466139699746
2.405990794023,0.0330487985814839
2.406994998238,0.033039447627661325
2.407999923052,0.03294028302390327
2.409002350329,0.03295572689427667
2.410005055066,0.033300298508957514
2.411018297417,0.032847926702694874
2.412018733128,0.033000342181589946
2.413025924202,0.033028741341657175
2.414036127952,0.03288118057052294
2.415042855815,0.03264340764007352
2.416042867398,0.03279965229200739
2.417048908391,0.03271033797497107
2.418053725078,0.03267359562865142
2.419058343758,0.03282671792973179
2.420068123143,0.03272797196292
2.42107502334,0.03158362349707833
2.422046911984,0.0329391951367914
2.423061059773,0.032811402142808685
2.424071836477,0.02311898619281288
2.424784390668,0.023307366101247184
2.425503516929,0.025287358398325695
2.426284498605,0.03262859106310068
2.427293039574,0.032762052402624746
2.428306424503,0.029133440365525398
2.429207828642,0.027818722284607342
2.430068900878,0.029148049613253353
2.430971970274,0.02953378633324856
2.431888184975,0.02707327437446641
2.432728862017,0.030847510745607418
2.433687143643,0.028560023162324314
2.434574269219,0.03025398792226677
2.435513924754,0.028400796414831408
2.436396766214,0.028350185774158407
2.437278886983,0.026922149643905102
2.438117409981,0.029165293664927098
2.439026577972,0.03194445931759415
2.440023074168,0.02847415465732298
2.440911810641,0.03232844454679913
2.441921511651,0.030433298283708707
2.442872693435,0.027077885959694143
2.443719636979,0.02724275719738573
2.444572243899,0.026327234945665284
2.445396354856,0.03195543609584257
2.446396757122,0.030876339981185406
2.447363556949,0.02734768696520652
2.448220020949,0.030972571427644185
2.449190382419,0.025832626566616043
2.450000226196,0.02803067698443843
2.450879462172,0.028140007582376454
2.451762417729,0.026401560812739904
2.4525912742,0.02455280117981358
2.453363078546,0.027646016321346917
2.454232941908,0.0251035798733707
2.455023664329,0.026064451146448717
2.455845141047,0.031363865400918074
2.456833700046,0.028384955637710596
2.457727839739,0.026855881758655685
2.458573549453,0.02538252147959989
2.459372993094,0.031118645831258385
2.460353671402,0.02695427455538838
2.461203441226,0.02654747449078891
2.462040439402,0.013771861232232112
2.46247451137,0.025969873542818992
2.463293260315,0.02661669321435586
2.464132969157,0.0296693758836504
2.465070266803,0.02687193018680036
2.465920167427,0.02732708190325339
2.466785250483,0.02743969590865338
2.467654608392,0.02611112052270736
2.468482384168,0.026068079117823557
2.469308870276,0.026361048547243603
2.470144817391,0.02819884035554038
2.471039730443,0.028415268735888066
2.471942918051,0.029265344630418848
2.472875018793,0.02640016544982132
2.473717401141,0.023049876989534472
2.474453872657,0.026823435769974587
2.475312063867,0.03114743480915287
2.476309701405,0.0253413610797255
2.477121730458,0.026155902757196054
2.477959909989,0.03130795049393239
2.478963011262,0.023804669564088273
2.479725335013,0.027263821155328865
2.480598073938,0.031361672742683554
2.481602144215,0.025655006271077183
2.482423779689,0.023312239268662577
2.483170608394,0.027318053443727133
2.484046078668,0.030015972786834804
2.485008322525,0.02445657724727886
2.485792336833,0.024419275579221765
2.48657496486,0.022987523866922915
2.487311396638,0.026575780250747028
2.488162699765,0.0288636380197664
2.489087850746,0.02703774295121204
2.489955657372,0.027909036105059706
2.490852586657,0.026888826223291442
2.491717422425,0.028094547925419024
2.492621727117,0.026096990029188857
2.49346253574,0.026172134457623838
2.494306221243,0.019730274453301257
2.494942335707,0.029295353701541783
2.495886288953,0.027817781767143866
2.496782426929,0.026233422146633864
2.497627846208,0.030687120887181778
2.498617413213,0.030144492416075908
2.499590150293,0.026008667751184985
2.500429650686,0.02448791090066767
2.501220045612,0.029256140757389366
2.502164389028,0.029120807469372366
2.503104743312,0.027040622933524768
2.503978499662,0.028275275991557762
2.504892766822,0.02714212980350699
2.505770455873,0.023281319789821803
2.506523707607,0.02354952307969766
2.507286302023,0.026284177472337057
2.508138498676,0.028199803258211947
2.509054165654,0.02619435950429309
2.509905682066,0.026039966643653992
2.510753324283,0.02571395631032953
2.511591293728,0.023589246266590546
2.512360618506,0.031023693758350738
2.513373215955,0.030650355075599805
2.514374456608,0.024577612806789547
2.515177805626,0.02685034074623545
2.516055906255,0.029148365305412788
2.517009506874,0.025769591227852735
2.517852688579,0.028313635971645962
2.51877935189,0.024878694163801878
2.519593611619,0.024227763487919524
2.520386669132,0.026172278318841547
2.521243704236,0.02416260618945586
2.522035437832,0.025160402809326656
2.522860669744,0.028811335608284513
2.523806457534,0.028511750613789605
2.524742807587,0.02456832484422042
2.525549954157,0.025258798239802115
2.526379948133,0.02274375245732872
2.527127437387,0.025705292225114168
2.527972616861,0.025373973552124337
2.528807668733,0.02447088637600034
2.529613153751,0.02673014284088104
2.530493186724,0.022700985512991018
2.531240730202,0.025871849451553755
2.532092924266,0.021967690267343853
2.532816840969,0.02331414672244473
2.533585289557,0.028424339719800212
2.534522113451,0.026754911788038363
2.535404021394,0.026415601821192382
2.536275160649,0.02646423296029829
2.537148764713,0.026434440213509783
2.538022682368,0.025776296156855144
2.538876132247,0.025522586918450624
2.539722110071,0.027321621519724684
2.540627767187,0.024621354446255708
2.541443851619,0.02438607057628855
2.54225229241,0.025571192443487833
2.543100406171,0.025733449540771516
2.543954274467,0.023464269066370322
2.544733565262,0.024592925409368794
2.545550752325,0.030254821842483123
2.546556224823,0.02896571037465331
2.547518399275,0.025677585413573886
2.548371057668,0.0260013592183125
2.549235148693,0.027131114735909772
2.550138224531,0.028822752608185946
2.551099307437,0.027555352243225497
2.552019286953,0.025890052921626616
2.552884343305,0.024536428978530603
2.553704877599,0.026838726463218922
2.554603137947,0.02438853574411538
2.555419592824,0.026355396066182122
2.556301906748,0.024966017118629124
2.557137572923,0.02595666958501502
2.558006196062,0.025828291046652477
2.558870499932,0.017878742497194757
2.559469379654,0.025849308659089663
2.560335981554,0.024059651247513143
2.561143243281,0.026806942348647243
2.562042922564,0.025587825740055282
2.562901495256,0.02572015573376534
2.56376451711,0.022277150126515113
2.564512347214,0.022782784524137675
2.565277571996,0.02494790831665948
2.56611603542,0.023145389333564886
2.566894305014,0.02402027347874438
2.567702024111,0.024666856574612477
2.568531573862,0.02246749213444212
2.569287338474,0.02642678913540399
2.570176513991,0.02711717752996753
2.571089332099,0.027798210778795216
2.572025647204,0.027974902923111743
2.572968374995,0.024349588630248685
2.573789442078,0.024557773570564462
2.574617866235,0.023566323535535613
2.575413002404,0.028403498465822234
2.576371535593,0.029601058165256905
2.577370785394,0.026080157359937056
2.578251584657,0.026694855809091013
2.579153631227,0.02587170961250329
2.58002820873,0.02691588430842106
2.580938192402,0.029751716210650807
2.581944732081,0.02900858583726915
2.582927026412,0.025717780849482046
2.583798174815,0.022907927430552623
2.584574016345,0.02649496683685734
2.585471561259,0.02400249318708635
2.586285232487,0.021710130172035144
2.587021871961,0.025285646103202733
2.587881276905,0.026803662608800363
2.588793774636,0.025676344393988533
2.58966824467,0.025636433090741324
2.590541597712,0.026143594105540062
2.591432500731,0.02484354941869747
2.592279340521,0.022543134677774704
2.59304790642,0.025022985550853666
2.593901056529,0.016892051837569654
2.594477192874,0.02936545422827119
2.595479166554,0.026316802972831226
2.596377598382,0.027282848262618908
2.597309551182,0.029420893357470078
2.598315308634,0.02744776114856598
2.599254106881,0.023393356930109827
2.600054514879,0.025051896024037765
2.600912153582,0.023600871628461927
2.601720954741,0.025297155248166635
2.602588501359,0.022533343015438148
2.603361723409,0.027604741342708343
2.604309628447,0.024452091055709696
2.605149827808,0.02397767016871521
2.605973922223,0.024910457319917947
2.606830310745,0.028518665963608907
2.607811166695,0.029490038557995774
2.608825648201,0.02835841261059131
2.609801748695,0.024027691969068465
2.610629464162,0.02441630007772421
2.61147139536,0.026107454839838524
2.612372460774,0.026807952013997268
2.613298309805,0.02644757454991841
2.614212005319,0.02573596381986598
2.615101247388,0.026990054395436707
2.616034334806,0.028524658407633872
2.617021369298,0.026803168544793747
2.617949271321,0.02528893683881475
2.618824730357,0.02223134268905541
2.619594381221,0.026076310538831648
2.62049717303,0.026485794764999147
2.621414737325,0.028102905845656532
2.622389245038,0.028171370125175586
2.623367028869,0.02508151349056446
2.624238273813,0.023707894669047786
2.625062412393,0.024861133537111932
2.625927291721,0.024053997303845612
2.626764630009,0.025386549666532674
2.627648570132,0.026366427514870037
2.628567399637,0.02709398917362534
2.629512530758,0.02117076827287026
2.63025172845,0.02557548261063024
2.631145143218,0.027063251825589208
2.632090576318,0.024797753541272578
2.63295705964,0.025599774490407318
2.633852332508,0.02340099538531243
2.634671663701,0.027495316456182934
2.635635422778,0.024054953392676076
2.636479261745,0.028125290455950077
2.637466596215,0.028636220326220034
2.638472638867,0.027689657926809042
2.639446272595,0.024116527502022474
2.640294715418,0.023517643537773827
2.641122088906,0.022963483130325216
2.641929944613,0.026781274535609426
2.642872076339,0.024353937046491417
2.643728797289,0.02393579540778
2.644571028,0.023793138550261116
2.645409082494,0.027194213817172474
2.646367556976,0.025666312442128292
2.647272472283,0.02507309898442359
2.648156709672,0.026266781449486624
2.649083534281,0.02682401379568803
2.65003070152,0.02761737126046033
2.651006611178,0.023756677724310313
2.651846683256,0.025839680680346738
2.652760957713,0.026606615866776262
2.653703239153,0.02535179947463577
2.654602162928,0.025778290452297042
2.655517062225,0.023420174393851984
2.656348444391,0.024624642762561634
2.657222429678,0.027433530021503533
2.658196346179,0.025450247241096503
2.659100512917,0.025701792409669157
2.660014308052,0.026047295439535788
2.660941104948,0.02827318236786301
2.661948241026,0.025315481077283243
2.662850983419,0.022567685720140826
2.663656390307,0.020000307626201006
2.664370842251,0.024327610741563144
2.665240474776,0.026389777504461878
2.666184536656,0.023976454397420004
2.667043026312,0.024599444727650865
2.667924782581,0.025762681995707467
2.668849360896,0.022724676319867333
2.669665579444,0.023355284813137478
2.670505219716,0.024242468615192393
2.671377014623,0.02505906294518612
2.672278504248,0.02577772879680278
2.673206630237,0.025464704867118475
2.674124250438,0.027767876637460304
2.675125101301,0.023478767429891585
2.675971276883,0.024484563748378443
2.676853845823,0.025815485791891555
2.677784962626,0.024178033445388512
2.678657416944,0.024319445065454744
2.679535279202,0.02465163923667222
2.680425414776,0.02442152889781391
2.681307741366,0.027302171615247464
2.682295376409,0.025117898845125365
2.683204959181,0.024361337459968987
2.684087526378,0.02762637665507977
2.685088978776,0.024100429176637923
2.685964112523,0.024214121553999098
2.686844937495,0.025446533075547728
2.687771994359,0.026527677879387316
2.688739578761,0.02723088445135836
2.689733806632,0.02655465020343055
2.690703999451,0.023713318475378678
2.691570680665,0.025248116124693024
2.692493863359,0.027388757124988047
2.693496112928,0.02737221016507001
2.69449899133,0.025188344494550576
2.695423220233,0.023614951233749473
2.696290932714,0.018058664330485277
2.696955217902,0.022734341102124554
2.697792166705,0.022809647274407166
2.698632294474,0.022691816228738667
2.699468404938,0.023775342228703877
2.700344841055,0.025471966293098277
2.701284458691,0.024739453798336836
2.702197763224,0.02537973887608155
2.703135306161,0.025670831807238427
2.704084003119,0.026161531734064457
2.705051387396,0.0229167189234572
2.705899810653,0.026785896885826912
2.706892828506,0.02278066632182062
2.707737314854,0.022539315570555482
2.708572372686,0.022522784615054064
2.70940710501,0.02361569289334414
2.710283202051,0.024978587044259305
2.711211187158,0.02691785686051262
2.712212558677,0.02522638912722187
2.713151757667,0.026635420831125942
2.714144362664,0.02693619161937614
2.715149717289,0.02465387191627511
2.716071324745,0.02475868983211064
2.71699823983,0.023565668921437466
2.717881635863,0.024843943781842164
2.71881348959,0.024205870973491233
2.719721312427,0.026830329878594968
2.72072700204,0.026831571218186866
2.721732797671,0.025407613726534852
2.72268590417,0.026986674580307343
2.723698759546,0.026043796892418192
2.7246769054,0.023283389482948866
2.725552251594,0.022664875528542513
2.726405847167,0.022826272917234706
2.727267290755,0.024306089040307507
2.728185811031,0.02472936220796937
2.729120952169,0.02329060336941499
2.730002031613,0.022946432964624727
2.730870124254,0.026587707854972553
2.731875922848,0.026639141409663843
2.732884186256,0.023511025193371837
2.733775012575,0.006020078140894406
2.734003287869,0.025023994137915808
2.734953017146,0.025321419853143064
2.735915184489,0.023211524347548525
2.736798075362,0.024311274472143863
2.73772360558,0.025607956752433717
2.738699316612,0.024424359211538266
2.739631121149,0.01874146773959323
2.740346738312,0.022647927136412734
2.741212130515,0.02438430471758627
2.742144203389,0.023148663313944905
2.743029240831,0.024776575975076768
2.743976783591,0.024475712578076986
2.744912808504,0.025670594388953107
2.745894881015,0.02617588880788121
2.746897266438,0.025457337156659637
2.747873233491,0.023108235893491928
2.748759897992,0.023440418243759534
2.749660286556,0.025659668626523108
2.750646878659,0.026165133718683484
2.751653503322,0.023687034505649646
2.752565705708,0.026021598475070764
2.753568995056,0.023762602052331497
2.754486007074,0.02511085449067758
2.755455576691,0.022767722673506505
2.756334829834,0.025943236739543143
2.757336500699,0.021986292531709455
2.758185293642,0.02257158129596066
2.759057086753,0.02351932203003029
2.759966276558,0.0225456091124847
2.760838344071,0.025005386332767797
2.761806110989,0.025861905761296655
2.762807577658,0.02546703251241463
2.763794029178,0.02530664182248295
2.764774581943,0.025595282644725506
2.765767080727,0.023875988428534507
2.766694009365,0.025013530900423964
2.767666161121,0.02407779140399965
2.768602903452,0.024948811990876268
2.769574174085,0.02476155514560688
2.770538275758,0.025741533848491538
2.771540670804,0.02516414542212753
2.772521190051,0.02321454633689657
2.773426424803,0.025717142732411262
2.774429940065,0.025973713769727357
2.775444290532,0.006852210671546126
2.775712004077,0.02479625282630346
2.776681698766,0.02058666767141821
2.777487550594,0.022719579395625557
2.778377439425,0.023823989134917043
2.779311149485,0.025416326050434056
2.780308038398,0.023029024197399918
2.781212400314,0.023287706067131757
2.782127996334,0.021440505103305335
2.78297218517,0.025337853876176125
2.783971314451,0.024796367711966458
2.784950675443,0.02481871740673853
2.785932746083,0.020293567161794635
2.786736912634,0.024440052134382138
2.787706266717,0.022760299143060676
2.788609428678,0.025291772362673316
2.789613538379,0.02521816927140177
2.790615423747,0.02554437861784685
2.791630501198,0.02535744573823975
2.792638318836,0.02521199984453711
2.793641341528,0.02037276461991278
2.794452833175,0.02018628236577187
2.795257558402,0.02231903413424378
2.796148056929,0.023323316187048613
2.797079741519,0.02226098757660171
2.797969613491,0.02443778083421667
2.798946131738,0.023228341143000996
2.799874209713,0.024024417655878826
2.800834613101,0.02156983385754351
2.801697552876,0.024523404194765827
2.802679482896,0.02508559079398854
2.803684970119,0.022540600727869266
2.804589516855,0.023435970427335414
2.805530758748,0.023031264844532873
2.806455704597,0.02489371252261099
2.807455949741,0.024982369728396077
2.808461371904,0.02178678412296877
2.809339372341,0.021515172872947946
2.810207058729,0.02131576574686542
2.811067204902,0.021562863872782796
2.811937775715,0.023244329434814463
2.812876801036,0.022454111751631332
2.813784342565,0.022823326583421625
2.814706871415,0.021116700878646734
2.815560319812,0.023816464821694007
2.816522736157,0.0008048588841202464
2.816555271297,0.02493327810230614
2.817563655747,0.02470241140843163
2.818563776418,0.024649523347712223
2.819562473156,0.024782104802698213
2.820567778408,0.020353872089254123
2.821394238045,0.02219057439912865
2.822296094733,0.022983925499489986
2.823231516407,0.02301165461629665
2.82416880411,0.024339516656974605
2.825160725452,0.022728908231864884
2.826088063019,0.021961768231682135
2.826984942601,0.01869325071122039
2.82774866159,0.020315962006018415
2.828578805597,0.024157865443191706
2.82956609519,0.022062841711898467
2.83046763657,0.022281095191305337
2.831378300686,0.02449236056487298
2.832379802,0.02286340297554013
2.833315395635,0.024552044812716015
2.834320951384,0.024420087846433295
2.835321265305,0.020889029589482216
2.836177448027,0.02312467049695465
2.837126927886,0.023473861351272374
2.838092195262,0.021867796942185484
2.838992725181,0.022894558052905495
2.839937168179,0.019681575269032223
2.84074999895,0.023206717291408514
2.841709005779,0.024247391747784286
2.842711011846,0.022626624635039522
2.843645676601,0.023410142757360343
2.844612749962,0.024415918050048748
2.845622451611,0.024325983365729845
2.846629427676,0.02404652687538374
2.847625526301,0.020998797582538545
2.848495801412,0.020523991680536875
2.849346837763,0.024185392411773678
2.850350242527,0.024282146455446574
2.851358417187,0.02372286441470959
2.852344976116,0.023756087995341485
2.853334306477,0.022560608506178113
2.854274070087,0.023069539990895126
2.85523526825,0.023023762536163124
2.85619466033,0.019398066197122074
2.857002679803,0.014247821216456099
2.857596143317,0.02390481158972092
2.858592148727,0.024035544820296323
2.859594318346,0.024188059631422447
2.860604056323,0.021233665788793262
2.86149126982,0.021972327754135938
2.862409122649,0.02322124804980818
2.863378389903,0.021856214048007416
2.86429011799,0.022735904950166065
2.865238948006,0.02305529755291322
2.866202069111,0.02395025486336357
2.867203081286,0.02412034685902311
2.868211946,0.023992118869062513
2.869216873867,0.023970898725329398
2.870223359356,0.02389213103409131
2.871228824682,0.02369466965811827
2.872227380594,0.02377408282441122
2.873230426538,0.023681199827976382
2.874231129915,0.02048289076267112
2.875097640825,0.02367972920365476
2.876099968158,0.02194079371795561
2.877028960821,0.023629088706040132
2.878029813584,0.023676246251596013
2.879032805315,0.020956836783237794
2.879920810098,0.023145538554525887
2.880902510844,0.02367095672332803
2.881907429348,0.02163605314522606
2.882826970637,0.0218832975573872
2.883758281848,0.022260008288609585
2.884707021139,0.021178772907373702
2.885610891312,0.022219024389011223
2.886560138864,0.022374528079014824
2.88751632335,0.02124311729871833
2.888424247871,0.021956939052196096
2.889362939181,0.023618422794122854
2.890372868279,0.023461740726043227
2.891376572277,0.021402619383163714
2.89229294803,0.023400256242891687
2.893295568496,0.023398593684046235
2.89429873003,0.022242447256172557
2.895252782589,0.023430453205700877
2.896258624,0.023607950678075373
2.897273028061,0.01110226965648274
2.897750327355,0.023315310688893077
2.898753126755,0.021712039374307185
2.899687684925,0.021650607158258547
2.900620583917,0.023493677604386313
2.901634080574,0.020212429998527254
2.902506706834,0.018716195504252593
2.903314913983,0.020859004169992108
2.904215842073,0.02290043389301226
2.905205529866,0.022847738053384383
2.906193696412,0.02031704119407991
2.907073139762,0.02319297803319765
2.908077784466,0.021624633868118824
2.909015043975,0.02111358047460013
2.909931075637,0.022673806804430163
2.910915905284,0.020541863490833402
2.911808780822,0.020019586540219333
2.912679124493,0.02224332288418782
2.913646196771,0.02117862212733603
2.914567075935,0.021121035919610762
2.915485672853,0.022274198766907928
2.916454926659,0.023095522098261424
2.91746062066,0.023157075305259185
2.918469467945,0.023002523208954625
2.919471550098,0.022930635044976277
2.920470384873,0.02309483465401566
2.921476879962,0.023046041828805507
2.922482463549,0.020828195959332028
2.923392556629,0.023004384936361935
2.924398599504,0.02287842777974053
2.925400161087,0.021303273920673722
2.92633382761,0.018674125854211653
2.927152713716,0.021820460528456483
2.92810968705,0.02151426094507386
2.929053427747,0.018328726205969165
2.929857849915,0.018651016286879922
2.930676987599,0.022895270332213134
2.931683388059,0.019665346792958525
2.932548787634,0.021916321371694948
2.933513912555,0.020957725800241113
2.934437337431,0.02207862405124275
2.935410555199,0.02196421494710475
2.936379175194,0.012076381461828219
2.93691190644,0.021515197552361785
2.937861435664,0.022935339994989007
2.938874078742,0.02198091507050054
2.939844680748,0.02152594695173244
2.940795423736,0.020953045266420903
2.941721506218,0.019520959636781982
2.942584940401,0.02144786652482856
2.943534668932,0.022895887122974367
2.944549619347,0.021008078574999946
2.94548131417,0.022595842699450468
2.946483482034,0.0213674668407881
2.94743123569,0.02229221558042453
2.948420204878,0.02270782468231652
2.949428142849,0.022742557231768528
2.950438568087,0.022615954489222073
2.951444168899,0.022584689203809422
2.952449000139,0.0227237350507745
2.953461004897,0.022444923960582345
2.954461812529,0.02247426036865364
2.955465147598,0.022036095491587707
2.956449962551,0.02075789466693906
2.957378314628,0.02098335672427112
2.958317185961,0.02278576934176246
2.95933725622,0.022371644673454774
2.960339516635,0.02227454730683814
2.961338330381,0.02235393237602703
2.962341551178,0.018927550026290613
2.963191605725,0.0201609403615721
2.96409811097,0.020115719883182538
2.965003142503,0.01900258676855986
2.96585834186,0.01993914724098009
2.966755979078,0.022445895258877874
2.967766932956,0.02227858292746541
2.968771008053,0.022354276664371273
2.969779076998,0.0222004681611815
2.970780799138,0.022285801944091875
2.971787237684,0.02120401147462283
2.972745656221,0.022008041090236997
2.973741365262,0.022168726990047804
2.974745305337,0.020629619714948463
2.975680239352,0.022146375233848138
2.976684763148,0.02136713367086875
2.977654910843,0.02207852094896144
2.978658339765,0.022049360050602547
2.979661299872,0.020714453234390057
2.980603964925,0.021773071444499387
2.981595235459,0.021999796984760202
2.982597425474,0.022039473207416636
2.983601900123,0.02198328836921375
2.984604476519,0.020726771610106703
2.985551018422,0.020050147693198087
2.986468232345,0.021897637550091213
2.987471210679,0.021990175401636447
2.988479071977,0.021944547576823605
2.989485523823,0.022035519510797578
2.990496835777,0.02126510852765611
2.991473545408,0.020968756814833095
2.992437601777,0.020107392672701535
2.99336307022,0.021268583530418966
2.994343344147,0.020717172425696925
2.995299175847,0.021266554875114252
2.996280981603,0.021880464943735814
2.997291980008,0.020676788506535503
2.998248047085,0.021687619137166065
2.999251281155,0.02162463396491856
3.000252014465,0.021751244111703306
3.001259392859,0.021717940924934884
3.002266604681,0.021719205792183272
3.003275246238,0.021599051826813223
3.004279112813,0.020473346260151813
3.005231378235,0.021243448672861556
3.006220652839,0.021457511961821666
3.007221165296,0.021584491051046685
3.00822825612,0.01964802398352566
3.009145276238,0.01944947226562447
3.010053737078,0.018809690472826858
3.010933574627,0.0163783189860424
3.011700859532,0.01741501760761059
3.012517698493,0.018960308490068183
3.013408031308,0.003947574107965627
3.013593549441,0.019151316718431993
3.014493847552,0.020165049544854603
3.015442443932,0.021289043028276097
3.01644440037,0.02025105767133396
3.017397942041,0.02141000052786937
3.018407065743,0.01934399252913514
3.019319832075,0.02121727080978122
3.02032176332,0.017887938066481823
3.021167121095,0.01994322830957361
3.022110260481,0.02124850990302237
3.023115408274,0.0186694169228298
3.023999133706,0.01981837313539138
3.024938012482,0.01819206699513011
3.025800324235,0.01992830878517458
3.026745471052,0.020549398976828472
3.027721103998,0.019676765147633037
3.028656518811,0.02112084509473274
3.029661712523,0.021116430482577143
3.030667613444,0.021037787588582615
3.031670399289,0.018821723952173634
3.032567956814,0.01900055118091209
3.033474552455,0.019675614355796327
3.034414118208,0.0209576573089307
3.035415939218,0.01915485785115381
3.036332263493,0.020881855263008394
3.037332612116,0.020843924097094558
3.038333598606,0.020783375925341515
3.039333933757,0.020007329620099663
3.040298316209,0.020819048608526
3.041302964184,0.020659303732140484
3.042301008903,0.021011997743591707
3.043316631754,0.02092791675480907
3.04432822261,0.020869401949928538
3.045336456366,0.02082452497679939
3.046342428947,0.021001075371562615
3.047357050441,0.020730283109167805
3.048359048193,0.01896761367318729
3.049276841062,0.01749758930036971
3.050124063739,0.01811539231147693
3.051001405519,0.020343469122441605
3.05198698626,0.020626922117234166
3.052987210413,0.019715402128787994
3.053944307761,0.019666062077065526
3.054899809076,0.003834142701042536
3.055086175403,0.020578985634544487
3.056087072606,0.019414044552132064
3.057032505911,0.02010430629489034
3.05801305373,0.019013979325990655
3.058942345466,0.018527393992886075
3.059850200114,0.017902547205236898
3.060729627108,0.020637857100213295
3.061745718423,0.020290873852517773
3.062745887413,0.020300365991224895
3.063747169721,0.02036133213611584
3.064752190204,0.01870922055901156
3.065676278,0.01890386640358141
3.066611337598,0.019481457005842168
3.067576625737,0.020153236031185903
3.068576744718,0.020261243371190056
3.069583633435,0.020138401196128565
3.070585655565,0.018238382901976324
3.071494582343,0.01936266610730621
3.072461229252,0.019324007088284027
3.073427552444,0.016438342916578415
3.074250389876,0.017708620545486754
3.075137236853,0.01949858348080033
3.076114345636,0.020141691462885934
3.077125054422,0.019894618416797995
3.078125075741,0.019967238381156497
3.079130210719,0.02002854938101552
3.080139679298,0.019052585434661644
3.081101177085,0.01988395164192775
3.082105985581,0.0197964533683083
3.083107880829,0.019958299240764112
3.084119664028,0.017846823888546637
3.085025698969,0.01762238193854206
3.085921679984,0.018255269892104138
3.086851597089,0.019614900546514425
3.087853022123,0.019144974043406003
3.088832612749,0.019703911546538708
3.089842567053,0.019623632455967568
3.090849628935,0.01959564968992227
3.091855832363,0.019592578824331974
3.092862929151,0.019479956091419105
3.093866051511,0.019566684890200248
3.094875116117,0.017275456822379336
3.095766466809,0.019440783465410713
3.096770056925,0.0194282640406783
3.097773843399,0.01947357325296966
3.098780631159,0.017901707683750306
3.099707188763,0.019419527574024008
3.100713663617,0.01931939789565722
3.101716480621,0.019396876286763058
3.102724964039,0.01944071187332375
3.10373712263,0.019346284881311484
3.104745799829,0.019173479300127128
3.105746830532,0.01851635970005197
3.106714312422,0.019236983971727455
3.107720314423,0.018353793115869627
3.108681528053,0.01861777238018313
3.10965815481,0.019245728623535845
3.110669281824,0.01907617880277418
3.111672909848,0.019169074331048516
3.112682894491,0.019047242186253872
3.113687727016,0.01906281154410422
3.114694230032,0.0035822487648756334
3.114883464495,0.01869129449980995
3.115871422032,0.017921913935395547
3.116819871355,0.01560110055740493
3.117646324042,0.019004187926547025
3.118653831246,0.01892438125774726
3.119658080681,0.017752673295192697
3.120601212319,0.01806623492960692
3.121561775606,0.0188216040528808
3.122563286119,0.018872072905626293
3.123568441485,0.018626630663944176
3.124561657033,0.01898391373606326
3.125574805767,0.00848769549933343
3.126027887347,0.010560658833682283
3.126591778608,0.01202293127968705
3.127234364549,0.014790639516999856
3.128026021814,0.015617016902579762
3.128862851253,0.015098891862789602
3.129672543462,0.013305701730836417
3.130386503695,0.014231587974513056
3.131151005806,0.01466990031881447
3.131939718304,0.014323546993216718
3.132710445403,0.013297465791403283
3.133426555896,0.014821693572797952
3.134225472423,0.015088842419595593
3.135039705018,0.014088321308433804
3.135800855539,0.014101487923176174
3.136563565294,0.01352477050239518
3.13729545017,0.013562620970364208
3.138029559558,0.015634155187055798
3.138876244601,0.01360960657900875
3.139613917415,0.013554808412787552
3.1403503075,0.013349533847598752
3.141076855295,0.013428175237343588
3.141808466003,0.012992294563102458
3.142516840539,0.013436212662711092
3.143249791477,0.014347970258409089
3.144033174915,0.013434512342065535
3.144767477294,0.013529533982151854
3.145508088376,0.013596807309364424
3.146253352592,0.01514928120937438
3.147084407843,0.012433377368765012
3.147766946519,0.013501551511700387
3.14850863986,0.014267447263738794
3.149292896484,0.014806979732688533
3.150107310086,0.01461226072377941
3.150911660516,0.013187363407390169
3.151638240992,0.01409936488568547
3.152415366988,0.014577831821836277
3.1532193398,0.014275021340082317
3.154007244916,0.014837169035474666
3.154827216487,0.014525465355360178
3.155630970565,0.016931681735791144
3.156568466528,0.016366250800334183
3.157475243703,0.01563980182419311
3.158342804375,0.014206057554591332
3.159132220402,0.013556639946937598
3.159887204611,0.012953806959766584
3.160610554569,0.01327373771161162
3.161352512591,0.011693345027850044
3.162006586015,0.01337359689839718
3.162754820514,0.01300817276538134
3.16348275481,0.013498825606391993
3.164238398922,0.0127470221716611
3.164952313114,0.01541112276479426
3.165816402107,0.013898316465289487
3.166596468844,0.012802013792342906
3.167315644375,0.01345613334887663
3.168072217968,0.012118255639378342
3.168754276701,0.014191626476059448
3.169553444173,0.013597474357232006
3.170319732806,0.013954374087305784
3.171106939222,0.01246727528774795
3.171811634041,0.010804645218047202
3.172423233358,0.01233304123843062
3.17312207393,0.010153219671023086
3.173698236927,0.012967618982674161
3.174434544844,0.01011047916323101
3.175008942513,0.012198956880939738
3.175702527501,0.012782019867322643
3.176429521191,0.01332169804695444
3.177187522083,0.014098478102185409
3.177990375407,0.013176521210834534
3.178741212557,0.015120611669795227
3.179603424782,0.01423560598281219
3.180415916407,0.01462253837546136
3.181251379649,0.016473182156134816
3.182193792256,0.014446727769112362
3.183021426243,0.013182740155164019
3.183777467314,0.012845899377728369
3.184514688722,0.01378627678240732
3.185306312883,0.01130597261971067
3.185955748165,0.014345270243837875
3.186780200442,0.012926758928067135
3.187523862223,0.014306609205554769
3.188347882002,0.013680739121811843
3.18913671012,0.013245264959182611
3.189900831397,0.013320688474099441
3.190669802849,0.014567502471848374
3.191511478598,0.010276842818121211
3.192105786715,0.01034142750368155
3.192704204711,0.012880333741088374
3.193449742052,0.012589779168127754
3.194178661527,0.01239626529000028
3.194897063507,0.012861670944262186
3.195643005232,0.012910045951245635
3.19639241664,0.012775938054520833
3.197134939254,0.012833933857357704
3.19788181514,0.01471513318868648
3.198738783915,0.013884440913795738
3.199547806011,0.01293160435316897
3.200301522737,0.012858266758265511
3.201051234167,0.010338421675663213
3.201654070258,0.010660123497904843
3.202275695864,0.012960023705578931
3.20303136493,0.014450603731558903
3.203874198045,0.01565846099842983
3.204788371037,0.013831253912573655
3.205596994116,0.012728010865133567
3.206342050369,0.01385598479199592
3.207153965552,0.013084013561353417
3.207921572017,0.014784662889056091
3.208789986048,0.01200006546394163
3.209495427512,0.014250779163452047
3.210333961451,0.013639277804642426
3.211137348305,0.011609523777604923
3.211821768232,0.012526802201571034
3.212560863203,0.011875501172859876
3.213262418331,0.010454190048441158
3.213880336808,0.012708512919512957
3.214631913945,0.012622957448324569
3.215378949788,0.013860793019984463
3.216200195861,0.013400481683147895
3.21699529621,0.013654381669985392
3.217806578053,0.01210706262380301
3.218526724268,0.0132799427299305
3.21931773455,0.013437800262742437
3.220119105231,0.014146067630035295
3.220963419905,0.013950816826656746
3.221796492235,0.013732560496478861
3.22261691572,0.013810288429253189
3.22344267731,0.004993714802912849
3.223741345839,0.014401087425112407
3.224603052185,0.014137211626881153
3.225449443187,0.014867336464096792
3.226340048016,0.013899476274368801
3.227173308503,0.013573916740625578
3.227987775457,0.013568569898589043
3.228802813722,0.012752297257781242
3.229570011756,0.007620728288254324
3.23002900018,0.010197259544710638
3.230643360883,0.014413725563853001
3.231512491669,0.01496170079636838
3.232415451158,0.014484481482640548
3.233290710833,0.013135754587335381
3.234085522716,0.012939794224276616
3.234869346517,0.013473632162591752
3.235686237377,0.01116782766095145
3.236364227656,0.012504118561600703
3.237124275001,0.013254611980568612
3.237931199162,0.013319361669037652
3.238743396835,0.01307677832411126
3.239542754651,0.012970323616184123
3.240337078996,0.0136442611223345
3.241173673829,0.01095586026395173
3.241845850279,0.012843988409618319
3.24263413921,0.013166009840695127
3.243442269328,0.01292172394910575
3.244235563828,0.012861222009418973
3.245025274402,0.012391155654700026
3.24578618711,0.012446108949064274
3.246550340409,0.013070177662145903
3.247353103933,0.014238899151690366
3.248227951632,0.009925167573618486
3.24883787261,0.012939445012509355
3.249632928094,0.013489362830310292
3.250461679566,0.013730420112886745
3.251305268039,0.013881138161685016
3.252158535181,0.013363172450558632
3.252980783293,0.013758215595072508
3.253828507,0.003835182862043128
3.254065244453,0.013850505330015413
3.254920307064,0.006070880528747999
3.255295483223,0.009088880551554506
3.255857171337,0.011884726167966876
3.256591580257,0.01406675984441467
3.257461111086,0.013611439121929584
3.258303520935,0.009632213327367847
3.258901024432,0.01089381239232414
3.259578112634,0.012639830976053486
3.260365250272,0.013534791051925607
3.261210119669,0.011162764040603292
3.261908746208,0.014594059700573649
3.262823983365,0.01388055423351462
3.263696218203,0.014743627975202657
3.26462409628,0.0140793603758416
3.265511521817,0.014184535139323154
3.266407168754,0.009040990849344626
3.266978936311,0.007204327047246411
3.26743484079,0.011288237697410941
3.268149673753,0.01349390439766646
3.269004502842,0.012025440273118445
3.269766699394,0.011943572283412657
3.270524375762,0.010597032347812818
3.271197357499,0.01366866509715026
3.272067365918,0.013329030494772912
3.272917198908,0.00991674617050298
3.273550047927,0.013243831613199584
3.27439589974,0.014422954019600705
3.275318306186,0.01447903283942802
3.276245842271,0.01238488964885236
3.277040391125,0.012151176496833161
3.277821027082,0.013161573282475586
3.278667804,0.011939676420939118
3.27943693245,0.012124506577574376
3.28021861408,0.013216739064986986
3.281070555665,0.011840761086879
3.281833777801,0.012134726661680327
3.282616076778,0.012783216220067168
3.283440559046,0.012306637619074608
3.284235109641,0.014898878055837532
3.285198935034,0.013430487802862495
3.286069070695,0.013140876926187805
3.286921126325,0.013445857815830973
3.287793927465,0.006613908600972503
3.288223582022,0.010426090119131114
3.288902452628,0.0133389589501296
3.28977232772,0.012179192154138964
3.290567722062,0.010338172917718162
3.291243545038,0.012044501933155621
3.29203190134,0.013013255740213574
3.292884186578,0.01137830816360112
3.293629658161,0.012015941536257981
3.294417100227,0.012076189636387043
3.295209313431,0.012738310958673019
3.296045234252,0.008552405802464523
3.296606490379,0.011158707564695856
3.297338702652,0.013303305848242174
3.298211889438,0.012874741230699675
3.299057592127,0.012853106679563686
3.299902807119,0.012770653432517222
3.300743720294,0.012484679362683413
3.301567047716,0.012149981351894176
3.302369958621,0.01220910615257314
3.303178178222,0.012134194662602361
3.303982173797,0.012520523421486627
3.304812327715,0.013215704409448928
3.305689063243,0.008597415393702228
3.306259696667,0.009834167826681414
3.306912646336,0.011216606034662784
3.307657624299,0.011356197198956667
3.308412260609,0.014595362455135355
3.309382797062,0.013274968487577917
3.310266025975,0.014163227365757017
3.311209150206,0.013927615319354594
3.312137635359,0.011273947655183745
3.312889976509,0.01250562295655702
3.313725432657,0.013544766743769662
3.314632063058,0.009893714349101223
3.315295677461,0.013656567015908894
3.316212351669,0.013381626512661202
3.317111226577,9.311077095491508e-05
3.317117482899,0.013647689560229506
3.318034688486,0.01300474537848829
3.318909027343,0.013133082269078649
3.319792389118,0.0120974592911376
3.320606634736,0.012782026542162317
3.321467590846,0.01264139675425849
3.322319672161,0.009999102030565416
3.322994829462,0.007844406431613776
3.323524921367,0.008634240206666565
3.324109659951,0.010385016510560365
3.324813934039,0.01049856084975167
3.325526832349,0.01232389809970462
3.326364667062,0.009794858821918861
3.32703144953,0.009657698068530956
3.327689325135,0.010832048968419508
3.32842783118,0.010540743966604116
3.329146717298,0.010930654209205597
3.329892040123,0.012190257777348192
3.330723252717,0.013080025086117598
3.331615757317,0.013126386088515444
3.332513022932,0.012068798747715557
3.333339770319,0.010913789637583314
3.334088668763,0.010388134144132194
3.334802660172,0.010758460571979527
3.335543430894,0.009707781918059794
3.336213524924,0.01246701505507771
3.337074795962,0.011035875614034048
3.337838100894,0.012463749640101232
3.338701356766,0.009998055143485842
3.339394980138,0.01140597950026731
3.340186963108,0.012899722569376758
3.341083630272,0.01209953502892417
3.341925834811,0.011446696291541696
3.342723682409,0.010668360506483992
3.343468286777,0.010088978991914603
3.344173010933,0.01196295145502316
3.345009354014,0.012265659836551515
3.345868189477,0.012293720567688925
3.346731238994,0.0120570565820491
3.347580343508,0.01196834988538733
3.3484251612,0.009091139926239528
3.349067990239,0.009651983549334723
3.349751236663,0.01346635700729833
3.350706030922,0.012806248401007744
3.351615399804,0.011807897848574965
3.352454689938,0.011897362602415067
3.353300851537,0.008489771786379526
3.353904876801,0.008168321469615611
3.354486260746,0.009212957567131577
3.355142512772,0.012006099706839007
3.355998648368,0.010098132696186663
3.356719794416,0.010346464829466486
3.357459566535,0.011941577853807768
3.358313809661,0.011837827223930722
3.35916106366,0.011834140967140735
3.36000840152,0.011797858698226426
3.360853348329,0.010783085239338987
3.361625644581,0.00861544520593952
3.362243190713,0.008921269993491986
3.362882933285,0.009662297889567392
3.363576848003,0.012053802657934843
3.364442841501,0.011221987213078845
3.365249673978,0.011197013449957173
3.366055596943,0.01189568231394477
3.366913402493,0.010503545479773904
3.367672529307,0.010052426682577465
3.36839986335,0.009868354531733063
3.369114498294,0.008390242165717026
3.36972270848,0.010212964084398962
3.370463776799,0.011181292180233357
3.371275966977,0.010985222424840287
3.372074770434,0.009283307045954824
3.372750379463,0.01180350107279
3.373609902342,0.011810218634910176
3.374470696265,0.01288063319708541
3.375410446063,0.012097999107978374
3.376293646438,0.01254630241184761
3.377209659127,0.009672924159847577
3.377915734555,0.007267395210050294
3.378446169136,0.007615022913459343
3.379001942971,0.010950351212176862
3.379801457286,0.01171042252851617
3.380656856666,0.012029945017967057
3.381536318579,0.0021388715680502176
3.381692795631,0.009211939193536753
3.382367122718,0.013387014461635826
3.3833488056,0.012048575874614102
3.384234096215,0.01132652026688674
3.385068444264,0.011494872345375294
3.385916591617,0.012440287498873567
3.386835190623,0.012890963795432095
3.387787379126,0.010117428683056266
3.388535273474,0.00470975920576328
3.38888375671,0.00665009568113807
3.389376250791,0.009001159720618193
3.390044148763,0.011075053617446045
3.390867446481,0.011801368874085403
3.391745889117,0.011808420412357853
3.392625580405,0.011194987046221927
3.393460115974,0.012043032725103717
3.394358939297,0.012009614179843774
3.395256949778,0.012753936763621713
3.396212911544,0.012227207281152274
3.397131633567,0.005253865392426693
3.397526895706,0.00818432979499652
3.398143041501,0.008703740999470732
3.398799340104,0.008887582416147897
3.399470301719,0.011315971307266618
3.400326851179,0.011421882635398197
3.401192935549,0.009266340285169662
3.401896470947,0.008481550385452195
3.402541046158,0.008976698104628597
3.403223820051,0.008941081803386965
3.403905430815,0.011342515522440536
3.404771262597,0.01150494205845285
3.405650269503,0.011889207786267338
3.406558969351,0.011783729153525803
3.40745976703,0.01104639490248585
3.408304480218,0.01174394150126149
3.409203705841,0.01155055692642439
3.410091082383,0.010891305947883264
3.410930558331,0.01091773624076695
3.411774227332,0.006805323381656339
3.412300835079,0.010126332037220636
3.413086070753,0.00788234662885236
3.413698061146,0.010421247934305213
3.414507754703,0.01081363320683077
3.415348566384,0.0058079760348639506
3.415800495696,0.012029350834704484
3.416737262391,0.010632351091968414
3.41756652893,0.011224322068716586
3.418443350183,0.010476996218640207
3.419262671385,0.010118214442038859
3.42005440362,0.010706739982418164
3.42089247938,0.011166995630497754
3.421766884655,0.010853183012955623
3.422616888533,0.011826885842669254
3.423543133631,0.006234875581099552
3.424031477637,0.006279700018750001
3.424523516027,0.008222786524618251
3.425168381175,0.011101009077998943
3.426040065871,0.010816935060179363
3.426890317591,0.011171544714724197
3.427769385796,0.011409263030828542
3.428668646771,0.006098558382129356
3.4291501862,0.007719629511841762
3.429760267042,0.008576681581435222
3.430438499368,0.008313285912889257
3.431096211068,0.006675301860344691
3.431624492587,0.00941991720661901
3.432370300594,0.010841743607608515
3.433229686457,0.009621608938021674
3.433993329829,0.011051834013198649
3.43487119515,0.01042799620770695
3.435699856366,0.010794064548277348
3.436557755131,0.009250415669250464
3.437293278096,0.011572867589679061
3.438213997584,0.012105368447310447
3.439177925547,0.010164510415372061
3.43998827585,0.011884934926610755
3.440937361151,0.008808164035432508
3.441641870669,0.00745930905786859
3.442239554237,0.009517940117025085
3.443002963499,0.011279013545505293
3.443908845439,0.01104134503438267
3.444796718983,0.009229367043311636
3.445539438341,0.012159990782774507
3.446518541919,0.007258140505377336
3.447103396089,0.005778141936394628
3.447569071024,0.011905047775453946
3.448529670155,0.011131104503054972
3.449429697389,0.010628796103645168
3.450290866139,0.00967327960385078
3.451075379411,0.010373415123741203
3.451916833543,0.010211701065553575
3.45274487893,0.009276276544376847
3.453496779792,0.009562809840128972
3.45427254468,0.01047932872129705
3.455123730811,0.011045395340494039
3.456022234295,0.011117008884780242
3.456927616352,0.011589022644162872
3.457872593652,0.01227260662389665
3.458874974213,0.010558835814009609
3.459738655087,0.009731488902877332
3.460535702828,0.0046528385085121025
3.460917004892,0.009276436297741025
3.461677843044,0.011322199697150852
3.462607742837,0.010611130863334222
3.46348039888,0.010207920094889479
3.464320783226,0.00596567361975565
3.464812149215,0.008057378337215051
3.465476401025,0.011160767704087545
3.466397089557,0.008394191444365918
3.46709020447,0.009890033728157827
3.467907877867,0.010669700618970226
3.468792604502,0.01031352938197144
3.469649897627,0.011730571094036413
3.470626794984,0.010032244987717072
3.471463188384,0.008384771766393505
3.472162514163,0.00941988073419895
3.472948338725,0.00971410493710531
3.473759422009,0.008159751253688131
3.474441338749,0.010236679992696588
3.475298182855,0.01079532546213086
3.476203072068,0.01127293480315613
3.477148948257,0.010910557514978915
3.478065853163,0.011988053604024239
3.479075208896,0.010503734307602609
3.479961027811,0.011725700027348372
3.480951557022,0.010795198816258272
3.481865248493,0.0042997935593774165
3.482229589253,0.010342772746157731
3.483107368685,0.011255176386909167
3.48406448399,0.010397462550353275
3.484950635174,0.008470211217788806
3.48567376365,0.011196796566400217
3.486631248218,0.010510100277683697
3.487530966837,0.01136670406704496
3.488505102712,0.01069818973267719
3.489422490659,0.009181458736592539
3.490210272155,0.009645530384793767
3.491038687607,0.009168337575144226
3.491827186084,0.01042947966823586
3.492725915853,0.010405659844335634
3.493624525448,0.009065525269331347
3.494408400764,0.011082101080745203
3.495367562046,0.007583141772417737
3.496024458025,0.00794351746556734
3.49671298749,0.010373588555582694
3.497612881324,0.011136430176817542
3.498580069727,0.009143684814995983
3.499375812463,0.010591246769624677
3.500299424812,0.010051520722365414
3.501177987067,0.010213935697242748
3.502072765173,0.010584869313355155
3.503002405004,0.009753200415195196
3.503860961905,0.009102199204213282
3.504663824194,0.00672652190861907
3.505258015646,0.009831277124920322
3.506127444446,0.009951506240164934
3.507008622197,0.006211631669915228
3.507559001475,0.00795504646098044
3.508264310688,0.009750706905810529
3.509129684328,0.011019334847652443
3.510109162885,0.009754162098769356
3.510977598107,0.010252273564067094
3.511892364754,0.008869170384219653
3.512685225973,0.008847695694336417
3.513477274927,0.009790801289757982
3.514354851852,0.009085884300479193
3.51517000525,0.010385180506371624
3.516102364893,0.007105219183015337
3.516740771331,0.00907557005382535
3.517557017755,0.008966175123580401
3.518364493143,0.008906272397765895
3.519167720743,0.009925478932411531
3.520064377575,0.008825374691072772
3.520863463059,0.00975903781850933
3.521748553729,0.00994123864672659
3.522651622684,0.010249074825041803
3.523583847788,0.008257817844604894
3.524335601405,0.01053316806224666
3.525295406957,0.011011330119976882
3.526300195738,0.010773278489984984
3.52728551092,0.00850697052042662
3.528065526001,0.008544639469281636
3.528850935848,0.009889044426071055
3.529761722058,0.009308642595880656
3.530620765666,0.009512457466987468
3.53150016583,0.010293956979749877
3.532453334918,0.010254161617537179
3.533404214053,0.010303298001060652
3.534361108231,0.009906565016716376
3.535282380178,0.009924810142194821
3.536206401832,0.009682652290866149
3.537108590895,0.009650730015642468
3.538008717682,0.008734868741070755
3.538824062666,0.0097702605812553
3.539736722918,0.009126899456020405
3.540590102851,0.01018801355172711
3.541544222033,0.010199185739085312
3.542501004953,0.009949849380311111
3.543435809265,0.009587501249336309
3.544338206256,0.010329731585838805
3.545313175355,0.010577261767827533
3.546315161032,0.00930244782182289
3.547199306574,0.009142177672570442
3.54807018918,0.008972687387219607
3.548926527235,0.00938029605682334
3.549823361416,0.010145800781649953
3.550795046216,0.008918959829303118
3.551650120261,0.010424366499937358
3.552650152675,0.009437574342288906
3.55355609014,0.00941489041522434
3.554460603254,0.010418006878356955
3.555462833444,0.010089767754204618
3.556435016958,0.008439753840981827
3.557249104538,0.004954692995656338
3.557727190427,0.009550682404363834
3.558649123134,0.010366166598587074
3.559650669499,0.009707899118598307
3.560590298457,0.009668594765518925
3.561528565151,0.009268695459247949
3.562430813544,0.00970429855842296
3.563377276978,0.01014114313955425
3.564367820723,0.00953013106597535
3.56530009423,0.008964657213746553
3.566177928241,0.009133400257057505
3.567073062916,0.009425516300766637
3.567998067733,0.009318021876031904
3.568914275251,0.009055347728381265
3.569806529535,0.009510731440324723
3.570745864217,0.009559746247315115
3.571692004507,0.00986974192356282
3.572670359165,0.00872746172763342
3.573537072135,0.009001233055316317
3.57443267727,0.010077843080034612
3.575437452441,0.00986416092463709
3.576423128972,0.00970676251325169
3.577395002801,0.009939030142055029
3.578391706205,0.009966812762138568
3.579392682866,0.009675971247509638
3.580366160452,0.00937879098042757
3.581311685782,0.009430103710137135
3.582264262723,0.009898124354955155
3.583265501958,0.0098978726280279
3.584267714094,0.00986857371079676
3.585268230519,0.00993749933817072
3.586277240532,0.009842194096898014
3.58727816601,0.009693870475855888
3.588266330341,0.009361666844833548
3.589223447138,0.0093447272833313
3.590181183975,0.009441738325485961
3.591150835254,0.009475244197883785
3.59212627663,0.008857385651618067
3.593039844113,0.009640376983548114
3.59403520458,0.00969477689096042
3.595036440943,0.009714893011519522
3.59603966571,0.009848179716357503
3.597056354332,0.008905777934266876
3.597975731522,0.00952730099477857
3.598959873645,0.009764888086606744
3.599969895356,0.002036739580148328
3.600180787311,0.00967345094007562
3.601183286827,0.009057625253428996
3.602123408598,0.009268144585609206
3.60308739628,0.009200874769354666
3.604046431895,0.009122322634323655
3.604998627051,0.009666229623533513
3.606008468448,0.009639822290281997
3.60701641667,0.009339265892393702
3.607993742192,0.009587327592962252
3.608998326862,0.009273069682620802
3.60997196934,0.009625470836721287
3.610984344326,0.009588487874949111
3.611994309142,0.009527256844755642
3.612999056511,0.009487898335540744
3.614000881963,0.00946084129474407
3.615001198047,0.00903553287957622
3.615957249214,0.009486201618260129
3.616961137417,0.009479038140584612
3.617964310015,0.009511363116612147
3.61897101266,0.0081693674289119
3.61983580318,0.008673430500390487
3.62075421368,0.009007269248446657
3.621708498398,0.00891022545274207
3.622653083107,0.009283244154863018
3.62363791955,0.00924322943497715
3.624619612446,0.008844367391575033
3.625560384179,0.009440015454732876
3.626566131286,0.008861303102968501
3.627512026587,0.008904728210233416
3.628464491918,0.008470240407349002
3.629372475735,0.009384822251541655
3.630380852602,0.007814515920277425
3.631222426195,0.008409128947782478
3.632129896869,0.008803867103884946
3.633082098769,0.009266388110513661
3.634086633191,0.00927311486808836
3.635093438944,0.008431543880780566
3.636009739852,0.008784966050140234
3.636965215118,0.008875112500702841
3.637931529579,0.009074350609251639
3.638920865483,0.009226280696662861
3.63992778233,0.008285606514240717
3.640833062063,0.008888125453485862
3.641805477505,0.008725674388856611
3.642761876373,0.008509569899860753
3.643696542085,0.003964012782025787
3.644132502522,0.008715077529246272
3.645093170181,0.008986177146195122
3.646086354881,0.009039117158778802
3.64708725808,0.008432213354992571
3.648022403,0.009122232236596936
3.649035716803,0.009106823789505409
3.650049029246,0.009011793800517767
3.651053066817,0.009030840265290583
3.652060441234,0.00876468545949627
3.653039528756,0.008734983932051875
3.654016370538,0.008835181273121844
3.655005193353,0.00845668385968439
3.655952135366,0.008759054987574498
3.656933109302,0.008797024158562596
3.657918071199,0.008956580343356566
3.658920458348,0.008942072437978585
3.659920953616,0.008879216566571046
3.660914340255,0.008548746638684556
3.661871064345,0.00897255280070073
3.662876237595,0.008949925057304214
3.663880186433,0.008942301600682403
3.664884507225,0.008306608890287693
3.665818501648,0.008145459489569183
3.666735283529,0.008893985027170264
3.667737123193,0.008461450357321905
3.668690896126,0.008874014965898592
3.669692103778,0.008889241280210944
3.670696068957,0.00887873734903508
3.671700112506,0.008879555054709394
3.672705464124,0.008863549369763605
3.673710385256,0.008697584557011645
3.674698253703,0.008783793825320033
3.675698400294,0.008792313454262722
3.676702352195,0.008816736456771565
3.677711656455,0.008742262444305132
3.678714500484,0.008830517762734994
3.679729111343,0.008560840278027101
3.680714410918,0.008716525665974795
3.681719082793,0.00842433708954538
3.682691244559,0.008696978749422012
3.6836961188,0.008670980045882301
3.684699472708,0.008360192972064187
3.685668419367,0.008071352360708797
3.686605200317,0.008434750999646587
3.687585543344,0.008592382359428127
3.688586058074,0.0010338511753208394
3.688706602197,0.008590193695310654
3.68970958607,0.008635000123096556
3.690720042571,0.008426555861819719
3.691708457546,0.00851549499425435
3.692710156146,0.008560271686555071
3.693719960042,0.00847807380953454
3.694722196237,0.008520350219345867
3.695730977576,0.008464283222582754
3.696734350235,0.008394427919867033
3.69773073531,0.008148621518731497
3.698699197626,0.008292714846373873
3.699685618522,0.008352419049486571
3.700679552324,0.008209956257743376
3.701656722909,0.008270593825386188
3.70264132868,0.008465456629928597
3.703649159401,0.00832177432398588
3.70463988391,0.008371164583700135
3.705636823176,0.008159438161601933
3.706609285416,0.008385125252917791
3.707609693103,0.008421436093056891
3.708615362617,0.008385286292365794
3.709617681366,0.008414941529897402
3.710624782228,0.008382191754930917
3.711629984698,0.008344155110185304
3.712633372438,0.008246089519952501
3.713627340777,0.008376688166053775
3.714638622732,0.0083113662224559
3.715643258488,0.008365493589093108
3.716655286249,0.00830385582238537
3.717660529224,0.008355628680640364
3.718672617345,0.00829599775916177
3.719678083754,0.008276137830175629
3.72068196626,0.008305398180378702
3.721690330619,0.00827495416120782
3.722696067915,0.008234129547996414
3.723698186049,0.008243578520930378
3.724703191902,0.00807836687678749
3.725690023113,0.008309932090568265
3.726707212839,0.008155468926870102
3.727707706623,0.008145215737154328
3.728709419482,0.006009959220432844
3.729450095562,0.008090238990439617
3.730450621179,0.008098515942537101
3.731455421662,0.008042801250252423
3.732456197151,0.00805204297036085
3.733460966497,0.008035750970978294
3.734466826575,0.00797049166014921
3.735467325456,0.007977750415165403
3.73647139649,0.007996531538482543
3.737480406473,0.007985236911733605
3.738490284688,0.00797051486621944
3.739499971672,0.0079419400421597
3.74050750825,0.007925844941045892
3.741514579339,0.007885763434405663
3.74251812903,0.007873788757706642
3.743521632117,0.00784424702308627
3.744523105867,0.00781890467791317
3.745523166147,0.007867005623068716
3.746531033458,0.007911034742118383
3.747546111443,0.007793539709078823
3.748547658523,0.00777509121763608
3.749548549689,0.007820442991013678
3.750557215568,0.007810867212253534
3.751566767612,0.007807369441913743
3.752578291136,0.007717814042807435
3.753580617426,0.007798864407091408
3.754596051645,0.007669171101856721
3.755597069662,0.007635284593081669
3.756595676463,0.007667327885738394
3.757600136355,0.007637278384890559
3.758602602933,0.007655476367746585
3.759609805189,0.007646276645690785
3.760617831387,0.007629724054965798
3.761625492603,0.007616835634078167
3.762633040641,0.007557398921845294
3.763633971333,0.007544253031796473
3.764634294748,0.007600985708712363
3.765642998163,0.00753815261200106
3.76664415182,0.0018240840440421522
3.766886616029,0.005929232264513453
3.76767482319,0.0063246856051829
3.768516781314,0.006296809998058524
3.769356077439,0.00664361315374684
3.770242571506,0.006410263456089811
3.771098681006,0.006508297614476822
3.771968532873,0.006424766525800025
3.772827691649,0.00653433258455032
3.773702300585,0.0065839691460482935
3.774584528013,0.006569533181620263
3.77546598956,0.006430031203022161
3.77632985365,0.006342117291369135
3.777183012953,0.006400383396337991
3.778045103313,0.006641440660204909
3.778941124237,0.006143839741810924
3.77977157676,0.006626946792071104
3.780669516241,0.0062817514762551286
3.781522674279,0.006224976790815741
3.782369572775,0.006331829884050298
3.783233395878,0.005573568578846392
3.783995433345,0.005725835822436486
3.784780064068,0.006295629630011789
3.785644683358,0.006182701400744903
3.786495396031,0.006467551595792741
3.787386995886,0.006223735178419384
3.788246676306,0.006341252163270342
3.789124595718,0.006285462637811143
3.78999723054,0.006158321759180687
3.790855860998,0.006304856788136326
3.791738384759,0.006297158690800873
3.792621991885,0.006620288728461553
3.793552512999,0.005670991311585638
3.794350661226,0.0061150798757836945
3.795212231803,0.006189263578043394
3.796084815838,0.0063069394072956045
3.79697448797,0.005646482745333145
3.797771367738,0.0063008940138176055
3.798660971133,0.006324836710595231
3.799554436959,0.005680142812958353
3.800357196171,0.005954594490734229
3.801199037094,0.0046991705043166005
3.801863858779,0.006279133672577223
3.802752964117,0.006290579897124598
3.803644548766,0.005567890427333232
3.804434287478,0.0057106849688428425
3.805244816803,0.006061614933336434
3.806106148439,0.0056427947481323655
3.806908787782,0.005902104779592191
3.807749107602,0.005937471582222317
3.808595608741,0.00578076491337793
3.809421073798,0.005956033872469122
3.810273142189,0.006037980540053581
3.811139412604,0.006092967138371962
3.812015914139,0.00603830588797148
3.812886232894,0.005859936149545179
3.813732181074,0.005927040901708545
3.814588997406,0.00562195342038021
3.815402761758,0.006136498791342773
3.81629211547,0.006313177681277734
3.817208083359,0.006085106558830634
3.818091824616,0.005966295735839935
3.81895903898,0.005939608964487387
3.81982305972,0.0058777864948652905
3.820678816933,0.005564444441826238
3.821489776302,0.005980074014825789
3.822362323353,0.005487719238184976
3.823163882906,0.0061339809373934465
3.824060880186,0.005924028614186357
3.824928473209,0.006486485530203243
3.825880171338,0.005634273209783889
3.826708156466,0.005928208314885763
3.827580964998,0.006053926262109535
3.828473959482,0.005869697698955466
3.829341080793,0.006163622465193411
3.830252922603,0.005765437286342819
3.831106937681,0.006057009634392562
3.832005121502,0.005971847949381192
3.832891487119,0.006086764651960198
3.833795835834,0.00622791700169125
3.834722398558,0.005394032009162725
3.835526280295,0.005458992287477656
3.836340893264,0.0053825868156559455
3.837145666717,0.0059228977791634385
3.838032223668,0.005315477680508742
3.838828840501,0.005994203897319392
3.839728311655,0.005966726421865686
3.840624479087,0.005866106157766008
3.841506117103,0.0060227626368092825
3.842411853119,0.005838483824332907
3.843290593497,0.005907552300269444
3.844180539375,0.005839165683206049
3.845060974463,0.0060245965352438095
3.84597006174,0.006384943950595398
3.846934469162,0.006066028150215177
3.847851712855,0.006158159234278376
3.848784117705,0.005892400092032071
3.849677422268,0.0056554420869829045
3.85053598327,0.005514900636888299
3.851374271799,0.005590295136511498
3.852225085363,0.00562168290387242
3.853081808341,0.005782839920297301
3.853964262223,0.005489706502069843
3.854802882639,0.0056202480178710115
3.855662522813,0.00576705049188697
3.856546026886,0.005457045784443927
3.857383074423,0.005858782923561478
3.858282490154,0.005937426643950416
3.859194657225,0.005817646094424513
3.860089210401,0.005776971742355576
3.860978549853,0.006120246468571016
3.861922234109,0.005302107243331872
3.862741103994,0.005950938689903873
3.86366132423,0.005546566266261937
3.864520023771,0.006118813404018668
3.865468337968,0.0056963038664972
3.866352091628,0.005556731409681696
3.867215006527,0.005127034258216802
3.868012381038,0.00597187453017183
3.868942084368,0.005584989538312111
3.86981238222,0.0063298467154348425
3.870799628494,0.005936221464538978
3.871726297142,0.005673660244225464
3.872612629478,0.006438465858778706
3.873619397698,0.005997085327807415
3.874558148394,0.0025742220751119095
3.874961509403,0.005814857025595916
3.875873106072,0.006147650437290183
3.876837877194,0.006309502123626633
3.877829228197,0.005424158938470875
3.87868244976,0.005832064827925813
3.879600976204,0.005691350721952841
3.880498671337,0.0057532467356765
3.881407456829,0.005790438917707066
3.882323261732,0.005416632717293713
3.883180992864,0.0060802309785729465
3.884145138581,0.005909411353919444
3.885083697395,0.005886060759771786
3.886020046172,0.005829915825071355
3.886949037722,0.006310802986420379
3.887956108398,0.0058051444532794825
3.888883169277,0.005755400676222096
3.889803185389,0.005512488188124991
3.890685170488,0.005901952527671411
3.891630289484,0.005703981529891984
3.892544581517,0.005375344836591076
3.893406921585,0.005630558145366126
3.894310902078,0.005930666072988548
3.895263890307,0.005857210671763931
3.896206076434,0.006248872398305581
3.89721241911,0.005637154487058612
3.898121267406,0.005554658250446218
3.899017636608,0.005620004404462711
3.899925554575,0.005890490135135624
3.900878581725,0.005584035754940457
3.901783378126,0.005397869049389826
3.902659101155,0.005146892956142438
3.903495042586,0.005504929790243626
3.904390188758,0.00555508148628015
3.905294676591,0.005355760673802806
3.906167740644,0.005633527934685876
3.907086935191,0.0059022923952272805
3.908051101537,0.005876861237264241
3.90901224152,0.005290349787689813
3.909878594167,0.005755561702795066
3.910823004089,0.005962244267431438
3.911802375015,0.0024935491700354088
3.91221223276,0.005536114975434367
3.913123251035,0.005377736781914991
3.91400922611,0.005596714351717657
3.914932489246,0.005479147730263722
3.915837759447,0.0054693417158818486
3.916742664146,0.0059527779659784355
3.917728635964,0.005633181550373734
3.918662677812,0.005618731399451468
3.919595506728,0.005735735393784953
3.920549155684,0.005568022675928794
3.9214763169,0.0055844861113862635
3.922407539896,0.0053140816049363606
3.923294573264,0.005250982739657495
3.924171988051,0.005708443374891025
3.925127008449,0.005699531262680058
3.926081651118,0.005504561863952934
3.927004570799,0.004951805228159783
3.927835634371,0.005750230972116799
3.928801926322,0.005637119990276602
3.929750155238,0.005680159561791805
3.930706613906,0.005237098968270161
3.93158967023,0.005216183110258427
3.932470239257,0.005329536205244787
3.933370854462,0.005373652938430194
3.934279837043,0.005472109825134763
3.935206541477,0.005112241507670805
3.936073414757,0.005280748718871692
3.936969936299,0.005126876350376643
3.937841287741,0.005682889725565081
3.938808207746,0.005016100663468939
3.939662663034,0.0052029834997833705
3.940549859747,0.005191282150088072
3.941435960446,0.005625382614800579
3.942397198783,0.005538797030060994
3.943344690613,0.005852087999146657
3.944347080307,0.005773884849831739
3.945337653172,0.005679640683662823
3.946313449647,0.005824486355394935
3.947315748159,0.004658506528240647
3.948118422805,0.005539493452360982
3.949074503258,0.005672926375412426
3.950055051265,0.005341894450953905
3.950979525223,0.005182988583704767
3.951877583403,0.0051478540721813845
3.952770817656,0.005566946234609848
3.953738294176,0.005268725967179806
3.954655382452,0.0054228975269394976
3.955600769082,0.005529176054716894
3.956566147605,0.005791825519364114
3.957578959377,0.005166260811986608
3.958483926872,0.005463256239490768
3.959442333735,0.0051715000166757405
3.960351460651,0.00547753169805644
3.961316357005,0.0056936646679179165
3.962321513449,0.0056946122256825065
3.963329090137,0.005626626582595825
3.96432682225,0.005223779558867887
3.965254829253,0.005374415531924449
3.966211299686,0.005035222518298097
3.967108823607,0.005448170711064088
3.968081636855,0.005636249559027377
3.969089981511,0.005623207361131707
3.970097781358,0.00545203753838162
3.971076543995,0.0056010028095839605
3.972083864893,0.005454673959759103
3.973066322647,0.0049051875345339
3.973950988663,0.005446690009800238
3.974934616157,0.005104148980307718
3.975857749446,0.0049676040435918355
3.97675741906,0.005513024428112374
3.977757239453,0.0054360791766411825
3.978744559394,0.005425393711386095
3.979731329169,0.005498188633119249
3.980732854673,0.005188509875698096
3.981679415595,0.005355789863592779
3.982658133877,0.005111855109341987
3.983593873614,0.0010532789528496932
3.983786726968,0.005238474183292923
3.984747756519,0.0054383757232707814
3.985747594562,0.005487634863576275
3.986758519205,0.005193675835319995
3.987717123141,0.005122256598322464
3.988664353162,0.005043968706781359
3.989599041538,0.005042828433495047
3.990535570591,0.005403385597044348
3.991541090885,0.005356413181425726
3.992539672722,0.005370645368422069
3.993542683024,0.0053851697449751506
3.994550216927,0.005243854836551941
3.995533032085,0.0051240144928838246
3.996495162084,0.005049102207905803
3.997444879449,0.00535984310636227
3.998454600044,0.005058409419276917
3.999409038263,0.005319049680902612
4.000414434983,0.005296993647763174
4.001417339096,0.005069697255639241
4.002378629873,0.005225617466440454
4.003370961659,0.004961258949651057
4.004314350719,0.004954309499418172
4.00525768368,0.005252265671243313
4.006259046816,0.005169509326600235
4.007245977093,0.005240851500189859
4.008247861068,0.005235614444189602
4.009250172181,0.0048575565279552835
4.010181432776,0.005287587673835321
4.011196669762,0.0052219352253922565
4.012200953596,0.005171906835844216
4.013197141056,0.005213387567132661
4.014202747785,0.005191511144864853
4.015205445343,0.005198815440316193
4.016210826087,0.005166739992973777
4.017211401859,0.00485120814991984
4.018152171124,0.00516899643161504
4.019155988695,0.00515049457360021
4.020157601931,0.0049586649005532646
4.021123354015,0.0032758330616791172
4.021762290088,0.0049970171176615275
4.022737982945,0.004936814287184553
4.023702912716,0.005131103071904129
4.024706739946,0.0050328916862022515
4.025692298904,0.005111196258070598
4.026694397923,0.005022128493107628
4.027680587323,0.004741337737753048
4.02861301447,0.004976901363827091
4.02959292091,0.004970996285771926
4.030572582157,0.005082847483118985
4.031575403549,0.004833124555438105
4.032530067834,0.005132331188893207
4.033544987566,0.005083816037427672
4.034551383598,0.0049067661032162575
4.035523745491,0.005070554615260149
4.036529832872,0.005063851703419388
4.037535746439,0.005058300457003062
4.038541524229,0.004965398838087312
4.039529777814,0.004791945548426789
4.040484586962,0.004992085473381457
4.041480501119,0.0050159711726572645
4.042482618029,0.004955041313744678
4.04347399704,0.0049620611412658725
4.044468156832,0.0049600933925334195
4.045463297142,0.004983971629731849
4.046464635454,0.005022470175016098
4.047475245537,0.004988897298561034
4.048480646038,0.004922393354090897
4.049474156388,0.004776381893934497
4.050439592426,0.004940523489136617
4.051439613659,0.004870639067723578
4.052426984662,0.004347457831229949
4.053309614404,0.0048117608105507055
4.054288338375,0.004921904068599286
4.055291677152,0.004923708683572208
4.056297445533,0.004810155242441766
4.057281868744,0.00488727272300639
4.058284209236,0.00491117434912096
4.059293403905,0.004603805501185295
4.060240876123,0.004877846898903905
4.06124630503,0.0034139481204223197
4.061950532181,0.004779132702952091
4.06293741873,0.004903265146546095
4.063950979143,0.004678379012920313
4.064918757979,0.004839707544225809
4.065920658395,0.0048110840943712254
4.066917351972,0.004849015551236562
4.0679225704,0.004771696909874918
4.068912305784,0.004846215012669343
4.069918071805,0.004801011129867171
4.070915088221,0.004668066689194995
4.071885001215,0.004837757442167697
4.072890750277,0.004808552783146141
4.073891165345,0.004343144775139742
4.074795440899,0.004846901237259765
4.07580552713,0.004303907054511911
4.076703088797,0.00433004359813198
4.077606497319,0.0048451056302857495
4.078617804292,0.004493007066996206
4.079556188422,0.0044886129495005185
4.080494436545,0.004861885024761117
4.081511464401,0.004801910197984482
4.082516942331,0.004513863153627267
4.083463115573,0.004519696564580254
4.084411479042,0.004790557562232096
4.085417625467,0.004533130479147255
4.086370673688,0.004785495675250111
4.087377948281,0.004460367122410081
4.088317909218,0.004774780039980892
4.089325338875,0.004751033963417404
4.090328948223,0.004769297343600877
4.091337716593,0.004780229932847825
4.092350267753,0.004754831885464448
4.093359011239,0.004717812416410033
4.094361501612,0.004749130710388737
4.095372095809,0.004663029351852142
4.096365662741,0.004503013980008861
4.097326572422,0.004704693075369707
4.098332293057,0.0046854358923715264
4.099335788791,0.002262516148012333
4.099821097204,0.004684617191888828
4.100826676044,0.0046575732518248
4.101827885972,0.004655548668966027
4.102830217267,0.004627525851557197
4.103827991267,0.004658271944708774
4.104833752505,0.004628094218221493
4.105834295843,0.004564376902932769
4.106822354319,0.004617945288628312
4.107823365994,0.004666430362901412
4.108836370989,0.004611601529423228
4.109838897601,0.004643241936482989
4.110849446755,0.004593095841589674
4.111850305186,0.004621080305059384
4.112858737308,0.004602013953118748
4.113864461928,0.004643786196734414
4.114880809359,0.004608920276278538
4.1158910226,0.004582751453772344
4.116897023986,0.004598164873815213
4.117908021564,0.004566137269561796
4.118913586054,0.004576759663479069
4.119922971602,0.004567504489193198
4.120931726145,0.004439680287897907
4.121913615202,0.004529131397914164
4.122916650728,0.0045398559305798464
4.123923534384,0.004544216503311451
4.124933037682,0.0045134273133750425
4.125937395512,0.00449916314191099
4.126940161023,0.004413215407623382
4.127925279606,0.0045224814847912905
4.128936329714,0.004511452466987431
4.129946509166,0.00430512831463867
4.130912046936,0.004460785099815009
4.131914184773,0.004491826866673266
4.132925164946,0.004110664160581543
4.133851896232,0.0044841257745745575
4.134864368013,0.004374622058691185
4.135853915423,0.004443221547296381
4.136860959939,0.004416153357367583
4.137863938214,0.004417582864348396
4.138869258026,0.004430435542809942
4.139879845944,0.004214779666118593
4.14084383932,0.0043953932691521
4.14185173251,0.004383294590146207
4.142859150749,0.0042737662291054985
4.143843379519,0.004345114410406487
4.144846054132,0.004376944561415296
4.145858208533,0.004244692636932596
4.146842192375,0.0043134559602568505
4.147844845935,0.004220261051811596
4.148828089031,0.004295931760185847
4.149831019676,0.004285743737277261
4.150833477491,0.004295253241743315
4.151839783126,0.004298329501602257
4.152848300255,0.004255758166771345
4.153848315675,0.004272016146788359
4.154853678884,0.004266025672912118
4.155859064318,0.0042633121068041445
4.156865254755,0.00427310771068459
4.157875309189,0.004234134843400937
4.158877616646,0.0038780416215650464
4.159796843905,0.004249237304506526
4.160805414894,0.004218627075267324
4.161807862674,0.004213524864109672
4.162810271368,0.004198319434693012
4.163810337961,0.004217572667226518
4.164815925486,0.004190134916495836
4.165815955237,0.0041957661092738435
4.166818325864,0.004207608951489099
4.16782420324,0.004203594618419819
4.168829951284,0.004201441574793249
4.169836275841,0.004179154486718796
4.170838105763,0.004169671223020149
4.17183843355,0.004199199407920416
4.172846844182,0.004195901330767815
4.173855506043,0.0041720010385107665
4.174859418061,0.004183883833545875
4.175867282656,0.004207832824014039
4.176882104175,0.004166387908022709
4.177888116163,0.004165235207093783
4.178894971706,0.004154380651565484
4.179900250181,0.004168718379739395
4.180909963201,0.004124862766517317
4.181910076009,0.004155803486274362
4.182918619449,0.0041392421406150695
4.183923812783,0.0041242708160260004
4.184925845069,0.004119888928078719
4.185927410039,0.004121019063058638
4.186930005805,0.004170042990684983
4.187945475661,0.0027411958572476987
4.188613469355,0.004060249646451547
4.18960383859,0.004112512437969477
4.190607742943,0.004151684522987793
4.191622292393,0.004111898800755841
4.19262828396,0.004114556264672643
4.193635448557,0.004117258037722161
4.19464387717,0.004117854225426232
4.195653170228,0.004105090757420704
4.196659987748,0.0040748735528672985
4.197660040596,0.00408188327654178
4.198662627744,0.004082093277668354
4.199666234957,0.004084959127587037
4.200671332153,0.004085873562424637
4.201677125047,0.004062609635417664
4.202677390729,0.0040827118764474825
4.203682744853,0.00408540187091028
4.204688861534,0.0040836709805380745
4.205694605741,0.004064848483090949
4.206695798947,0.004062314096825249
4.207696364469,0.00408122603999125
4.208701469483,0.004081610735947345
4.209706613591,0.0040656624255672475
4.210708103424,0.004062586859594956
4.211708923898,0.0040614156380369484
4.212709385151,0.004073225761614151
4.213712987347,0.004093010463506281
4.214721727471,0.004058437334974487
4.215722498854,0.004080493295105094
4.216729221327,0.004079385969102977
4.217735904227,0.004055401566485407
4.218737113922,0.004077716643260088
4.219744356098,0.004058425872314839
4.22074748769,0.0040739116930977315
4.221755498431,0.004040461979167901
4.222756406009,0.0040772199015552376
4.223767173193,0.004050731385430194
4.224771906145,0.004058745468177546
4.225779666384,0.004025361297398381
4.22678055901,0.00402006023310325
4.227781752386,0.004043964336654818
4.228790647808,0.004011139203299584
4.229793024111,0.004027668889559133
4.230801332101,0.004022075454700751
4.231810191045,0.003991170610695401
4.232813333443,0.00398679942297785
4.233817364943,0.0009345952379964631
4.234052981078,0.0040051755526482324
4.235064121144,0.003971049913267462
4.236068727336,0.0039488708045450965
4.237071512344,0.003926542855039609
4.238075503767,0.0039027763270076364
4.239080758423,0.003911040156702527
4.240092667032,0.0038871386595918933
4.24110094911,0.003850973005095461
4.24210226481,0.003870982615824777
4.243111189429,0.003836396187539984
4.244113243609,0.003839028870065656
4.245117926457,0.0038182740843430113
4.246119115307,0.0038223383773957472
4.24712349398,0.0038213567982812785
4.248129874584,0.003811237769225626
4.249135773655,0.003843949408417835
4.250152393149,0.003798623670977607
4.251158914056,0.003809590474872737
4.252170216458,0.003760229004641416
4.253170406011,0.003765686172317363
4.254173912421,0.003777756455507605
4.255182000163,0.00381405779029872
4.256200893601,0.0037646907599877
4.257208155064,0.0037475862429827986
4.25821260317,0.0037296431726291266
4.259213574275,0.003778263671118817
4.260228719862,0.003791308076436583
4.261248564364,0.00373710264846472
4.262254911579,0.0037151023724677225
4.263256296588,0.0037117008883614474
4.264257840184,0.003717274636255541
4.265262218069,0.0037063763232317894
4.266264995302,0.003711435108147861
4.267269918133,0.0037035621985733263
4.268273228202,0.0037217427242581193
4.26928223311,0.0037059899939632583
4.270287802548,0.003683759317737154
4.271288358796,0.0036964459546778208
4.272293419421,0.0037161993039617684
4.273304742755,0.0036889758549603258
4.2743094029,0.003713508484856298
4.2753214682,0.0036819240129839907
4.276325648975,0.003704632374661652
4.277336566634,0.0037045371271398828
4.278347769225,0.003701382590801129
4.279358528413,0.003675449260073949
4.280362756024,0.003676319832260784
4.28136776825,0.00367318262005879
4.282372646318,0.003692665170086626
4.283383629154,0.0015771617242033898
4.283815691632,0.0036556721920646754
4.284818028845,0.003661557245752447
4.285823931261,0.0036922674985304976
4.286840553544,0.0036543514944881138
4.287848589081,0.003631695496458314
4.288852917452,0.0036051467024237316
4.289855441785,0.003574102011631907
4.290856261301,0.003577848959751298
4.291862360176,0.0035936453278559675
4.292874373902,0.0035487402130139
4.293874550472,0.0035591102448726537
4.294878131773,0.0035653290186689925
4.29588386842,0.0035588748953637958
4.296888147677,0.003549118493252313
4.29789001145,0.003542487409492672
4.298890344487,0.0035590582811513075
4.299895640814,0.003552335797321658
4.300899275751,0.00356495588815545
4.301906788576,0.003556366210780091
4.302912145259,0.003557774643388436
4.303918048493,0.003579582965902073
4.304930281485,0.0035695624994044376
4.305939698789,0.0035441674654244815
4.306941938458,0.0035610013321299362
4.307949091237,0.003549855038340821
4.308953183317,0.003568560764441464
4.309962747113,0.003559781226257968
4.310970039338,0.0035692215332494832
4.311980297173,0.00355419176542091
4.312986594931,0.003578887372888037
4.314000052097,0.003558342763893466
4.315008151836,0.0035378849989583503
4.31601109334,0.0035693390037159446
4.317023504661,0.003558391469705078
4.318033282105,0.003534402786784002
4.319036311268,0.0035411858198966355
4.320041191911,0.003532907231344355
4.321043866478,0.0035520577683815844
4.322052247551,0.0035546928157913
4.323061837462,0.0035291397619698446
4.324064512773,0.00352509009508805
4.325066251521,0.0035468019485200867
4.326074495091,0.003528569423197423
4.327078118052,0.003516649688302713
4.328078989769,0.0035439034235720374
4.329088087634,0.0032022328842672616
4.330000232584,0.0035132677415249626
4.331001532386,0.0032403000515134183
4.331925741507,0.0034981134905732927
4.332924421714,0.0035079842656817236
4.333926731491,0.00353423399468932
4.334937260153,0.0035039739888248467
4.335940011069,0.003503414144008744
4.336943598323,0.003565413786412209
4.337966032913,0.003535767987650974
4.33898109578,0.003496760881004512
4.339986335938,0.003497804265867598
4.340993238754,0.0035018537096376617
4.342002701397,0.003482879217211201
4.343008094018,0.0034635994970051128
4.344009427668,0.0035081572670028005
4.345025167279,0.003466617300461484
4.346030313905,0.0034922000062246614
4.347044327643,0.003441268605504037
4.348044949498,0.003438207854301949
4.349046059753,0.0034461561135009857
4.350051060208,0.003411511813909838
4.351052159011,0.0034512240523147694
4.352073702659,0.003365308048083802
4.35307483488,0.0033674521872051285
4.354078769587,0.0033622013144997544
4.355082572718,0.003347626386673027
4.356083173256,0.0033564555284757345
4.357089037935,0.003371176147681366
4.358104740698,0.003322757885240122
4.359111407336,0.0032927285277990614
4.360112342484,0.003304598772962415
4.361118879551,0.0032975879552509793
4.362125002451,0.00332375483019567
4.363140911906,0.0033293126809259173
4.364160131038,0.0033032111531298976
4.365172694397,0.003270288638167846
4.366176444208,0.003283543366225907
4.367185526547,0.0032667150706876175
4.368190881873,0.0033124599478943006
4.369211802856,0.0032684020411426562
4.370220457482,0.003240727690480661
4.371221752269,0.0032629966816365382
4.372231111266,0.0032714171257731575
4.373244273482,0.0032454610187108227
4.374250567897,0.003226845467876996
4.375252040346,0.00016604853764923112
4.375303611652,0.00325790612045594
4.37631567718,0.003240289719879224
4.377323197388,0.0032194862575214717
4.378325094129,0.0032409717654848704
4.379334375923,0.003223967406179779
4.380338905791,0.0032352930688953887
4.381347414109,0.003222345622709766
4.38235195472,0.00324312703372767
4.383363070478,0.0032119717160741398
4.384364716252,0.003249704115262971
4.385378261908,0.003208939855615204
4.386379241777,0.003244616251183146
4.387391478614,0.0032125716720975404
4.388393786481,0.0032299615905138014
4.389401456575,0.003232127231574135
4.390409597418,0.0032222525169015898
4.391414655146,0.003198129932540991
4.392412193069,0.0032100680975062517
4.39341306109,0.0032352971471096273
4.394421261592,0.003230335588541249
4.395427569845,0.0032355919966208426
4.396435273794,0.003228567091739867
4.397440493648,0.003222149484840193
4.398443479549,0.0032140420602370665
4.399443913598,0.0032239801231678704
4.400447384891,0.0032490567730647296
4.401458332469,0.0032171626788057755
4.402459012232,0.003230613741392761
4.403463802179,0.0032504653890449466
4.404474758324,0.0032350475145296624
4.405480915526,0.003241773523126858
4.40648925525,0.003289006653410921
4.407512477606,0.0032315784402746055
4.408518089197,0.0032103536815916794
4.40952076909,0.0032119513593230555
4.41053131083,0.003168080392683889
4.411533761997,0.003161302855896213
4.412536333485,0.00321361219963231
4.413556478178,0.0031539033196253926
4.414558461323,0.003156078375548546
4.415561781205,0.0031567805059642667
4.416565928109,0.00315865029137771
4.417571428098,0.0031440112653741384
4.41857305069,0.003168209234770697
4.419582995645,0.0031446409585813807
4.420585956342,0.00284919219610688
4.421495225574,0.003150698605816363
4.422501322316,0.003148418373816565
4.423507142828,0.0031778530316727053
4.424522953642,0.0031337375906503816
4.425525284082,0.00313626429450734
4.426528835384,0.0031280242549482666
4.42753066251,0.00313360822026015
4.428542240072,0.0030791220924818357
4.429545790193,0.0030886621116655907
4.430556733153,0.0030775240774350105
4.431566580499,0.0030812006440047793
4.432579708791,0.003045024349376917
4.433582826021,0.0030598187568952025
4.434592479673,0.003036537329026462
4.435596050969,0.0030464466313513986
4.436604501167,0.0030353739419823975
4.437610922742,0.0030238766006614208
4.438615269516,0.0030072788304780023
4.43961588206,0.0030082404038143974
4.440618420837,0.0030107696730687786
4.441623309796,0.0030023737900799086
4.44262688446,0.0030359560787118845
4.443643196561,0.003040685744638539
4.44466246883,0.003003672431728159
4.445670580236,0.0030069049581285985
4.446681055644,0.0029887426305839596
4.447686728298,0.0030338938687415173
4.44870878838,0.002966354310293592
4.449709211535,0.0029824541749734804
4.450716277451,0.0029673393678940757
4.45171940102,0.0029741399445966533
4.452725846361,0.002955185858367717
4.453727038994,0.002970488007805918
4.454734547049,0.0029879616340617973
4.455748858914,0.0029529733302676793
4.456752312268,0.002948267823870047
4.457755408225,0.002071278038831842
4.458460875833,0.0017473230261757344
4.459056465062,0.001895004041456057
4.459702629015,0.001702435412176772
4.460283774819,0.001787981441074625
4.460894327004,0.0025894748610215995
4.461779294426,0.002925025769819214
4.4627800942,0.002940526898845124
4.463787424705,0.002935780732040192
4.464794449138,0.002945255454785104
4.465806091263,0.0016860409717914392
4.466385936436,0.0017173355484536741
4.466976724954,0.0016307212556116164
4.467538458652,0.0015631905215369789
4.468077058891,0.0015182496898748534
4.468600780055,0.0015618376204474857
4.469139700653,0.0015609048966087019
4.469678903739,0.0015951874654807465
4.470230155354,0.0022515421518809284
4.47100890394,0.002288743076832758
4.471801448804,0.0015113930982289868
4.472325220314,0.0014575486552639552
4.472830781538,0.0014470652146353186
4.473333015863,0.0014350319206395418
4.473831497592,0.0014476737313854886
4.474334680959,0.0014542033789379256
4.474840560011,0.0013494645418640299
4.475310650562,0.001438022066911154
4.475812919666,0.001444969788097047
4.47631916798,0.0012787821555003906
4.476770184592,0.0010520017481011163
4.477141217475,0.0010451115279994446
4.477512247146,0.0010438343459142803
4.477883272096,0.001102383441657456
4.478275168589,0.0010414467715379357
4.47864618537,0.0011235618328389366
4.479046455782,0.0011470715025179953
4.47945529281,0.001456945854058128
4.479974927325,0.0014134203019611899
4.480479121265,0.0013800341461978117
4.480971596812,0.001368893888026401
4.481460137439,0.00026487619006317217
4.481554702269,0.0012653361715513284
4.48200644687,0.0010391073253538808
4.482377424252,0.00103028905256294
4.482745434496,0.0010385266457211193
4.483116403851,0.0010183035907003132
4.483480173563,0.0010377179191674475
4.483851136054,0.0012857662450753316
4.484310770729,0.001037495516815199
4.484681727583,0.0015740638394876924
4.485244637812,0.002617010899514847
4.486180554951,0.000854195424801034
4.486486044111,0.0008541514328892191
4.486791530616,0.0023697361382659867
4.487639081107,0.0028007583196583167
4.488640885076,0.0028096662425967324
4.489645901607,0.0028050713634323304
4.49064915419,0.0028145357158823013
4.491655725478,0.0028072039723845577
4.492659583654,0.0028103355044091847
4.493664174983,0.0028395492743958197
4.494678723808,0.0028143597864319523
4.495683980766,0.002848757245552373
4.496701067716,0.002810719707478896
4.497704093922,0.002805144811519478
4.498704841969,0.002810875145126499
4.499707320255,0.0028317626191039016
4.500716997876,0.0028321742770814275
4.501726691666,0.002815066909520169
4.502730316631,0.002853189871572307
4.503747580835,0.0028453499676974236
4.50476208669,0.0028361612847502254
4.505773417193,0.002816105912611408
4.506779158818,0.002795929100493186
4.507784187492,0.0027803230866222895
4.508792606994,0.0027483222526282244
4.509794589992,0.00275555217027576
4.510800474091,0.0027990986721690867
4.511822951523,0.0027484361977120862
4.512827462654,0.0014404792927064627
4.513354116695,0.0027393199977388816
4.514356157363,0.002749690797458556
4.515362464512,0.0027797375129725186
4.516379975741,0.0027805994975081886
4.517398035515,0.002751665548081305
4.518405808432,0.002744883585317279
4.519411516235,0.0027505961533301057
4.520419633623,0.0027419589699973655
4.521424705464,0.0027486500130159634
4.522432551125,0.002741602828803574
4.523438319948,0.0027395776710171433
4.524443775619,0.002745034990209036
4.525451739937,0.0027235811227717894
4.526452334512,0.002741502596635843
4.527459832034,0.0027403977849394827
4.528467415463,0.002727490083229397
4.529471078814,0.002733857426168261
4.530477908738,0.0027136110788948354
4.531478011746,0.0027131874652070107
4.532478808521,0.002712685677752145
4.533480535457,0.0027140947792566976
4.534483598889,0.0027060177712539615
4.535484414111,0.0027511315398838177
4.536503058599,0.0027361076033975843
4.537517088493,0.002726000469208487
4.538528339665,0.002734279977349721
4.539543762251,0.002695366366343892
4.540545718783,0.002690396563697841
4.5415469813,0.0027242967866979305
4.542561882996,0.0026966724580871205
4.543567439006,0.0026842560203769366
4.544569385518,0.002708576883947734
4.545581473383,0.0026736654291616407
4.54658157707,0.002676999042645453
4.547584004389,0.0026993189174290815
4.548595893826,0.002687473896305628
4.549604374296,0.002662354064378777
4.550604486938,0.002659958393023695
4.551604788119,0.002673428488204592
4.552611418404,0.002657712674011784
4.553613538476,0.0026594056503665277
4.554617834293,0.0026548269011968284
4.555623337844,0.002651540590201173
4.556634681008,0.002742255941099127
4.557690449363,0.002594618574928084
4.558695165447,0.0026104777472430347
4.559708152635,0.002700603713473762
4.560757776985,0.002608272680581744
4.561772825378,0.0025938611803077174
4.562783266001,0.002584268876147468
4.563790844823,0.002625245343586437
4.564815426599,0.0026004095425561534
4.565831352535,0.002612885117073495
4.566853018699,0.0025615187070384703
4.567855182188,0.0005918628065230172
4.568086844932,0.0025682489460469695
4.569092333782,0.002558787046315238
4.570094694195,0.0025654321001060488
4.571100151515,0.0025794097279815496
4.572111439526,0.002550085052410548
4.573111505593,0.0025672177647553395
4.57411858872,0.0025967691948394264
4.575137648903,0.0025744712599447715
4.57614846081,0.002546555315016139
4.577148920716,0.002562763375384417
4.578156541282,0.002545033731403367
4.579157876957,0.0025502330118031768
4.580162050801,0.0025832632001829424
4.581180192325,0.002547771803113167
4.58218524302,0.002566204101611861
4.583198510758,0.0025504671860144025
4.584206420442,0.002546863962078971
4.585213795508,0.002530562399031427
4.586215570845,0.0025588929593656036
4.58722921554,0.002531024231043664
4.58823252037,0.0025275666625386817
4.589235303447,0.0025237917557429843
4.590237429556,0.002525964184316572
4.591241296211,0.002533419355340415
4.592249068578,0.0025706236535634306
4.593272697788,0.00251921976432163
4.594277028282,0.002520630424966125
4.595283207783,0.0025177896223913306
4.596289600907,0.002572222700968455
4.597320547816,0.0024795286720770103
4.598322787664,0.002460733267108985
4.599328679307,0.0024782905686774417
4.600348833132,0.002434129356145844
4.601353111184,0.00244518972749012
4.60236371783,0.002433911983503018
4.603371174004,0.0024177701438421527
4.604373401961,0.0024293870603561752
4.605381824855,0.002458664911463924
4.606403719853,0.002429743629940981
4.607414945143,0.0024213800567353407
4.608423879642,0.0024363637588186602
4.60944020179,0.002404327353301432
4.610444399239,0.00240905713876019
4.611451781844,0.0024011668503370436
4.612456894221,0.0024035070170523435
4.613464001578,0.0023866728289931864
4.61446519613,0.0023949810784909716
4.615470935497,0.0024278595643867813
4.616491196851,0.002403096173128834
4.617501999296,0.002396833344293918
4.618511256683,0.002400306602372265
4.619523019326,0.0024030854376088408
4.620537025749,0.0024089060097077612
4.621554734627,0.002419413785513914
4.622578104318,0.002392188821328469
4.623591179594,0.0023801995763487824
4.62460041848,0.002364769039017603
4.625604277928,0.002407441056604402
4.626627553156,0.0023593877480364176
4.627632459912,0.002441159663167209
4.628677695352,0.002323452948112032
4.629680409742,0.0009456332440113479
4.630090152871,0.002334086619984042
4.631104247204,0.0023267244217024777
4.63211699737,0.0023193655368484124
4.633127695927,0.0022979450434805868
4.634129953671,0.002301849383241772
4.635134651465,0.0023379693818851464
4.636155705304,0.0023347657145984363
4.637175797617,0.0022892105150887363
4.63817647974,0.002302587065304308
4.639183458168,0.0023119983279464053
4.640194951232,0.0023087002358269737
4.641205347822,0.0023104586309271222
4.642216763556,0.002305087054000103
4.643226019482,0.002283948510323971
4.644226127352,0.0022845434418065805
4.645226664924,0.002300854019836294
4.646234591255,0.0023114915528826994
4.647247426458,0.0022993757453748987
4.648255213596,0.0023574196880616345
4.649288686297,0.0022915428190041884
4.650293469163,0.0022874588558008443
4.651296603389,0.002306223372958942
4.652308000313,0.0023214029306654277
4.653326153266,0.0023178540477430663
4.654343015204,0.0022966103110077353
4.655350757954,0.002300960914589444
4.656360539464,0.0022902528662828115
4.657365820764,0.002303340653339126
4.658377037366,0.002286131910099964
4.659380835022,0.002290589339082896
4.660386777167,0.002290655819343484
4.661392974059,0.0022894253604747263
4.662398646071,0.0023847835480733932
4.663445891539,0.0022939498768359103
4.664452981039,0.002287613580335886
4.665457091648,0.0023154363939918592
4.66647320129,0.0023112994447582248
4.667487348132,0.0023004590970116374
4.668496739984,0.002316146984656375
4.669513011101,0.0023251618485255203
4.670533098845,0.0022934561380755563
4.671539409481,0.0022810926866523454
4.67254072077,0.002281284121543624
4.67354253983,0.002363145406929966
4.674580801465,0.002301285886850952
4.67559242014,0.002288147621521366
4.676598719756,0.0022929232105541814
4.677607502206,0.002293631356058213
4.678616979909,0.0023035992148073042
4.679631315655,0.002272545849165063
4.68063240885,0.0023356737613738758
4.681661717296,0.0022805158245111107
4.68266715311,0.0023006844180385668
4.683681954793,0.0022753750059394564
4.684686025916,0.0022947125114699462
4.685699010406,0.0023359845137152255
4.686730702045,0.002300295990867284
4.687747271659,0.002262787831872568
4.688747954736,0.002282121147115906
4.689757983066,0.002305803934032927
4.690779258278,0.002262356098251242
4.691781994147,0.002268809748430301
4.692788553589,0.002268130869380236
4.693796061383,0.0022674698899379114
4.694804511966,0.0022578496816272335
4.695809868442,0.002306728717865343
4.696838368875,0.002260052850996734
4.697848173187,0.002235009376787045
4.698850093592,0.0009409263467768965
4.699273276451,0.0022348847843664463
4.700284454033,0.002220182993233599
4.701294295756,0.0022775632107185405
4.702333096779,0.002195275382127084
4.703334618341,0.002236854940950878
4.70435609134,0.00223683676786611
4.705379693703,0.0022406590879037705
4.706408619975,0.0022399539744772275
4.707442119755,0.0021658831100812136
4.708446099928,0.002150245203421296
4.709447194914,0.0021556139835714524
4.710454824371,0.0021426388713906776
4.711460086464,0.0021415900103611326
4.712467927585,0.0022057214048265767
4.713508139237,0.0021193402729278994
4.71450906073,0.002116586930298253
4.715509807695,0.0021898125164948883
4.716546329189,0.002168275899071189
4.717573792724,0.0021197215939599305
4.718579621193,0.0021565668992112107
4.719604401769,0.0021166088744112763
4.720611417664,0.002119159266749295
4.721620740265,0.0021339388763285975
4.722638258078,0.002110581689853199
4.723645760927,0.002102984607638479
4.724650582256,0.0021024788530155498
4.725656028598,0.002103749442868573
4.726662994351,0.0020874489191222458
4.727663063897,0.002120795127577527
4.728680404174,0.0021549102433447123
4.72971534146,0.0020849334488714792
4.730717345475,0.0021614357755159893
4.731756823702,0.002080570395706131
4.732758214365,0.002080441590921107
4.733760313781,0.0021152657775180585
4.734780036206,0.002170201613266821
4.735827172263,0.002092080926217373
4.736837560782,0.0021014100760342494
4.737853495213,0.002088585667229072
4.738864350149,0.00206623420048174
4.739865394597,0.0021098561608096254
4.740888524758,0.002125882735165885
4.741920634215,0.002068265735902695
4.742926338547,0.0020617855309513723
4.743931880995,0.0020905498534782778
4.744957539846,0.0020584164759561846
4.745973173452,0.0020644969519061766
4.746995073425,0.0020209204244827617
4.747997176029,0.0020144922535682004
4.748997446477,0.002023184740587979
4.750003309202,0.002034233760740137
4.751016180627,0.0020784262411465966
4.752053110633,0.0021309599079548727
4.753118462598,0.0020014570208716754
4.754120891801,0.0020095411957431215
4.755129144601,0.002066356633400584
4.756167997834,0.002097425396363281
4.757224528422,0.001989931019791445
4.758228427581,0.0019791815394742452
4.759228472009,0.0019902567646892977
4.760235826465,0.0020136337208872704
4.761256360001,0.0019753533499934353
4.762258485448,0.001973133492620933
4.763260701131,0.0019886028338879703
4.764272015463,0.0019841942016833214
4.765282323189,0.001975334672341979
4.766289480052,0.0020005865220321653
4.767310661419,0.001979464948744867
4.768322257855,0.0019890799467355866
4.769339836235,0.0020131811787440163
4.770370728655,0.0019530130526032021
4.771371724419,0.002078244930802869
4.772437678665,0.0019997297670035492
4.773464342232,0.0019654138407123865
4.774474315842,7.69117701921227e-05
4.77451384694,0.001976954595217335
4.775530729672,0.0019598671176725966
4.77653990369,0.001953224203819449
4.777546826074,0.002008796173303657
4.778583620845,0.0019425665833516664
4.779587086971,0.0019562042783896924
4.78059852826,0.0019637764555149703
4.781614983186,0.0019680785495676937
4.782634635873,0.001969567518888375
4.783655941716,0.0019459204393859762
4.784666488861,0.0019393808691536868
4.785677658918,0.0019192515317510484
4.786683320722,0.0019149621183418939
4.787690113553,0.001934691082170439
4.78870887844,0.00200627532410719
4.789766571874,0.001973047832171182
4.790807754116,0.0019608971059214726
4.79184356696,0.0019099127950886713
4.792853498738,0.0019040772290221403
4.79386133319,0.0018928531291983837
4.794864102789,0.001949883636577897
4.795898038058,0.0018896545657893819
4.796901026488,0.001891642494076306
4.7979059964,0.0019194390617012554
4.798926760434,0.0020090930883961086
4.799996424641,0.0018868625241836726
4.801002109829,0.0019890650336229364
4.802063435717,0.0018914508997843905
4.803073709084,0.001902348161937546
4.804090686247,0.0018834235705352824
4.805098484872,0.0019342024834440306
4.806134481103,0.0018755660107227581
4.807140016698,0.001997526212151301
4.80821199612,0.0018892508479284615
4.809226764903,0.0018717565334310444
4.810232933101,0.0018702412087661891
4.811239057656,0.0018662818074206904
4.812243889742,0.0019025280481854729
4.81326922038,0.00188624203471175
4.814286679944,0.001880678471113465
4.815302052507,0.0018707074329501624
4.816312997945,0.001879858314260393
4.817329865132,0.0018543040506526825
4.818333815751,0.001892268046916662
4.81935926187,0.0018502041045759616
4.820362960814,0.001863369865150223
4.821374682801,0.0018410017878730612
4.822374829207,0.0018431574336748942
4.823376929344,0.001859674413276231
4.824388871206,0.0018512094823762055
4.825397042039,0.0018552975493642144
4.82640843666,0.001863857807827585
4.827425390765,0.0018568502103714012
4.828439521494,0.0019328403672554623
4.829496141193,0.0019539016674493008
4.830565295332,0.0018706587437718344
4.83158990573,0.0018246417909958158
4.832590210567,0.0019104773829715113
4.833638512768,0.001864829085314447
4.834662755506,0.0018814512946487626
4.835697178253,0.0018711658415985666
4.836727270656,0.00193173619454136
4.837792073576,0.0018482005350199575
4.838811979311,0.0018422332374404364
4.839829747231,0.0018429422249987195
4.840849100445,0.0018131300019501547
4.841853016544,0.00185879639171604
4.842883422632,0.0018350438577768703
4.843901953801,0.0018418880279371188
4.844925564693,0.0017996970826648021
4.845926743649,0.0018212487473326273
4.846940949185,0.001816596995237318
4.847953804171,0.00192992342033084
4.849031382978,0.0017938819037152103
4.850034094341,0.0018861462602909383
4.851089323727,0.0018032284151897667
4.852099130896,0.0017943962072889499
4.853104830382,0.0017837243751499213
4.854105547427,0.00179039062371948
4.855110938078,0.0017891219363010493
4.856116575337,0.0018026749643777482
4.857130918997,0.0012270755741238444
4.857822048843,0.0018220648557981895
4.858849081036,0.001776017518045768
4.859851066524,0.0018101774711327579
4.860873275532,0.0018078029656746837
4.861895225856,0.0017906508313196238
4.862908603162,0.0017758742206635649
4.863914793149,0.001789880235450299
4.864930066923,0.0017932242982474805
4.86594818653,0.0017839587786070083
4.866961926416,0.001832553428834596
4.868004170719,0.001816171183849845
4.86903817527,0.001776073495921235
4.870050471642,0.001766430098471993
4.871058393383,0.001757256900300665
4.872062242523,0.0017816809347170936
4.873081142291,0.0017996628896378485
4.874111490567,0.0017495910142634667
4.875114304753,0.0017509007587293035
4.876119228661,0.0018239808532224113
4.877167745389,0.0017672694773072165
4.878184972894,0.0017653793245474613
4.879202199362,0.0017632593302454051
4.880219414859,0.0018553690161346814
4.881291358535,0.001814008051260066
4.882341840759,0.0017661770384526123
4.883367705237,0.0017223687999687095
4.884370827862,0.0017213240551306513
4.885375339781,0.0017203644856613664
4.886380890408,0.0017184085108215698
4.88738661299,0.0017917082010381724
4.888436718549,0.0017258755013494244
4.889449684255,0.0017168175840630794
4.890458691523,0.001711140064032345
4.891465773445,0.0018154101653900848
4.892535782456,0.0017616896536339465
4.893575782456,0.0018090430521227237
4.894645588916,0.0017501604478162133
4.895682617427,0.0017492402310647043
4.896721026023,0.0016944146472464192
4.897728250829,0.0017285136052269247
4.898756802956,0.0016864226983450215
4.89976149772,0.001678554924632201
4.900762825834,0.0016809430529465268
4.901766853064,0.0016858787768403807
4.902775153721,0.001687191525568271
4.903785636302,0.0016882041424656584
4.904798160735,0.0017297833441748442
4.905837149647,0.0016884759883762578
4.906852708513,0.0017177322342757598
4.907887109282,0.0017063942145688039
4.90891600205,0.0016585021450988442
4.909917328011,0.0016790550920418343
4.910932376227,0.001662135429485459
4.91193854504,0.001663806638528837
4.912947204347,0.0016640617669062285
4.913957564543,0.0016713327651945425
4.914973883346,0.0016730831006681306
4.915992929492,0.0016827583755347388
4.917019574289,0.0016497406428498005
4.918027376754,0.00023074685010003414
4.91816844983,0.0016407897639865274
4.919172043154,0.0016341107846960332
4.920172889723,0.0016741971895212454
4.921199791585,0.0016346168874443207
4.922203818828,0.001633502072528139
4.923208581653,0.0016594114167010948
4.92423060887,0.001647962743343517
4.925246979005,0.00168737279782246
4.92628911674,0.0016994397369883662
4.927340125368,0.0016789317109917995
4.928380125368,0.001679271323580835
4.929421970007,0.001688628398706248
4.9304711379,0.0016184185463462297
4.931478393624,0.0016647915171326656
4.932516260171,0.0017082751083090024
4.933582729076,0.0016830921302441225
4.934635226286,0.0015980161121339246
4.935636341853,0.0016099403234318826
4.936646533957,0.0016448697046879271
4.937680685866,0.0016173353037021146
4.93869946422,0.0016082097319303423
4.939714041757,0.0016635583697069763
4.94076543894,0.0016433427119243562
4.941805916257,0.0016407097111832381
4.94284662787,0.0015860592688977295
4.943854500544,0.0016395943261993983
4.944898314966,0.0015868979386287436
4.945910577549,0.0016534784218356264
4.946967612122,0.0015669982483098987
4.947971395019,0.0016291044858878865
4.949017173542,0.001577251716732735
4.950031705909,0.0016389623429300527
4.951087971243,0.0016676849579456239
4.952164835523,0.0015641666568094903
4.953176601889,0.0015673860049478434
4.954192235227,0.0016293080417555546
4.955249983814,0.001546978041096511
4.956256105755,0.0015716605452977808
4.957280033593,0.0015932339186174743
4.958319770537,0.0015715618371988803
4.959346726941,0.0015658958265967998
4.960371457507,0.0015456665825038082
4.961384552929,0.0015915942950752407
4.962429381443,0.0015219473035671751
4.963430142008,0.0015227512179537947
4.964432919264,0.0015613678164155833
4.965462638514,0.0015738908403436227
4.966502181896,0.0016144567643310507
4.967570181896,0.0015481926115472886
4.968596047868,0.0015388640375761451
4.969617278746,0.0016086469552570243
4.970686315645,0.001587966289790389
4.971743145639,0.0015252191583037603
4.972759797035,0.0015086111558230584
4.973766989573,0.0015286598926536128
4.974789153388,0.001493316839109622
4.975789200292,0.0015139107090439703
4.97680446384,0.0015482761952556347
4.977844189364,0.0015269990868313679
4.978870952646,0.0015283729287862335
4.979899988459,0.0014893325170000898
4.980904083705,0.001549455363197607
4.981950018258,0.0015393075296533563
4.982990498594,0.0015678028365144893
4.984051792608,0.0015406259645363257
4.985096104708,0.0015215595857102277
4.98612886554,0.0015039602576561535
4.98715091782,0.001475680118052298
4.988154964232,0.0014736937670637269
4.989159033099,0.0014703331899376248
4.990162120694,0.0015488914332536302
4.991220091811,0.0015376328143732474
4.992271803554,0.0014692902274266969
4.993278122457,0.0014710133409929788
4.99428681034,0.001464230731865948
4.995291987044,0.0008223237072737072
4.995856921255,0.0005866628206846587
4.996260365699,0.0014595561905106304
4.997264651732,0.0014774080480795353
4.99828244394,0.0014597828507476073
4.999289462841,0.0014662699273838122
5.000302546344,0.0014548578459783522
5.001309250148,0.0014990340049757167
5.002347797465,0.0014452177840032353
5.003350285674,0.0014465217026451594
5.004355023054,0.001447793357219033
5.005361955281,0.0014604680716473054
5.006378890699,0.0014517666168285973
5.007390913611,0.0014424489433539696
5.008397777459,0.0014350734574929771
5.009400856361,0.0014517110928491939
5.010416878715,0.0014839005209795794
5.011456878715,0.0014808494547781774
5.012496878715,0.0014775406149511877
5.013536878715,0.001459372856431747
5.014567471825,0.0014317012608962244
5.015581726366,0.00142848903011175
5.016595924447,0.00142583786598758
5.017610092627,0.0014524439742204835
5.018645005193,0.0014081630760498177
5.019650067963,0.0014261139107102062
5.020669525453,0.0014450095181127837
5.021703953386,0.0014320225899665075
5.022730303272,0.0014493919368208962
5.023770303272,0.001443726970101721
5.024807531345,0.001417227987310262
5.025827040589,0.0014359223875233995
5.026861220246,0.0014571423807494105
5.027911884858,0.0013947461312007205
5.028918721607,0.0014121258433055066
5.029939258179,0.001406330522311553
5.030956820774,0.0013852344975053916
5.031960289315,0.0014079195298898925
5.032981299274,0.0013913907574673577
5.03399135188,0.0014742146497435952
5.035062583694,0.0014669575504019973
5.036129708425,0.0013737735110149727
5.037130275346,0.0013850340680267438
5.03814009093,0.0014148649710600072
5.039172356435,0.0013717024845249976
5.04017366528,0.001391833317415787
5.041190293604,0.00137697657127092
5.042196703015,0.001396913411445657
5.043218311413,0.0014099424690594358
5.044250156841,0.0013816057017191693
5.045261933577,0.0013661851719004216
5.046263016181,0.0009836668267792276
5.04698414957,0.0014200732888285266
5.048025926891,0.0013700696025426135
5.049031631168,0.0013708661665069717
5.050038536602,0.0013866442831307205
5.051057625581,0.0014259139390442358
5.052106311741,0.0013620771296414301
5.053108763811,0.001444071565255116
5.054172152076,0.0014386004654047264
5.055232269908,0.0014142399483625056
5.05627514183,0.001442932489296639
5.057339875512,0.0013762050949590145
5.058356135685,0.0013740463445371751
5.059371435988,0.0013868164109266084
5.060396833351,0.0013792321056446827
5.061417343997,0.0013723935553225264
5.062433530945,0.0014006866156122421
5.06347153655,0.0014203468745874247
5.064525145483,0.0013605685870894252
5.065535426604,0.0014514259798108122
5.066614098232,0.0013466312817206631
5.067615770867,0.0013971499398698793
5.068655770867,0.0013849318809433736
5.069687514285,0.0013694283497854157
5.070708661859,0.0014441755617146325
5.071786427205,0.0013574467634941446
5.072800364843,0.0013391498356298628
5.073801549082,0.00136673877982235
5.074824212451,0.0013661708398054544
5.075847307779,0.0014011181229569272
5.076897382051,0.0013430050422447392
5.077904786624,0.0014307381043231332
5.078979169808,0.0013372721365250738
5.079984413136,0.0012064573578331327
5.080892105025,0.0013651900961362952
5.081920009569,0.0013757485074346505
5.082956872839,0.0013375480218578522
5.083965928522,0.0013722776503554235
5.085001922511,0.001372340205848205
5.086038675309,0.0007163633545045857
5.0865801692,0.001346557565390225
5.087598747163,0.0013368591530521835
5.088610837264,0.0013710205776349582
5.089649826084,0.001322374884756079
5.090652996628,0.001319168698645576
5.09165468679,0.0013354412448537308
5.092669794651,0.0013974243867639225
5.093733190075,0.0013314766807805236
5.094747667223,0.001393539382178155
5.09581084976,0.0013174776614614182
5.096817095264,0.0013161434910725653
5.097823305277,0.001359844005119084
5.098863811675,0.0013224648607659116
5.099876855775,0.001329821662459055
5.100897013139,0.0013042314387255415
5.101898554016,0.001377358682254211
5.102957035657,0.0013403998342985924
5.10398844982,0.0013008992934703785
5.104991129819,0.0012944535470314743
5.105991455349,0.0012981769175772738
5.107000589223,0.0012882645657049754
5.108008911718,0.0013367184790549558
5.109059310891,0.0013246934561933874
5.110102729091,0.001271547447279999
5.11110587038,0.0012807127638457174
5.112117913812,0.0012681674447309159
5.113121553838,0.0013426692296741496
5.114185461348,0.0009260771813324303
5.114920181554,0.001272685350141957
5.115931015851,0.0012876107647601712
5.116955036893,0.0013150968913340111
5.118002351919,0.0012724317903402167
5.119017168561,0.0012578407533332056
5.12002178195,0.001333734660844503
5.121088408284,0.0012988045151941143
5.122128408284,0.0012490966277104827
5.123129899946,0.0012529779727017574
5.124135754645,0.0013229649730056802
5.125199173697,0.0013365233862595973
5.12627501789,0.0012570180896300798
5.127288166088,0.0012491113150527385
5.128296157955,0.0012421280615363735
5.129299848452,0.0012718322134581167
5.130328889526,0.001272324543605708
5.131359737433,0.001236274799713053
5.132362791731,0.001234936466865898
5.133365978477,0.0012583949494440253
5.134389302631,0.0012774053732533275
5.135429302631,0.0012558288299808083
5.136453087717,0.0012489385641013089
5.137472529058,0.0012759937494795821
5.138515321335,0.00125315203275194
5.139540639704,0.0012958414211370723
5.140602233365,0.0012662348670770007
5.141640902125,0.0012357372255317833
5.142655796244,0.0012597057009065904
5.143691837381,0.001240346318400638
5.144713441068,0.0012372616693466399
5.145733827495,0.0012455361941003137
5.146762260815,0.0012616978153906226
5.147805245448,0.0012400034592906224
5.148831493207,0.0012182048667396337
5.149840951096,0.0012510172686436942
5.150879007081,0.0012408761869663076
5.15190996296,0.0012294461602950528
5.152932598092,0.0012202972917179217
5.153948814733,0.0012599613696187722
5.1549993958,0.0012547271306002728
5.156047035503,0.0012426840524529489
5.15708602758,0.001237755722097078
5.158122320965,0.0011997549409515894
5.159128092104,0.0012066586679637323
5.160140916809,0.0012091827546761844
5.16115724943,0.0012279321553515792
5.162190866165,0.0012082324816423315
5.163209449979,0.0012459753560849077
5.164261246344,0.001197848048215963
5.165273647705,0.00046331916087475196
5.165665640049,0.0011839068044831175
5.166667844992,0.0012420966723812156
5.167720593269,0.0012640417965045529
5.168793336916,0.00119211703336045
5.169806288697,0.0012223386621665897
5.170846288697,0.0011872488345033435
5.171857760424,0.001174290164527931
5.172859533685,0.0012176252209807632
5.173899533685,0.0012163426604831266
5.174939533685,0.0012248109016833172
5.175987823747,0.0012121909194752205
5.177026416098,0.0012392633378176142
5.178089561707,0.001210670202410667
5.179129561707,0.001172328493139891
5.180137795754,0.0011647635024758442
5.181140476042,0.001202617816110336
5.182176927755,0.0011741428621161833
5.18319004378,0.0012290135718279107
5.184251744727,0.0012024936850454485
5.185291744727,0.0012009792572752762
5.186331744727,0.0011661726908326977
5.187342745772,0.001151980304958502
5.188342757408,0.0011594782919134088
5.189350628216,0.0011677336453393215
5.190366950542,0.001218428102913634
5.191428601137,0.0011923375716356868
5.192468601137,0.001155381523344131
5.19347750574,0.001155427507119135
5.194487540388,0.0011455903525064706
5.195490368083,0.0011450708463892837
5.196494142559,0.0011441468114837198
5.197498181977,0.001119708861390956
5.198481829687,0.0011647984925454795
5.199506233157,0.0011502316389567712
5.200519058038,0.0011350432351188318
5.20151975071,0.0011972974288902843
5.202576592495,0.001164391989863175
5.203605785565,0.001158349768836487
5.20463117107,0.0011486624832806537
5.205649273121,0.0011288964929319484
5.206650835191,0.001162616642089629
5.207683264669,0.001171201787466189
5.208724302525,0.0011420073409479019
5.209740461748,0.001146254353984258
5.210761580004,0.0011268096776081184
5.211766528792,0.0011768911452348034
5.212817429626,0.0011814164670783632
5.213873682791,0.0011253348375656475
5.21488082667,0.001162575312460223
5.21592229863,0.0011460372115961225
5.216950028952,0.0011373392431328856
5.217970995112,0.0011640853221817125
5.219017020401,0.0011383566452846737
5.220041055567,0.0011141901037899592
5.221044453701,0.0011128793478091075
5.22204765445,0.0011105186250775347
5.223049702552,0.0011325531764289428
5.224072729444,0.0011501314296445807
5.225112729444,0.0011488801612331836
5.226152729444,0.0011133208954552786
5.227161604698,0.0011113765969785268
5.228169755723,0.001111067510793422
5.229178740712,0.0011375642495915046
5.230212941089,0.0011426333242268035
5.231252941089,0.0011018565140545054
5.232256905071,0.0011024000636970948
5.233262440135,0.0011389712495120429
5.234302440135,0.0011799161366091587
5.235381053806,0.0011363803569315106
5.236421053806,0.0011096702325143412
5.237437648781,0.0011028171579831655
5.238449004011,0.0011328424073409147
5.239489004011,0.0011317049004764903
5.240529004011,0.0011305698198276401
5.241569004011,0.0011361879864712566
5.242615328093,0.0011063689732596406
5.243635328093,0.0011009927255426059
5.244651328093,0.0011125058912534018
5.245678894854,0.001111474587057989
5.246706458047,0.0011342514240302033
5.247756077849,0.0011177753497357333
5.248791556041,0.0011524254217014029
5.249860290267,0.0011202709179920422
5.250900290267,0.0011192056539563236
5.251940290267,0.0011181637445281253
5.252980290267,0.001116939318449568
5.254020290267,0.0011157265807930593
5.255060290267,0.0010718979873316301
5.256060385136,0.0011134791390960282
5.257100385136,0.0011121950527303733
5.258140385136,0.0011110269487698888
5.259180385136,0.0011100000072412244
5.260220385136,0.00107448903623094
5.261227900562,0.00108023330225775
5.26224171213,0.0010935690110886825
5.263269222452,0.0011337919041501346
5.264335771369,0.0010647992682433125
5.265338301911,0.0010657443916181164
5.266342611417,0.001102540207275272
5.267382611417,0.0010697347780765393
5.268392630749,0.001082332992810143
5.269415471948,0.0011176046820455558
5.270472546505,0.001107156631699656
5.271520756612,0.001097417618370072
5.272560756612,0.0010962367820575622
5.273600756612,0.001094962803111432
5.274640756612,0.0010727681579147765
5.275660593917,0.0010930710831291543
5.276700593917,0.0011100211789408024
5.27775765679,0.0011089818456937403
5.278814717418,8.386009141614092e-05
5.278894717418,0.0010899673971185777
5.279934717418,0.001102491613749742
5.280987595098,0.0010880478480780414
5.282027595098,0.0010777381932474484
5.283058680433,0.0011114425409750547
5.284122974483,0.0010510229129409466
5.285130385632,0.0010884035440544902
5.286174896207,0.001065762339183756
5.28719876341,0.0011100760031698864
5.288266198373,0.0010981291830546242
5.289323244911,0.0010793893898587744
5.290363244911,0.0010424625034926643
5.291368527609,0.0010530412522842094
5.292384945525,0.0010764751441810828
5.293424945525,0.0010754486541336762
5.294464945525,0.0010408315545581194
5.295472364606,0.001073619066321389
5.296512554932,0.001087598804626982
5.297567494966,0.0010710141898584806
5.298607494966,0.0010700550689580817
5.299647494966,0.0010689836444582627
5.300687494966,0.0010678600617582048
5.301727494966,0.0010665642637846934
5.302767494966,0.001065406144453908
5.303807494966,0.0010646244872398749
5.304847494966,0.0010819241307002331
5.305905325144,0.001026281221991435
5.306909760842,0.0010615119590667193
5.307949760842,0.001060443705272484
5.308989760842,0.0010593144931513052
5.310029760842,0.0010581667955547288
5.311069760842,0.0010570464284991629
5.312109760842,0.0010911735898471648
5.313184384784,0.0010177770140500245
5.314187840643,0.0010729278851946433
5.315246886941,0.00101622223179579
5.316250905061,0.001012007930250174
5.31725173777,0.0010534926261979473
5.318294711321,0.0010492076612863143
5.319334711321,0.001047834461201979
5.320374711321,0.0010172334363336422
5.32138554091,0.0010093368376437567
5.322389665728,0.0010618733690452452
5.323446902048,0.0010437767926110492
5.324486902048,0.0010428020785371232
5.325526902048,0.0010663852477955315
5.326591413075,0.0010734598473618507
5.327664093067,0.0010064380439887574
5.328670815751,0.0010393765954542125
5.329711488402,0.0010383047871591567
5.330752157692,0.00106285021532941
5.331818566892,0.0010113872288834511
5.332834392326,0.0010587600071380791
5.333899049344,0.0009933997221257891
5.334899088647,0.0010192460530199594
5.335926196345,0.0010274676101699332
5.336962584452,0.0010246684611432777
5.337997081105,0.001035206484699897
5.339043239604,0.0009960622912719075
5.340050824839,0.001019669928449052
5.341083343689,0.0010116320188712298
5.342109054588,0.0010160896842780463
5.343140427952,0.0010210083243003122
5.344178100834,0.0010564683018632088
5.345253087872,0.0010074053161782165
5.346284844797,0.0010086930930691088
5.347329542197,0.0009687087117617484
5.348339295612,0.0009956468713759818
5.349379614107,0.0009636433053013334
5.350388086353,0.000976999724335933
5.351411923704,0.0009733689418223982
5.352433317153,0.0009883170296166026
5.353471857206,0.0009663193694593706
5.354488774365,0.0009626225908737753
5.355502978657,0.0009495062869143833
5.356504343863,0.0009528842214147536
5.357510318355,0.0010149789685545464
5.358583078658,0.0009750184587795129
5.359614761509,0.000947114972028161
5.360617913414,0.0010087396854551317
5.36168738224,0.000979944144755729
5.36272738224,0.0010046692536639303
5.363794687451,0.0009780082621056105
5.364834687451,0.0009769730462321675
5.365874687451,0.0009393370384880535
5.366875588038,0.0009751903508577627
5.367915588038,0.0009930097757806413
5.368975588038,0.0009734060577938536
5.370015588038,0.000972438890361188
5.371055588038,0.0009592562547586173
5.372082869153,0.0009492222964297435
5.37310077064,0.0009427578643604221
5.374112541932,0.0009640138330983229
5.375147616017,0.0009633791670644386
5.376182769154,0.0009669454114557536
5.377222769154,0.0009659978378020669
5.378262769154,0.0009725213914096734
5.379310894182,0.0009778108175798113
5.380365869684,0.0009704251653997656
5.381413992113,0.0009421016606007037
5.38243252697,0.0009610379488984884
5.38347252697,0.0009600676691374445
5.38451252697,0.000990420119415275
5.385586363632,0.000978355244023465
5.386648038955,0.0009573943826132271
5.387688038955,0.0009303165164946606
5.388699672917,0.0009262671963805444
5.389707910034,0.0009305780553347762
5.39072198021,0.0009331692267780606
5.391740228206,0.0009643336056942171
5.392793819689,0.0009197090624000302
5.393799610724,0.0009204248659791147
5.394806889726,0.0009278822033337505
5.395823017745,0.000925373548022447
5.396837215736,0.0009119377400020123
5.39783761337,0.0009157859780122735
5.398843179995,0.0009462717668781136
5.399883179995,0.0009452917564209495
5.400923175857,0.0009617129852366209
5.401982302166,0.0009433943554238107
5.403022299393,0.0009169716355581281
5.404034267121,0.0009341300293127845
5.405066267121,0.0009403067331799109
5.406106267121,0.0009392760725788749
5.407146267121,0.0009237469298675505
5.408170267121,0.0009218706733419749
5.409193226712,0.0009068328545373837
5.410200287884,0.0009501713698490481
5.41125648453,0.0009347709935874685
5.41229648453,0.0009338240929694683
5.41333648453,0.0009329036590399289
5.41437648453,0.0009320890752906675
5.41541648453,0.0009310986132767065
5.41645648453,0.0009367688027372621
5.417503872108,0.0009293108706181365
5.418543872108,0.0009593181074202059
5.419618504443,0.0009008145875018413
5.42062862139,0.0009288090804456554
5.421671194979,0.000925725117424354
5.422711194979,0.0009551971449242602
5.423785169796,0.0009384878279972855
5.424841337496,0.0009304186156119514
5.425889421099,0.0009498424554191968
5.426960403627,0.0009214647325579902
5.428000403627,0.0009030757661668767
5.429020611019,0.0009197735746701557
5.430060611019,0.0009189120631773807
5.431100611019,0.0001412764911660722
5.431260611019,0.0009179115629375313
5.432300578979,0.0009242392334233219
5.433348660765,0.0009168186144878908
5.43438926612,0.0009027463336957209
5.435414810504,0.0009045217603988098
5.436443272674,0.0009138721366218118
5.437483272674,0.0009130571767406675
5.438523272674,0.0009122226897370399
5.439563272674,0.0009114320020036363
5.440603272674,0.000910693936939753
5.441643272674,0.000909950577498117
5.442683272674,0.0009092065229996001
5.443723272674,0.0009084500886081684
5.444763272674,0.000907645828949837
5.445803272674,0.0009068181592819886
5.446843272674,0.0009060323802178493
5.447883272674,0.0009052973675567407
5.448923272674,0.0009046186805822826
5.449963272674,0.0009213022703316282
5.451023272674,0.0008810969059338465
5.452037847185,0.0008780587433246474
5.453049716855,0.0009048401045873249
5.454093242545,0.0009308254065142607
5.455167659694,0.0008969698146342233
5.456204072382,0.0008991753381447623
5.457244072382,0.0008983728516348998
5.458284072382,0.000897636353150211
5.459324072382,0.0008665772007800537
5.460328712262,0.000885290423440739
5.461355614114,0.000865708952868218
5.462360417281,0.0009222345741455336
5.463431613205,0.0009223823399332693
5.464503819268,0.000873020285904651
5.46551942701,0.0008718830823734765
5.466534483394,0.0008927657427272472
5.467574680572,0.0008779624391380902
5.468598521045,0.0008749699950256838
5.469619553988,0.0008729709550507873
5.470639021343,0.000870173836789833
5.471656038142,0.0008797368810898516
5.472685061234,0.0008807746471416841
5.473716121525,0.0008804011793907038
5.474747174391,0.0008758235757967099
5.475773446162,0.0008721869262050014
5.476796248209,0.0009195816246789748
5.477875284832,0.0008781880210043241
5.478906316993,0.0008775217515922947
5.47993734399,0.0008527281540034443
5.480940049313,0.0008813509632367638
5.481977006082,0.0008716614725349336
5.483003242237,0.0008876718724024766
5.484049216277,0.0008756032275875573
5.485081883055,0.0008762134437121536
5.486117660325,0.000860546296653785
5.487143873339,0.0008916545766600361
5.488219271896,0.0008335891846591465
5.489229432302,0.000847052258589235
5.49025790671,0.0008445922112685524
5.491284810019,0.0008218630678045754
5.492285340021,0.0008269144016884247
5.493293030461,0.0008280710365461218
5.494303162531,0.0008403371933242344
5.495329288162,0.0008264231592862121
5.496339408301,0.0008446414198147553
5.497372726031,0.000827206413412416
5.498385541944,0.0008254335044594001
5.499397154307,0.0008216052714583908
5.500405052996,0.0008429132084077975
5.501439890213,0.0008306271018604637
5.502460364662,0.0008337736204682738
5.503485505903,0.0008461918201774893
5.504526791683,0.000813644955194318
5.505528907406,0.0008232526622533338
5.506543593116,0.0008165710178590691
5.507550728813,0.0008321502195323664
5.50857794895,0.0008417765770189869
5.50961794895,0.0008230092511554641
5.510635594936,0.0005819286003564028
5.511355594936,0.00029125908228094566
5.511716243255,0.0008485688358510128
5.51276742095,0.0008238430033897325
5.513789569658,0.0008643982768251925
5.514864975265,0.000865032749941538
5.515943389795,0.0008060087620679454
5.51694994038,0.0008264524154214118
5.517984877636,0.0008165040475658124
5.519010820114,0.0008219851284074512
5.520047235001,0.0008187598687824542
5.521082879826,0.0007904310774898886
5.522085898685,0.0007918909822969602
5.523093515946,0.0008065368560159371
5.524121994085,0.0008119564244843876
5.525158928974,0.00083166191912248
5.526222208457,0.0007975299725333528
5.527243010546,0.0007882497061764079
5.528253053076,0.0008495666661989559
5.529342892029,0.0008566064412460477
5.530442892029,0.0007868977439952088
5.531454366102,0.0008132558367056295
5.532500792873,0.0008535573913860609
5.533600356005,0.0007805370399693039
5.534607022682,0.0007826383218079634
5.535617417924,0.0007850197005930231
5.536631902464,0.0008256519945407639
5.537700021251,0.0007848239747370142
5.538716527461,0.000791395736579408
5.53974282067,0.000792757050096418
5.540771939613,0.0007823937488091122
5.541788606362,0.0008014152946068198
5.542831186482,0.0007744893650567521
5.543839871051,0.000831574098625237
5.544924055302,0.0007785184515878294
5.545940055302,0.000801295853201273
5.54698685741,0.0007841343448282196
5.548012307345,0.000765277811439081
5.549014089532,0.0008006829051517004
5.550063327249,0.0007762961866823499
5.551081602594,0.0007711254972173567
5.552094024781,0.0007928604963248874
5.553135952775,0.000776111159274591
5.554156755008,0.0007802308694780521
5.555183809969,0.0007751624584625315
5.556205039996,0.000816526754088175
5.557281646242,0.0008010547552887008
5.558338789314,0.0007593015076752944
5.559341712591,0.0007697898928867013
5.560359330589,0.0007861454000198469
5.561399468017,0.0007888474347648308
5.562444054734,0.000762228050979413
5.563454281097,0.0007612851909701838
5.564464183138,0.000768605510515982
5.565484629039,0.0008278039611958358
5.566584629039,0.0007605880501524947
5.567596175418,0.0008263026069943132
5.568696175418,0.0008044539732986075
5.569768183832,0.0008246322458077228
5.570868183832,0.0007566046391430073
5.57187839875,0.0007636022356243221
5.572898825197,0.0007517631793622306
5.573904221424,0.0007781671031735745
5.574945795802,0.0007510137119499734
5.57595190213,0.0007849786432406133
5.577004313413,0.0007692849606889249
5.578036295048,0.0007584001236683722
5.579054281707,0.000802226856455306
5.580131787802,0.0007962670373928383
5.581201993427,0.000758732682888572
5.582222401491,0.0007598198302548207
5.583244969816,0.0007773239749038946
5.584291745465,0.0007556832761742902
5.585310009178,0.0007528681624318271
5.586325080587,0.0007505685222289393
5.587337703675,0.0008147825859183819
5.588437703675,0.0008143702719959037
5.589537703675,0.0008001515034483634
5.590619182415,0.0007784665112805206
5.591672165035,0.0008126191774697796
5.592772165035,0.0007974365969701801
5.59385222815,0.0008118089111310863
5.59495222815,0.0008114997447910381
5.59605222815,0.0007926667211189472
5.59712722815,0.000809828703154791
5.598226106269,0.0008102148932522534
5.599326106269,0.000738947003401952
5.600329936519,0.0007523347355569472
5.601352528012,0.0007504751595090815
5.602373247529,0.0007571877495357339
5.603403787061,0.0007714236466472032
5.604454324174,0.0007490631416679657
5.605475036398,0.0007558326759990002
5.606505565768,0.0007622482685854991
5.607545583955,0.0007578021646759313
5.608580352487,0.0007909426197745685
5.609661047527,0.000753603245441878
5.610691566162,0.0007675598269855005
5.61174208115,0.0007452100605620845
5.61276276514,0.0007517977384648692
5.613793274679,0.0007657695585769358
5.614843781096,0.0007652065080233758
5.615894284967,0.0007756135693160247
5.61695988971,0.0007494735141617918
5.617990386927,0.0007634646495707683
5.619040881491,0.000784780195658651
5.620121538416,0.0007980582010386901
5.621221538416,0.0007404978335051454
5.62224583278,0.000744809774451735
5.623279949651,0.0007910352581327108
5.624379949651,0.0007820951930289472
5.625468695238,0.0007894996203943409
5.626568695238,0.0007234133224359167
5.627577584798,0.000776393130079784
5.628661183311,0.0007875365159033677
5.629761183311,0.0007453192778684263
5.63080321933,0.0007861832197718125
5.63190321933,0.0007857910506884739
5.63300321933,0.0007211179990079766
5.634013368053,0.0007846761954090202
5.635113368053,0.000720099368398632
5.636123489562,0.000744398613206784
5.637168368956,0.0007716039106431206
5.638252252826,0.000782509483444652
5.639352252826,0.000711558514967663
5.640353117791,0.0007814975640095069
5.641453117791,0.0007808880557733924
5.642553117791,0.0007483639000429916
5.643608100541,0.0007318235860372443
5.644640390597,0.0007554899069995233
5.645706716004,0.0007370024233307444
5.64674779109,0.0007764673216361323
5.647845688934,0.0007772203131308475
5.648945688934,0.0007258850215248469
5.649973852461,0.0007629622442890625
5.651055404064,0.0007462034914668253
5.652114108754,0.0007132807909288535
5.653126956312,0.0007247658094717218
5.654156955776,0.0007205098305455807
5.655181696318,0.0007045854072822701
5.656184492267,0.0007722938900107292
5.657284492267,0.0007715502328276212
5.658384492267,0.0007703372321758538
5.659484492267,0.0007674893018369329
5.660584492267,0.0007646283017574757
5.661684492267,0.0007634131972796915
5.662784492267,0.0007624423468656292
5.663884492267,0.0007200626304899734
5.664924456162,0.00013283536298291747
5.665116502888,0.0007143124916435667
5.666149518915,0.000726681921975436
5.66720162193,0.0007045612165859222
5.66822270229,0.0007097811321496576
5.669252353285,0.0006949643063758792
5.670261562031,0.0006985502477691294
5.671276892427,0.0007110366619747852
5.672311292265,0.000709008388845133
5.673343702284,0.0007335813893905247
5.674412854484,0.0007450661873649495
5.675499772256,0.0006856369153717166
5.676500899852,0.000710554281115348
5.677539457895,0.0007460727120241731
5.678630996059,0.000750985455810742
5.679730996059,0.0007502200045584106
5.680830996059,0.0007328692839567733
5.681906542823,0.0007412576228565421
5.682995580936,0.0007480130658121452
5.684095580936,0.0007473357076284169
5.685195580936,0.0007466776666708253
5.686295580936,0.0007459032996445776
5.687395580936,0.0006883294738013615
5.688411637912,0.0007445154602676869
5.689511637912,0.0006880739178748083
5.690529217026,0.00074309538447879
5.691629217026,0.0006757956013526213
5.69263057238,0.0007177549209094007
5.693695116782,0.0006842173274423146
5.694710977727,0.0006930314223061165
5.695740831692,0.0007395304534771544
5.696840831692,0.000738748073327603
5.697940831692,0.0006934702564888735
5.698974630203,0.0007189380559310965
5.700047559294,0.0007363507729272496
5.701147559294,0.0007356467791820537
5.702247559294,0.0006886180327130787
5.7032786208,0.0007338908800003193
5.7043786208,0.0007333989062532293
5.7054786208,0.0006741153242765299
5.706490641639,0.0006807327026973755
5.707513569946,0.0006714375432568816
5.708523618677,0.0006937014217985424
5.709568391951,0.0007294708930598175
5.710668391951,0.0007286457277052059
5.711768391951,0.0007278453350637912
5.712868391951,0.0006685005844862391
5.713879698733,0.0007264409425361527
5.714979698733,0.0007257010807699109
5.716079698733,0.0007249876370248229
5.717179698733,0.0006623107890657574
5.718185557407,0.0007234822070890438
5.719285557407,0.0006739242647671736
5.720311493361,0.0006619490687600377
5.721320440417,0.0006979542066255918
5.722385440417,0.0006712949991762733
5.723410769838,0.0006601279617300407
5.724420048684,0.0006887049900948426
5.72547406491,0.0006600131625113646
5.726485167632,0.000656944830129665
5.727492658392,0.000693511200101731
5.728557388712,0.0006790471401866413
5.729601164125,0.0006749448504514037
5.730642111239,0.0006570530372121193
5.731660113189,0.0006662389054459299
5.732695085437,0.0006657276408483635
5.733730893877,0.0006448909041129554
5.73473559082,0.0006547834213522162
5.735757036868,0.0006652560293332129
5.736796221079,0.0006696649844117837
5.737843447584,0.000659222365456817
5.738875537627,0.0006628947005669523
5.739914697296,0.00066209341051918
5.740953857874,0.0006613195413530067
5.741993010697,0.0006494596980458383
5.743014784966,0.0006795103743933232
5.744085000987,0.0006595632031065951
5.745124869364,0.0006771476287486927
5.746193602952,0.0006501000846555226
5.747220845737,0.0006568554484470265
5.748259877028,0.000650634481909721
5.74929003713,0.0006554558294128183
5.750328765024,0.0006600070590656174
5.751375837372,0.0006298491358415794
5.752376318837,0.0006583794989816164
5.753423377721,0.0006390017307714444
5.754440696464,0.0006519300566847385
5.755479702307,0.0006426899383187001
5.756505151094,0.0006338077369384256
5.757517366762,0.0006550258960824749
5.758564400831,0.0006366532229805456
5.759583115093,0.0006611297746125717
5.76064210318,0.0006342340134016085
5.761659150218,0.0006489857057216091
5.762701038658,0.0006646610207156232
5.763769499954,0.0006455111867475595
5.764808471226,0.0006259525397738183
5.765816921429,0.0006443362072657302
5.766855884339,0.0006448516512316055
5.767896696577,0.0006526375542169004
5.768951114341,0.0006274334883491204
5.76996592404,0.0006427658133311024
5.771006553747,0.000641387996679592
5.772046111649,0.0006306706273716567
5.77306942092,0.0006260573573985853
5.774086188035,0.0006766562282048698
5.775186188035,0.0006214573715727053
5.776197491412,0.00064386505286435
5.777246657203,0.0006743104684860042
5.778346657203,0.0006395417282472742
5.779390929789,0.0006466286558496604
5.780448034725,0.0006507718267743624
5.781512899102,0.0006295680216141646
5.782544234654,0.0006443360868037687
5.783601241305,0.0006185967262104671
5.784616826378,0.0006695678384754632
5.785716826378,0.0006252631056372977
5.786745127498,0.00064679654407324
5.787810127498,0.0006674861245301773
5.788910127498,0.0006089195063963018
5.789914522171,0.0006657863811428345
5.791014522171,0.00061390697522014
5.792030142947,0.0006059650537700838
5.793033187815,0.0006163241886488545
5.794053910201,0.0006535908194543666
5.795137183108,0.0006323947559958683
5.796186169772,0.0006206466990651944
5.797216198456,0.0006625927742773255
5.798316198456,0.00060487122585152
5.799320633054,0.0006521838727405419
5.800404687184,0.000659437929181285
5.801504686955,0.0005970235549490391
5.802504686955,0.0006310633793049003
5.803564164509,0.0005946129018794339
5.804564164509,0.0005933226350972426
5.805564164509,0.0006091573680202318
5.806593016241,0.0005928841209400815
5.80759569963,0.000592440335859821
5.808598377224,0.0006018026879620324
5.809617610736,0.0005912840794042591
5.810620276734,0.0006021638052976203
5.81164293416,0.000615625689631067
5.812689386436,0.0006061243424635318
5.813720369434,0.000588867444566644
5.814723006857,0.000588366333980802
5.815725636463,0.0005878743871804815
5.816728261958,0.0006094047216789036
5.817768343344,0.0006203982826324357
5.818827500031,0.000598923879224758
5.819850731816,0.000616072286821511
5.820904291873,0.0005979406080867306
5.821927506638,0.0006152399044932576
5.82298105189,0.00010180952524203903
5.82315546788,0.0005987512545108816
5.824181838048,0.0005964617225251012
5.825205032923,0.0005915923344026866
5.826220608324,0.0006038746088974907
5.827257955161,0.0005951745460921018
5.828281131112,0.0006123474916169877
5.829334630892,0.0005827918766326326
5.8303380038,0.0006086124628427853
5.831386677799,0.0005813862642272654
5.832389218482,0.0006067195983661978
5.83343627929,0.0005866935096648054
5.834449661186,0.000608425825480292
5.835501572197,0.000581490218877345
5.836507889433,0.0005833420722255262
5.837518395652,0.0005844217155390075
5.838531753986,0.0005935187722014408
5.839561874149,0.0005813144165475378
5.840571808327,0.0005850055499855725
5.84158920837,0.0005850316399919563
5.842607694188,0.0005854842365395376
5.843627650055,0.0005765033636552894
5.844632819724,0.0005883224626388155
5.845659093982,0.0005911051294932245
5.846690195195,0.0005892144091743843
5.847718219556,0.0005823983797025602
5.848734656086,0.0005730599980424558
5.849735245606,0.0005764253412936208
5.850742524327,0.0005936552247500984
5.851781276568,0.0005885579061416148
5.852812521519,0.0005757849957556572
5.853822482792,0.0005762263006974677
5.854834433324,0.0005784964944371441
5.855851314446,0.0005867293499410138
5.856883299933,0.0005750570939206763
5.857895410141,0.0005898117433507376
5.858934230541,0.0005919338136631172
5.859977476803,0.0005792039540246134
5.860998887825,0.0005867980020388557
5.862034381559,0.0005657689685286528
5.863034381559,0.0005697963199685146
5.864045701831,0.0005613173000880681
5.865045701831,0.0005604734024202469
5.866045701831,0.0005595774192299351
5.867045701831,0.0005587958215526828
5.868045701831,0.0005581644523312343
5.869045701831,0.0005575653817384503
5.870045701831,0.0005569749653214919
5.871045701831,0.0005564896018939444
5.872045701831,0.0005558795983668645
5.873045701831,0.0005895059285312906
5.874108990055,0.0005521619513676731
5.875108990055,0.0005820471062189372
5.876166179908,0.0005780846097097028
5.877218087036,0.0005498977897940975
5.878220144761,0.0005929450481452582
5.879302222826,0.0005467254399794996
5.880302222826,0.0005453261227769002
5.881302222826,0.0005830972445619438
5.882373655714,0.0005436202061961311
5.883373655714,0.0005432486977855598
5.884373655714,0.0005780751641918144
5.885438655714,0.0005422696499470613
5.886438655714,0.0005417834579857615
5.887438655714,0.0005449078147605611
5.888445237651,0.00056976779605198
5.889498571619,0.0005404778945207325
5.890498571619,0.0005400484352978553
5.891498571619,0.0005396150750167457
5.892498571619,0.0005452603255647792
5.893509894026,0.0005596398642378957
5.894548841719,0.0005393357849216063
5.895551012803,0.0005388974918050587
5.896553180141,0.0005384540482324118
5.897555340601,0.000539787730772912
5.898560898658,0.000537423209968672
5.89956305105,0.0005545186465645983
5.900598053289,0.000536469667082149
5.9016001954,0.0005361206073832871
5.902602334639,0.0005358488941102638
5.903604464045,0.0005356428231745932
5.904606673718,0.0005699629593218077
5.905673731577,0.0005641388611248607
5.906730473454,0.0005579410273375316
5.907776264153,0.0005682268569185454
5.908842046807,0.0005400325301221765
5.909855550079,0.0005498211133060309
5.910888205304,0.0005596362558790264
5.911940433989,0.000549953310869585
5.912975541336,0.0005495262558754965
5.914010635074,0.0005480738895817976
5.915043632419,0.0005516452303085654
5.916083861104,0.0005438553646544766
5.9171099512,0.0005439990254279966
5.918137036233,0.0005605567768543036
5.91919611978,0.0005416643430167353
5.920220263936,0.0005685727793532043
5.921296120484,0.000537766292442903
5.922314440556,0.0005462089194312122
5.923349447203,0.0005344874016495075
5.924362957993,0.0005360001183791287
5.925380184753,0.00052663833885712
5.926380566607,0.000532925420378331
5.927393906214,0.0005316110870586597
5.928405840316,0.0005277251466680678
5.92941157558,0.0005306841585461915
5.930424137177,0.0005264986905911145
5.931429845963,0.0005374849817722879
5.932457651761,0.0005421703259536251
5.933495478248,0.0005542965930181808
5.934557668829,0.0005246708758408382
5.935563955384,0.0005242059403888799
5.936570233776,0.0005336058685179701
5.937595728992,0.0005198620881778799
5.938595728992,0.0005314835497078524
5.939618790801,0.0005267684746667757
5.940633688436,0.0005270593464257358
5.941650112425,0.0005267847762851545
5.942667102911,0.0005172794630057134
5.943667102911,0.0005166629895808109
5.944667102911,0.0005154738237083584
5.945667102911,0.0005131656938351662
5.946667102911,0.0002046230707367923
5.947067102911,0.0005108804179875116
5.948067102911,0.0005431600323769259
5.949132102911,0.0005144188117601418
5.950143226548,0.0005522444352460994
5.951231431834,0.0005251079112767685
5.952268832382,0.000534305390284935
5.953327595676,0.0005027832325930303
5.954327595676,0.0005273818562317912
5.955379858512,0.0005085039961639094
5.956396503574,0.0005234561060388577
5.95744465321,0.0005062547320102463
5.958459906934,0.0005025102799568261
5.959469089899,0.0004974344509343335
5.96046929742,0.000529328008170655
5.961534587938,0.0004973830796874601
5.962536427038,0.0004969259887551611
5.963538259311,0.000496370937097174
5.964540079929,0.0004957347108487129
5.965541896347,0.0004951247798002438
5.966543710337,0.0004945051663858252
5.96754551934,0.0004977471023881082
5.968555309788,0.0005016246132676349
5.969574309505,0.0005238073258605637
5.970639738071,0.000515560722029375
5.971689785626,0.0004919760061086004
5.972693158367,0.0005177389239599591
5.973750532007,0.0005241705783219501
5.974822569569,0.000515805388461684
5.975878959766,0.000492196837239689
5.976888749972,0.0004986523741169812
5.977913363211,0.0005228506785117103
5.978988696454,0.0005116451249818649
5.980042124224,0.0005166747860237447
5.981107933559,0.0005038633771135227
5.982149265068,0.0004886511112601577
5.983161256717,0.0005014648065217977
5.984202578964,0.0005124635463458878
5.985268889873,0.0005038099932537521
5.986318867145,0.00047901984212323726
5.987319068208,0.00047964152005248767
5.988322372532,0.0005149126081005576
5.989401385409,0.0004960267217417398
5.990442687056,0.00048134473245520947
5.991454636399,0.00047582752507218594
5.992456313295,0.0004751334611849844
5.993457984761,0.00047459579943042433
5.994459650543,0.00047412878574964193
5.995461311317,0.00047369654623764383
5.996462966868,0.0004779645128990941
5.997474317718,0.00047306854009792894
5.99847596344,0.0004724202915994429
5.999477130656,0.00047977632466735594
6.000494801984,0.00047201207084249637
6.001496431619,0.00047197861365199685
6.002498055384,0.00048703111754988884
6.003531498265,0.00048822911879932505
6.004567064797,0.00048673444493249385
6.005599849392,0.0004709866472739843
6.006601448853,0.0004766333935889669
6.00761780083,0.00048087083496404994
6.00864519968,0.00047081183374264823
6.009652488047,0.00047210417025178857
6.010663397667,0.00047375942406611103
6.011678834076,0.0004681894323431819
6.01268392839,0.00046972461760512907
6.013693475648,0.00047068083093246754
6.0147058684,0.000482239412495966
6.015744274329,0.00048495042104008414
6.016789340689,0.0005066928259985399
6.0178820517,0.00046688275766241464
6.018889889113,0.00046779211550663255
6.019900412826,0.0004625996180726741
6.020900412826,0.00046373883621863833
6.021903862112,0.0005001043413133995
6.022987111291,0.00046129857966119764
6.023987111291,0.00046093274458323366
6.024987111291,0.0004605623123606716
6.025987111291,0.00046031154906602515
6.026987111291,0.0004640817006591082
6.027996134394,0.00047631718543296046
6.029032623089,0.0005003293193112272
6.030121942838,0.00045891583237279553
6.031121942838,0.0004586307739554692
6.032121942838,0.00045833653541427314
6.033121942838,0.00045799748558881306
6.034121942838,0.0004600161712561117
6.03512686269,0.0004925663325361891
6.036203475428,0.0004713133299124889
6.037234040033,0.00047919056100266175
6.03828218217,0.0004960804652953959
6.039367542303,0.0004575541580995321
6.040368949933,0.0004727657481160147
6.041404105032,0.00045720228231723326
6.042405502759,0.0004571058264308767
6.0434068995,0.00045698121884344897
6.044408291139,0.00045691202639217053
6.045409677844,0.00045830511397805827
6.046414525587,0.00046017528593121523
6.047423880508,0.0004615334827116747
6.04843608513,0.00047070512891625015
6.049468252184,0.0004685172690869718
6.050495782795,0.00046394080143749545
6.0515136187,0.0004751215883266467
6.052556379443,0.0004915061941519991
6.053635613057,0.0004688388310599276
6.054666350528,0.0004661008234112201
6.055693280026,0.0004618153914709981
6.056714064122,0.0004578399583692064
6.057730529995,0.00045738957739639653
6.05875062869,0.00045768191555679497
6.059775050821,0.0004680226121643316
6.060824675168,0.0004555784069203365
6.061847612714,0.00045293335254329364
6.062865510474,0.0004668053724914407
6.063915118261,0.0004860093773857747
6.065008202367,0.0004713925794486215
6.06606886953,0.0004581180310755943
6.067100366529,0.0004619963548960434
6.068141379215,0.0004485193694049005
6.069152893083,0.0004826182036024019
6.070242381118,0.0004563691325443187
6.071273860401,0.00045123946257336794
6.072295117324,0.000446244523915495
6.073306231817,0.0004432069026943797
6.074311556268,0.0004525611676211428
6.075339072134,0.00044069974888663415
6.076340290177,0.0004404627862937691
6.077341503749,0.00044015180112989436
6.078342711663,0.00043975013552662604
6.079343915853,0.00046510285252976364
6.080403868726,0.000481882386708009
6.08150309096,4.3819108811814344e-05
6.08160309096,0.0004379567972427025
6.08260309096,0.00043756187507551313
6.08360309096,0.0004776129250232128
6.084695776079,0.0004366556638499179
6.085695776079,0.0004362473242466349
6.086695776079,0.00045719119280285584
6.087744921551,0.00047821035551794507
6.088843535977,0.00046765469261131673
6.089919122912,0.00043427665040371416
6.090919122912,0.0004724774817518461
6.092008250869,0.00043335325857929186
6.093008250869,0.0004329011924198388
6.094008250869,0.0004324478550474164
6.095008250869,0.0004319870003426283
6.096008250869,0.00043152780960352893
6.097008250869,0.00043107400268395287
6.098008250869,0.00043063953691822166
6.099008250869,0.00043014828484548746
6.100008250869,0.0004296426354097842
6.101008250869,0.00042925798723462635
6.102008250869,0.000428830188934778
6.103008250869,0.00044850439828190194
6.104055487316,0.0004277360206690603
6.105055487316,0.00042730048277339475
6.106055487316,0.0004449539625886937
6.107097750116,0.00044628509107225606
6.108144465861,0.00042577271515951287
6.109144465861,0.00042725915423438246
6.11014915044,0.0004450547439496128
6.111196977037,0.00042410757367404345
6.112196977037,0.00044375047358837156
6.113244676478,0.00042299751269979027
6.114244676478,0.0004268922794621069
6.115255115805,0.000421972954447673
6.116255115805,0.0004214679449814381
6.117255115805,0.00042100415812831686
6.118255115805,0.000446770218758369
6.119317608031,0.0004291912858222097
6.120339654308,0.0004400955161732302
6.121389002114,0.0004327576283126074
6.122422130939,0.00043161327259723376
6.123453988272,0.0004181971156311114
6.124455352849,0.0004171025902166985
6.125455352849,0.00041668285497327575
6.126455352849,0.0004162030550747268
6.127455352849,0.0004156563380703114
6.128455352849,0.00041511289443282975
6.129455352849,0.00042838725444683146
6.130488635619,0.00041412496775424223
6.131488635619,0.0004136842523539738
6.132488635619,0.0004132022904378096
6.133488635619,0.0004127225925868442
6.134488635619,0.00041223758279243874
6.135488635619,0.0004114410048256626
6.136488635619,0.0004345102051464379
6.137548503046,0.0004084603249684089
6.138548503046,0.0004072774924334696
6.139548503046,0.0004062641072979719
6.140548503046,0.00040542746056127795
6.141548503046,0.0004046862852378391
6.142548503046,0.00043093551490599514
6.143614956535,0.0004096925554806864
6.144630154474,0.00040707972599682204
6.145640145828,0.00040633376976714796
6.146649508991,0.0004228269846452804
6.147700987181,0.00041192491137413846
6.148726564361,0.00041426906534758345
6.149759068856,0.0004112048340889236
6.150784925257,0.00040099288869036807
6.151786371611,0.00040349120315789596
6.152795059231,0.00041358451359164425
6.153830185073,0.0004120954339816528
6.154862543705,0.00040139944300357435
6.155868818726,0.00040665748411564763
6.15688906607,0.00039826954161309067
6.15788906607,0.00039794052960757476
6.15888906607,0.0003975907120256888
6.15988906607,0.0004021675612398427
6.160901483783,0.00041604313978249775
6.161949740099,0.0003965762858662759
6.162949740099,0.00040555665035999324
6.163973155268,0.0003959798506565764
6.164973155268,0.00039567754438267033
6.165973155268,0.00039541701493594843
6.166973155268,0.00039525138725800583
6.167973155268,0.0003950992293994023
6.168973155268,0.0003948825489661368
6.169973155268,0.00039464242161323055
6.170973155268,3.944852364785013e-05
6.171073155268,0.0004011935327276656
6.172090416419,0.0004068509543794692
6.173122665361,0.00039545961284451534
6.17412672647,0.00039698453951786226
6.175135461565,0.00039776030476450865
6.176147039145,0.00041245263405759674
6.177196841142,0.0003932762534962632
6.178198605767,0.0004128091665407483
6.179251035873,0.0004030022219771137
6.180279334264,0.0003974253780108726
6.181294311071,0.0003974993109376475
6.18231042429,0.0004114423617503735
6.183363256076,0.0003948835546196611
6.184374775483,0.0003931214159450034
6.185382964269,0.00039039060035731845
6.186385301495,0.00039244299925643574
6.187393794348,0.00039728046607994365
6.18841554622,0.00040506923101144574
6.189458001414,0.0003915754054990024
6.190466469525,0.00039633846456407475
6.191488197628,0.0003921838592543698
6.19250018321,0.00040495785464145646
6.193546309629,0.0003882306760194903
6.194550293337,0.0003998753436128005
6.195585480722,0.00039148082151179976
6.196600019819,0.00039003598003891623
6.197611836227,0.000400045487611851
6.198650304744,0.00041163664576556553
6.199719300181,0.0004098212500759797
6.200784300181,0.00040200250418371284
6.201829975042,0.0003840894427196095
6.202829975042,0.0003837501887812536
6.203829975042,0.00038339956615021886
6.204829975042,0.00038305898357005573
6.205829975042,0.0003826933160537834
6.206829975042,0.0003823045969560811
6.207829975042,0.00038192211055468783
6.208829975042,0.00038149848422537125
6.209829975042,0.00038108263110535855
6.210829975042,0.00039417883126093565
6.211865464497,0.000405878337187343
6.212933015508,0.0003797412622033883
6.213933015508,0.0003792803309943503
6.214933015508,0.00038424680537205136
6.215947338212,0.0003901795370509611
6.21697859134,0.00037793819998069387
6.21797859134,0.0003775456885413998
6.21897859134,0.0003771358491137213
6.21997859134,0.0003767367013401497
6.22097859134,0.0003763126700832204
6.22197859134,0.00040643332420556364
6.223059834778,0.0003848934328636005
6.224084834778,0.00037512600801324777
6.225084834778,0.0003749180229765345
6.226085345092,0.0003745833249085348
6.227085851197,0.0003742093690629145
6.228086353076,0.00037376990306995023
6.22908685281,0.00037345483022185503
6.230087349498,0.00037310706890216784
6.231087839256,0.00040258388630713324
6.232168546693,0.000372314816934752
6.233169029334,0.0003742357616162217
6.234175657459,0.0003716028886382901
6.235176132585,0.000371239450373811
6.236176603222,0.0003709286008026231
6.237177069598,0.0003708260859532217
6.238177531726,0.0003765206358163664
6.239193595386,0.0003885756742908752
6.240243028579,0.0003786398801283124
6.241266910483,0.00036946938095025906
6.242267346112,0.0003769307674911049
6.243289373536,0.00039172358534075895
6.244352991017,0.0003720387946016999
6.245364440154,0.0003751925739668698
6.246385701596,0.00038716402320015323
6.247440891146,0.000381923907136541
6.248483124796,0.0003697052948296919
6.249493330947,0.0003807562010282829
6.250535121203,0.0003822074928374958
6.251582498312,0.0003654107018878114
6.252587120957,0.00037750526104150095
6.253630288992,0.0003701974822568452
6.254657375641,0.00036492905557439383
6.25567242257,0.00035945533851928504
6.256674561714,0.00037698185905145993
6.257727576141,0.0003650125483443612
6.258748920249,0.00036715573524810863
6.259777945811,0.0003621046018381854
6.260794316122,0.00035591946033956525
6.261794661922,0.0003561830177649659
6.262796939325,0.00035829498168290505
6.263806355605,0.0003644541749274049
6.264834411358,0.0003589545597368042
6.265848327914,0.00036097462495143936
6.266869279795,0.00038204347345276456
6.2679512501,0.00035686652554454626
6.268963306397,0.00035290030050174655
6.269965228658,0.00036155049550192696
6.270992827997,0.00035643763326544635
6.272007207559,0.0003619127383473445
6.273038457379,0.00035258242334366177
6.274044375239,0.00035070450695628324
6.275046095058,0.00036048767963118135
6.276077002007,0.00035742354336627764
6.277100315447,0.00037418933562365347
6.278172779433,0.000377623274299359
6.279256692299,0.00035723814614211003
6.280283536512,0.0003588462747642037
6.281316156894,0.00035808246222723074
6.282347781864,0.00034669333773495163
6.283347781864,0.0003632921071590736
6.284397083132,0.00034579481089431493
6.285397083132,0.000345400994784189
6.286397083132,0.0003450008679572159
6.287397083132,0.00034456785684613717
6.288397083132,0.0003441134236324229
6.289397083132,0.000343681830545011
6.290397083132,0.00034558732697262515
6.291403819237,0.00034988860800015106
6.2924243445,0.0003424572965353096
6.2934243445,0.00034203517637906573
6.2944243445,0.000341555432711031
6.2954243445,0.0003508019848104339
6.296452712302,0.0003415337293142536
6.297455096478,0.0003404119312465586
6.298455265021,0.00034001730763432206
6.299455426437,0.00036364508845658543
6.300526574489,0.0003560569518979569
6.301577012853,0.0001525127525694223
6.302027314503,0.0003400267492031905
6.303032799008,0.0003400965124226734
6.304039890837,0.0003534532266592521
6.305087867195,0.0003388459253601534
6.306093876941,0.00033744539254889505
6.307097160655,0.00033770725985748706
6.308102613328,0.00035586075443023524
6.30916354728,0.0003349788368247233
6.31016354728,0.0003345745030554575
6.31116354728,0.0003341321506537272
6.31216354728,0.0003336982131930716
6.31316354728,0.000333279985183589
6.31416354728,0.0003328895814085156
6.31516354728,0.00033257784742294933
6.316163632569,0.0003471515839795389
6.317208672406,0.0003318361458380486
6.318208751921,0.000331504566865575
6.319208825696,0.00033978706767972747
6.320234806103,0.0003474667182003653
6.321284976512,0.000336335041002909
6.322302440246,0.00033257262851348057
6.323309376744,0.0003485037406603754
6.324365362653,0.00033643509634055923
6.325385585043,0.000336149417884731
6.326405796426,0.0003419345599970575
6.327444414339,0.00033289065975526276
6.328456441086,0.0003343827131061574
6.32947386762,0.0003357060774833274
6.330496209384,0.000332032122778881
6.331508225019,0.0003404403912606615
6.332546822754,0.00033143642578948223
6.333558829522,0.0003438204469054054
6.334609083108,0.0003340660865281121
6.33562925666,0.0003437500479811699
6.336679348036,0.0003336518311406043
6.337699511896,0.00034308293040520257
6.338749588637,0.00032965847246962
6.339759659865,0.0003324917669568603
6.340779801368,0.0003420120600739127
6.341829857713,0.0003319934554452301
6.342849991243,0.0003256146269226745
6.343851710656,0.00033139945192828317
6.344871836118,0.0003408429362049209
6.345921873465,0.00032990743883286083
6.346939209191,0.00033689822858647145
6.347978908034,0.00034609743984121376
6.349047811879,0.00035580301991472896
6.350147763578,0.0003345799673019289
6.351182981394,0.00032485984473282464
6.352188611755,0.00033665634812116006
6.353231601541,0.00034270962798795565
6.354294585694,0.00032457241338592176
6.355302478478,0.0003318753498873866
6.356334180522,0.0003403524282666039
6.357393228159,0.0003212415672973442
6.358393777532,0.00033718697134498584
6.359445011086,0.00032370424579334414
6.360455087911,0.0003210307355303134
6.361457880271,0.00032439789453019425
6.362472277523,0.000329056453456548
6.363502294172,0.0003233510347792668
6.364515614337,0.0003188653104095205
6.365516873488,0.00031813141432919615
6.366521062037,0.0003210465925801028
6.36754047544,0.00032986156749554755
6.368591360565,0.0003174044307163617
6.369604827808,0.0003231177914690317
6.370638426194,0.00031271283319100174
6.37164034978,0.0003143902462502366
6.372649312951,0.00031365269894363955
6.373657566356,0.0003291946262978449
6.374717416967,0.0003268791445076538
6.37577141536,0.0003207797324376554
6.376807358323,0.00031552711346336936
6.377827857901,0.00033372811200738426
6.378908855125,0.0003177289946163324
6.37993959959,0.00032043498907961647
6.380980586886,0.0003138286515411571
6.382001573043,0.0003164152453403998
6.383032310631,0.0003221300024580669
6.38408304665,0.0003126054974527122
6.385104025284,0.0003151870212054346
6.386134757359,0.00032087431381814564
6.387185487688,0.00031397719571142515
6.388214929244,0.00031061107356188334
6.389234686042,0.0003041689606716553
6.390234686042,0.00030372690784299787
6.391234686042,0.00030326841709852476
6.392234686042,0.0003028455240231127
6.393234686042,0.0003024710791066933
6.394234686042,0.0003021039807271886
6.395234686042,0.00030172964005417024
6.396234686042,0.00030135017108516793
6.397234686042,0.0003009550355309294
6.398234686042,0.00030055296959709
6.399234686042,0.00030227737797355967
6.400241822044,0.00029972187431990714
6.401241822044,0.0003055825412099008
6.402262762385,0.0002989049563453351
6.403262762385,0.00029848609131127423
6.404262762385,0.00029805191515551216
6.405262762385,0.000301858982208406
6.406277007668,0.0003004972706652393
6.407288081421,0.0002967617789565232
6.408288081421,0.0003127662034418416
6.409343659722,0.00030098722792074343
6.410360931622,0.0002954992542318033
6.411360931622,0.00029510805603680533
6.412360931622,0.0002946996002394196
6.413360931622,0.00029491496174850453
6.414363006222,0.00029932279755553684
6.415381481928,0.0003077177829151217
6.416429991817,0.00030145830200987745
6.417458653248,0.00029485276131620925
6.418466230873,0.0002923042338048114
6.419466519779,0.00029433145649069057
6.420475455411,0.00029326042826368265
6.421482323355,0.0002925625574346517
6.422488119328,0.00029555765077180597
6.423505493628,0.000186447589045886
6.424148002817,0.00030867562555845964
6.425212625954,0.00030224377235903133
6.426256338181,0.00029279626826866456
6.4272686359,0.0002964342539355092
6.428294785385,0.00029969360392005916
6.429333553143,0.0002923276508764131
6.430347934461,0.0002922709218612391
6.43136311082,0.00028940312025385335
6.432369221842,0.00029323996883384143
6.433389723567,0.0002909065403438095
6.434403291837,0.0002906204863931508
6.435416967227,0.00028645011592026644
6.436417138955,0.0002911184088712472
6.437434712757,0.000291163540401108
6.438453595682,0.0002865713881778542
6.439457498519,0.00028631449467288975
6.440461496543,0.0002928686285412296
6.441489481062,0.0002871214266008779
6.442498219706,0.000284438896589293
6.443498512424,0.00028672377374873654
6.444508031964,0.0002843548234639509
6.445510370136,0.00028983282066555484
6.446533128801,0.00029433472220091175
6.44757306861,0.0002872887648605612
6.448589547657,0.0002833402822544714
6.449593305256,0.0002856592965217358
6.450606371032,0.00029181126614311807
6.45164224884,0.00029042820904772576
6.452674353545,0.00028581268401655567
6.453691254463,0.00028444788358007663
6.454704472039,0.0002830090301023997
6.45571362429,0.00028094622983460866
6.456716641549,0.0002818520004683216
6.457724028768,0.00028701408710632165
6.458750882765,0.00028014305340807907
6.459754559865,0.000278752396725573
6.460754565792,0.0002791504199546898
6.46175716401,0.00027929229813901694
6.462761558979,0.0002789185711019908
6.463765938592,0.0002910096828428542
6.464815301039,0.00029422511748127987
6.465877670635,0.00028686343240633453
6.466914879598,0.0002803427330922855
6.467930124215,0.0002766439300081581
6.468933774368,0.00028014461962195706
6.469952189941,0.00028172678144347405
6.470978984287,0.00027766322065512177
6.471994185903,0.00027355544980247834
6.472997790235,0.0002777154563523527
6.474019986505,0.0002739140600915074
6.475031142091,0.00027793192420191794
6.476059787862,0.00029634073561918555
6.477159178123,0.0002951778182608773
6.478256548774,0.00027369426117805244
6.479275919925,0.0002680566721391528
6.480276141018,0.0002674969257784198
6.481276358703,0.00027086323083307904
6.482291152079,0.0002730433829926507
6.483316075322,0.00026604894569523876
6.4843166471,0.0002784419213317038
6.485365849903,0.000265472123753449
6.48636806825,0.00028847889640738164
6.487459157876,0.0002811346899741426
6.488524552344,0.00027275122909280625
6.489560203822,0.00027109763833008723
6.490591510881,0.0002729975219141516
6.491632058752,0.00026468929747755667
6.492642877116,0.0002732304242042564
6.493688347836,0.00027442843374839995
6.494740529303,0.00027870281471021615
6.495811328774,0.0002702395062276445
6.496851859183,0.00026190773413232267
6.497862650916,0.0002688846459372314
6.498903176365,0.0002606039225448061
6.499913960995,0.0002678102878319675
6.500954481756,0.0002597819474178062
6.501965259247,0.0002670458596629855
6.503005774702,0.00025898494743409697
6.504016544204,0.000266168908929223
6.505057054668,0.00025812679548799163
6.5060678167,0.0002652485724165401
6.507108322441,0.00026697332575994375
6.508157437047,0.00026254607819187756
6.509190790829,0.00016169323806464574
6.509827846379,0.0002576218896176339
6.510844834762,0.0002557315491766853
6.5118565473,0.0002562157134781867
6.512871605798,0.0002582649323544938
6.513896186126,0.00025898250434063224
6.514925232614,0.0002519080412250507
6.515927779412,0.0002557084523267188
6.516947060499,0.00026269559103474075
6.517995950517,0.0002596775774901291
6.519034526851,0.000254067742259992
6.52005224333,0.0002514969059639734
6.521061081528,0.00025853444072814624
6.522099639802,0.0002494008137876529
6.523102971764,0.0002482682527384303
6.524103077728,0.0002573163637652943
6.525141001433,0.000248767573194822
6.526145853843,0.00024760738835351607
6.527147361488,0.00025383541544425094
6.52817534145,0.0002525210316425513
6.529199180226,0.0002554410863019338
6.530235977685,0.00025504398572744313
6.531272441272,0.0002521668110416796
6.532298474626,0.0002567301293438793
6.533344144879,0.00025329063342710166
6.534376948236,0.0002478409760310658
6.535388798934,0.0002540751053893236
6.536427231014,0.00025592853757034164
6.53747432114,0.00025120138766681
6.538503146946,0.0002557637755500429
6.539551774618,0.00024532059731714447
6.54055855573,0.0002484512581542601
6.541579081296,0.00025391539516085235
6.54262313232,0.00024379620322804516
6.543626677489,0.0002590305901597381
6.544694043598,0.0002490164921149687
6.545721086193,0.00024850939613301
6.546746939033,0.0002509218045099168
6.5477837612,0.00025025016199672917
6.548818935645,0.0002440324777347641
6.549829559533,0.0002482104781874718
6.550858741697,0.00024262525085554492
6.551866168585,0.00024139661140245888
6.55286996305,0.00024191956107006207
6.5538773225,0.0002445313861741122
6.554896996415,0.00024618680367433175
6.555925054942,0.00024024382914963934
6.556929816313,0.0002475841533307462
6.557966862105,0.00024694895320095283
6.559002801792,0.0002393027610017526
6.560008142038,0.0002424566958501192
6.561028172487,0.00023847720671658432
6.562032981605,0.00024467754019940154
6.563065534981,0.0002409375579202517
6.564083832769,0.0002456982723488798
6.565123840177,0.0002433808491252308
6.566155689724,0.0002474473453804679
6.567206521497,0.0002356623538904066
6.568208835786,0.00024805420298076565
6.56926561576,0.0002454158039230692
6.57031290919,0.00023441512350409492
6.571314860789,0.0002449610095449066
6.572363774422,0.0002336018039478385
6.573365720588,0.0002441261962214338
6.574414628527,0.0002327961680285085
6.575416569427,0.00023914561171013699
6.57644768121,0.00024341136492148286
6.577499094895,0.0002361401782959324
6.57852097726,0.00023789293644703398
6.579552387235,0.00024195451877560785
6.580603795718,0.00023469673200454127
6.581625671362,0.0002365457257602761
6.582657076361,0.00023855612889230922
6.583698947419,0.00023101334900430716
6.584709423325,0.00023749507400945758
6.585749738275,0.00023275787106798315
6.586770050721,0.000230404676018517
6.587780515891,0.0002339663756940495
6.588807555352,0.00024032670236736608
6.589863729999,0.0001068353214579717
6.590333880124,0.00023576677738844715
6.591372532809,0.00023776431134407296
6.592421383952,0.00022684130872661722
6.593423271418,0.00022971282093715612
6.594439916169,0.00024152183207143925
6.595510351138,0.00023440504169855206
6.596550638943,0.00022734832281325867
6.597561067418,0.00023368758345401476
6.598601350858,0.00022662125768823808
6.599611772588,0.00023295403794500603
6.600652051488,0.00022591862810195074
6.601662466473,0.0002322522913895942
6.602702740794,0.00023264315260397377
6.603746188245,0.00022949427913455502
6.604776914488,0.00022464264505760124
6.605787315948,0.00023094543584102137
6.6068275814,0.0002239409266830754
6.607837976162,0.00023808125181400082
6.608913889372,0.00023165744788194444
6.609962691589,0.00023478524810039897
6.611027701848,0.00022630880031889526
6.612055841209,0.00021981677830329764
6.613056002363,0.00021952325438547192
6.614056507009,0.00022438604789905574
6.615081017757,0.00022411359545982876
6.616106063259,0.0002279228866100559
6.617150354869,0.00022061275715114253
6.618162548451,0.0002277882717705297
6.619208672161,0.00022013613040709938
6.620220854859,0.00021930410063768853
6.621230645408,0.00022562243614640252
6.622270995951,0.000222378412549224
6.623297837322,0.00022107722840551317
6.624320204011,0.00021609264767317958
6.62532089638,0.0002159251932535666
6.62632242075,0.00022396873127943851
6.627362953769,0.0002194370840238419
6.62838395136,0.0002189563596647547
6.629404327916,0.00021642323170037835
6.630414555383,0.00021751694874807306
6.63143157688,0.0002183685046189568
6.632454282929,0.00022319984385410754
6.633501376712,0.00021353834968736103
6.634504833637,0.00021279405742115703
6.63550645373,0.00021531522810426193
6.63652166144,0.00021405716207077783
6.637532664719,0.0002117189963074125
6.638534263028,0.0002142423861165619
6.639549455673,0.00021542095785633995
6.640571901941,0.00021354336101945217
6.641587042197,0.0002147283097477746
6.6426094217,0.0002178842768631873
6.643648504179,0.00021970785078818993
6.644698070717,0.0002159047264508029
6.645731250708,0.0002133309091240182
6.646753956827,0.00021343343528374404
6.647779113537,0.0002119007191247501
6.648798818089,0.0002106141884582933
6.649814081266,0.00020731032392278933
6.650815160075,0.0002097235133190959
6.651829626627,0.00021433227273802798
6.652868087226,0.00020629396241336268
6.653869307426,0.00020980457345595813
6.654889240772,0.00020732533640700578
6.655898668493,0.00020602904047176997
6.65690326732,0.00021254461699764886
6.657941265003,0.00020458573210758093
6.658941894663,0.00020763530440283577
6.659958804393,0.00020898475623710276
6.660983741982,0.00021400828309603299
6.662034833217,0.0002133067726452687
6.663084271356,0.00020443412789869874
6.66409216685,0.0002118227608896033
6.665139127522,0.00020504521784524328
6.66615558763,0.00020507922975311163
6.667176416824,0.00020245914197332114
6.66818942556,0.00020425840951378334
6.669216132408,0.0002086795893154768
6.670268443889,0.00020372251646555317
6.67129760769,0.0001993559734507597
6.672306297468,0.0002041262231600546
6.673340228328,0.00014469667077746277
6.674073584506,0.00019947280857916902
6.675085197365,0.00019770827439766404
6.676088618591,0.0002013994806889675
6.677111515853,0.00020053264961655395
6.678130742762,0.00020976762284354662
6.679197749147,0.000206463445993313
6.680248966073,0.0002000176009297075
6.681268154576,0.000204099058798455
6.682309032164,0.0002028505657219154
6.68334479931,0.00020272723264825175
6.684381063749,0.0002053501318460724
6.685431976359,0.0001985183268813698
6.686449205968,0.00020389111915391868
6.687495245186,0.0002026083125484486
6.688536083194,0.00020231989950028221
6.689576918315,0.0002020298234428051
6.690617750256,0.00020171958376497673
6.691658578986,0.00020146603451566672
6.692699404711,6.978529779551077e-05
6.693060201044,0.000194997843737275
6.694068960867,0.0002066204452939257
6.695138998964,0.0002024013307952637
6.696189034376,0.00019970224125879764
6.697227543261,0.00019920218619371121
6.698265639389,0.0001937883736751847
6.699277199356,0.00020082454316788673
6.700327222921,0.00019816128225328815
6.701365717282,0.0001959178843747738
6.702395077596,0.00019157368883888527
6.703403484951,0.00019510112441465725
6.704431332691,0.00019187631190377468
6.705442870426,0.0001896857848937972
6.706444478762,0.00019404525276698307
6.707471456535,0.0001949168984073315
6.708506324565,0.00019635957482095397
6.709551896579,0.00020314382130003818
6.710635339859,0.00020589806133377726
6.711735339859,0.00020536645458536367
6.712835339859,0.00020506931534517217
6.713935339859,0.0002048050774254009
6.715035339859,0.0002043797818023875
6.716135339859,0.0002041816609572158
6.717235339859,0.0002038953204361567
6.718335339859,0.0001931126979460285
6.719378245438,0.0002035319938582305
6.720478245438,0.00020311993830929764
6.721578245438,0.00020281426735962093
6.722678245438,0.00020264143258908067
6.723778245438,0.00018839423538250977
6.724803245438,0.00020188588134017807
6.725903245438,0.00020172585016322575
6.727003245438,0.0001867299009081388
6.728023245438,0.00019931200871082817
6.72911362477,0.00020068323212483008
6.73021362477,0.00020038064808702312
6.73131362477,0.00019411857053025706
6.732381032598,0.00019961631623102464
6.733481032598,0.0001992499008176352
6.734581032598,0.00019880256447681085
6.735681032598,0.00019837291549483255
6.736781032598,0.00019799107080459394
6.737881032598,0.00019761104793146212
6.738981032598,0.00019725586259141994
6.740081032598,0.0001968996744261838
6.741181032598,0.0001830383906539747
6.742205427379,0.00019622600940089264
6.743305427379,0.00018876120481807197
6.744365427379,0.0001819904957321871
6.745389279228,0.00018408023514646647
6.746426365934,0.00017737477396619568
6.747426525241,0.00018161100688281485
6.748450984677,0.0001832638315433262
6.749485573892,0.0001807935075535094
6.750507336396,0.0001805399884488352
6.751528874671,0.00018604488105084825
6.752583228671,0.00018573205410466617
6.753637563354,0.00017776587015225044
6.75464818555,0.0001783916769896076
6.755663616244,0.0001794675055449133
6.756686449268,0.00017994077020136058
6.757713244412,0.00017508051855079867
6.758713334266,0.00018166099891413646
6.759751956182,0.00018779380456853136
6.760826433118,0.0001779833483268224
6.761845413514,0.00018083676152602014
6.762881629065,0.0001755022760339427
6.763888407915,0.00018025164382690185
6.764923533842,0.00018338757043861344
6.76597780901,0.0001804302928708236
6.767016397272,0.0001863985347558563
6.768090839504,0.00017515880921780105
6.769101953422,0.0001760081638855309
6.770119480032,0.0001807310205942335
6.771166087088,0.00017695401062795807
6.772192816929,0.00017583199543272222
6.773214934651,0.0001730926383866687
6.774222874389,0.00017708172278796505
6.77525598042,0.00017950433949002285
6.776305480389,0.00017191878578369854
6.777312732794,0.00017850319160705465
6.778360945143,0.0001757543883309129
6.77939559834,0.0001711490217240213
6.780405407516,0.00016957513157448722
6.781407745141,0.00017113627505182036
6.782421207136,0.00017638277685263652
6.783468032735,0.00017547421556373674
6.784511474128,0.00016855455025429174
6.785515343508,0.00017089799170825576
6.786534579265,0.00018174933490913063
6.787619878309,0.00017047407886924167
6.788638825804,0.00017277366144518696
6.789672245328,0.00017768352539467336
6.79073589541,0.00017004684586633187
6.791754657504,0.00017280879456193105
6.792790703593,0.00016747993439174846
6.793795525538,0.00017071788642419349
6.794820820616,0.0001681054782958732
6.79583165452,0.00016723916279702804
6.796838748996,0.00016670079966399205
6.797844209786,0.000166614213387549
6.798850551902,0.00016885726300047859
6.799871823319,0.00017102054526336517
6.80090783838,0.00017093288917277135
6.80194513195,0.0001780915612645503
6.803027767087,0.0001754424936212918
6.804096531538,0.00016411495812550218
6.805098242964,0.0001698256559600999
6.806136840395,0.00016350696483811926
6.807138541488,0.00016926159628141617
6.808177129074,0.0001629645708847871
6.809178822128,0.00016869893010532788
6.810217400838,0.00016244359678663315
6.811219086213,0.00016883882480655895
6.812261441439,1.203720975000932e-05
6.812335841439,0.00016674623348197584
6.813366854918,0.00016806056073079045
6.814407360285,0.0001775522840462801
6.815507360285,0.0001646387302387332
6.816528454812,0.00016438236736523534
6.817549359098,0.00017570068843651563
6.81864181546,0.00017670793868275055
6.81974181546,0.00016161429210499696
6.82074890428,0.0001681095899501524
6.82179732735,0.00016156043299496314
6.822805846873,0.0001759508320070377
6.823905846873,0.00017567107738254288
6.825005846873,0.0001753975217609756
6.826105846873,0.00017510000652713907
6.827205846873,0.00017480293108515662
6.828305846873,0.0001744762599918851
6.829405846873,0.00017414037332260575
6.830505846873,0.0001612387503626143
6.831525846873,0.00016576818241430925
6.83257616907,0.0001655135025556311
6.833626490948,0.00017288498489605856
6.834726490948,0.00017150104420905797
6.835826490948,0.00017067913727166525
6.836926490948,0.00016604132673501997
6.837997279808,0.0001629731021052298
6.839049879433,0.0001700259308278125
6.840149879433,0.00016969576114334606
6.841249879433,0.00016940459989714068
6.842349879433,0.00016911038476127952
6.843449879433,0.00015684041564752532
6.844471680852,0.00016017987762673852
6.84551680156,0.00015724259886122941
6.846544608162,0.00015624972749883818
6.847568115163,0.00016037116213639947
6.848620518211,0.00015645589430632152
6.849648407672,0.00015561717644124466
6.850671901158,0.0001551550325795621
6.851693619134,0.00015298085284483866
6.852702710083,0.00015744051508287922
6.853742952365,0.00015858724237540235
6.854791980617,0.00016016381329399154
6.85585263489,0.00015305521801990744
6.856867250531,0.00015142104054222496
6.857872278018,0.0001539041483258852
6.858895165985,0.0001504320936548275
6.8598964325,0.000151780619152862
6.860908485245,0.00015150445399929495
6.861920235731,0.00015175115230135655
6.862934829193,0.00015508068600475052
6.863973713659,0.00015168988946136317
6.864992179488,0.0001521690925592721
6.866015544342,0.0001575177192040417
6.867076143346,0.00015049724502746962
6.868090717147,0.00015395487920555833
6.869129581535,0.00015065396306810112
6.870148023616,0.00015084189734456853
6.871168828005,0.00014984810203734985
6.872183222719,0.00014902707948269837
6.873192571732,0.00014967559335386012
6.874206497309,0.0001528681801929255
6.875242146743,0.00014934038379247488
6.876253357722,0.00014860518102957895
6.877258629854,0.00014857592118169822
6.878264112673,0.00014890591744279582
6.879271747718,0.0001491478302639004
6.880281494597,0.00015049123486690654
6.881300593435,0.0001502337818795413
6.882319687318,0.00014993489667148379
6.883338776467,0.00014754672974575365
6.884342209627,0.0001500213841539512
6.885362627716,0.00015535829311527999
6.886420545348,0.00014703563317072405
6.887422973047,0.0001476124805274634
6.888429573954,0.00014787761128490681
6.88943716134,0.00014723141163307788
6.890438116705,0.00014838370543156885
6.891446686518,0.00014803745487208312
6.892456983053,0.00014729498433746358
6.893466635591,0.00014723779046526715
6.894477599204,0.0001498879043059514
6.895510132029,0.0001477038671967194
6.896529119083,0.00014586481686446618
6.897535762251,0.00014537855644184558
6.898543646225,0.0001453451644135322
6.899555193678,0.00015079686871742978
6.900606030288,0.00014873946153163032
6.901638163909,0.00014477919037065594
6.902653476145,0.00014828360535060873
6.903702405345,0.00014525142384029757
6.904726719689,0.0001428374497777051
6.905738605649,0.00014176918014575465
6.906742274285,0.0001528136171815168
6.907821638943,0.00014125147335425112
6.90882562404,0.00014437296130181526
6.909847890045,0.0001471111495959689
6.910895777663,0.00015367381878873807
6.911995777663,0.00015412495941546583
6.913095777663,0.00015437071353925465
6.914195777663,0.00015351683508137357
6.915295777663,0.00015300207397104458
6.916395777663,0.0001523032648194904
6.917485777663,0.00015160778731052515
6.918573628385,0.0001528498582841711
6.919673628385,0.00015287545324833076
6.920773628385,0.0001530490720955243
6.921873628385,0.00014428573143899308
6.922918590734,0.00015136502233494733
6.924018590734,0.00015201307409051838
6.925118590734,0.00014263053274816173
6.926153579085,0.0001510474510852907
6.927253579085,0.0001477443102322928
6.928331419939,0.00014140902833593264
6.929363849924,6.425839947551555e-05
6.92983412975,0.00014124358938139985
6.930873088359,0.00014259593895612973
6.931923924996,0.0001389964351303101
6.932945039095,0.0001400306819349164
6.933975873231,0.00014268080698458116
6.935026706164,0.000138884681968964
6.936047814884,0.00014018743665273156
6.937078645053,0.0001468463828257258
6.93815974982,0.000137272730869098
6.939170765237,0.00014144449637901733
6.940212418405,0.00014156730456593489
6.941253518706,0.00014294469355755638
6.942304342681,0.00013778697327012564
6.943315703154,0.0001465072975384409
6.944387067538,0.00014020884288610484
6.945408156921,0.00013982457800467164
6.946419516649,0.00014190737036282828
6.94745033094,0.00014191955443695618
6.948491414729,0.0001370166565248312
6.949502767294,0.0001372432733507268
6.950514117124,0.00013985097629580184
6.951534656545,0.00014182077755739756
6.952562979324,0.00014582132571110584
6.953615118564,0.00014489408902236572
6.954655783968,0.00014402752847037434
6.955689271972,0.00014710478316242476
6.956741187476,0.00014638792116337807
6.957781628577,0.0001419943877830962
6.958788853067,0.00014679201643070318
6.959820991861,0.0001423168814450285
6.960826248313,0.0001452210606317136
6.961866865808,0.0001455907293224713
6.962927657665,0.0001357252774385457
6.963933792308,0.00013562932009933485
6.964952312348,0.00013771719845293522
6.966000980442,0.0001318861788252591
6.967014950411,0.00013399031495811654
6.968053765806,0.00012950590567878062
6.969067948489,0.00013146819525313322
6.970106409365,0.00012837213663178122
6.971124398969,0.0001291875331432362
6.972147348825,0.00013395819720425135
6.973207450313,0.0001276240689677424
6.974221614316,0.00012997530765402495
6.975260056011,0.00012754497786222614
6.976278024182,0.0001286438533658565
6.977300955414,0.00013318894187911099
6.978361034625,0.0001272959801221031
6.979375179597,0.00013009720718580998
6.98041360223,0.00012679849668745732
6.981431549023,0.00012688978263268434
6.982454461346,0.00012583272692375785
6.9834681545,0.00012453712962827218
6.984468593941,0.0001252673386702233
6.985478125965,0.0001246840941354914
6.986486127921,0.0001273019471654604
6.987516173614,0.000126384980269406
6.988539674657,0.00012850076768168976
6.989580326728,0.00012630394423142224
6.990606220875,0.00013142765529166947
6.991675386073,0.00012265432350735175
6.992675407964,0.0001234660042192114
6.993685671137,0.00012330873438905
6.994694628935,0.00012190611436676422
6.995696318174,0.00012206924920501886
6.996699533423,0.0001226364460119767
6.997706946708,0.00012209842655270796
6.998710365546,0.00012487815060446188
6.9997352535,0.00012496374974277965
7.000765561026,0.00012215876259552788
7.001779270283,0.00012319586449110526
7.00279925996,0.0001233771675188667
7.003816533563,0.0001228474378213969
7.004828134978,0.000122370995717413
7.005837591324,0.0001204904767180998
7.006840315476,0.00012184221871034338
7.007854654251,0.00012393679951326088
7.008879103448,0.00012187552404562523
7.009891227077,0.00012058171449690259
7.010893475378,0.00012093991054814264
7.011900211153,0.00012031185428021293
7.01290517332,0.00012071536608823592
7.01391013126,0.00012038581110130623
7.014913173989,5.655794224881502e-05
7.015386170989,0.00011953718744900528
7.016388227402,0.00012044602203842505
7.017393807731,0.00011964118131138426
7.018397685315,0.00011946730097509882
7.019401558804,0.00011996034457505258
7.020409391527,0.00012035820184755615
7.021419271985,0.00012017201626980403
7.022437248147,0.0001280828542766464
7.023523565282,0.00012116601644299203
7.024554274122,0.00011805310420879448
7.025560865885,0.00011835666909639274
7.026572043953,0.000124863129511773
7.02764368701,0.00011792519277963719
7.02865784898,0.0001254551271462189
7.029739394077,0.00012130017447145278
7.030790092676,0.0001179353637482653
7.03181102281,0.00011908846142905028
7.032841719277,0.00012549631539052195
7.033932608868,0.00012041698689435684
7.03498330342,0.0001166819615950485
7.036004227876,0.00011427689462752423
7.037004316469,0.00011749546256180383
7.038025238527,0.00011839878586505608
7.039055928818,0.00011990276644810644
7.04010661806,0.00011608834958848326
7.041127535372,0.00011690881811884449
7.042158222154,0.00011941208055977133
7.043208907944,0.00011632864756793981
7.044229820801,0.00011701512535480429
7.045260504228,0.00011901495941095522
7.046311186629,0.00011566075506171176
7.047332094946,0.00011677206305172244
7.048362775048,0.0001188978928024002
7.049413454135,0.00011909509442179074
7.050464583881,0.00012284579335569338
7.051545486106,0.00011730380440287733
7.05257616154,0.00011800632621277613
7.053626835962,0.00011402066839703275
7.054647733607,0.00011592538414245497
7.055678405605,0.00011908088185975913
7.056729076595,0.00011597987171495999
7.057749969617,0.00011645782207961854
7.05878063816,0.00011744509288386723
7.059831305709,0.00011838383854808956
7.060888313629,0.00011641523853374635
7.061918978683,0.00012107953140131257
7.062999642648,0.00011659136575882471
7.06405030546,0.00011326165036300683
7.065071187602,0.0001140915461691919
7.066101847986,0.00011423808250368555
7.067143657105,0.00010887067784016531
7.068144577763,0.00010878200702775536
7.0691450531,0.00011031628166348457
7.070161020656,0.00010852708114090479
7.071162803703,0.00011340419641433848
7.072207957686,0.00010897480067792575
7.073211529318,0.0001099876471041603
7.074224012295,0.00010931177370220626
7.075231325783,0.00010839180643698617
7.076232549864,0.00010753808750769953
7.077235326485,0.00010752389906314615
7.07823590549,0.00010861295498366042
7.079243980545,0.00010922180412035791
7.080252051453,0.0001092613773531417
7.081254361402,0.00010815836178620764
7.082262211886,0.00010758044172747081
7.083271940091,0.00010705304543520191
7.084276597324,0.0001070105920775019
7.085280400741,0.00010669561923473254
7.086283138251,0.00010623892004886757
7.087283677918,0.00010758086117505292
7.088296170703,0.0001068497672916006
7.089302928159,0.00010594479705734393
7.090309681319,0.00010490836297579389
7.091314944321,0.00010565058144458014
7.092320203019,0.00010649816017183757
7.093331985757,8.106348849950018e-05
7.094108918329,0.0001045449507194653
7.095115337931,0.00010445359851153414
7.096118033372,0.00010439982687467949
7.097120724613,0.00010378583345591344
7.098121218357,0.00010441525988164838
7.099129207518,0.00010433737089827408
7.100137192471,0.00010436390313404996
7.101143900724,0.0001047575169114609
7.102150604469,0.0001052687344659643
7.103163600531,0.0001046886435752392
7.104175813933,0.00010511733347988714
7.10519460272,0.00010413504336882674
7.106203977643,0.00010404484411959651
7.107214481997,0.00010440034461349433
7.108231987876,0.0001035414092375524
7.10924227265,0.00010255937380854509
7.110243567875,0.00010437833762517961
7.111262333294,0.0001030516817336829
7.112271684881,0.00010235575816002115
7.113282164038,0.0001033489497033471
7.114299642804,0.0001039786905911732
7.115309901177,0.00010209428581637332
7.116311170117,0.0001009337674043267
7.117315371512,0.00010088917221429223
7.118324272065,0.00010077412230058194
7.119327225757,0.00010181432459536626
7.120332102808,0.00010190824751204293
7.12133347177,0.00010226923425025082
7.122350916922,0.00010048241154356911
7.123361141712,9.955628117545107e-05
7.124362377908,0.000101764734606747
7.125381084751,0.00010121858592614956
7.126393717093,0.00010154957236566513
7.127412202464,0.00010127766411389025
7.128428915307,0.00010187454775850395
7.129448666144,0.00010156302405373169
7.130460277195,9.967654507268309e-05
7.131467003393,9.971744676642994e-05
7.132479526918,9.895027640661624e-05
7.133481224097,0.00010926912866746869
7.134581224097,0.00010184186392275254
7.135601612445,0.00010350437596063936
7.136632193907,0.00010249754426343412
7.137662773773,0.00010357688750118996
7.138713353198,0.00010052498979008976
7.139734124082,0.00010208532753966763
7.140764700963,0.00010463427025340401
7.141815276763,0.00010392439894833082
7.142866233521,0.00010705345515887118
7.143946997902,0.00010253212649913776
7.144977569806,0.00010642405515776535
7.146047950251,0.00010354887488147459
7.147098519734,9.999118826604064e-05
7.14811927742,0.00010018065791569094
7.149149844475,0.00010176068929018651
7.150200410505,9.930919491602426e-05
7.151221163606,0.0001002002202984876
7.152251727268,0.00010149699330881783
7.153302289925,9.71097317485064e-05
7.154309929299,2.8461181707346663e-05
7.154605386558,0.00010048109580265386
7.155654346328,9.846091128907513e-05
7.156684905097,0.00010019652574822318
7.157735462872,9.617247536495592e-05
7.15874639055,9.883768248872527e-05
7.159776945924,0.00010093816913200212
7.160827500251,9.716263695903718e-05
7.161848237159,9.734380090558009e-05
7.162878789089,9.853377156696939e-05
7.163929339999,9.636676549380348e-05
7.164950072891,9.827364156233231e-05
7.16598062129,9.99809905887002e-05
7.167031168585,9.625827199984103e-05
7.168051896715,9.714914092568037e-05
7.169082441532,9.923195149727664e-05
7.170132361224,9.587353501107611e-05
7.171146671375,9.576818488970204e-05
7.172164422527,9.668497031569883e-05
7.173192546257,9.893361416395711e-05
7.174243444385,9.913079954449877e-05
7.175294340764,9.903237403978134e-05
7.176345235246,9.754515719471229e-05
7.177396127731,9.711506045423371e-05
7.178447018413,9.76563085966842e-05
7.179497907292,9.881104893562043e-05
7.180548793823,9.452159528103724e-05
7.181554587811,9.373794298888229e-05
7.182563788269,9.359622051225376e-05
7.183580622849,9.295418579669466e-05
7.184591653655,9.476640056532723e-05
7.185614289766,9.506624096895502e-05
7.186641225419,9.194834063095509e-05
7.187643461134,9.288095791881293e-05
7.188658153055,9.377741626162348e-05
7.189679273071,9.216016728304874e-05
7.190689076878,9.048180432873714e-05
7.19168978689,9.35883519080899e-05
7.192716202481,9.260434344200632e-05
7.193724862684,9.271835317891452e-05
7.194740874222,9.235339516105321e-05
7.195757560569,9.184557907552386e-05
7.196771300922,9.131037536081789e-05
7.197787724867,9.03300769452668e-05
7.198797496774,9.118388871867951e-05
7.199812710061,9.194556137576162e-05
7.200831879915,9.226051645540607e-05
7.20185451161,9.203950073067775e-05
7.202881198514,9.072548970719958e-05
7.203901063836,9.125646160555593e-05
7.204927907429,9.118547805859715e-05
7.205947552549,9.05560929715078e-05
7.206957434239,9.059363012323105e-05
7.20796922107,9.122493167724629e-05
7.208989490268,8.988830923547523e-05
7.210000420773,8.952538238308213e-05
7.211015590537,8.873722666646952e-05
7.212024250196,9.019311120474417e-05
7.21304704966,8.918507289967459e-05
7.21405817667,8.973687702721834e-05
7.215078280709,8.948177469791131e-05
7.216097602679,8.927505122438769e-05
7.217116142619,8.887420087515699e-05
7.218131920517,8.876562347914309e-05
7.21914769414,8.875926360136167e-05
7.220160917664,8.981831664885788e-05
7.221174137078,9.052211896627121e-05
7.222185018827,9.093744299300393e-05
7.223206928232,8.958385647257073e-05
7.224220135996,9.003271916675846e-05
7.225232562167,8.985445007525555e-05
7.226240671955,9.061699535501036e-05
7.227253869467,8.971605104264096e-05
7.22826706358,8.998280017639359e-05
7.22928025478,8.98911021864347e-05
7.230293442951,8.906132112888253e-05
7.231294959834,9.003506153234179e-05
7.232308140809,9.080894808307662e-05
7.233329723482,7.107852934995124e-05
7.234129910214,8.988935702214174e-05
7.235136568712,9.025570454403651e-05
7.236141674216,9.180252595906314e-05
7.237172444833,8.943884587739629e-05
7.23818114978,9.023611627231293e-05
7.23920146224,8.891098073636739e-05
7.240211220656,8.953288245102742e-05
7.241223945258,8.967957827903474e-05
7.242236666107,9.037000295846234e-05
7.243262606057,8.981848349154778e-05
7.244282107431,8.944895788200695e-05
7.245298635199,9.314821276826729e-05
7.246354464191,9.710655287577786e-05
7.247454464191,9.674607435012355e-05
7.248554464191,9.649976516398476e-05
7.249654464191,9.657385371392822e-05
7.250754464191,9.66648937470498e-05
7.251854464191,9.065402557816787e-05
7.252891510852,8.989505338164948e-05
7.253916480555,8.78961581341989e-05
7.254927570147,8.808315337568371e-05
7.255937103831,8.817620322498983e-05
7.256946409893,8.950083323437258e-05
7.257979009038,8.846177186891242e-05
7.259002042536,8.784813077441331e-05
7.260017344087,8.834951609402233e-05
7.261037530005,8.870705301294407e-05
7.262066080054,8.631309821371891e-05
7.263067884266,8.618114389544114e-05
7.264071213627,8.561873377763893e-05
7.265071739662,8.593390426766082e-05
7.266074387638,8.664741853421659e-05
7.267081431179,8.694390088783513e-05
7.268096396423,8.95177853621569e-05
7.269143234462,8.702498670972727e-05
7.270161411098,8.736438570468195e-05
7.271183692638,8.73784043532564e-05
7.272205495923,8.817688978350739e-05
7.273244782324,8.446031190720684e-05
7.274247272426,8.761336245528828e-05
7.275284348253,8.65444178318268e-05
7.276306492794,8.731470848648925e-05
7.277339579684,8.493717742783453e-05
7.278347324097,8.67813459992823e-05
7.279378571299,8.43028373542536e-05
7.280382459156,8.732834227289003e-05
7.281428028171,8.547254782057717e-05
7.282450445751,8.665588263122777e-05
7.283482370679,8.43811738625376e-05
7.284489750032,8.785835580237876e-05
7.285536381247,8.785110494740502e-05
7.286584295003,8.448905755691103e-05
7.287602811915,8.492689127744454e-05
7.288634130019,8.519207513157485e-05
7.289668724981,8.384432004828568e-05
7.290682102904,8.935936462970652e-05
7.291762939566,8.269424553274041e-05
7.292771404718,8.4608003461284e-05
7.293810131107,8.250908650780948e-05
7.294823295526,8.351665629628243e-05
7.295847031143,8.15136013991959e-05
7.296847520832,8.320082644551355e-05
7.297863503634,8.216849657035186e-05
7.298864650765,8.149704488462501e-05
7.299865143711,8.376161052540287e-05
7.300889216949,8.391471643809748e-05
7.301909440872,8.352161461059214e-05
7.302934157262,8.180702620012539e-05
7.303949934071,8.177363932297339e-05
7.304962222601,8.171820022492477e-05
7.305963584643,5.7238285534702866e-05
7.306660112899,8.262207889089e-05
7.307677190004,8.26296782967124e-05
7.30870291133,8.2305941439184e-05
7.309723233631,8.125205617708288e-05
7.310726953719,8.39109815344831e-05
7.311756122166,8.086131625594771e-05
7.312757092134,8.100709912496421e-05
7.313764762794,8.301143738584408e-05
7.31478356844,8.146872203359901e-05
7.315790451616,8.128864403476118e-05
7.316803311679,8.21007987746966e-05
7.317818019909,8.170858941304022e-05
7.318826546004,8.134174096268862e-05
7.31984315491,8.133253263405596e-05
7.320858659472,8.213596397302591e-05
7.321879107518,8.214038640640947e-05
7.322899382116,8.025020308783309e-05
7.323905355361,8.00290506753712e-05
7.32490942582,8.169171382472412e-05
7.325931276512,7.993557973572581e-05
7.326943371804,8.092769348578263e-05
7.327970393463,8.080963513126777e-05
7.328990024505,8.000846955423395e-05
7.32999303563,8.033139163762282e-05
7.330998107298,8.076983809809388e-05
7.33201623807,7.924745981873278e-05
7.333021727796,7.958603016998475e-05
7.334030849814,8.03867824892253e-05
7.335037535489,8.073562414400077e-05
7.33604671891,7.899548394468626e-05
7.337049366957,7.942132383063731e-05
7.338063688117,7.900467826752342e-05
7.339077468503,7.860188207208908e-05
7.340088969197,7.81104170178369e-05
7.341091667303,7.84353723890541e-05
7.342100785473,8.015342428221394e-05
7.343134935877,7.895341880997342e-05
7.344147932242,7.924676992550766e-05
7.345166875434,7.905072440295667e-05
7.346183649242,7.738274495608118e-05
7.347184035082,7.749205861397306e-05
7.348187421425,7.874581145671182e-05
7.349207666722,7.79203524184958e-05
7.350208238906,7.895891823180296e-05
7.351216398308,7.796946861049996e-05
7.352227607124,7.748422864606053e-05
7.353237667067,7.78148518186877e-05
7.354242365557,7.751598006603266e-05
7.355245346285,7.851736956058151e-05
7.356271634023,7.791292211279202e-05
7.357291180423,7.826195969280208e-05
7.35830661469,7.72340506640918e-05
7.359307951408,7.900880925006224e-05
7.360339139243,7.751361625800489e-05
7.361352881352,8.074164243877148e-05
7.362405220938,8.168621415707845e-05
7.363464042391,8.019692825636482e-05
7.364512277525,8.360007298586078e-05
7.365612277525,8.378078872525686e-05
7.366712277525,7.797568569861597e-05
7.367732501919,8.47588900046988e-05
7.368832501919,7.722156743292485e-05
7.369842613494,8.145801677136006e-05
7.370909957174,8.359349054976587e-05
7.372009957174,8.260073473804788e-05
7.373109957174,8.254914907455817e-05
7.374209957174,8.291771419605509e-05
7.375309957174,8.251705905605814e-05
7.376409957174,8.107827163607042e-05
7.377491416996,7.661715968604103e-05
7.37851079998,3.326838233188462e-05
7.378954182726,7.632692442326979e-05
7.379971977947,7.811839018018711e-05
7.381006535722,7.700083249188836e-05
7.382020251825,7.614122932471906e-05
7.383038490882,8.11898924986411e-05
7.384135723882,7.75378238344382e-05
7.385183272902,7.793711520547428e-05
7.386230820585,7.49425372863875e-05
7.387232952911,7.622387564880472e-05
7.388251240215,7.552709988279267e-05
7.389266076775,7.636037390259395e-05
7.390292911616,8.166004861252269e-05
7.391390988293,8.107610102810164e-05
7.392477819633,7.53967005651321e-05
7.393491319573,7.752566112534594e-05
7.394536888858,7.761435500861705e-05
7.395585576518,8.11349931622514e-05
7.396683960427,7.530344344247718e-05
7.397704132935,7.697727189317919e-05
7.398748364924,7.806579015758395e-05
7.399805252482,7.68162324359022e-05
7.400845807895,7.448740180767426e-05
7.401855983029,7.85206303412512e-05
7.402924919078,7.488710315312599e-05
7.403946470033,7.706860137782616e-05
7.404996460913,7.466064966366876e-05
7.406008641361,7.431528570301421e-05
7.407019418457,7.659416496702083e-05
7.408053927214,7.663228792814798e-05
7.409095581598,7.614679792954164e-05
7.410144993649,7.432024110043452e-05
7.411172637632,7.393151869029626e-05
7.412188026986,7.339931103506982e-05
7.413190937345,7.570942069846371e-05
7.414224769141,7.593394822041054e-05
7.415265875028,7.519481232134502e-05
7.416298760026,7.530224526762207e-05
7.417333633903,7.64916068968475e-05
7.418384111685,7.497705509596605e-05
7.419412687487,7.316366424687565e-05
7.420429104072,7.336678886622026e-05
7.421450991118,7.287315635303679e-05
7.422461830316,7.539746228632226e-05
7.423494096351,7.48631924645619e-05
7.424520906965,7.538785665235242e-05
7.425572168429,7.2547733190886e-05
7.42659155484,7.32238511347427e-05
7.427618318975,7.315943876962601e-05
7.428641674577,7.23390075208162e-05
7.429648744004,7.710527396109609e-05
7.430718994791,7.284679651133352e-05
7.431744869313,7.167093869863766e-05
7.432758187389,7.279492669150468e-05
7.433779783299,7.171794163346455e-05
7.434787535428,7.267932059831148e-05
7.435819906587,7.154413065041784e-05
7.436826986683,7.11110508648083e-05
7.437836555233,7.08118900234479e-05
7.438853632034,7.070006225566911e-05
7.439864611314,7.108738267641826e-05
7.440873354014,7.009441941302538e-05
7.441873429152,7.545201435275921e-05
7.442954081251,7.110140628208841e-05
7.443971580582,7.204612211791915e-05
7.444999563529,7.225660465468229e-05
7.44602821506,7.21787833391501e-05
7.447054095657,7.084795670910875e-05
7.448070566798,6.94619280381684e-05
7.449073192025,6.970224657775571e-05
7.450075678252,7.114305238851283e-05
7.451097073243,7.130704571270263e-05
7.452122706253,7.085329622517536e-05
7.453149654314,7.292560867665881e-05
7.454209920255,6.998494401581548e-05
7.455225608649,7.018408509234405e-05
7.456243753412,7.011013454984513e-05
7.457261671717,7.338913260518864e-05
7.458328332822,7.014478830140143e-05
7.459352605,6.859691191811443e-05
7.460357239448,7.083557689681058e-05
7.461392681503,7.261280305033728e-05
7.462443557044,6.897024567947942e-05
7.4634474782,7.088867154547892e-05
7.464481490423,7.065243302995468e-05
7.46551083327,6.919325291385372e-05
7.466514418652,7.230262700502417e-05
7.467566347263,7.067018015581493e-05
7.468595843462,7.44044622911371e-05
7.469682727842,6.845090404244637e-05
7.470682727842,7.211961146649597e-05
7.471734652729,6.861374674800709e-05
7.472734652729,5.266832850285161e-05
7.47350472906,7.124134228129843e-05
7.474553205028,7.218366263222923e-05
7.475621258443,6.806533019622024e-05
7.476631333525,7.36171959950619e-05
7.47772478549,7.082131634714267e-05
7.478775009135,6.870827638516658e-05
7.47979530616,7.029323348789848e-05
7.480845527864,6.821317207253498e-05
7.481865822151,6.967276511136988e-05
7.482906114864,7.021671223324256e-05
7.483956479082,6.66862765105896e-05
7.484956768985,6.721027914232732e-05
7.485965018434,6.793635575943636e-05
7.486985305928,6.65447702696025e-05
7.487985592136,6.66758067720175e-05
7.488985876517,6.84322033497643e-05
7.490016229919,6.86438760086338e-05
7.491056511118,6.589654189683394e-05
7.49205679156,6.861380164015796e-05
7.493097070166,6.919185157277236e-05
7.494144382044,6.872555266717219e-05
7.495184226578,6.922690713006146e-05
7.496234570264,6.781472877886883e-05
7.497264645989,6.577837863722603e-05
7.498264918358,7.094585591716292e-05
7.499345057592,6.564512210413492e-05
7.500345326775,6.952779743769692e-05
7.50140599362,6.593564498217798e-05
7.502413016226,6.746186588793864e-05
7.503444463879,6.536737563746327e-05
7.504444728123,7.110537619572713e-05
7.505534306059,6.929099272475374e-05
7.506597522884,6.590881745376429e-05
7.507609876754,6.66569934559562e-05
7.50863489752,6.525788806991154e-05
7.509639353219,6.679545109168689e-05
7.510668698275,6.728384913761503e-05
7.51170630408,6.691272385588048e-05
7.512739512117,6.62168190312484e-05
7.513762813194,6.649443400183339e-05
7.514791507045,6.767244480379647e-05
7.515839695423,6.825212749630901e-05
7.516897837236,6.65387280654916e-05
7.517930469147,6.878509441424556e-05
7.518999391032,6.667750670750294e-05
7.520036661222,6.753091535989109e-05
7.521088486397,6.609295233120192e-05
7.522118749593,6.531789813977743e-05
7.523138317726,6.598606166587366e-05
7.524169926407,6.444735633300729e-05
7.525178112076,6.422035472747636e-05
7.526183164297,6.430564922952726e-05
7.527191180281,6.68223400974228e-05
7.528239571102,6.427067133296066e-05
7.529249229942,6.396191803010074e-05
7.530255294894,6.383382025667874e-05
7.531260595295,6.631678068276523e-05
7.53230631505,6.409928137569387e-05
7.533318450583,6.554030703877564e-05
7.534354628905,6.627566510049521e-05
7.535403518269,6.451829111069948e-05
7.536426006553,6.611541326035912e-05
7.537475116044,6.410324844510647e-05
7.538493281972,6.778526842477292e-05
7.539571174801,6.348464827725358e-05
7.5405821897,6.536857154772609e-05
7.541624258129,6.332159051209651e-05
7.542635114281,6.597865368533433e-05
7.54368973856,6.421504607178523e-05
7.54471770788,6.458299377153007e-05
7.545752756756,6.284027447172038e-05
7.546761175268,6.82120874157302e-05
7.547857209351,6.3320984360557e-05
7.54887563615,6.218445777344465e-05
7.549876986577,6.248365410939297e-05
7.550884229225,6.29302464810693e-05
7.551899896985,6.20543956700971e-05
7.552902418558,6.268407668550042e-05
7.553916197587,6.217357782662681e-05
7.554922969768,6.330333882487082e-05
7.555949174946,6.164264111425017e-05
7.556949644748,1.884368516983182e-05
7.557255694529,6.577874682698155e-06
7.557362556025,6.282021526719289e-06
7.557464626173,9.945628324346148e-06
7.55762622434,2.3995027167192324e-05
7.558016073636,1.949160585434658e-05
7.558332802151,6.218419737534553e-05
7.559344238342,6.200515084114334e-05
7.560354049258,6.264804987337657e-05
7.561375201471,6.254382431382522e-05
7.562395876652,6.204679370279497e-05
7.563409410623,6.246105206556762e-05
7.564431278831,6.544462704616361e-05
7.565502817563,6.239096881496597e-05
7.566525348211,6.353308655545896e-05
7.567567626602,6.098105810580906e-05
7.568569152503,6.400536491875952e-05
7.569621621122,6.339698698045494e-05
7.570665177368,6.175833602566563e-05
7.57168286204,6.140770493068188e-05
7.572695653778,6.199535334128306e-05
7.573719193961,6.0532181887671736e-05
7.574719998681,6.21825078204518e-05
7.5757494424,6.205617203018756e-05
7.576777846374,6.149801869557146e-05
7.5777980592,6.231688632444261e-05
7.578833038726,6.051651320735301e-05
7.579839369863,6.17603958877865e-05
7.580867696009,6.0067979698496034e-05
7.581868773164,6.066595283162952e-05
7.582881001871,6.212564117533176e-05
7.583918992957,6.0234882107786026e-05
7.584926625312,6.171997038231757e-05
7.585960592469,6.034398170820613e-05
7.58697271876,6.018790683973638e-05
7.587982988098,5.95423888191899e-05
7.588983530099,5.97618128794669e-05
7.58998890462,5.9639269755991066e-05
7.590993381689,6.246994144999477e-05
7.592046704665,6.066797027627481e-05
7.593070664217,5.920782704389949e-05
7.594071439311,6.093433462918175e-05
7.595102590396,5.919755757911996e-05
7.596105370073,6.028086817068438e-05
7.597127604205,5.95536122753921e-05
7.598138501065,6.009709168297184e-05
7.599159869213,6.0250290498418615e-05
7.600184770344,1.7267409258263823e-05
7.601228467683,0.0
7.602266183937,0.0
7.603277704233,0.0
7.603985090662,0.0
7.604986278741,0.0
7.605992671379,0.0
7.607004668565,0.0
7.60802015924,0.0
7.609061974794,0.0
7.610076228448,0.0
7.611078597763,0.0
7.612079844385,0.0
7.613102531834,0.0
7.614115621191,0.0
7.615136745704,0.0
7.616158614951,0.0
7.617162499382,0.0
7.618179892131,0.0
7.619188456983,0.0
7.62024654627,0.0
7.621282024844,0.0
7.622303522915,0.0
7.623316887416,0.0
7.624326125826,0.0
7.625352906276,0.0
7.626371581349,0.0
7.627393121636,0.0
7.628400866529,0.0
7.629407434611,0.0
7.63040859512,0.0
7.631417277091,0.0
7.632420994568,0.0
7.633432001342,0.0
7.63443954211,0.0
7.635440528526,0.0
7.636463566262,0.0
7.637474267631,0.0
7.63849853966,0.0
7.639505845861,0.0
7.640508646303,0.0
7.641536618355,0.0
7.642556036386,0.0
7.643559768161,0.0
7.644566796843,0.0
7.645046119042,0.0
7.646061817548,0.0
7.647083167699,0.0
7.648097403346,0.0
7.649098642292,0.0
7.650186430367,0.0
7.651187407186,0.0
7.6522712799,0.0
7.65327666915,0.0
7.654316130121,0.0
7.655369946848,0.0
7.656370590183,0.0
7.657429588042,0.0
7.658485710634,0.0
7.65950666004,0.0
7.660534557272,0.0
7.661577306219,0.0
7.662633171375,0.0
7.663681599804,0.0
7.664683631587,0.0
7.665748068154,0.0
7.666836824359,0.0
7.667877298845,0.0
7.668884807551,0.0
7.669911371312,0.0
7.670927623779,0.0
7.671942019271,0.0
7.672995387067,0.0
7.673999326902,0.0
7.675060787942,0.0
7.676087179736,0.0
7.677095851115,0.0
7.678110647601,0.0
7.679144017139,0.0
7.680188539643,0.0
7.681236518297,0.0
7.68226147605,0.0
7.683269771039,0.0
7.684270037155,0.0
7.685274780662,0.0
7.686293309842,0.0
7.687294301909,0.0
7.688314383239,0.0
7.689317898838,0.0
7.690353087119,0.0
7.691375709972,0.0
7.692381912151,0.0
7.69338635112,0.0
7.694387270188,0.0
7.69541234745,0.0
7.696444458603,0.0
7.696704045418,0.0
7.697732349772,0.0
7.698736089814,0.0
7.699766943687,0.0
7.700781629854,0.0
7.701788473104,0.0
7.702790924592,0.0
7.703791550473,0.0
7.704814048087,0.0
7.70582414867,0.0
7.706847134406,0.0
7.707859312867,0.0
7.708862380825,0.0
7.709884392801,0.0
7.710886877622,0.0
7.71191056012,0.0
7.712935844019,0.0
7.714012577942,0.0
7.715043171141,0.0
7.716067563057,0.0
7.717090569274,0.0
7.718096857316,0.0
7.719114590271,0.0
7.72011875402,0.0
7.721147417595,0.0
7.722169382042,0.0
7.723178956544,0.0
7.724181852604,0.0
7.725242864856,0.0
7.726246468541,0.0
7.727248987434,0.0
7.728255794292,0.0
7.729257007876,0.0
7.730257819995,0.0
7.731272247669,0.0
7.732302628069,0.0
7.733318201027,0.0
7.734340197876,0.0
7.735343761142,0.0
7.736361112012,0.0
7.737421261709,0.0
7.738440108759,0.0
7.73907375481,0.0
7.740086407667,0.0
7.741087375789,0.0
7.742110306167,0.0
7.743146413941,0.0
7.744174919839,0.0
7.745239283221,0.0
7.746255803267,0.0
7.747277669389,0.0
7.748288051473,0.0
7.749290137378,0.0
7.750311308283,0.0
7.751319170832,0.0
7.752324109505,0.0
7.753330311982,0.0
7.754340848481,0.0
7.75535365836,0.0
7.756362872404,0.0
7.757366769249,0.0
7.758402039681,0.0
7.759454123836,0.0
7.760484959422,0.0
7.761498404487,0.0
7.762515232352,0.0
7.763525523984,0.0
7.764591763722,0.0
7.76567929212,0.0
7.766729815206,0.0
7.767760259408,0.0
7.768820838107,0.0
7.769869142054,0.0
7.770915848582,0.0
7.771917975816,0.0
7.772922654515,0.0
7.773957514414,0.0
7.775024225075,0.0
7.776054944864,0.0
7.777105693301,0.0
7.778196778491,0.0
7.779247593593,0.0
7.780268723571,0.0
7.781299603726,0.0
7.782350511543,0.0
7.783371765716,0.0
7.784412830445,0.0
7.785463830871,0.0
7.786474859982,0.0
7.787484899,0.0
7.788505391905,0.0
7.78951576539,0.0
7.79061575789,0.0
7.791632747249,0.0
7.792643324866,0.0
7.793653921334,0.0
7.794660745692,0.0
7.795662132493,0.0
7.795907739495,0.0
7.796925733059,0.0
7.79794199483,0.0
7.798945642522,0.0
7.799950538255,0.0
7.800959410915,0.0
7.801964416366,0.0
7.802973016561,0.0
7.803979083665,0.0
7.805009540107,0.0
7.806036116731,0.0
7.807055405399,0.0
7.808083654805,0.0
7.809088106227,0.0
7.810095658127,0.0
7.811103860169,0.0
7.812111664391,0.0
7.813120092678,0.0
7.814126553089,0.0
7.815145907927,0.0
7.816157745739,0.0
7.8171602214,0.0
7.818194358197,0.0
7.819209808456,0.0
7.820212625414,0.0
7.82124711547,0.0
7.82226291178,0.0
7.823266071483,0.0
7.824300914234,0.0
7.825317058789,0.0
7.826320561558,0.0
7.827355758324,0.0
7.828372918249,0.0
7.829396911213,0.0
7.830407845527,0.0
7.831427655574,0.0
7.83244041006,0.0
7.833449440787,0.0
7.834456338188,0.0
7.835458497643,0.0
7.836460768548,0.0
7.83746669804,0.0
7.838470791681,0.0
7.839471685551,0.0
7.840498183436,0.0
7.841110563805,0.0
7.842127225882,0.0
7.843135682856,0.0
7.84417561476,0.0
7.845209862899,0.0
7.846244230143,0.0
7.847245921567,0.0
7.848249608702,0.0
7.849272564469,0.0
7.850280042037,0.0
7.851284198817,0.0
7.85228846552,0.0
7.853291049827,0.0
7.854322395786,0.0
7.855348104125,0.0
7.856368085672,0.0
7.857389195502,0.0
7.858413520505,0.0
7.859437192949,0.0
7.860443836723,0.0
7.861482517308,0.0
7.862507112701,0.0
7.863512076834,0.0
7.86453876411,0.0
7.865552444283,0.0
7.86656267488,0.0
7.867580104543,0.0
7.868584462227,0.0
7.869585842632,0.0
7.870587329888,0.0
7.871612073216,0.0
7.872631941199,0.0
7.873647408773,0.0
7.874652536506,0.0
7.875673804249,0.0
7.876709615787,0.0
7.877716591688,0.0
7.878735677126,0.0
7.879744774972,0.0
7.880795090796,0.0
7.881815552563,0.0
7.88284593142,0.0
7.883846743458,0.0
7.884927324127,0.0
7.885957791552,0.0
7.886967953453,0.0
7.887967953453,0.0
7.888967953453,0.0
7.889967953453,0.0
7.890967953453,0.0
7.891967953453,0.0
7.892967953453,0.0
7.893986880816,0.0
7.894986880816,0.0
7.895997131275,0.0
7.897038176037,0.0
7.898068980846,0.0
7.899059821715,0.0
7.900108823284,0.0
7.901139723239,0.0
7.902190649942,0.0
7.90321192621,0.0
7.904242915775,0.0
7.905293933157,0.0
7.906315328759,0.0
7.90736283421,0.0
7.908444312457,0.0
7.909475452574,0.0
7.910526217282,0.0
7.91155820317,0.0
7.912575520498,0.0
7.913584958505,0.0
7.914596057187,0.0
7.915612155436,0.0
7.916614171284,0.0
7.917636455738,0.0
7.918672097402,0.0
7.91969019485,0.0
7.920700406984,0.0
7.921712279617,0.0
7.922729156075,0.0
7.923731937648,0.0
7.924748318518,0.0
7.925762064825,0.0
7.926815725444,0.0
7.927843477787,0.0
7.928851152964,0.0
7.929877641856,0.0
7.930892541234,0.0
7.931913209366,0.0
7.93294748258,0.0
7.933972874991,0.0
7.934990729174,0.0
7.936001999665,0.0
7.937007162689,0.0
7.938037297622,0.0
7.939052958676,0.0
7.94007136101,0.0
7.941081053491,0.0
7.942118179554,0.0
7.943144564179,0.0
7.944163402666,0.0
7.945166353806,0.0
7.946186326337,0.0
7.947217458623,0.0
7.948225485388,0.0
7.949235174961,0.0
7.950241230902,0.0
7.950467002073,0.0
7.951495640749,0.0
7.952518247151,0.0
7.953540959775,0.0
7.954560191543,0.0
7.955560447803,0.0
7.956562995755,0.0
7.957593075244,0.0
7.95859876576,0.0
7.959606467441,0.0
7.960610084262,0.0
7.961617583252,0.0
7.96263264112,0.0
7.963632982661,0.0
7.964657710496,0.0
7.965685477481,0.0
7.966692252933,0.0
7.967721338256,0.0
7.968765022548,0.0
7.96980882528,0.0
7.970837948371,0.0
7.971867504828,0.0
7.972892695689,0.0
7.97391799793,0.0
7.974939450257,0.0
7.975961012894,0.0
7.976979082373,0.0
7.977997260216,0.0
7.97901230281,0.0
7.9800274512,0.0
7.98105800136,0.0
7.982084178991,0.0
7.98311046847,0.0
7.984132904438,0.0
7.985155451197,0.0
7.986174504632,0.0
7.987175086237,0.0
7.988196955648,0.0
7.989222967693,0.0
7.990226080829,0.0
7.991255236901,0.0
7.992263854245,0.0
7.993276325922,0.0
7.99430707695,0.0
7.995366382737,0.0
7.996377287753,0.0
7.997402879964,0.0
7.998424253329,0.0
7.999432469546,0.0
8.000193436333,0.0
8.001217987013,0.0
8.002231329237,0.0
8.00325472583,0.0
8.00426065055,0.0
8.005279827727,0.0
8.006314715319,0.0
8.007343048489,0.0
8.008372233482,0.0
8.009402581963,0.0
8.01040333371,0.0
8.011408145134,0.0
8.012417803136,0.0
8.013457957472,0.0
8.014483185772,0.0
8.015506534579,0.0
8.01655325932,0.0
8.017606480436,0.0
8.018612128384,0.0
8.019642078886,0.0
8.020645063048,0.0
8.021670775742,0.0
8.022769931953,0.0
8.023814742374,0.0
8.024835055126,0.0
8.025840929253,0.0
8.026864044579,0.0
8.02788864116,0.0
8.028942654231,0.0
8.029946141955,0.0
8.030966940479,0.0
8.031969301987,0.0
8.032978129236,0.0
8.03398351817,0.0
8.035001124344,0.0
8.03601883448,0.0
8.037034111873,0.0
8.038049493113,0.0
8.039062077547,0.0
8.040074764916,0.0
8.041091980176,0.0
8.04210348039,0.0
8.043116238195,0.0
8.044126803064,0.0
8.045137470972,0.0
8.046159766963,0.0
8.047171703166,0.0
8.048181313762,0.0
8.049188729374,0.0
8.049430834209,0.0
8.050449156412,0.0
8.051475433869,0.0
8.052499034483,0.0
8.053522740768,0.0
8.054544011679,0.0
8.055557763367,0.0
8.056567746472,0.0
8.057589331191,0.0
8.058614894719,0.0
8.059636203975,0.0
8.060652424662,0.0
8.061662823311,0.0
8.062667501401,0.0
8.063702317242,0.0
8.064709020535,0.0
8.065725637653,0.0
8.066736908969,0.0
8.067742106697,0.0
8.068777453631,0.0
8.069784675097,0.0
8.070800899256,0.0
8.07180651349,0.0
8.072813641279,0.0
8.073831992309,0.0
8.074842648012,0.0
8.07585468516,0.0
8.076857649975,0.0
8.077900762465,0.0
8.0789245385,0.0
8.079931301487,0.0
8.080967932139,0.0
8.081976416677,0.0
8.082994869407,0.0
8.084012131927,0.0
8.085033178472,0.0
8.086049265455,0.0
8.087060631724,0.0
8.088085724801,0.0
8.089090795605,0.0
8.090094853127,0.0
8.091102505981,0.0
8.092110641893,0.0
8.09271902073,0.0
8.093731321189,0.0
8.094748371078,0.0
8.095752263016,0.0
8.09676499745,0.0
8.097771169456,0.0
8.098773118099,0.0
8.099787537879,0.0
8.100808247937,0.0
8.101808632377,0.0
8.102814139515,0.0
8.103830143281,0.0
8.104833055891,0.0
8.105835795405,0.0
8.106846890948,0.0
8.107865741933,0.0
8.108871635254,0.0
8.109875476971,0.0
8.110881080386,0.0
8.111896205277,0.0
8.112941668137,0.0
8.113959407207,0.0
8.114962308352,0.0
8.115970764296,0.0
8.117004151561,0.0
8.118038612595,0.0
8.119070332204,0.0
8.120094144276,0.0
8.121097933215,0.0
8.122166183661,0.0
8.123206759787,0.0
8.124222181441,0.0
8.125249655373,0.0
8.126275157505,0.0
8.127287146529,0.0
8.128328232909,0.0
8.129329706141,0.0
8.130401876218,0.0
8.131440423941,0.0
8.132448311881,0.0
8.13301762595,0.0
8.134054284957,0.0
8.135101166831,0.0
8.136161122392,0.0
8.137229336074,0.0
8.138268190482,0.0
8.139276541069,0.0
8.140296727211,0.0
8.141305214376,0.0
8.142344255449,0.0
8.14334430066,0.0
8.144394932191,0.0
8.14546370353,0.0
8.1465029302,0.0
8.147506721186,0.0
8.148576918262,0.0
8.149624654504,0.0
8.150625416135,0.0
8.151629923172,0.0
8.15268419393,0.0
8.153693541029,0.0
8.154733153186,0.0
8.155742645682,0.0
8.156747333763,0.0
8.157793892756,0.0
8.158815770778,0.0
8.159835594414,0.0
8.160853094512,0.0
8.161866841033,0.0
8.162882989689,0.0
8.163904180818,0.0
8.164917851925,0.0
8.165924732464,0.0
8.16694295803,0.0
8.167952374878,0.0
8.168998015082,0.0
8.170066561287,0.0
8.171086511424,0.0
8.172091128382,0.0
8.173113658009,0.0
8.174151529775,0.0
8.175168551146,0.0
8.176191302225,0.0
8.177191546625,0.0
8.178204278756,0.0
8.179212571323,0.0
8.180216914893,0.0
8.181220753933,0.0
8.182234776739,0.0
8.183259442645,0.0
8.184268698795,0.0
8.185278827471,0.0
8.186290719934,0.0
8.186732849372,0.0
8.187740471711,0.0
8.188767872027,0.0
8.189779849963,0.0
8.190794213031,0.0
8.191795044883,0.0
8.192830773281,0.0
8.193842931787,0.0
8.194847383595,0.0
8.195855908015,0.0
8.19686343804,0.0
8.197867579423,0.0
8.19887901139,0.0
8.199899421546,0.0
8.200919831702,0.0
8.201924529914,0.0
8.202930821079,0.0
8.20301835627,0.0
8.20309287505,0.0
8.203143199147,0.0
8.203261832297,0.0
8.203465397437,0.0
8.203829122782,0.0
8.204413271113,0.0
8.205167717171,0.0
8.205987791076,0.0
8.206744908358,0.0
8.207435116871,0.0
8.208148441,0.0
8.20888917983,0.0
8.209768341901,0.0
8.210612447917,0.0
8.21156630176,0.0
8.212572386784,0.0
8.213580694322,0.0
8.214599564766,0.0
8.215267906552,0.0
8.215880043259,0.0
8.216645975058,0.0
8.217472321673,0.0
8.218135592563,0.0
8.219137893741,0.0
8.219812053043,0.0
8.220026120935,0.0
8.220859473371,0.0
8.221256476879,0.0
8.222231039492,0.0
8.223234976914,0.0
8.223593478879,0.0
8.224130311927,0.0
8.224240395923,0.0
8.224548926081,0.0
8.22499751138,0.0
8.225358893461,0.0
8.225704570575,0.0
8.226030605868,0.0
8.226135836819,0.0
8.226762413967,0.0
8.227060310039,0.0
8.227936494208,0.0
8.228247258741,0.0
8.228487944799,0.0
8.22949461118,0.0
8.230158124138,0.0
8.231165846695,0.0
8.231605918252,0.0
8.23260967874,0.0
8.23289270589,0.0
8.233559745466,0.0
8.234411989054,0.0
8.234852724956,0.0
8.235356658944,0.0
8.235999621778,0.0
8.236781009386,0.0
8.237639243948,0.0
8.238282033474,0.0
8.238617742283,0.0
8.239346065694,0.0
8.23983373562,0.0
8.240540757902,0.0
8.241390574053,0.0
8.241541594867,0.0
8.241831186701,0.0
8.241910789588,0.0
8.242483604581,0.0
8.243292286786,0.0
8.243716188221,0.0
8.244723326894,0.0
8.245330531447,0.0
8.245928263568,0.0
8.246934704691,0.0
8.247400837664,0.0
8.248405358089,0.0
8.249029997022,0.0
8.249898036804,0.0
8.250653517749,0.0
8.251608913314,0.0
8.252157619068,0.0
8.25262773071,0.0
8.253539128489,0.0
8.254319911296,0.0
8.255320588243,0.0
8.25600658741,0.0
8.256614017344,0.0
8.257156261754,0.0
8.257585685604,0.0
8.25859349669,0.0
8.259377453466,0.0
8.25975593879,0.0
8.260262928473,0.0
8.261009852594,0.0
8.262060873593,0.0
8.263071207855,0.0
8.264008845939,0.0
8.264921218057,0.0
8.265566266894,0.0
8.266091451667,0.0
8.266767463349,0.0
8.267442607605,0.0
8.26821810028,0.0
8.268436196691,0.0
8.268884448959,0.0
8.269749881885,0.0
8.270455782303,0.0
8.271466366144,0.0
8.271806059511,0.0
8.272575521501,0.0
8.272968805463,0.0
8.273973724329,0.0
8.274980492026,0.0
8.275258220357,0.0
8.276182061449,0.0
8.277187461296,0.0
8.278193370503,0.0
8.278707372766,0.0
8.279163346108,0.0
8.279849408347,0.0
8.280554708866,0.0
8.281448856923,0.0
8.281968256458,0.0
8.282425432381,0.0
8.282936605019,0.0
8.283187626794,0.0
8.28358509214,0.0
8.283884791832,0.0
8.284254971218,0.0
8.284693611766,0.0
8.285665304401,0.0
8.28620637392,0.0
8.286436113034,0.0
8.287436959348,0.0
8.288477194945,0.0
8.289482101449,0.0
8.290485139626,0.0
8.291131560829,0.0
8.292146230294,0.0
8.293042155394,0.0
8.293921530765,0.0
8.294329394713,0.0
8.295331546258,0.0
8.296335996848,0.0
8.297241044484,0.0
8.298179195901,0.0
8.298870960339,0.0
8.29946104988,0.0
8.300086663128,0.0
8.300247621129,0.0
8.300780078868,0.0
8.300849384094,0.0
8.301867541711,0.0
8.302262340372,0.0
8.302543440085,0.0
8.302928177473,0.0
8.303693451062,0.0
8.304611364856,0.0
8.30504793289,0.0
8.305614526674,0.0
8.306207373854,0.0
8.306881225302,0.0
8.307569217912,0.0
8.308220888801,0.0
8.308654301999,0.0
8.309593587419,0.0
8.310268533635,0.0
8.310839077992,0.0
8.31130364106,0.0
8.31161607958,0.0
8.312400705131,0.0
8.312631855821,0.0
8.312826851421,0.0
8.313413758056,0.0
8.313933149991,0.0
8.314696867831,0.0
8.315386917108,0.0
8.315655141644,0.0
8.315922458829,0.0
8.316705494503,0.0
8.31709210111,0.0
8.317937171544,0.0
8.318747552801,0.0
8.319254814705,0.0
8.319906078279,0.0
8.320539894496,0.0
8.321009672256,0.0
8.32165944564,0.0
8.321876217763,0.0
8.322684863836,0.0
8.323685866462,0.0
8.324690184026,0.0
8.325170558209,0.0
8.325321016065,0.0
8.325756048411,0.0
8.326421395629,0.0
8.32683718247,0.0
8.327494788782,0.0
8.328501141593,0.0
8.329509374024,0.0
8.330516551408,0.0
8.331515444991,0.0
8.332520381767,0.0
8.333370480053,0.0
8.334026439176,0.0
8.334750877204,0.0
8.335020209113,0.0
8.335412929673,0.0
8.335705612468,0.0
8.3357069416,0.0
8.335708270732,0.0
8.335709865691,0.0
8.335711779642,0.0
8.335713693592,0.0
8.335715607543,0.0
8.335717521493,0.0
8.335719435444,0.0
8.335721349394,0.0
8.335723646135,0.0
8.335725942875,0.0
8.335728239616,0.0
8.335730991507,0.0
8.335734298814,0.0
8.33573760612,0.0
8.335740913427,0.0
8.335744882194,0.0
8.335748850962,0.0
8.335753608989,0.0
8.33575837151,0.0
8.335764086536,0.0
8.335769801561,0.0
8.335775516587,0.0
8.335782374618,0.0
8.335790604254,0.0
8.335800479819,0.0
8.335810355383,0.0
8.335820230947,0.0
8.335830106511,0.0
8.335845031317,0.0
8.335858497724,0.0
8.33587194536,0.0
8.335892134176,0.0
8.335900090415,0.0
8.335903769432,0.0
8.335907448449,0.0
8.335913061263,0.0
8.33592151337,0.0
8.335928031838,0.0
8.335933512414,0.0
8.335941755735,0.0
8.335954124949,0.0
8.33597273692,0.0
8.335983890196,0.0
8.33599128482,0.0
8.336002380912,0.0
8.336013476273,0.0
8.336024554711,0.0
8.336033599939,0.0
8.336042645166,0.0
8.336051522753,0.0
8.33606040034,0.0
8.336073730232,0.0
8.336093730615,0.0
8.336105283775,0.0
8.336115547806,0.0
8.336125811837,0.0
8.33614126853,0.0
8.336155188804,0.0
8.336169109077,0.0
8.336190053484,0.0
8.33621099789,0.0
8.336239410518,0.0
8.33625954529,0.0
8.336273481774,0.0
8.336287418259,0.0
8.336300004264,0.0
8.336307555867,0.0
8.336315107471,0.0
8.336326553989,0.0
8.336335613554,0.0
8.336341049294,0.0
8.336346485033,0.0
8.33635475765,0.0
8.336367165578,0.0
8.33637275203,0.0
8.336376216065,0.0
8.336379385532,0.0
8.336382554345,0.0
8.336387314375,0.0
8.336392074405,0.0
8.336395859169,0.0
8.336399284061,0.0
8.336402708954,0.0
8.336407993702,0.0
8.336415920425,0.0
8.336427875578,0.0
8.336445843449,0.0
8.336453018533,0.0
8.336456079206,0.0
8.336460734139,0.0
8.336467715098,0.0
8.336478190737,0.0
8.336493959861,0.0
8.336509708576,0.0
8.336514354241,0.0
8.336518198816,0.0
8.33652412568,0.0
8.336533019066,0.0
8.336546367164,0.0
8.336563666676,0.0
8.33657664131,0.0
8.33658442609,0.0
8.33659221087,0.0
8.33659950675,0.0
8.336604980424,0.0
8.336610454098,0.0
8.336615927771,0.0
8.336621401445,0.0
8.336627969853,0.0
8.336635851943,0.0
8.336645310451,0.0
8.336656648615,0.0
8.336670268866,0.0
8.336673537727,0.0
8.336676806587,0.0
8.336681788182,0.0
8.336689312813,0.0
8.336700622322,0.0
8.336709210389,0.0
8.336714802718,0.0
8.336718158115,0.0
8.336721513512,0.0
8.336726602278,0.0
8.336734235266,0.0
8.336745684604,0.0
8.336755990008,0.0
8.336766295411,0.0
8.336781879924,0.0
8.336791012301,0.0
8.336798024404,0.0
8.336805841833,0.0
8.336811704905,0.0
8.336816102209,0.0
8.336819400187,0.0
8.33682187367,0.0
8.336823728783,0.0
8.336825583895,0.0
8.336827439008,0.0
8.33682929412,0.0
8.336831149233,0.0
8.336833004345,0.0
8.336834859458,0.0
8.336837085591,0.0
8.336839311726,0.0
8.336841537861,0.0
8.336843763874,0.0
8.336845990009,0.0
8.336848661371,0.0
8.336851332733,0.0
8.336854004095,0.0
8.336857209729,0.0
8.336861056491,0.0
8.336864903252,0.0
8.336868750013,0.0
8.336873366127,0.0
8.336877982241,0.0
8.336882598354,0.0
8.33688813769,0.0
8.336893677027,0.0
8.33690032423,0.0
8.336908300875,0.0
8.336917872848,0.0
8.336929359216,0.0
8.336943129576,0.0
8.336959669945,0.0
8.336976210315,0.0
8.336981926667,0.0
8.336987643018,0.0
8.336992790719,0.0
8.336997938419,0.0
8.33700577638,0.0
8.337017534138,0.0
8.337035222136,0.0
8.337061770287,0.0
8.33707793677,0.0
8.337089626569,0.0
8.337101316367,0.0
8.337119004098,0.0
8.337136691829,0.0
8.337163281546,0.0
8.337185950834,0.0
8.337205604948,0.0
8.337234891676,0.0
8.337245239535,0.0
8.337254306277,0.0
8.337267962582,0.0
8.337280290972,0.0
8.337292619362,0.0
8.337303796013,0.0
8.337314972663,0.0
8.337331819782,0.0
8.337345155559,0.0
8.337358491337,0.0
8.337378536617,0.0
8.337408615943,0.0
8.337430770336,0.0
8.337442638561,0.0
8.337453327107,0.0
8.337464015652,0.0
8.337474704198,0.0
8.337485392743,0.0
8.337496081289,0.0
8.337511908572,0.0
8.337524370732,0.0
8.337535611461,0.0
8.33754685219,0.0
8.337557078476,0.0
8.337567304762,0.0
8.337576242635,0.0
8.337585180509,0.0
8.337594118382,0.0
8.337607669488,0.0
8.337619877782,0.0
8.337632086075,0.0
8.337643149019,0.0
8.337654211963,0.0
8.337664261308,0.0
8.337674310652,0.0
8.33768947908,0.0
8.337704647508,0.0
8.337710144808,0.0
8.337715642108,0.0
8.337723912822,0.0
8.337736308813,0.0
8.3377455902,0.0
8.337754871587,0.0
8.337763270316,0.0
8.337771669045,0.0
8.337779304186,0.0
8.337786936872,0.0
8.337798179626,0.0
8.337805769524,0.0
8.337817213014,0.0
8.337834351459,0.0
8.337851489904,0.0
8.337859665091,0.0
8.337866216106,0.0
8.337876058769,0.0
8.33788495256,0.0
8.337893844629,0.0
8.337904647935,0.0
8.337912757081,0.0
8.337918838941,0.0
8.337923395884,0.0
8.337925448512,0.0
8.33792750114,0.0
8.337930678907,0.0
8.337933244692,0.0
8.337935810477,0.0
8.337938376261,0.0
8.337940942046,0.0
8.33794350783,0.0
8.337946586771,0.0
8.337949665713,0.0
8.337952744654,0.0
8.337955823596,0.0
8.337958902537,0.0
8.337962597267,0.0
8.337966291997,0.0
8.337970725672,0.0
8.337975159348,0.0
8.337979593023,0.0
8.337984913434,0.0
8.337990233845,0.0
8.337995554256,0.0
8.338001938749,0.0
8.33800960014,0.0
8.33801879381,0.0
8.33802981857,0.0
8.338040835136,0.0
8.338051856047,0.0
8.338060118908,0.0
8.33806507544,0.0
8.338070031973,0.0
8.338074988505,0.0
8.338082479744,0.0
8.338089970982,0.0
8.338099622129,0.0
8.338111203505,0.0
8.338122669631,0.0
8.338131355663,0.0
8.338140041696,0.0
8.338152537494,0.0
8.33816504538,0.0
8.338172550112,0.0
8.338180054844,0.0
8.338189435758,0.0
8.338196471445,0.0
8.338201748209,0.0
8.338205705782,0.0
8.338208673962,0.0
8.338210898175,0.0
8.338212567777,0.0
8.338213819978,0.0
8.338214759128,0.0
8.338215698279,0.0
8.33821663743,0.0
8.338217576581,0.0
8.338218515731,0.0
8.338219454882,0.0
8.338220394033,0.0
8.338221333183,0.0
8.338222460164,0.0
8.338223587145,0.0
8.338224714126,0.0
8.338225841107,0.0
8.338226968088,0.0
8.338228320465,0.0
8.338229672842,0.0
8.338231025219,0.0
8.338232377596,0.0
8.338233729973,0.0
8.33823508235,0.0
8.338236705202,0.0
8.338238328055,0.0
8.338239950907,0.0
8.33824157376,0.0
8.338243196612,0.0
8.338244819465,0.0
8.338246766887,0.0
8.33824871431,0.0
8.338251051218,0.0
8.338253388125,0.0
8.338255725033,0.0
8.33825806194,0.0
8.338260866229,0.0
8.338263670518,0.0
8.338267035665,0.0
8.338271073841,0.0
8.338275112018,0.0
8.338279150194,0.0
8.338282057681,0.0
8.338284965167,0.0
8.338289409838,0.0
8.338296082812,0.0
8.338304446244,0.0
8.338314494518,0.0
8.338326552448,0.0
8.338335234157,0.0
8.338343915866,0.0
8.338352597575,0.0
8.338365636696,0.0
8.338378674392,0.0
8.338390438346,0.0
8.3384022023,0.0
8.33841396594,0.0
8.338431469477,0.0
8.338448973013,0.0
8.33846647655,0.0
8.338483980087,0.0
8.338493291782,0.0
8.338501373077,0.0
8.338513652823,0.0
8.338525956333,0.0
8.338535183965,0.0
8.338542104689,0.0
8.338547294702,0.0
8.338551187609,0.0
8.33855410729,0.0
8.33855702697,0.0
8.338559946651,0.0
8.338563450268,0.0
8.338566953884,0.0
8.338571158224,0.0
8.338575362564,0.0
8.338578389689,0.0
8.338581416814,0.0
8.338586075316,0.0
8.338593061427,0.0
8.33860352317,0.0
8.338616077262,0.0
8.338631142173,0.0
8.338646170909,0.0
8.338659186992,0.0
8.338672203075,0.0
8.338685219157,0.0
8.338704813894,0.0
8.338719651287,0.0
8.338728552813,0.0
8.338733893729,0.0
8.338739234645,0.0
8.338747395912,0.0
8.338755557178,0.0
8.338763718444,0.0
8.338775904435,0.0
8.338788090269,0.0
8.338800275023,0.0
8.338818583915,0.0
8.338833302527,0.0
8.338843059679,0.0
8.33885281683,0.0
8.338867631485,0.0
8.338882446139,0.0
8.338887571921,0.0
8.338892697702,0.0
8.338897399792,0.0
8.338902101881,0.0
8.338908859503,0.0
8.33891392772,0.0
8.338917728882,0.0
8.338920579753,0.0
8.338922717907,0.0
8.338924856061,0.0
8.338926994215,0.0
8.338929132369,0.0
8.338931698153,0.0
8.338934777094,0.0
8.338937856036,0.0
8.338940934977,0.0
8.338944013919,0.0
8.33894709286,0.0
8.338950171802,0.0
8.338953250743,0.0
8.338956945473,0.0
8.338960640202,0.0
8.338964334932,0.0
8.338968029662,0.0
8.338971724391,0.0
8.338976158067,0.0
8.338980591743,0.0
8.338985912154,0.0
8.338991232564,0.0
8.338996552975,0.0
8.339002937468,0.0
8.339009321961,0.0
8.339015706454,0.0
8.339022090947,0.0
8.339029752338,0.0
8.339038946008,0.0
8.339044172213,0.0
8.339046697357,0.0
8.339049222501,0.0
8.339053038446,0.0
8.339058761428,0.0
8.339067326564,0.0
8.339075888618,0.0
8.339088756814,0.0
8.339101619389,0.0
8.339111259646,0.0
8.33911193279,0.0
8.339111995634,0.0
8.339112137103,0.0
8.339112455939,0.0
8.339112986732,0.0
8.33911383556,0.0
8.339115109221,0.0
8.339117019833,0.0
8.339119885453,0.0
8.339124235323,0.0
8.339128583064,0.0
8.34012952908,0.0
8.341134820741,0.0
8.342141565599,0.0
8.343156399619,0.0
8.344157164596,0.0
8.345157410762,0.0
8.346164047482,0.0
8.347171422445,0.0
8.348178181303,0.0
8.349191283867,0.0
