-0.34462761827,0.0
-0.343626301376,0.0
-0.342619596326,0.0
-0.341575222688,0.0
-0.340537423828,0.0
-0.339499624968,0.0
-0.338461826107,0.0
-0.337424027247,0.0
-0.336386228387,0.0
-0.335367744417,0.0
-0.334327744417,0.0
-0.333287744417,0.0
-0.332247744417,0.0
-0.331207744417,0.0
-0.330167744417,0.0
-0.329127744417,0.0
-0.328087744417,0.0
-0.327047744417,0.0
-0.326007744417,0.0
-0.324967744417,0.0
-0.323927744417,0.0
-0.322887744417,0.0
-0.321847744417,0.0
-0.320807744417,0.0
-0.319767744417,0.0
-0.318727744417,0.0
-0.317687744417,0.0
-0.316647744417,0.0
-0.315607744417,0.0
-0.314567744417,0.0
-0.313527744417,0.0
-0.312487744417,0.0
-0.311447744417,0.0
-0.310407744417,0.0
-0.309367744417,0.0
-0.308327744417,0.0
-0.307287744417,0.0
-0.306247744417,0.0
-0.305207744417,0.0
-0.304167744417,0.0
-0.303127744417,0.0
-0.302087744417,0.0
-0.301047744417,0.0
-0.300007744417,0.0
-0.298967744417,0.0
-0.297927744417,0.0
-0.296887744417,0.0
-0.295847744417,0.0
-0.294807744417,0.0
-0.293767744417,0.0
-0.292727744417,0.0
-0.291687744417,0.0
-0.290647744417,0.0
-0.289607744417,0.0
-0.288567744417,0.0
-0.287527744417,0.0
-0.286487744417,0.0
-0.285447744417,0.0
-0.284407744417,0.0
-0.283927744417,0.0
-0.282887744417,0.0
-0.281847744417,0.0
-0.280807744417,0.0
-0.279767744417,0.0
-0.278727744417,0.0
-0.277687744417,0.0
-0.276647744417,0.0
-0.275607744417,0.0
-0.274567744417,0.0
-0.273527744417,0.0
-0.272487744417,0.0
-0.271447744417,0.0
-0.270407744417,0.0
-0.269367744417,0.0
-0.268327744417,0.0
-0.267287744417,0.0
-0.266247744417,0.0
-0.265207744417,0.0
-0.264167744417,0.0
-0.263127744417,0.0
-0.262087744417,0.0
-0.261047744417,0.0
-0.260007744417,0.0
-0.258967744417,0.0
-0.257927744417,0.0
-0.256887744417,0.0
-0.255847744417,0.0
-0.254807744417,0.0
-0.253767744417,0.0
-0.252727744417,0.0
-0.251687744417,0.0
-0.250647744417,0.0
-0.249607744417,0.0
-0.248567744417,0.0
-0.247527744417,0.0
-0.246487744417,0.0
-0.245447744417,0.0
-0.244407744417,0.0
-0.243367744417,0.0
-0.242327744417,0.0
-0.241287744417,0.0
-0.240247744417,0.0
-0.239207744417,0.0
-0.238167744417,0.0
-0.237127744417,0.0
-0.236087744417,0.0
-0.235047744417,0.0
-0.234007744417,0.0
-0.232967744417,0.0
-0.231927744417,0.0
-0.230887744417,0.0
-0.229847744417,0.0
-0.228807744417,0.0
-0.227767744417,0.0
-0.226727744417,0.0
-0.225687744417,0.0
-0.224647744417,0.0
-0.223607744417,0.0
-0.222567744417,0.0
-0.222487744417,0.0
-0.221447744417,0.0
-0.220407744417,0.0
-0.219367744417,0.0
-0.218327744417,0.0
-0.217287744417,0.0
-0.216247744417,0.0
-0.215207744417,0.0
-0.214167744417,0.0
-0.213127744417,0.0
-0.212087744417,0.0
-0.211047744417,0.0
-0.210007744417,0.0
-0.208967744417,0.0
-0.207927744417,0.0
-0.206887744417,0.0
-0.205847744417,0.0
-0.204807744417,0.0
-0.203767744417,0.0
-0.202727744417,0.0
-0.201687744417,0.0
-0.200647744417,0.0
-0.199607744417,0.0
-0.198567744417,0.0
-0.197527744417,0.0
-0.196487744417,0.0
-0.195447744417,0.0
-0.194407744417,0.0
-0.193367744417,0.0
-0.192327744417,0.0
-0.191287744417,0.0
-0.190247744417,0.0
-0.189207744417,0.0
-0.188167744417,0.0
-0.187127744417,0.0
-0.186087744417,0.0
-0.185047744417,0.0
-0.184007744417,0.0
-0.182967744417,0.0
-0.181927744417,0.0
-0.180887744417,0.0
-0.180487744417,0.0
-0.179447744417,0.0
-0.178407744417,0.0
-0.177367744417,0.0
-0.176327744417,0.0
-0.175287744417,0.0
-0.174247744417,0.0
-0.173207744417,0.0
-0.172167744417,0.0
-0.171127744417,9.935292286285571e-17
-0.170087744417,3.559422550500226e-14
-0.169047744417,6.130533163877717e-13
-0.168007744417,1.5391078347313565e-12
-0.166967744417,2.122930226841147e-12
-0.165927744417,2.5283491023452268e-12
-0.164887744417,2.962195034609613e-12
-0.163847744417,3.371218662536197e-12
-0.162807744417,3.778538581211091e-12
-0.161767744417,4.253294274680502e-12
-0.160727744417,4.753169260201195e-12
-0.159687744417,5.307376026187598e-12
-0.158647744417,5.839697336978233e-12
-0.157607744417,6.381452474826333e-12
-0.156567744417,6.946326278970199e-12
-0.155527744417,7.54440774274366e-12
-0.154487744417,8.174552943705512e-12
-0.153447744417,8.85012371934194e-12
-0.152407744417,9.618875177131676e-12
-0.151367744417,1.0519680771299844e-11
-0.150327744417,1.1257950134224155e-11
-0.149312832703,1.1067682698325237e-11
-0.148397020284,1.341082936115119e-11
-0.147391750068,1.500996107596512e-11
-0.146384175906,1.729569390684459e-11
-0.145376230618,2.1317315155946996e-11
-0.144369870183,2.195677387979789e-11
-0.14349707319,3.0051871385163297e-09
-0.142466849655,8.910245192403384e-09
-0.14143628893,9.810215461453493e-09
-0.14042165182,9.5135683332253e-09
-0.13938165182,8.11416687212092e-09
-0.13836569976,2.7325029498154956e-09
-0.137356785223,5.935265087414617e-10
-0.136336887662,4.1967382094078965e-10
-0.135272343952,4.029068846049763e-10
-0.134231256705,2.4919439908430744e-10
-0.133200531527,1.100489827769605e-10
-0.132180902908,9.672265804264894e-11
-0.131102838698,1.219842786464047e-10
-0.130062838698,1.5763836711917926e-10
-0.129022838698,1.7189025715867428e-10
-0.128016824012,1.846811898963488e-10
-0.126981461833,1.9696887400549336e-10
-0.125941461833,2.117315790371598e-10
-0.124901461833,2.1825471645862414e-10
-0.123861461833,2.1827762031747879e-10
-0.122821461833,1.192511007167623e-10
-0.122261461833,2.400088592625789e-10
-0.121208227259,2.578732337446475e-10
-0.120159698849,2.7170877663029607e-10
-0.11910033387,2.7242567213559175e-10
-0.118075435973,2.8531760065378025e-10
-0.117061893726,3.142779779264341e-10
-0.116021893726,3.3903856001425935e-10
-0.114981893726,3.659658611682549e-10
-0.113941893726,3.9497826405847794e-10
-0.112901893726,4.261311924567319e-10
-0.111861893726,4.597020842307861e-10
-0.110821893726,4.959977418362442e-10
-0.109781893726,5.281061340605931e-10
-0.108755138178,5.641721215406723e-10
-0.10773626702,6.422636073991638e-10
-0.106660126661,6.947437099720531e-10
-0.105597598246,7.385463794056212e-10
-0.104588689804,8.376454442606786e-10
-0.103580811055,9.625170830720896e-10
-0.102560004271,1.0603645408228931e-09
-0.101553661627,1.150098419753847e-09
-0.100544826347,1.2429853253004116e-09
-0.099535991067,1.2828566983217904e-09
-0.098596030408,1.5294058637258834e-09
-0.097593724425,1.743432647356416e-09
-0.096542149144,1.7369394056928719e-09
-0.095534464014,1.7790508821692975e-09
-0.094526778883,1.8390081014500928e-09
-0.093519093753,1.9317047419474705e-09
-0.092511408622,3.2449089887577054e-09
-0.09148694375,8.809943903886633e-09
-0.090456407448,1.0404753768870094e-08
-0.089451326906,7.774371900679762e-09
-0.088444238874,7.17363960061036e-09
-0.087395240715,4.706435801193818e-09
-0.0863465053,2.1317947557525163e-09
-0.085510800206,2.344368716423096e-09
-0.084494313459,2.5519373114147832e-09
-0.083466029085,2.530312569403534e-09
-0.08244919217,2.34298401987645e-09
-0.081434360151,2.386446009065116e-09
-0.080411369787,2.5820163938901452e-09
-0.079391494755,2.7687068369598834e-09
-0.078371619723,2.9256947411530688e-09
-0.077351744691,1.3615142169056714e-09
-0.076898466899,3.175730658020353e-09
-0.075871828003,3.3799222045173644e-09
-0.074831828003,3.5471329313884503e-09
-0.073791828003,3.734512038136148e-09
-0.072751828003,3.943547079979669e-09
-0.071711828003,4.16596294423955e-09
-0.070671828003,4.398279215426761e-09
-0.069631828003,4.649420321388852e-09
-0.068591828003,4.919884769995543e-09
-0.067551828003,5.206020733272854e-09
-0.066511828003,5.49352762171066e-09
-0.065471828003,3.548583416275646e-09
-0.064831828003,6.027614566733552e-09
-0.063791828003,6.390702162966558e-09
-0.062751828003,6.7862669844109e-09
-0.061711828003,7.209103256580659e-09
-0.060671828003,7.666914905129492e-09
-0.059631828003,8.168746817485588e-09
-0.058591828003,8.721079684807508e-09
-0.057551828003,9.329514205156841e-09
-0.056511828003,9.994027439357606e-09
-0.055471828003,1.0715536261608097e-08
-0.054431828003,1.1519551124887844e-08
-0.053391828003,1.243739840879671e-08
-0.052351828003,1.3431086273338206e-08
-0.051311828003,1.4361501941596354e-08
-0.050279600875,1.5471672661255017e-08
-0.049245031222,1.737458724307791e-08
-0.048169752591,1.8407914346423377e-08
-0.047123773567,2.0050765276354346e-08
-0.046083773567,2.117058140422322e-08
-0.045080973341,2.4729063326995365e-08
-0.044011299186,2.6247755937321428e-08
-0.042971299186,8.626898798571816e-09
-0.042651299186,3.029803773828585e-08
-0.041611299186,3.4515867927061557e-08
-0.040571299186,3.8308756380824925e-08
-0.039531299186,4.160339150733369e-08
-0.038491299186,4.5078613323605684e-08
-0.037451299186,1.808636931156529e-08
-0.037051299186,7.772839978533365e-08
-0.036011299186,1.066019871337462e-07
-0.034971299186,1.0959326012949994e-07
-0.033931299186,1.1380092039965544e-07
-0.032891299186,1.0647412696350033e-07
-0.031851299186,1.0168262261162031e-07
-0.030811299186,5.703405822469255e-08
-0.030251299186,1.1607268253428641e-07
-0.029211299186,1.2993094907938213e-07
-0.028171299186,1.4912292283106702e-07
-0.027131299186,1.2985936252269182e-07
-0.026331299186,1.9126466037041584e-07
-0.025291299186,2.195425907650597e-07
-0.024281835358,2.62160312444346e-07
-0.023257591096,3.2305062763282855e-07
-0.022200769851,2.2148822288481082e-07
-0.021560769851,4.0629058210523285e-07
-0.020520769851,4.688918275441494e-07
-0.019480769851,4.755074633586801e-07
-0.018600769851,6.53263760231365e-07
-0.017560769851,7.839769718787281e-07
-0.016520769851,3.256264562634476e-07
-0.016120769851,1.0142430639607564e-06
-0.015080769851,1.2318809067268404e-06
-0.014040769851,6.617980368084907e-07
-0.013560769851,1.6517665624257567e-06
-0.012520769851,1.7919533010360784e-06
-0.011594743593,2.4086270772504e-06
-0.010574743593,1.2807433137264584e-06
-0.010109743593,3.402023455372944e-06
-0.0090747624174,6.77609182769133e-07
-0.0088947624174,4.111052648223267e-06
-0.0079610124174,5.387679799359434e-06
-0.0069822624174,5.648156031241642e-06
-0.0061638288994,5.997800926334347e-06
-0.0054550788994,6.3265074256460986e-06
-0.0048349226494,6.409973941038124e-06
-0.0043033601494,6.934147286337117e-06
-0.0038097663994,6.749690655066014e-06
-0.0033921101494,7.0532407516896294e-06
-0.0030076765556,6.7517044527824625e-06
-0.0026801960869,6.835392840246571e-06
-0.0023811921806,6.718636817568198e-06
-0.0021142244072,6.304759077292269e-06
-0.001884632122,6.1069577872061835e-06
-0.001678399517,5.913049905838089e-06
-0.0014921894951,5.477968805297365e-06
-0.0013300065727,5.201074705902099e-06
-0.0011843422813,4.911697441073507e-06
-0.0010536949272,4.605071144125912e-06
-0.0009365628166,4.044447790417057e-06
-0.00083745103071,3.849634714637166e-06
-0.00074622313688,3.447767908698627e-06
-0.00066682108114,3.1605705175469804e-06
-0.0005958660526,2.826782484206329e-06
-0.00053378040264,2.5554884231187222e-06
-0.00047866355012,1.2527886394773027e-06
-0.00045205541442,4.106170621601612e-07
-0.00044339169287,5.078357825887777e-07
-0.00043268951893,7.565138637040429e-07
-0.00041687278128,1.0411341427086992e-06
-0.00039513696253,1.803582409582901e-06
-0.00035789984158,1.0000605852843323e-06
-0.00033745336778,7.445000409264761e-07
-0.00032231074644,6.444394406876239e-08
-0.00032100527965,6.66995094579087e-07
-0.00030750496993,7.020788471115844e-07
-0.00029336102178,6.414148783965506e-07
-0.00028048828696,6.988794692925198e-07
-0.00026652867838,5.135948796907602e-07
-0.00025630746686,4.679816565983861e-07
-0.0002470238337,1.6756756076634353e-07
-0.00024370531546,4.0998394334655906e-07
-0.00023560108269,4.7003864799836286e-07
-0.00022633271685,4.140808132277493e-07
-0.00021818948968,4.756431338616814e-07
-0.00020886421939,4.0873277771565813e-07
-0.00020087292399,4.0457103515078957e-07
-0.00019298163461,4.374079615010445e-07
-0.00018447043752,3.6036099193544733e-07
-0.00017747236214,4.45463177419824e-07
-0.00016884692562,5.437255064847556e-07
-0.00015834977216,4.0668085726104494e-07
-0.0001505210835,4.359353648112368e-07
-0.00014214426323,4.6719000107974243e-07
-0.00013319671912,5.555469977681102e-07
-0.00012258607676,5.754427750715911e-07
-0.00011162949809,5.749454871294391e-07
-0.00010071846713,5.310567101435259e-07
-9.0671209344e-05,3.283225207459896e-08
-9.0050543349e-05,4.5164896429991314e-07
-8.1532037134e-05,4.401464622484463e-07
-7.3251881046e-05,4.1904823796634674e-07
-6.5387890732e-05,3.840716211162477e-07
-5.8195828375e-05,3.658530520160206e-07
-5.1359094769e-05,3.381249025051661e-07
-4.5052624198e-05,3.299627868447111e-07
-3.8910038881e-05,3.2652020796799486e-07
-3.2842882269e-05,3.082491035704711e-07
-2.712514728e-05,2.8043110910080124e-07
-2.1931275862e-05,2.8072960843253394e-07
-1.673995238e-05,2.8034235001131735e-07
-1.1563869484e-05,2.7163257138253814e-07
-6.5559664162e-06,2.726747343884547e-07
-1.5362945708e-06,2.475101001425626e-07
3.0138079706e-06,2.2416189302212016e-07
7.1294729131e-06,2.3250430037303165e-07
1.1393319291e-05,2.3188419257889736e-07
1.563606687e-05,2.310411515308072e-07
1.9860108949e-05,9.071958587904763e-09
2.0025397552e-05,5.188249273981526e-07
2.94788932e-05,8.361237292879893e-07
4.4661540198e-05,9.331392597217125e-07
6.1532177082e-05,9.540103331039451e-07
7.8700945818e-05,9.86668872745576e-07
9.6368642236e-05,9.83966753290585e-07
0.00011390254192,9.778570316995595e-07
0.00013124048485,9.667035583535346e-07
0.00014830056393,9.679879828114623e-07
0.00016530103551,9.584891820624947e-07
0.0001820565819,9.887621905420674e-07
0.00019926323608,1.0145230550919307e-06
0.00021683331327,1.0123234569256812e-06
0.00023428346721,1.0865749945463075e-06
0.00025292414567,1.067386754497272e-06
0.00027114724358,1.1337728574497725e-06
0.00029040732096,1.2092040169946282e-06
0.00031084611508,1.1256299121882014e-06
0.00032977450312,1.2840376396775668e-06
0.00035125459379,1.3771099880641803e-06
0.00037416485736,1.2638704617791962e-06
0.00039507196208,1.44618726140113e-06
0.00041888079012,1.571647805523454e-06
0.0004445943244,1.702779315409385e-06
0.00047228176029,1.601214306764488e-06
0.00049815495614,1.8314923927154393e-06
0.00052757355787,1.9629270043212686e-06
0.00055888534537,2.1241252105218853e-06
0.00059253232535,2.286029144808848e-06
0.0006284782125,2.307274666867035e-06
0.00066449245576,2.329742504140331e-06
0.00070060032333,2.57748533210546e-06
0.0007402550099,2.783402569021292e-06
0.00078274535546,3.018558715723549e-06
0.00082846176046,3.2914677079880716e-06
0.00087789158436,3.4845426685844638e-06
0.00092980131543,3.739387811349609e-06
0.0009850065406,3.963318428633189e-06
0.0010430338564,5.061947660622759e-06
0.0011165306549,5.610619728918581e-06
0.0011972848439,5.938465746851516e-06
0.0012820575473,6.064442978118127e-06
0.0013680112932,7.1643031061842485e-06
0.0014690547594,7.740740659619033e-06
0.0015778859391,8.174069331007417e-06
0.0016927547392,9.212182400585981e-06
0.0018226931882,9.606978858713692e-06
0.0019594122304,1.0246736361533706e-05
0.0021073702384,9.9676409742137e-06
0.0022539410504,9.786688317730528e-06
0.0024005118623,9.62128297197906e-06
0.0025470826743,9.500560820684821e-06
0.0026936534862,1.1072391566077653e-05
0.0028642987729,1.1966010992911055e-05
0.0030426222225,1.3662568125353764e-05
0.0032209456721,1.702600219819315e-05
0.0033992691217,2.3383917222496244e-05
0.0035775925713,3.542195396236037e-05
0.0037559160209,5.3597787576242465e-05
0.0039342394705,8.461757993789741e-05
0.0041179569751,0.00015375583076150366
0.0043247501145,0.0002515079323862961
0.0045372414715,0.00038044963327357197
0.0047497328284,0.0005456816694705923
0.0049622241853,0.0006773664633128122
0.0051589855616,0.0011247752048133299
0.005409559138,0.0013544931623014995
0.0056362740374,0.0015626685774564031
0.0058514044296,0.002025196339012018
0.0060970012865,0.0022593430494275042
0.0063485210426,0.0024137198707598877
0.006600586146,0.002507882121837039
0.0068526512494,0.0025363320535320955
0.0071034139329,0.002538918330927541
0.0073542865901,0.0025304696007828545
0.0076065861543,0.0024972485467149876
0.0078590571677,0.0024440101187212506
0.0081102441952,0.0023910288458756724
0.0083604390036,0.002372270377993954
0.0086134997751,0.0023323467058618663
0.0088673887231,0.0022902837345297276
0.0091220009678,0.002227023225715873
0.0093750334404,0.002173582761595261
0.0096271752907,0.002149773230006509
0.0098814194779,0.002079784321193223
0.010131553377,0.0020686659135655417
0.010383960319,0.0020430533558636406
0.010636367261,0.00202255613109784
0.010888774204,0.002005516357187086
0.011141181146,0.00199292512650684
0.011393588088,0.001982434625136892
0.01164599503,0.0019552636328095258
0.011896411254,0.0019836313313790765
0.012149601588,0.002004952022015519
0.012402791922,0.0020124253644875326
0.012655982256,0.002008322625451825
0.01290917259,0.0020058781852411237
0.013162362924,0.002006582592132139
0.013415553259,0.002004978024836448
0.013668743593,0.0020073247869162153
0.013921933927,0.002015898169159229
0.014175124261,0.0020218710875450196
0.014428314595,0.002022911044124867
0.014681504929,0.002027874916499281
0.014934695263,0.0020702140260273286
0.015187885597,0.0021117001011769173
0.015441075931,0.0021094388779517546
0.015694266265,0.00209981897511672
0.015947456599,0.0021624076989992663
0.01620812944,0.0021594451560212518
0.01646524862,0.002190094795419556
0.0167223678,0.002195807194936431
0.01697948698,0.0021942516251174994
0.017236606159,0.002201891061656359
0.017493725339,0.0022289077043195138
0.017750844519,0.0022634253497064837
0.018007963699,0.00228872055279018
0.018265082879,0.0023020768437959785
0.018522202059,0.0023057898278782945
0.018779321239,0.0023123056653777865
0.019036440419,0.002334232678117579
0.019293559599,0.0023749004871073173
0.019550678778,0.002413678027927798
0.019807797958,0.0024338478700968603
0.020064917138,0.0024455146260354025
0.020322036318,0.002461901481833433
0.020579155498,0.0024825094285027636
0.020836274678,0.002511376590648257
0.021093393858,0.002550909309966122
0.021350513038,0.0025815976383238744
0.021607632218,0.002598677953407294
0.021864751397,0.0026133820705943594
0.022121870577,0.0026210010760439203
0.022378989757,0.002622219370299107
0.022636108937,0.0026321458245868448
0.022893228117,0.002658069970769986
0.023150347297,0.0026883160061382597
0.023407466477,0.0027104298843457636
0.023664585657,0.002716763090332044
0.023921704837,0.0027124347579765254
0.024178824016,0.0027193343355606304
0.024435943196,0.002700191561695267
0.024688929563,0.002704635330080532
0.024940279976,0.0008589028525143883
0.025019857108,0.010879645138634247
0.026020887515,0.011329866611015036
0.02703460622,0.011577126053533109
0.02805123552,0.0116878154760643
0.029062655133,0.011959360587188097
0.030074074745,0.011891223559876036
0.031075852417,0.0058503772725909155
0.03156881645,0.01204967681876118
0.032571436558,0.012357239146528575
0.033572867525,0.01269981067114781
0.034584338762,0.012789317027690091
0.035594304504,0.012839407356083053
0.036601171343,0.012952649011321675
0.037607369454,0.013545904517500224
0.038643132641,0.013255978249113506
0.039643192269,0.013699358780414098
0.040665258823,0.013811772520356917
0.041687325378,0.01382864462697024
0.042709391933,0.013821570996766406
0.043734650529,0.01391300214455782
0.044762948833,0.01408877216153882
0.045797340646,0.013826040874339997
0.046808828146,0.014149104057545568
0.047829268898,0.014329744993506848
0.048839696101,0.01470040589546371
0.049864707991,0.01451881753247136
0.050875610663,0.015111427971635538
0.051917846275,0.01489507744386425
0.052933840738,0.01496842271468006
0.053943350728,0.015261476175112709
0.054974777378,0.014920508802606331
0.05600831588,0.014491538081491711
0.057024494254,0.01500280165086888
0.058067610405,0.014641297505405184
0.059082548973,0.014614694234917104
0.060093040933,0.01518523140547769
0.061130150828,0.01572882561133728
0.06218506191,0.015409836786530346
0.063203864441,0.015318111450160921
0.064206215077,0.016081789628457726
0.065244140974,0.015598011503348486
0.066245802477,0.01580507006342935
0.067264149841,0.015600294165697377
0.068270770805,0.01613518540098774
0.069310506667,0.01572984995001061
0.070319205732,0.01627904198475007
0.071356681217,0.016779986098404726
0.072429118084,0.015772414616983352
0.073443615324,0.015717381250285066
0.07444646983,0.016213824256011995
0.075466705589,0.016359237876702543
0.076478568887,0.016842088255289305
0.077508327487,0.016253351841815027
0.078509778137,0.01606277621281101
0.079517944334,0.01657287668981179
0.080573161195,0.015808543921103795
0.081581241195,0.01670168169704088
0.082644429675,0.01565786956096583
0.083644677609,0.01565327838201128
0.084651890069,0.015856492426948837
0.08567808928,0.015352179120079634
0.086678409632,0.015626614970312445
0.08770705651,0.015867253648617595
0.088758119386,0.015091788167808616
0.089758221572,0.003450150011202601
0.089986544372,0.015472227114407313
0.091009302035,0.016085352654805662
0.092071307199,0.015898273147724653
0.09311699354,0.015416364781579863
0.094122290037,0.0158084971647542
0.095148553763,0.015415138141717022
0.096153208303,0.015845542501497573
0.097190654935,0.015210462305567172
0.09819259035,0.015322941377162183
0.099208557469,0.015486214290594632
0.100237047469,0.015543639632099284
0.101269208356,0.015205840751130038
0.102281987675,0.014929175287142538
0.103282904611,0.014896940781231563
0.104289072803,0.014988285254458639
0.10530763961,0.014788563929929544
0.106316879962,0.014700764630873775
0.107325041148,0.014755815334687523
0.108341838279,0.014809650617972122
0.109368164722,0.014761626969081353
0.110396876102,0.014737904895565266
0.111424468043,0.01462163111559487
0.112444327699,0.014346884749188514
0.113445184803,0.014330498682234266
0.114446126374,0.01446412964372482
0.115458698015,0.01472157193229354
0.11648911819,0.014506272664063262
0.117506251567,0.014418595698889761
0.118521227834,0.014295471387158016
0.11952859016,0.014575458574283929
0.120554829677,0.014522589270420057
0.121575251487,0.014273870409147068
0.122579847927,0.014560608884573629
0.123613000864,0.014133032841506228
0.124619147801,0.014195421186389329
0.125629349683,0.014137263211600977
0.126636396383,0.014331546402605533
0.127658107807,0.014103672494097693
0.128661262772,0.014141882870003118
0.129663556825,0.014364500838603824
0.130681136666,0.014358688695901227
0.131696404822,0.01433328779610822
0.132707827687,0.014299693697852747
0.133715931934,0.014543427602832795
0.134736938065,0.01432992907880343
0.135739930299,0.014561561155058265
0.136754487357,0.014499656648685279
0.137758399957,0.01485172065597989
0.138788138572,0.014358141833017764
0.139788711061,0.014378864551646138
0.14078888625,0.014676329219854404
0.141807757009,0.0145706736905915
0.142818176551,0.01447803364018534
0.143820549058,0.014547664367150395
0.144824376585,0.014594532407769471
0.145830826163,0.014663220042197885
0.146841518554,0.014659030170064011
0.147846724329,0.01473925209623123
0.14885278243,0.014778879796805975
0.149861088286,0.014608510507426807
0.150862801778,0.014607027600877714
0.151869189551,0.01476826256854004
0.152884674229,0.01483201652149534
0.153902578594,0.01471289566488637
0.154914454424,0.014573962922312639
0.155920437559,0.014457362707444158
0.156928618328,0.007109442445109257
0.15742868591,0.014407657101748236
0.158440359056,0.014299384218681297
0.159440366456,0.014416026979804347
0.160444403459,0.01445429765556746
0.161448648454,0.014522333976283008
0.16245739234,0.011237254757734395
0.163237975997,0.014125239685795276
0.164217431367,0.014570138117167755
0.165224274466,0.0133633427188488
0.166144396107,0.014661691057899738
0.167152801511,0.0123407116725944
0.168002069492,0.014772232557965694
0.16901810443,0.014042727419065482
0.169982770634,0.014624191973123556
0.170988925858,0.014584906412536635
0.171995081081,0.014589304007076566
0.173001236305,0.014588460472995743
0.174007618108,0.01440064779809376
0.175008081571,0.014381423399102762
0.176008457527,0.01457400272339944
0.17702162447,0.01214565575046781
0.177873286881,0.01279959316896223
0.178769259449,0.014406883858790697
0.17977072118,0.012193219879894362
0.180611526767,0.012836430800497027
0.181494119068,0.0128363087743068
0.18237671137,0.012869527749252211
0.183259303671,0.012889638643801452
0.184141895973,0.014689597533750279
0.185145966505,0.014762750563240133
0.186154874029,0.014826022238337563
0.187163781552,0.010610826823819282
0.187880398975,0.012648298300604231
0.188731241035,0.01273483267123452
0.189584679647,0.014946672189901918
0.190584720327,0.011351836852084372
0.191345246923,0.009418243523394773
0.191976609559,0.01227835975834353
0.192798009489,0.006411319777111248
0.193226417363,0.014198867302561702
0.194180975621,0.00987695366604461
0.194851712101,0.007250453594180489
0.195345492484,0.014577592335710328
0.196346179946,0.011960171394877041
0.19716434592,0.014704564330242365
0.198165192543,0.012762129899040887
0.199030523436,0.010370469468076111
0.199730086185,0.008100150494334074
0.200278405124,0.010416759851930604
0.200985058615,0.014125421340648852
0.201938022751,0.008972728282424128
0.20253915972,0.015148305748494847
0.2035458648,0.012078627835719554
0.204349980969,0.015215954889903363
0.205363111339,0.015097237381944203
0.2063654704,0.015197121348338768
0.20737281956,0.015140606528141988
0.208379013003,0.015223493515635216
0.209388399007,0.015366253446526285
0.210395480765,0.014431539679481891
0.211332793878,0.010561204052125843
0.212018727196,0.015445655405310399
0.213021496525,0.011953718197991691
0.213796071139,0.014813038230020748
0.214756461343,0.015419644322381448
0.215757696262,0.015427836345247203
0.216759670953,0.014488513475472588
0.217698028767,0.012663403060611818
0.218511502122,0.015487358358179174
0.219502212384,0.006576511952483061
0.219923176955,0.015288275457022648
0.220905572528,0.014285907919635778
0.221826392235,0.007543633000280766
0.222312016494,0.008130496750457385
0.222836415957,0.014021582101703697
0.223741793654,0.015569420085522317
0.224742810765,0.014579800169362066
0.225669265226,0.006319975079576068
0.226069936436,0.015778615497860145
0.227072738629,0.005677458794531324
0.22743399929,0.015824386053534305
0.228439419549,0.005128903736098894
0.228764577607,0.011331461524680186
0.229477744947,0.012275512915453798
0.2302452764,0.007521281336841426
0.230713050747,0.011508618839902396
0.231423519753,0.012433156832927584
0.232191911787,0.007626217703350681
0.232664001006,0.012882546701417637
0.233463601957,0.01229725204828146
0.234225026286,0.01616978940113506
0.235229851518,0.011455990772895115
0.235946352975,0.01150750966823581
0.236668300432,0.016297555520287506
0.23767827655,0.007727203296136584
0.238155523329,0.008738415513014205
0.238695017775,0.007913249097894913
0.239181940116,0.015444008195920782
0.240129910452,0.006108534999328678
0.240503690007,0.009374359806999171
0.241080146111,0.008559131797234894
0.241609073747,0.010752983529982853
0.242277060552,0.013535702153048772
0.243119012709,0.001190401721709899
0.243193064969,0.008611122645126989
0.243719592533,0.007565898426417764
0.244178702329,0.013078897442685488
0.244957082969,0.006020389137990963
0.245313331339,0.010983869130247561
0.245964370426,0.016768203617448393
0.24696978516,0.0076784361213558605
0.24743304196,0.009271271706151732
0.247993278384,0.0020716809022731063
0.248118469063,0.013994406024798515
0.248965256261,0.006289567944209591
0.249346590586,0.009486686354733298
0.249922504164,0.00829072790704127
0.250426166156,0.006363458434666754
0.250812553058,0.012961604376418339
0.251595773489,0.005519693295800597
0.251927398961,0.012378176970988967
0.25266105149,0.004878496780793339
0.252947132218,0.016840090143031467
0.253924246424,0.010788806389301742
0.254546555524,0.01081305284927923
0.255169654645,0.017326218191425893
0.256175129286,0.013805003138823867
0.256987756592,0.00709106657985736
0.257407346789,0.010545487418337149
0.258041138164,0.008884356438416953
0.258577598141,0.012473193971661283
0.259337041089,0.009863458420131505
0.259940081152,0.00559534661405804
0.260282293913,0.010433953136211179
0.26092305103,0.004973681262523934
0.261228739872,0.012707315919394379
0.26200889281,0.016631347881233383
0.263018993995,0.01674579350487255
0.264022365675,0.0044479230027516595
0.264287691271,0.014920577794927581
0.265175079818,0.011437096699511914
0.265855960918,0.010383460969364128
0.266474793024,0.014851701641961507
0.267356791281,0.011866464307967499
0.26806339312,0.010230959739128758
0.268672454815,0.0034367146164852903
0.268876739409,0.012775636295370194
0.26963642284,0.007480310489857997
0.270082248138,0.016843907212291474
0.271084417379,0.015423647889145693
0.272000147905,0.01130703269593876
0.272673829682,0.00615866992903257
0.273041293079,0.014151756673728512
0.27388628241,0.013800867333061916
0.274712128184,0.00538162540470228
0.275034900894,0.011075432262394344
0.275698576756,0.0084647208337154
0.276203581266,0.016897003876126016
0.277205165967,0.00971070451343933
0.277777799336,0.013759953103540121
0.278586862533,0.017084786100732045
0.279590748847,0.0170562909574602
0.280596694,0.017040375155357633
0.281603525582,0.01716249322002887
0.282610357164,0.017306804497477388
0.283617188746,0.017350836585077425
0.284624020328,0.017331415107024763
0.28563085191,0.017314817832068584
0.286637683492,0.017272180430354438
0.287644515074,0.017258524029615994
0.288651346656,0.01732083807291051
0.289658178238,0.015416222802774465
0.290557549466,0.017261979979525777
0.29156645699,0.017303663598318895
0.292575364513,0.017271005019668974
0.293584272037,0.017347285264140894
0.29459317956,0.01749614199636174
0.295602087083,0.015260802659683975
0.296466370017,0.009319761003561501
0.296989713364,0.016747119633048948
0.297929138747,0.016693773006725667
0.298868483645,0.016730496810969567
0.299807828543,0.016713593468983143
0.300747173441,0.016595183632930215
0.301686518338,0.01660546341891691
0.302625863236,0.01663584783278791
0.303565208134,0.016717235082927315
0.304504553032,0.013304485915430715
0.305248433094,0.01657070943256304
0.306177098816,0.016777692368715236
0.307122478882,0.016578510076593396
0.308067858948,0.016466167306956443
0.309013239015,0.016530595588168613
0.309958619081,0.016608895881443694
0.310903999147,0.016826630059586425
0.311849379213,0.017094616041289
0.312794759279,0.017210514270828467
0.313740139345,0.01605917708402627
0.314619569234,0.014519556033915158
0.315411366242,0.015005631046085313
0.316228581336,0.014923850014794593
0.31704579643,0.01490865784178566
0.317863011524,0.014904933607020894
0.318680226618,0.01478165220972226
0.319497441712,0.014685606055475624
0.320314656806,0.014745278589591695
0.3211318719,0.014773093422621092
0.321949086994,0.014835141659319755
0.322766302088,0.014890170497759158
0.323583517182,0.014859652949403513
0.324400732276,0.01246054758097746
0.325090264606,0.014725252063023917
0.3259074797,0.014747234642371026
0.326724690746,0.014726545949625577
0.327541673605,0.014783591807218065
0.328358166927,0.01504313782725004
0.329174188944,0.015112780950605347
0.32998379256,0.013492730073070731
0.330702452072,0.015391238393459197
0.331519667166,0.01537961277590319
0.33233688226,0.015465113002803912
0.333154097354,0.015512168663196498
0.333971312448,0.015497668940091337
0.334788527542,0.015424713807754963
0.335605742636,0.015359285843643685
0.33642295773,0.015279361261281401
0.337240172824,0.015232902359298164
0.338057387918,0.01519155134851228
0.338874603012,0.015156708282320935
0.339691818106,0.015155590813905004
0.3405090332,0.01513311568901039
0.341326248294,0.015122473041227213
0.342143463388,0.01203675496516915
0.342787242493,0.01315629132214675
0.343487872717,0.013017830258360754
0.344188502942,0.012986380904610947
0.344889133167,0.013043732032070994
0.345589763391,0.013068882863171361
0.346290393616,0.009237045736740657
0.346787841075,0.012968296885069664
0.3474884713,0.013013545355874786
0.348189101525,0.013001705844131392
0.348889731749,0.013123320499570741
0.349590361974,0.013366329181816705
0.350290992199,0.01351591146225
0.350991622423,0.013566182778005129
0.351692252648,0.013558138425471065
0.352392882872,0.013546776283269925
0.353093513097,0.013545973359617458
0.353794143322,0.013531889277271423
0.354494773546,0.013537677472301144
0.355195403771,0.01354955451110732
0.355896033995,0.013543206345073045
0.35659666422,0.013529148277565208
0.357297162577,0.013494765375453587
0.357997600117,0.013453962280347037
0.358698037658,0.013444040133040396
0.359398475198,0.012941427729935921
0.360070202905,0.013535727738024302
0.36077083313,0.013582554959074403
0.361471463354,0.01356825830631246
0.362172093579,0.013514512872274103
0.362872723804,0.013456241463724218
0.363573354028,0.013404507562330577
0.364273984253,0.01265751791479804
0.364937541864,0.011961303922707332
0.365564022057,0.01339451800830074
0.366264652281,0.013438332495943683
0.366965282506,0.013605285688826367
0.36766591273,0.013141713328973544
0.368330449446,0.01302164580785391
0.368979181135,0.012806296199353412
0.369616124529,0.015075034348562236
0.370364792189,0.019130797425517494
0.371310723384,0.016988025579052816
0.372158035624,0.016112849856034388
0.372958938944,0.01627676292314186
0.373759842265,0.01597892942940495
0.374560745585,0.016092717680818373
0.375361648905,0.016159008954113763
0.376162552225,0.016103790521580095
0.376963455546,0.016161714241272305
0.377764358866,0.014132657063126091
0.378463241275,0.01144943509341024
0.379030046087,0.011956814228568476
0.379622416508,0.01272736628697755
0.38025298371,0.012759634757809248
0.380883550913,0.012719433591062585
0.381514118115,0.012555469915314362
0.382144685317,0.01251135712398237
0.382775252519,0.012570702127251794
0.383405819721,0.012558706173338017
0.384036386923,0.012497256023968391
0.384666954126,0.012515311909199259
0.385297521328,0.012546663436956196
0.38592808853,0.012470223882596897
0.386558655732,0.012453602593610632
0.387189222934,0.012509206344905092
0.387819790136,0.0025128281142170468
0.387945903577,0.012629747914664792
0.388576470779,0.012896632195655162
0.389207037981,0.013119100929851775
0.389837605183,0.013151034013140883
0.390468172385,0.013528897944632443
0.391117062173,0.01466746276650116
0.391817692398,0.014701123915247636
0.392518322622,0.014694469102859407
0.393218952847,0.014610911842161269
0.393919583072,0.014607729436341178
0.394620213296,0.012812946875431892
0.395234878995,0.012771614564634892
0.395847790315,0.012756995277618484
0.396460701636,0.012746459123636703
0.397073612956,0.012696270728251033
0.397686524277,0.012681794600506113
0.398299435597,0.012664829807071575
0.398912346918,0.0126278474801015
0.399525258238,0.012611045272622507
0.400138169559,0.01257385645779772
0.400751080879,0.012577258485758545
0.4013639922,0.012591249692841968
0.40197690352,0.011862591506302995
0.402553990416,0.012069499346621103
0.403137848936,0.012032271855657226
0.403721707457,0.011906181534973649
0.404305565977,0.011836409830225596
0.404889424498,0.011915564999640737
0.405473283018,0.011974074102990877
0.406057141539,0.012000819238526625
0.406641000059,0.0026691166357777725
0.406769448934,0.009575157426886225
0.407230389677,0.016652348256107945
0.408034942136,0.016495808384934023
0.408839494595,0.01652853937096098
0.409644047055,0.017009683108278512
0.410448599514,0.017127346952988384
0.411253151974,0.01710487392448228
0.412057704433,0.01719275504927175
0.412862256893,0.017082523907176076
0.413660693103,0.012428308978616336
0.414241794514,0.012480506230103185
0.414825653034,0.0124702374345778
0.415409511555,0.012470635450829416
0.415993370075,0.01247736870558782
0.416577228596,0.01248386243106377
0.417161087116,0.01247798976268529
0.417744945637,0.012456815949588954
0.418328804157,0.012452018552585317
0.418912662678,0.012477265089021805
0.419496521198,0.012457155166322488
0.420080379719,0.012386845068488958
0.420664238239,0.012380187076773998
0.42124809676,0.012364832895858468
0.42183195528,0.012268730064231905
0.422415813801,0.012175750823295299
0.422999672322,0.012181849329690984
0.423583530842,0.012213940508145619
0.424167389363,0.01221804713132258
0.424751247883,0.01224062787791455
0.425335106404,0.012254170895354492
0.425918964924,0.012276842222568383
0.426502823445,0.012512161933659942
0.427086681965,0.012675253326608337
0.427670540486,0.012910202630103913
0.428254399006,0.01294270728299287
0.428838257527,0.012957881686865756
0.429422116047,0.012909501526997425
0.430005974568,0.012902994649035968
0.430589833088,0.01288873359442704
0.431173691609,0.01288488773666677
0.431757550129,0.012860323952129382
0.43234140865,0.012812991431715704
0.43292526717,0.012795678393862343
0.433509125691,0.012783394939683935
0.434092984211,0.012740780306805609
0.434676842732,0.012703278618954246
0.435260701252,0.0126691447110704
0.435844559773,0.012662244288675581
0.436428418293,0.012662208975280222
0.437012276814,0.012673803938971238
0.437596135334,0.012752761217498852
0.438179993855,0.012742785561038495
0.438763852375,0.01270748549674134
0.439347710896,0.012566341672768187
0.439931569416,0.012490926313230764
0.440515427937,0.012469204911164381
0.441099286457,0.012445486059427446
0.441683144978,0.012526367922274769
0.442267003498,0.012554536322274917
0.442850862019,0.012425505080104402
0.443434720539,0.010420246786435595
0.443919323111,0.01293210788327681
0.444503181632,0.013124709934390012
0.445087040152,0.013139480004899957
0.445670898673,0.013214210888191018
0.446254757193,0.013292693550053325
0.446838615714,0.013226757029603586
0.447422474234,0.01315927626477627
0.448006332755,0.013240420350891352
0.448590191275,0.013289030074825346
0.449174049796,0.013085195324661847
0.449757908316,0.013101918358020333
0.450341766837,0.013174246922373577
0.450925625357,0.013154599091636122
0.451509483878,0.013088230887346609
0.452093342398,0.01309193842774588
0.452677200919,0.01316444472719353
0.453261059439,0.013122316222860645
0.45384491796,0.012956203085605128
0.45442877648,0.013014741874878206
0.455012635001,0.01302179790912178
0.455596493522,0.012628783936805549
0.456168145294,0.011896643913680503
0.456711269989,0.011682879437837555
0.457245209896,0.011903236777170659
0.457788022349,0.011992205377424786
0.458335193134,0.012410690394554114
0.458900294473,0.012417611730986013
0.45946519661,0.01252009686131952
0.460029936505,0.01252179426136996
0.460594498867,0.012518664388806229
0.461158892343,0.012621630635144467
0.461723119278,0.012683420453789673
0.462282652464,0.0128768186418056
0.462842033247,0.013113074024013627
0.463405743769,0.013133396820009604
0.463969275797,0.012931381503402279
0.464523629496,0.012752478883738951
0.465068790688,0.012744632985506084
0.465613869199,0.01251991893182855
0.466149707665,0.013015332819159727
0.466707911581,0.01299886048349902
0.467265947743,0.01314832736294359
0.467828316136,0.013150921056077677
0.468390526601,0.013150003147474859
0.468952556056,0.013111091285189927
0.469514424588,0.013099644099528358
0.470076124363,0.013110843275307878
0.470637641246,0.012981198956811255
0.471199000398,0.012657847524636081
0.471760184261,0.012468759665594971
0.472321198863,0.012368380426238262
0.472882047431,0.012310932321375364
0.47344272178,0.01210057590506149
0.473998744282,0.01147220376368355
0.474527711241,0.01160812557786568
0.475061001761,0.011922642275156867
0.475607581528,0.011917825969758591
0.476153993694,0.012243072991208439
0.476713724634,0.012249452939299393
0.477273287198,0.012227144204784244
0.477832680709,0.011168055643171082
0.478336022058,0.01260984899501923
0.478895098294,0.012867185421827606
0.479454026698,0.013031369889395895
0.480012792199,0.013091467447589645
0.480571394159,0.0131035521684184
0.481129849136,0.013064202588427653
0.481688130274,0.012995227869993166
0.482246241356,0.012897513155433422
0.482804196492,0.012873719959051337
0.48336196857,0.012855056438651563
0.483919593705,0.010233337542513819
0.484362624347,0.008584149430030042
0.484734193932,0.008585816032660723
0.485105691747,0.00858501712117336
0.485477118561,0.008585186003266583
0.485848460278,0.009379446553618373
0.486253158129,0.01290406333964612
0.486809933605,0.012936914137540048
0.487366551697,0.012933814793880151
0.48792302922,0.01292517429901787
0.48847931924,0.012894244282662478
0.489035459267,0.012844540260421141
0.489591467869,0.012786653937447393
0.490147276969,0.0127425575109273
0.49070294699,0.012471731169454296
0.491249016951,0.009144617603884063
0.491649936711,0.009179522776312656
0.492053073347,0.008860239085407968
0.492442778733,0.008783014884571692
0.492829087521,0.008831331017595683
0.49321863866,0.008979293298563614
0.493614758236,0.009262436001972456
0.494024119437,0.008937703571254445
0.494420070694,0.009297966671206253
0.494831982091,0.014068311610652483
0.495454299158,0.01345767621953882
0.496049585488,0.012524679293832521
0.496603610112,0.012508741273872283
0.497157450116,0.01251507026168272
0.497711132466,0.0125291434200465
0.498264697559,0.012394736091016746
0.498818099355,0.012303725667568965
0.499371324801,0.012373270679296056
0.499924425252,0.002103384093953191
0.500018426415,0.011032781726793063
0.500517751887,0.01088759950851605
0.501012250095,0.01096145019952681
0.501514732342,0.010941453780163986
0.502013034271,0.010995025166971224
0.502511207417,0.011174360078057357
0.50300926719,0.011537933485451471
0.503507198381,0.011599034967975751
0.504004992614,0.011525515722601559
0.504510772028,0.011208554868168788
0.505012353113,0.011260072872755595
0.505517861461,0.011273235741471276
0.506023239654,0.011305772334362084
0.506528477797,0.011477801612631712
0.507033600384,0.01185323544639786
0.507538605072,0.012090949655538471
0.50804346978,0.012177755790279533
0.508548220567,0.012177457031227419
0.509052824058,0.011660165986665813
0.509532501997,0.009811587739843253
0.509936030565,0.0055133989458661745
0.510161557435,0.00626742739421822
0.510417927856,0.00526658937344429
0.510633358893,0.0052194825441105284
0.510847355488,0.005761960545901607
0.511083782992,0.006666474475411743
0.511358665774,0.006623022931611915
0.51163327867,0.0032241610108195307
0.51176997601,0.004074498714648635
0.511943680075,0.002425479870887086
0.512047083151,0.003340864400211854
0.51219196969,0.0019129386021960243
0.512274985113,0.0032102303252729346
0.512414298766,0.0016415043332138643
0.512485491167,0.003455495457672663
0.512635072472,0.0022124672004497957
0.512730844191,0.0035581985224977606
0.512883933874,0.003770705063025707
0.513044773552,0.0029759489506329794
0.513170261805,0.005482503917276597
0.513396480079,0.004323358436626556
0.513568923901,0.007326155928066377
0.51384693633,0.009922743334857532
0.514193680943,0.009058411811511038
0.51448801548,0.017000795120005574
0.515029903055,0.013774656891666343
0.515509052357,0.011666835154815357
0.515952908999,0.014193363486631708
0.516548658803,0.011724363276600997
0.517090075684,0.011295434021313482
0.517630685425,0.010300058291370226
0.518171295167,0.00946905183994898
0.518677373461,0.00922277469016304
0.519193066499,0.008359661747116127
0.519669426574,0.00831879041127736
0.520155975341,0.008076200279623674
0.520642524108,0.007865501192711944
0.521129072876,0.007700270869030491
0.521615621643,0.007541566944237989
0.52210217041,0.007494380694059055
0.522588719177,0.007436569795084481
0.523075267944,0.00740667453404305
0.523561816711,0.004046530616370577
0.523829418533,0.007347713044695941
0.5243159673,0.007232761285331998
0.524802516067,0.007228790776270925
0.525289064834,0.007192123464583774
0.525775613601,0.007192088205928968
0.526262162368,0.007189517881745549
0.526748711135,0.007187114751318504
0.527235259902,0.007146286830319499
0.52772180867,0.007146285361551626
0.528208357437,0.00713260105807878
0.528694906204,0.007138420613103344
0.529181454971,0.007146226368740688
0.529668003738,0.007156031070041763
0.530154552505,0.007162984981872081
0.530641101272,0.007219745023268198
0.531127650039,0.0072742522578152745
0.531614198806,0.007329612425824126
0.532100747573,0.007391709797223145
0.53258729634,0.007472329387736645
0.533073845108,0.007491087797112623
0.533560393875,0.007619079098806884
0.534046942642,0.0076655162430587336
0.534533491409,0.00781907458555338
0.535020040176,0.007861291281423252
0.535506588943,0.008005908801489903
0.53599313771,0.008114422507710137
0.536479686477,0.01198659298671623
0.537185413897,0.012713654858092446
0.5379154945,0.010909258665068904
0.538529905201,0.00977601497766162
0.539070514942,0.009850623659097467
0.539611124684,0.00987823689553597
0.540151734425,0.009928008318406078
0.540692344166,0.009967251315420648
0.541232953907,0.009987043010402328
0.541773563648,0.009990903999009332
0.54231417339,0.009956552246492445
0.542854783131,0.009899941408466896
0.543395392872,0.009845472757725768
0.543936002613,0.009813230349067613
0.544476612354,0.009800075232774229
0.545017222096,0.00983319008044626
0.545557831837,0.009805071544155674
0.546098441578,0.009712894757713725
0.546639051319,0.009685833751760235
0.54717966106,0.009642693052768816
0.547720270802,0.009606304246873875
0.548260880543,0.009449997352738384
0.548801490284,0.009353853285346738
0.549342100025,0.009268840266440878
0.549882709766,0.008560023825224895
0.550386005722,0.009415667749181374
0.550940472524,0.009856938700455386
0.551522320412,0.009152677518814626
0.552062755982,0.009159715552610626
0.552603103972,0.009167742470776894
0.553143336601,0.009159458330027133
0.553683436677,0.009171851370166064
0.554223448661,0.009193977639642779
0.55476335931,0.011249139584363813
0.555426962103,0.008508851161041556
0.555935521493,0.0005465774898592191
0.55596834719,0.009064772069351312
0.556515442136,0.009015747636795147
0.557062537081,0.009123754973208038
0.557620625245,0.008201985828072786
0.558124265559,0.008911618800059942
0.55867265201,0.00953364701772929
0.559263244559,0.009768576657778479
0.559868608482,0.008645173459878797
0.56040433214,0.00794582922410009
0.560896354112,0.009018087556039424
0.561452362474,0.008162957166153352
0.56195712848,0.010188818787944188
0.562592363087,0.008624207877864365
0.56313097636,0.009821003895391115
0.563749653476,0.010954045962524696
0.564443999166,0.010380849508208303
0.565102337409,0.01027421280379661
0.565753321639,0.009988756243455719
0.56639158424,0.007046173529394396
0.566842318572,0.009375604014631764
0.567441390975,0.010788179122756966
0.568132338866,0.011091987369657712
0.568853151855,0.006777613729569578
0.569294976756,0.007862877644652707
0.569811900159,0.010388554117545575
0.570495753276,0.010010799642906108
0.571158055941,0.011742252216353305
0.571952389013,0.010291892119152265
0.572648523016,0.011227921997943344
0.573407797101,0.00825075398447054
0.573963381422,0.010683587728925411
0.574680753278,0.007892958167815005
0.575209283266,0.010176746861022018
0.575890800925,0.006623381327378699
0.576334364342,0.011646233714750662
0.577122150413,0.012815430853118686
0.578004742715,0.00939134976147146
0.578662713701,0.006080309808032869
0.579093983217,0.006201006381754826
0.579536028332,0.006626128041920119
0.580011626501,0.008106888763118008
0.580595480492,0.013659460676535238
0.581586136573,0.013756153726515388
0.582592291797,0.013677909518435848
0.58359844702,0.013594794207276892
0.584604606931,0.01345197719670311
0.58560832574,0.013352896155736758
0.586615287791,0.013123209023480051
0.587616796869,0.008382027025516308
0.588263837601,0.00891330423729762
0.588958803343,0.012801687595408437
0.589965635261,0.012633654827761607
0.590969399917,0.012508214177364311
0.5919731991,0.012419904465999587
0.592976998424,0.012506271670009726
0.593993611706,0.012304827561320012
0.595001682018,0.012187283255818686
0.596009752331,0.012155421258712329
0.597026464096,0.0027432049353312534
0.597257301522,0.011785874722446684
0.598257597039,0.011649138593333226
0.599257892555,0.011536053798160991
0.600258188072,0.01146868921492153
0.601259669785,0.0115064508376025
0.602270263305,0.011586545847444563
0.603293053396,0.011530730974139487
0.604315843487,0.011483217913425514
0.605338633578,0.011370508523218172
0.606355554431,0.011279523894955807
0.607370367248,0.011174594540672142
0.608382867248,0.011040833044012776
0.609388617248,0.01112639507263746
0.610405487805,0.010959442170945112
0.611409911295,0.010915422948188085
0.612411758499,0.01120456393778272
0.613441414591,0.011136963000723097
0.614468762421,0.010803951627592689
0.615471584374,0.01094929784568413
0.616493854648,0.01087996009999168
0.61751340061,0.010840024109066777
0.618530411866,0.010891479250934269
0.619552285017,0.010885688199008505
0.62057330632,0.010950267999662535
0.621592570005,0.011169258378618435
0.622607741557,0.011378484464407626
0.623616268573,0.011737689686083973
0.624634973426,0.011740877628008527
0.625643634436,0.008726958152554205
0.626398511033,0.011660344438473684
0.627414228318,0.011515398446453209
0.628425236696,0.011353340068180076
0.62942856308,0.01131041638563617
0.630432446365,0.01122743728293302
0.631433767728,0.011321678189733397
0.632444461133,0.011596244592167085
0.633474775587,0.01138625230934584
0.634485642853,0.011323569157023691
0.635492710813,0.011410364471111408
0.63650621439,0.01145354632427879
0.63752527976,0.011381040878210284
0.638543295347,0.011390851248011268
0.639561841319,0.011250651609618016
0.640564581069,0.011445287565327058
0.641587670306,0.011403790401121085
0.642612227129,0.011408243002755175
0.643634849537,0.01140729220775105
0.644650754215,0.01136184801840583
0.645661128299,0.011422540903805706
0.646679253163,0.011432433884089974
0.647697288316,0.011363806283340406
0.648705886037,0.01146934557173951
0.649723923594,0.011241118732580145
0.65072633691,0.011380121695287234
0.651745958633,0.011372204062378127
0.652765233249,0.01144212080138706
0.65378794315,0.011486669618327564
0.654813451205,0.011184149810822108
0.65581452375,0.011338230301086522
0.65683301792,0.011233852089272273
0.657842840591,0.011242525720327055
0.658850762451,0.011288459827558578
0.659860207603,0.011674518199793846
0.660904269443,0.011218380966223563
0.661909456818,0.011167481954315831
0.66291132793,0.011350290926715686
0.663930232435,0.011169640283172938
0.664933737183,0.011226299218021842
0.665942421208,0.011215200865836116
0.666949372617,0.01135748764242606
0.667969097682,0.011226308405613748
0.668978426506,0.011551052594820995
0.670018557898,0.011262001841170063
0.671033336235,0.01119890533147079
0.672042719213,0.011104906291202553
0.673044721732,0.011182323584000623
0.674055646012,0.011449053109641503
0.675092124647,0.011489285521292053
0.676132105298,0.011371663554954767
0.677161783648,0.011175366366663103
0.678175369857,0.011183235842565723
0.67919202396,0.011180443619516285
0.680210559634,0.01131986800838291
0.681242587582,0.011125069601487413
0.68225633763,0.011105353181555686
0.683267015988,0.011177765460940684
0.684282100058,0.01154841981404875
0.685328770632,0.011284438558215691
0.686350941699,0.011132949134243099
0.687360317715,0.011061470650845246
0.688365607849,0.011004325420660464
0.689368281221,0.011124806423908201
0.690382852481,0.010973953119751335
0.691383015513,0.011207513560547536
0.692403235406,0.011043025671465513
0.693407186268,0.01105548060648481
0.694410576141,0.011118805064971262
0.695417617143,0.011085133850979636
0.696419962034,0.011252285339321686
0.697437884439,0.011179975425066348
0.698451821875,0.01108874099092298
0.699459948827,0.01099889490706512
0.70046123291,0.01129455860578378
0.701490126507,0.011100408804399182
0.702502147274,0.011199341532483318
0.703523984319,0.011149261126908158
0.704541172646,0.011410461223577101
0.705580785138,0.011086459575489144
0.706588962922,0.01110848181300393
0.707597887342,0.011115928820073132
0.70860767848,0.011094830212303699
0.709616848594,0.011041992904080134
0.710623132918,0.011046090672479197
0.711631661465,0.011081184910323394
0.71264478373,0.011367341414851326
0.713685355893,0.01103625945753204
0.714696882859,0.011124708439655955
0.715717409434,0.011087520954439779
0.716734774787,0.011470859742832906
0.717787637465,0.011005420588579066
0.718798284551,0.011220415921743302
0.71982865625,0.01113001101137296
0.720850660203,0.010978742295295057
0.72185889906,0.010940692996538187
0.72286407998,0.010904657051313804
0.723866995997,0.010947438337094224
0.724875281183,0.010989670725073581
0.725889188399,0.010954415432719947
0.726901649805,0.011263910977655417
0.72794438164,0.01091054148384972
0.728955272163,0.010982754024375117
0.72997266723,0.009105420545652516
0.730815425145,0.010855744198660235
0.731818906092,0.01115629856423972
0.732848601235,0.010988004887610727
0.733861320865,0.011020943452799756
0.734875610322,0.011124235693240617
0.735897872957,0.010905962292023626
0.73689827518,0.011020447742140475
0.73790724544,0.010998479863932023
0.738912948589,0.011131904334584546
0.739931038541,0.01108102997194589
0.740946345384,0.010929123579865696
0.741951008209,0.010908943690966667
0.742957591769,0.011442363466103748
0.74401670171,0.010900443795141134
0.745026788309,0.010939827087490233
0.746040277258,0.01082508053528
0.747042674375,0.010856401531022124
0.748048071634,0.011009367157738448
0.749067851041,0.010947904305795814
0.75008202561,0.010923918719792203
0.751094590748,0.01093834661524919
0.752108882455,0.01089880525682851
0.753119561533,0.010974006708494091
0.754138962492,0.010900860111907752
0.755154082081,0.010846370361200817
0.756164878246,0.010829363712755594
0.757173904016,0.010830831841613929
0.758183112983,0.010894037751632576
0.759198628119,0.01080836312469943
0.760206291008,0.010853502853068579
0.761217793796,0.010838854207498935
0.762227731019,0.010767063749819037
0.763230636827,0.010813676869583816
0.764237319277,0.010873518211351067
0.765249649224,0.010923705682904872
0.766267739038,0.01084294979697345
0.767279784183,0.01073595779701494
0.768282244612,0.01074213742505261
0.769285024304,0.010814014305097217
0.770294675523,0.010831197495288738
0.77130595522,0.010816799098295842
0.772315666069,0.010839984093278196
0.773327818303,0.010764371614424124
0.774333656376,0.01080860540021543
0.775344103327,0.010717193324517302
0.776345998373,0.010704598855997562
0.777346636638,0.010762385053590735
0.778352210035,0.010749177902351269
0.77935581773,0.010843020547157417
0.78036809814,0.010718899540401077
0.781369535349,0.01078011287864933
0.78237795425,0.010944382137787458
0.783402641473,0.010737605006732678
0.78440835808,0.010797331891359337
0.785420234152,0.010951249559962493
0.786447229447,0.010704445258815249
0.787451547282,0.010749621421172546
0.788460008245,0.010805892250808939
0.78947302978,0.010760237268187608
0.790481574022,0.010878318482877439
0.791502553372,0.010926347260297797
0.792529844128,0.010689928504225536
0.793535893192,0.010699707697956286
0.79454367937,0.01069390073221999
0.7955516998,0.010728715974191057
0.796563288344,0.010779871414960129
0.797579613448,0.01081207361904482
0.798599271506,0.010801237178501465
0.799618145856,0.010718794456565282
0.800628898248,0.010273553548528186
0.801596829533,0.009776258862323594
0.802517063432,0.010724447503444104
0.803526208227,0.01071539552977182
0.804535249508,0.010651636062492791
0.805539863895,0.01080590447702073
0.806560503325,0.010612030382425811
0.807563404587,0.010659620981749822
0.808571142811,0.010643778187116381
0.809577855103,0.010593745221007242
0.810579806508,0.010673341790260651
0.81158901439,0.010722041562862793
0.812602635299,0.010692785549987633
0.813613218123,0.010632476034685808
0.814616846521,0.01075104898760002
0.815629843131,0.010673749349920044
0.816634594282,0.010744944488416463
0.817646746866,0.010690988132103367
0.818655870076,0.010688276282257922
0.81966677351,0.010629123503285622
0.820673303291,0.010561492191491377
0.821674319372,0.010577219455715114
0.822677926142,0.010609028287656457
0.823685318777,0.0106027216674151
0.824692166524,0.010607600896722904
0.82569925363,0.010652056256185077
0.826710597311,0.010616700520096143
0.827718149299,0.010633193591252244
0.828726638681,0.010645209700964652
0.829736799111,0.01070936860275221
0.83075417709,0.010875321814398594
0.831788192354,0.01056889753828108
0.832793133706,0.010588011623352626
0.8337997656,0.010600113977435698
0.834807795226,0.010671359402970319
0.835822386653,0.010663605797790143
0.836837011614,0.010550525506919324
0.83784241989,0.010810718900430387
0.838872415345,0.010520031172863903
0.839873851166,0.010597663015727647
0.84088315351,0.010591099785690852
0.841893267757,0.010528917487682511
0.842898989311,0.010593481556600547
0.84391179454,0.010568923419641692
0.844922757397,0.01051094720508372
0.845929124944,0.010501645132839561
0.846935307089,0.010686507817640096
0.847958946752,0.010908927245996815
0.849003520316,0.010544883373106122
0.850013472909,0.010545471192804632
0.851022903401,0.010624834323561412
0.852038880715,0.0075548271661711715
0.852761692485,0.010438408230118641
0.85376125389,0.010526065793609228
0.854769676877,0.010448727329361546
0.855770310479,0.01046800821052744
0.856772095453,0.010593064045319758
0.857785209442,0.010553692923746857
0.858794646385,0.01048640272153328
0.859798417052,0.010490176782836641
0.860803540962,0.010534241526949428
0.861813914246,0.010582953158896149
0.862829794912,0.010436330078634416
0.863832365076,0.010473395002244501
0.864839707068,0.010496315475625302
0.865850952698,0.010385075125417437
0.866852685845,0.010447156779878541
0.86786052964,0.010499641021408872
0.868872531328,0.010490700262753217
0.869882561365,0.010410752973155059
0.870884094011,0.010411991726997742
0.871885423468,0.010531072887015346
0.872898939069,0.010413030806061343
0.873903482115,0.01046352958700119
0.874915380148,0.010033329521423757
0.875886232061,0.010444418365219525
0.876895937045,0.010467034604819379
0.877906547226,0.010383531490765392
0.878908377484,0.010452041208024603
0.87991664589,0.010738693251927812
0.880951436667,0.010540812586580517
0.881965029211,0.010424854914950443
0.882966413626,0.010579391895147979
0.883983433908,0.0106525718572977
0.885007940961,0.010561877356483595
0.886023193798,0.010415884929636516
0.887023531217,0.010548710223162828
0.888036949611,0.010418594101124636
0.889040323845,0.010448545907953856
0.890049592345,0.010415849189008246
0.891057799358,0.01046498910960696
0.89207231062,0.010445268994612964
0.893086261554,0.0104169830724435
0.894097308129,0.01078144725781966
0.895141802042,0.010435921094721657
0.896150722279,0.010426309297080787
0.89715598144,0.01053697457648998
0.898169958095,0.010481376899570773
0.899178389912,0.010459566369748116
0.900185196623,0.010384708983311125
0.901186012807,0.010381222855961486
0.902187385232,0.0105023375451276
0.903200177186,0.010529878987550572
0.904215919238,0.010369527824108186
0.905218460155,0.010340340690351196
0.906221051775,0.010422004351674355
0.907233980271,0.010312856597313342
0.908238360455,0.010313453480015815
0.909244642627,0.010378231987517375
0.910259332607,0.010258936609296391
0.911264344453,0.010348163979097004
0.912278771382,0.010344027928098506
0.913291969744,0.010252066018169718
0.914294921263,0.010378770189221967
0.915308863902,0.010533560279074528
0.916336786993,0.010286211244111339
0.917340730978,0.01048295553553199
0.918364652717,0.010258337951232266
0.919367139027,0.010239936599714746
0.920368369268,0.010270511494398817
0.921373060841,0.010258035732105725
0.922376651723,0.010390188375568089
0.923394097632,0.010649154002291402
0.924438596001,0.010356204373851211
0.925454700984,0.010346135633847137
0.926467828598,0.010239802784936485
0.927468529594,0.010325186479187221
0.928477649422,0.010358317609913787
0.929491067277,0.010252934237546392
0.930494488815,0.010442729297710469
0.931516263557,0.010301339667824183
0.932523342434,0.010286675940136407
0.933527780808,0.010318504741283402
0.934536231502,0.010233203811491176
0.935538219604,0.010267999656112393
0.936544273583,0.010451412955510726
0.937567915686,0.01041560650076926
0.938587763671,0.01021814543727267
0.939588024027,0.010224175640166686
0.940588573793,0.010338325372332669
0.941599895106,0.010325628351155853
0.942609605318,0.010270566987538487
0.943613592368,0.01034141510928214
0.944625078578,0.01024026028246495
0.945626941373,0.010571423861593078
0.946660744046,0.010316002426795787
0.947670720527,0.010265392962171327
0.948676257408,0.010277211498098498
0.949682602387,0.01047333002299845
0.950707897704,0.004679528920620001
0.951165728038,0.01036881102517459
0.952179686737,0.010258281234429987
0.953182661713,0.01040582603070888
0.954200307255,0.0103257261364439
0.955210237852,0.01024618119395373
0.956212694458,0.010361355506722406
0.957227206507,0.010475426251523517
0.958253714327,0.01032163302244103
0.959265455027,0.010326613317564272
0.960277713102,0.010307606725597093
0.96128853785,0.01029221542704282
0.962298794572,0.010282812244484733
0.963309391454,0.010223610755904897
0.964315577971,0.010326017901230125
0.965333122186,0.0101654208892265
0.966335666401,0.010291255395468931
0.967350877769,0.010583060832403072
0.968395311855,0.010232619065125211
0.969405729317,0.010150821686823023
0.970408320211,0.010637500549049534
0.971459841057,0.010170902335350286
0.972466231821,0.010243993151584639
0.973480145913,0.010239374571330805
0.974493567636,0.01022833512717423
0.975506322393,0.01038273455794973
0.976535397601,0.01009077481697485
0.977536169649,0.0101390338487523
0.978541812994,0.010179790651390025
0.979551383318,0.010179266745696254
0.980560598311,0.010146042835557192
0.981566098532,0.010134026671367253
0.982570045997,0.010159350205806158
0.98357614337,0.01049423231285273
0.984614546363,0.010245559419102632
0.98562754101,0.010138937077843468
0.986629997975,0.010244134436417005
0.987643155025,0.01019675255681048
0.988652304287,0.010097521634790663
0.989652366868,0.01011642532713524
0.990654727852,0.010266722236588467
0.991672174896,0.010549705646249422
0.992717241646,0.010155221323292479
0.993722695359,0.010116022175722848
0.994723375049,0.010203270654295616
0.995731440615,0.0001441548627711353
0.995745678896,0.005482978598843271
0.996287223586,0.0038292344092953024
0.996665424895,0.0008303355440942989
0.996747434491,0.0069218037749122895
0.997431117794,0.010124372659828755
0.998431206906,0.010203031591849331
0.999439208186,0.010160496758876977
1.000443163499,0.010173959607630196
1.001448528448,0.01025015309257839
1.002460906869,0.010229945575234708
1.003470127026,0.010203089084915976
1.00447607516,0.010398858641162256
1.005501566244,0.010176253820808093
1.00650514349,0.010225514048878113
1.007513409174,0.010189812482766654
1.008518292066,0.010278761067560618
1.00953150316,0.010455479848721777
1.010560888315,0.010274423862950305
1.011571799715,0.010265451233305783
1.012581852836,0.010181762438636815
1.013585046484,0.010143863155102649
1.014585813185,0.0103071112389006
1.015603383866,0.010231074803561079
1.01661427545,0.010252023539097752
1.017629178392,0.010123106022853457
1.018633797548,0.010215477683617016
1.019649048275,0.010159202112420544
1.020659091845,0.01013264294179072
1.021666506292,0.010141133661732362
1.022674284191,0.01009345056518762
1.023676280015,0.010234855525684303
1.024691581877,0.010127151733500157
1.025697071639,0.010143655106713447
1.026705533986,0.010126193389870159
1.027713452348,0.010089495935636197
1.028719542631,0.01017152409246945
1.029734417561,0.010205855438527318
1.030751887075,0.01005623332650359
1.031754162506,0.010160567418339875
1.032766908328,0.010083142280364832
1.03377242403,0.0100721436739861
1.034777415549,0.010156982387488873
1.035791376829,0.01006276269031696
1.036796704445,0.010030736939622866
1.037798941857,0.010160261246317949
1.038813691332,0.01010589429060872
1.039823227863,0.010097357850308356
1.04083308962,0.010103330498124601
1.041845346995,0.009990177403962854
1.042848498537,0.010046039291481904
1.043859374946,0.00994440289600459
1.044861739738,0.010013720263234008
1.045872338794,0.009968992292694705
1.046879077501,0.009947232369124107
1.047884096746,0.00999632835377557
1.048894270364,0.009930764237603744
1.049897224503,0.009940335983843224
1.050899949085,0.009962513344841134
1.051903910066,0.009997647224274047
1.052910280218,0.010025606841207882
1.05391755446,0.01000856947718957
1.05492126224,0.009991958575636718
1.05592275827,0.010050731043285403
1.056930564997,0.010169744070124786
1.057951210386,0.009951965859658268
1.058952812258,0.01005083553476135
1.059968338587,0.009890512196543154
1.060969961147,0.010120905370129739
1.061995296969,0.009916925850930989
1.062999447213,0.0015959071283790146
1.063160991849,0.010027415352414209
1.064176245522,0.009881527872203243
1.065176546821,0.009890462582098476
1.066176921736,0.009984445981305112
1.067186520533,0.01002911492738827
1.068200975072,0.010045270483423019
1.069217597573,0.010080357365878971
1.070238265551,0.009958564802625455
1.071246934485,0.009960284103184924
1.072255699496,0.01011626839481897
1.073280058743,0.010020879015325019
1.074294340587,0.009987608356106487
1.075304155616,0.010291017113381064
1.076344744726,0.009903482437527079
1.077348455863,0.009904196148732003
1.078354658425,0.00998589584433111
1.079370639449,0.010278602883368734
1.080416973589,0.009973122042731666
1.081432864196,0.009981080675882582
1.082450902775,0.009984408195373613
1.083469604371,0.009912690213807673
1.084480750608,0.010108013100189227
1.08551282604,0.009869696057896976
1.086522164757,0.010038208768956874
1.08754937054,0.009846112515137726
1.08855699444,0.009766849817297956
1.089557261273,0.009766178924230214
1.090558132394,0.009912726523129013
1.091574167155,0.010163229777820805
1.092615962822,0.009851808363433245
1.093626417232,0.009767419256556567
1.094629697943,0.009819343456439788
1.095640183163,0.009779879049147431
1.096648459869,0.009817051748811057
1.097661472121,0.009758967797135636
1.098668340228,0.009707798663356543
1.099669401269,0.009707039981915973
1.100670049744,0.009765896813337189
1.101676789993,0.009702724910698093
1.102677049582,0.009798781251201951
1.103687488904,0.00973691686764096
1.104692279568,0.009730852303692913
1.105697068065,0.009683633948109364
1.106697227351,0.009860236925652808
1.107715915208,0.00974710859326652
1.108723631454,0.00977965667212469
1.109735212006,0.00968927518464055
1.11073734172,0.009731880941203029
1.111744187028,0.009759187279930023
1.112754445711,0.009772606086382207
1.113766139283,0.009835804132829857
1.114784683997,0.009793189496049995
1.115799803759,0.009664013115809283
1.116802246716,0.009684618630635453
1.117806689693,0.009757683519050705
1.118818197024,0.009765829454670602
1.119830062505,0.009740542208706791
1.120838406257,0.009718965435599951
1.121843056023,0.009735549478182434
1.122848725807,0.009724156195648063
1.123853996743,0.009675546758729272
1.124854673951,0.00969093004371338
1.125856224178,0.009797561639534278
1.126868712048,0.007727377311944867
1.12766822323,0.009709377100828231
1.128674935055,0.009650322987873551
1.12967768022,0.009621142528989067
1.130678221073,0.009969650948882944
1.131714542023,0.009779157893164244
1.132730485141,0.009668369311491544
1.133734899503,0.009800984887991386
1.134753834828,0.009660328731999342
1.135758773243,0.00964023920733803
1.136761950971,0.009801973691281931
1.137781808439,0.009663178679259404
1.138787102308,0.009699256518154918
1.139796789014,0.009681219295230994
1.140804670713,0.009778217722849234
1.141822142252,0.009847460853132815
1.142847206837,0.00966155695573601
1.143853855504,0.009643272165248955
1.144858885653,0.00976006294586892
1.145876969801,0.009581992459558045
1.146879097052,0.0050392436174572525
1.147407278769,0.009607372249870821
1.148415671515,0.009567103640383583
1.149421072537,0.009593025266753248
1.150430251751,0.009524032856504822
1.15143316481,0.009562071685556402
1.152440514065,0.009517678501712444
1.153443218733,0.009583828749310495
1.15445283324,0.00954072728721859
1.155457447105,0.009523398678626279
1.156460377633,0.009608788122736692
1.157473626794,0.009580952715842474
1.158485286848,0.009497732908624573
1.159487640326,0.00952540462769021
1.160491351609,0.009730881901447518
1.161516464292,0.009558130151384236
1.162524002759,0.009589390377022972
1.163535154991,0.009498546329641479
1.16453750572,0.009530176325353891
1.16554496287,0.00950731099357837
1.166551748383,0.009517942390342034
1.167560552652,0.00945690843029243
1.168562995254,0.009494444596915076
1.169569010986,0.00965380595658927
1.170590659811,0.009458446432724123
1.171590791274,0.009716742601187184
1.172618226533,0.009606045960633816
1.173634255934,0.009607385377122142
1.174650985617,0.009443180328844987
1.175651125678,0.009454894353472111
1.176653953465,0.009468611380417474
1.17765950853,0.009509429443918353
1.178670262461,0.009468373373346817
1.179678148114,0.009448028345616049
1.180685655735,0.00948211280665833
1.181698423574,0.009393162186756275
1.182703013807,0.009405558405655498
1.183710015426,0.009347638009185704
1.184711444158,0.00935004011969173
1.185713295846,0.0093534813925082
1.186716041,0.009362342354731552
1.187720245481,0.009371741725685875
1.18872553621,0.009336890074756264
1.189727139296,0.009442640571672855
1.190740003395,0.009429904199250447
1.19175147432,0.009363328347398276
1.192756266876,0.009425229662997171
1.193768861515,0.00780857725827097
1.194608520994,0.009411151759507486
1.19562103544,0.009295672866974981
1.19662107694,0.009376974838213602
1.197628538485,0.009362713709655177
1.198632980405,0.009369805577458425
1.199637973326,0.009559102756710944
1.200663574334,0.00939618793163095
1.201672332971,0.00953730361293365
1.202697546973,0.009337704459556402
1.203701778626,0.00933754067777632
1.204705357795,0.009352636730230141
1.205710193745,0.0094224876315212
1.20672340779,0.009396452211053523
1.20773450448,0.00941100082291279
1.208747344464,0.009430289452678195
1.20976331059,0.009401769606610766
1.210777623551,0.009266591050750287
1.211777994438,0.009283330519194263
1.212780351357,0.00934140169738729
1.213790036787,0.009314889617926227
1.214798594954,0.009248407706315326
1.215801612325,0.009400058044831258
1.216822226642,0.00938213581160829
1.217840990808,0.009280807096352832
1.218848676792,0.009228392613353818
1.219850822931,0.009310601326111341
1.220861886846,0.00925331739812545
1.221866793603,0.009334391881899749
1.222881142301,0.009253662030128885
1.223887052707,0.009362200287615058
1.224904611224,0.009277129776814878
1.225913122289,0.00936138546213973
1.226930512971,0.009229850895324392
1.2279330115,0.009232748777382548
1.228935990844,0.00925462824975011
1.229942309833,0.009407338295536048
1.230965564427,0.009254943934016463
1.231971955996,0.009359078650301942
1.232989335602,0.009275269402381877
1.233997565701,0.009239837724017349
1.235002857904,0.009197990111683216
1.236004229184,0.009215255218882647
1.23700719068,0.00920569873210876
1.238008515572,0.009341071230099283
1.23902362271,0.00926292317195587
1.240028486662,0.00929824833350917
1.2410364252,0.009261812755003297
1.242040566479,0.009245821403243096
1.243043814422,0.009268008252886782
1.244050871518,0.00938057782748674
1.245071963542,0.009201943901781074
1.246075851913,0.009274862241268729
1.247089907536,0.00919777768563014
1.24809691033,0.009189955769920044
1.24910385553,0.009237096332984026
1.250116586397,0.0091262609728224
1.251117695942,0.009166356975365992
1.252123744017,0.009153074249193115
1.253128913064,0.009123782484764871
1.254131302051,0.009119660140657914
1.255133836891,0.009129928967109879
1.256138404539,0.009108715367517835
1.257141501523,0.009124139613437653
1.258146418766,0.00910607717895701
1.259149061082,0.00908600534611934
1.260150152582,0.00930283503582623
1.261176837719,0.00919106004921446
1.262193252814,0.00630507275368405
1.262891732561,0.009036881422517361
1.26389436834,0.009063706805340405
1.264901313773,0.009023959947980009
1.265904873245,0.009055684182711897
1.266912332522,0.009143425298917715
1.267929793391,0.00899185589772641
1.268931136326,0.009024713966166545
1.269936888551,0.009046551572154424
1.270945747517,0.009052904398088268
1.271956183447,0.009013665896028061
1.272962751117,0.009006201338417067
1.273968264466,0.009164297198073351
1.27499129464,0.008990570509737781
1.275994954789,0.009034875790876643
1.277003648032,0.008961063989669284
1.278004380911,0.00899956593958319
1.279009624166,0.009011124037716117
1.280015877384,0.009022807706282027
1.28102253065,0.009104687972134432
1.28203768929,0.00914081007746741
1.283056716599,0.009116372163936187
1.284073225653,0.009045793899626356
1.285082430344,0.008976786633113975
1.286084317649,0.009047175905404966
1.287093720802,0.00907664730111075
1.28810579235,0.009119634824622923
1.289122415127,0.009027018785926294
1.290128502263,0.009064951110939232
1.291138970232,0.008993352867302762
1.29214220596,0.009128141779356506
1.29316187516,0.009024403102291512
1.294171304834,0.009030159239234486
1.295181875725,0.009136882869122141
1.29620485704,0.008947499763533567
1.297207265566,0.00898500702727513
1.298214338671,0.009060162803282137
1.299230582962,0.00900409452353401
1.300240452175,0.009228457695199095
1.301274757874,0.008996958511638566
1.302282261109,0.00899408905826721
1.303288513383,0.009103198335808905
1.304307409952,0.009059407541404428
1.305322469744,0.008942139983471105
1.306324593235,0.00896700107461099
1.307329754076,0.00894824093780441
1.308333251185,0.008938141708192612
1.309337043113,0.008970350900267128
1.310345904378,0.00890901998063435
1.311348339047,0.009087052168426993
1.312371794273,0.009073620559388667
1.313395124967,0.008894280202813291
1.314399910799,0.008939657591549877
1.315411466619,0.008847965253911827
1.316414032632,0.008904748178003751
1.317424327685,0.008812144566668052
1.318424582475,0.00885011836606274
1.319430497382,0.008835887125745734
1.320436632011,0.00881591163059761
1.321442349871,0.008821138094531347
1.322450824064,0.008823393582592338
1.323461158693,0.008816516750742166
1.324472429946,0.008840953110792363
1.325488024609,0.008870585637703862
1.326507053231,0.00872114194448233
1.327508365914,0.008818882244574954
1.328520576973,0.008877150937884777
1.329539904402,0.008819888387688591
1.330553830887,0.008767077711114075
1.331562505003,0.008750338585430076
1.332570281142,0.008707615238963382
1.333574758044,0.0062704670803530455
1.334298822021,0.008848837321550776
1.335320994387,0.008722259433671813
1.336328581071,0.00882591519949774
1.337347870114,0.003058364933153085
1.337701015918,0.004112904184073734
1.338176053019,0.002011937379645428
1.338408444183,0.0027624452781720233
1.338727523691,0.005848567077888653
1.339402722022,0.008374247701021988
1.340369084022,0.008148401755532182
1.341309260932,0.008689050767193666
1.342311697007,0.0086704640513691
1.343311814483,0.008800057054235255
1.344327164264,0.008796961324203371
1.34534228743,0.008736742596435702
1.346350499292,0.008730399890687975
1.347357793757,0.008227400727873976
1.348306304025,0.008198382059863129
1.349250997977,0.008810216117290909
1.350266251973,0.008840758237146515
1.351284669833,0.00875171757993944
1.352292062414,0.008801547552895498
1.353304421541,0.008897876330694686
1.354327300975,0.008721269221917287
1.355329869329,0.008728467499350377
1.356333739762,0.008872531504047106
1.357355147016,0.008759010569341683
1.358364569849,0.008761773676961262
1.359374978256,0.008680059794797192
1.36037642457,0.008709875099449274
1.361381892797,0.007542891923058136
1.362253412763,0.008455793954777073
1.363231796009,0.008670177414864446
1.364236876496,0.008640421135613481
1.365240273099,0.008655409780354242
1.366246635181,0.008595737113976888
1.367246674432,0.00864744608856036
1.368252786114,0.008672467147143273
1.369261804465,0.008394611984068198
1.370238842312,0.008440565765775489
1.371221925325,0.00862855434945519
1.372227231069,0.008590597126548919
1.373228330789,0.008596194415323144
1.374230507554,0.008660055409877732
1.37524081533,0.008564378070593407
1.376241138028,0.008560531429041422
1.377242262262,0.008655403009712168
1.3782552905,0.0085467074033121
1.379256372715,0.00569443948837956
1.379924185121,0.008657877265001205
1.380941213268,0.008502362089200369
1.381941685751,0.008519313437910271
1.38294556734,0.008632598818449598
1.383964825761,0.008371968994979297
1.384955030378,0.008563590465401644
1.385968824144,0.008441497798225263
1.38696924489,0.008468258065159034
1.387974234243,0.008678393138164753
1.389004907461,0.008520190226666486
1.3900173213,0.008475497194279636
1.391024790753,0.008057965198599002
1.391983020941,0.008497005782976491
1.392994257714,0.008423843791073762
1.393997359923,0.00839833206990542
1.394997963707,0.007978437605164342
1.395948233187,0.008508649421999671
1.396961029654,0.008426529490041437
1.397963353185,0.007868669921764031
1.398898415339,0.008466708577269413
1.399903760198,0.008461407412241375
1.400907843347,0.00858754718489447
1.401927618649,0.008452624430031726
1.402932844399,0.008421726459340691
1.403935404654,0.008434220312321564
1.404940456788,0.008476458415082648
1.405951812594,0.008393558167628247
1.406953852287,0.008427368457181391
1.407960514725,0.008381818750346695
1.408962237446,0.008446918979186792
1.409971209955,0.008409783545826622
1.410974948458,0.008456666684802458
1.41198383337,0.008412462903227742
1.412986655911,0.00844396050733607
1.413992144863,0.008426047878481644
1.414995728365,0.008193033401363216
1.415971946863,0.008583096606438955
1.416994043275,0.007228993062961227
1.417854565022,0.00766473997997269
1.418766675779,0.008454893929141921
1.419772266856,0.00842420924520251
1.420774409829,0.008425113627569284
1.421777228919,0.008452453004132377
1.422782951666,0.007922827329013574
1.423725348033,0.008458609519701647
1.424731467144,0.008019452661725102
1.425685514009,0.00552928315400361
1.426343572154,0.007241454200964937
1.427205762355,0.00816672141271488
1.42817834404,0.008437105905562436
1.429183400987,0.008427572228718719
1.43018786422,0.008489826651672167
1.431199926373,0.008440178102531577
1.432205963327,0.008462361502186563
1.433215764708,0.008443020906802995
1.434224188051,0.008458124888205807
1.435234646709,0.008549092580404474
1.436255177465,0.008479988394224751
1.437266800792,0.008419747934181621
1.438271127443,0.00843111648458826
1.43927685923,0.008396219723158375
1.440279005992,0.008385919866348264
1.441280219784,0.008436541715194546
1.442288824836,0.008384873893104279
1.443292626184,0.008395220299193085
1.444298021654,0.008022703591376067
1.445259982094,0.008365675104190604
1.446264979867,0.008386307706194904
1.447274590962,0.00834677510503182
1.448280951714,0.008307384514595891
1.449283903876,0.00828344342246877
1.4502858513,0.00833235271997152
1.45129533143,0.008241116624002377
1.452295683662,0.008336876018291198
1.453310675329,0.008195201031386604
1.454311421554,0.00826672040589368
1.45532344016,0.008163267865463912
1.456324462294,0.008197880592073733
1.457330413128,0.008302054379357306
1.458349189433,0.008182324155092653
1.459353359045,0.007887508453297823
1.460322209338,0.00824707921175355
1.46133672772,0.008324993483057416
1.462362465533,0.008154578774600817
1.463369408182,0.008088413755545339
1.464370502497,0.008128099982569664
1.465378047066,0.008072335750842345
1.466379132108,0.0080840469234325
1.46738167046,0.008127803397325611
1.46838983257,0.008121837633069355
1.469397986992,0.006813915958711142
1.470244525527,0.007933357375078083
1.471230100414,0.008069357636381674
1.472232079512,0.00806679762644906
1.473234524899,0.008041047525772718
1.474235534747,0.0018340828832677973
1.474464240401,0.008112006740592858
1.475476662297,0.008011985857198187
1.476478624572,0.008016058795884616
1.477482361096,0.008053552834765198
1.478491053985,0.008071984572908055
1.479502205401,0.008017350471197584
1.480506803502,0.008064705996689722
1.481517576657,0.008008195325916644
1.482521387918,0.007990013629287931
1.483522614083,0.007998079440722188
1.484524518904,0.008011474315359533
1.485528710817,0.008043950607209145
1.486538282637,0.007957875187992354
1.487538575524,0.007972263725229408
1.488542334521,0.007944834114470715
1.489543225989,0.007967392420793296
1.490546226978,0.007994476321866771
1.491552007922,0.007851447204905014
1.492540325458,0.008070708361502596
1.493557354041,0.008019371705843721
1.494568444389,0.00793684830097952
1.495569046727,0.007966427382411134
1.496573658961,0.00804586065105901
1.497589397123,0.007938775343720915
1.498592479982,0.0070474831520416364
1.499483387696,0.00791256524335041
1.50048387618,0.007946037585406995
1.501488454311,0.00791672910205906
1.502488955184,0.0079780430255384
1.503496348064,0.008014365486395798
1.504506916492,0.008080527706318074
1.505525007776,0.00801401459424683
1.506535838747,0.007959318008736517
1.507542429292,0.007954975631540854
1.508551261399,0.007908804502361023
1.509556270751,0.007913198588539058
1.510563731315,0.007903370271769425
1.511571563994,0.007872133753071742
1.512576234319,0.007877219200823876
1.513582227642,0.007892232260980406
1.514590239347,0.00783797972297181
1.515591684515,0.007844780125770098
1.516595065771,0.007943695863947376
1.517612186942,0.007802274083851632
1.518612529586,0.007149079472611073
1.519530561551,0.007831037662985603
1.520537759849,0.00778134097929157
1.521540001372,0.00548704765963808
1.522247286609,0.007836086959572315
1.523257798686,0.007759996054787683
1.524259026571,0.007757937097551556
1.525260446545,0.00779298036339278
1.526267109446,0.00779698727483775
1.527275142946,0.007744176011571195
1.52827633098,0.007799390842967827
1.529284771539,0.007824174919233488
1.530297811616,0.0077407880112726965
1.531302992694,0.007709529904092099
1.532307729071,0.007702190520756662
1.533314579177,0.0076497638077799995
1.534317201939,0.007722335071340944
1.535331380709,0.007732525346118481
1.53634784917,0.007663306719068407
1.537355675846,0.007604722943990418
1.538356730391,0.007630368490591486
1.539362386352,0.007591918511276292
1.540365180284,0.007566397970362368
1.541366896991,0.007686111507362106
1.542385075949,0.007576849633971978
1.543389852629,0.00757710288440498
1.544395771508,0.007588993239630452
1.54540402576,0.005976237280302105
1.546198841521,0.007541073339151416
1.547203141,0.0075057901447192574
1.54820462379,0.007577079657676997
1.549216361927,0.00759382265549599
1.55023119064,0.007567079613475878
1.551244149387,0.007538732207956603
1.55225467634,0.007509524076143116
1.553262078097,0.00749453323322228
1.554267391561,0.0074758557936977724
1.555271138849,0.007453575060982782
1.556273186187,0.007487161845770947
1.557279394801,0.007522891345286288
1.558290757619,0.007449963255771041
1.559293899074,0.007503704633809693
1.56030579398,0.007325799412088516
1.561294472489,0.007453914565040593
1.562300855331,0.007470853759609222
1.563310227481,0.00744403738728742
1.564316707157,0.0069417091699812
1.56525573715,0.005552933250636119
1.566006891509,0.007470923360456178
1.567017067239,0.007444920348437634
1.568023471854,0.007404945018616984
1.569024682972,0.007456054690065978
1.570033312845,0.0074939975454196735
1.571048023234,0.0073927987236805815
1.572050730198,0.007422674772584386
1.573058610456,0.00737116284819739
1.574059534851,0.007425168262494904
1.57506687082,0.007414055343875315
1.576071180253,0.007475892146885525
1.577083176651,0.00753392650492041
1.57810335423,0.00744029139234425
1.579111485827,0.007421716073473146
1.580117463754,0.0074092060086105565
1.581122304021,0.007377119642774139
1.582124034923,0.007372049152683967
1.583125438699,0.007411100793265528
1.58413177553,0.007412314321241608
1.585138523066,0.007399018265508058
1.586144332694,0.007380065803272758
1.587148305437,0.007393674030996234
1.588154052767,0.007372498453172869
1.589156569341,0.007415281349621968
1.590164731619,0.007385648401404083
1.591168347321,0.0073882582414764465
1.592171816795,0.007440728121325796
1.593182203507,0.007391316437378309
1.594185574496,0.007422519486214224
1.595192216555,0.0073858398540379375
1.596192536896,0.0074398918253460525
1.597199751524,0.0074701583245733415
1.5982117464,0.007409049850105345
1.599216208411,0.007391570392565457
1.600218811475,0.007395793145242251
1.601222383058,0.007480642877169767
1.602238005443,0.0074650539029351305
1.60325194278,0.007503958699704407
1.604270665104,0.007478168226976587
1.605284968353,0.007467978615681253
1.606297785238,0.007443834050310773
1.607307492863,0.007413248303742745
1.608312784647,0.007395665134351558
1.609316301538,0.0074227317733594825
1.610325013052,0.00736161006248926
1.611326125618,0.007382680808815375
1.612329869885,0.007416916385584348
1.613338391245,0.00743392036721363
1.61434977336,0.007400652401274216
1.615356383268,0.00737175788838452
1.616358380002,0.006647581596356424
1.617261452428,0.00741129387294445
1.61826679427,0.00743705314382202
1.619274029631,0.007471527523285299
1.62028514407,0.007404034159243223
1.621286894713,0.007372766349431348
1.622284924087,0.00741519649179145
1.623289207126,0.007385484440758879
1.624290001087,0.007430402862893374
1.625298066591,0.0074624044885575475
1.626310915632,0.007407001878009016
1.627315861044,0.007459770738190187
1.628327981238,0.007373726381946791
1.629328653649,0.007430584745285648
1.630337217879,0.007392744886424203
1.63134089128,0.007070001863262284
1.632301247369,0.007404216580429314
1.633307279808,0.007435375043330755
1.634317589271,0.007358065441364404
1.635317595961,0.007389353972598029
1.636322889103,0.007381222367691725
1.637328478002,0.007431154556822156
1.63834208275,0.007345688337892332
1.63934477689,0.007366045086100447
1.64035018348,0.0074013456196065615
1.641360358412,0.007373308876628237
1.64236753378,0.007367672582985112
1.643374762659,0.007345268653722285
1.644379608936,0.007351497861897715
1.645385952532,0.007356633245348885
1.646393525676,0.007348272920773196
1.647400658605,0.007302538598868572
1.648402164421,0.006844768854477729
1.649341559473,0.007333198825047667
1.650348752779,0.0073064284019287475
1.651353029815,0.00732393212698595
1.652359815153,0.00736110089396376
1.653372411698,0.00730988858418332
1.654379932994,0.007263038565287373
1.65538306005,0.0073687982377775175
1.656402031291,0.00730413553139814
1.657412781557,0.007309300235831503
1.658424619041,0.00724945281606094
1.659428288586,0.007281557726715562
1.660436406635,0.007332235129048429
1.661451505961,0.007228318098124763
1.662453155221,0.007249606637306803
1.663459034489,0.007217367579002165
1.664461563372,0.007317059758112303
1.665478877863,0.0072104129916579236
1.666482213932,0.0021662226558463514
1.666783772489,0.007198856891703222
1.667786268332,0.007266449826591529
1.668798354289,0.0072858065613127885
1.6698134578,0.0071950233163810716
1.670817220161,0.007178001436294913
1.671819947513,0.007218278221441388
1.672828629001,0.007191190146980154
1.673833356612,0.0072267980210810965
1.674842815129,0.007301480217533072
1.675863727956,0.007159658809539154
1.676865955484,0.007180311798232544
1.677871329725,0.0071671428860734954
1.678874549292,0.012891434469522053
1.680679938336,0.0071083599265192934
1.681680761167,0.007121306284288397
1.682685961523,0.00708930606914307
1.683686546681,0.007177471789518634
1.684699535211,0.0070923164108866454
1.685700731524,0.007092620737528874
1.686702259896,0.007091320122259891
1.687702987435,0.007129694475883774
1.688707469188,0.007290298923734263
1.689733015714,0.007124640798838643
1.690734509332,0.00717870202113825
1.691742688826,0.007217052357078514
1.692755312327,0.007198326907027841
1.693764788336,0.007153934832303136
1.694767383689,0.007217536825091391
1.695778511645,0.007198958227130887
1.696787222397,0.007138899221505686
1.69778798744,0.007165533316718242
1.698793327111,0.007164627469340084
1.699799738643,0.007218161495900889
1.700815028134,0.007134470958250531
1.701820087602,0.007093683009775075
1.702820941779,0.00721812661063777
1.703840428158,0.007142956716920949
1.704850097103,0.007116811564049441
1.705856892231,0.007095390729899733
1.706860945435,0.007137536747987868
1.707871002655,0.0071272678057979506
1.708880291902,0.007109500917977115
1.709888256384,0.007082349970705319
1.710893820531,0.007124878897264206
1.71190654546,0.007048048957231879
1.712908837112,0.007108809851438342
1.713920401873,0.00716388358934832
1.714940686668,0.007021874689217139
1.715941181434,0.007025236637904361
1.716942610198,0.007059595137182682
1.717949521893,0.007031953035838577
1.718952409559,0.007168765809018019
1.719974115782,0.007024774037165298
1.720974821094,0.0070402117007340795
1.721978153262,0.007060383112917691
1.722986188783,0.006607421681557011
1.723930936196,0.007041580647066917
1.724938040726,0.007242090950785053
1.725973851815,0.007014731975090736
1.726977346778,0.007030053510019898
1.727983271132,0.007018217039516326
1.728987646362,0.007000127785578574
1.72998981323,0.007073630627315846
1.731003508093,0.007018171019785338
1.732010320935,0.007033499758825159
1.733019857345,0.00702221964710904
1.734027829311,0.006978430979105795
1.73502967065,0.007053222965886047
1.736042712352,0.0069842852145191705
1.737046275586,0.007031519754649444
1.738057147859,0.0070275429893378125
1.739068086169,0.007110737760223244
1.740091387155,0.007000606487925396
1.741099281138,0.0069579385601445075
1.742101173565,0.007043744315554919
1.74311504476,0.007012485548752835
1.744124374063,0.0069888921771698925
1.745130885391,0.006964682851388385
1.746134943992,0.0069834753167524
1.747142945399,0.006927737519807723
1.748143897034,0.00694052623618184
1.749147488961,0.0069535776333330785
1.750153340311,0.0069822835544642485
1.751163010717,0.006929044871823406
1.752164841571,0.0069751184019130625
1.753173319955,0.006913789583964642
1.754173541086,0.006903720930346668
1.755173914151,0.00696053714144344
1.756184161985,0.0068851440526946205
1.757184630298,0.006924371581093318
1.758191265948,0.0068925989759638685
1.759193234012,0.006918695450702453
1.760199361749,0.006881618195023465
1.76120157752,0.006873930150736398
1.762204563878,0.006871310854937158
1.763208418756,0.00685220745464067
1.764209919623,0.006944506170041637
1.765224125396,0.006949620532043288
1.766238445549,0.006939338510116597
1.767252526755,0.006962055889133833
1.768271249535,0.006873223079754398
1.769277299482,0.00686774374434881
1.770282644658,0.006870327482373266
1.771288136961,0.006867391485949817
1.772292408216,0.0068777061518179115
1.773297776329,0.006971556654655561
1.774317411079,0.006989457850592329
1.775340082627,0.0068329249988605305
1.77634028231,0.006869182160241519
1.777346947045,0.006172446842969127
1.778251834304,0.006885328241197631
1.779260650811,0.006880855738276601
1.78026816387,0.00684040151273432
1.781269509858,0.006883094447325641
1.782277185911,0.00683113117588053
1.783277461782,0.0068433090507626785
1.784279685199,0.0069430338483377225
1.78529680376,0.006906405018020409
1.786308676121,0.0068332025591974505
1.787309850342,0.006882891652559651
1.788319182291,0.006838836182815653
1.789323757798,0.006831065445187207
1.790328564893,0.006819749702287861
1.791332162299,0.006952693371304182
1.792355743792,0.006798343344060716
1.793357622546,0.006981388791839526
1.794387699561,0.0068391173192573484
1.795397774999,0.006819541337216784
1.796405507262,0.006857445510454502
1.797419187178,0.0068870951264065625
1.798437445443,0.006770428123478448
1.799438217378,0.00676825123767808
1.800438648095,0.006836584541241281
1.801449350423,0.006841701260937907
1.802460871647,0.006813062412170265
1.803468328329,0.006792391462785166
1.804472783961,0.006786962845541544
1.805476753906,0.006792218964884227
1.806482894181,0.006748190789069737
1.807484757241,0.006795169142047305
1.808494788691,0.006731765019894824
1.809495124471,0.006828525520554804
1.810509267641,0.00675352163205697
1.811511899625,0.006830933333834686
1.812526592899,0.00676874007363572
1.813532736873,0.00681293947543032
1.814545868144,0.006782337729661894
1.815555480315,0.006781376189449217
1.816566487585,0.006767657707137158
1.817575818358,0.006814337453223905
1.818591980417,0.006853149389110257
1.819614351123,0.006708464265363356
1.820616044826,0.006758927232075965
1.821625957754,0.00420360198031946
1.822253878116,0.0034763001686485403
1.822773115448,0.0032969717804768473
1.823265475093,0.005015199522666207
1.824014828582,0.0046022943546477
1.824702892652,0.005777122013804991
1.825567314918,0.006719325905903937
1.826573134663,0.005895439834109981
1.827456654564,0.005709861755249755
1.828313440309,0.0054201990529766896
1.829127422211,0.005952571294036493
1.830021824737,0.006625998403566603
1.831017797616,0.005867093374293087
1.831899838376,0.006650429611589438
1.832899317793,0.006180975967428419
1.833827669648,0.005313504359015475
1.83462505291,0.006679442866139371
1.835626920653,0.006698569037119368
1.836631478815,0.00562223282450415
1.837474504,0.0066806353954588366
1.838476406497,0.006666423815826756
1.839476726312,0.006225952353525918
1.840411566398,0.0058416805780810155
1.841289012699,0.00554768911984974
1.842122732146,0.006031643367367809
1.843029983438,0.006643792146792388
1.844030289486,0.006657602268890027
1.845033783848,0.006695562996419806
1.846044169054,0.006655276113599078
1.847048691098,0.006441071359712797
1.848020512392,0.006626792898527016
1.849020652886,0.00589460677679084
1.849910958288,0.006273487830596225
1.85085897044,0.005595141042808622
1.85170515083,0.0060670151132400235
1.852623736668,0.006375592789426742
1.853589748083,0.005664766223763494
1.854448181443,0.005953614017511469
1.855349837088,0.006669323221008178
1.856358995735,0.00639280222482273
1.857326444749,0.0058743929922692485
1.858216439136,0.006283354559617864
1.859169526952,0.006695103298582909
1.860186355164,0.006574163155175297
1.861186405154,0.0006123240944671656
1.861279652931,0.006572293326282416
1.862280761583,0.006608819931958339
1.863287693575,0.006624657861621601
1.864297068141,0.006581253487198768
1.865299876487,0.006673335338071958
1.866315672798,0.006600823788946228
1.867319256721,0.006584275961730842
1.868320242701,0.006285809328510602
1.869276549411,0.006352330258252089
1.870243417741,0.006605331079629698
1.871248756929,0.006226396645054139
1.872196914818,0.006290472240661123
1.873155965718,0.006568174494507069
1.874158811687,0.006565904597208753
1.875162871688,0.0065933105712203816
1.876172657031,0.006139664617858206
1.877114060887,0.006325151751068994
1.878084678246,0.00653321690963932
1.87908818409,0.006571995072929949
1.880099005843,0.006653501236162807
1.881123891883,0.006488818109455768
1.882125004923,0.005836274413940622
1.883026650171,0.0064873986450920355
1.884029842202,0.005676595709954018
1.884908257964,0.006470725734777343
1.88591002709,0.006564396998617815
1.886926371593,0.006535448626063286
1.887938829435,0.006447048998981537
1.888938904745,0.006178848171766922
1.889898506761,0.0064747707357677205
1.890904438372,0.006447284484155798
1.891905677054,0.006461844377186877
1.892909503674,0.006430360771220951
1.893909822091,0.005884044314636849
1.89482655904,0.006429750870357201
1.895829685877,0.0057635655138271215
1.896729351245,0.005623274303921953
1.897607586192,0.006412298714761374
1.898609944021,0.0064435895453312355
1.899618303965,0.006401858838422761
1.900620658298,0.004204529817691059
1.901279475872,0.005967364077656469
1.902215707967,0.0063891153166266545
1.903220251207,0.0064405921347094434
1.904234428735,0.006006568326033615
1.905180686368,0.0055834064629221095
1.906060166619,0.006390744831104059
1.907066786597,0.0057506365150474794
1.907972974337,0.005812350061051534
1.908889650897,0.006363132067736859
1.909894185614,0.005538179523864355
1.910768819948,0.005906189906715807
1.911701671484,0.006387029628512777
1.912710306432,0.006355569898571127
1.913713761768,0.0063530109922027575
1.914716462719,0.006338240800754751
1.915716873812,0.00590344618641799
1.916649674869,0.006365216865268277
1.917656304987,0.0054837622651756806
1.918523390531,0.005335235272650049
1.919366935676,0.006270268595258066
1.92035948002,0.0062065282874604975
1.921343925944,0.006334275660138977
1.92235009858,0.006378412564046495
1.923363985486,0.0062681199283296804
1.9243609077,0.006340198927803449
1.925369858871,0.0063292405121438255
1.926377506337,0.0059179014239844775
1.927319985468,0.00556938161580188
1.928207758289,0.0062785546608809285
1.929209262342,0.006318579761809414
1.93021726904,0.006334496873202371
1.931228200867,0.006306477820368032
1.932235713891,0.006318268890314699
1.933246272771,0.0062924480795821785
1.934253451849,0.006274403927221816
1.935258332259,0.00626962373046392
1.936263028285,0.005740436751997104
1.937183455435,0.006243830330735721
1.938185482075,0.005275526395721576
1.939032643872,0.005967140948146351
1.939990388404,0.006165471976131187
1.940978490519,0.005749600104005773
1.941899449642,0.005722372325255982
1.942816470137,0.006115707712959632
1.943797061143,0.006255573936796018
1.944800844909,0.005378011906979781
1.945664652591,0.0011699446899081226
1.945852713544,0.006287544449256075
1.94686359859,0.005751146492592231
1.947788469196,0.006275088513369535
1.948798344586,0.006028312673081396
1.949769990058,0.005646583098670206
1.950680892474,0.005633531326000597
1.951589669461,0.006110139534768196
1.952576092598,0.005707644433641516
1.953497957669,0.006223189868017181
1.954502727108,0.0062308479132505545
1.955508291015,0.006270596659657634
1.956519651402,0.006243362161389562
1.957526840369,0.006204257848080364
1.95852903905,0.006214129111994497
1.959533535417,0.006250947796771411
1.960543690347,0.006212039217393413
1.961547135861,0.005991356892597109
1.962515544913,0.006182246525684637
1.963516175391,0.005601207993245068
1.964423600428,0.005770164300218052
1.965359076344,0.006176108900453671
1.966361348458,0.005998018605043714
1.967335305427,0.005495532870232798
1.968227457816,0.006162597973193962
1.969227514342,0.00616906157857482
1.970228777506,0.006096244406148697
1.971218211509,0.006080306626976197
1.972204059507,0.006035723314892825
1.973181968405,0.005856280821179385
1.974130951706,0.00585142498093956
1.975080164866,0.005638831788347244
1.975996185512,0.006043364134666869
1.976978025579,0.00620969017681975
1.977986091183,0.0061722679716023675
1.978988092037,0.006201848912205506
1.979996040636,0.006210605780087091
1.9810068371,0.006153550594059179
1.982009102674,0.006186867176048975
1.983017026246,0.005764875801504368
1.983956365254,0.006186660073002993
1.984964627207,0.005754937041414877
1.985903162231,0.006004114833385138
1.986883786464,0.006147041592441748
1.987889574017,0.0061075334244611226
1.988890117478,0.005315096627382198
1.989761476829,0.0052812489539276015
1.990628071876,0.004764292588606932
1.991410718765,0.0056546495685421945
1.992340890565,0.0005790872412979086
1.992436190949,0.006102048593272927
1.993440292687,0.006142367675717023
1.994450459031,0.006117132333897619
1.995456141084,0.004525615819668276
1.996199850947,0.006092130791121538
1.997200771677,0.005714593001580417
1.998140855347,0.005509683578084351
1.999048317863,0.006140735582573316
2.000060825925,0.005713075674586668
2.001003724036,0.005933020302669683
2.001983833354,0.005870258441804373
2.002954892231,0.0057969927338291155
2.003914576534,0.006063622466070844
2.004918385253,0.006064828646194079
2.005922181097,0.0051669893133796585
2.00677711884,0.005690732061625155
2.007718571607,0.005782993780787105
2.008676045796,0.0059620944294035
2.009665278717,0.005440225061693438
2.010569862881,0.005799767009569454
2.011535310819,0.005303638564878416
2.012418361229,0.0049774262076115044
2.01324707081,0.005764696257811782
2.014207510348,0.005082045982914255
2.015054803154,0.006032901840222398
2.016061148733,0.00593300181029797
2.017051557511,0.005991058576906152
2.0180521977,0.005704286803730848
2.019005215261,0.00601509078751509
2.020010448594,0.004792099246412497
2.020811980827,0.005826291951574981
2.021787583258,0.006019951179584636
2.022796173369,0.005996279109701671
2.023801020606,0.005984476008443868
2.024805058798,0.0059755453271560935
2.025808785341,0.0060273162142167646
2.026821883677,0.005949915183946098
2.027823088009,0.005962990658290743
2.02882835901,0.004767230499813568
2.029633129199,0.005241858550354528
2.030518259462,0.00593284874110429
2.031519497851,0.0051671223754334965
2.032391740601,0.005650930026799816
2.033347159405,0.005926457489016637
2.034351032539,0.005955043127433755
2.035362580991,0.005883017298977226
2.0363649122,0.001355776299274295
2.036596200793,0.005878854031841811
2.037599405374,0.00564459807834858
2.038563445263,0.005916056978306881
2.039574994213,0.005854637073689373
2.04057717428,0.005910844252267731
2.041589945291,0.0054117152360112185
2.042517517384,0.005860225341023376
2.043521842995,0.00558846968972022
2.04447964783,0.005914881217077616
2.045493127026,0.0058751253541287525
2.04649891785,0.0058588900610981026
2.04750144623,0.005855389033763111
2.048503668972,0.004790714066257056
2.049324493097,0.005453567606253364
2.050260551066,0.005634484329787236
2.051229956018,0.005422253496076048
2.052164667244,0.005811219517653911
2.05316793336,0.005855802609042114
2.054180705136,0.005492487092468084
2.055132119417,0.00549114677614366
2.056083634408,0.005860258184216575
2.057098345748,0.005815888812318119
2.058104440859,0.005819026114163893
2.059110879134,0.005682943308554399
2.060094407579,0.0057916739785838734
2.061097539558,0.005772788673613707
2.062098361729,0.00583070739622068
2.063110877496,0.005870801895566591
2.064131577967,0.0058150419644504
2.065142701106,0.00579548051889756
2.066150202879,0.005513619386586618
2.067108417378,0.005639642827847289
2.068088268778,0.005277508136185955
2.069005163355,0.005286942628835388
2.069923891266,0.0056968923832869545
2.070914357794,0.005751915662125124
2.071914971693,0.005763519665347898
2.072918112784,0.005764461246112074
2.073922310311,0.002518387773229383
2.074361255848,0.005580173385264781
2.075333768573,0.005771113803645041
2.076339709545,0.005740833264366302
2.077340829573,0.005362748191446056
2.078276595106,0.005783325809669374
2.079286468705,0.005766430240205638
2.080293703864,0.0053888658253222355
2.081234645275,0.0057642583946887855
2.082240900495,0.005779815546318108
2.083250719753,0.005774230423606105
2.084260933537,0.005803044286805729
2.085277805172,0.005812487455307126
2.0862976457,0.005713480074577467
2.087301551058,0.005720901893606823
2.088307613576,0.0057423955536214065
2.089317686385,0.005684170426946111
2.09031829479,0.00576389069371552
2.09133270838,0.005731529696777406
2.092340885307,0.0057217355337592975
2.093348100865,0.00568241313439814
2.094349156069,0.00575149519058419
2.095362544214,0.005717181681129549
2.096370223318,0.005678381312605417
2.097371570276,0.005694784818625977
2.098376764581,0.004019325261604596
2.099087465186,0.00506471953460629
2.099984007491,0.0057657925672666204
2.101005671045,0.0056442198362977765
2.102006276073,0.0049397572081950345
2.102882027647,0.0056984399597679695
2.103892024777,0.005532743847322912
2.104872529685,0.005025510468496307
2.105763462855,0.005346179740229664
2.106711872048,0.005746917678671554
2.107732228053,0.0056505479323206605
2.108736185733,0.005675781506006564
2.109745089831,0.0056561145367994515
2.110752009786,0.005651308287095336
2.111760659621,0.005676798517275209
2.112775900981,0.005627522991158654
2.113783568215,0.005606198682215687
2.114788240639,0.005178482120136526
2.11571620639,0.005056778096414168
2.116621968871,0.005610776239716604
2.117627074611,0.005592430087828105
2.118629436722,0.005579596029259764
2.119629966007,0.0031092646411398383
2.120187786084,0.005577208249630166
2.121188329136,0.0056022980499283006
2.122193546089,0.005583641260191841
2.123196102545,0.005572597617095555
2.124197406402,0.00556175912544545
2.125197592404,0.005558698827867777
2.126198070528,0.005343103897214135
2.127160633017,0.005593566736735304
2.128169723177,0.005549850225308135
2.129172145708,0.005551044714933698
2.130175712793,0.005179666066400504
2.131113302717,0.005533973886224047
2.132116439847,0.00552197249687312
2.133119291007,0.0053318507752866335
2.134089223971,0.00550349456490562
2.135090445781,0.00551320670068872
2.136092671749,0.005463673024654902
2.137085507987,0.005227515744350956
2.13803479555,0.005274020805262702
2.138991641634,0.005435907450100382
2.139977642003,0.005532757211353246
2.140981851504,0.005511276410378276
2.141982972319,0.00553246784330468
2.142988320847,0.004500615981673363
2.143806403994,0.005557022763992612
2.144817670923,0.005542967337588217
2.145827997942,0.005551442100749756
2.146840789246,0.005485653459130898
2.147841363697,0.00537654489006181
2.148821093141,0.005493156995432119
2.149821715579,0.005141504042429808
2.150759418898,0.005566392879285332
2.151776344366,0.0055127576044931535
2.152784861814,0.004700708847509422
2.153645661015,0.005356457762236313
2.154626487806,0.0054857595805527
2.155630092205,0.005487757795669972
2.156633488863,0.005519641120232657
2.157643516756,0.005495337579786949
2.158649849588,0.005480052352838775
2.159654032899,0.005476810577290507
2.160658943506,0.0054651185964006265
2.161663069845,0.005391141911708083
2.162655423356,0.005251493620841487
2.163624009568,0.005439886029063678
2.164627754321,0.005427206982202631
2.165629439032,0.005008692982226077
2.166555245906,0.0010668645571934687
2.166752543287,0.005372562280145085
2.167746659832,0.005431314370928145
2.168751760608,0.005450032416777344
2.169760893553,0.005397356760929806
2.170761394087,0.0054011509703631375
2.171763994348,0.0054149970276601775
2.172769916182,0.005420596720428017
2.173776971474,0.005398676971228372
2.174780185526,0.0054659693275309566
2.175796436269,0.005461517577392702
2.176812800192,0.005367129089725918
2.177813073608,0.00500074989287428
2.17874664474,0.005096056846611857
2.179699294164,0.0051058542513217715
2.180654797389,0.005399225194250231
2.181666261532,0.005369537608937981
2.182672793903,0.005340290017723544
2.183673757971,0.005354235855285712
2.184677349848,0.005361461775561104
2.185682522257,0.004784021358503926
2.186579457281,0.003714147250511189
2.187275873056,0.005339776341629125
2.188277523958,0.005375248084101974
2.189286811689,0.005365953653260862
2.19029606039,0.00538019974783885
2.191310141575,0.005375821700293788
2.192325382068,0.0053090580005363645
2.193329102912,0.004982533087593303
2.194271132232,0.005326222730907288
2.195278087334,0.005314744972533999
2.196283362215,0.005309277175429783
2.197288763182,0.005275920039067919
2.198290056026,0.004740013984326632
2.199191645509,0.005246650037575193
2.200190661456,0.0052938935351919325
2.201199193785,0.005275097586386859
2.20220462129,0.005274475100845846
2.203210124385,0.005258271655658323
2.204212743455,0.005018558639090289
2.205170716948,0.005264510483593861
2.206177399907,0.0051194161724553025
2.207157993626,0.005265296452557985
2.208167032905,0.005299605206264499
2.209182282009,0.005259875960537128
2.210190092019,0.005225170932291222
2.211191626771,0.005054655579276774
2.212161266251,0.005218296313983809
2.213163634765,0.0016810956586407098
2.213486719765,0.005236478790126236
2.214493933823,0.0052308029691238
2.215501098781,0.00519079832299051
2.216501328758,0.005229772016932156
2.217509177273,0.005189516765086342
2.21851000904,0.005219900094124866
2.219518140771,0.0052099401533842425
2.220523458302,0.0050029138569884415
2.221488588688,0.005192901095639494
2.222491194834,0.005176748048506211
2.223491337426,0.00521193846449019
2.224498996635,0.005220062973909013
2.225508839683,0.0051998002494197445
2.226515050261,0.005184161582455772
2.227519281369,0.0049850104592849415
2.228486687306,0.00487604745583688
2.229434862641,0.005147284740234204
2.230437830853,0.005024661683394188
2.23141776055,0.004969488297107971
2.232386526886,0.005218309995283462
2.233403396766,0.005184819588998982
2.234413142362,0.005160435190370899
2.235417671898,0.005195430983356
2.236428069389,0.005155824369642218
2.237429862559,0.005171751057801474
2.238434761901,0.00515700399873523
2.239436623491,0.005181414717435636
2.240443613779,0.005154389814347474
2.241446358845,0.005231890577544616
2.242465706131,0.005151515582716422
2.243471034395,0.005151149104570493
2.244477810564,0.005124985262806083
2.245480976492,0.00515565879393929
2.246491444297,0.005087645042904146
2.247490171482,0.004763450336983148
2.248426832467,0.004778353048207182
2.249367848871,0.005072302102209913
2.250368001129,0.004899454894324614
2.251335113742,0.004956638609215953
2.252315441598,0.005056971457583114
2.253318708002,0.005080877729389354
2.254329343891,0.005030051561110286
2.255331497286,0.004675710089659009
2.256264269571,0.004673352516301353
2.257197509203,0.005082986387353206
2.258213629275,0.005042891545231101
2.259223506589,0.002793774110761475
2.259783672759,0.004839893183136013
2.260754993573,0.005023058926493915
2.261764185173,0.00500666233848361
2.262771291334,0.005039153322988972
2.263785828575,0.005040525177535534
2.264801213597,0.005004347341384988
2.265810660088,0.004760454251550577
2.266772778602,0.004963339243500854
2.267777468,0.004978685682452166
2.268785750157,0.004953096499651899
2.269789274549,0.00495367242816089
2.270793373998,0.0049812268158106075
2.271804267494,0.004931972062276678
2.272806943536,0.004959645310866944
2.273817030489,0.0049557975563577494
2.27482724841,0.004940906032876509
2.275834859306,0.004934456685561925
2.276841154117,0.004972451626387111
2.277854706557,0.004938474116724247
2.278862070383,0.004940740575985007
2.279870852695,0.004934400308024797
2.280878727572,0.004901122686143668
2.281879674197,0.0049793223011799885
2.282896363334,0.004941925757934097
2.283905556759,0.004905691752617512
2.284907957893,0.0049434138362553625
2.285918881685,0.004906816540957185
2.286923114572,0.004891452759330637
2.287924475264,0.00491060514568
2.288930205693,0.004938615181208063
2.28994149314,0.004840809284980976
2.290932820176,0.004899161816037679
2.291936827649,0.004773323259275319
2.29291526292,0.004925839013246034
2.293924460887,0.004924572025156199
2.294933170229,0.0048940361158448555
2.295935988406,0.004894176524013742
2.296939160162,0.004893021572364353
2.297941862554,0.004887080239061467
2.298942967003,0.004917475889668969
2.299950946305,0.004895775502592103
2.300955984931,0.0008478944098404128
2.301130157288,0.004841209585901549
2.302124757077,0.004943592179079442
2.303140497436,0.00487004944403327
2.304140783144,0.004904092530381791
2.305147935566,0.004927958980157842
2.306160373701,0.004876144208047807
2.307162570499,0.004899903639164191
2.308169542106,0.0049151084773912945
2.309180021771,0.004893352844927824
2.310186970613,0.004861444940433201
2.311188245451,0.004856804214949364
2.312189114018,0.00490720826187756
2.313200725023,0.00491345065231457
2.314213902556,0.004885572933841327
2.315221651001,0.004909196709699976
2.316234907331,0.004661787768518183
2.317197831446,0.004873246041716331
2.318204856495,0.004865059441749087
2.319210033905,0.004566078845312211
2.320153406163,0.004842043797424088
2.321153990654,0.004862590897679802
2.322158712891,0.004845487223540921
2.323159955773,0.004875513124441743
2.324167815621,0.004911048694382941
2.325182999005,0.00486560741379923
2.326188717584,0.004868178378887403
2.327195803268,0.004849760040392507
2.32820054954,0.004823294314844303
2.329201015562,0.00485891010870108
2.330209760889,0.004472144455164532
2.331139238655,0.004814475349628601
2.332141351875,0.004909023700338763
2.333164172495,0.004816734852017985
2.334169103557,0.00456846194329478
2.335123857261,0.0047985546134058366
2.336127817685,0.004840442640023626
2.337141305085,0.0048085968516526165
2.338148171626,0.004306945011316592
2.339049611469,0.004775706034639074
2.340049831082,0.004766084701067962
2.341049953371,0.004786703630991565
2.342056008392,0.004769599332972215
2.343059832167,0.004777424040646879
2.344066637066,0.004792354135247472
2.345077394675,0.004587910995335643
2.346045581968,0.004887301917868952
2.347077336103,0.0047933413214801355
2.348089777687,0.004750866149342529
2.349093859466,0.004785012744778456
2.350105550564,0.004741232600558086
2.351108314988,0.004783684980285577
2.352119926523,0.0047659061884070065
2.353128033607,0.004769622587422601
2.354137938104,0.00473553208817667
2.355141127137,0.004746362681738253
2.356147118606,0.00473824538889293
2.357152204679,0.00467300919827905
2.358144589998,0.004734198167193638
2.359151518,0.004731361623452896
2.360158984851,0.0047097654668248915
2.361162633991,0.004694653018872619
2.362164283841,0.0042402410348203095
2.3630702068,0.004715048051361571
2.364078401725,0.0047258470376057
2.365090077508,0.004694495963874663
2.36609710975,0.004690619890654639
2.367105337105,0.0047411418591468595
2.368125905281,0.004506374905994971
2.369096843969,0.00465457828264731
2.3701008229,0.0046614091807230616
2.371107726586,0.004680765383404142
2.372120122287,0.0046616482144094425
2.37312990592,0.004656941152339015
2.374139672916,0.004678911049235375
2.375154187199,0.004634957177635567
2.376159902808,0.004630246912399581
2.377166531516,0.004170309040043244
2.378075235333,0.004585558892936435
2.379076989545,0.004611651646094995
2.38008630592,0.004572793243014269
2.381088113541,0.004576231126591345
2.382091483048,0.004570500126112104
2.383094960286,0.004600268388391613
2.384106000704,0.0045952362951557375
2.385116478477,0.004602274223123469
2.386128428561,0.004579427652683056
2.387134921403,0.004605615063169855
2.388147597757,0.004571134255330185
2.389153696602,0.004568671626818101
2.390160829189,0.004575715707089545
2.391171768213,0.004558347415779522
2.392180541454,0.004521161598896477
2.39318227468,0.00451282303533437
2.394183264054,0.003303162530449497
2.394916883334,0.0045182992359215045
2.395921762868,0.00450492681322737
2.396925298597,0.004500763611647547
2.397929631545,0.004472973362552618
2.398930132395,0.004497584662863404
2.399938778492,0.004498217334172104
2.400950136979,0.00445938097240785
2.401954818833,0.004488548872448877
2.402966660043,0.004482950275661846
2.403976502392,0.0044580802529284765
2.40497979381,0.0044934434055410154
2.405990794023,0.004459987675345481
2.406994998238,0.00445728013654191
2.407999923052,0.004442680042027719
2.409002350329,0.004444699102366719
2.410005055066,0.004490856327938591
2.411018297417,0.004428705539390913
2.412018733128,0.004447051565132108
2.413025924202,0.00444812223911648
2.414036127952,0.004426377429971373
2.415042855815,0.004393259777989364
2.416042867398,0.0044125861251818445
2.417048908391,0.00439842756637422
2.418053725078,0.00439160220853204
2.419058343758,0.004410922489871488
2.420068123143,0.0043971135826452205
2.42107502334,0.0042430276527711
2.422046911984,0.004424417286365434
2.423061059773,0.004406400610553032
2.424071836477,0.0031042703698611904
2.424784390668,0.0031285701754057782
2.425503516929,0.0033930869672005063
2.426284498605,0.0043769874004604935
2.427293039574,0.004393888423754939
2.428306424503,0.00390660182111398
2.429207828642,0.003729833379187458
2.430068900878,0.003907023094143147
2.430971970274,0.003957108640088001
2.431888184975,0.003626272078077833
2.432728862017,0.004131166975304337
2.433687143643,0.0038247775173073616
2.434574269219,0.004051572192210426
2.435513924754,0.003802327144229491
2.436396766214,0.003794545147893922
2.437278886983,0.0036024442618572934
2.438117409981,0.003901651064055694
2.439026577972,0.004272551972027754
2.440023074168,0.003807870277254946
2.440911810641,0.004322818721632559
2.441921511651,0.004068732979373135
2.442872693435,0.003619084433303491
2.443719636979,0.0036403558582366992
2.444572243899,0.0035181027755280024
2.445396354856,0.004270192909267161
2.446396757122,0.004125913203496221
2.447363556949,0.0036542915697287907
2.448220020949,0.004138352202347513
2.449190382419,0.0034510927373899002
2.450000226196,0.0037442377621420505
2.450879462172,0.0037585491197113753
2.451762417729,0.003525992485637057
2.4525912742,0.00327826439272918
2.453363078546,0.0036902271808881993
2.454232941908,0.003349655571576841
2.455023664329,0.0034771893968264175
2.455845141047,0.0041840047689893824
2.456833700046,0.0037872908225994916
2.457727839739,0.0035837684893457056
2.458573549453,0.0033872079614087973
2.459372993094,0.004152343621502635
2.460353671402,0.0035965432744827024
2.461203441226,0.0035423859159375653
2.462040439402,0.0018379397303214932
2.46247451137,0.0034657645500163993
2.463293260315,0.003551774502476612
2.464132969157,0.003958018968005061
2.465070266803,0.0035838792058311194
2.465920167427,0.0036441358921457502
2.466785250483,0.00365868317178896
2.467654608392,0.00348105735318655
2.468482384168,0.0034753668288137183
2.469308870276,0.0035145038125603866
2.470144817391,0.0037592058657671523
2.471039730443,0.0037869498053901642
2.471942918051,0.0038983357659418743
2.472875018793,0.003515034761742344
2.473717401141,0.0030680979557143303
2.474453872657,0.003568944349921518
2.475312063867,0.004142811873728918
2.476309701405,0.0033701365423446372
2.477121730458,0.003478380861398658
2.477959909989,0.004163622263753419
2.478963011262,0.003166242241457406
2.479725335013,0.0036271801891605343
2.480598073938,0.004172839987932756
2.481602144215,0.003413502792600485
2.482423779689,0.0031016596822371757
2.483170608394,0.0036344554090193236
2.484046078668,0.003993261410497924
2.485008322525,0.0032537163677321236
2.485792336833,0.003248972071654906
2.48657496486,0.0030590359908426647
2.487311396638,0.0035370573282366043
2.488162699765,0.003841507304931294
2.489087850746,0.0035975201490484254
2.489955657372,0.0037123435353079055
2.490852586657,0.0035762302318422846
2.491717422425,0.0037360764753877804
2.492621727117,0.003469693029017609
2.49346253574,0.0034792645474753035
2.494306221243,0.0026227623621752232
2.494942335707,0.003895055097440643
2.495886288953,0.0036993291825660104
2.496782426929,0.003488613114193588
2.497627846208,0.0040807472818918545
2.498617413213,0.004008194726054286
2.499590150293,0.0034580409155882522
2.500429650686,0.0032560070984345157
2.501220045612,0.003890392631608561
2.502164389028,0.003872332880550346
2.503104743312,0.003595357861514704
2.503978499662,0.0037590331045121396
2.504892766822,0.0036083045143782888
2.505770455873,0.0030949850706029204
2.506523707607,0.003130409845257511
2.507286302023,0.0034932767281808602
2.508138498676,0.003746459501568882
2.509054165654,0.0034789751336917847
2.509905682066,0.0034577003759146264
2.510753324283,0.003413410819687185
2.511591293728,0.0031307477089329095
2.512360618506,0.004116748277496381
2.513373215955,0.004066643895102335
2.514374456608,0.0032606160186669482
2.515177805626,0.0035618310357077576
2.516055906255,0.0038664425525303213
2.517009506874,0.0034185155669274555
2.517852688579,0.0037559498720926964
2.51877935189,0.0033003302052408176
2.519593611619,0.0032140295920065594
2.520386669132,0.0034718688179809247
2.521243704236,0.0032049667737791025
2.522035437832,0.003336890237926418
2.522860669744,0.0038204753524112194
2.523806457534,0.0037802973402929043
2.524742807587,0.0032573938029927334
2.525549954157,0.003349218160738545
2.526379948133,0.003015980790913483
2.527127437387,0.0034086228144088633
2.527972616861,0.0033641018583150857
2.528807668733,0.0032442923146210755
2.529613153751,0.0035437198124309652
2.530493186724,0.0030095392571215514
2.531240730202,0.0034299437413241357
2.532092924266,0.0029123398967201434
2.532816840969,0.0030908029796974006
2.533585289557,0.003768519674230615
2.534522113451,0.003547636338191879
2.535404021394,0.003502869637941371
2.536275160649,0.0035088919924042023
2.537148764713,0.0035037604133793233
2.538022682368,0.0034152537282406536
2.538876132247,0.003380670123456557
2.539722110071,0.003619022446162315
2.540627767187,0.003261804729559871
2.541443851619,0.0032308271552994442
2.54225229241,0.0033877386638135427
2.543100406171,0.003409074729570395
2.543954274467,0.0031080754520137906
2.544733565262,0.00325737316694962
2.545550752325,0.004007223058840418
2.546556224823,0.003837087133537836
2.547518399275,0.003402379006151598
2.548371057668,0.003445200197414834
2.549235148693,0.003593908052866427
2.550138224531,0.003816504622665702
2.551099307437,0.0036475647256370906
2.552019286953,0.0034268296831642085
2.552884343305,0.003247400350248059
2.553704877599,0.0035511307245851033
2.554603137947,0.0032267485424737202
2.555419592824,0.0034869842618874465
2.556301906748,0.003303337403577693
2.557137572923,0.003434801011995797
2.558006196062,0.0034183432530916448
2.558870499932,0.002366085819612192
2.559469379654,0.0034202894536455586
2.560335981554,0.003182860821575691
2.561143243281,0.0035460659276385772
2.562042922564,0.0033852985549289415
2.562901495256,0.0034033552807083032
2.56376451711,0.0029476917783675524
2.564512347214,0.0030144155380146527
2.565277571996,0.0033006827257228213
2.56611603542,0.0030621172344467832
2.566894305014,0.00317806137599761
2.567702024111,0.0032637157118911896
2.568531573862,0.0029727864669898997
2.569287338474,0.0034967095255314306
2.570176513991,0.0035879983516745057
2.571089332099,0.003677914497424617
2.572025647204,0.003701173500064942
2.572968374995,0.0032212897148165233
2.573789442078,0.0032486967919729765
2.574617866235,0.0031176431210252434
2.575413002404,0.0037577835654840006
2.576371535593,0.003916490322039583
2.577370785394,0.003450777129291472
2.578251584657,0.003531992733430695
2.579153631227,0.0034229338945797423
2.58002820873,0.003561467822939892
2.580938192402,0.0039368664881476055
2.581944732081,0.0038380215779107558
2.582927026412,0.0034021818946118132
2.583798174815,0.0030308094990702007
2.584574016345,0.0035056870705102343
2.585471561259,0.003175811497443736
2.586285232487,0.0028720976954737677
2.587021871961,0.0033438811181912614
2.587881276905,0.0035431563445562737
2.588793774636,0.0033938233037808557
2.58966824467,0.0033886963988778323
2.590541597712,0.003455817759752543
2.591432500731,0.0032838750386758155
2.592279340521,0.0029797315662836344
2.59304790642,0.0033079738898559525
2.593901056529,0.0022332281545363888
2.594477192874,0.003881988995231222
2.595479166554,0.003478686218443551
2.596377598382,0.0036061804039392445
2.597309551182,0.003888458501459637
2.598315308634,0.0036276022539611374
2.599254106881,0.003091807787814469
2.600054514879,0.0033109123294148774
2.600912153582,0.003118615595420183
2.601720954741,0.003342306105818025
2.602588501359,0.002976841873272536
2.603361723409,0.0036463032110915098
2.604309628447,0.003229409843677154
2.605149827808,0.003166679765931114
2.605973922223,0.00328976188954266
2.606830310745,0.0037661744639807065
2.607811166695,0.0038945771744737824
2.608825648201,0.003744919223474033
2.609801748695,0.003172716196162306
2.610629464162,0.003223470123710043
2.61147139536,0.003446017919653905
2.612372460774,0.0035378057123344607
2.613298309805,0.0034901410560061468
2.614212005319,0.0033963449152686264
2.615101247388,0.0035614534606300324
2.616034334806,0.0037631620002871406
2.617021369298,0.0035356797119393277
2.617949271321,0.0033358646346022974
2.618824730357,0.002932525669605871
2.619594381221,0.003439913779709853
2.62049717303,0.003493421709577014
2.621414737325,0.0037060077574080797
2.622389245038,0.0037144478683688253
2.623367028869,0.0033064655104939346
2.624238273813,0.0031248362766476846
2.625062412393,0.0032762849197472323
2.625927291721,0.0031694977793432547
2.626764630009,0.0033449099606509243
2.627648570132,0.003473434560629502
2.628567399637,0.0035685028850596886
2.629512530758,0.0027876869911407564
2.63025172845,0.0033670783983627967
2.631145143218,0.0035627495355312596
2.632090576318,0.003264549473665558
2.63295705964,0.003369761922676091
2.633852332508,0.0030795510210109025
2.634671663701,0.003617266802206502
2.635635422778,0.003163939266244772
2.636479261745,0.0036986948777315105
2.637466596215,0.0037654539756638026
2.638472638867,0.003640160669781355
2.639446272595,0.0031695722000051212
2.640294715418,0.0030906751237638787
2.641122088906,0.0030179307911109773
2.641929944613,0.0035198913632758845
2.642872076339,0.003200955802323405
2.643728797289,0.0031459449227584156
2.644571028,0.0031265077825982104
2.645409082494,0.003572567032358095
2.646367556976,0.0033714751389412687
2.647272472283,0.003293389527682177
2.648156709672,0.0034497614294930895
2.649083534281,0.0035222112286159126
2.65003070152,0.0036255331237908224
2.651006611178,0.0031181195137779923
2.651846683256,0.003391105661670787
2.652760957713,0.0034909867645826044
2.653703239153,0.0033250410262822094
2.654602162928,0.003379627500901612
2.655517062225,0.0030700472865502633
2.656348444391,0.003228020682176505
2.657222429678,0.0035960911889570254
2.658196346179,0.003335614211390787
2.659100512917,0.003368036863485661
2.660014308052,0.0034127647677907047
2.660941104948,0.0037033788917655336
2.661948241026,0.0033148589318327606
2.662850983419,0.0029542688734939732
2.663656390307,0.0026173685022765694
2.664370842251,0.003182767581412582
2.665240474776,0.0034515965187476754
2.666184536656,0.0031352664578902286
2.667043026312,0.0032158166105002812
2.667924782581,0.003366312901303199
2.668849360896,0.002968286585496984
2.669665579444,0.003049742605954554
2.670505219716,0.0031648460540656684
2.671377014623,0.003270917869737661
2.672278504248,0.0033637554319199256
2.673206630237,0.003321770279642853
2.674124250438,0.003621533168957825
2.675125101301,0.003062077878840173
2.675971276883,0.0031930825527081864
2.676853845823,0.0033660654601356055
2.677784962626,0.003152061897969176
2.678657416944,0.003169848160411674
2.679535279202,0.003212445385373403
2.680425414776,0.003182048247078107
2.681307741366,0.0035558841679640503
2.682295376409,0.003270045631386679
2.683204959181,0.00317108998894577
2.684087526378,0.003595567698721341
2.685088978776,0.00313542267446663
2.685964112523,0.0031486559437340503
2.686844937495,0.0033074138144257013
2.687771994359,0.0034464448886429877
2.688739578761,0.0035360786155912054
2.689733806632,0.0034469568197520745
2.690703999451,0.003077605866268753
2.691570680665,0.0032762282365482003
2.692493863359,0.0035531049516963056
2.693496112928,0.0035499556190315253
2.69449899133,0.003265373378015365
2.695423220233,0.0030596546232610575
2.696290932714,0.0023385824071605783
2.696955217902,0.002942962396624095
2.697792166705,0.0029519116654269963
2.698632294474,0.0029361482104959093
2.699468404938,0.003075816722681368
2.700344841055,0.003294488280766839
2.701284458691,0.0031988412955735613
2.702197763224,0.0032808666000630005
2.703135306161,0.003317686824623988
2.704084003119,0.003380527751503523
2.705051387396,0.0029603203823467972
2.705899810653,0.0034579554456986503
2.706892828506,0.0029405106293969602
2.707737314854,0.002909681292050584
2.708572372686,0.0029073710980162663
2.70940710501,0.00304783974188665
2.710283202051,0.003222506533118231
2.711211187158,0.003470988022106848
2.712212558677,0.0032516618269871336
2.713151757667,0.003432129287467023
2.714144362664,0.003469279833580045
2.715149717289,0.0031739244710537813
2.716071324745,0.0031859764198899645
2.71699823983,0.003030805145857999
2.717881635863,0.003194036348043248
2.71881348959,0.0031117251468446554
2.719721312427,0.0034493686029371078
2.72072700204,0.0034496356542097284
2.721732797671,0.003266109648743647
2.72268590417,0.003468950304604537
2.723698759546,0.003347306395890772
2.7246769054,0.002991496397401116
2.725552251594,0.002910495296843147
2.726405847167,0.0029294200770508
2.727267290755,0.0031177413435411563
2.728185811031,0.0031710434353946727
2.729120952169,0.002986028218361825
2.730002031613,0.0029417965053076048
2.730870124254,0.0034087730728780134
2.731875922848,0.0034152931944501984
2.732884186256,0.003013574776394642
2.733775012575,0.0007714654051522074
2.734003287869,0.0032056974916382327
2.734953017146,0.003242417664185253
2.735915184489,0.002971204422522046
2.736798075362,0.003110966711492703
2.73772360558,0.0032759245280037435
2.738699316612,0.0031232656810583426
2.739631121149,0.0023957657681056704
2.740346738312,0.0028942469465837815
2.741212130515,0.003115671270420659
2.742144203389,0.002957474398994569
2.743029240831,0.0031650602100890667
2.743976783591,0.003126645943666786
2.744912808504,0.0032792662859637534
2.745894881015,0.003343083919825682
2.746897266438,0.003249777600870617
2.747873233491,0.0029489428675047195
2.748759897992,0.00299039361296502
2.749660286556,0.0032723115237594143
2.750646878659,0.003335902733923125
2.751653503322,0.0030189739673930696
2.752565705708,0.0033154755511147654
2.753568995056,0.003026797483222686
2.754486007074,0.003197674156157769
2.755455576691,0.0028987554619252912
2.756334829834,0.0033029444041834076
2.757336500699,0.0027992636474660692
2.758185293642,0.0028736397352355676
2.759057086753,0.0029933446830851017
2.759966276558,0.0028685828559134913
2.760838344071,0.003180869552053444
2.761806110989,0.0032890401007884436
2.762807577658,0.003238393714497723
2.763794029178,0.003217717971399735
2.764774581943,0.0032539948000069718
2.765767080727,0.0030345264296561545
2.766694009365,0.0031778805167187556
2.767666161121,0.0030577868982206114
2.768602903452,0.003167479628695801
2.769574174085,0.0031433332722080034
2.770538275758,0.00326769668191819
2.771540670804,0.003194132052162108
2.772521190051,0.002946023530749754
2.773426424803,0.0032627483339476874
2.774429940065,0.0032945419727639326
2.775444290532,0.0008690598825968022
2.775712004077,0.003144160041597225
2.776681698766,0.002609674088976942
2.777487550594,0.002879407775832966
2.778377439425,0.0030187060655749998
2.779311149485,0.003219760815068701
2.780308038398,0.0029164955891671273
2.781212400314,0.0029484200899543025
2.782127996334,0.0027133771196536987
2.78297218517,0.0032051420505870305
2.783971314451,0.0031353344856385433
2.784950675443,0.003136295159597225
2.785932746083,0.002562983380447719
2.786736912634,0.0030854838999872006
2.787706266717,0.002872891932227001
2.788609428678,0.003191875434582515
2.789613538379,0.0031819550059772406
2.790615423747,0.003222695472745947
2.791630501198,0.003198922619868028
2.792638318836,0.003179929509044361
2.793641341528,0.0025686837819253556
2.794452833175,0.0025444290057457302
2.795257558402,0.002812604355247713
2.796148056929,0.0029380418769310492
2.797079741519,0.0028032951480712054
2.797969613491,0.0030777690798726165
2.798946131738,0.00292573802105059
2.799874209713,0.0030257040497404203
2.800834613101,0.002716128357309079
2.801697552876,0.00308752971000465
2.802679482896,0.00315762216245945
2.803684970119,0.002836305374760077
2.804589516855,0.0029480470172625617
2.805530758748,0.002897118473150002
2.806455704597,0.0031314801479220937
2.807455949741,0.0031414975812746695
2.808461371904,0.0027382432123368335
2.809339372341,0.0027032862826448668
2.810207058729,0.002677702462088097
2.811067204902,0.0027082702022135675
2.811937775715,0.0029188136043569023
2.812876801036,0.0028192720522820635
2.813784342565,0.002865974145568365
2.814706871415,0.0026519680979086944
2.815560319812,0.002991231880163248
2.816522736157,0.00010109091304500176
2.816555271297,0.0031313403655876073
2.817563655747,0.003101550734331879
2.818563776418,0.003094231844910719
2.819562473156,0.003110249271418333
2.820567778408,0.0025539193986089843
2.821394238045,0.002783677024230719
2.822296094733,0.0028822937054337407
2.823231516407,0.0028850405888460606
2.82416880411,0.003051095559746645
2.825160725452,0.0028485212746151246
2.826088063019,0.0027515213825586807
2.826984942601,0.0023415068400314716
2.82774866159,0.0025447342802514842
2.828578805597,0.003026073259088158
2.82956609519,0.0027641212133379268
2.83046763657,0.0027915748190879995
2.831378300686,0.003068499069916253
2.832379802,0.002864215039557625
2.833315395635,0.003075183541558303
2.834320951384,0.0030588238022920215
2.835321265305,0.0026166736901730866
2.836177448027,0.0028959796072790785
2.837126927886,0.0029386929522004918
2.838092195262,0.0027364929750329815
2.838992725181,0.0028636292726962305
2.839937168179,0.0024609470525098877
2.84074999895,0.0029011130089079216
2.841709005779,0.003031122287712416
2.842711011846,0.002828842976061144
2.843645676601,0.002927288968912413
2.844612749962,0.003052606125484868
2.845622451611,0.003040647787664315
2.846629427676,0.003005192834231091
2.847625526301,0.0026241694430272355
2.848495801412,0.0025648624261847973
2.849346837763,0.0030228653982031393
2.850350242527,0.0030357278596168675
2.851358417187,0.0029650566779223565
2.852344976116,0.002967547482549299
2.853334306477,0.002817959538864352
2.854274070087,0.0028815344963890573
2.85523526825,0.0028759225198461275
2.85619466033,0.002423569998717146
2.857002679803,0.0017804705555821438
2.857596143317,0.002987638388255602
2.858592148727,0.003004134388140802
2.859594318346,0.0030226903450110334
2.860604056323,0.0026531595815455777
2.86149126982,0.002746126966339764
2.862409122649,0.002903664340186503
2.863378389903,0.002734291090701279
2.86429011799,0.002844667699866822
2.865238948006,0.002883481513318226
2.866202069111,0.002994317796672851
2.867203081286,0.0030145637781570332
2.868211946,0.002996778530633908
2.869216873867,0.0029911882218603423
2.870223359356,0.002978213448803471
2.871228824682,0.0029513689247643443
2.872227380594,0.0029599925749299195
2.873230426538,0.002946845423862325
2.874231129915,0.0025476708098403425
2.875097640825,0.0029445618333761737
2.876099968158,0.002728083964666103
2.877028960821,0.002937815969963375
2.878029813584,0.00294376897990455
2.879032805315,0.0026057432358986077
2.879920810098,0.0028774327907740947
2.880902510844,0.0029420360982212942
2.881907429348,0.002688377677037346
2.882826970637,0.0027183375026368552
2.883758281848,0.0027640077393236155
2.884707021139,0.0026285289979395467
2.885610891312,0.002756513923382361
2.886560138864,0.0027753772918459314
2.88751632335,0.002635170930456247
2.888424247871,0.0027237456260211118
2.889362939181,0.002929858998318541
2.890372868279,0.002910583056949254
2.891376572277,0.002655006540551831
2.89229294803,0.0029024363063453002
2.893295568496,0.0029017074356155236
2.89429873003,0.002758076461341754
2.895252782589,0.00290510008803544
2.896258624,0.002926640187730045
2.897273028061,0.0013761362627368872
2.897750327355,0.002889611696008037
2.898753126755,0.0026906743900915985
2.899687684925,0.002682652112168512
2.900620583917,0.0029102338320375707
2.901634080574,0.002503336534956782
2.902506706834,0.0023180577423794844
2.903314913983,0.0025836754314937545
2.904215842073,0.0028362814331777636
2.905205529866,0.002829359647131868
2.906193696412,0.002515559053518456
2.907073139762,0.0028714153201778196
2.908077784466,0.002677208427876625
2.909015043975,0.002613664374298906
2.909931075637,0.002806108792669538
2.910915905284,0.00254173243969925
2.911808780822,0.002477090959127943
2.912679124493,0.0027523857074695877
2.913646196771,0.0026209168929166205
2.914567075935,0.002614063797933529
2.915485672853,0.0027568640489779176
2.916454926659,0.0028583039898363656
2.91746062066,0.0028656859630046007
2.918469467945,0.0028468054417770763
2.919471550098,0.002838548619785104
2.920470384873,0.00285917353828138
2.921476879962,0.002852754879481445
2.922482463549,0.0025773034622525864
2.923392556629,0.002846056303701147
2.924398599504,0.002830096704577658
2.925400161087,0.002634549265839546
2.92633382761,0.002309122068155736
2.927152713716,0.002698458667768385
2.92810968705,0.0026610801479285315
2.929053427747,0.0022671029962076155
2.929857849915,0.00230656879375837
2.930676987599,0.002830860385024926
2.931683388059,0.002430856377629669
2.932548787634,0.0027086595811546483
2.933513912555,0.0025899737544575327
2.934437337431,0.0027283265624174708
2.935410555199,0.0027141260180823775
2.936379175194,0.001492316055140983
2.93691190644,0.002658939247995541
2.937861435664,0.002834611464775155
2.938874078742,0.0027171828405257274
2.939844680748,0.0026612833279006792
2.940795423736,0.0025903262859854775
2.941721506218,0.002413229873252546
2.942584940401,0.00265093539915818
2.943534668932,0.002829321522427436
2.944549619347,0.0025960504435994626
2.94548131417,0.0027926321700656193
2.946483482034,0.002641133203652284
2.94743123569,0.002755760677521684
2.948420204878,0.002807446924191213
2.949428142849,0.0028116363216434
2.950438568087,0.0027956497085365795
2.951444168899,0.0027916327323152246
2.952449000139,0.002808736582940913
2.953461004897,0.0027738782465286447
2.954461812529,0.0027767538873357464
2.955465147598,0.0027219788161175667
2.956449962551,0.002563682397260209
2.957378314628,0.0025913353424651597
2.958317185961,0.0028138961333618903
2.95933725622,0.00276269506682918
2.960339516635,0.0027506132102249926
2.961338330381,0.0027602633329968326
2.962341551178,0.0023370264388550867
2.963191605725,0.0024885291548291883
2.96409811097,0.002482297681919261
2.965003142503,0.0023448960763517283
2.96585834186,0.002460690897854502
2.966755979078,0.0027703751300095
2.967766932956,0.002749819432862184
2.968771008053,0.0027592200641351847
2.969779076998,0.0027403895597747337
2.970780799138,0.0027508367692896086
2.971787237684,0.002616973317497481
2.972745656221,0.0027156974115517653
2.973741365262,0.0027350906622585942
2.974745305337,0.002545056547793266
2.975680239352,0.0027320932531409007
2.976684763148,0.00263582834448909
2.977654910843,0.0027232995493859154
2.978658339765,0.0027192972791542486
2.979661299872,0.002554505388337962
2.980603964925,0.0026849919569099457
2.981595235459,0.002712723210585632
2.982597425474,0.0027174319580205095
2.983601900123,0.0027104666403431374
2.984604476519,0.0025551126150644343
2.985551018422,0.0024705905161855578
2.986468232345,0.0026970339855960732
2.987471210679,0.002707879256465595
2.988479071977,0.0027018540135729913
2.989485523823,0.002712785016427554
2.990496835777,0.002617613358353631
2.991473545408,0.0025807313783343107
2.992437601777,0.002474245100298544
2.99336307022,0.002616230373273333
2.994343344147,0.002547579254841058
2.995299175847,0.002614641869779953
2.996280981603,0.002689688065003734
2.997291980008,0.0025414518603874368
2.998248047085,0.0026655639011818836
2.999251281155,0.002657717094438967
3.000252014465,0.0026731499098680616
3.001259392859,0.0026684553758245942
3.002266604681,0.0026676433117489044
3.003275246238,0.0026523916480070877
3.004279112813,0.0025138901783211386
3.005231378235,0.002607677473142029
3.006220652839,0.0026330872009582085
3.007221165296,0.0026481839543485847
3.00822825612,0.002410513227139929
3.009145276238,0.0023858869037954623
3.010053737078,0.0023064873970450503
3.010933574627,0.002007482047497712
3.011700859532,0.0021337754131224504
3.012517698493,0.0023222776580389803
3.013408031308,0.00048337930381281213
3.013593549441,0.002344792343264771
3.014493847552,0.00246817938527865
3.015442443932,0.0026050627475606874
3.01644440037,0.0024776300876605995
3.017397942041,0.0026186528550817033
3.018407065743,0.002364924259069958
3.019319832075,0.0025928889798901757
3.02032176332,0.002185256577478988
3.021167121095,0.00243535765806401
3.022110260481,0.0025941927300241908
3.023115408274,0.0022788293498456572
3.023999133706,0.0024183349400920123
3.024938012482,0.002219305015394024
3.025800324235,0.002430567656667536
3.026745471052,0.0025054034987684647
3.027721103998,0.0023979364960072915
3.028656518811,0.0025728657967168164
3.029661712523,0.002571286787312694
3.030667613444,0.0025608775415949044
3.031670399289,0.0022906694726721943
3.032567956814,0.0023120257094506958
3.033474552455,0.002393594451258047
3.034414118208,0.0025486212193573067
3.035415939218,0.0023287294513368987
3.036332263493,0.002537768518242308
3.037332612116,0.0025313723931489397
3.038333598606,0.0025217112680462335
3.039333933757,0.002425959833687972
3.040298316209,0.0025235286203020894
3.041302964184,0.0025027828369532405
3.042301008903,0.002544251341907367
3.043316631754,0.002533653818249056
3.04432822261,0.0025266484052921608
3.045336456366,0.002521160077256184
3.046342428947,0.002542129998637573
3.047357050441,0.0025088481340042592
3.048359048193,0.002294833415681964
3.049276841062,0.0021164211201970887
3.050124063739,0.0021908839240754865
3.051001405519,0.0024601618334573485
3.05198698626,0.002493868627779918
3.052987210413,0.0023826625832701546
3.053944307761,0.002375805320277391
3.054899809076,0.00046311377466259234
3.055086175403,0.002485124762129672
3.056087072606,0.0023434043509053277
3.057032505911,0.0024256172709036534
3.05801305373,0.0022928124142698554
3.058942345466,0.002232479253148222
3.059850200114,0.0021554688254332367
3.060729627108,0.0024827681010471873
3.061745718423,0.0024396133775069218
3.062745887413,0.0024398260036833166
3.063747169721,0.002446481763002807
3.064752190204,0.002247510329192319
3.065676278,0.002270121828521845
3.066611337598,0.002338362372295983
3.067576625737,0.0024175558971109117
3.068576744718,0.0024292825565565782
3.069583633435,0.002413771625648682
3.070585655565,0.0021851699062463738
3.071494582343,0.0023189012863259906
3.072461229252,0.0023132439481699405
3.073427552444,0.0019668974709818234
3.074250389876,0.002118214460246141
3.075137236853,0.0023317540646728523
3.076114345636,0.002408020618363948
3.077125054422,0.00237752982824275
3.078125075741,0.0023850920872236754
3.079130210719,0.0023915676229161794
3.080139679298,0.0022743858895076185
3.081101177085,0.00237268996561401
3.082105985581,0.0023611903399021967
3.083107880829,0.002379261302628801
3.084119664028,0.002126561548217455
3.085025698969,0.0020988865833070974
3.085921679984,0.002172872035778666
3.086851597089,0.0023329436225887753
3.087853022123,0.00227529030700516
3.088832612749,0.0023404361580903615
3.089842567053,0.002329722730120158
3.090849628935,0.0023256394145731475
3.091855832363,0.002324784724833196
3.092862929151,0.0023103962874705675
3.093866051511,0.0023196717147398885
3.094875116117,0.002047590354086963
3.095766466809,0.002303982123001763
3.096770056925,0.0023017905590836914
3.097773843399,0.0023067045867836413
3.098780631159,0.0021201189197158164
3.099707188763,0.002299394341831686
3.100713663617,0.0022868898349175572
3.101716480621,0.002295159094707404
3.102724964039,0.0022993880616241757
3.10373712263,0.002287359478608592
3.104745799829,0.002266030699155764
3.105746830532,0.002187761822708583
3.106714312422,0.002272617907131155
3.107720314423,0.0021677740478454445
3.108681528053,0.002198172039083536
3.10965815481,0.002271431513840602
3.110669281824,0.0022506910285883495
3.111672909848,0.002260840274989285
3.112682894491,0.0022455034666246975
3.113687727016,0.002246640271976557
3.114694230032,0.0004221188355386087
3.114883464495,0.0022022696066483953
3.115871422032,0.002111072988277382
3.116819871355,0.0018372059348712253
3.117646324042,0.002237343592482304
3.118653831246,0.002227385196156668
3.119658080681,0.00208884471454137
3.120601212319,0.0021252355152418263
3.121561775606,0.002213973778092254
3.122563286119,0.0022197140521608575
3.123568441485,0.0021901850076027525
3.124561657033,0.002231668641088635
3.125574805767,0.0009978128764373331
3.126027887347,0.0012414983812027065
3.126591778608,0.001413353402125539
3.127234364549,0.0017381318739785351
3.128026021814,0.0018346746118571252
3.128862851253,0.0017734249715153458
3.129672543462,0.0015627137933971742
3.130386503695,0.0016711341384450624
3.131151005806,0.0017222588878666061
3.131939718304,0.001681230415527793
3.132710445403,0.0015604305143704104
3.133426555896,0.0017393572575803875
3.134225472423,0.0017704797634657166
3.135039705018,0.001652656627357201
3.135800855539,0.0016536376531534774
3.136563565294,0.0015858341609980729
3.13729545017,0.0015903311688102082
3.138029559558,0.001833363637686614
3.138876244601,0.0015960351365741276
3.139613917415,0.0015890778690739857
3.1403503075,0.0015642268933329915
3.141076855295,0.0015729411159845902
3.141808466003,0.0015215157745088548
3.142516840539,0.0015735387937574328
3.143249791477,0.0016800927506502904
3.144033174915,0.001572764804418225
3.144767477294,0.0015832113737456006
3.145508088376,0.0015905175277853673
3.146253352592,0.0017717903633436291
3.147084407843,0.0014539360390030728
3.147766946519,0.0015786004658536108
3.14850863986,0.0016679141739436676
3.149292896484,0.0017308242169090516
3.150107310086,0.0017078603241677838
3.150911660516,0.0015410452482359975
3.151638240992,0.0016475574972326643
3.152415366988,0.0017033828263848553
3.1532193398,0.0016678668708779358
3.154007244916,0.0017332276930106538
3.154827216487,0.0016964019583774062
3.155630970565,0.0019771900319611544
3.156568466528,0.0019111119649196425
3.157475243703,0.0018261938120988168
3.158342804375,0.0016584679808983693
3.159132220402,0.0015820687068958548
3.159887204611,0.001510735099927886
3.160610554569,0.0015475745424188827
3.161352512591,0.0013630153455578263
3.162006586015,0.0015587619288707486
3.162754820514,0.0015164107490682444
3.16348275481,0.0015737211803710644
3.164238398922,0.0014860810658838546
3.164952313114,0.0017960713529829157
3.165816402107,0.0016195093540248276
3.166596468844,0.0014916095425471852
3.167315644375,0.001567681269028237
3.168072217968,0.001411579916824208
3.168754276701,0.0016530302368112052
3.169553444173,0.0015837086918914574
3.170319732806,0.0016250930431239963
3.171106939222,0.0014515465165568443
3.171811634041,0.00125762600475061
3.172423233358,0.0014352265380750437
3.17312207393,0.0011810963287825845
3.173698236927,0.001508246802955207
3.174434544844,0.001175760264259402
3.175008942513,0.0014183206804236495
3.175702527501,0.0014860473298084899
3.176429521191,0.0015487286328303034
3.177187522083,0.0016388196126523782
3.177990375407,0.0015314471908078808
3.178741212557,0.0017572103162084695
3.179603424782,0.001654133944843272
3.180415916407,0.0016988244213698546
3.181251379649,0.0019134832978867796
3.182193792256,0.001677685919921446
3.183021426243,0.0015306335807919506
3.183777467314,0.0014913695246756148
3.184514688722,0.0016004303036675181
3.185306312883,0.0013124805071870844
3.185955748165,0.0016653395953426754
3.186780200442,0.0015004677142364021
3.187523862223,0.0016602637341960158
3.188347882002,0.0015872134269458902
3.18913671012,0.0015366575812843816
3.189900831397,0.0015453862516333658
3.190669802849,0.0016898543928251025
3.191511478598,0.001191908245685633
3.192105786715,0.0011991541033250417
3.192704204711,0.0014934971310778151
3.193449742052,0.0014598410949871927
3.194178661527,0.0014374336125544938
3.194897063507,0.0014912434029796312
3.195643005232,0.001496630318829117
3.19639241664,0.001480739260599682
3.197134939254,0.00148717100759101
3.19788181514,0.0017049756998460562
3.198738783915,0.001608649681000808
3.199547806011,0.001498288111086348
3.200301522737,0.0014898390085201654
3.201051234167,0.001197839244081731
3.201654070258,0.0012350891987762387
3.202275695864,0.001501746181962624
3.20303136493,0.0016747443005089026
3.203874198045,0.0018148070714889357
3.204788371037,0.0016027127335362034
3.205596994116,0.0014743806262502751
3.206342050369,0.001604847316794624
3.207153965552,0.001515179856179876
3.207921572017,0.0017117549966622894
3.208789986048,0.001389073632044121
3.209495427512,0.0016493673773586557
3.210333961451,0.0015783764369583083
3.211137348305,0.001343262769997815
3.211821768232,0.00144913139392805
3.212560863203,0.0013733710058015242
3.213262418331,0.001208839317157805
3.213880336808,0.001469322110397336
3.214631913945,0.0014592885042053715
3.215378949788,0.001602306774484856
3.216200195861,0.0015487483700472073
3.21699529621,0.0015776416647671064
3.217806578053,0.0013984951351353292
3.218526724268,0.0015337401040057272
3.21931773455,0.0015516651345351485
3.220119105231,0.0016331903714210437
3.220963419905,0.0016105160371851846
3.221796492235,0.001585313339907112
3.22261691572,0.0015942366662044104
3.22344267731,0.0005764488487830145
3.223741345839,0.0016623009140674053
3.224603052185,0.0016317862715011897
3.225449443187,0.0017159461172981403
3.226340048016,0.00160416881706612
3.227173308503,0.0015665405611896095
3.227987775457,0.0015657961954051148
3.228802813722,0.0014712376790449039
3.229570011756,0.0008789476298351041
3.23002900018,0.0011760194976659622
3.230643360883,0.0016620677538767763
3.231512491669,0.0017252578708331467
3.232415451158,0.0016699142416656202
3.233290710833,0.0015139755762371494
3.234085522716,0.001490995088923726
3.234869346517,0.001552216570199943
3.235686237377,0.00128642904310975
3.236364227656,0.001440054731128485
3.237124275001,0.0015260250583606374
3.237931199162,0.0015329117395275645
3.238743396835,0.0015042416321576866
3.239542754651,0.0014912876472039562
3.240337078996,0.0015681109192932571
3.241173673829,0.001258766672330419
3.241845850279,0.0014753715830886787
3.24263413921,0.0015124217628389013
3.243442269328,0.001484413476117342
3.244235563828,0.0014774787137089003
3.245025274402,0.0014234554760578946
3.24578618711,0.001429845218871239
3.246550340409,0.0015015151118129705
3.247353103933,0.0016357243499085
3.248227951632,0.0011401545963124018
3.24883787261,0.001486549287484614
3.249632928094,0.0015497764245789257
3.250461679566,0.0015774847870004382
3.251305268039,0.0015947740175095548
3.252158535181,0.0015351714185367178
3.252980783293,0.001580311421055076
3.253828507,0.00044036639764259846
3.254065244453,0.0015902920383696374
3.254920307064,0.0006968107549789245
3.255295483223,0.0010432087810655186
3.255857171337,0.0013640146463984588
3.256591580257,0.0016145573708567736
3.257461111086,0.0015622281769947944
3.258303520935,0.0011051484289129059
3.258901024432,0.0012493298139345911
3.259578112634,0.001448885756609404
3.260365250272,0.0015505328867866516
3.261210119669,0.0012779708619187146
3.261908746208,0.0016699596354646893
3.262823983365,0.0015874672447320642
3.263696218203,0.0016854313728815115
3.26462409628,0.0016088690831393155
3.265511521817,0.0016202759318696223
3.266407168754,0.0010323599121104948
3.266978936311,0.0008224087156105692
3.26743484079,0.0012882209122922188
3.268149673753,0.00153954559139305
3.269004502842,0.00137179633602052
3.269766699394,0.0013622701429050973
3.270524375762,0.001208525031894219
3.271197357499,0.00155818221047884
3.272067365918,0.0015186273712566056
3.272917198908,0.001129511573546918
3.273550047927,0.0015081384402844604
3.27439589974,0.001642098090497589
3.275318306186,0.0016479615594374051
3.276245842271,0.0014091654833164847
3.277040391125,0.0013821846488122728
3.277821027082,0.0014965938398309243
3.278667804,0.001357161638392682
3.27943693245,0.0013776954853281496
3.28021861408,0.0015016463702826994
3.281070555665,0.0013453067502622949
3.281833777801,0.001378719039086847
3.282616076778,0.0014524070667496065
3.283440559046,0.0013982251752139756
3.284235109641,0.0016921733453947314
3.285198935034,0.0015246295278362701
3.286069070695,0.0014913281837710523
3.286921126325,0.001525651283399949
3.287793927465,0.0007503878330948686
3.288223582022,0.0011823568196174133
3.288902452628,0.0015120417413090853
3.28977232772,0.0013799651231978594
3.290567722062,0.0011710502737344473
3.291243545038,0.0013639331543477393
3.29203190134,0.001473212449987079
3.292884186578,0.001287876296865901
3.293629658161,0.0013599248290921606
3.294417100227,0.0013664182449940536
3.295209313431,0.001440994016452381
3.296045234252,0.0009673600692543719
3.296606490379,0.0012620539587091073
3.297338702652,0.0015045140315629443
3.298211889438,0.0014558990422994054
3.299057592127,0.0014531292697698055
3.299902807119,0.0014433819756635065
3.300743720294,0.0014105920397679324
3.301567047716,0.0013721314773828177
3.302369958621,0.0013780324230103923
3.303178178222,0.0013691501410363805
3.303982173797,0.0014124583107384364
3.304812327715,0.0014906538222457613
3.305689063243,0.0009695242912373084
3.306259696667,0.001108902753409953
3.306912646336,0.0012647145424410165
3.307657624299,0.0012804075867722644
3.308412260609,0.0016451770613452102
3.309382797062,0.0014959881777619674
3.310266025975,0.0015959160806043662
3.311209150206,0.0015691472813826857
3.312137635359,0.0012699707120036538
3.312889976509,0.0014084510803616342
3.313725432657,0.0015249734771869599
3.314632063058,0.0011131910036716536
3.315295677461,0.0015360487714972944
3.316212351669,0.0015046398569965136
3.317111226577,1.0468153258870156e-05
3.317117482899,0.0015343193271429886
3.318034688486,0.0014619582848745753
3.318909027343,0.0014762538031104628
3.319792389118,0.0013595196339411956
3.320606634736,0.001436030824585698
3.321467590846,0.0014199025365597407
3.322319672161,0.0011227501852711205
3.322994829462,0.0008806764274260216
3.323524921367,0.0009689367977006993
3.324109659951,0.001164917114549102
3.324813934039,0.0011771618439781844
3.325526832349,0.0013811725853874017
3.326364667062,0.0010973045281824191
3.32703144953,0.0010816894716168149
3.327689325135,0.0012128283730774056
3.32842783118,0.0011798548305179935
3.329146717298,0.0012234804533931979
3.329892040123,0.0013644563584453559
3.330723252717,0.0014639538534886327
3.331615757317,0.0014687725816039058
3.332513022932,0.001349769867976606
3.333339770319,0.001220154598117976
3.334088668763,0.0011610604251973537
3.334802660172,0.0012021221336314485
3.335543430894,0.0010839867802506457
3.336213524924,0.001391658297186767
3.337074795962,0.001231514353584867
3.337838100894,0.0013904976383816488
3.338701356766,0.0011150035354417086
3.339394980138,0.0012717197680469448
3.340186963108,0.001437998480599834
3.341083630272,0.001348491143636563
3.341925834811,0.0012753517130146574
3.342723682409,0.0011881102772325174
3.343468286777,0.001123279748948219
3.344173010933,0.0013316853375208567
3.345009354014,0.0013651213809653426
3.345868189477,0.001367827815569478
3.346731238994,0.0013406088794633525
3.347580343508,0.0013299068662446208
3.3484251612,0.0010097862811694583
3.349067990239,0.0010718089894375055
3.349751236663,0.0014948052170210818
3.350706030922,0.0014209664788997099
3.351615399804,0.0013097279758266405
3.352454689938,0.0013193487681032443
3.353300851537,0.0009413526070036101
3.353904876801,0.0009056136734878735
3.354486260746,0.0010212913306891231
3.355142512772,0.001330631198540504
3.355998648368,0.001118790850139404
3.356719794416,0.0011457012364086373
3.357459566535,0.001322053490821737
3.358313809661,0.0013103451027355669
3.35916106366,0.00130976625916803
3.36000840152,0.0013055097801365283
3.360853348329,0.0011931963143504817
3.361625644581,0.0009532704093627707
3.362243190713,0.0009870688387648204
3.362882933285,0.0010685828255545047
3.363576848003,0.001332902884215806
3.364442841501,0.0012407585404606667
3.365249673978,0.001237790371801031
3.366055596943,0.0013145236124737826
3.366913402493,0.0011600077542643266
3.367672529307,0.0011098456057197501
3.36839986335,0.0010892992766329216
3.369114498294,0.0009259879066850098
3.36972270848,0.0011270522722722687
3.370463776799,0.0012337049678017385
3.371275966977,0.001211757462184175
3.372074770434,0.0010237211010637435
3.372750379463,0.0013015123404929337
3.373609902342,0.0013020199294770743
3.374470696265,0.00141969517142119
3.375410446063,0.001333160093963411
3.376293646438,0.0013823684265960293
3.377209659127,0.0010657552129667758
3.377915734555,0.0008007603284022483
3.378446169136,0.0008390938265653905
3.379001942971,0.0012065102695386911
3.379801457286,0.0012901526207415883
3.380656856666,0.0013252089002408853
3.381536318579,0.00023559616194344653
3.381692795631,0.0010145758575662665
3.382367122718,0.0014738790987499106
3.3833488056,0.0013259401581773179
3.384234096215,0.0012457110183876864
3.385068444264,0.0012635547757689654
3.385916591617,0.0013670183183793145
3.386835190623,0.001416381908759574
3.387787379126,0.0011116120278184855
3.388535273474,0.0005174460384126545
3.38888375671,0.0007305174085394158
3.389376250791,0.0009884711182021307
3.390044148763,0.00121563650502144
3.390867446481,0.0012948086283429117
3.391745889117,0.0012951723363449328
3.392625580405,0.0012276704472585676
3.393460115974,0.0013204777718566663
3.394358939297,0.0013164556117983572
3.395256949778,0.0013973430796321556
3.396212911544,0.0013387985104153278
3.397131633567,0.0005750987196102241
3.397526895706,0.0008957387401902488
3.398143041501,0.0009523542099465587
3.398799340104,0.0009722706118359113
3.399470301719,0.0012372641377511435
3.400326851179,0.0012482641999672314
3.401192935549,0.001012259074028426
3.401896470947,0.0009264460953460364
3.402541046158,0.0009804414705951627
3.403223820051,0.0009762314808183558
3.403905430815,0.0012378127134143732
3.404771262597,0.001255021536468491
3.405650269503,0.0012966468881116958
3.406558969351,0.001285045894327488
3.40745976703,0.0012046076222242395
3.408304480218,0.0012806715128029968
3.409203705841,0.0012589601992176065
3.410091082383,0.0011863608850670618
3.410930558331,0.001188661170323897
3.411774227332,0.0007407239315338105
3.412300835079,0.001101668304255777
3.413086070753,0.0008571922063817787
3.413698061146,0.001133003543604661
3.414507754703,0.0011753120984949008
3.415348566384,0.0006311203614570912
3.415800495696,0.0013069618267788211
3.416737262391,0.0011548075884098485
3.41756652893,0.0012186408061403088
3.418443350183,0.0011370923478671996
3.419262671385,0.0010978703975407142
3.42005440362,0.0011616212527898804
3.42089247938,0.0012114197388165906
3.421766884655,0.0011772287451278303
3.422616888533,0.0012827130783627416
3.423543133631,0.0006761801720883451
3.424031477637,0.0006809960397852241
3.424523516027,0.0008915690807931333
3.425168381175,0.0012032829655824282
3.426040065871,0.0011721552579838019
3.426890317591,0.0012103594096873438
3.427769385796,0.0012358307347742712
3.428668646771,0.0006603528266229418
3.4291501862,0.0008356028287617287
3.429760267042,0.0009281539084104583
3.430438499368,0.0008994284478922108
3.431096211068,0.0007221322182741672
3.431624492587,0.0010188848718644921
3.432370300594,0.001172505895385408
3.433229686457,0.0010403112746102338
3.433993329829,0.0011946318906604064
3.43487119515,0.0011269132712859405
3.435699856366,0.0011663158463460857
3.436557755131,0.000999462916951235
3.437293278096,0.001250286119498313
3.438213997584,0.0013075891394119653
3.439177925547,0.0010977527716574476
3.43998827585,0.0012832212033316672
3.440937361151,0.0009507183596763258
3.441641870669,0.0008047121956437782
3.442239554237,0.001026528395329318
3.443002963499,0.0012159995474882556
3.443908845439,0.00118984310196712
3.444796718983,0.0009941501989740751
3.445539438341,0.0013094519810213146
3.446518541919,0.0007814297302881441
3.447103396089,0.0006220618452810656
3.447569071024,0.0012813761394056848
3.448529670155,0.00119756487170627
3.449429697389,0.0011428633955702754
3.450290866139,0.0010396741393571799
3.451075379411,0.001114641387702592
3.451916833543,0.0010972062667973736
3.45274487893,0.000996853401551965
3.453496779792,0.001027574172532518
3.45427254468,0.0011257229023511907
3.455123730811,0.001185948453611871
3.456022234295,0.0011930961097061403
3.456927616352,0.0012434333259325396
3.457872593652,0.0013163051141541569
3.458874974213,0.0011320344506442653
3.459738655087,0.0010429234874969678
3.460535702828,0.0004985580393597963
3.460917004892,0.0009937299185257438
3.461677843044,0.0012125485411395697
3.462607742837,0.001136060979832839
3.46348039888,0.001092526488348941
3.464320783226,0.0006383837478243935
3.464812149215,0.0008618872211230582
3.465476401025,0.0011936471773057959
3.466397089557,0.0008975912698647114
3.46709020447,0.0010573381649134524
3.467907877867,0.0011401416801436208
3.468792604502,0.0011014412489710474
3.469649897627,0.0012520723884728762
3.470626794984,0.0010702995394511398
3.471463188384,0.0008943349315956465
3.472162514163,0.001004585767178551
3.472948338725,0.0010357131156448229
3.473759422009,0.0008697690259141001
3.474441338749,0.0010906082473757265
3.475298182855,0.0011496696303144134
3.476203072068,0.0012003504129138544
3.477148948257,0.00116145805115814
3.478065853163,0.0012756161329545374
3.479075208896,0.0011171478105098803
3.479961027811,0.0012466090165244056
3.480951557022,0.0011471974450965778
3.481865248493,0.0004568144162752373
3.482229589253,0.001098298580811151
3.483107368685,0.001194523261245899
3.48406448399,0.0011028401714463332
3.484950635174,0.0008979994920561704
3.48567376365,0.0011864398409965542
3.486631248218,0.001113141430448771
3.487530966837,0.0012032394485602914
3.488505102712,0.0011321828729255316
3.489422490659,0.0009714157805325212
3.490210272155,0.001020239199544625
3.491038687607,0.0009694562181901406
3.491827186084,0.0011023109321665748
3.492725915853,0.001098845065314711
3.493624525448,0.000956691894041579
3.494408400764,0.001169045063098339
3.495367562046,0.0007996579627861063
3.496024458025,0.0008374490810306968
3.49671298749,0.0010932498850872092
3.497612881324,0.0011732167587687973
3.498580069727,0.0009628645064485525
3.499375812463,0.0011147292329471144
3.500299424812,0.0010572484082856694
3.501177987067,0.0010736446750575727
3.502072765173,0.0011118320000259834
3.503002405004,0.0010237201854027488
3.503860961905,0.0009546885959837967
3.504663824194,0.0007051664103873661
3.505258015646,0.0010302382367633333
3.506127444446,0.0010422902763489892
3.507008622197,0.0006502909986380717
3.507559001475,0.0008326660678463504
3.508264310688,0.0010203918317367778
3.509129684328,0.0011527717378943896
3.510109162885,0.0010199590803428105
3.510977598107,0.001071338138350759
3.511892364754,0.0009262377574268015
3.512685225973,0.0009235680286064665
3.513477274927,0.0010215184185774079
3.514354851852,0.000947545115821192
3.51517000525,0.00108262587413324
3.516102364893,0.0007405459823608409
3.516740771331,0.0009457313022050918
3.517557017755,0.0009340309668341582
3.518364493143,0.000927397502531374
3.519167720743,0.0010329613836034545
3.520064377575,0.0009179226819653751
3.520863463059,0.0010145447972129897
3.521748553729,0.00103291074395612
3.522651622684,0.0010643698418488796
3.523583847788,0.0008573318796244245
3.524335601405,0.0010933301857833128
3.525295406957,0.0011425506552872207
3.526300195738,0.0011172262755671167
3.52728551092,0.0008816932582530758
3.528065526001,0.0008850208367592484
3.528850935848,0.0010236813190196848
3.529761722058,0.0009629438749232902
3.530620765666,0.0009833608132333623
3.53150016583,0.0010634739029433868
3.532453334918,0.0010587736672058512
3.533404214053,0.0010633081902357646
3.534361108231,0.0010218787878750295
3.535282380178,0.0010232041498988642
3.536206401832,0.000997868337476765
3.537108590895,0.0009942563097264667
3.538008717682,0.0008996383945523651
3.538824062666,0.0010060087696065123
3.539736722918,0.00093950245244628
3.540590102851,0.0010482978397213572
3.541544222033,0.0010488952275855275
3.542501004953,0.0010227158651132352
3.543435809265,0.0009849770043592657
3.544338206256,0.001060616168112448
3.545313175355,0.0010851344381389222
3.546315161032,0.0009534379852868543
3.547199306574,0.0009362687054376876
3.54807018918,0.0009182869734323793
3.548926527235,0.000959432588496473
3.549823361416,0.0010372165335198467
3.550795046216,0.000911372491163915
3.551650120261,0.001064836277677157
3.552650152675,0.0009639015835383787
3.55355609014,0.000961387303566224
3.554460603254,0.0010634701517411157
3.555462833444,0.0010294019734790171
3.556435016958,0.0008607073379737404
3.557249104538,0.0005052014425502218
3.557727190427,0.0009736174300108494
3.558649123134,0.0010563544073857979
3.559650669499,0.0009888783852926447
3.560590298457,0.0009843221197649887
3.561528565151,0.0009428100073579962
3.562430813544,0.0009865186345503778
3.563377276978,0.0010303898801432014
3.564367820723,0.0009677146741756457
3.56530009423,0.0009098866555973971
3.566177928241,0.0009267713792673926
3.567073062916,0.0009561709593960297
3.567998067733,0.0009449135549685273
3.568914275251,0.000917783723778503
3.569806529535,0.0009631968605960998
3.570745864217,0.0009674308849319971
3.571692004507,0.0009982453622034001
3.572670359165,0.0008822066840875487
3.573537072135,0.0009093945178276933
3.57443267727,0.0010176015791107042
3.575437452441,0.0009954257313633307
3.576423128972,0.0009789070991402164
3.577395002801,0.0010017684242121122
3.578391706205,0.0010041773033706016
3.579392682866,0.000974504612971797
3.580366160452,0.000944127245905515
3.581311685782,0.0009488017988185528
3.582264262723,0.0009954744704325535
3.583265501958,0.000995122862936473
3.584267714094,0.0009917622126530232
3.585268230519,0.0009981969232466669
3.586277240532,0.000988208517120686
3.58727816601,0.0009728809811483972
3.588266330341,0.0009389617793364543
3.589223447138,0.0009365419616314532
3.590181183975,0.0009455515308980826
3.591150835254,0.000948241935539179
3.59212627663,0.0008858754670649236
3.593039844113,0.0009636294681378318
3.59403520458,0.000968751019758525
3.595036440943,0.0009706025225806772
3.59603966571,0.0009837851712138886
3.597056354332,0.0008896123140655454
3.597975731522,0.0009515719502392232
3.598959873645,0.00097501723874262
3.599969895356,0.00020332217813694804
3.600180787311,0.0009654957279085842
3.601183286827,0.0009037001790008005
3.602123408598,0.0009242732048469753
3.60308739628,0.0009170677642480181
3.604046431895,0.0009087318851023091
3.604998627051,0.0009624165278641184
3.606008468448,0.0009594322603084929
3.60701641667,0.0009294133969807985
3.607993742192,0.0009539306916256992
3.608998326862,0.0009222681235920818
3.60997196934,0.0009568850181142426
3.610984344326,0.0009528281401620169
3.611994309142,0.0009464474681905503
3.612999056511,0.0009422781745741654
3.614000881963,0.0009393211363158071
3.615001198047,0.0008969347566514105
3.615957249214,0.000941598419973622
3.616961137417,0.0009408673795663729
3.617964310015,0.0009441842339561802
3.61897101266,0.0008110776390456459
3.61983580318,0.0008611315840217214
3.62075421368,0.0008941098092701203
3.621708498398,0.0008843011241986983
3.622653083107,0.0009212643343316825
3.62363791955,0.0009171040138026127
3.624619612446,0.000877248266920292
3.625560384179,0.0009361224582974139
3.626566131286,0.0008784338675698871
3.627512026587,0.0008824433701516232
3.628464491918,0.0008390183847233838
3.629372475735,0.0009290375105271988
3.630380852602,0.000773098180332152
3.631222426195,0.0008315040407508122
3.632129896869,0.0008700969332080089
3.633082098769,0.000915292586779584
3.634086633191,0.0009154617694714414
3.635093438944,0.0008320614333522036
3.636009739852,0.0008668343943699981
3.636965215118,0.0008756610126381477
3.637931529579,0.0008950838616105512
3.638920865483,0.0009098863102958131
3.63992778233,0.0008168841249587722
3.640833062063,0.0008760626080954177
3.641805477505,0.0008599522200082562
3.642761876373,0.0008384508083072488
3.643696542085,0.000390491192870114
3.644132502522,0.0008581241889742738
3.645093170181,0.0008843364937644011
3.646086354881,0.0008890720789974698
3.64708725808,0.0008290401848869253
3.648022403,0.0008966733160605412
3.649035716803,0.0008948719099264046
3.650049029246,0.0008851761261139911
3.651053066817,0.0008869131572515582
3.652060441234,0.0008606505623909146
3.653039528756,0.0008575188128042981
3.654016370538,0.0008672057531834889
3.655005193353,0.000829986564634637
3.655952135366,0.0008596973690930386
3.656933109302,0.0008636073624147058
3.657918071199,0.0008794635097872228
3.658920458348,0.0008781668369143032
3.659920953616,0.0008721343901944615
3.660914340255,0.0008397865589120321
3.661871064345,0.0008814720022860315
3.662876237595,0.0008792091518950319
3.663880186433,0.0008783618961420293
3.664884507225,0.0008158786825331419
3.665818501648,0.0008000262054348882
3.666735283529,0.0008735847364938221
3.667737123193,0.0008310901952199201
3.668690896126,0.0008715962705333475
3.669692103778,0.0008732282094754929
3.670696068957,0.0008721588307019626
3.671700112506,0.0008721131954219812
3.672705464124,0.0008704678746531338
3.673710385256,0.000854139167674886
3.674698253703,0.0008623741512024596
3.675698400294,0.0008628743509835062
3.676702352195,0.0008649082098802013
3.677711656455,0.000857259910336223
3.678714500484,0.000865786232701161
3.679729111343,0.0008391730062996372
3.680714410918,0.0008542295794645282
3.681719082793,0.0008254599547889773
3.682691244559,0.0008520940556438449
3.6836961188,0.0008495341505697399
3.684699472708,0.0008190334001987262
3.685668419367,0.000790597325256138
3.686605200317,0.0008260415698148965
3.687585543344,0.0008413339592850068
3.688586058074,0.00010121925966048034
3.688706602197,0.0008408447511570874
3.68970958607,0.00084485688271199
3.690720042571,0.0008240356475432233
3.691708457546,0.0008322970423755814
3.692710156146,0.000836235846312972
3.693719960042,0.0008277911324313376
3.694722196237,0.0008315464318392417
3.695730977576,0.0008258008104847422
3.696734350235,0.0008187959907957328
3.69773073531,0.0007946644253003105
3.698699197626,0.00080851822634099
3.699685618522,0.0008141598746096187
3.700679552324,0.0008002238136318458
3.701656722909,0.0008060673904819193
3.70264132868,0.0008250175405440978
3.703649159401,0.0008110292756759477
3.70463988391,0.0008158391196192135
3.705636823176,0.0007951633974381291
3.706609285416,0.000817093302801518
3.707609693103,0.0008205870482491794
3.708615362617,0.0008168098223230737
3.709617681366,0.000819443692938876
3.710624782228,0.0008160858478297159
3.711629984698,0.000812090545553291
3.712633372438,0.0008021798682214141
3.713627340777,0.0008144790488905911
3.714638622732,0.0008077305189496777
3.715643258488,0.0008127259071102322
3.716655286249,0.000806554327572133
3.717660529224,0.0008114688551926066
3.718672617345,0.0008055870250271109
3.719678083754,0.0008035137665968464
3.72068196626,0.0008062148434123269
3.721690330619,0.0008031277056238223
3.722696067915,0.0007989782951470598
3.723698186049,0.0007996105601887235
3.724703191902,0.0007832498477115746
3.725690023113,0.0008053663894590878
3.726707212839,0.0007900668817857877
3.727707706623,0.0007887253639096078
3.728709419482,0.0005817539186834116
3.729450095562,0.0007824961377497901
3.730450621179,0.0007826744101441911
3.731455421662,0.0007767774946256165
3.732456197151,0.0007769947893507664
3.733460966497,0.0007747673875934542
3.734466826575,0.00076808906632491
3.735467325456,0.0007681873409215402
3.73647139649,0.0007691373496314367
3.737480406473,0.000767322013371549
3.738490284688,0.0007654763300708246
3.739499971672,0.0007623221770543764
3.74050750825,0.0007602638023055627
3.741514579339,0.0007559114956495231
3.74251812903,0.0007543127643372317
3.743521632117,0.0007509897391292526
3.744523105867,0.0007481265831693088
3.745523166147,0.000752401664206432
3.746531033458,0.0007562282804184608
3.747546111443,0.0007445292087893674
3.748547658523,0.0007423798936663536
3.749548549689,0.0007463344450737394
3.750557215568,0.0007449823917081329
3.751566767612,0.0007441418516543821
3.752578291136,0.000735025798080882
3.753580617426,0.0007422100985527506
3.754596051645,0.000729371348169794
3.755597069662,0.0007257013226252377
3.756595676463,0.0007282269145169842
3.757600136355,0.000724805203524813
3.758602602933,0.0007260906027525672
3.759609805189,0.0007249422159179542
3.760617831387,0.0007231980939545404
3.761625492603,0.0007215542766506825
3.762633040641,0.0007151823021770511
3.763633971333,0.0007131656254641444
3.764634294748,0.0007181801399077836
3.765642998163,0.0007123383959542276
3.76664415182,0.00017239493845928064
3.766886616029,0.0005603822138592371
3.76767482319,0.000597574538470258
3.768516781314,0.0005946688624474182
3.769356077439,0.0006270401034527775
3.770242571506,0.0006046893146761899
3.771098681006,0.000613702911297409
3.771968532873,0.0006057519378004346
3.772827691649,0.0006158527017613946
3.773702300585,0.0006202548973701139
3.774584528013,0.0006185704566090825
3.77546598956,0.0006051623430972665
3.77632985365,0.0005966706574446814
3.777183012953,0.0006019697368132842
3.778045103313,0.0006245397093135143
3.778941124237,0.0005775124652006052
3.77977157676,0.0006223002158724009
3.780669516241,0.0005894513914931913
3.781522674279,0.0005840631494837354
3.782369572775,0.0005938565642598021
3.783233395878,0.0005221934728560605
3.783995433345,0.0005358362935045267
3.784780064068,0.0005886967370530015
3.785644683358,0.0005778022527567369
3.786495396031,0.0006040737955208216
3.787386995886,0.0005809769247414154
3.788246676306,0.0005915895976203928
3.789124595718,0.0005859434309680419
3.78999723054,0.0005733730274771142
3.790855860998,0.0005863858109170563
3.791738384759,0.0005852080150927011
3.792621991885,0.0006147571967364224
3.793552512999,0.0005261819938426864
3.794350661226,0.0005669882753576955
3.795212231803,0.0005736090319822678
3.796084815838,0.0005843226100106787
3.79697448797,0.0005229819507511667
3.797771367738,0.0005834061961336228
3.798660971133,0.0005853863220833067
3.799554436959,0.000525564697417568
3.800357196171,0.0005508732765045651
3.801199037094,0.0004345839763640145
3.801863858779,0.000580439375709077
3.802752964117,0.0005812196718963465
3.803644548766,0.0005142811267345724
3.804434287478,0.0005273366506280128
3.805244816803,0.0005594546284804819
3.806106148439,0.0005205818876629416
3.806908787782,0.0005443078286528722
3.807749107602,0.000547324296370026
3.808595608741,0.0005326433301877824
3.809421073798,0.0005485807148065887
3.810273142189,0.0005557395381119921
3.811139412604,0.0005603880743341248
3.812015914139,0.0005550481691710646
3.812886232894,0.0005383487378418665
3.813732181074,0.0005441888277916814
3.814588997406,0.0005158548280655378
3.815402761758,0.000562791586696538
3.81629211547,0.0005787281947773865
3.817208083359,0.0005575543929912654
3.818091824616,0.0005464667609457461
3.81895903898,0.0005438697267092529
3.81982305972,0.000538066214606173
3.820678816933,0.0005092172377888119
3.821489776302,0.0005470282656663951
3.822362323353,0.0005018167569017674
3.823163882906,0.0005606959521701462
3.824060880186,0.0005412652687931383
3.824928473209,0.0005924115812142839
3.825880171338,0.000514427230258734
3.826708156466,0.0005410107967905994
3.827580964998,0.0005521071462012428
3.828473959482,0.0005351136417804507
3.829341080793,0.0005617297577990316
3.830252922603,0.0005252392991367214
3.831106937681,0.0005515530631541839
3.832005121502,0.0005435824840213008
3.832891487119,0.0005538220071503108
3.833795835834,0.0005664290156496405
3.834722398558,0.0004902900586910338
3.835526280295,0.0004959658307757976
3.836340893264,0.000488637547611992
3.837145666717,0.0005373656349530265
3.838032223668,0.00048195904744000235
3.838828840501,0.000543194388093448
3.839728311655,0.0005404977063799836
3.840624479087,0.0005312715242033662
3.841506117103,0.0005453612938582735
3.842411853119,0.0005284939259600406
3.843290593497,0.0005345296972521214
3.844180539375,0.0005281516869676723
3.845060974463,0.0005448001105136365
3.84597006174,0.0005772676082242971
3.846934469162,0.0005482609623783672
3.847851712855,0.0005563525720599504
3.848784117705,0.0005322390214226186
3.849677422268,0.00051073559823782
3.85053598327,0.0004978949521983311
3.851374271799,0.0005045005807582537
3.852225085363,0.0005070577842976146
3.853081808341,0.0005213877901435987
3.853964262223,0.0004948057895056059
3.854802882639,0.000506389534246613
3.855662522813,0.000519400206275022
3.856546026886,0.0004912474039788023
3.857383074423,0.0005272220219457467
3.858282490154,0.0005341482566375727
3.859194657225,0.0005232562836688052
3.860089210401,0.000519491590590553
3.860978549853,0.0005501968497640579
3.861922234109,0.0004764273129740836
3.862741103994,0.0005345198839697786
3.86366132423,0.0004980234287079006
3.864520023771,0.0005492479164916379
3.865468337968,0.0005112028687963762
3.866352091628,0.0004985964431346832
3.867215006527,0.0004598865290110195
3.868012381038,0.0005355244642739579
3.868942084368,0.0005007094530154025
3.86981238222,0.0005673670842310278
3.870799628494,0.0005319960220402748
3.871726297142,0.0005084113259020091
3.872612629478,0.0005768271451554347
3.873619397698,0.0005371218317350635
3.874558148394,0.00023049133548127217
3.874961509403,0.0005206009901527725
3.875873106072,0.000550288956175005
3.876837877194,0.0005646623335086249
3.877829228197,0.00048533499270789145
3.87868244976,0.0005217168120883807
3.879600976204,0.0005090068643744728
3.880498671337,0.0005144354800733577
3.881407456829,0.0005176719459126012
3.882323261732,0.00048417217286085903
3.883180992864,0.0005433494737264869
3.884145138581,0.0005279143818347621
3.885083697395,0.0005256990446146595
3.886020046172,0.0005205846954330828
3.886949037722,0.0005633794304292034
3.887956108398,0.0005181493940607481
3.888883169277,0.000513660408808018
3.889803185389,0.0004919535690643532
3.890685170488,0.0005267072416138468
3.891630289484,0.0005090395892623331
3.892544581517,0.00047970600418126784
3.893406921585,0.0005024761883735426
3.894310902078,0.0005292514474798765
3.895263890307,0.0005226489186391064
3.896206076434,0.0005575391956896402
3.89721241911,0.0005029399848116477
3.898121267406,0.0004956976192871162
3.899017636608,0.0005015694596427043
3.899925554575,0.0005256180493254622
3.900878581725,0.0004981809139427982
3.901783378126,0.000481524765409083
3.902659101155,0.0004591087056784336
3.903495042586,0.000491022183039414
3.904390188758,0.0004954361477534724
3.905294676591,0.0004776058625858493
3.906167740644,0.0005023704627128299
3.907086935191,0.0005263472950897283
3.908051101537,0.0005240749767541229
3.90901224152,0.000471757143034279
3.909878594167,0.0005131588663696559
3.910823004089,0.0005315813798028352
3.911802375015,0.0002223214331890346
3.91221223276,0.0004935639142954121
3.913123251035,0.00047946788874101104
3.91400922611,0.0004989836747850823
3.914932489246,0.0004884281072638938
3.915837759447,0.0004874505235922284
3.916742664146,0.0005304403578419727
3.917728635964,0.0005019100842669784
3.918662677812,0.0005005916888759939
3.919595506728,0.0005109611820957284
3.920549155684,0.0004959488096601778
3.9214763169,0.0004972794314657739
3.922407539896,0.0004731320022928456
3.923294573264,0.0004673993515769761
3.924171988051,0.0005079434715348713
3.925127008449,0.0005070030783418717
3.926081651118,0.0004895747041138746
3.927004570799,0.00044034519545574173
3.927835634371,0.0005112184095840422
3.928801926322,0.0005010569069799486
3.929750155238,0.0005047971678772145
3.930706613906,0.00046529857363053625
3.93158967023,0.00046333497611146426
3.932470239257,0.0004733202687709319
3.933370854462,0.000477152257128214
3.934279837043,0.0004857707997105811
3.935206541477,0.00045367138122706316
3.936073414757,0.0004684815975417477
3.936969936299,0.00045471488016054335
3.937841287741,0.0005038848422012276
3.938808207746,0.00044464015569377184
3.939662663034,0.0004610973397835736
3.940549859747,0.0004599445757130074
3.941435960446,0.0004982495010039775
3.942397198783,0.0004904117192728325
3.943344690613,0.0005179028904684466
3.944347080307,0.0005106991628327493
3.945337653172,0.000502165382235337
3.946313449647,0.0005148107144600409
3.947315748159,0.000411640427923217
3.948118422805,0.0004893014043379674
3.949074503258,0.0005008673596420847
3.950055051265,0.0004714692303615397
3.950979525223,0.00045731838482148714
3.951877583403,0.00045397838010652726
3.952770817656,0.0004906624263975841
3.953738294176,0.0004641763429161044
3.954655382452,0.0004775125209661538
3.955600769082,0.0004865547624701371
3.956566147605,0.0005094026505966724
3.957578959377,0.0004541854823595949
3.958483926872,0.0004800289790393962
3.959442333735,0.0004540483764139668
3.960351460651,0.0004806050199622746
3.961316357005,0.0004992700762296441
3.962321513449,0.0004990427594909941
3.963329090137,0.0004927388684083749
3.96432682225,0.00045716120010381555
3.965254829253,0.00047003707649918196
3.966211299686,0.0004401201426831346
3.967108823607,0.00047586492783149777
3.968081636855,0.0004918789460374438
3.969089981511,0.0004904193892839334
3.970097781358,0.0004751701207419245
3.971076543995,0.00048774054320941356
3.972083864893,0.0004747014197782377
3.973066322647,0.0004266546841017797
3.973950988663,0.0004734634058515553
3.974934616157,0.0004433853305343633
3.975857749446,0.00043125911450657737
3.97675741906,0.00047831137110099806
3.977757239453,0.00047131283658228456
3.978744559394,0.0004700873910589308
3.979731329169,0.0004760598315996323
3.980732854673,0.00044892202709970555
3.981679415595,0.00046311639252510976
3.982658133877,0.0004417674592022441
3.983593873614,9.10171797812984e-05
3.983786726968,0.00045240805816723856
3.984747756519,0.00046932886945664435
3.985747594562,0.0004731377115480128
3.986758519205,0.00044742617085115235
3.987717123141,0.000440955253070053
3.988664353162,0.0004338674990514484
3.989599041538,0.00043342552013168623
3.990535570591,0.0004640865869567868
3.991541090885,0.0004597608591955901
3.992539672722,0.00046067938263851454
3.993542683024,0.00046160786500311097
3.994550216927,0.00044919870941932736
3.995533032085,0.0004386317536979556
3.996495162084,0.00043194419258911195
3.997444879449,0.00045826871395658885
3.998454600044,0.00043222667625709055
3.999409038263,0.00045416796660047317
4.000414434983,0.00045197588101441644
4.001417339096,0.00043232551583485585
4.002378629873,0.0004453726528264836
4.003370961659,0.0004226414326483633
4.004314350719,0.00042182282028649235
4.00525768368,0.0004469282086770088
4.006259046816,0.00043961776778472626
4.007245977093,0.0004454425680729521
4.008247861068,0.0004447414006263935
4.009250172181,0.00041239329116366685
4.010181432776,0.00044865177769221276
4.011196669762,0.0004427989274907269
4.012200953596,0.0004382666987291819
4.013197141056,0.0004414928217888498
4.014202747785,0.0004393725285602644
4.015205445343,0.000439749810422431
4.016210826087,0.00043680051948898004
4.017211401859,0.0004099193459092803
4.018152171124,0.0004365496763471248
4.019155988695,0.0004347544444581909
4.020157601931,0.0004183275863069468
4.021123354015,0.0002762378733039693
4.021762290088,0.00042124342993792876
4.022737982945,0.000415996390746299
4.023702912716,0.0004322335834638099
4.024706739946,0.00042387103236006415
4.025692298904,0.00043031324610252485
4.026694397923,0.0004225974111429706
4.027680587323,0.00039877052550128605
4.02861301447,0.0004184082760498715
4.02959292091,0.00041778896462117796
4.030572582157,0.0004270535071099895
4.031575403549,0.00040591962618362234
4.032530067834,0.00043089873620567995
4.033544987566,0.00042669828047941404
4.034551383598,0.0004117185380147607
4.035523745491,0.00042530969095617033
4.036529832872,0.00042461468351015985
4.037535746439,0.0004240596823110339
4.038541524229,0.0004162011191022467
4.039529777814,0.00040155956629095955
4.040484586962,0.0004182179314301595
4.041480501119,0.00042007104440063025
4.042482618029,0.0004148071939585981
4.04347399704,0.0004152527674290956
4.044468156832,0.00041495376470998904
4.045463297142,0.0004168270205519069
4.046464635454,0.0004199108568572031
4.047475245537,0.0004169471871242553
4.048480646038,0.0004112305785878353
4.049474156388,0.0003988848984067474
4.050439592426,0.0004124543990062529
4.051439613659,0.0004064988579905581
4.052426984662,0.0003627226123182134
4.053309614404,0.00040128281166833035
4.054288338375,0.00041027605699023865
4.055291677152,0.00041028604229070766
4.056297445533,0.0004007324306236869
4.057281868744,0.0004070764491355674
4.058284209236,0.0004089875924052693
4.059293403905,0.0003833007803259108
4.060240876123,0.00040605030740491145
4.06124630503,0.0002842050494630717
4.061950532181,0.00039789952354229714
4.06293741873,0.0004082886651174234
4.063950979143,0.0003896155005355315
4.064918757979,0.0004031090542804003
4.065920658395,0.0004008260648188548
4.066917351972,0.00040411401502818054
4.0679225704,0.00039778344225616514
4.068912305784,0.0004041002185918057
4.069918071805,0.00040043980557544386
4.070915088221,0.0003894671679952577
4.071885001215,0.0004037352467777814
4.072890750277,0.0004013870628474139
4.073891165345,0.0003626059538393431
4.074795440899,0.0004047502954030519
4.07580552713,0.0003594892115709687
4.076703088797,0.0003617668938734257
4.077606497319,0.000404913345485376
4.078617804292,0.0003755925388880506
4.079556188422,0.0003752765325946066
4.080494436545,0.00040651947255708
4.081511464401,0.000401505145298537
4.082516942331,0.0003773875868844403
4.083463115573,0.00037783551652792794
4.084411479042,0.0004004386811418435
4.085417625467,0.00037887364002254283
4.086370673688,0.0003999103331431814
4.087377948281,0.00037269479942670335
4.088317909218,0.0003989059935865422
4.089325338875,0.0003968288379963445
4.090328948223,0.0003982434943739687
4.091337716593,0.0003990083601123699
4.092350267753,0.0003966998246227085
4.093359011239,0.0003934084381359593
4.094361501612,0.00039586928537706294
4.095372095809,0.00038856837060687684
4.096365662741,0.00037506868659621916
4.097326572422,0.00039167788177371416
4.098332293057,0.0003898666923634245
4.099335788791,0.00018817478113411365
4.099821097204,0.0003895261308970449
4.100826676044,0.00038707266476833133
4.101827885972,0.0003866699644035997
4.102830217267,0.00038412966894723043
4.103827991267,0.00038649615843639406
4.104833752505,0.00038382249368983665
4.105834295843,0.00037836927295837474
4.106822354319,0.0003825946353460579
4.107823365994,0.0003863799435580312
4.108836370989,0.00038163124873897246
4.109838897601,0.0003840519857552806
4.110849446755,0.0003796946809008265
4.111850305186,0.00038177769843635647
4.112858737308,0.000379970764581311
4.113864461928,0.0003831609837194642
4.114880809359,0.0003800245691678863
4.1158910226,0.00037761247558378767
4.116897023986,0.00037862008393481144
4.117908021564,0.00037571752975056586
4.118913586054,0.00037633341362835045
4.119922971602,0.0003753214010270705
4.120931726145,0.0003645803685226919
4.121913615202,0.00037169241443207293
4.122916650728,0.0003723182129897047
4.123923534384,0.0003723871650401352
4.124933037682,0.0003695753732757607
4.125937395512,0.00036814456508665633
4.126940161023,0.00036085546750444096
4.127925279606,0.0003695283680213936
4.128936329714,0.00036837420342051663
4.129946509166,0.00035129236882969976
4.130912046936,0.00036373868216284233
4.131914184773,0.000365980947738786
4.132925164946,0.0003346742891698103
4.133851896232,0.0003648217845809382
4.134864368013,0.0003556299750867829
4.135853915423,0.00036090571515831106
4.136860959939,0.0003584006966087371
4.137863938214,0.00035824566264104
4.138869258026,0.0003589797111943767
4.139879845944,0.000341179991053165
4.14084383932,0.00035547092691776014
4.14185173251,0.00035417350223195746
4.142859150749,0.0003450436975625846
4.143843379519,0.00035051449472767984
4.144846054132,0.00035283084295540995
4.145858208533,0.000341897787313203
4.146842192375,0.00034710002885007937
4.147844845935,0.00033933089599636726
4.148828089031,0.00034515566979962504
4.149831019676,0.0003440689020821684
4.150833477491,0.0003445934748268301
4.151839783126,0.00034462483393530934
4.152848300255,0.00034100692762495204
4.153848315675,0.0003421083973225084
4.154853678884,0.00034143789982163316
4.155859064318,0.00034102326158571325
4.156865254755,0.00034160381838983333
4.157875309189,0.0003383154108863168
4.158877616646,0.00030972706789459954
4.159796843905,0.0003392088864038707
4.160805414894,0.0003366168153953303
4.161807862674,0.00033605351781281357
4.162810271368,0.0003346639102057809
4.163810337961,0.000336080660961399
4.164815925486,0.00033377403402163155
4.165815955237,0.00033411328554644367
4.166818325864,0.0003350073768274633
4.16782420324,0.0003345941165541802
4.168829951284,0.0003342957310900058
4.169836275841,0.0003324528164326857
4.170838105763,0.0003316368445334569
4.17183843355,0.0003339101426113071
4.172846844182,0.0003335929183306003
4.173855506043,0.00033162017870126844
4.174859418061,0.00033246102745380874
4.175867282656,0.0003342622418843434
4.176882104175,0.00033087919984458247
4.177888116163,0.0003307134900351074
4.178894971706,0.00032980176099246366
4.179900250181,0.0003309224279009874
4.180909963201,0.000327453847028137
4.181910076009,0.00032995411313271016
4.182918619449,0.0003286993378989768
4.183923812783,0.00032756253531055857
4.184925845069,0.0003272553815065121
4.185927410039,0.0003273726953141129
4.186930005805,0.00033129933188245523
4.187945475661,0.0002178016670344367
4.188613469355,0.00032266477834205873
4.18960383859,0.0003269386706354652
4.190607742943,0.0003301523864390537
4.191622292393,0.00032705325100732365
4.19262828396,0.0003273654554756782
4.193635448557,0.00032768062556899743
4.19464387717,0.00032783365836703735
4.195653170228,0.00032694719774600106
4.196659987748,0.000324652783963078
4.197660040596,0.0003253095157675481
4.198662627744,0.00032538622786702266
4.199666234957,0.0003256782727445064
4.200671332153,0.00032584881669044276
4.201677125047,0.00032409322178925446
4.202677390729,0.00032575447529538957
4.203682744853,0.0003260179191659579
4.204688861534,0.0003259504172211051
4.205694605741,0.00032450668406412025
4.206695798947,0.0003243568960530373
4.207696364469,0.00032592212786992036
4.208701469483,0.00032599642420052437
4.209706613591,0.0003247270391050165
4.210708103424,0.00032452421607532785
4.211708923898,0.00032449258069684365
4.212709385151,0.00032544413182078815
4.213712987347,0.0003270351125417131
4.214721727471,0.00032424565062291657
4.215722498854,0.0003259577223038018
4.216729221327,0.0003258429923311361
4.217735904227,0.0003238693911584025
4.218737113922,0.00032558364335419224
4.219744356098,0.0003239642569694692
4.22074748769,0.00032509458265680676
4.221755498431,0.0003222815401484858
4.222756406009,0.0003250881074576457
4.223767173193,0.000322901801323275
4.224771906145,0.0003234294144147951
4.225779666384,0.0003206006962942795
4.22678055901,0.00031996685535887973
4.227781752386,0.00032165748074940067
4.228790647808,0.00031886489089228884
4.229793024111,0.0003199784767462787
4.230801332101,0.0003193005063896649
4.231810191045,0.00031657870556682575
4.232813333443,0.0003159453590343579
4.233817364943,7.402800599153828e-05
4.234052981078,0.00031704704510801876
4.235064121144,0.0003140638768517277
4.236068727336,0.0003119039027484796
4.237071512344,0.0003095334894350877
4.238075503767,0.00030702898885781425
4.239080758423,0.0003072263611534422
4.240092667032,0.00030501212454579817
4.24110094911,0.00030184951554615934
4.24210226481,0.00030310041499250623
4.243111189429,0.00030010098115703374
4.244113243609,0.00030003050847384307
4.245117926457,0.0002981366356320942
4.246119115307,0.0002981669087675365
4.24712349398,0.00029778719920894485
4.248129874584,0.00029670591156214746
4.249135773655,0.00029897470440091143
4.250152393149,0.0002951967134033729
4.251158914056,0.0002957985990725882
4.252170216458,0.0002917140748748676
4.253170406011,0.0002918911454312185
4.254173912421,0.00029262411446092436
4.255182000163,0.0002952543014663326
4.256200893601,0.00029120155189359364
4.257208155064,0.0002896623317777462
4.25821260317,0.00028808895022253063
4.259213574275,0.00029164031652263115
4.260228719862,0.00029246365795600773
4.261248564364,0.00028809961120946953
4.262254911579,0.0002862245328603766
4.263256296588,0.00028580133009962073
4.264257840184,0.0002861154526900966
4.265262218069,0.0002851351543215825
4.266264995302,0.0002853736504973063
4.267269918133,0.0002846622960521245
4.268273228202,0.00028593058963947385
4.26928223311,0.00028459065179658126
4.270287802548,0.0002827504566102081
4.271288358796,0.00028359827579271834
4.272293419421,0.00028500264476862675
4.273304742755,0.0002828194529732713
4.2743094029,0.0002846231384639491
4.2753214682,0.0002821333892086776
4.276325648975,0.0002838109548797645
4.277336566634,0.0002837567887829007
4.278347769225,0.00028346445383371224
4.279358528413,0.0002814294523218313
4.280362756024,0.0002814549869293848
4.28136776825,0.0002811506815413435
4.282372646318,0.00028257453259776934
4.283383629154,0.000120669194124545
4.283815691632,0.0002796486611756696
4.284818028845,0.00027998921306177397
4.285823931261,0.00028219291900550284
4.286840553544,0.0002791682990205319
4.287848589081,0.0002772775221003079
4.288852917452,0.00027492254272445764
4.289855441785,0.00027215791566719016
4.290856261301,0.0002722219273550831
4.291862360176,0.00027338564827469436
4.292874373902,0.00026999573598732315
4.293874550472,0.0002708599085503047
4.294878131773,0.00027142469746066294
4.29588386842,0.00027103401625861237
4.296888147677,0.00027038532154825985
4.29789001145,0.00026995956050616444
4.298890344487,0.00027131703521257274
4.299895640814,0.0002709115678903864
4.300899275751,0.00027197784553035056
4.301906788576,0.0002714342671216225
4.302912145259,0.00027165980414067077
4.303918048493,0.00027344194869513105
4.304930281485,0.00027279648603996035
4.305939698789,0.00027096396594205934
4.306941938458,0.0002723454626078547
4.307949091237,0.00027159060173878553
4.308953183317,0.0002731162021154765
4.309962747113,0.000272547930201131
4.310970039338,0.00027338413072951087
4.311980297173,0.00027231035203866666
4.312986594931,0.00027424985462141634
4.314000052097,0.00027272192027533984
4.315008151836,0.0002711808419659213
4.31601109334,0.00027359218194084826
4.317023504661,0.0002727345102874186
4.318033282105,0.0002709172608531134
4.319036311268,0.0002714749332667782
4.320041191911,0.0002708485248463322
4.321043866478,0.00027231628825724065
4.322052247551,0.0002725033186361523
4.323061837462,0.0002705252833843403
4.324064512773,0.00027018378432527363
4.325066251521,0.0002717963592823168
4.326074495091,0.00027032546443614836
4.327078118052,0.0002693244891079313
4.328078989769,0.0002713344117725685
4.329088087634,0.0002451152820388492
4.330000232584,0.0002688379008937256
4.331001532386,0.00024784457029142345
4.331925741507,0.0002674188729477627
4.332924421714,0.0002680483235808217
4.333926731491,0.00026994882963441856
4.334937260153,0.0002675017555093397
4.335940011069,0.00026729888094183463
4.336943598323,0.00027185822424069886
4.337966032913,0.000269421794935296
4.33898109578,0.00026623827282232205
4.339986335938,0.00026610367610259596
4.340993238754,0.0002661965406478824
4.342002701397,0.00026455424052011887
4.343008094018,0.0002628840938718423
4.344009427668,0.0002660531087698098
4.345025167279,0.0002626939359214837
4.346030313905,0.00026442485757760266
4.347044327643,0.00026038113872138313
4.348044949498,0.00025997586784413327
4.349046059753,0.00026036507858357734
4.350051060208,0.000257223598283702
4.351052159011,0.0002595367066758596
4.352073702659,0.00025263673361133415
4.35307483488,0.0002525517714368892
4.354078769587,0.0002519627347604252
4.355082572718,0.00025069738042386204
4.356083173256,0.0002510812417380038
4.357089037935,0.0002517250445477182
4.358104740698,0.00024766836538829627
4.359111407336,0.00024512652733802505
4.360112342484,0.0002457823426316518
4.361118879551,0.00024506332058898527
4.362125002451,0.00024681025900087487
4.363140911906,0.00024703156000858306
4.364160131038,0.0002449271415507267
4.365172694397,0.00024234464259972522
4.366176444208,0.00024320793555194828
4.367185526547,0.00024181590929455636
4.368190881873,0.000245048392901358
4.369211802856,0.00024166031583331462
4.370220457482,0.0002394923689923421
4.371221752269,0.00024100873308337118
4.372231111266,0.0002414999064714037
4.373244273482,0.0002394643302985286
4.374250567897,0.0002380040037945947
4.375252040346,1.2244328742472543e-05
4.375303611652,0.00024022045083111192
4.37631567718,0.0002388590333673357
4.377323197388,0.00023728043520890313
4.378325094129,0.00023883497371150606
4.379334375923,0.0002375659653079576
4.380338905791,0.00023840182480887342
4.381347414109,0.0002374866033171061
4.38235195472,0.00023905050305647005
4.383363070478,0.00023677322350950232
4.384364716252,0.0002395939842419872
4.385378261908,0.00023662893144702082
4.386379241777,0.00023929949267038268
4.387391478614,0.00023698616158001793
4.388393786481,0.00023834595784021382
4.389401456575,0.00023861219566479638
4.390409597418,0.0002380059635422566
4.391414655146,0.00023635390090723162
4.392412193069,0.00023737463424315034
4.39341306109,0.00023939564038649608
4.394421261592,0.00023918419973301065
4.395427569845,0.00023971624213819096
4.396435273794,0.00023933389488790504
4.397440493648,0.0002389995778640088
4.398443479549,0.00023853832797516734
4.399443913598,0.00023940842689617616
4.400447384891,0.00024140297481429237
4.401458332469,0.00023915702894155265
4.402459012232,0.0002403019481532523
4.403463802179,0.00024189255992983574
4.404474758324,0.00024085428382791845
4.405480915526,0.00024146568314495175
4.40648925525,0.0002450919213355493
4.407512477606,0.00024089375228723001
4.408518089197,0.00023915676974281303
4.40952076909,0.00023889432693802016
4.41053131083,0.00023534720063301897
4.411533761997,0.00023474465719994448
4.412536333485,0.00023858565228099862
4.413556478178,0.00023411184355779283
4.414558461323,0.00023423340780141656
4.415561781205,0.00023424020094829198
4.416565928109,0.00023432364798809343
4.417571428098,0.00023318391275873104
4.41857305069,0.00023492931128204616
4.419582995645,0.0002331266876742137
4.420585956342,0.00021116500764141403
4.421495225574,0.00023343960582254073
4.422501322316,0.00023321194934585907
4.423507142828,0.00023531832400699329
4.424522953642,0.00023197417505078178
4.425525284082,0.00023210272233093775
4.426528835384,0.00023139436990031838
4.42753066251,0.00023126915225669893
4.428542240072,0.00022663215340863017
4.429545790193,0.0002270232105415662
4.430556733153,0.00022598012904214432
4.431566580499,0.0002260637400954033
4.432579708791,0.00022323620049029697
4.433582826021,0.0002241680652508851
4.434592479673,0.00022231315825926428
4.435596050969,0.00022288350062633455
4.436604501167,0.00022190992104419475
4.437610922742,0.00022089601099781723
4.438615269516,0.00021950276061543126
4.43961588206,0.00021939146821944768
4.440618420837,0.0002193893443638782
4.441623309796,0.00021860936584140625
4.44262688446,0.00022089530718553914
4.443643196561,0.000221070632330276
4.44466246883,0.00021821733650943811
4.445670580236,0.00021830685503546396
4.446681055644,0.00021685317695109368
4.447686728298,0.00022000020309096032
4.44870878838,0.00021497876916357783
4.449709211535,0.0002160149138992132
4.450716277451,0.0002147891505541922
4.45171940102,0.00021515386239853506
4.452725846361,0.0002136441262663437
4.453727038994,0.00021462113099571885
4.454734547049,0.00021577496708750834
4.455748858914,0.00021312467281080037
4.456752312268,0.00021264951235580972
4.457755408225,0.00014932131945153402
4.458460875833,0.00012591664294708729
4.459056465062,0.0001365325577335369
4.459702629015,0.00012257927322964794
4.460283774819,0.00012871581726287657
4.460894327004,0.00018633378589984326
4.461779294426,0.00021036199531260862
4.4627800942,0.00021136300599954697
4.463787424705,0.00021089977575929113
4.464794449138,0.0002114491036064824
4.465806091263,0.00012097975589118616
4.466385936436,0.00012320878654387393
4.466976724954,0.0001169284479936908
4.467538458652,0.00011207561180894677
4.468077058891,0.00010880345398625651
4.468600780055,0.0001119141055687357
4.469139700653,0.00011179920694232554
4.469678903739,0.00011423581706766512
4.470230155354,0.0001611770177518712
4.47100890394,0.0001637579980707042
4.471801448804,0.00010810684048496011
4.472325220314,0.00010422084068872095
4.472830781538,0.00010344886367393507
4.473333015863,0.00010255799374733215
4.473831497592,0.00010343963206972837
4.474334680959,0.00010387621297339419
4.474840560011,9.635339089690721e-05
4.475310650562,0.00010259203085405324
4.475812919666,0.00010299719068997494
4.47631916798,9.097691071620586e-05
4.476770184592,7.484298142511401e-05
4.477141217475,7.421809053038209e-05
4.477512247146,7.410248113134919e-05
4.477883272096,7.825647731733167e-05
4.478275168589,7.389908901070806e-05
4.47864618537,7.972581812482659e-05
4.479046455782,8.13821182521976e-05
4.47945529281,0.00010334505213446956
4.479974927325,0.00010024603902934919
4.480479121265,9.78514910428589e-05
4.480971596812,9.705955819646646e-05
4.481460137439,1.8778983958951903e-05
4.481554702269,8.970880947392985e-05
4.48200644687,7.3669814527735e-05
4.482377424252,7.304134418071752e-05
4.482745434496,7.362503601055447e-05
4.483116403851,7.219097438625233e-05
4.483480173563,7.356333485986718e-05
4.483851136054,9.114736393339178e-05
4.484310770729,7.354713657873204e-05
4.484681727583,0.0001115833857940866
4.485244637812,0.00018552226832565123
4.486180554951,6.055549417818773e-05
4.486486044111,6.055733436336546e-05
4.486791530616,0.00016801435035729447
4.487639081107,0.0001985910701111058
4.488640885076,0.00019924664784628176
4.489645901607,0.00019896330265303466
4.49064915419,0.00019969595020477625
4.491655725478,0.00019922632398344033
4.492659583654,0.00019951294971313062
4.493664174983,0.0002016627037454838
4.494678723808,0.00019992393245549665
4.495683980766,0.00020243446450708325
4.496701067716,0.00019981179662250357
4.497704093922,0.00019949178019396265
4.498704841969,0.00019997709096720512
4.499707320255,0.00020153141671338664
4.500716997876,0.00020162324248300156
4.501726691666,0.00020046644632525668
4.502730316631,0.00020324575406032667
4.503747580835,0.0002027475105902802
4.50476208669,0.0002021444721279848
4.505773417193,0.00020068573640859118
4.506779158818,0.00019895557626919134
4.507784187492,0.00019742354634951759
4.508792606994,0.00019493791300394754
4.509794589992,0.00019544064665376259
4.510800474091,0.0001985498944832639
4.511822951523,0.0001949870898182224
4.512827462654,0.00010220837796745964
4.513354116695,0.0001943984277024302
4.514356157363,0.000195173806099624
4.515362464512,0.00019735363409907966
4.516379975741,0.0001974617053798993
4.517398035515,0.00019545138993197324
4.518405808432,0.00019500086738851932
4.519411516235,0.00019543680828314243
4.520419633623,0.0001948657013140533
4.521424705464,0.00019537039519563934
4.522432551125,0.0001948796972178576
4.523438319948,0.0001947465921205446
4.524443775619,0.00019514556617295637
4.525451739937,0.00019362687342797653
4.526452334512,0.0001948991283666102
4.527459832034,0.00019479829837675905
4.528467415463,0.00019384099132501427
4.529471078814,0.0001942452681375745
4.530477908738,0.00019275926581936208
4.531478011746,0.0001926811443581214
4.532478808521,0.00019258562555721866
4.533480535457,0.00019263304600551374
4.534483598889,0.00019200222070856387
4.535484414111,0.00019511992953467235
4.536503058599,0.00019398850206502993
4.537517088493,0.00019321193645894432
4.538528339665,0.00019372658699670205
4.539543762251,0.00019090270726297086
4.540545718783,0.0001904750625836962
4.5415469813,0.00019280851418122553
4.542561882996,0.0001907915283034459
4.543567439006,0.00018984830750655104
4.544569385518,0.00019150097213151411
4.545581473383,0.00018896115288489785
4.54658157707,0.000189116410559343
4.547584004389,0.00019060767625644556
4.548595893826,0.00018968957185870353
4.549604374296,0.00018783401105180975
4.550604486938,0.00018758415359609138
4.551604788119,0.00018844119201575352
4.552611418404,0.00018722894338499938
4.553613538476,0.00018723674604718813
4.554617834293,0.00018671972359933484
4.555623337844,0.00018607007369039858
4.556634681008,0.0001918893948518173
4.557690449363,0.00018122278548690066
4.558695165447,0.00018216758535824338
4.559708152635,0.00018831393753639884
4.560757776985,0.0001817609938645262
4.561772825378,0.00018066188544525386
4.562783266001,0.00017990383519792474
4.563790844823,0.0001826559588250493
4.564815426599,0.00018082971177408203
4.565831352535,0.00018160694168931247
4.566853018699,0.0001779623700785541
4.567855182188,4.110602546841629e-05
4.568086844932,0.00017834149159651647
4.569092333782,0.00017761751181875153
4.570094694195,0.0001780154107927661
4.571100151515,0.00017892495956566907
4.572111439526,0.00017683764784140715
4.573111505593,0.00017797754704059499
4.57411858872,0.00017997885859908635
4.575137648903,0.00017838522291842608
4.57614846081,0.00017639830475299064
4.577148920716,0.00017744409283842073
4.578156541282,0.00017614477274809578
4.579157876957,0.0001764368612082688
4.580162050801,0.00017864672299084593
4.581180192325,0.00017611972914261632
4.58218524302,0.00017731882955761502
4.583198510758,0.00017616780739435184
4.584206420442,0.00017585406741014542
4.585213795508,0.0001746661835864815
4.586215570845,0.00017657272213185863
4.58722921554,0.00017459797936447702
4.58823252037,0.00017429671520019486
4.589235303447,0.0001739732358387884
4.590237429556,0.00017405522720404204
4.591241296211,0.0001744989490184509
4.592249068578,0.00017698969308855775
4.593272697788,0.00017337350281550125
4.594277028282,0.00017338739001573124
4.595283207783,0.00017310986335668076
4.596289600907,0.00017669649508478933
4.597320547816,0.00016988860626676778
4.598322787664,0.00016802569126872242
4.599328679307,0.00016885694032739928
4.600348833132,0.00016571280087090729
4.601353111184,0.00016635533313122356
4.60236371783,0.0001654926413612763
4.603371174004,0.0001643008147174095
4.604373401961,0.00016499676041375542
4.605381824855,0.00016689502140902377
4.606403719853,0.0001648427751223931
4.607414945143,0.00016419281496405776
4.608423879642,0.00016512368164354953
4.60944020179,0.00016286205644430637
4.610444399239,0.00016309616917383493
4.611451781844,0.00016248729981696556
4.612456894221,0.00016257833879486223
4.613464001578,0.00016137191306584998
4.61446519613,0.00016185899464933872
4.615470935497,0.0001640193192089699
4.616491196851,0.00016228252951695288
4.617501999296,0.00016179579762921382
4.618511256683,0.0001619744800370291
4.619523019326,0.00016210609574476587
4.620537025749,0.00016243157361009724
4.621554734627,0.0001630717259178164
4.622578104318,0.0001611744167703223
4.623591179594,0.00016030435936938606
4.62460041848,0.00015920105023978378
4.625604277928,0.00016200453500808074
4.626627553156,0.00015867049708216557
4.627632459912,0.00016390759540061504
4.628677695352,0.00015564349020734733
4.629680409742,6.327480394920307e-05
4.630090152871,0.00015606537582478274
4.631104247204,0.0001554992303640836
4.63211699737,0.00015496391577366563
4.633127695927,0.000153503136206948
4.634129953671,0.0001537439598152769
4.635134651465,0.00015614718787703333
4.636155705304,0.0001559348153157079
4.637175797617,0.0001528885460964573
4.63817647974,0.0001537777723782804
4.639183458168,0.00015440642915663416
4.640194951232,0.00015419010854863824
4.641205347822,0.00015431804831020734
4.642216763556,0.0001539788550249671
4.643226019482,0.0001525995927403583
4.644226127352,0.00015267177810557523
4.645226664924,0.00015378924754480468
4.646234591255,0.0001545255588953547
4.647247426458,0.00015373931362127594
4.648255213596,0.00015764673605637677
4.649288686297,0.00015326922019332588
4.650293469163,0.00015302143888288258
4.651296603389,0.00015430111566238987
4.652308000313,0.00015533645489740347
4.653326153266,0.00015510900533775577
4.654343015204,0.00015369561051751968
4.655350757954,0.0001539963230533169
4.656360539464,0.00015328784155186942
4.657365820764,0.00015417500340855116
4.658377037366,0.00015303647850035664
4.659380835022,0.00015334827530803574
4.660386777167,0.00015337222952038293
4.661392974059,0.00015332035284821975
4.662398646071,0.00015974474054621747
4.663445891539,0.00015369313413439074
4.664452981039,0.00015330541871659735
4.665457091648,0.00015521334539974528
4.66647320129,0.00015498096619307367
4.667487348132,0.00015429316092422672
4.668496739984,0.00015537670463221926
4.669513011101,0.00015601735556752615
4.670533098845,0.00015391643489608484
4.671539409481,0.00015309752282171261
4.67254072077,0.0001531245326689578
4.67354253983,0.00015863740604946854
4.674580801465,0.0001544948026540228
4.67559242014,0.00015361695664679073
4.676598719756,0.00015394909312545143
4.677607502206,0.0001540112869926228
4.678616979909,0.0001546878518998188
4.679631315655,0.0001526104086401893
4.68063240885,0.00015686092784377223
4.681661717296,0.00015316920218150012
4.68266715311,0.00015453284637812956
4.683681954793,0.0001528388151217286
4.684686025916,0.0001541466352946707
4.685699010406,0.00015692352287286344
4.686730702045,0.00015451746982383867
4.687747271659,0.00015198525610000388
4.688747954736,0.00015327743081532545
4.689757983066,0.00015486282738245324
4.690779258278,0.00015192831902228733
4.691781994147,0.0001523315644704217
4.692788553589,0.00015224842607240914
4.693796061383,0.0001521652605733785
4.694804511966,0.00015148090132223853
4.695809868442,0.00015471389132674563
4.696838368875,0.00015150253651453283
4.697848173187,0.00014968416902735393
4.698850093592,6.2957004540879e-05
4.699273276451,0.00014926733082241294
4.700284454033,0.000148030795587439
4.701294295756,0.00015173111421715803
4.702333096779,0.00014625942411711335
4.703334618341,0.00014899734249583033
4.70435609134,0.000148882191730301
4.705379693703,0.00014889146386211805
4.706408619975,0.000148450288954278
4.707442119755,0.00014312521508744023
4.708446099928,0.0001416813819337486
4.709447194914,0.00014167683829798225
4.710454824371,0.00014053278794854472
4.711460086464,0.00014024384953568303
4.712467927585,0.00014430209770596443
4.713508139237,0.0001385682685894213
4.71450906073,0.00013832828109370464
4.715509807695,0.00014305676092167194
4.716546329189,0.00014159599997380613
4.717573792724,0.00013836945152612536
4.718579621193,0.00014071079209890247
4.719604401769,0.0001380301643438721
4.720611417664,0.00013813228916704316
4.721620740265,0.00013903659339452708
4.722638258078,0.00013745529699647868
4.723645760927,0.00013691125318744457
4.724650582256,0.00013683722407970795
4.725656028598,0.00013688123236634822
4.726662994351,0.0001357823435266129
4.727663063897,0.00013791177507047728
4.728680404174,0.0001400828295771686
4.72971534146,0.0001354818973542152
4.730717345475,0.000140406312677604
4.731756823702,0.00013511624360829663
4.732758214365,0.00013507405566166554
4.733760313781,0.00013729747229196924
4.734780036206,0.00014082379553930532
4.735827172263,0.00013571744177133565
4.736837560782,0.00013627797911699562
4.737853495213,0.00013539343607908748
4.738864350149,0.00013389895790393762
4.739865394597,0.0001366884439924629
4.740888524758,0.00013767903285108815
4.741920634215,0.0001338792685429927
4.742926338547,0.00013332782748586513
4.743931880995,0.00013492664464359307
4.744957539846,0.00013261420239114234
4.745973173452,0.00013287177588743572
4.746995073425,0.00012998913068667365
4.747997176029,0.00012951809838449328
4.748997446477,0.00013002319099376426
4.750003309202,0.00013067220390194142
4.751016180627,0.00013343250206816054
4.752053110633,0.0001367110623586326
4.753118462598,0.00012832298667424442
4.754120891801,0.0001287716942031075
4.755129144601,0.00013232907271837905
4.756167997834,0.00013424048937647965
4.757224528422,0.00012731729785529677
4.758228427581,0.00012658522440847186
4.759228472009,0.00012724000565665072
4.760235826465,0.00012868802401202431
4.761256360001,0.0001262020300627221
4.762258485448,0.0001260110188247985
4.763260701131,0.00012695028270324625
4.764272015463,0.00012662275215901255
4.765282323189,0.00012600384740283477
4.766289480052,0.00012757448884514954
4.767310661419,0.00012618907979537665
4.768322257855,0.00012677154858433543
4.769339836235,0.0001282837877415187
4.770370728655,0.00012442674478069644
4.771371724419,0.00013238945961476049
4.772437678665,0.00012736509861468247
4.773464342232,0.00012515983849575656
4.774474315842,4.897664621029544e-06
4.77451384694,0.0001258734349890164
4.775530729672,0.00012475805677471317
4.77653990369,0.0001243117365275289
4.777546826074,0.00012782330618175774
4.778583620845,0.0001235908146869708
4.779587086971,0.00012443984963495718
4.78059852826,0.00012489968354733908
4.781614983186,0.00012515655884966768
4.782634635873,0.00012523427622263147
4.783655941716,0.00012368191319515832
4.784666488861,0.00012311939251471348
4.785677658918,0.00012166448761841007
4.786683320722,0.00012128182254919433
4.787690113553,0.00012248492424315734
4.78870887844,0.00012698561806295358
4.789766571874,0.00012486148696805432
4.790807754116,0.00012406504453448257
4.79184356696,0.00012080517961718375
4.792853498738,0.00012040193801012608
4.79386133319,0.00011966421482667876
4.794864102789,0.00012323957644016495
4.795898038058,0.00011939905246436606
4.796901026488,0.0001194938378287016
4.7979059964,0.00012121558203036158
4.798926760434,0.0001268346825336933
4.799996424641,0.00011908022599179684
4.801002109829,0.00012549268634602748
4.802063435717,0.00011929962951809711
4.803073709084,0.00011995484388027283
4.804090686247,0.00011873069157017756
4.805098484872,0.00012190310264073516
4.806134481103,0.00011818146961817567
4.807140016698,0.00012583572423360536
4.80821199612,0.00011899202080593933
4.809226764903,0.00011787013324784948
4.810232933101,0.00011775070279429114
4.811239057656,0.00011747502267736844
4.812243889742,0.00011972665262261491
4.81326922038,0.00011867561891975111
4.814286679944,0.00011830151444754322
4.815302052507,0.00011764872956863562
4.816312997945,0.00011820180289277398
4.817329865132,0.00011657563649803237
4.818333815751,0.00011893867190936806
4.81935926187,0.00011626242788214002
4.820362960814,0.0001170595908363899
4.821374682801,0.00011564575649875525
4.822374829207,0.00011576912672125812
4.823376929344,0.0001167895818032006
4.824388871206,0.00011624546269479495
4.825397042039,0.00011648284362416257
4.82640843666,0.00011700669869826771
4.827425390765,0.00011654854870664217
4.828439521494,0.00012129638252780578
4.829496141193,0.00012259652287992565
4.830565295332,0.00011735358421089285
4.83158990573,0.0001144501023658182
4.832590210567,0.00011981760693208535
4.833638512768,0.00011693575092210696
4.834662755506,0.00011795557619673726
4.835697178253,0.0001172852485816736
4.836727270656,0.00012105298609299137
4.837792073576,0.0001157860681279646
4.838811979311,0.00011537929718435865
4.839829747231,0.00011539178163999167
4.840849100445,0.0001134990899207816
4.841853016544,0.00011632946419520918
4.842883422632,0.00011481440867352395
4.843901953801,0.00011521440829376266
4.844925564693,0.00011255639794954753
4.845926743649,0.00011388629755010549
4.846940949185,0.00011356650879690426
4.847953804171,0.00012062061308247711
4.849031382978,0.00011209380698860598
4.850034094341,0.00011783583293217329
4.851089323727,0.00011263820553515221
4.852099130896,0.00011207565262350207
4.853104830382,0.00011139138626883977
4.854105547427,0.00011179027152798766
4.855110938078,0.00011169600226144072
4.856116575337,0.00011251906474804893
4.857130918997,7.657584834114458e-05
4.857822048843,0.00011368860322198289
4.858849081036,0.00011079543353348552
4.859851066524,0.00011290425288353674
4.860873275532,0.00011272926171929378
4.861895225856,0.0001116318861780645
4.862908603162,0.0001106810852330642
4.863914793149,0.0001115216962681362
4.864930066923,0.00011170488977735722
4.86594818653,0.00011111159395848751
4.866961926416,0.00011412574150473067
4.868004170719,0.00011308176765104758
4.86903817527,0.00011055601536277159
4.870050471642,0.00010992888280342671
4.871058393383,0.00010932685600331278
4.872062242523,0.00011081445924462746
4.873081142291,0.000111900456491136
4.874111490567,0.0001087551690958719
4.875114304753,0.00010879589225546675
4.876119228661,0.00011329114427089938
4.877167745389,0.00010973140440964017
4.878184972894,0.0001095761569220353
4.879202199362,0.00010940240174335896
4.880219414859,0.00011506716356964294
4.881291358535,0.00011243034019801824
4.882341840759,0.0001093695589006759
4.883367705237,0.00010656845285513203
4.884370827862,0.00010643911484671526
4.885375339781,0.00010632417498669368
4.886380890408,0.00010615731245523842
4.88738661299,0.0001106386164940562
4.888436718549,0.0001065281486336055
4.889449684255,0.00010592382431808041
4.890458691523,0.00010552500779619334
4.891465773445,0.00011190156873459726
4.892535782456,0.00010853350789109128
4.893575782456,0.0001113895788683375
4.894645588916,0.00010770191655051496
4.895682617427,0.00010758260267203927
4.896721026023,0.00010415501825744125
4.897728250829,0.00010620569129436483
4.898756802956,0.00010357602335477722
4.89976149772,0.00010304887574107806
4.900762825834,0.00010315381095635424
4.901766853064,0.00010341276947820905
4.902775153721,0.00010344513113893483
4.903785636302,0.0001034641182547042
4.904798160735,0.0001059697948150055
4.905837149647,0.0001033920446143069
4.906852708513,0.00010513660597835841
4.907887109282,0.00010439436041676103
4.90891600205,0.0001014194459642966
4.909917328011,0.0001026371159708334
4.910932376227,0.0001015618303836905
4.91193854504,0.00010161488930562417
4.912947204347,0.00010158131567041581
4.913957564543,0.00010197470093569819
4.914973883346,0.00010201979431349531
4.915992929492,0.00010254535153043169
4.917019574289,0.00010048773059752217
4.918027376754,1.4051433952357455e-05
4.91816844983,9.990056344963655e-05
4.919172043154,9.94454113969126e-05
4.920172889723,0.0001018274365606885
4.921199791585,9.936680456167348e-05
4.922203818828,9.924853336218856e-05
4.923208581653,0.00010077715059025457
4.92423060887,0.00010002993510930711
4.925246979005,0.00010236564315185381
4.92628911674,0.00010304478895376625
4.927340125368,0.0001017408458162132
4.928380125368,0.00010170091768460027
4.929421970007,0.0001022095505847923
4.9304711379,9.789617771234449e-05
4.931478393624,0.00010063346060743407
4.932516260171,0.00010320284726470537
4.933582729076,0.00010161601307918843
4.934635226286,9.64088785653113e-05
4.935636341853,9.707102410243415e-05
4.936646533957,9.911641201400567e-05
4.937680685866,9.738976429566991e-05
4.93869946422,9.677449403396679e-05
4.939714041757,0.00010003054028810706
4.94076543894,9.874671300959598e-05
4.941805916257,9.85194763884087e-05
4.94284662787,9.517032013533756e-05
4.943854500544,9.83120066404587e-05
4.944898314966,9.508171544049068e-05
4.945910577549,9.898930539085945e-05
4.946967612122,9.373838230568948e-05
4.947971395019,9.737407412621654e-05
4.949017173542,9.420410529256629e-05
4.950031705909,9.78211962443986e-05
4.951087971243,9.946333684245895e-05
4.952164835523,9.322775912588805e-05
4.953176601889,9.335485014505544e-05
4.954192235227,9.69757691452275e-05
4.955249983814,9.201606535982603e-05
4.956256105755,9.342581443123596e-05
4.957280033593,9.464501089256633e-05
4.958319770537,9.330344829722735e-05
4.959346726941,9.291242173551487e-05
4.960371457507,9.165438967722876e-05
4.961384552929,9.43197663106458e-05
4.962429381443,9.013373721386843e-05
4.963430142008,9.012813959468549e-05
4.964432919264,9.236002944310036e-05
4.965462638514,9.304523016640627e-05
4.966502181896,9.538606850665796e-05
4.967570181896,9.142730419953925e-05
4.968596047868,9.082794987136208e-05
4.969617278746,9.488328535277345e-05
4.970686315645,9.360605508106644e-05
4.971743145639,8.98507347900138e-05
4.972759797035,8.881905783405546e-05
4.973766989573,8.994992626606301e-05
4.974789153388,8.782096667727891e-05
4.975789200292,8.898370952349894e-05
4.97680446384,9.095519665557104e-05
4.977844189364,8.965974560424562e-05
4.978870952646,8.96932418120711e-05
4.979899988459,8.735596067228793e-05
4.980904083705,9.084007761075695e-05
4.981950018258,9.020229196397368e-05
4.982990498594,9.182505449765359e-05
4.984051792608,9.018993690534223e-05
4.985096104708,8.903105284266771e-05
4.98612886554,8.7964315970151e-05
4.98715091782,8.627470013597825e-05
4.988154964232,8.611513511935669e-05
4.989159033099,8.58749986402526e-05
4.990162120694,9.042190454983944e-05
4.991220091811,8.972183135758744e-05
4.992271803554,8.569326426972182e-05
4.993278122457,8.575748342649787e-05
4.99428681034,8.532816090196555e-05
4.995291987044,4.790868081099396e-05
4.995856921255,3.416683578813167e-05
4.996260365699,8.498795436736665e-05
4.997264651732,8.599436245169254e-05
4.99828244394,8.493413167469403e-05
4.999289462841,8.527362486869546e-05
5.000302546344,8.457075489749343e-05
5.001309250148,8.709701290788956e-05
5.002347797465,8.392903372364074e-05
5.003350285674,8.396378515020505e-05
5.004355023054,8.400088593393866e-05
5.005361955281,8.470686513890332e-05
5.006378890699,8.417503326343296e-05
5.007390913611,8.36011365832074e-05
5.008397777459,8.313750539904466e-05
5.009400856361,8.406700402280567e-05
5.010416878715,8.589426515794146e-05
5.011456878715,8.565789965339284e-05
5.012496878715,8.540013879645612e-05
5.013536878715,8.42577334094597e-05
5.014567471825,8.257417894419028e-05
5.015581726366,8.232761547777764e-05
5.016595924447,8.212511286502237e-05
5.017610092627,8.361054799344977e-05
5.018645005193,8.101468398425047e-05
5.019650067963,8.200537605800949e-05
5.020669525453,8.305285086439564e-05
5.021703953386,8.227197422997252e-05
5.022730303272,8.323825663638756e-05
5.023770303272,8.288088337955526e-05
5.024807531345,8.132783899550128e-05
5.025827040589,8.237299702766051e-05
5.026861220246,8.356433629191077e-05
5.027911884858,7.996069928178393e-05
5.028918721607,8.093177745308909e-05
5.029939258179,8.057318370619993e-05
5.030956820774,7.934316329060836e-05
5.031960289315,8.06249273467112e-05
5.032981299274,7.96608842659727e-05
5.03399135188,8.438551349532643e-05
5.035062583694,8.395469263330216e-05
5.036129708425,7.8609147751541e-05
5.037130275346,7.924357741175324e-05
5.03814009093,8.094474339570872e-05
5.039172356435,7.847500618166364e-05
5.04017366528,7.962825023836444e-05
5.041190293604,7.878119838207837e-05
5.042196703015,7.992584009555102e-05
5.043218311413,8.06733480892698e-05
5.044250156841,7.90539095002528e-05
5.045261933577,7.817560680486236e-05
5.046263016181,5.6289069061170935e-05
5.04698414957,8.12640912561906e-05
5.048025926891,7.840584197043824e-05
5.049031631168,7.845652915111569e-05
5.050038536602,7.936706339716443e-05
5.051057625581,8.161729805026778e-05
5.052106311741,7.79648826455464e-05
5.053108763811,8.266110547032514e-05
5.054172152076,8.234622679727268e-05
5.055232269908,8.095328948364122e-05
5.05627514183,8.259879907736149e-05
5.057339875512,7.877825447588272e-05
5.058356135685,7.865694749875537e-05
5.059371435988,7.938861778743389e-05
5.060396833351,7.8951710482028e-05
5.061417343997,7.855490065779733e-05
5.062433530945,8.016351552072524e-05
5.06347153655,8.127302991875555e-05
5.064525145483,7.783946541181787e-05
5.065535426604,8.302815170866017e-05
5.066614098232,7.70213302568066e-05
5.067615770867,7.989880868846286e-05
5.068655770867,7.918628140545116e-05
5.069687514285,7.828298864333114e-05
5.070708661859,8.254358270366028e-05
5.071786427205,7.757407814804493e-05
5.072800364843,7.651323651618869e-05
5.073801549082,7.807766842907593e-05
5.074824212451,7.803290180245915e-05
5.075847307779,8.001949180005217e-05
5.076897382051,7.669200027076434e-05
5.077904786624,8.168538534492878e-05
5.078979169808,7.633323675554193e-05
5.079984413136,6.885385947996475e-05
5.080892105025,7.789951093783769e-05
5.081920009569,7.848516656879614e-05
5.082956872839,7.629049125028713e-05
5.083965928522,7.826233148023235e-05
5.085001922511,7.825871519696396e-05
5.086038675309,4.0847033264897866e-05
5.0865801692,7.676939960246316e-05
5.087598747163,7.62034181058472e-05
5.088610837264,7.813307848426827e-05
5.089649826084,7.534096058835156e-05
5.090652996628,7.514016833314155e-05
5.09165468679,7.604655912792348e-05
5.092669794651,7.955373973541773e-05
5.093733190075,7.577602319644946e-05
5.094747667223,7.927866697630078e-05
5.09581084976,7.492693682061961e-05
5.096817095264,7.482909500860703e-05
5.097823305277,7.729163687484033e-05
5.098863811675,7.51426690227489e-05
5.099876855775,7.55296284147836e-05
5.100897013139,7.405205300500573e-05
5.101898554016,7.818535939677857e-05
5.102957035657,7.605794702987678e-05
5.10398844982,7.377880779968161e-05
5.104991129819,7.334831320753512e-05
5.105991455349,7.341217485980453e-05
5.107000589223,7.268875972040362e-05
5.108008911718,7.532652739836852e-05
5.109059310891,7.458577211581191e-05
5.110102729091,7.155221505356023e-05
5.11110587038,7.202575816254929e-05
5.112117913812,7.128284662000366e-05
5.113121553838,7.543818072596392e-05
5.114185461348,5.2008128009948643e-05
5.114920181554,7.144434946914339e-05
5.115931015851,7.22487063503716e-05
5.116955036893,7.375442562643198e-05
5.118002351919,7.132241515892966e-05
5.119017168561,7.046707640282341e-05
5.12002178195,7.468343354610923e-05
5.121088408284,7.269337312511028e-05
5.122128408284,6.987696811002253e-05
5.123129899946,7.00612689211138e-05
5.124135754645,7.393977608394933e-05
5.125199173697,7.465900203422079e-05
5.12627501789,7.018337011531858e-05
5.127288166088,6.971010831070282e-05
5.128296157955,6.928538972116579e-05
5.129299848452,7.090636580871095e-05
5.130328889526,7.08986043505999e-05
5.131359737433,6.885670567205015e-05
5.132362791731,6.875273008368976e-05
5.133365978477,7.003057466400381e-05
5.134389302631,7.105671920190927e-05
5.135429302631,6.98229243634971e-05
5.136453087717,6.940937842585722e-05
5.137472529058,7.087928453419155e-05
5.138515321335,6.957740155565688e-05
5.139540639704,7.191221802312737e-05
5.140602233365,7.023393720909953e-05
5.141640902125,6.850935164611588e-05
5.142655796244,6.980127613090722e-05
5.143691837381,6.869263376346604e-05
5.144713441068,6.848775827403244e-05
5.145733827495,6.8912229008151e-05
5.146762260815,6.977382637177418e-05
5.147805245448,6.854343161777774e-05
5.148831493207,6.730787532381881e-05
5.149840951096,6.908743312145732e-05
5.150879007081,6.84937272659537e-05
5.15190996296,6.782981318630284e-05
5.152932598092,6.729325931186086e-05
5.153948814733,6.94460938781173e-05
5.1549993958,6.912120151780757e-05
5.156047035503,6.842191568711426e-05
5.15708602758,6.811431749968471e-05
5.158122320965,6.5988494637381e-05
5.159128092104,6.633302847622831e-05
5.160140916809,6.643480314755243e-05
5.16115724943,6.742690897222452e-05
5.162190866165,6.630682543858158e-05
5.163209449979,6.834086264972844e-05
5.164261246344,6.56662881158162e-05
5.165273647705,2.538808866078975e-05
5.165665640049,6.485841717813334e-05
5.166667844992,6.801228626927997e-05
5.167720593269,6.91777762952414e-05
5.168793336916,6.521014320956201e-05
5.169806288697,6.682859362240151e-05
5.170846288697,6.487503630264404e-05
5.171857760424,6.413184325061965e-05
5.172859533685,6.646808680707179e-05
5.173899533685,6.637587548920904e-05
5.174939533685,6.68188515711665e-05
5.175987823747,6.61084664545065e-05
5.177026416098,6.755428413820655e-05
5.178089561707,6.596272214988473e-05
5.179129561707,6.384797295008398e-05
5.180137795754,6.341566577428541e-05
5.181140476042,6.54485497432695e-05
5.182176927755,6.386977625537666e-05
5.18319004378,6.682476260833942e-05
5.184251744727,6.535429981462625e-05
5.185291744727,6.524184231836218e-05
5.186331744727,6.332575783319269e-05
5.187342745772,6.252514008786629e-05
5.188342757408,6.289699704435076e-05
5.189350628216,6.33137834243078e-05
5.190366950542,6.603873462467168e-05
5.191428601137,6.460404554309499e-05
5.192468601137,6.257875639283528e-05
5.19347750574,6.255867675096272e-05
5.194487540388,6.199746499161449e-05
5.195490368083,6.193837437677818e-05
5.196494142559,6.186243073029576e-05
5.197498181977,6.051594718871609e-05
5.198481829687,6.292545768360865e-05
5.199506233157,6.211006295573919e-05
5.200519058038,6.126228680889678e-05
5.20151975071,6.459479728314198e-05
5.202576592495,6.27922199248546e-05
5.203605785565,6.243948155921388e-05
5.20463117107,6.189204245826117e-05
5.205649273121,6.080224198564633e-05
5.206650835191,6.259277642364303e-05
5.207683264669,6.303165209394369e-05
5.208724302525,6.143822563974165e-05
5.209740461748,6.164306792100498e-05
5.210761580004,6.057488474683175e-05
5.211766528792,6.324267204793183e-05
5.212817429626,6.34604300702973e-05
5.213873682791,6.0427418729891685e-05
5.21488082667,6.240612705623657e-05
5.21592229863,6.149407265383368e-05
5.216950028952,6.100429479782083e-05
5.217970995112,6.241804375868093e-05
5.219017020401,6.101735675376104e-05
5.220041055567,5.970124410822673e-05
5.221044453701,5.9612006542473185e-05
5.22204765445,5.94654150030134e-05
5.223049702552,6.06216989637516e-05
5.224072729444,6.153985431340953e-05
5.225112729444,6.145012920117381e-05
5.226152729444,5.952670945920506e-05
5.227161604698,5.940220337471124e-05
5.228169755723,5.9363997713837065e-05
5.229178740712,6.075781991041716e-05
5.230212941089,6.100539814095763e-05
5.231252941089,5.8806955184810736e-05
5.232256905071,5.881497721483303e-05
5.233262440135,6.074510746580275e-05
5.234302440135,6.290470508358788e-05
5.235381053806,6.05600306440383e-05
5.236421053806,5.911698265601264e-05
5.237437648781,5.873293982782967e-05
5.238449004011,6.031229499532129e-05
5.239489004011,6.023385966179261e-05
5.240529004011,6.0156808499408554e-05
5.241569004011,6.043879563125377e-05
5.242615328093,5.883288093588042e-05
5.243635328093,5.8528934969971846e-05
5.244651328093,5.912625458660882e-05
5.245678894854,5.905790717920336e-05
5.246706458047,6.025323984241095e-05
5.247756077849,5.9359748181333286e-05
5.248791556041,6.118083048971547e-05
5.249860290267,5.945533787975359e-05
5.250900290267,5.9382062645825154e-05
5.251940290267,5.931113080806612e-05
5.252980290267,5.922638445765607e-05
5.254020290267,5.9142567786311874e-05
5.255060290267,5.6805227530766264e-05
5.256060385136,5.899343060042609e-05
5.257100385136,5.8908579416345604e-05
5.258140385136,5.883072276962332e-05
5.259180385136,5.876017846508315e-05
5.260220385136,5.686657568922081e-05
5.261227900562,5.715687022633018e-05
5.26224171213,5.784632795714121e-05
5.263269222452,5.995579413427309e-05
5.264335771369,5.62928794806624e-05
5.265338301911,5.6328060509050285e-05
5.266342611417,5.825611713673355e-05
5.267382611417,5.650741662912247e-05
5.268392630749,5.715892995764273e-05
5.269415471948,5.90097333700676e-05
5.270472546505,5.8445613409291115e-05
5.271520756612,5.7918870820046874e-05
5.272560756612,5.784275576486542e-05
5.273600756612,5.7758458186358325e-05
5.274640756612,5.65725119284607e-05
5.275660593917,5.7629070071112595e-05
5.276700593917,5.8508370142376076e-05
5.27775765679,5.843989449026963e-05
5.278814717418,4.4181965604349325e-06
5.278894717418,5.742205062232623e-05
5.279934717418,5.8067608148980425e-05
5.280987595098,5.729428610100019e-05
5.282027595098,5.6737883786519685e-05
5.283058680433,5.849803455505942e-05
5.284122974483,5.53042437132152e-05
5.285130385632,5.72531743564271e-05
5.286174896207,5.604480226896603e-05
5.28719876341,5.8357021631289035e-05
5.288266198373,5.771157614706043e-05
5.289323244911,5.671237638492881e-05
5.290363244911,5.4759745938984384e-05
5.291368527609,5.530202687737829e-05
5.292384945525,5.6519059260993416e-05
5.293424945525,5.645142697280613e-05
5.294464945525,5.462245737536922e-05
5.295472364606,5.6328214706656425e-05
5.296512554932,5.704278030214342e-05
5.297567494966,5.6155902209315754e-05
5.298607494966,5.609470054988748e-05
5.299647494966,5.602302966937403e-05
5.300687494966,5.594546623831383e-05
5.301727494966,5.586353295611043e-05
5.302767494966,5.578990324502426e-05
5.303807494966,5.5732709642464015e-05
5.304847494966,5.6618868228718066e-05
5.305905325144,5.368871485844425e-05
5.306909760842,5.551252306542938e-05
5.307949760842,5.543869476794166e-05
5.308989760842,5.536060934949603e-05
5.310029760842,5.528084835655998e-05
5.311069760842,5.520285508311432e-05
5.312109760842,5.6968376868868877e-05
5.313184384784,5.311849196338215e-05
5.314187840643,5.5976457245979084e-05
5.315246886941,5.300284172790239e-05
5.316250905061,5.276771627632553e-05
5.31725173777,5.4913429263222015e-05
5.318294711321,5.467248868975451e-05
5.319334711321,5.4581348276613114e-05
5.320374711321,5.296966659294547e-05
5.32138554091,5.2540407788541875e-05
5.322389665728,5.525964870734175e-05
5.323446902048,5.430425453699706e-05
5.324486902048,5.423684223299515e-05
5.325526902048,5.5446976211615814e-05
5.326591413075,5.579769209538577e-05
5.327664093067,5.229899855186551e-05
5.328670815751,5.3995329645108974e-05
5.329711488402,5.392239321878536e-05
5.330752157692,5.5178705273513154e-05
5.331818566892,5.249001467657916e-05
5.332834392326,5.492947693229562e-05
5.333899049344,5.152325143493269e-05
5.334899088647,5.284896090121174e-05
5.335926196345,5.325855349424867e-05
5.336962584452,5.309787684316647e-05
5.337997081105,5.362806695840197e-05
5.339043239604,5.158531186049841e-05
5.340050824839,5.279346276153767e-05
5.341083343689,5.236542582581797e-05
5.342109054588,5.257919463357653e-05
5.343140427952,5.2797876171401216e-05
5.344178100834,5.460146783626721e-05
5.345253087872,5.1953406074411166e-05
5.346284844797,5.182597841807894e-05
5.347329542197,4.9669253350586185e-05
5.348339295612,5.101502512927643e-05
5.349379614107,4.9351659234432785e-05
5.350388086353,5.0013234858720956e-05
5.351411923704,4.980257026674895e-05
5.352433317153,5.053846884046503e-05
5.353471857206,4.938414941238253e-05
5.354488774365,4.917191325189324e-05
5.355502978657,4.8481641596446665e-05
5.356504343863,4.8632695286498695e-05
5.357510318355,5.177802419763206e-05
5.358583078658,4.971836576232069e-05
5.359614761509,4.82786231426934e-05
5.360617913414,5.1403667473861226e-05
5.36168738224,4.992059033131634e-05
5.36272738224,5.1164266325859505e-05
5.363794687451,4.979168818634252e-05
5.364834687451,4.972307755235802e-05
5.365874687451,4.779377592507736e-05
5.366875588038,4.960555849342689e-05
5.367915588038,5.04980319754442e-05
5.368975588038,4.9488500310218165e-05
5.370015588038,4.942487844469883e-05
5.371055588038,4.873662965810634e-05
5.372082869153,4.820990298625987e-05
5.37310077064,4.786946098830016e-05
5.374112541932,4.8939911291651596e-05
5.375147616017,4.889643808082133e-05
5.376182769154,4.9062429417843744e-05
5.377222769154,4.899931788204505e-05
5.378262769154,4.931423522989013e-05
5.379310894182,4.9565569520535255e-05
5.380365869684,4.917492975580505e-05
5.381413992113,4.772507077141206e-05
5.38243252697,4.86699259214773e-05
5.38347252697,4.860584681243628e-05
5.38451252697,5.012991854079721e-05
5.385586363632,4.9507706514086844e-05
5.386648038955,4.843229203778924e-05
5.387688038955,4.704737392437073e-05
5.388699672917,4.682818223209577e-05
5.389707910034,4.7031207673518475e-05
5.39072198021,4.7145953098998416e-05
5.391740228206,4.8703957013700394e-05
5.392793819689,4.643666008588755e-05
5.393799610724,4.646127409249304e-05
5.394806889726,4.682636116730856e-05
5.395823017745,4.6687261429663123e-05
5.396837215736,4.5996092939972665e-05
5.39783761337,4.6177447456927984e-05
5.398843179995,4.7702422718946515e-05
5.399883179995,4.763828676582283e-05
5.400923175857,4.8450114442275506e-05
5.401982302166,4.7511401700002485e-05
5.403022299393,4.616388689550116e-05
5.404034267121,4.701148334390716e-05
5.405066267121,4.730516855978325e-05
5.406106267121,4.723738765220665e-05
5.407146267121,4.644049089605129e-05
5.408170267121,4.633067281764699e-05
5.409193226712,4.5561526625104994e-05
5.410200287884,4.7723376905852926e-05
5.41125648453,4.693692337561515e-05
5.41229648453,4.6874728987768004e-05
5.41333648453,4.6814938418751556e-05
5.41437648453,4.676309508223205e-05
5.41541648453,4.669890925066784e-05
5.41645648453,4.69697860420746e-05
5.417503872108,4.6584547524144824e-05
5.418543872108,4.807628858145159e-05
5.419618504443,4.513287317859534e-05
5.42062862139,4.6523579045495846e-05
5.421671194979,4.635758679857257e-05
5.422711194979,4.7821209926015714e-05
5.423785169796,4.697189090154702e-05
5.424841337496,4.655538235205565e-05
5.425889421099,4.7513746583281244e-05
5.426960403627,4.6080483255947594e-05
5.428000403627,4.514807431191762e-05
5.429020611019,4.5970580262106345e-05
5.430060611019,4.591471689377564e-05
5.431100611019,7.057699057942416e-06
5.431260611019,4.585103635212436e-05
5.432300578979,4.615607776789996e-05
5.433348660765,4.577449024732185e-05
5.43438926612,4.5061240372244415e-05
5.435414810504,4.513973941849357e-05
5.436443272674,4.5596727068628626e-05
5.437483272674,4.5546798125337705e-05
5.438523272674,4.549595711759635e-05
5.439563272674,4.5447479483970236e-05
5.440603272674,4.5402017962685e-05
5.441643272674,4.535652795670044e-05
5.442683272674,4.5311164352681374e-05
5.443723272674,4.526469803295495e-05
5.444763272674,4.521479254653016e-05
5.445803272674,4.5163074179132917e-05
5.446843272674,4.5114523117211904e-05
5.447883272674,4.507033100622406e-05
5.448923272674,4.502988570939296e-05
5.449963272674,4.585278919693969e-05
5.451023272674,4.384376593285316e-05
5.452037847185,4.3685213606692406e-05
5.453049716855,4.501069453061693e-05
5.454093242545,4.629537525073955e-05
5.455167659694,4.460193663990958e-05
5.456204072382,4.470236269976125e-05
5.457244072382,4.465466628651869e-05
5.458284072382,4.461013650149307e-05
5.459324072382,4.306043686878022e-05
5.460328712262,4.398523048817417e-05
5.461355614114,4.3007220666603835e-05
5.462360417281,4.580862083152711e-05
5.463431613205,4.58086168835521e-05
5.464503819268,4.335030589705189e-05
5.46551942701,4.328727414051185e-05
5.466534483394,4.4317118787750526e-05
5.467574680572,4.3574734228183616e-05
5.468598521045,4.3422756849458274e-05
5.469619553988,4.331923646493311e-05
5.470639021343,4.317556305705937e-05
5.471656038142,4.364600557164476e-05
5.472685061234,4.3692711211840256e-05
5.473716121525,4.3674674816956175e-05
5.474747174391,4.3445186403125074e-05
5.475773446162,4.3257472904542216e-05
5.476796248209,4.5603963129466456e-05
5.477875284832,4.3549396638044626e-05
5.478906316993,4.351059480398958e-05
5.47993734399,4.2274091156127184e-05
5.480940049313,4.369070326036306e-05
5.481977006082,4.320728540402033e-05
5.483003242237,4.3994442452860265e-05
5.484049216277,4.338964627648059e-05
5.485081883055,4.3390664868554475e-05
5.486117660325,4.248372040768452e-05
5.487143873339,4.3848539192018106e-05
5.488219271896,4.093184478229493e-05
5.489229432302,4.156780968038119e-05
5.49025790671,4.142899892134061e-05
5.491284810019,4.029700768897162e-05
5.492285340021,4.053097807765052e-05
5.493293030461,4.05734131113952e-05
5.494303162531,4.115994687046179e-05
5.495329288162,4.0465329650150465e-05
5.496339408301,4.1345958815997984e-05
5.497372726031,4.048260402235245e-05
5.498385541944,4.0383117507534406e-05
5.499397154307,4.0181994970093566e-05
5.500405052996,4.121377480499046e-05
5.501439890213,4.0606328306880275e-05
5.502460364662,4.0754557481683344e-05
5.503485505903,4.13554820410057e-05
5.504526791683,3.975672941205387e-05
5.505528907406,4.021766785528419e-05
5.506543593116,3.988267742686502e-05
5.507550728813,4.063344246726926e-05
5.50857794895,4.109374856979038e-05
5.50961794895,4.016904720591165e-05
5.510635594936,2.8397697983603335e-05
5.511355594936,1.4209577134209832e-05
5.511716243255,4.139246756372485e-05
5.51276742095,4.016106859769599e-05
5.513789569658,4.2094113282497797e-05
5.514864975265,4.2096819052659366e-05
5.515943389795,3.919517199486195e-05
5.51694994038,4.012145667563702e-05
5.517984877636,3.9548292163367116e-05
5.519010820114,3.97207437925789e-05
5.520047235001,3.948381695398863e-05
5.521082879826,3.804726323969001e-05
5.522085898685,3.806478977307504e-05
5.523093515946,3.873034960556599e-05
5.524121994085,3.8965100644652806e-05
5.525158928974,3.989192722213388e-05
5.526222208457,3.8237391635190254e-05
5.527243010546,3.777586136000589e-05
5.528253053076,4.0696986172537815e-05
5.529342892029,4.1019796791708725e-05
5.530442892029,3.766922176996296e-05
5.531454366102,3.8916746048256896e-05
5.532500792873,4.0826632050879765e-05
5.533600356005,3.731567255601716e-05
5.534607022682,3.7400770249553823e-05
5.535617417924,3.750067939763124e-05
5.536631902464,3.9426547231271506e-05
5.537700021251,3.746090440587672e-05
5.538716527461,3.775775762464039e-05
5.53974282067,3.78071459915687e-05
5.540771939613,3.729709495942157e-05
5.541788606362,3.818664715997648e-05
5.542831186482,3.6888151862443915e-05
5.543839871051,3.9589501384317355e-05
5.544924055302,3.704825072084762e-05
5.545940055302,3.8116772463006306e-05
5.54698685741,3.728508340019527e-05
5.548012307345,3.63743352330149e-05
5.549014089532,3.804198067075967e-05
5.550063327249,3.687052029769122e-05
5.551081602594,3.661378075371206e-05
5.552094024781,3.7634042293249685e-05
5.553135952775,3.6828034721855816e-05
5.554156755008,3.701384626441237e-05
5.555183809969,3.676428529686361e-05
5.556205039996,3.8716988080667775e-05
5.557281646242,3.797327002107344e-05
5.558338789314,3.598459097394503e-05
5.559341712591,3.647330182124549e-05
5.560359330589,3.7238846626236096e-05
5.561399468017,3.735742651558727e-05
5.562444054734,3.6087840903038616e-05
5.563454281097,3.603343873766249e-05
5.564464183138,3.6370342820418665e-05
5.565484629039,3.9160509849411263e-05
5.566584629039,3.597079030707221e-05
5.567596175418,3.9066441648207895e-05
5.568696175418,3.8020736380694234e-05
5.569768183832,3.896193149214566e-05
5.570868183832,3.573764287180718e-05
5.57187839875,3.6059845535367127e-05
5.572898825197,3.5493900077958035e-05
5.573904221424,3.673318005545877e-05
5.574945795802,3.5444113498014204e-05
5.57595190213,3.704177830809966e-05
5.577004313413,3.6297528224474715e-05
5.578036295048,3.577995584861614e-05
5.579054281707,3.784396769741263e-05
5.580131787802,3.755930359831228e-05
5.581201993427,3.578524719032733e-05
5.582222401491,3.58321045166678e-05
5.583244969816,3.665445932597063e-05
5.584291745465,3.563178730662061e-05
5.585310009178,3.549777987144942e-05
5.586325080587,3.538736058897815e-05
5.587337703675,3.8412505455207675e-05
5.588437703675,3.839399594845033e-05
5.589537703675,3.772364092705137e-05
5.590619182415,3.669970083022043e-05
5.591672165035,3.830808082954138e-05
5.592772165035,3.759248372064976e-05
5.59385222815,3.827169200600583e-05
5.59495222815,3.8259219200350756e-05
5.59605222815,3.7371640416778756e-05
5.59712722815,3.818040273668411e-05
5.598226106269,3.819853506604212e-05
5.599326106269,3.4837680607480956e-05
5.600329936519,3.546781429436318e-05
5.601352528012,3.537797268563478e-05
5.602373247529,3.56926130149653e-05
5.603403787061,3.636373975869002e-05
5.604454324174,3.530903497601938e-05
5.605475036398,3.5626819628277325e-05
5.606505565768,3.5924909672501256e-05
5.607545583955,3.5709090576327315e-05
5.608580352487,3.7266669036876815e-05
5.609661047527,3.5500862131722257e-05
5.610691566162,3.6150127177698844e-05
5.61174208115,3.509187756247362e-05
5.61276276514,3.5396455528651175e-05
5.613793274679,3.6047576206470554e-05
5.614843781096,3.601495144788408e-05
5.615894284967,3.6498814849594695e-05
5.61695988971,3.526282953748382e-05
5.617990386927,3.5914884694048606e-05
5.619040881491,3.691027784960397e-05
5.620121538416,3.7523614676354154e-05
5.621221538416,3.477441161748464e-05
5.62224583278,3.493582778590331e-05
5.623279949651,3.7090971663475075e-05
5.624379949651,3.666290745993347e-05
5.625468695238,3.700427286032484e-05
5.626568695238,3.390099041945283e-05
5.627577584798,3.637786685171455e-05
5.628661183311,3.689288367350354e-05
5.629761183311,3.490947539906049e-05
5.63080321933,3.6817812898479436e-05
5.63190321933,3.6794619369212494e-05
5.63300321933,3.376209151472503e-05
5.634013368053,3.673345415625116e-05
5.635113368053,3.370752183047808e-05
5.636123489562,3.484106872855547e-05
5.637168368956,3.6108325836441616e-05
5.638252252826,3.661491305802933e-05
5.639352252826,3.329305752721241e-05
5.640353117791,3.656091679279993e-05
5.641453117791,3.6526362417659084e-05
5.642553117791,3.4999216245463046e-05
5.643608100541,3.422333040701124e-05
5.644640390597,3.532799521856912e-05
5.645706716004,3.4457082636338174e-05
5.64674779109,3.6291445430859036e-05
5.647845688934,3.631777357400221e-05
5.648945688934,3.3914636139509004e-05
5.649973852461,3.564256488930364e-05
5.651055404064,3.48536224166146e-05
5.652114108754,3.33077051217717e-05
5.653126956312,3.383589915639904e-05
5.654156955776,3.363107180725268e-05
5.655181696318,3.288332493735545e-05
5.656184492267,3.6037385002757716e-05
5.657284492267,3.5991807245562064e-05
5.658384492267,3.5915127445712144e-05
5.659484492267,3.5737334959350845e-05
5.660584492267,3.556140348030598e-05
5.661684492267,3.5488138927615854e-05
5.662784492267,3.5428619951443114e-05
5.663884492267,3.344842954964681e-05
5.664924456162,6.168247735251244e-06
5.665116502888,3.316577500910071e-05
5.666149518915,3.3726280801304947e-05
5.66720162193,3.2688745021637505e-05
5.66822270229,3.291862682680835e-05
5.669252353285,3.2218310060586014e-05
5.670261562031,3.2374614729497976e-05
5.671276892427,3.294386369488818e-05
5.672311292265,3.283959274729204e-05
5.673343702284,3.39671528162741e-05
5.674412854484,3.4488314555091154e-05
5.675499772256,3.17276293733273e-05
5.676500899852,3.286835100074282e-05
5.677539457895,3.450036261284078e-05
5.678630996059,3.4715542835297094e-05
5.679730996059,3.46689684158926e-05
5.680830996059,3.385610346501638e-05
5.681906542823,3.423006984829367e-05
5.682995580936,3.453013689771365e-05
5.684095580936,3.448812269359807e-05
5.685195580936,3.444821685601613e-05
5.686295580936,3.440053086412639e-05
5.687395580936,3.1736068981799814e-05
5.688411637912,3.431668030567451e-05
5.689511637912,3.1705232140912405e-05
5.690529217026,3.422991587454195e-05
5.691629217026,3.111901861634284e-05
5.69263057238,3.30399395917504e-05
5.693695116782,3.14849630950258e-05
5.694710977727,3.1881887548281386e-05
5.695740831692,3.4010725093219186e-05
5.696840831692,3.3962098359144286e-05
5.697940831692,3.1866362733234816e-05
5.698974630203,3.302327949681165e-05
5.700047559294,3.381078955636871e-05
5.701147559294,3.37664861546552e-05
5.702247559294,3.1591963756318074e-05
5.7032786208,3.365743917158475e-05
5.7043786208,3.3628878069091514e-05
5.7054786208,3.090052885803924e-05
5.706490641639,3.119247514899077e-05
5.707513569946,3.075293846275109e-05
5.708523618677,3.175717741650981e-05
5.709568391951,3.337752192280063e-05
5.710668391951,3.3325001481710815e-05
5.711768391951,3.327574907725531e-05
5.712868391951,3.05532373324259e-05
5.713879698733,3.319207129274584e-05
5.714979698733,3.314818899530272e-05
5.716079698733,3.3105806666284194e-05
5.717179698733,3.0234528935644804e-05
5.718185557407,3.3013890944459156e-05
5.719285557407,3.073840888153073e-05
5.720311493361,3.0179697966178065e-05
5.721320440417,3.18092229938551e-05
5.722385440417,3.058198517349798e-05
5.723410769838,3.0060639260174316e-05
5.724420048684,3.135007221458578e-05
5.72547406491,3.003311346803739e-05
5.726485167632,2.988148825427262e-05
5.727492658392,3.1532202752997675e-05
5.728557388712,3.086044343725443e-05
5.729601164125,3.0634652620208714e-05
5.730642111239,2.9770769728817734e-05
5.731660113189,3.015616478686806e-05
5.732695085437,3.0114381916024966e-05
5.733730893877,2.9156424839438128e-05
5.73473559082,2.95871385845034e-05
5.735757036868,3.0042967665549897e-05
5.736796221079,3.0228502375246416e-05
5.737843447584,2.9742690048084795e-05
5.738875537627,2.9890869189482074e-05
5.739914697296,2.9838413358449616e-05
5.740953857874,2.9787973280512544e-05
5.741993010697,2.923815375854578e-05
5.743014784966,3.057794644185614e-05
5.744085000987,2.9668368082228828e-05
5.745124869364,3.044717760957703e-05
5.746193602952,2.921844333002282e-05
5.747220845737,2.9508867767711064e-05
5.748259877028,2.9217732913402763e-05
5.74929003713,2.9423389548962016e-05
5.750328765024,2.961357312534534e-05
5.751375837372,2.824481120785923e-05
5.752376318837,2.9509522341936443e-05
5.753423377721,2.8628951417821084e-05
5.754440696464,2.919693203136132e-05
5.755479702307,2.8770861351542782e-05
5.756505151094,2.8364135435056976e-05
5.757517366762,2.9305575473173927e-05
5.758564400831,2.8473418823856296e-05
5.759583115093,2.9555780486816938e-05
5.76064210318,2.8339922004791723e-05
5.761659150218,2.89862025924499e-05
5.762701038658,2.9670739705005163e-05
5.763769499954,2.8800437759182655e-05
5.764808471226,2.7916340306161348e-05
5.765816921429,2.87265929903657e-05
5.766855884339,2.8739565357010167e-05
5.767896696577,2.9075570134337292e-05
5.768951114341,2.7940334910948885e-05
5.76996592404,2.8613631028178863e-05
5.771006553747,2.8541476144322358e-05
5.772046111649,2.8051450561548387e-05
5.77306942092,2.783481727873263e-05
5.774086188035,3.0073593107437012e-05
5.775186188035,2.760831603696517e-05
5.776197491412,2.8587399666051077e-05
5.777246657203,2.9928516361023433e-05
5.778346657203,2.8375891342710658e-05
5.779390929789,2.8678514982334323e-05
5.780448034725,2.8853960039701612e-05
5.781512899102,2.7897065980572833e-05
5.782544234654,2.8533855715650305e-05
5.783601241305,2.7392663692147943e-05
5.784616826378,2.965025758159168e-05
5.785716826378,2.7676726750899332e-05
5.786745127498,2.8614430714799727e-05
5.787810127498,2.952413924193368e-05
5.788910127498,2.6925627737480585e-05
5.789914522171,2.941810880167877e-05
5.791014522171,2.7115815058989834e-05
5.792030142947,2.6759547022849915e-05
5.793033187815,2.7210285461113405e-05
5.794053910201,2.8848856042370083e-05
5.795137183108,2.790614533097015e-05
5.796186169772,2.7388485191163596e-05
5.797216198456,2.924363502932675e-05
5.798316198456,2.6701478206459437e-05
5.799320633054,2.877820255458876e-05
5.800404687184,2.9052248108937027e-05
5.801504686955,2.6267084952456234e-05
5.802504686955,2.774732223542895e-05
5.803564164509,2.612509956343946e-05
5.804564164509,2.6036981048614402e-05
5.805564164509,2.670300224327793e-05
5.806593016241,2.5977681546127564e-05
5.80759569963,2.5954262116766286e-05
5.808598377224,2.6359244142793733e-05
5.809617610736,2.588613519109427e-05
5.810620276734,2.6346439167713746e-05
5.81164293416,2.692696323568109e-05
5.812689386436,2.6507079458006695e-05
5.813720369434,2.5743876954202426e-05
5.814723006857,2.5714454278988736e-05
5.815725636463,2.568806002764519e-05
5.816728261958,2.6627570447554944e-05
5.817768343344,2.711146647800912e-05
5.818827500031,2.6171220813966298e-05
5.819850731816,2.6913894083195448e-05
5.820904291873,2.611888879776322e-05
5.821927506638,2.6871981578441965e-05
5.82298105189,4.446372283586542e-06
5.82315546788,2.6146247552058527e-05
5.824181838048,2.6042620190973585e-05
5.825205032923,2.5825432558353432e-05
5.826220608324,2.6358505013249796e-05
5.827257955161,2.597546381952012e-05
5.828281131112,2.672125389696481e-05
5.829334630892,2.5428217042725915e-05
5.8303380038,2.654949391653032e-05
5.831386677799,2.5356819953566645e-05
5.832389218482,2.6456356067422033e-05
5.83343627929,2.5577125098739645e-05
5.834449661186,2.6517251072055308e-05
5.835501572197,2.533561314478323e-05
5.836507889433,2.5408393734672414e-05
5.837518395652,2.544791982767332e-05
5.838531753986,2.583691598834423e-05
5.839561874149,2.529874710338783e-05
5.840571808327,2.545228893788541e-05
5.84158920837,2.544669217644685e-05
5.842607694188,2.5462044405005356e-05
5.843627650055,2.506397945334788e-05
5.844632819724,2.5576391903844074e-05
5.845659093982,2.570448356429028e-05
5.846690195195,2.562777587000488e-05
5.847718219556,2.5335826547299348e-05
5.848734656086,2.4931958871778123e-05
5.849735245606,2.5076131200363645e-05
5.850742524327,2.581744906494498e-05
5.851781276568,2.5586208096354427e-05
5.852812521519,2.5023883356912446e-05
5.853822482792,2.5034607680605493e-05
5.854834433324,2.5125068431968016e-05
5.855851314446,2.5477019541866647e-05
5.856883299933,2.4964689258060837e-05
5.857895410141,2.5599343600608046e-05
5.858934230541,2.568717465235753e-05
5.859977476803,2.51314108905795e-05
5.860998887825,2.5456907825293046e-05
5.862034381559,2.4530664470321546e-05
5.863034381559,2.466707011587101e-05
5.864045701831,2.4269680444786986e-05
5.865045701831,2.4224024120323127e-05
5.866045701831,2.4173686134588613e-05
5.867045701831,2.412976245619513e-05
5.868045701831,2.4094749064009147e-05
5.869045701831,2.40628075714665e-05
5.870045701831,2.403105484591759e-05
5.871045701831,2.4005767483505484e-05
5.872045701831,2.397315364649489e-05
5.873045701831,2.539915556169249e-05
5.874108990055,2.3755527107448983e-05
5.875108990055,2.5017784353224925e-05
5.876166179908,2.4833619518349812e-05
5.877218087036,2.3612158563678982e-05
5.878220144761,2.5448348892423806e-05
5.879302222826,2.3446348657272767e-05
5.880302222826,2.3365772336239987e-05
5.881302222826,2.4967834181771225e-05
5.882373655714,2.3270412021737443e-05
5.883373655714,2.325104422265626e-05
5.884373655714,2.473665240972871e-05
5.885438655714,2.3198741247819917e-05
5.886438655714,2.317261382916307e-05
5.887438655714,2.3301500397735495e-05
5.888445237651,2.4359677150304482e-05
5.889498571619,2.3102565155809084e-05
5.890498571619,2.3079450025325406e-05
5.891498571619,2.3055948901733046e-05
5.892498571619,2.329150723931366e-05
5.893509894026,2.3898886196407985e-05
5.894548841719,2.3025178702325016e-05
5.895551012803,2.3001692822852296e-05
5.896553180141,2.2978539486404357e-05
5.897555340601,2.3029513949664927e-05
5.898560898658,2.2921586746522096e-05
5.89956305105,2.3644198642720517e-05
5.900598053289,2.2868933414658268e-05
5.9016001954,2.2849780408988854e-05
5.902602334639,2.2835989373906797e-05
5.903604464045,2.282472656292524e-05
5.904606673718,2.4283171746333143e-05
5.905673731577,2.4032350335080695e-05
5.906730473454,2.3764454911714416e-05
5.907776264153,2.4197891807525463e-05
5.908842046807,2.2993897329811647e-05
5.909855550079,2.3405025499286277e-05
5.910888205304,2.3811139158674113e-05
5.911940433989,2.338883395501209e-05
5.912975541336,2.336614472068681e-05
5.914010635074,2.3302209283609738e-05
5.915043632419,2.3453326713042437e-05
5.916083861104,2.3120681815693845e-05
5.9171099512,2.3123556489722374e-05
5.918137036233,2.382396233152384e-05
5.91919611978,2.3016736808162623e-05
5.920220263936,2.4154481791967476e-05
5.921296120484,2.2840632854702018e-05
5.922314440556,2.3195185410896682e-05
5.923349447203,2.2693177833614765e-05
5.924362957993,2.2750743487424086e-05
5.925380184753,2.234472730364245e-05
5.926380566607,2.2601608414513522e-05
5.927393906214,2.2535406667444436e-05
5.928405840316,2.235906872426124e-05
5.92941157558,2.247290773235463e-05
5.930424137177,2.2285444916982174e-05
5.931429845963,2.274173940918509e-05
5.932457651761,2.2932732323990257e-05
5.933495478248,2.3437532784592204e-05
5.934557668829,2.217802216341201e-05
5.935563955384,2.215124446717621e-05
5.936570233776,2.2539388437174023e-05
5.937595728992,2.1951489223117736e-05
5.938595728992,2.2436361475104393e-05
5.939618790801,2.2229897075723706e-05
5.940633688436,2.2234132115676212e-05
5.941650112425,2.22135321597182e-05
5.942667102911,2.1801391554776453e-05
5.943667102911,2.176499910918911e-05
5.944667102911,2.169308214644009e-05
5.945667102911,2.1554010212566064e-05
5.946667102911,8.58353115666768e-06
5.947067102911,2.141902037855863e-05
5.948067102911,2.275586194596278e-05
5.949132102911,2.1529390121177835e-05
5.950143226548,2.3088715125696012e-05
5.951231431834,2.1931672847824332e-05
5.952268832382,2.2289938753675614e-05
5.953327595676,2.0945562294368263e-05
5.954327595676,2.1943627915773247e-05
5.955379858512,2.114124489512869e-05
5.956396503574,2.174900294868962e-05
5.95744465321,2.1021332699960193e-05
5.958459906934,2.085403250278579e-05
5.959469089899,2.0632791006069823e-05
5.96046929742,2.194795998796549e-05
5.961534587938,2.0617457087141096e-05
5.962536427038,2.0591040682974533e-05
5.963538259311,2.055789770336826e-05
5.964540079929,2.0519584042332703e-05
5.965541896347,2.0482844978987907e-05
5.966543710337,2.0445470743695785e-05
5.96754551934,2.0565317800011954e-05
5.968555309788,2.071200200052862e-05
5.969574309505,2.16154160119197e-05
5.970639738071,2.126290421542451e-05
5.971689785626,2.0278370598754482e-05
5.972693158367,2.132765810162421e-05
5.973750532007,2.157944514833255e-05
5.974822569569,2.1222615106665358e-05
5.975878959766,2.0233340831249658e-05
5.976888749972,2.048381526787721e-05
5.977913363211,2.1474143888616697e-05
5.978988696454,2.100462107446223e-05
5.980042124224,2.118646786972431e-05
5.981107933559,2.0642251224315852e-05
5.982149265068,2.0004456618494636e-05
5.983161256717,2.0513082518702075e-05
5.984202578964,2.09545173474973e-05
5.985268889873,2.058920573332691e-05
5.986318867145,1.955989960630622e-05
5.987319068208,1.9568857596683866e-05
5.988322372532,2.098889769074149e-05
5.989401385409,2.0202267706687175e-05
5.990442687056,1.959325089246256e-05
5.991454636399,1.9359934789832596e-05
5.992456313295,1.9320388023184037e-05
5.993457984761,1.9290163095963946e-05
5.994459650543,1.926519446950898e-05
5.995461311317,1.9242952725868334e-05
5.996462966868,1.9414866658483586e-05
5.997474317718,1.9213922032696986e-05
5.99847596344,1.9180382517363232e-05
5.999477130656,1.9471317900345856e-05
6.000494801984,1.9157743051615662e-05
6.001496431619,1.9163949712078815e-05
6.002498055384,1.978563220674044e-05
6.003531498265,1.985202526123798e-05
6.004567064797,1.979518473288871e-05
6.005599849392,1.912734341102183e-05
6.006601448853,1.9322513414584242e-05
6.00761780083,1.947381905065862e-05
6.00864519968,1.905624551953097e-05
6.009652488047,1.910370470761538e-05
6.010663397667,1.9165006269333377e-05
6.011678834076,1.8928286105669462e-05
6.01268392839,1.8981792236763137e-05
6.013693475648,1.9015598204207147e-05
6.0147058684,1.9475470720945054e-05
6.015744274329,1.9581211695568736e-05
6.016789340689,2.0456803727005897e-05
6.0178820517,1.88442954353232e-05
6.018889889113,1.887676560947336e-05
6.019900412826,1.8663350568439147e-05
6.020900412826,1.870269405760122e-05
6.021903862112,2.0161190582596144e-05
6.022987111291,1.8592392109304784e-05
6.023987111291,1.8574415059710013e-05
6.024987111291,1.855556480463326e-05
6.025987111291,1.854349357144917e-05
6.026987111291,1.869165986462658e-05
6.027996134394,1.9180725320458103e-05
6.029032623089,2.014686555292093e-05
6.030121942838,1.847609062604668e-05
6.031121942838,1.846320435175705e-05
6.032121942838,1.8450284327779028e-05
6.033121942838,1.8435186041150796e-05
6.034121942838,1.851750398750607e-05
6.03512686269,1.9829672429829818e-05
6.036203475428,1.8977432157703155e-05
6.037234040033,1.9298923603479745e-05
6.03828218217,1.998470667114735e-05
6.039367542303,1.8436026036929663e-05
6.040368949933,1.9051199416905492e-05
6.041404105032,1.8427455806885388e-05
6.042405502759,1.842826933189423e-05
6.0434068995,1.8428293877427087e-05
6.044408291139,1.8431237516694555e-05
6.045409677844,1.849041261603331e-05
6.046414525587,1.8568621241039682e-05
6.047423880508,1.8630395825288307e-05
6.04843608513,1.9008139265579393e-05
6.049468252184,1.8924071261550087e-05
6.050495782795,1.874065206567749e-05
6.0515136187,1.9192971330715444e-05
6.052556379443,1.985466525165284e-05
6.053635613057,1.893262562796133e-05
6.054666350528,1.8807969945778878e-05
6.055693280026,1.8611435052394902e-05
6.056714064122,1.8417961406643434e-05
6.057730529995,1.836634505671209e-05
6.05875062869,1.8353111950556205e-05
6.059775050821,1.8755041850741262e-05
6.060824675168,1.8249627388786188e-05
6.061847612714,1.8139176231111034e-05
6.062865510474,1.8693011962672903e-05
6.063915118261,1.9462438317845565e-05
6.065008202367,1.887626714213807e-05
6.06606886953,1.8341739309982835e-05
6.067100366529,1.849321869717746e-05
6.068141379215,1.7949053101785678e-05
6.069152893083,1.93075331522378e-05
6.070242381118,1.824981992082986e-05
6.071273860401,1.8035292613542967e-05
6.072295117324,1.7827493482230547e-05
6.073306231817,1.769934951555923e-05
6.074311556268,1.8067789944059836e-05
6.075339072134,1.759172042424344e-05
6.076340290177,1.7580109046270126e-05
6.077341503749,1.756396150836151e-05
6.078342711663,1.754254901219735e-05
6.079343915853,1.854760774034462e-05
6.080403868726,1.9210241761293243e-05
6.08150309096,1.746568337017574e-06
6.08160309096,1.7452843222572748e-05
6.08260309096,1.7430988907221482e-05
6.08360309096,1.901832685332048e-05
6.084695776079,1.7380199760638996e-05
6.085695776079,1.7357503472676785e-05
6.086695776079,1.8183109390659005e-05
6.087744921551,1.90107874552136e-05
6.088843535977,1.8583069204709415e-05
6.089919122912,1.724897686669367e-05
6.090919122912,1.8758831715925978e-05
6.092008250869,1.719882323838805e-05
6.093008250869,1.7174255213641773e-05
6.094008250869,1.7149467201709992e-05
6.095008250869,1.712413511294687e-05
6.096008250869,1.7098839564944894e-05
6.097008250869,1.707386930292093e-05
6.098008250869,1.7050065222582144e-05
6.099008250869,1.7023078927937048e-05
6.100008250869,1.6995067080902542e-05
6.101008250869,1.6973717479215212e-05
6.102008250869,1.6949830557698134e-05
6.103008250869,1.7716905357123836e-05
6.104055487316,1.6887038224958175e-05
6.105055487316,1.6864368192215194e-05
6.106055487316,1.7556107255205107e-05
6.107097750116,1.7598705378346136e-05
6.108144465861,1.6778791908756158e-05
6.109144465861,1.6828316321346373e-05
6.11014915044,1.7519458635933335e-05
6.111196977037,1.6683556643463805e-05
6.112196977037,1.7445733145798306e-05
6.113244676478,1.6620370238444364e-05
6.114244676478,1.6764667544633703e-05
6.115255115805,1.656291353239066e-05
6.116255115805,1.653475197698343e-05
6.117255115805,1.650911796020193e-05
6.118255115805,1.751083696535584e-05
6.119317608031,1.6812673897244805e-05
6.120339654308,1.72306699467902e-05
6.121389002114,1.6934401192935526e-05
6.122422130939,1.6880169760932533e-05
6.123453988272,1.63452149328102e-05
6.124455352849,1.6292989222913293e-05
6.125455352849,1.6268416179468337e-05
6.126455352849,1.6241002505220453e-05
6.127455352849,1.6210351134188185e-05
6.128455352849,1.6180448192877476e-05
6.129455352849,1.66898916361186e-05
6.130488635619,1.6127870203829774e-05
6.131488635619,1.6104669368911828e-05
6.132488635619,1.607907669168576e-05
6.133488635619,1.6053717931171127e-05
6.134488635619,1.602821940823842e-05
6.135488635619,1.598562342078199e-05
6.136488635619,1.6857120868703024e-05
6.137548503046,1.582228833661963e-05
6.138548503046,1.5758472786133794e-05
6.139548503046,1.570424343549584e-05
6.140548503046,1.5659726331030274e-05
6.141548503046,1.5620093638690873e-05
6.142548503046,1.6623210227347124e-05
6.143614956535,1.5795637224119222e-05
6.144630154474,1.568715376032583e-05
6.145640145828,1.5651022885272612e-05
6.146649508991,1.6279707234356444e-05
6.147700987181,1.5853025924124147e-05
6.148726564361,1.5937153706204675e-05
6.149759068856,1.5814090213139362e-05
6.150784925257,1.541566480026642e-05
6.151786371611,1.550630472864477e-05
6.152795059231,1.5888089633049295e-05
6.153830185073,1.5826929965435148e-05
6.154862543705,1.5413861334706626e-05
6.155868818726,1.5613140172640365e-05
6.15688906607,1.52887248229893e-05
6.15788906607,1.527367217873345e-05
6.15888906607,1.5257378332271378e-05
6.15988906607,1.543002812358038e-05
6.160901483783,1.5959918423158062e-05
6.161949740099,1.5211644799155085e-05
6.162949740099,1.5555068366270116e-05
6.163973155268,1.5187268479591591e-05
6.164973155268,1.517546725672885e-05
6.165973155268,1.5165574272300975e-05
6.166973155268,1.5160288039237243e-05
6.167973155268,1.5155824972316287e-05
6.168973155268,1.514810280285292e-05
6.169973155268,1.5139037853764667e-05
6.170973155268,1.5133106969190547e-06
6.171073155268,1.5390525731510595e-05
6.172090416419,1.560729966993056e-05
6.173122665361,1.516914212076157e-05
6.17412672647,1.5225629813276134e-05
6.175135461565,1.5252845274050575e-05
6.176147039145,1.5813742552422205e-05
6.177196841142,1.5076215687650814e-05
6.178198605767,1.5822034195846267e-05
6.179251035873,1.544329717615047e-05
6.180279334264,1.5226275870988349e-05
6.181294311071,1.5225340535184186e-05
6.18231042429,1.5754797679506214e-05
6.183363256076,1.5115479438480998e-05
6.184374775483,1.5041492813143428e-05
6.185382964269,1.4931353135355417e-05
6.186385301495,1.5006996229734308e-05
6.187393794348,1.5190153301401701e-05
6.18841554622,1.5488091757178104e-05
6.189458001414,1.4971157334947367e-05
6.190466469525,1.51496170326418e-05
6.191488197628,1.4987065410065369e-05
6.19250018321,1.547037628566023e-05
6.193546309629,1.4826739084573614e-05
6.194550293337,1.52666623611172e-05
6.195585480722,1.4941602456005208e-05
6.196600019819,1.488239384485145e-05
6.197611836227,1.5262794507654837e-05
6.198650304744,1.5706076676423926e-05
6.199719300181,1.5634976443052407e-05
6.200784300181,1.5333151604871042e-05
6.201829975042,1.4646493339937063e-05
6.202829975042,1.4630307060575802e-05
6.203829975042,1.461350375048464e-05
6.204829975042,1.4596939457091066e-05
6.205829975042,1.4578662176950793e-05
6.206829975042,1.4558846564123282e-05
6.207829975042,1.4539106608562314e-05
6.208829975042,1.4517124064639675e-05
6.209829975042,1.449566568145452e-05
6.210829975042,1.498832266456198e-05
6.211865464497,1.5426577746413784e-05
6.212933015508,1.4426825745901381e-05
6.213933015508,1.440276945168745e-05
6.214933015508,1.4584780808249623e-05
6.215947338212,1.4803373073774914e-05
6.21697859134,1.43335033560569e-05
6.21797859134,1.43134343814803e-05
6.21897859134,1.4292288593261652e-05
6.21997859134,1.4271638411380553e-05
6.22097859134,1.4249564465330585e-05
6.22197859134,1.5384541878283686e-05
6.223059834778,1.4564372927682257e-05
6.224084834778,1.418991823868529e-05
6.225084834778,1.4177473869553277e-05
6.226085345092,1.4161211234480718e-05
6.227085851197,1.4142566786585264e-05
6.228086353076,1.4119933790296306e-05
6.22908685281,1.4103853606528574e-05
6.230087349498,1.4086179770868863e-05
6.231087839256,1.5192827253770483e-05
6.232168546693,1.4044943136587398e-05
6.233169029334,1.411218883600746e-05
6.234175657459,1.400813161117368e-05
6.235176132585,1.3989547986921539e-05
6.236176603222,1.3973985896319686e-05
6.237177069598,1.396968066696919e-05
6.238177531726,1.4183505948427529e-05
6.239193595386,1.4632889914159604e-05
6.240243028579,1.4251328829500295e-05
6.241266910483,1.3898345316224638e-05
6.242267346112,1.4170989220711726e-05
6.243289373536,1.4718747287837307e-05
6.244352991017,1.3972040475219189e-05
6.245364440154,1.4084036641586977e-05
6.246385701596,1.452653360135299e-05
6.247440891146,1.432271150552815e-05
6.248483124796,1.3857227527119205e-05
6.249493330947,1.4264218245179618e-05
6.250535121203,1.4310330107097981e-05
6.251582498312,1.3662054801590273e-05
6.252587120957,1.408273516941827e-05
6.253630288992,1.3788228235981707e-05
6.254657375641,1.3579552958380507e-05
6.25567242257,1.3363550606556499e-05
6.256674561714,1.4004753531234755e-05
6.257727576141,1.355115351713218e-05
6.258748920249,1.3621657731716972e-05
6.259777945811,1.3425439293371754e-05
6.260794316122,1.3188096135496529e-05
6.261794661922,1.3191258943265177e-05
6.262796939325,1.326328658488668e-05
6.263806355605,1.3484470097033222e-05
6.264834411358,1.3273574646215381e-05
6.265848327914,1.3340988198602287e-05
6.266869279795,1.4112027344587111e-05
6.2679512501,1.3175009750949124e-05
6.268963306397,1.302346164014772e-05
6.269965228658,1.333761505939753e-05
6.270992827997,1.3142166361267654e-05
6.272007207559,1.3337669875454783e-05
6.273038457379,1.298761691400682e-05
6.274044375239,1.2912817998157565e-05
6.275046095058,1.3266904898752572e-05
6.276077002007,1.314842385530215e-05
6.277100315447,1.3760345900167992e-05
6.278172779433,1.3878854946344624e-05
6.279256692299,1.3122048930713885e-05
6.280283536512,1.3174808575208148e-05
6.281316156894,1.3140566842962505e-05
6.282347781864,1.2717124075976582e-05
6.283347781864,1.3318875801028447e-05
6.284397083132,1.2671389416800768e-05
6.285397083132,1.265224906847577e-05
6.286397083132,1.26327744167438e-05
6.287397083132,1.2610541524971759e-05
6.288397083132,1.2586865939341311e-05
6.289397083132,1.2564922953046462e-05
6.290397083132,1.2628837092005184e-05
6.291403819237,1.27804571073416e-05
6.2924243445,1.2504247885503822e-05
6.2934243445,1.2482507853199236e-05
6.2944243445,1.2457289247873147e-05
6.2954243445,1.2788272352416656e-05
6.296452712302,1.2445152701211205e-05
6.297455096478,1.2399485013562388e-05
6.298455265021,1.237976299395438e-05
6.299455426437,1.3232754545583819e-05
6.300526574489,1.294829517118737e-05
6.301577012853,5.544407459453598e-06
6.302027314503,1.2353462907909944e-05
6.303032799008,1.234919474037874e-05
6.304039890837,1.2827921986696107e-05
6.305087867195,1.2291376548530405e-05
6.306093876941,1.2233702823200106e-05
6.307097160655,1.2236549016201814e-05
6.308102613328,1.2887580701654518e-05
6.30916354728,1.2125160402468336e-05
6.31016354728,1.2104983263711028e-05
6.31116354728,1.2083022428183638e-05
6.31216354728,1.2061717121944857e-05
6.31316354728,1.2041584030904676e-05
6.31416354728,1.2023417988050344e-05
6.31516354728,1.2009268751155573e-05
6.316163632569,1.2532286814860617e-05
6.317208672406,1.1976285070091742e-05
6.318208751921,1.1962260127441704e-05
6.319208825696,1.2259232576499064e-05
6.320234806103,1.2533967019531457e-05
6.321284976512,1.2130407088219133e-05
6.322302440246,1.1993088039424633e-05
6.323309376744,1.256634955652012e-05
6.324365362653,1.2129875744179534e-05
6.325385585043,1.211805623929386e-05
6.326405796426,1.2325058001148397e-05
6.327444414339,1.1997238127105278e-05
6.328456441086,1.2049065062232043e-05
6.32947386762,1.2094664773484119e-05
6.330496209384,1.1960309707683169e-05
6.331508225019,1.2260645916939768e-05
6.332546822754,1.1934225934428628e-05
6.333558829522,1.2380340202894098e-05
6.334609083108,1.2033592271149366e-05
6.33562925666,1.2383376939645123e-05
6.336679348036,1.2017349985472542e-05
6.337699511896,1.2353876077771734e-05
6.338749588637,1.1866624627012781e-05
6.339759659865,1.1962870903889046e-05
6.340779801368,1.230436100849967e-05
6.341829857713,1.194245018862195e-05
6.342849991243,1.170842183087127e-05
6.343851710656,1.191555041460278e-05
6.344871836118,1.2253907925045627e-05
6.345921873465,1.1858290299335274e-05
6.346939209191,1.2108081610510169e-05
6.347978908034,1.2437366546376256e-05
6.349047811879,1.2783715864925483e-05
6.350147763578,1.2020016921014106e-05
6.351182981394,1.1671928812304494e-05
6.352188611755,1.2094435499568573e-05
6.353231601541,1.2307870131053833e-05
6.354294585694,1.1652851283894523e-05
6.355302478478,1.1911366905796647e-05
6.356334180522,1.2212546822278145e-05
6.357393228159,1.1523780537728097e-05
6.358393777532,1.2092973394990771e-05
6.359445011086,1.1607237362870488e-05
6.360455087911,1.1508205673204629e-05
6.361457880271,1.1625574066314241e-05
6.362472277523,1.1789411214986265e-05
6.363502294172,1.1581376256948708e-05
6.364515614337,1.1412678440102307e-05
6.365516873488,1.1359562177130686e-05
6.366521062037,1.1433331095330647e-05
6.36754047544,1.1732419012975801e-05
6.368591360565,1.1279885328563864e-05
6.369604827808,1.1475284366707002e-05
6.370638426194,1.109994899714792e-05
6.37164034978,1.1153085560963448e-05
6.372649312951,1.1120080647759448e-05
6.373657566356,1.1664245796640974e-05
6.374717416967,1.157534565023393e-05
6.37577141536,1.1352531130880202e-05
6.376807358323,1.1160138253585819e-05
6.377827857901,1.1796636464943525e-05
6.378908855125,1.12240682156799e-05
6.37993959959,1.1313168906406299e-05
6.380980586886,1.107351443008104e-05
6.382001573043,1.1159013386124541e-05
6.383032310631,1.135473606106348e-05
6.38408304665,1.101347085674566e-05
6.385104025284,1.1098701249151684e-05
6.386134757359,1.129278741001023e-05
6.387185487688,1.1044405079869997e-05
6.388214929244,1.09201651991728e-05
6.389234686042,1.0687416414191933e-05
6.390234686042,1.0665350100572302e-05
6.391234686042,1.0642944211355525e-05
6.392234686042,1.0622301284905743e-05
6.393234686042,1.0603584747602314e-05
6.394234686042,1.058512143257958e-05
6.395234686042,1.0566446375969485e-05
6.396234686042,1.05475149413617e-05
6.397234686042,1.0527784828013148e-05
6.398234686042,1.0507748968410484e-05
6.399234686042,1.0561796288263117e-05
6.400241822044,1.046640372504974e-05
6.401241822044,1.0665077553476723e-05
6.402262762385,1.0426158123738066e-05
6.403262762385,1.0405432056977494e-05
6.404262762385,1.0383934314200147e-05
6.405262762385,1.0510234670771946e-05
6.406277007668,1.0456815273351189e-05
6.407288081421,1.032047034930864e-05
6.408288081421,1.0870132256509407e-05
6.409343659722,1.0454673864151513e-05
6.410360931622,1.0258827612402135e-05
6.411360931622,1.0239760028599704e-05
6.412360931622,1.021973509012581e-05
6.413360931622,1.022152378565568e-05
6.414363006222,1.0368239297478086e-05
6.415381481928,1.0652804340370017e-05
6.416429991817,1.0429797669876489e-05
6.417458653248,1.0195043079914063e-05
6.418466230873,1.0100733320106661e-05
6.419466519779,1.0162660461288936e-05
6.420475455411,1.0118620049505559e-05
6.421482323355,1.009011677865253e-05
6.422488119328,1.0189221636908364e-05
6.423505493628,6.425307579749421e-06
6.424148002817,1.0634561732791528e-05
6.425212625954,1.0408918469660881e-05
6.426256338181,1.0079508842710632e-05
6.4272686359,1.0200273880566567e-05
6.428294785385,1.0307803100746693e-05
6.429333553143,1.005078510398413e-05
6.430347934461,1.0046560677002285e-05
6.43136311082,9.946629675761576e-06
6.432369221842,1.0075869863085632e-05
6.433389723567,9.991884689364477e-06
6.434403291837,9.97889651558599e-06
6.435416967227,9.833029636140166e-06
6.436417138955,9.99056491446518e-06
6.437434712757,9.989429257426081e-06
6.438453595682,9.829513294849279e-06
6.439457498519,9.818684018995474e-06
6.440461496543,1.004147420097627e-05
6.441489481062,9.842748408133462e-06
6.442498219706,9.748728652797898e-06
6.443498512424,9.824054854322664e-06
6.444508031964,9.740049465834029e-06
6.445510370136,9.925210458617204e-06
6.446533128801,1.0076111108553164e-05
6.44757306861,9.830868865725267e-06
6.448589547657,9.692282886947987e-06
6.449593305256,9.769108024614354e-06
6.450606371032,9.977754930869157e-06
6.45164224884,9.928160815699845e-06
6.452674353545,9.767725570058648e-06
6.453691254463,9.71864204561231e-06
6.454704472039,9.667453786629344e-06
6.45571362429,9.594046705074117e-06
6.456716641549,9.622322426177182e-06
6.457724028768,9.796554848535165e-06
6.458750882765,9.558073617677188e-06
6.459754559865,9.507074562330762e-06
6.460754565792,9.518022503258676e-06
6.46175716401,9.519542783336587e-06
6.462761558979,9.503140630409335e-06
6.463765938592,9.911208640282436e-06
6.464815301039,1.0017092247444474e-05
6.465877670635,9.762550702009831e-06
6.466914879598,9.53556207399056e-06
6.467930124215,9.40358378538614e-06
6.468933774368,9.515123640737449e-06
6.469952189941,9.558858512205993e-06
6.470978984287,9.408220679560561e-06
6.471994185903,9.255306475188569e-06
6.472997790235,9.383126229700664e-06
6.474019986505,9.243914748616155e-06
6.475031142091,9.370176364023747e-06
6.476059787862,9.981720007668285e-06
6.477159178123,9.934808518905357e-06
6.478256548774,9.205635978573953e-06
6.479275919925,9.00956827698894e-06
6.480276141018,8.982932277544717e-06
6.481276358703,9.088413243249104e-06
6.482291152079,9.15420431300341e-06
6.483316075322,8.912554367502108e-06
6.4843166471,9.320072931817082e-06
6.485365849903,8.878803486340479e-06
6.48636806825,9.640617726039858e-06
6.487459157876,9.387229886097053e-06
6.488524552344,9.099448074238363e-06
6.489560203822,9.036826206874186e-06
6.490591510881,9.092418148135838e-06
6.491632058752,8.808195221485932e-06
6.492642877116,9.084559980876268e-06
6.493688347836,9.116186595614633e-06
6.494740529303,9.249521403852454e-06
6.495811328774,8.959795790707037e-06
6.496851859183,8.67383352100411e-06
6.497862650916,8.892876392301626e-06
6.498903176365,8.61016545050058e-06
6.499913960995,8.842497460624776e-06
6.500954481756,8.573216903555813e-06
6.501965259247,8.808569859386104e-06
6.503005774702,8.536706276183724e-06
6.504016544204,8.767275581737845e-06
6.505057054668,8.496079877297987e-06
6.5060678167,8.723638050488818e-06
6.507108322441,8.774098411487663e-06
6.508157437047,8.623167527451643e-06
6.509190790829,5.308460908790354e-06
6.509827846379,8.450357734288024e-06
6.510844834762,8.380309105114273e-06
6.5118565473,8.391903772073682e-06
6.512871605798,8.454625709528612e-06
6.513896186126,8.472026362986297e-06
6.514925232614,8.234657620673167e-06
6.515927779412,8.353052256826997e-06
6.516947060499,8.574944991978311e-06
6.517995950517,8.470444851906246e-06
6.519034526851,8.282346848509945e-06
6.52005224333,8.19406593423896e-06
6.521061081528,8.418641381738474e-06
6.522099639802,8.11673021717947e-06
6.523102971764,8.076120974304015e-06
6.524103077728,8.366895747322396e-06
6.525141001433,8.085394983762834e-06
6.526145853843,8.04455085291669e-06
6.527147361488,8.244248303569767e-06
6.52817534145,8.199460623660871e-06
6.529199180226,8.29243655054584e-06
6.530235977685,8.276998662158235e-06
6.531272441272,8.181053456145743e-06
6.532298474626,8.327330246170274e-06
6.533344144879,8.213447437446529e-06
6.534376948236,8.03362595494036e-06
6.535388798934,8.233181915057048e-06
6.536427231014,8.291310345236034e-06
6.53747432114,8.136321912004965e-06
6.538503146946,8.282199203421406e-06
6.539551774618,7.942756975539517e-06
6.54055855573,8.043248287923611e-06
6.541579081296,8.218802098773202e-06
6.54262313232,7.88964069567991e-06
6.543626677489,8.381192023200609e-06
6.544694043598,8.05630951971586e-06
6.545721086193,8.039116671428055e-06
6.546746939033,8.11588327754552e-06
6.5477837612,8.092241339901886e-06
6.548818935645,7.888951066905485e-06
6.549829559533,8.021524752796212e-06
6.550858741697,7.837954272342171e-06
6.551866168585,7.79489368827597e-06
6.55286996305,7.808572430633006e-06
6.5538773225,7.889498343746295e-06
6.554896996415,7.939290152422723e-06
6.555925054942,7.743679118365327e-06
6.556929816313,7.976009011983059e-06
6.557966862105,7.951181466536e-06
6.559002801792,7.700806608563386e-06
6.560008142038,7.798321470263773e-06
6.561028172487,7.665925097108042e-06
6.562032981605,7.860284239383723e-06
6.563065534981,7.73551470694773e-06
6.564083832769,7.883647186006425e-06
6.565123840177,7.804320247154057e-06
6.566155689724,7.92939348333083e-06
6.567206521497,7.547106008641826e-06
6.568208835786,7.938616390902838e-06
6.56926561576,7.84878046218691e-06
6.57031290919,7.491897940988951e-06
6.571314860789,7.822843060204337e-06
6.572363774422,7.454675089303232e-06
6.573365720588,7.784707217918087e-06
6.574414628527,7.4178790246377725e-06
6.575416569427,7.614189925455602e-06
6.57644768121,7.743827313715534e-06
6.577499094895,7.506532521518841e-06
6.57852097726,7.5557675935341544e-06
6.579552387235,7.676587731371647e-06
6.580603795718,7.440289912578985e-06
6.581625671362,7.495186476297529e-06
6.582657076361,7.554322120670837e-06
6.583698947419,7.311325988189758e-06
6.584709423325,7.512409614975758e-06
6.585749738275,7.3611744309318876e-06
6.586770050721,7.286265691299405e-06
6.587780515891,7.3966845641554375e-06
6.588807555352,7.5950614742516545e-06
6.589863729999,3.374556919518843e-06
6.590333880124,7.443748410353594e-06
6.591372532809,7.502650974804676e-06
6.592421383952,7.154487316665505e-06
6.593423271418,7.239075210483389e-06
6.594439916169,7.6069162171324105e-06
6.595510351138,7.379222529317584e-06
6.596550638943,7.153292421332287e-06
6.597561067418,7.348146390761152e-06
6.598601350858,7.12186883091494e-06
6.599611772588,7.317230407759188e-06
6.600652051488,7.093052006656669e-06
6.601662466473,7.288858448983646e-06
6.602702740794,7.298399815043018e-06
6.603746188245,7.196967394215761e-06
6.604776914488,7.041929095880424e-06
6.605787315948,7.236249599353163e-06
6.6068275814,7.012791417349939e-06
6.607837976162,7.45159341186212e-06
6.608913889372,7.246070945539721e-06
6.609962691589,7.339191432212487e-06
6.611027701848,7.071034301405687e-06
6.612055841209,6.865155114159038e-06
6.613056002363,6.852555273019256e-06
6.614056507009,7.000579059762971e-06
6.615081017757,6.988531709767529e-06
6.616106063259,7.103497086587865e-06
6.617150354869,6.873288260553385e-06
6.618162548451,7.09599864929389e-06
6.619208672161,6.8557057933396666e-06
6.620220854859,6.826983377613167e-06
6.621230645408,7.020695898625672e-06
6.622270995951,6.916546821041311e-06
6.623297837322,6.872632535523608e-06
6.624320204011,6.7146737956606715e-06
6.62532089638,6.705786852609969e-06
6.62632242075,6.951559798160111e-06
6.627362953769,6.807332544808945e-06
6.62838395136,6.788432147071166e-06
6.629404327916,6.705626095439649e-06
6.630414555383,6.73507087900702e-06
6.63143157688,6.756918033023463e-06
6.632454282929,6.901674148657737e-06
6.633501376712,6.598338821837495e-06
6.634504833637,6.570823358310489e-06
6.63550645373,6.643928430021671e-06
6.63652166144,6.600186252886113e-06
6.637532664719,6.523305259285475e-06
6.638534263028,6.596248122680028e-06
6.639549455673,6.627739325869859e-06
6.640571901941,6.565370152752285e-06
6.641587042197,6.597207169178555e-06
6.6426094217,6.689310454395662e-06
6.643648504179,6.740128348558418e-06
6.644698070717,6.6182985088511765e-06
6.645731250708,6.53398252491884e-06
6.646753956827,6.531345343792596e-06
6.647779113537,6.478838851893619e-06
6.648798818089,6.434391574088251e-06
6.649814081266,6.328444151010732e-06
6.650815160075,6.397154301456983e-06
6.651829626627,6.532889488423983e-06
6.652868087226,6.283120697810342e-06
6.653869307426,6.385522979873484e-06
6.654889240772,6.3060908576934776e-06
6.655898668493,6.2630123529565254e-06
6.65690326732,6.457179342078473e-06
6.657941265003,6.2120256367441255e-06
6.658941894663,6.301917659156571e-06
6.659958804393,6.340271522363858e-06
6.660983741982,6.490016104437378e-06
6.662034833217,6.465496379076128e-06
6.663084271356,6.192123192189661e-06
6.66409216685,6.409550445131043e-06
6.665139127522,6.196862305069234e-06
6.66615558763,6.186650182282098e-06
6.667176416824,6.094244701515669e-06
6.66818942556,6.137706719719429e-06
6.669216132408,6.2637134941805526e-06
6.670268443889,6.111575910697403e-06
6.67129760769,5.977429646908632e-06
6.672306297468,6.118520841590258e-06
6.673340228328,4.3365630104693126e-06
6.674073584506,5.977332394425722e-06
6.675085197365,5.923624744090754e-06
6.676088618591,6.033648568822479e-06
6.677111515853,6.007245652106582e-06
6.678130742762,6.283209445088014e-06
6.679197749147,6.183027267738841e-06
6.680248966073,5.989311983881064e-06
6.681268154576,6.110570296955138e-06
6.682309032164,6.071077194779097e-06
6.68334479931,6.06543356731046e-06
6.684381063749,6.141596829851602e-06
6.685431976359,5.934752572588436e-06
6.686449205968,6.0928196726667485e-06
6.687495245186,6.051619951599515e-06
6.688536083194,6.0397717005909025e-06
6.689576918315,6.027663184099462e-06
6.690617750256,6.014591469471642e-06
6.691658578986,6.003982339636103e-06
6.692699404711,2.0791064542552102e-06
6.693060201044,5.808107687529339e-06
6.694068960867,6.151398782297308e-06
6.695138998964,6.020961083563041e-06
6.696189034376,5.9339335732542486e-06
6.697227543261,5.91301772035144e-06
6.698265639389,5.7478705859717916e-06
6.699277199356,5.952180476674097e-06
6.700327222921,5.867211573174399e-06
6.701365717282,5.794207467027891e-06
6.702395077596,5.661056350697344e-06
6.703403484951,5.7635835582309105e-06
6.704431332691,5.667309394000921e-06
6.705442870426,5.598428069370706e-06
6.706444478762,5.721206740998408e-06
6.707471456535,5.738630999532481e-06
6.708506324565,5.772844907342942e-06
6.709551896579,5.967863397833398e-06
6.710635339859,6.044962888191483e-06
6.711735339859,6.023028258442969e-06
6.712835339859,6.011676903189402e-06
6.713935339859,6.0026615059946095e-06
6.715035339859,5.986893628200314e-06
6.716135339859,5.981130929542206e-06
6.717235339859,5.971810003578528e-06
6.718335339859,5.6554989856898545e-06
6.719378245438,5.960571721329359e-06
6.720478245438,5.944501946159562e-06
6.721578245438,5.933135896114054e-06
6.722678245438,5.927437984968087e-06
6.723778245438,5.505692658868306e-06
6.724803245438,5.897156755671943e-06
6.725903245438,5.891567603910901e-06
6.727003245438,5.44983249987167e-06
6.728023245438,5.813775776101851e-06
6.72911362477,5.84962201027038e-06
6.73021362477,5.837807840646616e-06
6.73131362477,5.65212528226823e-06
6.732381032598,5.807541517372177e-06
6.733481032598,5.7928365952229235e-06
6.734581032598,5.7746188950446905e-06
6.735681032598,5.756997119433253e-06
6.736781032598,5.741077974795916e-06
6.737881032598,5.725296508779208e-06
6.738981032598,5.710785940825748e-06
6.740081032598,5.696604056457045e-06
6.741181032598,5.291837307208369e-06
6.742205427379,5.669069809562204e-06
6.743305427379,5.449189662811072e-06
6.744365427379,5.24948849225553e-06
6.745389279228,5.306710715865701e-06
6.746426365934,5.112030408523567e-06
6.747426525241,5.233542433389247e-06
6.748450984677,5.279490711081203e-06
6.749485573892,5.206307768238029e-06
6.750507336396,5.196940004247835e-06
6.751528874671,5.351834416230664e-06
6.752583228671,5.3387368367119e-06
6.753637563354,5.106455718793843e-06
6.75464818555,5.122271017086712e-06
6.755663616244,5.151294001617507e-06
6.756686449268,5.163162140533598e-06
6.757713244412,5.022593591188381e-06
6.758713334266,5.2106402027711274e-06
6.759751956182,5.386446015458394e-06
6.760826433118,5.105309433406474e-06
6.761845413514,5.186583794330375e-06
6.762881629065,5.0322200261701015e-06
6.763888407915,5.167083807125257e-06
6.764923533842,5.255624549529336e-06
6.76597780901,5.168898478857817e-06
6.767016397272,5.337146320782623e-06
6.768090839504,5.012507760606164e-06
6.769101953422,5.033852171707318e-06
6.770119480032,5.165288109959863e-06
6.771166087088,5.053091678578129e-06
6.772192816929,5.0168799701238415e-06
6.773214934651,4.934876005736565e-06
6.774222874389,5.04429642397774e-06
6.77525598042,5.1080887452705106e-06
6.776305480389,4.887400757160144e-06
6.777312732794,5.069205038736164e-06
6.778360945143,4.985160624053391e-06
6.77939559834,4.8493050109419934e-06
6.780405407516,4.800828947395124e-06
6.781407745141,4.841018724242962e-06
6.782421207136,4.984362671053155e-06
6.783468032735,4.954230512088281e-06
6.784511474128,4.755463600737214e-06
6.785515343508,4.818604242003948e-06
6.786534579265,5.121985235424329e-06
6.787619878309,4.803347924550047e-06
6.788638825804,4.868482590784267e-06
6.789672245328,5.006965085295725e-06
6.79073589541,4.791736301373029e-06
6.791754657504,4.869933117153444e-06
6.792790703593,4.7197968953354585e-06
6.793795525538,4.810112727960933e-06
6.794820820616,4.734958777920872e-06
6.79583165452,4.70841574531022e-06
6.796838748996,4.690778356427724e-06
6.797844209786,4.686388170256953e-06
6.798850551902,4.747332803890471e-06
6.799871823319,4.805263164880986e-06
6.80090783838,4.799501043451749e-06
6.80194513195,4.996754969290288e-06
6.803027767087,4.917706440903822e-06
6.804096531538,4.595852041914451e-06
6.805098242964,4.751424464606919e-06
6.806136840395,4.571037700494415e-06
6.807138541488,4.728541704230072e-06
6.808177129074,4.5489094162414485e-06
6.809178822128,4.705391674490161e-06
6.810217400838,4.527356541895679e-06
6.811219086213,4.70396641203846e-06
6.812261441439,3.352502680119008e-07
6.812335841439,4.643389593641659e-06
6.813366854918,4.678097442323774e-06
6.814407360285,4.943243535571504e-06
6.815507360285,4.582952018378379e-06
6.816528454812,4.573700146982288e-06
6.817549359098,4.887330765604987e-06
6.81864181546,4.9142068156141795e-06
6.81974181546,4.493872951714138e-06
6.82074890428,4.674678734815508e-06
6.82179732735,4.492167931276422e-06
6.822805846873,4.889864204825869e-06
6.823905846873,4.879677199611646e-06
6.825005846873,4.869707527856941e-06
6.826105846873,4.858364254659862e-06
6.827205846873,4.847008168801089e-06
6.828305846873,4.8341448490342425e-06
6.829405846873,4.820602519197322e-06
6.830505846873,4.461029912783966e-06
6.831525846873,4.5837756977169425e-06
6.83257616907,4.573222175591254e-06
6.833626490948,4.770728652121972e-06
6.834726490948,4.713588552934295e-06
6.835826490948,4.679659206332287e-06
6.836926490948,4.5513970202797995e-06
6.837997279808,4.464114429640205e-06
6.839049879433,4.653690664226048e-06
6.840149879433,4.64069375130322e-06
6.841249879433,4.62967882355126e-06
6.842349879433,4.61889229385382e-06
6.843449879433,4.281904208915159e-06
6.844471680852,4.3709587038279476e-06
6.84551680156,4.287772314499241e-06
6.846544608162,4.2571585977336586e-06
6.847568115163,4.366789067091355e-06
6.848620518211,4.258656400350369e-06
6.849648407672,4.234123462460859e-06
6.850671901158,4.219832278836611e-06
6.851693619134,4.157927306409931e-06
6.852702710083,4.276476272603776e-06
6.853742952365,4.305274532679969e-06
6.854791980617,4.3458285627727024e-06
6.85585263489,4.151920715004571e-06
6.856867250531,4.1058067119107705e-06
6.857872278018,4.170329724593643e-06
6.858895165985,4.073274790553979e-06
6.8598964325,4.106697817799861e-06
6.860908485245,4.096650881430474e-06
6.861920235731,4.1011784658089604e-06
6.862934829193,4.1878514518502436e-06
6.863973713659,4.092639048758612e-06
6.864992179488,4.103299227976401e-06
6.866015544342,4.245879013809696e-06
6.867076143346,4.055411925951537e-06
6.868090717147,4.1482608676538605e-06
6.869129581535,4.056063633192425e-06
6.870148023616,4.059535338992027e-06
6.871168828005,4.033251272974221e-06
6.872183222719,4.010596291645193e-06
6.873192571732,4.02815432118301e-06
6.874206497309,4.114519462218122e-06
6.875242146743,4.02115069328874e-06
6.876253357722,4.003720921975971e-06
6.877258629854,4.0028938380950415e-06
6.878264112673,4.012683533209174e-06
6.879271747718,4.01861464617238e-06
6.880281494597,4.055565664445221e-06
6.881300593435,4.046370393899891e-06
6.882319687318,4.034238688902799e-06
6.883338776467,3.970473839797553e-06
6.884342209627,4.038784208466063e-06
6.885362627716,4.181547001999129e-06
6.886420545348,3.956357824923074e-06
6.887422973047,3.97360445822383e-06
6.888429573954,3.986462393779181e-06
6.88943716134,3.976914009927919e-06
6.890438116705,4.011726066972232e-06
6.891446686518,3.994802320886102e-06
6.892456983053,3.963051313047993e-06
6.893466635591,3.958347346684481e-06
6.894477599204,4.023199342247159e-06
6.895510132029,3.9621636137745074e-06
6.896529119083,3.91300532255122e-06
6.897535762251,3.891131310168959e-06
6.898543646225,3.882862458026494e-06
6.899555193678,4.027984794044461e-06
6.900606030288,3.986243266597458e-06
6.901638163909,3.860753080531337e-06
6.902653476145,3.933485382970307e-06
6.903702405345,3.856009324023313e-06
6.904726719689,3.783938470616139e-06
6.905738605649,3.7568922520765555e-06
6.906742274285,4.054948829199369e-06
6.907821638943,3.7363303813958063e-06
6.90882562404,3.8261059741205704e-06
6.909847890045,3.888579536315606e-06
6.910895777663,4.051417605910295e-06
6.911995777663,4.06899898333368e-06
6.913095777663,4.082640737654561e-06
6.914195777663,4.0509517852202546e-06
6.915295777663,4.029128295613132e-06
6.916395777663,4.021818911929024e-06
6.917485777663,3.999698490251753e-06
6.918573628385,4.026924271064623e-06
6.919673628385,4.030112258197211e-06
6.920773628385,4.039543768983178e-06
6.921873628385,3.793281900806916e-06
6.922918590734,3.9710393779844935e-06
6.924018590734,3.997146678859116e-06
6.925118590734,3.7463454774315304e-06
6.926153579085,3.960599302102508e-06
6.927253579085,3.8721567224212205e-06
6.928331419939,3.7062116498852286e-06
6.929363849924,1.6822821385905954e-06
6.92983412975,3.6877830877140266e-06
6.930873088359,3.7194752824659715e-06
6.931923924996,3.632035639946787e-06
6.932945039095,3.6550230132362287e-06
6.933975873231,3.7244598371973536e-06
6.935026706164,3.6308407345215794e-06
6.936047814884,3.6658994425784636e-06
6.937078645053,3.838473801449624e-06
6.93815974982,3.5885416645739385e-06
6.939170765237,3.699368932682135e-06
6.940212418405,3.7051621328023308e-06
6.941253518706,3.742340342159215e-06
6.942304342681,3.6105097664797235e-06
6.943315703154,3.849313414594649e-06
6.944387067538,3.696038264783694e-06
6.945408156921,3.7026227455391125e-06
6.946419516649,3.7471960938664736e-06
6.94745033094,3.7225485265676213e-06
6.948491414729,3.5787852003050204e-06
6.949502767294,3.584786851194883e-06
6.950514117124,3.6711382095178305e-06
6.951534656545,3.734286266432529e-06
6.952562979324,3.846987402570173e-06
6.953615118564,3.8293519058553555e-06
6.954655783968,3.805500388414056e-06
6.955689271972,3.892163993387938e-06
6.956741187476,3.884143224829851e-06
6.957781628577,3.7715999059022756e-06
6.958788853067,3.917061987051607e-06
6.959820991861,3.7880272401391943e-06
6.960826248313,3.837157972262637e-06
6.961866865808,3.813430893259879e-06
6.962927657665,3.524552845762877e-06
6.963933792308,3.501594571668102e-06
6.964952312348,3.5323857113000426e-06
6.966000980442,3.3685466165081284e-06
6.967014950411,3.411537557483353e-06
6.968053765806,3.280272457040401e-06
6.969067948489,3.3147174709874992e-06
6.970106409365,3.2301006364097907e-06
6.971124398969,3.2548624574622645e-06
6.972147348825,3.3785905855377048e-06
6.973207450313,3.212215050307121e-06
6.974221614316,3.2594760011674173e-06
6.975260056011,3.198478670416347e-06
6.976278024182,3.2322889992411066e-06
6.977300955414,3.344262294702158e-06
6.978361034625,3.1947860405083355e-06
6.979375179597,3.262221439395808e-06
6.98041360223,3.168822641750114e-06
6.981431549023,3.161971994021929e-06
6.982454461346,3.1353539989598923e-06
6.9834681545,3.107609113167843e-06
6.984468593941,3.1212057227166183e-06
6.985478125965,3.1028033369991147e-06
6.986486127921,3.166718843277373e-06
6.987516173614,3.1422271092718033e-06
6.988539674657,3.195124912758353e-06
6.989580326728,3.1356151403198265e-06
6.990606220875,3.2626595395165207e-06
6.991675386073,3.0416884465684733e-06
6.992675407964,3.0554217040023196e-06
6.993685671137,3.0520821073418476e-06
6.994694628935,3.011026509326704e-06
6.995696318174,3.01603841770508e-06
6.996699533423,3.032315796147448e-06
6.997706946708,3.0197105565709026e-06
6.998710365546,3.091351473909176e-06
6.9997352535,3.087357613601445e-06
7.000765561026,3.0070233966952145e-06
7.001779270283,3.0367086555540873e-06
7.00279925996,3.048846536275813e-06
7.003816533563,3.0392016991642994e-06
7.004828134978,3.0242365927738175e-06
7.005837591324,2.9646162798100683e-06
7.006840315476,2.999034139091968e-06
7.007854654251,3.0626085796177682e-06
7.008879103448,3.0064652550621017e-06
7.009891227077,2.9736492074744376e-06
7.010893475378,2.9798305389585815e-06
7.011900211153,2.9603419649654338e-06
7.01290517332,2.975836779476773e-06
7.01391013126,2.966568602125221e-06
7.014913173989,1.391653563292629e-06
7.015386170989,2.935993280480384e-06
7.016388227402,2.965561835393894e-06
7.017393807731,2.939004716398799e-06
7.018397685315,2.93365354350497e-06
7.019401558804,2.946721240817402e-06
7.020409391527,2.956029931631044e-06
7.021419271985,2.9381154477088502e-06
7.022437248147,3.127859611035895e-06
7.023523565282,2.9561580579225666e-06
7.024554274122,2.8768237202445085e-06
7.025560865885,2.881303016543018e-06
7.026572043953,3.032484748621088e-06
7.02764368701,2.8606271219379753e-06
7.02865784898,3.0393005932911254e-06
7.029739394077,2.9318103915342323e-06
7.030790092676,2.8514873331944595e-06
7.03181102281,2.8802078085691675e-06
7.032841719277,3.0289157382391153e-06
7.033932608868,2.9002667020966673e-06
7.03498330342,2.805920677598437e-06
7.036004227876,2.748112035838593e-06
7.037004316469,2.838947003328699e-06
7.038025238527,2.8586507653256328e-06
7.039055928818,2.8840947610447996e-06
7.04010661806,2.7863351587262695e-06
7.041127535372,2.8018887867696277e-06
7.042158222154,2.8654399906153433e-06
7.043208907944,2.7972688767900315e-06
7.044229820801,2.80830299767991e-06
7.045260504228,2.8526286876811458e-06
7.046311186629,2.774066280447007e-06
7.047332094946,2.802403188273256e-06
7.048362775048,2.8520744218209897e-06
7.049413454135,2.8617520168673557e-06
7.050464583881,2.958014284500439e-06
7.051545486106,2.8279935331723467e-06
7.05257616154,2.8244808375228045e-06
7.053626835962,2.7219723257690778e-06
7.054647733607,2.776536020678533e-06
7.055678405605,2.8652453350793017e-06
7.056729076595,2.7980726730405528e-06
7.057749969617,2.8032235381873253e-06
7.05878063816,2.8098710458678304e-06
7.059831305709,2.8368659367334297e-06
7.060888313629,2.803732164017888e-06
7.061918978683,2.90400168494585e-06
7.062999642648,2.7815105993733213e-06
7.06405030546,2.6988372234517556e-06
7.065071187602,2.7151920031084517e-06
7.066101847986,2.7043513965990117e-06
7.067143657105,2.5638550433603844e-06
7.068144577763,2.5606389235863115e-06
7.0691450531,2.595442975818145e-06
7.070161020656,2.551337126717908e-06
7.071162803703,2.6695296351041512e-06
7.072207957686,2.5674231974814344e-06
7.073211529318,2.5936838621731246e-06
7.074224012295,2.5770624245741256e-06
7.075231325783,2.551123126592647e-06
7.076232549864,2.5174072159701977e-06
7.077235326485,2.5210742169489432e-06
7.07823590549,2.549674023064487e-06
7.079243980545,2.574046456814944e-06
7.080252051453,2.5846473559671314e-06
7.081254361402,2.5374709277448024e-06
7.082262211886,2.51235237126184e-06
7.083271940091,2.4984086954360127e-06
7.084276597324,2.4969978692674957e-06
7.085280400741,2.4876750012572864e-06
7.086283138251,2.4750417820832546e-06
7.087283677918,2.507952104846077e-06
7.088296170703,2.489796131015339e-06
7.089302928159,2.457055074376994e-06
7.090309681319,2.4219182979502933e-06
7.091314944321,2.448614248244203e-06
7.092320203019,2.470571119911237e-06
7.093331985757,1.872387078069822e-06
7.094108918329,2.4095803151671484e-06
7.095115337931,2.411311605143216e-06
7.096118033372,2.410138534631505e-06
7.097120724613,2.3911008724412924e-06
7.098121218357,2.4022576221625787e-06
7.099129207518,2.4018207447899373e-06
7.100137192471,2.40552318548161e-06
7.101143900724,2.4193821836087113e-06
7.102150604469,2.4296274985527525e-06
7.103163600531,2.4112374697772063e-06
7.104175813933,2.417607845757076e-06
7.10519460272,2.3958707770074543e-06
7.106203977643,2.392032435198044e-06
7.107214481997,2.3952412686202375e-06
7.108231987876,2.374970918654065e-06
7.10924227265,2.3525696353658985e-06
7.110243567875,2.3956622486794585e-06
7.111262333294,2.361095896898683e-06
7.112271684881,2.3352150138806443e-06
7.113282164038,2.3648832746648786e-06
7.114299642804,2.4001719103736117e-06
7.115309901177,2.3416205951569997e-06
7.116311170117,2.2947998983613695e-06
7.117315371512,2.2862011087267873e-06
7.118324272065,2.289711400703266e-06
7.119327225757,2.3254828190972564e-06
7.120332102808,2.3345315188855353e-06
7.12133347177,2.3280173322024656e-06
7.122350916922,2.272607400712177e-06
7.123361141712,2.2494334607946023e-06
7.124362377908,2.3046174363856703e-06
7.125381084751,2.293823863000907e-06
7.126393717093,2.2991826258463095e-06
7.127412202464,2.2924822967123397e-06
7.128428915307,2.3119435042510518e-06
7.129448666144,2.313272742923663e-06
7.130460277195,2.25283456060991e-06
7.131467003393,2.2469836995012166e-06
7.132479526918,2.2329112611578106e-06
7.133481224097,2.4728288881625423e-06
7.134581224097,2.313943442156813e-06
7.135601612445,2.3633976144433994e-06
7.136632193907,2.327807035113158e-06
7.137662773773,2.3409238713357247e-06
7.138713353198,2.269792282219999e-06
7.139734124082,2.312292221950244e-06
7.140764700963,2.3778873222429478e-06
7.141815276763,2.3529843341314657e-06
7.142866233521,2.4297209770077927e-06
7.143946997902,2.3338377808000555e-06
7.144977569806,2.4235197354814475e-06
7.146047950251,2.3482483030673775e-06
7.147098519734,2.2573491183843845e-06
7.14811927742,2.2498561360877488e-06
7.149149844475,2.280480136754251e-06
7.150200410505,2.230458757123453e-06
7.151221163606,2.249265006898244e-06
7.152251727268,2.2711401971470946e-06
7.153302289925,2.16982552742277e-06
7.154309929299,6.356981778086115e-07
7.154605386558,2.23740451561617e-06
7.155654346328,2.1885345577377837e-06
7.156684905097,2.2248883276157982e-06
7.157735462872,2.13365969591741e-06
7.15874639055,2.2031935656350814e-06
7.159776945924,2.255213993325695e-06
7.160827500251,2.1592204472546767e-06
7.161848237159,2.152415284052974e-06
7.162878789089,2.1689826834570504e-06
7.163929339999,2.1299107035714754e-06
7.164950072891,2.1856586395880485e-06
7.16598062129,2.22249690393693e-06
7.167031168585,2.128299648913219e-06
7.168051896715,2.1468030862201425e-06
7.169082441532,2.198593946963071e-06
7.170132361224,2.1252437642612312e-06
7.171146671375,2.1165885755460855e-06
7.172164422527,2.136657683297873e-06
7.173192546257,2.1896088822168785e-06
7.174243444385,2.196977743550694e-06
7.175294340764,2.1931840361780524e-06
7.176345235246,2.1421166991046745e-06
7.177396127731,2.1279611180673065e-06
7.178447018413,2.145555544637681e-06
7.179497907292,2.188108681810039e-06
7.180548793823,2.0937815636561442e-06
7.181554587811,2.062562351602785e-06
7.182563788269,2.0481581307637794e-06
7.183580622849,2.0330277054211747e-06
7.184591653655,2.0821635734713493e-06
7.185614289766,2.0882257557298003e-06
7.186641225419,2.0099747274704554e-06
7.187643461134,2.0273323780679845e-06
7.188658153055,2.0498632062469154e-06
7.189679273071,2.0070543697815588e-06
7.190689076878,1.9602663943286856e-06
7.19168978689,2.0382745579569964e-06
7.192716202481,2.02582231672157e-06
7.193724862684,2.0224695699551014e-06
7.194740874222,2.0095637131488874e-06
7.195757560569,1.995056521478557e-06
7.196771300922,1.973337689330168e-06
7.197787724867,1.9468062255113197e-06
7.198797496774,1.969452739283293e-06
7.199812710061,1.99162896657331e-06
7.200831879915,1.999523200899699e-06
7.20185451161,1.9880645234950893e-06
7.202881198514,1.951085368775209e-06
7.203901063836,1.961149213505773e-06
7.204927907429,1.9674752769595358e-06
7.205947552549,1.9583817187627114e-06
7.206957434239,1.9582210375590067e-06
7.20796922107,1.9703167184062153e-06
7.208989490268,1.935008664585537e-06
7.210000420773,1.917588895577289e-06
7.211015590537,1.8974393542597431e-06
7.212024250196,1.9308391415112663e-06
7.21304704966,1.909804485306235e-06
7.21405817667,1.919191942150846e-06
7.215078280709,1.9117605012568393e-06
7.216097602679,1.90598704923685e-06
7.217116142619,1.8959394819915506e-06
7.218131920517,1.8927604119199205e-06
7.21914769414,1.8964498514463434e-06
7.220160917664,1.936842383343759e-06
7.221174137078,1.965171230297092e-06
7.222185018827,1.9709300372153675e-06
7.223206928232,1.935276483561562e-06
7.224220135996,1.951870838525972e-06
7.225232562167,1.948828021011548e-06
7.226240671955,1.970769584790767e-06
7.227253869467,1.939578441959575e-06
7.22826706358,1.95050806766595e-06
7.22928025478,1.9477318049088915e-06
7.230293442951,1.9340142998880238e-06
7.231294959834,1.9548653098826405e-06
7.232308140809,1.973060465483457e-06
7.233329723482,1.5446231320700027e-06
7.234129910214,1.9618947809115425e-06
7.235136568712,1.977055763502396e-06
7.236141674216,2.0012110594436797e-06
7.237172444833,1.947217656286937e-06
7.23818114978,1.9611414738152876e-06
7.23920146224,1.925784006151845e-06
7.240211220656,1.9456117670522726e-06
7.241223945258,1.950973042906674e-06
7.242236666107,1.961092722421756e-06
7.243262606057,1.9504693893338267e-06
7.244282107431,1.939002272765473e-06
7.245298635199,2.0246989878783817e-06
7.246354464191,2.111844016585722e-06
7.247454464191,2.1006097201445144e-06
7.248554464191,2.0925326437022176e-06
7.249654464191,2.095476532466645e-06
7.250754464191,2.098521867390163e-06
7.251854464191,1.9615795670993062e-06
7.252891510852,1.9510052793692045e-06
7.253916480555,1.8958215601540708e-06
7.254927570147,1.9041944659958148e-06
7.255937103831,1.9070347379791386e-06
7.256946409893,1.9283493597965695e-06
7.257979009038,1.902901576662981e-06
7.259002042536,1.8902600285147516e-06
7.260017344087,1.9034728352800447e-06
7.261037530005,1.90542575855763e-06
7.262066080054,1.8528930114396317e-06
7.263067884266,1.8476279010815356e-06
7.264071213627,1.8305251140092544e-06
7.265071739662,1.8409828205939634e-06
7.266074387638,1.860725069184527e-06
7.267081431179,1.862188582895513e-06
7.268096396423,1.9168302950187735e-06
7.269143234462,1.8628181223985613e-06
7.270161411098,1.8709245257398863e-06
7.271183692638,1.870677174969267e-06
7.272205495923,1.878008814143905e-06
7.273244782324,1.7914122336333815e-06
7.274247272426,1.8617183351940004e-06
7.275284348253,1.8422573567283793e-06
7.276306492794,1.8568221452456344e-06
7.277339579684,1.8045378699306608e-06
7.278347324097,1.840917666849826e-06
7.279378571299,1.7853495863385264e-06
7.280382459156,1.845680434876891e-06
7.281428028171,1.8073130842492268e-06
7.282450445751,1.839245777172814e-06
7.283482370679,1.7884719218222356e-06
7.284489750032,1.8657949482839113e-06
7.285536381247,1.8649419528711353e-06
7.286584295003,1.7818702632783548e-06
7.287602811915,1.7825940777343199e-06
7.288634130019,1.7872618802277303e-06
7.289668724981,1.7652925410098724e-06
7.290682102904,1.8813465706963346e-06
7.291762939566,1.7335321546093622e-06
7.292771404718,1.7656072912546452e-06
7.293810131107,1.720630701579155e-06
7.294823295526,1.7453857094551252e-06
7.295847031143,1.7015236736862266e-06
7.296847520832,1.7420598128815175e-06
7.297863503634,1.7250182895848857e-06
7.298864650765,1.7045442673287436e-06
7.299865143711,1.7569651375015838e-06
7.300889216949,1.7660811052340482e-06
7.301909440872,1.7492058659211777e-06
7.302934157262,1.6992336924005848e-06
7.303949934071,1.7006324117604251e-06
7.304962222601,1.7108335439812695e-06
7.305963584643,1.2038486480391853e-06
7.306660112899,1.7267961856753599e-06
7.307677190004,1.7177706560656054e-06
7.30870291133,1.7147392572223888e-06
7.309723233631,1.697447538107227e-06
7.310726953719,1.7584135625528887e-06
7.311756122166,1.686600150651852e-06
7.312757092134,1.6857690984170605e-06
7.313764762794,1.7418037646206963e-06
7.31478356844,1.7033275742553984e-06
7.315790451616,1.6919658756453591e-06
7.316803311679,1.7179508431395474e-06
7.317818019909,1.7104566475883685e-06
7.318826546004,1.6909092148735978e-06
7.31984315491,1.6930064841403664e-06
7.320858659472,1.712909694327473e-06
7.321879107518,1.712690441074259e-06
7.322899382116,1.664728678831067e-06
7.323905355361,1.6597463075101928e-06
7.32490942582,1.6958322826085232e-06
7.325931276512,1.6479908519245476e-06
7.326943371804,1.6676977113880643e-06
7.327970393463,1.670697836725857e-06
7.328990024505,1.6628702376568522e-06
7.32999303563,1.6730607835774434e-06
7.330998107298,1.674291681005379e-06
7.33201623807,1.6370805824548347e-06
7.333021727796,1.64525939582177e-06
7.334030849814,1.6753467133931959e-06
7.335037535489,1.6858273684885624e-06
7.33604671891,1.634196220296898e-06
7.337049366957,1.6362418936408163e-06
7.338063688117,1.6218675433900665e-06
7.339077468503,1.6086516808166456e-06
7.340088969197,1.6001648589358058e-06
7.341091667303,1.6056605005045985e-06
7.342100785473,1.6393816326351233e-06
7.343134935877,1.6203938460618975e-06
7.344147932242,1.6261027756851901e-06
7.345166875434,1.622943050215522e-06
7.346183649242,1.5848263417438933e-06
7.347184035082,1.5870150717702233e-06
7.348187421425,1.611646622478368e-06
7.349207666722,1.6031688808483987e-06
7.350208238906,1.6294707256138476e-06
7.351216398308,1.5955112553788527e-06
7.352227607124,1.5813432598404683e-06
7.353237667067,1.5963456799801097e-06
7.354242365557,1.5887854837409083e-06
7.355245346285,1.5994654722780184e-06
7.356271634023,1.5851420117661145e-06
7.357291180423,1.60106219531062e-06
7.35830661469,1.5802931805892488e-06
7.359307951408,1.6109394693264645e-06
7.360339139243,1.5784687593366842e-06
7.361352881352,1.6486071158295424e-06
7.362405220938,1.674775394341901e-06
7.363464042391,1.6364937995159305e-06
7.364512277525,1.701213922512866e-06
7.365612277525,1.7086568385178912e-06
7.366712277525,1.5924501160118414e-06
7.367732501919,1.7391433639686155e-06
7.368832501919,1.5782134097541393e-06
7.369842613494,1.6628053018502109e-06
7.370909957174,1.7010052278003804e-06
7.372009957174,1.668770946677875e-06
7.373109957174,1.6664289981888852e-06
7.374209957174,1.6772450840077072e-06
7.375309957174,1.665110009773374e-06
7.376409957174,1.6359578122594466e-06
7.377491416996,1.5482048593188001e-06
7.37851079998,6.719136572562889e-07
7.378954182726,1.5422316364584687e-06
7.379971977947,1.5866396753003522e-06
7.381006535722,1.5702122320367385e-06
7.382020251825,1.5391091261875188e-06
7.383038490882,1.6290923394051745e-06
7.384135723882,1.5554994004404255e-06
7.385183272902,1.5684162829895516e-06
7.386230820585,1.5125352544645274e-06
7.387232952911,1.5403826290985473e-06
7.388251240215,1.5217234020098209e-06
7.389266076775,1.537919898148285e-06
7.390292911616,1.6453900006111179e-06
7.391390988293,1.6393574184594758e-06
7.392477819633,1.521441999740654e-06
7.393491319573,1.5608176661147102e-06
7.394536888858,1.5610303300031322e-06
7.395585576518,1.6302431121163067e-06
7.396683960427,1.5125948257826895e-06
7.397704132935,1.5449314456278008e-06
7.398748364924,1.570634321443327e-06
7.399805252482,1.5453331642438547e-06
7.400845807895,1.4969116043858224e-06
7.401855983029,1.5763670320177342e-06
7.402924919078,1.50162483075306e-06
7.403946470033,1.5461351814695251e-06
7.404996460913,1.5027387372196685e-06
7.406008641361,1.4945894486524618e-06
7.407019418457,1.5487460602633164e-06
7.408053927214,1.5427321735781673e-06
7.409095581598,1.5202786230634416e-06
7.410144993649,1.4796495872588755e-06
7.411172637632,1.4776889109956352e-06
7.412188026986,1.472211243887656e-06
7.413190937345,1.5217952852706822e-06
7.414224769141,1.5228209081573843e-06
7.415265875028,1.5053684628670426e-06
7.416298760026,1.5098816505440987e-06
7.417333633903,1.534537678937508e-06
7.418384111685,1.5029533467362086e-06
7.419412687487,1.4563597643443785e-06
7.420429104072,1.459757976249528e-06
7.421450991118,1.452491513757127e-06
7.422461830316,1.5159593938541168e-06
7.423494096351,1.5049422722403543e-06
7.424520906965,1.4997942271988435e-06
7.425572168429,1.435191891543476e-06
7.42659155484,1.4495418687616257e-06
7.427618318975,1.451291251044626e-06
7.428641674577,1.4402873837341564e-06
7.429648744004,1.5392652712917698e-06
7.430718994791,1.4412647975591207e-06
7.431744869313,1.4147799922671263e-06
7.432758187389,1.442746862772521e-06
7.433779783299,1.4211140186440073e-06
7.434787535428,1.4319354037518874e-06
7.435819906587,1.4173679959048557e-06
7.436826986683,1.4008756196919668e-06
7.437836555233,1.3853333210855e-06
7.438853632034,1.3878032392611624e-06
7.439864611314,1.4006269179860117e-06
7.440873354014,1.3777674319527785e-06
7.441873429152,1.4803975286833152e-06
7.442954081251,1.3947490130867052e-06
7.443971580582,1.4168170836730993e-06
7.444999563529,1.4253904536890411e-06
7.44602821506,1.42507543648136e-06
7.447054095657,1.3904780592987574e-06
7.448070566798,1.358215355493857e-06
7.449073192025,1.3658640665766742e-06
7.450075678252,1.3957297963120822e-06
7.451097073243,1.3973096465380135e-06
7.452122706253,1.3824172911428926e-06
7.453149654314,1.419915751981322e-06
7.454209920255,1.364028113499808e-06
7.455225608649,1.368524433032763e-06
7.456243753412,1.367739909621107e-06
7.457261671717,1.4307449630043797e-06
7.458328332822,1.3634482917007943e-06
7.459352605,1.3315013861580653e-06
7.460357239448,1.3769457734161515e-06
7.461392681503,1.4221662516742173e-06
7.462443557044,1.3466484053035174e-06
7.4634474782,1.3828046407200708e-06
7.464481490423,1.3799595820188285e-06
7.46551083327,1.3565318194811867e-06
7.466514418652,1.4140170027374694e-06
7.467566347263,1.3814653962989311e-06
7.468595843462,1.4525715315952889e-06
7.469682727842,1.3358597583792663e-06
7.470682727842,1.4099317370861274e-06
7.471734652729,1.3433828247699103e-06
7.472734652729,1.0290971939078612e-06
7.47350472906,1.3851452221859165e-06
7.474553205028,1.39806160476168e-06
7.475621258443,1.3158143200148106e-06
7.476631333525,1.4228536814328622e-06
7.47772478549,1.3704777772925197e-06
7.478775009135,1.32876288476339e-06
7.47979530616,1.3548893480835999e-06
7.480845527864,1.3141264603970172e-06
7.481865822151,1.3438195398997353e-06
7.482906114864,1.3532818357316968e-06
7.483956479082,1.2836852866525176e-06
7.484956768985,1.2936817048809932e-06
7.485965018434,1.306979919882119e-06
7.486985305928,1.279942710335849e-06
7.487985592136,1.2840571275693604e-06
7.488985876517,1.3151786766459351e-06
7.490016229919,1.3138556719946708e-06
7.491056511118,1.2597638057138079e-06
7.49205679156,1.3124508511583088e-06
7.493097070166,1.3252387298175442e-06
7.494144382044,1.316811281758548e-06
7.495184226578,1.3246028276309328e-06
7.496234570264,1.2969303728762974e-06
7.497264645989,1.2573594161032654e-06
7.498264918358,1.3554806725892137e-06
7.499345057592,1.2538381402468864e-06
7.500345326775,1.3273015650039894e-06
7.50140599362,1.2580878810568002e-06
7.502413016226,1.2865910402324548e-06
7.503444463879,1.246345334772714e-06
7.504444728123,1.3548114000557284e-06
7.505534306059,1.3194301434307669e-06
7.506597522884,1.2545938140479336e-06
7.507609876754,1.2681718406486099e-06
7.50863489752,1.2411472239245193e-06
7.509639353219,1.2696724497533475e-06
7.510668698275,1.2788152087813977e-06
7.51170630408,1.2709332102658133e-06
7.512739512117,1.257439909686627e-06
7.513762813194,1.2620853854160306e-06
7.514791507045,1.283700384088286e-06
7.515839695423,1.2942592427468823e-06
7.516897837236,1.2611849744062563e-06
7.517930469147,1.302930261549027e-06
7.518999391032,1.2625450986782194e-06
7.520036661222,1.2780553136570164e-06
7.521088486397,1.2506806698041202e-06
7.522118749593,1.235135206642008e-06
7.523138317726,1.2467811735278905e-06
7.524169926407,1.2176294510655567e-06
7.525178112076,1.2134536182042116e-06
7.526183164297,1.2139816342239051e-06
7.527191180281,1.2612421240005624e-06
7.528239571102,1.2123650710163438e-06
7.529249229942,1.2058773183446758e-06
7.530255294894,1.2026988188162224e-06
7.531260595295,1.2487429530349971e-06
7.53230631505,1.2060908334755619e-06
7.533318450583,1.2323497792521194e-06
7.534354628905,1.2456418908603942e-06
7.535403518269,1.2116386804607223e-06
7.536426006553,1.2408960179976103e-06
7.537475116044,1.2026508975106076e-06
7.538493281972,1.2710039007548901e-06
7.539571174801,1.1895161754591617e-06
7.5405821897,1.2244046667817945e-06
7.541624258129,1.1852621305497826e-06
7.542635114281,1.2342796332442721e-06
7.54368973856,1.2003338046395683e-06
7.54471770788,1.2066057436247802e-06
7.545752756756,1.1733847601118029e-06
7.546761175268,1.2729332370277176e-06
7.547857209351,1.1812485335889892e-06
7.54887563615,1.1593960632969046e-06
7.549876986577,1.1645311931968136e-06
7.550884229225,1.1721601708062383e-06
7.551899896985,1.15549649436479e-06
7.552902418558,1.1666891663019385e-06
7.553916197587,1.1564582340430845e-06
7.554922969768,1.176889509295249e-06
7.555949174946,1.145375135511486e-06
7.556949644748,3.5003445125832426e-07
7.557255694529,1.221711533786812e-07
7.557362556025,1.1667013829240953e-07
7.557464626173,1.847161887956267e-07
7.55762622434,4.4573621237448946e-07
7.558016073636,3.6208730468265334e-07
7.558332802151,1.1545254645815306e-06
7.559344238342,1.1505247434401066e-06
7.560354049258,1.1621808456591216e-06
7.561375201471,1.1596945682698523e-06
7.562395876652,1.150043380898728e-06
7.563409410623,1.1568283140057629e-06
7.564431278831,1.2117503727786134e-06
7.565502817563,1.1547681726295118e-06
7.566525348211,1.1754303125538673e-06
7.567567626602,1.127636286235533e-06
7.568569152503,1.1829682598642265e-06
7.569621621122,1.1712088849984754e-06
7.570665177368,1.1404952192100824e-06
7.57168286204,1.1337341178927937e-06
7.572695653778,1.1440728671180155e-06
7.573719193961,1.116262998417603e-06
7.574719998681,1.1459768826726823e-06
7.5757494424,1.1432768364289758e-06
7.576777846374,1.132576752126977e-06
7.5777980592,1.1470935297298675e-06
7.578833038726,1.1133074156105141e-06
7.579839369863,1.135547319984218e-06
7.580867696009,1.1041560110855405e-06
7.581868773164,1.1146013368130704e-06
7.582881001871,1.1407432846142304e-06
7.583918992957,1.1054274277883853e-06
7.584926625312,1.1318860959747276e-06
7.585960592469,1.106095660568644e-06
7.58697271876,1.1030202160515376e-06
7.587982988098,1.0906740384735482e-06
7.588983530099,1.09407165306444e-06
7.58998890462,1.0912739629959018e-06
7.590993381689,1.1425304826332782e-06
7.592046704665,1.1092313149163128e-06
7.593070664217,1.0817439240034214e-06
7.594071439311,1.1126904805055338e-06
7.595102590396,1.0805725288598004e-06
7.596105370073,1.0998163873992624e-06
7.597127604205,1.0861310411965058e-06
7.598138501065,1.09545226133976e-06
7.599159869213,1.0980816961023354e-06
7.600184770344,3.1479725968052517e-07
7.601228467683,0.0
7.602266183937,0.0
7.603277704233,0.0
7.603985090662,0.0
7.604986278741,0.0
7.605992671379,0.0
7.607004668565,0.0
7.60802015924,0.0
7.609061974794,0.0
7.610076228448,0.0
7.611078597763,0.0
7.612079844385,0.0
7.613102531834,0.0
7.614115621191,0.0
7.615136745704,0.0
7.616158614951,0.0
7.617162499382,0.0
7.618179892131,0.0
7.619188456983,0.0
7.62024654627,0.0
7.621282024844,0.0
7.622303522915,0.0
7.623316887416,0.0
7.624326125826,0.0
7.625352906276,0.0
7.626371581349,0.0
7.627393121636,0.0
7.628400866529,0.0
7.629407434611,0.0
7.63040859512,0.0
7.631417277091,0.0
7.632420994568,0.0
7.633432001342,0.0
7.63443954211,0.0
7.635440528526,0.0
7.636463566262,0.0
7.637474267631,0.0
7.63849853966,0.0
7.639505845861,0.0
7.640508646303,0.0
7.641536618355,0.0
7.642556036386,0.0
7.643559768161,0.0
7.644566796843,0.0
7.645046119042,0.0
7.646061817548,0.0
7.647083167699,0.0
7.648097403346,0.0
7.649098642292,0.0
7.650186430367,0.0
7.651187407186,0.0
7.6522712799,0.0
7.65327666915,0.0
7.654316130121,0.0
7.655369946848,0.0
7.656370590183,0.0
7.657429588042,0.0
7.658485710634,0.0
7.65950666004,0.0
7.660534557272,0.0
7.661577306219,0.0
7.662633171375,0.0
7.663681599804,0.0
7.664683631587,0.0
7.665748068154,0.0
7.666836824359,0.0
7.667877298845,0.0
7.668884807551,0.0
7.669911371312,0.0
7.670927623779,0.0
7.671942019271,0.0
7.672995387067,0.0
7.673999326902,0.0
7.675060787942,0.0
7.676087179736,0.0
7.677095851115,0.0
7.678110647601,0.0
7.679144017139,0.0
7.680188539643,0.0
7.681236518297,0.0
7.68226147605,0.0
7.683269771039,0.0
7.684270037155,0.0
7.685274780662,0.0
7.686293309842,0.0
7.687294301909,0.0
7.688314383239,0.0
7.689317898838,0.0
7.690353087119,0.0
7.691375709972,0.0
7.692381912151,0.0
7.69338635112,0.0
7.694387270188,0.0
7.69541234745,0.0
7.696444458603,0.0
7.696704045418,0.0
7.697732349772,0.0
7.698736089814,0.0
7.699766943687,0.0
7.700781629854,0.0
7.701788473104,0.0
7.702790924592,0.0
7.703791550473,0.0
7.704814048087,0.0
7.70582414867,0.0
7.706847134406,0.0
7.707859312867,0.0
7.708862380825,0.0
7.709884392801,0.0
7.710886877622,0.0
7.71191056012,0.0
7.712935844019,0.0
7.714012577942,0.0
7.715043171141,0.0
7.716067563057,0.0
7.717090569274,0.0
7.718096857316,0.0
7.719114590271,0.0
7.72011875402,0.0
7.721147417595,0.0
7.722169382042,0.0
7.723178956544,0.0
7.724181852604,0.0
7.725242864856,0.0
7.726246468541,0.0
7.727248987434,0.0
7.728255794292,0.0
7.729257007876,0.0
7.730257819995,0.0
7.731272247669,0.0
7.732302628069,0.0
7.733318201027,0.0
7.734340197876,0.0
7.735343761142,0.0
7.736361112012,0.0
7.737421261709,0.0
7.738440108759,0.0
7.73907375481,0.0
7.740086407667,0.0
7.741087375789,0.0
7.742110306167,0.0
7.743146413941,0.0
7.744174919839,0.0
7.745239283221,0.0
7.746255803267,0.0
7.747277669389,0.0
7.748288051473,0.0
7.749290137378,0.0
7.750311308283,0.0
7.751319170832,0.0
7.752324109505,0.0
7.753330311982,0.0
7.754340848481,0.0
7.75535365836,0.0
7.756362872404,0.0
7.757366769249,0.0
7.758402039681,0.0
7.759454123836,0.0
7.760484959422,0.0
7.761498404487,0.0
7.762515232352,0.0
7.763525523984,0.0
7.764591763722,0.0
7.76567929212,0.0
7.766729815206,0.0
7.767760259408,0.0
7.768820838107,0.0
7.769869142054,0.0
7.770915848582,0.0
7.771917975816,0.0
7.772922654515,0.0
7.773957514414,0.0
7.775024225075,0.0
7.776054944864,0.0
7.777105693301,0.0
7.778196778491,0.0
7.779247593593,0.0
7.780268723571,0.0
7.781299603726,0.0
7.782350511543,0.0
7.783371765716,0.0
7.784412830445,0.0
7.785463830871,0.0
7.786474859982,0.0
7.787484899,0.0
7.788505391905,0.0
7.78951576539,0.0
7.79061575789,0.0
7.791632747249,0.0
7.792643324866,0.0
7.793653921334,0.0
7.794660745692,0.0
7.795662132493,0.0
7.795907739495,0.0
7.796925733059,0.0
7.79794199483,0.0
7.798945642522,0.0
7.799950538255,0.0
7.800959410915,0.0
7.801964416366,0.0
7.802973016561,0.0
7.803979083665,0.0
7.805009540107,0.0
7.806036116731,0.0
7.807055405399,0.0
7.808083654805,0.0
7.809088106227,0.0
7.810095658127,0.0
7.811103860169,0.0
7.812111664391,0.0
7.813120092678,0.0
7.814126553089,0.0
7.815145907927,0.0
7.816157745739,0.0
7.8171602214,0.0
7.818194358197,0.0
7.819209808456,0.0
7.820212625414,0.0
7.82124711547,0.0
7.82226291178,0.0
7.823266071483,0.0
7.824300914234,0.0
7.825317058789,0.0
7.826320561558,0.0
7.827355758324,0.0
7.828372918249,0.0
7.829396911213,0.0
7.830407845527,0.0
7.831427655574,0.0
7.83244041006,0.0
7.833449440787,0.0
7.834456338188,0.0
7.835458497643,0.0
7.836460768548,0.0
7.83746669804,0.0
7.838470791681,0.0
7.839471685551,0.0
7.840498183436,0.0
7.841110563805,0.0
7.842127225882,0.0
7.843135682856,0.0
7.84417561476,0.0
7.845209862899,0.0
7.846244230143,0.0
7.847245921567,0.0
7.848249608702,0.0
7.849272564469,0.0
7.850280042037,0.0
7.851284198817,0.0
7.85228846552,0.0
7.853291049827,0.0
7.854322395786,0.0
7.855348104125,0.0
7.856368085672,0.0
7.857389195502,0.0
7.858413520505,0.0
7.859437192949,0.0
7.860443836723,0.0
7.861482517308,0.0
7.862507112701,0.0
7.863512076834,0.0
7.86453876411,0.0
7.865552444283,0.0
7.86656267488,0.0
7.867580104543,0.0
7.868584462227,0.0
7.869585842632,0.0
7.870587329888,0.0
7.871612073216,0.0
7.872631941199,0.0
7.873647408773,0.0
7.874652536506,0.0
7.875673804249,0.0
7.876709615787,0.0
7.877716591688,0.0
7.878735677126,0.0
7.879744774972,0.0
7.880795090796,0.0
7.881815552563,0.0
7.88284593142,0.0
7.883846743458,0.0
7.884927324127,0.0
7.885957791552,0.0
7.886967953453,0.0
7.887967953453,0.0
7.888967953453,0.0
7.889967953453,0.0
7.890967953453,0.0
7.891967953453,0.0
7.892967953453,0.0
7.893986880816,0.0
7.894986880816,0.0
7.895997131275,0.0
7.897038176037,0.0
7.898068980846,0.0
7.899059821715,0.0
7.900108823284,0.0
7.901139723239,0.0
7.902190649942,0.0
7.90321192621,0.0
7.904242915775,0.0
7.905293933157,0.0
7.906315328759,0.0
7.90736283421,0.0
7.908444312457,0.0
7.909475452574,0.0
7.910526217282,0.0
7.91155820317,0.0
7.912575520498,0.0
7.913584958505,0.0
7.914596057187,0.0
7.915612155436,0.0
7.916614171284,0.0
7.917636455738,0.0
7.918672097402,0.0
7.91969019485,0.0
7.920700406984,0.0
7.921712279617,0.0
7.922729156075,0.0
7.923731937648,0.0
7.924748318518,0.0
7.925762064825,0.0
7.926815725444,0.0
7.927843477787,0.0
7.928851152964,0.0
7.929877641856,0.0
7.930892541234,0.0
7.931913209366,0.0
7.93294748258,0.0
7.933972874991,0.0
7.934990729174,0.0
7.936001999665,0.0
7.937007162689,0.0
7.938037297622,0.0
7.939052958676,0.0
7.94007136101,0.0
7.941081053491,0.0
7.942118179554,0.0
7.943144564179,0.0
7.944163402666,0.0
7.945166353806,0.0
7.946186326337,0.0
7.947217458623,0.0
7.948225485388,0.0
7.949235174961,0.0
7.950241230902,0.0
7.950467002073,0.0
7.951495640749,0.0
7.952518247151,0.0
7.953540959775,0.0
7.954560191543,0.0
7.955560447803,0.0
7.956562995755,0.0
7.957593075244,0.0
7.95859876576,0.0
7.959606467441,0.0
7.960610084262,0.0
7.961617583252,0.0
7.96263264112,0.0
7.963632982661,0.0
7.964657710496,0.0
7.965685477481,0.0
7.966692252933,0.0
7.967721338256,0.0
7.968765022548,0.0
7.96980882528,0.0
7.970837948371,0.0
7.971867504828,0.0
7.972892695689,0.0
7.97391799793,0.0
7.974939450257,0.0
7.975961012894,0.0
7.976979082373,0.0
7.977997260216,0.0
7.97901230281,0.0
7.9800274512,0.0
7.98105800136,0.0
7.982084178991,0.0
7.98311046847,0.0
7.984132904438,0.0
7.985155451197,0.0
7.986174504632,0.0
7.987175086237,0.0
7.988196955648,0.0
7.989222967693,0.0
7.990226080829,0.0
7.991255236901,0.0
7.992263854245,0.0
7.993276325922,0.0
7.99430707695,0.0
7.995366382737,0.0
7.996377287753,0.0
7.997402879964,0.0
7.998424253329,0.0
7.999432469546,0.0
8.000193436333,0.0
8.001217987013,0.0
8.002231329237,0.0
8.00325472583,0.0
8.00426065055,0.0
8.005279827727,0.0
8.006314715319,0.0
8.007343048489,0.0
8.008372233482,0.0
8.009402581963,0.0
8.01040333371,0.0
8.011408145134,0.0
8.012417803136,0.0
8.013457957472,0.0
8.014483185772,0.0
8.015506534579,0.0
8.01655325932,0.0
8.017606480436,0.0
8.018612128384,0.0
8.019642078886,0.0
8.020645063048,0.0
8.021670775742,0.0
8.022769931953,0.0
8.023814742374,0.0
8.024835055126,0.0
8.025840929253,0.0
8.026864044579,0.0
8.02788864116,0.0
8.028942654231,0.0
8.029946141955,0.0
8.030966940479,0.0
8.031969301987,0.0
8.032978129236,0.0
8.03398351817,0.0
8.035001124344,0.0
8.03601883448,0.0
8.037034111873,0.0
8.038049493113,0.0
8.039062077547,0.0
8.040074764916,0.0
8.041091980176,0.0
8.04210348039,0.0
8.043116238195,0.0
8.044126803064,0.0
8.045137470972,0.0
8.046159766963,0.0
8.047171703166,0.0
8.048181313762,0.0
8.049188729374,0.0
8.049430834209,0.0
8.050449156412,0.0
8.051475433869,0.0
8.052499034483,0.0
8.053522740768,0.0
8.054544011679,0.0
8.055557763367,0.0
8.056567746472,0.0
8.057589331191,0.0
8.058614894719,0.0
8.059636203975,0.0
8.060652424662,0.0
8.061662823311,0.0
8.062667501401,0.0
8.063702317242,0.0
8.064709020535,0.0
8.065725637653,0.0
8.066736908969,0.0
8.067742106697,0.0
8.068777453631,0.0
8.069784675097,0.0
8.070800899256,0.0
8.07180651349,0.0
8.072813641279,0.0
8.073831992309,0.0
8.074842648012,0.0
8.07585468516,0.0
8.076857649975,0.0
8.077900762465,0.0
8.0789245385,0.0
8.079931301487,0.0
8.080967932139,0.0
8.081976416677,0.0
8.082994869407,0.0
8.084012131927,0.0
8.085033178472,0.0
8.086049265455,0.0
8.087060631724,0.0
8.088085724801,0.0
8.089090795605,0.0
8.090094853127,0.0
8.091102505981,0.0
8.092110641893,0.0
8.09271902073,0.0
8.093731321189,0.0
8.094748371078,0.0
8.095752263016,0.0
8.09676499745,0.0
8.097771169456,0.0
8.098773118099,0.0
8.099787537879,0.0
8.100808247937,0.0
8.101808632377,0.0
8.102814139515,0.0
8.103830143281,0.0
8.104833055891,0.0
8.105835795405,0.0
8.106846890948,0.0
8.107865741933,0.0
8.108871635254,0.0
8.109875476971,0.0
8.110881080386,0.0
8.111896205277,0.0
8.112941668137,0.0
8.113959407207,0.0
8.114962308352,0.0
8.115970764296,0.0
8.117004151561,0.0
8.118038612595,0.0
8.119070332204,0.0
8.120094144276,0.0
8.121097933215,0.0
8.122166183661,0.0
8.123206759787,0.0
8.124222181441,0.0
8.125249655373,0.0
8.126275157505,0.0
8.127287146529,0.0
8.128328232909,0.0
8.129329706141,0.0
8.130401876218,0.0
8.131440423941,0.0
8.132448311881,0.0
8.13301762595,0.0
8.134054284957,0.0
8.135101166831,0.0
8.136161122392,0.0
8.137229336074,0.0
8.138268190482,0.0
8.139276541069,0.0
8.140296727211,0.0
8.141305214376,0.0
8.142344255449,0.0
8.14334430066,0.0
8.144394932191,0.0
8.14546370353,0.0
8.1465029302,0.0
8.147506721186,0.0
8.148576918262,0.0
8.149624654504,0.0
8.150625416135,0.0
8.151629923172,0.0
8.15268419393,0.0
8.153693541029,0.0
8.154733153186,0.0
8.155742645682,0.0
8.156747333763,0.0
8.157793892756,0.0
8.158815770778,0.0
8.159835594414,0.0
8.160853094512,0.0
8.161866841033,0.0
8.162882989689,0.0
8.163904180818,0.0
8.164917851925,0.0
8.165924732464,0.0
8.16694295803,0.0
8.167952374878,0.0
8.168998015082,0.0
8.170066561287,0.0
8.171086511424,0.0
8.172091128382,0.0
8.173113658009,0.0
8.174151529775,0.0
8.175168551146,0.0
8.176191302225,0.0
8.177191546625,0.0
8.178204278756,0.0
8.179212571323,0.0
8.180216914893,0.0
8.181220753933,0.0
8.182234776739,0.0
8.183259442645,0.0
8.184268698795,0.0
8.185278827471,0.0
8.186290719934,0.0
8.186732849372,0.0
8.187740471711,0.0
8.188767872027,0.0
8.189779849963,0.0
8.190794213031,0.0
8.191795044883,0.0
8.192830773281,0.0
8.193842931787,0.0
8.194847383595,0.0
8.195855908015,0.0
8.19686343804,0.0
8.197867579423,0.0
8.19887901139,0.0
8.199899421546,0.0
8.200919831702,0.0
8.201924529914,0.0
8.202930821079,0.0
8.20301835627,0.0
8.20309287505,0.0
8.203143199147,0.0
8.203261832297,0.0
8.203465397437,0.0
8.203829122782,0.0
8.204413271113,0.0
8.205167717171,0.0
8.205987791076,0.0
8.206744908358,0.0
8.207435116871,0.0
8.208148441,0.0
8.20888917983,0.0
8.209768341901,0.0
8.210612447917,0.0
8.21156630176,0.0
8.212572386784,0.0
8.213580694322,0.0
8.214599564766,0.0
8.215267906552,0.0
8.215880043259,0.0
8.216645975058,0.0
8.217472321673,0.0
8.218135592563,0.0
8.219137893741,0.0
8.219812053043,0.0
8.220026120935,0.0
8.220859473371,0.0
8.221256476879,0.0
8.222231039492,0.0
8.223234976914,0.0
8.223593478879,0.0
8.224130311927,0.0
8.224240395923,0.0
8.224548926081,0.0
8.22499751138,0.0
8.225358893461,0.0
8.225704570575,0.0
8.226030605868,0.0
8.226135836819,0.0
8.226762413967,0.0
8.227060310039,0.0
8.227936494208,0.0
8.228247258741,0.0
8.228487944799,0.0
8.22949461118,0.0
8.230158124138,0.0
8.231165846695,0.0
8.231605918252,0.0
8.23260967874,0.0
8.23289270589,0.0
8.233559745466,0.0
8.234411989054,0.0
8.234852724956,0.0
8.235356658944,0.0
8.235999621778,0.0
8.236781009386,0.0
8.237639243948,0.0
8.238282033474,0.0
8.238617742283,0.0
8.239346065694,0.0
8.23983373562,0.0
8.240540757902,0.0
8.241390574053,0.0
8.241541594867,0.0
8.241831186701,0.0
8.241910789588,0.0
8.242483604581,0.0
8.243292286786,0.0
8.243716188221,0.0
8.244723326894,0.0
8.245330531447,0.0
8.245928263568,0.0
8.246934704691,0.0
8.247400837664,0.0
8.248405358089,0.0
8.249029997022,0.0
8.249898036804,0.0
8.250653517749,0.0
8.251608913314,0.0
8.252157619068,0.0
8.25262773071,0.0
8.253539128489,0.0
8.254319911296,0.0
8.255320588243,0.0
8.25600658741,0.0
8.256614017344,0.0
8.257156261754,0.0
8.257585685604,0.0
8.25859349669,0.0
8.259377453466,0.0
8.25975593879,0.0
8.260262928473,0.0
8.261009852594,0.0
8.262060873593,0.0
8.263071207855,0.0
8.264008845939,0.0
8.264921218057,0.0
8.265566266894,0.0
8.266091451667,0.0
8.266767463349,0.0
8.267442607605,0.0
8.26821810028,0.0
8.268436196691,0.0
8.268884448959,0.0
8.269749881885,0.0
8.270455782303,0.0
8.271466366144,0.0
8.271806059511,0.0
8.272575521501,0.0
8.272968805463,0.0
8.273973724329,0.0
8.274980492026,0.0
8.275258220357,0.0
8.276182061449,0.0
8.277187461296,0.0
8.278193370503,0.0
8.278707372766,0.0
8.279163346108,0.0
8.279849408347,0.0
8.280554708866,0.0
8.281448856923,0.0
8.281968256458,0.0
8.282425432381,0.0
8.282936605019,0.0
8.283187626794,0.0
8.28358509214,0.0
8.283884791832,0.0
8.284254971218,0.0
8.284693611766,0.0
8.285665304401,0.0
8.28620637392,0.0
8.286436113034,0.0
8.287436959348,0.0
8.288477194945,0.0
8.289482101449,0.0
8.290485139626,0.0
8.291131560829,0.0
8.292146230294,0.0
8.293042155394,0.0
8.293921530765,0.0
8.294329394713,0.0
8.295331546258,0.0
8.296335996848,0.0
8.297241044484,0.0
8.298179195901,0.0
8.298870960339,0.0
8.29946104988,0.0
8.300086663128,0.0
8.300247621129,0.0
8.300780078868,0.0
8.300849384094,0.0
8.301867541711,0.0
8.302262340372,0.0
8.302543440085,0.0
8.302928177473,0.0
8.303693451062,0.0
8.304611364856,0.0
8.30504793289,0.0
8.305614526674,0.0
8.306207373854,0.0
8.306881225302,0.0
8.307569217912,0.0
8.308220888801,0.0
8.308654301999,0.0
8.309593587419,0.0
8.310268533635,0.0
8.310839077992,0.0
8.31130364106,0.0
8.31161607958,0.0
8.312400705131,0.0
8.312631855821,0.0
8.312826851421,0.0
8.313413758056,0.0
8.313933149991,0.0
8.314696867831,0.0
8.315386917108,0.0
8.315655141644,0.0
8.315922458829,0.0
8.316705494503,0.0
8.31709210111,0.0
8.317937171544,0.0
8.318747552801,0.0
8.319254814705,0.0
8.319906078279,0.0
8.320539894496,0.0
8.321009672256,0.0
8.32165944564,0.0
8.321876217763,0.0
8.322684863836,0.0
8.323685866462,0.0
8.324690184026,0.0
8.325170558209,0.0
8.325321016065,0.0
8.325756048411,0.0
8.326421395629,0.0
8.32683718247,0.0
8.327494788782,0.0
8.328501141593,0.0
8.329509374024,0.0
8.330516551408,0.0
8.331515444991,0.0
8.332520381767,0.0
8.333370480053,0.0
8.334026439176,0.0
8.334750877204,0.0
8.335020209113,0.0
8.335412929673,0.0
8.335705612468,0.0
8.3357069416,0.0
8.335708270732,0.0
8.335709865691,0.0
8.335711779642,0.0
8.335713693592,0.0
8.335715607543,0.0
8.335717521493,0.0
8.335719435444,0.0
8.335721349394,0.0
8.335723646135,0.0
8.335725942875,0.0
8.335728239616,0.0
8.335730991507,0.0
8.335734298814,0.0
8.33573760612,0.0
8.335740913427,0.0
8.335744882194,0.0
8.335748850962,0.0
8.335753608989,0.0
8.33575837151,0.0
8.335764086536,0.0
8.335769801561,0.0
8.335775516587,0.0
8.335782374618,0.0
8.335790604254,0.0
8.335800479819,0.0
8.335810355383,0.0
8.335820230947,0.0
8.335830106511,0.0
8.335845031317,0.0
8.335858497724,0.0
8.33587194536,0.0
8.335892134176,0.0
8.335900090415,0.0
8.335903769432,0.0
8.335907448449,0.0
8.335913061263,0.0
8.33592151337,0.0
8.335928031838,0.0
8.335933512414,0.0
8.335941755735,0.0
8.335954124949,0.0
8.33597273692,0.0
8.335983890196,0.0
8.33599128482,0.0
8.336002380912,0.0
8.336013476273,0.0
8.336024554711,0.0
8.336033599939,0.0
8.336042645166,0.0
8.336051522753,0.0
8.33606040034,0.0
8.336073730232,0.0
8.336093730615,0.0
8.336105283775,0.0
8.336115547806,0.0
8.336125811837,0.0
8.33614126853,0.0
8.336155188804,0.0
8.336169109077,0.0
8.336190053484,0.0
8.33621099789,0.0
8.336239410518,0.0
8.33625954529,0.0
8.336273481774,0.0
8.336287418259,0.0
8.336300004264,0.0
8.336307555867,0.0
8.336315107471,0.0
8.336326553989,0.0
8.336335613554,0.0
8.336341049294,0.0
8.336346485033,0.0
8.33635475765,0.0
8.336367165578,0.0
8.33637275203,0.0
8.336376216065,0.0
8.336379385532,0.0
8.336382554345,0.0
8.336387314375,0.0
8.336392074405,0.0
8.336395859169,0.0
8.336399284061,0.0
8.336402708954,0.0
8.336407993702,0.0
8.336415920425,0.0
8.336427875578,0.0
8.336445843449,0.0
8.336453018533,0.0
8.336456079206,0.0
8.336460734139,0.0
8.336467715098,0.0
8.336478190737,0.0
8.336493959861,0.0
8.336509708576,0.0
8.336514354241,0.0
8.336518198816,0.0
8.33652412568,0.0
8.336533019066,0.0
8.336546367164,0.0
8.336563666676,0.0
8.33657664131,0.0
8.33658442609,0.0
8.33659221087,0.0
8.33659950675,0.0
8.336604980424,0.0
8.336610454098,0.0
8.336615927771,0.0
8.336621401445,0.0
8.336627969853,0.0
8.336635851943,0.0
8.336645310451,0.0
8.336656648615,0.0
8.336670268866,0.0
8.336673537727,0.0
8.336676806587,0.0
8.336681788182,0.0
8.336689312813,0.0
8.336700622322,0.0
8.336709210389,0.0
8.336714802718,0.0
8.336718158115,0.0
8.336721513512,0.0
8.336726602278,0.0
8.336734235266,0.0
8.336745684604,0.0
8.336755990008,0.0
8.336766295411,0.0
8.336781879924,0.0
8.336791012301,0.0
8.336798024404,0.0
8.336805841833,0.0
8.336811704905,0.0
8.336816102209,0.0
8.336819400187,0.0
8.33682187367,0.0
8.336823728783,0.0
8.336825583895,0.0
8.336827439008,0.0
8.33682929412,0.0
8.336831149233,0.0
8.336833004345,0.0
8.336834859458,0.0
8.336837085591,0.0
8.336839311726,0.0
8.336841537861,0.0
8.336843763874,0.0
8.336845990009,0.0
8.336848661371,0.0
8.336851332733,0.0
8.336854004095,0.0
8.336857209729,0.0
8.336861056491,0.0
8.336864903252,0.0
8.336868750013,0.0
8.336873366127,0.0
8.336877982241,0.0
8.336882598354,0.0
8.33688813769,0.0
8.336893677027,0.0
8.33690032423,0.0
8.336908300875,0.0
8.336917872848,0.0
8.336929359216,0.0
8.336943129576,0.0
8.336959669945,0.0
8.336976210315,0.0
8.336981926667,0.0
8.336987643018,0.0
8.336992790719,0.0
8.336997938419,0.0
8.33700577638,0.0
8.337017534138,0.0
8.337035222136,0.0
8.337061770287,0.0
8.33707793677,0.0
8.337089626569,0.0
8.337101316367,0.0
8.337119004098,0.0
8.337136691829,0.0
8.337163281546,0.0
8.337185950834,0.0
8.337205604948,0.0
8.337234891676,0.0
8.337245239535,0.0
8.337254306277,0.0
8.337267962582,0.0
8.337280290972,0.0
8.337292619362,0.0
8.337303796013,0.0
8.337314972663,0.0
8.337331819782,0.0
8.337345155559,0.0
8.337358491337,0.0
8.337378536617,0.0
8.337408615943,0.0
8.337430770336,0.0
8.337442638561,0.0
8.337453327107,0.0
8.337464015652,0.0
8.337474704198,0.0
8.337485392743,0.0
8.337496081289,0.0
8.337511908572,0.0
8.337524370732,0.0
8.337535611461,0.0
8.33754685219,0.0
8.337557078476,0.0
8.337567304762,0.0
8.337576242635,0.0
8.337585180509,0.0
8.337594118382,0.0
8.337607669488,0.0
8.337619877782,0.0
8.337632086075,0.0
8.337643149019,0.0
8.337654211963,0.0
8.337664261308,0.0
8.337674310652,0.0
8.33768947908,0.0
8.337704647508,0.0
8.337710144808,0.0
8.337715642108,0.0
8.337723912822,0.0
8.337736308813,0.0
8.3377455902,0.0
8.337754871587,0.0
8.337763270316,0.0
8.337771669045,0.0
8.337779304186,0.0
8.337786936872,0.0
8.337798179626,0.0
8.337805769524,0.0
8.337817213014,0.0
8.337834351459,0.0
8.337851489904,0.0
8.337859665091,0.0
8.337866216106,0.0
8.337876058769,0.0
8.33788495256,0.0
8.337893844629,0.0
8.337904647935,0.0
8.337912757081,0.0
8.337918838941,0.0
8.337923395884,0.0
8.337925448512,0.0
8.33792750114,0.0
8.337930678907,0.0
8.337933244692,0.0
8.337935810477,0.0
8.337938376261,0.0
8.337940942046,0.0
8.33794350783,0.0
8.337946586771,0.0
8.337949665713,0.0
8.337952744654,0.0
8.337955823596,0.0
8.337958902537,0.0
8.337962597267,0.0
8.337966291997,0.0
8.337970725672,0.0
8.337975159348,0.0
8.337979593023,0.0
8.337984913434,0.0
8.337990233845,0.0
8.337995554256,0.0
8.338001938749,0.0
8.33800960014,0.0
8.33801879381,0.0
8.33802981857,0.0
8.338040835136,0.0
8.338051856047,0.0
8.338060118908,0.0
8.33806507544,0.0
8.338070031973,0.0
8.338074988505,0.0
8.338082479744,0.0
8.338089970982,0.0
8.338099622129,0.0
8.338111203505,0.0
8.338122669631,0.0
8.338131355663,0.0
8.338140041696,0.0
8.338152537494,0.0
8.33816504538,0.0
8.338172550112,0.0
8.338180054844,0.0
8.338189435758,0.0
8.338196471445,0.0
8.338201748209,0.0
8.338205705782,0.0
8.338208673962,0.0
8.338210898175,0.0
8.338212567777,0.0
8.338213819978,0.0
8.338214759128,0.0
8.338215698279,0.0
8.33821663743,0.0
8.338217576581,0.0
8.338218515731,0.0
8.338219454882,0.0
8.338220394033,0.0
8.338221333183,0.0
8.338222460164,0.0
8.338223587145,0.0
8.338224714126,0.0
8.338225841107,0.0
8.338226968088,0.0
8.338228320465,0.0
8.338229672842,0.0
8.338231025219,0.0
8.338232377596,0.0
8.338233729973,0.0
8.33823508235,0.0
8.338236705202,0.0
8.338238328055,0.0
8.338239950907,0.0
8.33824157376,0.0
8.338243196612,0.0
8.338244819465,0.0
8.338246766887,0.0
8.33824871431,0.0
8.338251051218,0.0
8.338253388125,0.0
8.338255725033,0.0
8.33825806194,0.0
8.338260866229,0.0
8.338263670518,0.0
8.338267035665,0.0
8.338271073841,0.0
8.338275112018,0.0
8.338279150194,0.0
8.338282057681,0.0
8.338284965167,0.0
8.338289409838,0.0
8.338296082812,0.0
8.338304446244,0.0
8.338314494518,0.0
8.338326552448,0.0
8.338335234157,0.0
8.338343915866,0.0
8.338352597575,0.0
8.338365636696,0.0
8.338378674392,0.0
8.338390438346,0.0
8.3384022023,0.0
8.33841396594,0.0
8.338431469477,0.0
8.338448973013,0.0
8.33846647655,0.0
8.338483980087,0.0
8.338493291782,0.0
8.338501373077,0.0
8.338513652823,0.0
8.338525956333,0.0
8.338535183965,0.0
8.338542104689,0.0
8.338547294702,0.0
8.338551187609,0.0
8.33855410729,0.0
8.33855702697,0.0
8.338559946651,0.0
8.338563450268,0.0
8.338566953884,0.0
8.338571158224,0.0
8.338575362564,0.0
8.338578389689,0.0
8.338581416814,0.0
8.338586075316,0.0
8.338593061427,0.0
8.33860352317,0.0
8.338616077262,0.0
8.338631142173,0.0
8.338646170909,0.0
8.338659186992,0.0
8.338672203075,0.0
8.338685219157,0.0
8.338704813894,0.0
8.338719651287,0.0
8.338728552813,0.0
8.338733893729,0.0
8.338739234645,0.0
8.338747395912,0.0
8.338755557178,0.0
8.338763718444,0.0
8.338775904435,0.0
8.338788090269,0.0
8.338800275023,0.0
8.338818583915,0.0
8.338833302527,0.0
8.338843059679,0.0
8.33885281683,0.0
8.338867631485,0.0
8.338882446139,0.0
8.338887571921,0.0
8.338892697702,0.0
8.338897399792,0.0
8.338902101881,0.0
8.338908859503,0.0
8.33891392772,0.0
8.338917728882,0.0
8.338920579753,0.0
8.338922717907,0.0
8.338924856061,0.0
8.338926994215,0.0
8.338929132369,0.0
8.338931698153,0.0
8.338934777094,0.0
8.338937856036,0.0
8.338940934977,0.0
8.338944013919,0.0
8.33894709286,0.0
8.338950171802,0.0
8.338953250743,0.0
8.338956945473,0.0
8.338960640202,0.0
8.338964334932,0.0
8.338968029662,0.0
8.338971724391,0.0
8.338976158067,0.0
8.338980591743,0.0
8.338985912154,0.0
8.338991232564,0.0
8.338996552975,0.0
8.339002937468,0.0
8.339009321961,0.0
8.339015706454,0.0
8.339022090947,0.0
8.339029752338,0.0
8.339038946008,0.0
8.339044172213,0.0
8.339046697357,0.0
8.339049222501,0.0
8.339053038446,0.0
8.339058761428,0.0
8.339067326564,0.0
8.339075888618,0.0
8.339088756814,0.0
8.339101619389,0.0
8.339111259646,0.0
8.33911193279,0.0
8.339111995634,0.0
8.339112137103,0.0
8.339112455939,0.0
8.339112986732,0.0
8.33911383556,0.0
8.339115109221,0.0
8.339117019833,0.0
8.339119885453,0.0
8.339124235323,0.0
8.339128583064,0.0
8.34012952908,0.0
8.341134820741,0.0
8.342141565599,0.0
8.343156399619,0.0
8.344157164596,0.0
8.345157410762,0.0
8.346164047482,0.0
8.347171422445,0.0
8.348178181303,0.0
8.349191283867,0.0
